folder_label,trial,power,pressure,n2_flow,period,fwhm,area,A,sigma,offset,spec,Fit,Chi^2,Fluctuations
LAS_1.0Torr_SmallAdmixture_1kHzLaserFreq_CapCoupling_3_Trial,0,80.0,1.0,3.0,1,1.2786622380518178,0.30018378970516957,0.22054600043560899,0.5429978569912387,-0.0005305627587917466,"[ 3.11861936e-04 -6.51804352e-05  3.71930016e-04 ...             nan
             nan             nan]",[0.01090031 0.01089925 0.01089819 ... 0.00559787 0.00559681 0.00559575],,0.12657541458638022
LAS_1.0Torr_SmallAdmixture_1kHzLaserFreq_CapCoupling_3_Trial,0,80.0,1.0,3.0,3,1.0874191780801874,0.2670745164873789,0.2307295678028099,0.4617844069973914,-0.0004033683465519854,"[-0.00692516 -0.00687724 -0.00716864 ...         nan         nan
         nan]",[0.00492195 0.00492114 0.00492034 ... 0.00089069 0.00088988 0.00088907],,0.12666890244927462
LAS_1.0Torr_SmallAdmixture_1kHzLaserFreq_CapCoupling_3_Trial,0,80.0,1.0,3.0,5,1.259149106054773,0.3134104468018401,0.23383208219246027,0.5347113927927448,-0.0002536943171994604,"[-0.00817787 -0.00681205 -0.00700682 ...         nan         nan
         nan]","[-0.00035497 -0.00035548 -0.00035599 ... -0.0028904  -0.0028909
 -0.00289141]",,0.12678471924538134
LAS_1.0Torr_SmallAdmixture_1kHzLaserFreq_CapCoupling_3_Trial,0,80.0,1.0,3.0,7,1.2236242335451823,0.28930108458987025,0.22211085411780532,0.5196253684553209,-0.000773952098960303,[-0.0067868 -0.0069869 -0.007051  ...        nan        nan        nan],"[ 0.00483223  0.00483068  0.00482913 ... -0.00290265 -0.0029042
 -0.00290574]",,0.12519913279371964
LAS_1.0Torr_SmallAdmixture_1kHzLaserFreq_CapCoupling_3_Trial,0,80.0,1.0,3.0,9,1.2799060475931088,0.3135232125712181,0.23012266734808992,0.543526054270651,6.027979421579488e-05,"[-0.01385202 -0.0131769  -0.01411141 ...         nan         nan
         nan]","[-0.01075383 -0.01075371 -0.01075358 ... -0.01015139 -0.01015127
 -0.01015115]",,0.12231973579734647
LAS_1.0Torr_SmallAdmixture_1kHzLaserFreq_CapCoupling_3_Trial,0,80.0,1.0,2.73,2,1.0603756943172373,0.27272955548618033,0.24162408927325968,0.45030009683958705,-4.619581615613497e-06,"[-0.00526228 -0.00565029 -0.00569746 ...         nan         nan
         nan]","[-0.0017749  -0.00177491 -0.00177492 ... -0.00182107 -0.00182108
 -0.00182109]",,0.1252622121744955
LAS_1.0Torr_SmallAdmixture_1kHzLaserFreq_CapCoupling_3_Trial,0,80.0,1.0,2.73,5,1.085559279251188,0.282756230079844,0.24469575121205014,0.4609945806864917,6.460818835296682e-05,"[-0.00954975 -0.00811783 -0.00761018 ... -0.00050534 -0.00156277
 -0.00173378]","[-0.00388349 -0.00388336 -0.00388323 ... -0.0032378  -0.00323767
 -0.00323754]",120.23154381101145,0.1252798700075358
LAS_1.0Torr_SmallAdmixture_1kHzLaserFreq_CapCoupling_3_Trial,0,80.0,1.0,2.73,8,1.2176873753092705,0.31789700586801717,0.24525531277974116,0.5171042168928311,-1.4889162897354149e-05,"[-0.00850741 -0.00948903 -0.00793912 ... -0.00194489 -0.00249471
 -0.0018329 ]","[-0.00245949 -0.00245952 -0.00245955 ... -0.00260829 -0.00260832
 -0.00260835]",90.32645172694508,0.12535070281755
LAS_1.0Torr_SmallAdmixture_1kHzLaserFreq_CapCoupling_3_Trial,0,80.0,1.0,2.73,10,1.1079389151987573,0.2850818199378308,0.24172495925111107,0.4704983370328817,4.891075199464263e-05,"[-7.40916357e-03 -6.22363117e-03 -6.61621661e-03 ...  2.70306390e-04
 -6.12422233e-05 -9.15880607e-04]","[-0.00322634 -0.00322624 -0.00322615 ... -0.00273753 -0.00273743
 -0.00273733]",101.34828094399724,0.12528139152086362
LAS_1.0Torr_SmallAdmixture_1kHzLaserFreq_CapCoupling_3_Trial,0,80.0,1.0,2.73,12,1.214615087684286,0.31591260770386037,0.24434084797517927,0.5157995364645039,-2.578428873810988e-05,"[-0.00840532 -0.00743725 -0.00733054 ...         nan         nan
         nan]","[-0.00276498 -0.00276504 -0.00276509 ... -0.00302267 -0.00302272
 -0.00302278]",,0.12527810784163734
LAS_1.0Torr_SmallAdmixture_1kHzLaserFreq_CapCoupling_3_Trial,0,80.0,1.0,2.45,1,1.223695384480226,0.334287913133094,0.25663456069120605,0.5196555834754426,2.6364829612522485e-05,"[-0.01362465 -0.01359752 -0.01440008 ...         nan         nan
         nan]","[-0.01105586 -0.01105581 -0.01105575 ... -0.01079237 -0.01079232
 -0.01079226]",,0.12559298886025058
LAS_1.0Torr_SmallAdmixture_1kHzLaserFreq_CapCoupling_3_Trial,0,80.0,1.0,2.45,3,1.2246282958040993,0.3349455356232835,0.25694353427619154,0.5200517544379931,-0.00012190747543810701,"[-0.01626399 -0.0160661  -0.01635786 ...         nan         nan
         nan]","[-0.01218736 -0.01218761 -0.01218785 ... -0.01340571 -0.01340595
 -0.01340619]",,0.12554914251872612
LAS_1.0Torr_SmallAdmixture_1kHzLaserFreq_CapCoupling_3_Trial,0,80.0,1.0,2.45,5,1.2179338955649828,0.33474844972838985,0.25820381040950086,0.5172089044065257,-2.8105468217855915e-05,"[-0.02091842 -0.01987057 -0.02090324 ...         nan         nan
         nan]","[-0.01638179 -0.01638185 -0.01638191 ... -0.01666268 -0.01666274
 -0.01666279]",,0.12556796769430958
LAS_1.0Torr_SmallAdmixture_1kHzLaserFreq_CapCoupling_3_Trial,0,80.0,1.0,2.45,7,1.2121844118376435,0.33297072789022647,0.2580507647525604,0.5147673234715104,-0.00021945195303300986,"[-0.02217251 -0.02068129 -0.02066914 ...         nan         nan
         nan]","[-0.01505381 -0.01505425 -0.01505469 ... -0.01724702 -0.01724746
 -0.01724789]",,0.12559300032947965
LAS_1.0Torr_SmallAdmixture_1kHzLaserFreq_CapCoupling_3_Trial,0,80.0,1.0,2.45,9,1.2178961140085494,0.33566869507358865,0.2589216615583861,0.5171928600567618,-4.937791472211551e-05,"[-0.02255223 -0.02265752 -0.02324404 ...         nan         nan
         nan]","[-0.01826467 -0.01826477 -0.01826486 ... -0.01875815 -0.01875825
 -0.01875835]",,0.12561479009086754
LAS_1.0Torr_SmallAdmixture_1kHzLaserFreq_CapCoupling_3_Trial,0,80.0,1.0,2.18,1,1.2795176611715267,0.35922939547911986,0.26375054910053713,0.5433611217432583,-0.0001364232110204616,"[-0.01649286 -0.01681381 -0.01718659 ... -0.00979707 -0.00877331
 -0.00949403]","[-0.0091332  -0.00913347 -0.00913374 ... -0.01049661 -0.01049689
 -0.01049716]",103.76957512571725,0.12727674178610343
LAS_1.0Torr_SmallAdmixture_1kHzLaserFreq_CapCoupling_3_Trial,0,80.0,1.0,2.18,3,1.2496217234400346,0.3481608130877742,0.26173940534311774,0.5306654859155536,-7.190179374015619e-05,"[-0.01596102 -0.01554608 -0.01640162 ... -0.00987641 -0.00868494
 -0.0094315 ]","[-0.0103525  -0.01035265 -0.01035279 ... -0.01107109 -0.01107123
 -0.01107138]",115.31872486290321,0.1273087417437806
LAS_1.0Torr_SmallAdmixture_1kHzLaserFreq_CapCoupling_3_Trial,0,80.0,1.0,2.18,5,1.2364959010430103,0.3458194393804403,0.26273898100184595,0.5250914623613029,5.524572928010765e-05,"[-0.01649846 -0.01677658 -0.01693493 ... -0.00871518 -0.00806272
 -0.00806112]","[-0.01156696 -0.01156685 -0.01156674 ... -0.01101483 -0.01101472
 -0.01101461]",104.82526670618006,0.12732176781583182
LAS_1.0Torr_SmallAdmixture_1kHzLaserFreq_CapCoupling_3_Trial,0,80.0,1.0,2.18,7,1.2188181044823603,0.3395019776567288,0.2616804040160228,0.5175843933612946,0.00010839108607559113,"[-0.01458941 -0.01375577 -0.01414554 ... -0.00680981 -0.00581683
 -0.00566578]","[-0.010147   -0.01014678 -0.01014656 ... -0.00906374 -0.00906352
 -0.0090633 ]",106.28931071430699,0.1273422873499631
LAS_1.0Torr_SmallAdmixture_1kHzLaserFreq_CapCoupling_3_Trial,0,80.0,1.0,2.18,9,1.2433330227122212,0.3473453171735721,0.26244709468328387,0.5279949206037441,-5.864260371631014e-05,"[-0.01582517 -0.01594697 -0.0163878  ...         nan         nan
         nan]","[-0.00775206 -0.00775218 -0.0077523  ... -0.00833814 -0.00833825
 -0.00833837]",,0.12728932772199
LAS_1.0Torr_SmallAdmixture_1kHzLaserFreq_CapCoupling_3_Trial,0,80.0,1.0,1.91,1,1.2233612092777215,0.3485002846480972,0.2676185549721308,0.5195136723331413,-0.00020196626427845387,"[-2.18316115e-04 -3.66725121e-05 -1.76077057e-03 ...  5.65409193e-03
  5.31503422e-03  5.75052145e-03]",[0.00713846 0.00713806 0.00713766 ... 0.00512001 0.00511961 0.00511921],110.41408851651798,0.1296465113412229
LAS_1.0Torr_SmallAdmixture_1kHzLaserFreq_CapCoupling_3_Trial,0,80.0,1.0,1.91,3,1.2001966293767568,0.33899738644539285,0.26534550623919745,0.5096765809809397,-0.00028735308889219234,"[ 5.50204252e-04 -1.22047893e-03  9.48543909e-05 ...  2.08142071e-03
  2.57661779e-03  1.39762885e-03]",[0.00619459 0.00619401 0.00619344 ... 0.00332278 0.00332221 0.00332163],142.10697196378388,0.12962316969210713
LAS_1.0Torr_SmallAdmixture_1kHzLaserFreq_CapCoupling_3_Trial,0,80.0,1.0,1.91,5,1.1954005020004324,0.34021806960145173,0.2673694188148507,0.5076398532121045,-0.0002205787538723518,"[-0.00361856 -0.00350075 -0.00455359 ...  0.00011593  0.00161501
  0.00109285]",[0.00300953 0.00300909 0.00300865 ... 0.00080507 0.00080463 0.00080419],126.97668261676871,0.12956395212783742
LAS_1.0Torr_SmallAdmixture_1kHzLaserFreq_CapCoupling_3_Trial,0,80.0,1.0,1.91,7,1.2263715322147903,0.35032421647313505,0.26835882922995696,0.5207920387813211,-0.00021026881690454593,"[-0.00475464 -0.00717233 -0.00589596 ... -0.0008866  -0.00099036
 -0.000578  ]","[ 0.00125169  0.00125126  0.00125084 ... -0.00084974 -0.00085016
 -0.00085058]",108.10524854401316,0.12950922675759702
LAS_1.0Torr_SmallAdmixture_1kHzLaserFreq_CapCoupling_3_Trial,0,80.0,1.0,1.91,9,1.1928842079697146,0.3365065952820412,0.2650104997821144,0.5065712815239929,-2.6353508751862483e-05,"[-0.00578176 -0.00634973 -0.00588825 ...         nan         nan
         nan]","[-0.00121281 -0.00121286 -0.00121291 ... -0.00147618 -0.00147623
 -0.00147629]",,0.12954785557556694
LAS_1.0Torr_SmallAdmixture_1kHzLaserFreq_CapCoupling_3_Trial,0,80.0,1.0,1.64,0,1.1871172453100314,0.3494546487092567,0.2765444824505344,0.5041222779698349,1.7076142169288356e-05,[0.00659631 0.00674373 0.00722501 ... 0.01408958 0.01355021 0.01445075],[0.01182713 0.01182716 0.01182719 ... 0.01199778 0.01199782 0.01199785],107.1325556184722,0.1327010828125
LAS_1.0Torr_SmallAdmixture_1kHzLaserFreq_CapCoupling_3_Trial,0,80.0,1.0,1.64,1,1.1913225249711263,0.3457176095223908,0.2726213963730226,0.5059080958160728,-0.00011031216013324969,[0.00787828 0.00678346 0.0072289  ... 0.01161941 0.01168448 0.01165789],[0.01248735 0.01248713 0.01248691 ... 0.01138489 0.01138467 0.01138445],115.62221040488636,0.1326672890625
LAS_1.0Torr_SmallAdmixture_1kHzLaserFreq_CapCoupling_3_Trial,0,80.0,1.0,1.64,2,1.2134176776833079,0.35661069618165714,0.2760907378699982,0.5152910432556471,-8.83244472973501e-05,[0.00736537 0.00647157 0.00701513 ... 0.01132401 0.00985317 0.01027063],[0.01176961 0.01176944 0.01176926 ... 0.0108869  0.01088672 0.01088655],82.78494262927084,0.13263732249112453
LAS_1.0Torr_SmallAdmixture_1kHzLaserFreq_CapCoupling_3_Trial,0,80.0,1.0,1.64,3,1.2124901740756149,0.36182014077877334,0.2803382127950654,0.5148971687387174,-0.00016789782285803786,[0.00502521 0.00479432 0.00481795 ... 0.01051861 0.01056654 0.0101888 ],[0.01255549 0.01255516 0.01255482 ... 0.01087752 0.01087719 0.01087685],108.86766148117181,0.13268357552083335
LAS_1.0Torr_SmallAdmixture_1kHzLaserFreq_CapCoupling_3_Trial,0,80.0,1.0,1.64,4,1.169184652424566,0.34640341818059495,0.27833437928987126,0.4965070069331771,-5.780316076419468e-05,[0.0038231  0.00490822 0.00420068 ... 0.00895579 0.00929228 0.01003186],[0.00962575 0.00962564 0.00962552 ... 0.00904807 0.00904795 0.00904784],79.03801073382176,0.13262017405330895
LAS_1.0Torr_SmallAdmixture_1kHzLaserFreq_CapCoupling_3_Trial,0,80.0,1.0,1.36,1,1.1788399741943825,0.37137016329549194,0.29595109025292893,0.5006072445671275,-7.409443197903268e-06,[0.0111231  0.01075388 0.01047196 ... 0.01241422 0.01312349 0.0134299 ],[0.01317194 0.01317192 0.01317191 ... 0.01309789 0.01309787 0.01309786],131.8090005849916,0.14175365340297402
LAS_1.0Torr_SmallAdmixture_1kHzLaserFreq_CapCoupling_3_Trial,0,80.0,1.0,1.36,3,1.1492325896869564,0.3462678342820826,0.2830557668294025,0.4880341460112941,-0.00011295656893871765,[0.0087948  0.00938929 0.00836087 ... 0.01048647 0.0109826  0.01100334],[0.01203359 0.01203336 0.01203313 ... 0.0109047  0.01090447 0.01090425],75.07166654738025,0.14177426490378148
LAS_1.0Torr_SmallAdmixture_1kHzLaserFreq_CapCoupling_3_Trial,0,80.0,1.0,1.36,5,1.1194207189344005,0.3368546341148873,0.2826942501935245,0.4753742101425368,-5.3794776233401483e-05,[0.00655716 0.00718297 0.00616779 ... 0.00911132 0.00888251 0.00894526],[0.00920976 0.00920966 0.00920955 ... 0.00867214 0.00867203 0.00867192],115.38184014369733,0.14173522763591712
LAS_1.0Torr_SmallAdmixture_1kHzLaserFreq_CapCoupling_3_Trial,0,80.0,1.0,1.36,7,1.247995847716483,0.38846494653288777,0.29241960452737625,0.5299750400672679,-6.501294686717364e-05,[0.00201366 0.00165076 0.00177916 ... 0.0078957  0.00874282 0.00839188],[0.00759165 0.00759152 0.00759139 ... 0.00694191 0.00694178 0.00694165],108.07080192960616,0.1418017297376582
LAS_1.0Torr_SmallAdmixture_1kHzLaserFreq_CapCoupling_3_Trial,0,80.0,1.0,1.36,9,1.117668475113202,0.33953874128663925,0.2853935296825101,0.47463010070415484,6.551686574917252e-05,"[ 0.0010394   0.0006386  -0.00057395 ...  0.00724805  0.00793075
  0.00771233]",[0.0063953  0.00639543 0.00639556 ... 0.00705007 0.0070502  0.00705034],105.045957283274,0.14180618703012327
LAS_1.0Torr_SmallAdmixture_1kHzLaserFreq_CapCoupling_3_Trial,0,80.0,1.0,1.09,1,1.0725597683898422,0.33037754104225575,0.2893721984054595,0.45547419670268074,0.0003631517725531112,"[-0.0060925  -0.00536528 -0.00579846 ... -0.0029143  -0.00153077
 -0.00291393]","[-0.00760613 -0.00760541 -0.00760468 ... -0.00397679 -0.00397607
 -0.00397534]",144.75984464436226,0.14501002511375422
LAS_1.0Torr_SmallAdmixture_1kHzLaserFreq_CapCoupling_3_Trial,0,80.0,1.0,1.09,3,1.1723665855958634,0.35549323421779705,0.28486277300368956,0.49785824953789837,0.000216085183505557,"[-0.00606408 -0.00441439 -0.00448436 ... -0.0036574  -0.00264061
 -0.0028151 ]","[-0.00529664 -0.00529621 -0.00529578 ... -0.00313709 -0.00313666
 -0.00313622]",111.09962539936207,0.14505446872177055
LAS_1.0Torr_SmallAdmixture_1kHzLaserFreq_CapCoupling_3_Trial,0,80.0,1.0,1.09,5,1.1169249609872762,0.3437633870218515,0.2891368284355695,0.47431435932616944,0.00029826097826466183,"[-0.00167041 -0.0026469  -0.00180492 ... -0.00092127 -0.001652
 -0.00139793]","[-0.00580969 -0.00580909 -0.0058085  ... -0.00282887 -0.00282827
 -0.00282768]",135.14928708246836,0.14495674725651578
LAS_1.0Torr_SmallAdmixture_1kHzLaserFreq_CapCoupling_3_Trial,0,80.0,1.0,1.09,7,1.1845110718875487,0.3651514360529827,0.2896020810107295,0.503015538018312,0.00017978150727429072,"[-0.00229701 -0.00219669 -0.00134615 ... -0.00202255 -0.00135477
 -0.00054514]","[-0.00349398 -0.00349362 -0.00349326 ... -0.00169724 -0.00169689
 -0.00169653]",85.62253799231712,0.14494018441148918
LAS_1.0Torr_SmallAdmixture_1kHzLaserFreq_CapCoupling_3_Trial,0,80.0,1.0,1.09,9,1.1972982767343414,0.38005259372213557,0.29820102588211356,0.5084457639388769,0.0001714376689955789,"[-0.00163501 -0.00190906 -0.00311612 ... -0.00315613 -0.00294939
 -0.00499427]","[-0.00416764 -0.0041673  -0.00416695 ... -0.00245429 -0.00245395
 -0.00245361]",109.45287736230618,0.1450193897018832
LAS_1.0Torr_SmallAdmixture_1kHzLaserFreq_CapCoupling_3_Trial,0,80.0,1.0,0.82,1,1.1846353102963818,0.37066052759230883,0.29394051851753183,0.5030682972128395,4.892431860828432e-05,[0.01041282 0.01054064 0.01070008 ... 0.0080232  0.00939487 0.0091663 ],[0.01126101 0.01126111 0.01126121 ... 0.01174996 0.01175006 0.01175016],88.15870213107881,0.14769525496166558
LAS_1.0Torr_SmallAdmixture_1kHzLaserFreq_CapCoupling_3_Trial,0,80.0,1.0,0.82,3,1.15407442326647,0.367067611300416,0.2987996189039735,0.49009028341751776,5.560467489681177e-05,[0.00938551 0.00965053 0.01008506 ... 0.00816508 0.00715255 0.00735958],[0.00929548 0.00929559 0.0092957  ... 0.00985119 0.0098513  0.00985141],105.26427077836023,0.14768929613971513
LAS_1.0Torr_SmallAdmixture_1kHzLaserFreq_CapCoupling_3_Trial,0,80.0,1.0,0.82,5,1.168216124285439,0.37443546835501157,0.3011075006820516,0.49609571090180066,8.47107256365236e-05,[0.0088     0.0082273  0.00847494 ... 0.00807265 0.00775171 0.00744034],[0.00777787 0.00777804 0.00777821 ... 0.00862447 0.00862464 0.00862481],118.61876021366726,0.1477082221886691
LAS_1.0Torr_SmallAdmixture_1kHzLaserFreq_CapCoupling_3_Trial,0,80.0,1.0,0.82,7,1.1598142089551058,0.36877326701230373,0.29870245746629626,0.49252774597468757,7.448380428590384e-05,[0.00910407 0.0086894  0.00868639 ... 0.00728144 0.00741615 0.00710156],[0.00675508 0.00675523 0.00675538 ... 0.00749947 0.00749962 0.00749977],108.5543824014996,0.14766834641904475
LAS_1.0Torr_SmallAdmixture_1kHzLaserFreq_CapCoupling_3_Trial,0,80.0,1.0,0.82,9,1.1605564194608207,0.36518272238472044,0.2956049849817867,0.4928429337561408,-3.0584433285926524e-05,[0.00649278 0.00491084 0.00567922 ... 0.00515116 0.00494851 0.00522795],[0.00722221 0.00722215 0.00722209 ... 0.00691655 0.00691649 0.00691643],96.3599221966988,0.14763190228389708
LAS_1.0Torr_SmallAdmixture_1kHzLaserFreq_CapCoupling_3_Trial,0,80.0,1.0,0.55,2,1.1677103334520478,0.36785028747679815,0.29594006590186495,0.49588092131120814,-0.0001966344126625264,[0.01203044 0.01182652 0.01221715 ... 0.00998842 0.01029579 0.0106233 ],[0.01611271 0.01611232 0.01611193 ... 0.01414755 0.01414715 0.01414676],70.10217764991829,0.15020878900371223
LAS_1.0Torr_SmallAdmixture_1kHzLaserFreq_CapCoupling_3_Trial,0,80.0,1.0,0.55,5,1.1585410068972424,0.36462867058611687,0.29566995384020583,0.49198706684273014,-0.00017724711746962827,[0.01044861 0.00997358 0.01156642 ... 0.00933949 0.00913298 0.01045515],[0.01405678 0.01405643 0.01405607 ... 0.01228537 0.01228502 0.01228466],82.1908025898748,0.1501538352605264
LAS_1.0Torr_SmallAdmixture_1kHzLaserFreq_CapCoupling_3_Trial,0,80.0,1.0,0.55,8,1.1550599783381352,0.3640229187254001,0.2960683484538351,0.49050881012139264,-7.957548353025492e-05,[0.01168728 0.01049959 0.01157575 ... 0.00928967 0.00917887 0.0099934 ],[0.01308855 0.01308839 0.01308823 ... 0.01229327 0.01229311 0.01229296],52.90715285564863,0.15008398182753085
LAS_1.0Torr_SmallAdmixture_1kHzLaserFreq_CapCoupling_3_Trial,0,80.0,1.0,0.55,11,1.1505230527508798,0.36561455053530767,0.2985354683564579,0.48858215521762244,-0.00010747250949683466,[0.01172158 0.01141203 0.01150451 ... 0.00911856 0.00985928 0.00969395],[0.01388711 0.0138869  0.01388668 ... 0.01281303 0.01281282 0.0128126 ],62.705522495852875,0.15016443900287615
LAS_1.0Torr_SmallAdmixture_1kHzLaserFreq_CapCoupling_3_Trial,0,80.0,1.0,0.55,14,1.178163812721202,0.37070232615001547,0.29558842388958234,0.5003201052272839,-8.35493451512179e-05,[0.01183155 0.01348929 0.01339447 ... 0.00862567 0.00897792 0.00866409],[0.01320901 0.01320885 0.01320868 ... 0.01237402 0.01237386 0.01237369],67.69416624200184,0.1501698681996635
LAS_1.0Torr_SmallAdmixture_1kHzLaserFreq_CapCoupling_3_Trial,0,80.0,1.0,0.27,1,1.1513073992781078,0.34971323476398364,0.2853570208946161,0.4889152365198998,-0.0002620167509406157,[0.01566986 0.01494035 0.01512416 ... 0.01323158 0.01247944 0.01249779],[0.01913205 0.01913153 0.019131   ... 0.01651346 0.01651293 0.01651241],64.74825855069608,0.1534813845768653
LAS_1.0Torr_SmallAdmixture_1kHzLaserFreq_CapCoupling_3_Trial,0,80.0,1.0,0.27,3,1.166803749694262,0.3548598557547975,0.285710923792789,0.49549593063657094,-0.0002574448024313099,[0.0122348  0.01355636 0.01189991 ... 0.00968569 0.01008785 0.00938562],[0.01685381 0.0168533  0.01685278 ... 0.01428091 0.0142804  0.01427988],63.88464410844999,0.15352819541812718
LAS_1.0Torr_SmallAdmixture_1kHzLaserFreq_CapCoupling_3_Trial,0,80.0,1.0,0.27,5,1.142431106338402,0.35156864270262467,0.289099874070526,0.4851458219701825,-6.843770900591128e-05,[0.01124099 0.0118282  0.01327382 ... 0.01168151 0.01288722 0.01410444],[0.01514604 0.0151459  0.01514576 ... 0.01446207 0.01446193 0.0144618 ],46.29144380559019,0.15352363739922886
LAS_1.0Torr_SmallAdmixture_1kHzLaserFreq_CapCoupling_3_Trial,0,80.0,1.0,0.27,7,1.1715785793794447,0.3586191635217113,0.2875609173793782,0.4975236141087149,-0.00011218283127540999,[0.01411379 0.01373076 0.01474753 ... 0.01470001 0.01448748 0.01358388],[0.01718441 0.01718418 0.01718396 ... 0.01606325 0.01606303 0.0160628 ],47.90783303530389,0.15350474632690544
LAS_1.0Torr_SmallAdmixture_1kHzLaserFreq_CapCoupling_3_Trial,0,80.0,1.0,0.27,9,1.1667430374174614,0.34972183550929814,0.28158876369206026,0.495470148506455,-6.830841285004409e-05,[0.01565978 0.01431527 0.01556932 ... 0.01611683 0.01546695 0.01532958],[0.01776108 0.01776094 0.0177608  ... 0.0170784  0.01707826 0.01707813],46.73739091143576,0.15353636966170314
LAS_1.0Torr_SmallAdmixture_1kHzLaserFreq_CapCoupling_3_Trial,0,80.0,1.0,0.0,1,1.2398777146533395,0.35228315217907885,0.26691981144880855,0.5265275863731845,-0.0003480311564053925,[0.0213003  0.02142311 0.02090061 ... 0.01881237 0.019009   0.01819826],[0.02575347 0.02575277 0.02575208 ... 0.02227524 0.02227455 0.02227385],97.75856025570822,0.1587855375823568
LAS_1.0Torr_SmallAdmixture_1kHzLaserFreq_CapCoupling_3_Trial,0,80.0,1.0,0.0,3,1.1079570134315269,0.3169357798994354,0.2687299985304692,0.47050602264470065,-0.00024242584052286441,[0.01864495 0.01825202 0.01815885 ... 0.0143335  0.0139594  0.01383578],[0.02164687 0.02164639 0.0216459  ... 0.01922407 0.01922358 0.0192231 ],68.96547155550596,0.15878432894935374
LAS_1.0Torr_SmallAdmixture_1kHzLaserFreq_CapCoupling_3_Trial,0,80.0,1.0,0.0,5,1.1266197137605605,0.31709207851263954,0.26440875807223824,0.47843134176554597,-0.00016565852497375813,[0.01661773 0.01798794 0.01715867 ... 0.01416319 0.01468808 0.01492288],[0.01950291 0.01950257 0.01950224 ... 0.01784731 0.01784698 0.01784665],50.964751754294866,0.15882171236721287
LAS_1.0Torr_SmallAdmixture_1kHzLaserFreq_CapCoupling_3_Trial,0,80.0,1.0,0.0,7,1.0391052793705124,0.28856486303259044,0.2608865483003794,0.4412673832818743,-0.0001239246340268132,[0.01861525 0.01887359 0.0189997  ... 0.01550674 0.01481809 0.01519361],[0.01925771 0.01925746 0.01925721 ... 0.01801921 0.01801896 0.01801871],49.383913257603766,0.15885841836734696
LAS_1.0Torr_SmallAdmixture_1kHzLaserFreq_CapCoupling_3_Trial,0,80.0,1.0,0.0,9,1.1656227934356111,0.33075588374549275,0.26657372272544566,0.4949944246887415,6.546660225542785e-08,[0.01953108 0.01838768 0.01850153 ... 0.01584055 0.01549228 0.01622982],[0.01862106 0.01862106 0.01862106 ... 0.01862172 0.01862172 0.01862172],53.536096240619706,0.15883925597362428
LAS_1.0Torr_SmallAdmixture_1kHzLaserFreq_CapCoupling_3_Trial,0,75.0,1.0,3.0,1,1.2531786289709552,0.28569263282161095,0.2141676400457459,0.5321759646200416,-0.00011470182074204324,"[-0.00823611 -0.00874821 -0.00808559 ...         nan         nan
         nan]","[-0.00369973 -0.00369996 -0.00370019 ... -0.00484606 -0.00484629
 -0.00484652]",,0.11429709041843794
LAS_1.0Torr_SmallAdmixture_1kHzLaserFreq_CapCoupling_3_Trial,0,75.0,1.0,3.0,3,1.056566113523026,0.2430581761322315,0.21611322626086465,0.448682316830346,5.3173301534201146e-05,"[-0.00807262 -0.00799292 -0.00800315 ...         nan         nan
         nan]","[-0.00571426 -0.00571415 -0.00571405 ... -0.00518285 -0.00518274
 -0.00518263]",,0.11404438491865039
LAS_1.0Torr_SmallAdmixture_1kHzLaserFreq_CapCoupling_3_Trial,0,75.0,1.0,3.0,5,1.2452211331012,0.2778226218990578,0.20959885833935785,0.528796727261099,3.0963590875943654e-05,"[-0.00706147 -0.00741589 -0.00745085 ...         nan         nan
         nan]","[-0.00416846 -0.00416839 -0.00416833 ... -0.00385901 -0.00385894
 -0.00385888]",,0.11408907614856303
LAS_1.0Torr_SmallAdmixture_1kHzLaserFreq_CapCoupling_3_Trial,0,75.0,1.0,3.0,7,1.1464519651176728,0.2556525685617704,0.20948941657367598,0.48685332347873955,-0.0002229902735227837,"[-0.00753866 -0.00717862 -0.00581104 ...         nan         nan
         nan]","[-0.00074606 -0.00074651 -0.00074695 ... -0.00297462 -0.00297507
 -0.00297552]",,0.11425479262519171
LAS_1.0Torr_SmallAdmixture_1kHzLaserFreq_CapCoupling_3_Trial,0,75.0,1.0,3.0,9,1.1180420882740694,0.25471130158940897,0.2140217211219545,0.4747887596053545,-0.00022283989431285832,"[-0.00943379 -0.00820968 -0.00942973 ...         nan         nan
         nan]","[-0.00148598 -0.00148642 -0.00148687 ... -0.00371304 -0.00371348
 -0.00371393]",,0.11427340327464017
LAS_1.0Torr_SmallAdmixture_1kHzLaserFreq_CapCoupling_3_Trial,0,75.0,1.0,2.73,2,1.1186857717232324,0.2748978580672347,0.23085061259448822,0.4750621067982838,1.639027847259937e-05,"[-0.00377341 -0.00380657 -0.00440614 ...         nan         nan
         nan]","[-0.0008355  -0.00083547 -0.00083544 ... -0.0006717  -0.00067166
 -0.00067163]",,0.12099124789562289
LAS_1.0Torr_SmallAdmixture_1kHzLaserFreq_CapCoupling_3_Trial,0,75.0,1.0,2.73,5,1.0443761011350967,0.267190942032552,0.24034361874371088,0.44350569519692135,8.849908690675285e-05,"[-0.00459851 -0.00460791 -0.00519761 ...         nan         nan
         nan]","[-0.00105557 -0.00105539 -0.00105521 ... -0.00017111 -0.00017093
 -0.00017075]",,0.12134180713383838
LAS_1.0Torr_SmallAdmixture_1kHzLaserFreq_CapCoupling_3_Trial,0,75.0,1.0,2.73,8,1.280525630383506,0.3244818661487155,0.23805096445499485,0.5437891668561349,-7.82916985785395e-05,"[-0.00406512 -0.00233006 -0.00343975 ...         nan         nan
         nan]",[0.00158099 0.00158084 0.00158068 ... 0.00079855 0.00079839 0.00079823],,0.12104841100981531
LAS_1.0Torr_SmallAdmixture_1kHzLaserFreq_CapCoupling_3_Trial,0,75.0,1.0,2.73,11,1.1285204687115475,0.27926879694074164,0.23247741259249993,0.4792385180739853,0.00011085887232165535,"[-0.00248337 -0.00186878 -0.00298226 ...         nan         nan
         nan]","[-0.00065339 -0.00065317 -0.00065295 ...  0.00045453  0.00045475
  0.00045497]",,0.11982630120208092
LAS_1.0Torr_SmallAdmixture_1kHzLaserFreq_CapCoupling_3_Trial,0,75.0,1.0,2.73,14,1.2104629757948382,0.3047213520391665,0.23649347683135785,0.5140362968920325,-3.2417266231274925e-05,"[-0.00388473 -0.00323345 -0.00323465 ...         nan         nan
         nan]",[0.00146455 0.00146448 0.00146442 ... 0.00114057 0.00114051 0.00114044],,0.1205752001874095
LAS_1.0Torr_SmallAdmixture_1kHzLaserFreq_CapCoupling_3_Trial,0,75.0,1.0,2.45,1,1.258680743301555,0.3452303992797467,0.25766844257349386,0.5345124974443693,-0.00012754587015320688,"[-0.02071728 -0.01970582 -0.01952633 ...         nan         nan
         nan]","[-0.01648216 -0.01648241 -0.01648267 ... -0.01775685 -0.01775711
 -0.01775736]",,0.12745589597975235
LAS_1.0Torr_SmallAdmixture_1kHzLaserFreq_CapCoupling_3_Trial,0,75.0,1.0,2.45,3,1.222946218143529,0.33445842922951485,0.2569227590977018,0.5193374418245433,1.3926575496130089e-05,"[-0.0248016  -0.02584195 -0.02448231 ...         nan         nan
         nan]","[-0.02043586 -0.02043583 -0.0204358  ... -0.02029668 -0.02029665
 -0.02029662]",,0.12745174761546182
LAS_1.0Torr_SmallAdmixture_1kHzLaserFreq_CapCoupling_3_Trial,0,75.0,1.0,2.45,5,1.2450880258922175,0.3355762250441143,0.2531972110372177,0.5287402018339169,0.00015682873091535507,"[-0.02530709 -0.02451857 -0.02409767 ...         nan         nan
         nan]","[-0.02220186 -0.02220155 -0.02220124 ... -0.02063452 -0.0206342
 -0.02063389]",,0.12747938263470548
LAS_1.0Torr_SmallAdmixture_1kHzLaserFreq_CapCoupling_3_Trial,0,75.0,1.0,2.45,7,1.2024539039207267,0.32565157986483584,0.254420758246906,0.5106351572206541,0.0001992068666592817,"[-0.02232134 -0.02298039 -0.0236716  ...         nan         nan
         nan]","[-0.02225409 -0.02225369 -0.02225329 ... -0.02026322 -0.02026282
 -0.02026242]",,0.1274573983433735
LAS_1.0Torr_SmallAdmixture_1kHzLaserFreq_CapCoupling_3_Trial,0,75.0,1.0,2.45,9,1.2516126965000534,0.34058886442255915,0.25563968537811954,0.5315109743273837,0.0002779547656310232,"[-0.02121233 -0.02238739 -0.02158637 ...         nan         nan
         nan]","[-0.02179017 -0.02178962 -0.02178906 ... -0.01901229 -0.01901174
 -0.01901118]",,0.12742423655230833
LAS_1.0Torr_SmallAdmixture_1kHzLaserFreq_CapCoupling_3_Trial,0,75.0,1.0,2.18,1,1.2526755080880705,0.34706055428421484,0.2602762012633145,0.5319623088530345,-0.0003517662177717965,"[-0.01279999 -0.01283819 -0.01373149 ... -0.01237921 -0.01290073
 -0.01275265]","[-0.00731913 -0.00731983 -0.00732053 ... -0.01083468 -0.01083538
 -0.01083609]",150.85165819010376,0.12637659449952432
LAS_1.0Torr_SmallAdmixture_1kHzLaserFreq_CapCoupling_3_Trial,0,75.0,1.0,2.18,3,1.2160425038152145,0.33721429026050126,0.26051036389522303,0.5164057042835442,-0.00010930159924456135,"[-0.01941291 -0.01989926 -0.02057551 ... -0.01345961 -0.01299232
 -0.01260631]","[-0.01367541 -0.01367563 -0.01367585 ... -0.01476777 -0.01476799
 -0.01476821]",100.75488638392777,0.12641448642197853
LAS_1.0Torr_SmallAdmixture_1kHzLaserFreq_CapCoupling_3_Trial,0,75.0,1.0,2.18,5,1.2611289764683724,0.3497936540363629,0.2605674792871348,0.5355521663447524,-4.50693129447214e-05,"[-0.0224082  -0.02245233 -0.02174978 ... -0.01353539 -0.01366244
 -0.01317727]","[-0.0152134  -0.01521349 -0.01521358 ... -0.01566382 -0.01566391
 -0.015664  ]",90.6399577183424,0.1263384986355215
LAS_1.0Torr_SmallAdmixture_1kHzLaserFreq_CapCoupling_3_Trial,0,75.0,1.0,2.18,7,1.2214564320314556,0.33967953448642346,0.26125173943140056,0.5187047879131681,3.566484461934998e-05,"[-0.01913855 -0.01927553 -0.01917053 ... -0.01153189 -0.01190722
 -0.01243328]","[-0.014552   -0.01455193 -0.01455186 ... -0.01419557 -0.0141955
 -0.01419543]",98.54513100684272,0.1263265397869674
LAS_1.0Torr_SmallAdmixture_1kHzLaserFreq_CapCoupling_3_Trial,0,75.0,1.0,2.18,9,1.174053785798266,0.3230703503174948,0.258509733031056,0.4985747374945738,0.00018432177561362515,"[-0.01840897 -0.01812301 -0.01729515 ...         nan         nan
         nan]","[-0.01437832 -0.01437795 -0.01437758 ... -0.01253621 -0.01253584
 -0.01253547]",,0.12632101883126776
LAS_1.0Torr_SmallAdmixture_1kHzLaserFreq_CapCoupling_3_Trial,0,75.0,1.0,1.91,1,1.1870959734163744,0.33622475513911765,0.26607963978710303,0.5041132446283267,-0.00030721024005489586,"[-0.00123382 -0.0018673  -0.00245019 ...  0.00295723  0.00374634
  0.00260894]",[0.00788792 0.00788731 0.00788669 ... 0.00481766 0.00481705 0.00481644],138.9149227443123,0.12766022471886646
LAS_1.0Torr_SmallAdmixture_1kHzLaserFreq_CapCoupling_3_Trial,0,75.0,1.0,1.91,3,1.2022794807573125,0.3431248482583337,0.26811093332391905,0.5105610865230727,-0.0001837998374389392,"[-0.00213258 -0.00191425 -0.00274361 ...  0.00225541  0.00286699
  0.00287127]",[0.00332315 0.00332278 0.00332241 ... 0.00148625 0.00148589 0.00148552],126.8729877215139,0.12762047021989403
LAS_1.0Torr_SmallAdmixture_1kHzLaserFreq_CapCoupling_3_Trial,0,75.0,1.0,1.91,5,1.21049594172342,0.34229355686937274,0.26564593609786774,0.5140502962329381,-5.299655801974119e-06,"[-0.00498862 -0.00459854 -0.00456797 ...  0.00150167  0.00227223
  0.00237125]",[0.0008659  0.00086589 0.00086588 ... 0.00081294 0.00081292 0.00081291],112.82529681049576,0.1276296373460658
LAS_1.0Torr_SmallAdmixture_1kHzLaserFreq_CapCoupling_3_Trial,0,75.0,1.0,1.91,7,1.216577976213633,0.3485321523470886,0.2691353149095517,0.5166330984742589,-2.5281771832683348e-05,"[-0.00428775 -0.00191761 -0.00243124 ...  0.00575211  0.00491862
  0.00489359]",[0.00290767 0.00290762 0.00290757 ... 0.002655   0.00265495 0.0026549 ],101.46727109689009,0.12768538366584792
LAS_1.0Torr_SmallAdmixture_1kHzLaserFreq_CapCoupling_3_Trial,0,75.0,1.0,1.91,9,1.226365528386122,0.3490436187383195,0.2673791620403118,0.5207894891900344,0.00011805747492713765,"[-0.00173465 -0.00165039 -0.00192942 ...         nan         nan
         nan]",[0.00340045 0.00340069 0.00340093 ... 0.00458032 0.00458056 0.00458079],,0.12767456960475246
LAS_1.0Torr_SmallAdmixture_1kHzLaserFreq_CapCoupling_3_Trial,0,75.0,1.0,1.64,1,1.2044793707467263,0.3487478006500351,0.2720068875833405,0.511495293786195,-0.00016899992436111621,[0.0042696  0.00429769 0.00382106 ... 0.00993221 0.00964512 0.00883584],[0.01141752 0.01141718 0.01141684 ... 0.00972853 0.0097282  0.00972786],105.40159853474299,0.13016733441514877
LAS_1.0Torr_SmallAdmixture_1kHzLaserFreq_CapCoupling_3_Trial,0,75.0,1.0,1.64,3,1.1903577286712475,0.3496807491979402,0.2759700916184786,0.5054983845509106,-0.0001594787424975502,[0.00131707 0.00138796 0.00174775 ... 0.00683719 0.00612468 0.00674797],[0.00789494 0.00789462 0.0078943  ... 0.00630111 0.00630079 0.00630047],105.82987153525049,0.13020537249253633
LAS_1.0Torr_SmallAdmixture_1kHzLaserFreq_CapCoupling_3_Trial,0,75.0,1.0,1.64,5,1.191265174205934,0.3475371847071855,0.27406944659981824,0.5058837411885022,1.3548432327444328e-05,[0.0024349  0.00114115 0.00200606 ... 0.00721972 0.00709296 0.0070508 ],[0.00528143 0.00528145 0.00528148 ... 0.00541683 0.00541686 0.00541688],93.14550230027565,0.1302024263275301
LAS_1.0Torr_SmallAdmixture_1kHzLaserFreq_CapCoupling_3_Trial,0,75.0,1.0,1.64,7,1.214183738683333,0.3540876030537083,0.2739643792254852,0.515616359409483,1.7205791964499875e-05,[0.00296729 0.00332173 0.00277433 ... 0.0084038  0.00816692 0.00916803],[0.00614669 0.00614672 0.00614676 ... 0.00631864 0.00631868 0.00631871],92.42992790046198,0.13022016524252325
LAS_1.0Torr_SmallAdmixture_1kHzLaserFreq_CapCoupling_3_Trial,0,75.0,1.0,1.64,9,1.1426264719166195,0.3357692156114392,0.27606057266993284,0.48522878609248543,0.00014064992597268843,[0.00475994 0.00470782 0.0034808  ... 0.01043995 0.0100273  0.00989075],[0.007222   0.00722228 0.00722257 ... 0.00862766 0.00862794 0.00862822],118.16272395949686,0.1302167649371069
LAS_1.0Torr_SmallAdmixture_1kHzLaserFreq_CapCoupling_3_Trial,0,75.0,1.0,1.09,1,1.095927816916145,0.35557017999440443,0.3047973389530702,0.46539769322446944,9.646274203893778e-05,"[ 7.94312963e-04  4.97512194e-04  9.00350143e-04 ... -5.73758605e-05
 -2.37546376e-04  5.44250849e-05]",[0.00022358 0.00022377 0.00022396 ... 0.00118763 0.00118782 0.00118801],82.08866927938739,0.1426334134414532
LAS_1.0Torr_SmallAdmixture_1kHzLaserFreq_CapCoupling_3_Trial,0,75.0,1.0,1.09,3,1.0658188744539299,0.35280704597328827,0.31097224783622013,0.45261160261608097,5.2523632688079274e-05,"[-0.00068637  0.00103943 -0.00044458 ... -0.00279173 -0.0016521
 -0.00157798]","[-0.00130848 -0.00130837 -0.00130826 ... -0.00078355 -0.00078345
 -0.00078334]",95.34992848611948,0.14257192602062133
LAS_1.0Torr_SmallAdmixture_1kHzLaserFreq_CapCoupling_3_Trial,0,75.0,1.0,1.09,5,1.1581992910611403,0.3884209240446224,0.3150555337848342,0.4918419534881775,6.31679399390409e-05,"[-0.0041813  -0.00362005 -0.00417053 ... -0.00462611 -0.00402051
 -0.00521805]","[-0.00418392 -0.0041838  -0.00418367 ... -0.00355262 -0.0035525
 -0.00355237]",102.25897692053428,0.14258773697028942
LAS_1.0Torr_SmallAdmixture_1kHzLaserFreq_CapCoupling_3_Trial,0,75.0,1.0,1.09,7,1.0194001454697053,0.3425279222051577,0.31565965587222106,0.4328993833820993,8.334395167364948e-05,"[-0.00515333 -0.00479311 -0.00570047 ... -0.0049861  -0.00440672
 -0.00462112]","[-0.00591028 -0.00591011 -0.00590995 ... -0.00507734 -0.00507717
 -0.00507701]",115.83436162987262,0.1426403931471827
LAS_1.0Torr_SmallAdmixture_1kHzLaserFreq_CapCoupling_3_Trial,0,75.0,1.0,1.09,9,1.0476535787641221,0.3503466316390484,0.314157936268244,0.44489751179706505,5.1319709755539525e-05,"[-0.01093289 -0.01043555 -0.00929314 ... -0.00755538 -0.00682336
 -0.00647996]","[-0.00758397 -0.00758386 -0.00758376 ... -0.00707108 -0.00707097
 -0.00707087]",86.26842077979613,0.14258044837464723
LAS_1.0Torr_SmallAdmixture_1kHzLaserFreq_CapCoupling_3_Trial,0,75.0,1.0,1.36,0,1.3149387981429648,0.4038227923724177,0.2885048229461341,0.5584030936536735,-0.00022819698654795055,[0.00308011 0.00299115 0.00241563 ... 0.00689268 0.00611647 0.00625543],[0.00856582 0.00856537 0.00856491 ... 0.00628522 0.00628476 0.00628431],131.52130683104838,0.13350202864583333
LAS_1.0Torr_SmallAdmixture_1kHzLaserFreq_CapCoupling_3_Trial,0,75.0,1.0,1.36,1,1.0484245628147482,0.3163176364007833,0.28343534679048205,0.4452249185780006,1.9857804428914468e-05,[0.00226157 0.00214698 0.0020699  ... 0.00510047 0.00614925 0.00597525],[0.00473411 0.00473415 0.00473419 ... 0.00493257 0.00493261 0.00493265],110.16818717726017,0.133407325
LAS_1.0Torr_SmallAdmixture_1kHzLaserFreq_CapCoupling_3_Trial,0,75.0,1.0,1.36,2,1.06555935137484,0.30784232567884584,0.27140539504549205,0.4525013933117065,0.00013429257187250887,[0.00182667 0.00131823 0.00160562 ... 0.0070541  0.0081449  0.00904894],[0.00396641 0.00396668 0.00396695 ... 0.00530853 0.0053088  0.00530907],112.33293363574425,0.13343730833333334
LAS_1.0Torr_SmallAdmixture_1kHzLaserFreq_CapCoupling_3_Trial,0,75.0,1.0,1.36,3,1.2444339590027746,0.37865522093544624,0.2858511114612051,0.5284624451998917,5.047448273323998e-05,[0.00374645 0.00412374 0.0046195  ... 0.00749227 0.00849381 0.00894019],[0.00694937 0.00694947 0.00694957 ... 0.00745381 0.00745391 0.00745401],113.15135387542846,0.13345661510416668
LAS_1.0Torr_SmallAdmixture_1kHzLaserFreq_CapCoupling_3_Trial,0,75.0,1.0,1.36,4,1.0310546469139423,0.29648506990857104,0.27014002418169747,0.43784859445613866,0.00020493015178286257,[0.00655413 0.00571278 0.00519446 ... 0.01218749 0.01235337 0.01045163],[0.0082796  0.00828001 0.00828042 ... 0.01032767 0.01032808 0.01032849],119.93682950515253,0.13349572684855876
LAS_1.0Torr_SmallAdmixture_1kHzLaserFreq_CapCoupling_3_Trial,0,75.0,1.0,0.82,1,1.1733595038562494,0.380395430895189,0.30455938461784365,0.4982799031001233,-8.348192054944457e-05,[0.00838981 0.00755068 0.00675089 ... 0.0081486  0.00841653 0.00958086],[0.01054964 0.01054947 0.01054931 ... 0.00971532 0.00971516 0.00971499],83.76376332400424,0.1458010155062075
LAS_1.0Torr_SmallAdmixture_1kHzLaserFreq_CapCoupling_3_Trial,0,75.0,1.0,0.82,3,1.1523397346577116,0.37731720246201467,0.30760533133292517,0.4893536289914529,-0.00011087595058823341,[0.00611908 0.00707261 0.00654186 ... 0.00323289 0.00279917 0.00331837],[0.00702316 0.00702294 0.00702272 ... 0.00591507 0.00591485 0.00591463],118.94071196844945,0.14582584496716627
LAS_1.0Torr_SmallAdmixture_1kHzLaserFreq_CapCoupling_3_Trial,0,75.0,1.0,0.82,5,1.144256253733344,0.3734975729332113,0.30664245213648506,0.485920890705814,0.00011563394849921581,[0.00328848 0.00249125 0.00319785 ... 0.00432925 0.00442402 0.00393427],[0.00314688 0.00314711 0.00314734 ... 0.00430252 0.00430276 0.00430299],105.46908429720119,0.14579792167944924
LAS_1.0Torr_SmallAdmixture_1kHzLaserFreq_CapCoupling_3_Trial,0,75.0,1.0,0.82,7,1.1743819546835168,0.3812669645081481,0.3049914026413459,0.49871409798878363,0.00015220667893436072,[0.00652024 0.00663472 0.00585311 ... 0.00481049 0.00416061 0.00391003],[0.00339789 0.00339819 0.0033985  ... 0.00491904 0.00491935 0.00491965],79.09921496646002,0.14583131412184402
LAS_1.0Torr_SmallAdmixture_1kHzLaserFreq_CapCoupling_3_Trial,0,75.0,1.0,0.82,9,1.1925508878506652,0.3845354017809663,0.30291947714186307,0.5064297335022012,0.0002536515718245582,[0.00665368 0.00769359 0.00707002 ... 0.0076768  0.00876893 0.00793479],[0.00398373 0.00398423 0.00398474 ... 0.00651872 0.00651923 0.00651974],91.60431260069132,0.14584877849852748
LAS_1.0Torr_SmallAdmixture_1kHzLaserFreq_CapCoupling_3_Trial,0,75.0,1.0,0.55,1,1.159599599567937,0.3702863853709386,0.2999835756600958,0.49243660975915304,-0.00023907085692714253,[0.00933617 0.00888566 0.00851828 ... 0.00893823 0.00742122 0.00701447],[0.01438687 0.01438639 0.01438592 ... 0.0119976  0.01199712 0.01199664],94.80989444944585,0.1483739830777455
LAS_1.0Torr_SmallAdmixture_1kHzLaserFreq_CapCoupling_3_Trial,0,75.0,1.0,0.55,3,1.1636121010967693,0.3725129721635845,0.3007467630491527,0.49414056227021624,-0.00017683473417232093,[0.00715983 0.00658495 0.00710419 ... 0.00591688 0.00697721 0.00640216],[0.01111806 0.01111771 0.01111735 ... 0.00935077 0.00935042 0.00935007],78.96725917925635,0.14840518974892253
LAS_1.0Torr_SmallAdmixture_1kHzLaserFreq_CapCoupling_3_Trial,0,75.0,1.0,0.55,5,1.193332077973275,0.3806474876993423,0.2996604604775718,0.5067614744028524,4.337423137537177e-05,[0.00866885 0.00757722 0.00728754 ... 0.00684231 0.00709808 0.00653535],[0.00884118 0.00884126 0.00884135 ... 0.00927466 0.00927475 0.00927483],68.69732474269038,0.14839647230296346
LAS_1.0Torr_SmallAdmixture_1kHzLaserFreq_CapCoupling_3_Trial,0,75.0,1.0,0.55,7,1.1591621825835032,0.3729254389630331,0.30223558428767766,0.4922508558688052,0.00010448067498483314,[0.01007658 0.01000305 0.01067106 ... 0.01059036 0.01083548 0.01049485],[0.00997794 0.00997815 0.00997836 ... 0.01102212 0.01102233 0.01102254],79.65468528348003,0.148366359904108
LAS_1.0Torr_SmallAdmixture_1kHzLaserFreq_CapCoupling_3_Trial,0,75.0,1.0,0.55,9,1.1802542758855148,0.3791643952725864,0.301800361966432,0.5012078431963589,0.0001434471715952046,[0.01193066 0.01109331 0.01380938 ... 0.01194626 0.01207934 0.01221531],[0.01253635 0.01253664 0.01253693 ... 0.01396997 0.01397025 0.01397054],77.44789198278436,0.14838767926849963
LAS_1.0Torr_SmallAdmixture_1kHzLaserFreq_CapCoupling_3_Trial,0,75.0,1.0,0.27,1,1.1391714976859364,0.3561892739843771,0.2937375829132095,0.4837615936257092,-0.00023779531100684065,[0.01499221 0.01485938 0.01587582 ... 0.01505397 0.01499121 0.01402531],[0.0192744  0.01927393 0.01927345 ... 0.01689788 0.0168974  0.01689693],65.48431805367012,0.1506570539341056
LAS_1.0Torr_SmallAdmixture_1kHzLaserFreq_CapCoupling_3_Trial,0,75.0,1.0,0.27,3,1.1837444775982282,0.3678156202471718,0.2919039639782009,0.5026899953973639,-0.00018134621437514313,[0.01406529 0.01385525 0.01565204 ... 0.01125713 0.01070336 0.00931502],[0.01775154 0.01775118 0.01775082 ... 0.01593917 0.0159388  0.01593844],64.70564984687088,0.1506674115351185
LAS_1.0Torr_SmallAdmixture_1kHzLaserFreq_CapCoupling_3_Trial,0,75.0,1.0,0.27,5,1.1633634782256344,0.36424783562818486,0.29413678689371103,0.49403498185796374,-9.103803646780986e-05,[0.01424125 0.01533292 0.01621513 ... 0.01530373 0.01562864 0.01490094],[0.01780348 0.0178033  0.01780312 ... 0.01689365 0.01689347 0.01689328],41.48782045311321,0.1506660671726041
LAS_1.0Torr_SmallAdmixture_1kHzLaserFreq_CapCoupling_3_Trial,0,75.0,1.0,0.27,7,1.1652156341856796,0.3646428591598424,0.29398772661146344,0.49482152007516367,3.404795403402413e-05,[0.017065   0.01729246 0.01676613 ... 0.0175675  0.0171223  0.01768597],[0.0184197  0.01841977 0.01841983 ... 0.01875997 0.01876004 0.01876011],52.22912042610552,0.1506391432513798
LAS_1.0Torr_SmallAdmixture_1kHzLaserFreq_CapCoupling_3_Trial,0,75.0,1.0,0.27,9,1.1415350580361563,0.3551066134166477,0.29223841020730035,0.4847653052915783,-0.00010693604397983416,[0.01938646 0.01969071 0.02005651 ... 0.01753504 0.01666835 0.0158781 ],[0.02237674 0.02237652 0.02237631 ... 0.02130802 0.0213078  0.02130759],57.4468552723719,0.15067007575757577
LAS_1.0Torr_SmallAdmixture_1kHzLaserFreq_CapCoupling_3_Trial,0,75.0,1.0,0.0,2,1.1605902836405249,0.3346259002007149,0.27086220649797293,0.4928573145491766,-0.0002686359309088614,[0.02195361 0.02072088 0.02199546 ... 0.01873067 0.01916781 0.01953934],[0.02534844 0.0253479  0.02534737 ... 0.02266369 0.02266316 0.02266262],64.93565343469137,0.15507677716321283
LAS_1.0Torr_SmallAdmixture_1kHzLaserFreq_CapCoupling_3_Trial,0,75.0,1.0,0.0,5,1.1212358231764599,0.31607226961483803,0.26482392615514494,0.4761450139438249,-0.000290460715394506,[0.0201229  0.02058895 0.02034115 ... 0.01744024 0.01824752 0.01841922],[0.02372913 0.02372855 0.02372797 ... 0.02082626 0.02082568 0.0208251 ],53.7230163203072,0.15503334084159243
LAS_1.0Torr_SmallAdmixture_1kHzLaserFreq_CapCoupling_3_Trial,0,75.0,1.0,0.0,8,1.1497028578818662,0.33123062429727906,0.2706528858118188,0.48823385052625357,-0.00031263039706399724,[0.01756757 0.01856686 0.01733091 ... 0.01578444 0.01624867 0.01528677],[0.02183577 0.02183515 0.02183452 ... 0.01871134 0.01871072 0.01871009],49.90123424685965,0.15503972181900091
LAS_1.0Torr_SmallAdmixture_1kHzLaserFreq_CapCoupling_3_Trial,0,75.0,1.0,0.0,10,1.0296747170785088,0.28881952537028954,0.2635082948516274,0.4372625922100879,-0.00012377042481802938,[0.01668806 0.01763532 0.01600153 ... 0.01433992 0.01448905 0.01404613],[0.01799578 0.01799553 0.01799528 ... 0.01675882 0.01675857 0.01675832],42.08265509489452,0.15504439153902627
LAS_1.0Torr_SmallAdmixture_1kHzLaserFreq_CapCoupling_3_Trial,0,75.0,1.0,0.0,12,1.1328157833457486,0.33057724260999505,0.27414570821069034,0.48106257025294685,-0.00012019459475225334,[0.01421188 0.01418866 0.01491819 ... 0.0117576  0.01192209 0.01158323],[0.01681435 0.01681411 0.01681387 ... 0.01561312 0.01561288 0.01561264],41.05815083892045,0.15503913152227367
LAS_1.0Torr_SmallAdmixture_1kHzLaserFreq_CapCoupling_3_Trial,0,70.0,1.0,3.0,1,1.1057698658070416,0.2328790707257156,0.19784883566979616,0.4695772265657389,-0.00013060786526334535,"[-0.00371049 -0.00563633 -0.00601682 ...         nan         nan
         nan]","[-0.00031172 -0.00031198 -0.00031224 ... -0.00161702 -0.00161728
 -0.00161754]",,0.1067781406484727
LAS_1.0Torr_SmallAdmixture_1kHzLaserFreq_CapCoupling_3_Trial,0,70.0,1.0,3.0,3,1.0745480884152072,0.22706456765001776,0.19851407472777627,0.4563185584744266,-0.00016936485693340436,"[-0.00648212 -0.00587864 -0.00499541 ...         nan         nan
         nan]","[-0.00131315 -0.00131349 -0.00131383 ... -0.00300578 -0.00300612
 -0.00300646]",,0.1068355470706059
LAS_1.0Torr_SmallAdmixture_1kHzLaserFreq_CapCoupling_3_Trial,0,70.0,1.0,3.0,5,1.0807305532544518,0.2308628476118685,0.20068014609214316,0.45894400955816894,-0.00018019239457594727,"[-0.01015451 -0.00998097 -0.0105561  ...         nan         nan
         nan]","[-0.0024877  -0.00248806 -0.00248842 ... -0.00428854 -0.0042889
 -0.00428926]",,0.10682563414868226
LAS_1.0Torr_SmallAdmixture_1kHzLaserFreq_CapCoupling_3_Trial,0,70.0,1.0,3.0,7,1.17174418693529,0.2529522316575606,0.20280259018900165,0.4975939411624508,-9.342697346133073e-05,"[-0.00816132 -0.00712763 -0.00655754 ...         nan         nan
         nan]","[-0.00456271 -0.0045629  -0.00456308 ... -0.00549642 -0.0054966
 -0.00549679]",,0.10681824966206067
LAS_1.0Torr_SmallAdmixture_1kHzLaserFreq_CapCoupling_3_Trial,0,70.0,1.0,3.0,9,1.180721324315899,0.25617868701019453,0.20382778190708611,0.5014061804032166,-8.589847256616755e-05,"[-0.00738579 -0.0080777  -0.0075542  ...         nan         nan
         nan]","[-0.00501018 -0.00501035 -0.00501052 ... -0.00586865 -0.00586882
 -0.00586899]",,0.10674469573967899
LAS_1.0Torr_SmallAdmixture_1kHzLaserFreq_CapCoupling_3_Trial,0,70.0,1.0,2.73,1,1.0976883824200852,0.24344577865143047,0.20834878410846958,0.46614533655613516,-7.535700210893122e-05,"[-0.00260597 -0.0019716  -0.00305626 ...         nan         nan
         nan]",[0.00181175 0.0018116  0.00181145 ... 0.00105864 0.00105849 0.00105834],,0.11140210578553321
LAS_1.0Torr_SmallAdmixture_1kHzLaserFreq_CapCoupling_3_Trial,0,70.0,1.0,2.73,3,1.0768751094833018,0.24268986920393693,0.2117162039359552,0.4573067533358578,-2.6849250546068142e-05,"[-0.00526881 -0.00450602 -0.00453016 ...         nan         nan
         nan]","[-4.37830433e-05 -4.38367418e-05 -4.38904403e-05 ... -3.12114453e-04
 -3.12168152e-04 -3.12221850e-04]",,0.11142242974769603
LAS_1.0Torr_SmallAdmixture_1kHzLaserFreq_CapCoupling_3_Trial,0,70.0,1.0,2.73,5,1.2927069412869776,0.2997923746819581,0.21786541376944804,0.5489620933093372,-0.00012245589291280854,"[-0.00642342 -0.00587199 -0.00538353 ...         nan         nan
         nan]","[-3.49089818e-05 -3.51538936e-05 -3.53988054e-05 ... -1.25873318e-03
 -1.25897809e-03 -1.25922300e-03]",,0.1114803784559601
LAS_1.0Torr_SmallAdmixture_1kHzLaserFreq_CapCoupling_3_Trial,0,70.0,1.0,2.73,7,1.2326998698200928,0.27665445944424955,0.21083762469964412,0.523479436325204,-1.4695641533386333e-05,"[-0.00219463 -0.00289532 -0.00265671 ...         nan         nan
         nan]","[-0.00048104 -0.00048107 -0.0004811  ... -0.00062791 -0.00062793
 -0.00062796]",,0.11136872597404777
LAS_1.0Torr_SmallAdmixture_1kHzLaserFreq_CapCoupling_3_Trial,0,70.0,1.0,2.73,9,1.1487496766897687,0.26130465108926426,0.21369262191066057,0.4878290717432171,-2.7044722604212483e-05,"[-0.00300662 -0.00409781 -0.0044044  ...         nan         nan
         nan]","[ 6.89289125e-05  6.88748231e-05  6.88207336e-05 ... -2.01356045e-04
 -2.01410135e-04 -2.01464224e-04]",,0.11129955193699444
LAS_1.0Torr_SmallAdmixture_1kHzLaserFreq_CapCoupling_3_Trial,0,70.0,1.0,2.45,1,1.2312659559667474,0.3241957267555405,0.24735643004938734,0.5228705091775133,-0.0002574954735873101,"[-0.01382323 -0.01306736 -0.01539702 ...         nan         nan
         nan]","[-0.00622418 -0.00622469 -0.00622521 ... -0.00879759 -0.0087981
 -0.00879862]",,0.11785996685011142
LAS_1.0Torr_SmallAdmixture_1kHzLaserFreq_CapCoupling_3_Trial,0,70.0,1.0,2.45,3,1.1987510706678024,0.31229217092499434,0.24473713883696224,0.5090627087183841,8.842990446847356e-05,"[-0.01793962 -0.0173902  -0.01772938 ...         nan         nan
         nan]","[-0.01516235 -0.01516218 -0.015162   ... -0.01427858 -0.01427841
 -0.01427823]",,0.11773691490341928
LAS_1.0Torr_SmallAdmixture_1kHzLaserFreq_CapCoupling_3_Trial,0,70.0,1.0,2.45,5,1.2496263694197043,0.33326531364594136,0.25054037510581384,0.5306674588814622,-8.616150190701396e-05,"[-0.02475864 -0.02295631 -0.02213531 ...         nan         nan
         nan]","[-0.0165714  -0.01657158 -0.01657175 ... -0.0174325  -0.01743267
 -0.01743285]",,0.11793370422027878
LAS_1.0Torr_SmallAdmixture_1kHzLaserFreq_CapCoupling_3_Trial,0,70.0,1.0,2.45,7,1.234883614748916,0.32583028754002374,0.24787527746634033,0.5244067874123629,0.0002234147837488806,"[-0.02121274 -0.02235722 -0.02050888 ...         nan         nan
         nan]","[-0.02002689 -0.02002644 -0.02002599 ... -0.01779408 -0.01779363
 -0.01779318]",,0.1177273138026069
LAS_1.0Torr_SmallAdmixture_1kHzLaserFreq_CapCoupling_3_Trial,0,70.0,1.0,2.45,9,1.2340135761828408,0.329113114129612,0.2505492113617394,0.5240373160517334,0.00024791543249444003,"[-0.01901292 -0.01914965 -0.01786611 ...         nan         nan
         nan]","[-0.01761991 -0.01761941 -0.01761891 ... -0.01514224 -0.01514174
 -0.01514125]",,0.11771473597129006
LAS_1.0Torr_SmallAdmixture_1kHzLaserFreq_CapCoupling_3_Trial,0,70.0,1.0,2.18,1,1.2453237418597365,0.34609121404937293,0.2610814982318242,0.5288403011888618,-0.00015885328136399095,"[-0.00726212 -0.00650044 -0.00668695 ... -0.00236112 -0.00210231
 -0.0028255 ]","[-5.39909515e-05 -5.43086581e-05 -5.46263647e-05 ... -1.64157065e-03
 -1.64188835e-03 -1.64220606e-03]",109.08342124053634,0.12941236921011692
LAS_1.0Torr_SmallAdmixture_1kHzLaserFreq_CapCoupling_3_Trial,0,70.0,1.0,2.18,3,1.22348167860183,0.337528111045867,0.25916733831921623,0.5195648309447569,-0.0003661884713110874,"[-0.01281788 -0.01115888 -0.01329861 ... -0.00379849 -0.00338302
 -0.00312126]","[-0.00160589 -0.00160663 -0.00160736 ... -0.00526558 -0.00526631
 -0.00526705]",8.189627043871605,0.12584002442247538
LAS_1.0Torr_SmallAdmixture_1kHzLaserFreq_CapCoupling_3_Trial,0,70.0,1.0,2.18,5,1.282125309803342,0.3592564880622247,0.26323397168732066,0.5444684881585043,-0.0007632109959913296,"[-0.01119585 -0.01085131 -0.01201811 ... -0.01236251 -0.01200772
 -0.012904  ]","[ 0.00214688  0.00214535  0.00214383 ... -0.00548065 -0.00548218
 -0.0054837 ]",6.369374942086505,0.12375182227630852
LAS_1.0Torr_SmallAdmixture_1kHzLaserFreq_CapCoupling_3_Trial,0,70.0,1.0,2.18,7,1.2730826208011383,0.35236440419505316,0.26001789010309045,0.5406284117071062,0.00047646510647964506,"[-0.01689622 -0.01671014 -0.01635717 ... -0.00720067 -0.00841031
 -0.00731357]","[-0.01763575 -0.0176348  -0.01763384 ... -0.01287396 -0.012873
 -0.01287205]",14.702558644142567,0.11759068987220019
LAS_1.0Torr_SmallAdmixture_1kHzLaserFreq_CapCoupling_3_Trial,0,70.0,1.0,2.18,9,1.2130952977955503,0.3326929287804995,0.2576418688821298,0.5151541411223237,0.00014095318583973943,"[-0.01328018 -0.01229754 -0.01329635 ...         nan         nan
         nan]","[-0.01046141 -0.01046113 -0.01046085 ... -0.00905272 -0.00905244
 -0.00905216]",,0.11988528600686656
LAS_1.0Torr_SmallAdmixture_1kHzLaserFreq_CapCoupling_3_Trial,0,70.0,1.0,1.91,1,1.1949250891382333,0.33884766975325736,0.2663984007535498,0.5074379639581029,-0.00023861913918455773,"[ 9.82593063e-04 -1.71980026e-05 -2.21360658e-04 ...  4.29542656e-03
  3.77397681e-03  3.15417521e-03]",[0.00756712 0.00756664 0.00756617 ... 0.00518236 0.00518188 0.00518141],127.47853709861555,0.12763778715115986
LAS_1.0Torr_SmallAdmixture_1kHzLaserFreq_CapCoupling_3_Trial,0,70.0,1.0,1.91,3,1.2040487328336194,0.3408103678367527,0.26591113447683734,0.5113124187023789,-0.00020538900574196923,"[-0.00120315 -0.00210387 -0.00117698 ...  0.00293322  0.00250562
  0.00254715]",[0.00424765 0.00424724 0.00424683 ... 0.002195   0.00219459 0.00219417],134.35742417619932,0.12761443772233078
LAS_1.0Torr_SmallAdmixture_1kHzLaserFreq_CapCoupling_3_Trial,0,70.0,1.0,1.91,5,1.2327092935672528,0.3477458820677026,0.2650141820406982,0.5234834382221557,-0.00016806520050655674,"[-0.0046972  -0.00534728 -0.00490097 ...  0.00187705  0.00129129
  0.00155968]",[0.00201725 0.00201692 0.00201658 ... 0.00033761 0.00033727 0.00033694],112.47779648920611,0.12762905779765185
LAS_1.0Torr_SmallAdmixture_1kHzLaserFreq_CapCoupling_3_Trial,0,70.0,1.0,1.91,7,1.2407009994360172,0.3501175655215445,0.26510294835582476,0.5268772032300714,-0.0001475616336292795,"[-0.00681352 -0.00621917 -0.00598562 ...  0.00097157  0.00109247
  0.00011543]","[ 0.00065055  0.00065026  0.00064996 ... -0.00082418 -0.00082448
 -0.00082477]",106.19196915396321,0.1276249598134509
LAS_1.0Torr_SmallAdmixture_1kHzLaserFreq_CapCoupling_3_Trial,0,70.0,1.0,1.91,9,1.2262844310251946,0.3481937463597846,0.2667457706096834,0.5207550503117437,6.05792237882853e-06,"[-0.00767942 -0.00665295 -0.00601467 ...         nan         nan
         nan]","[-0.00101931 -0.0010193  -0.00101929 ... -0.00095877 -0.00095876
 -0.00095874]",,0.12764442713357366
LAS_1.0Torr_SmallAdmixture_1kHzLaserFreq_CapCoupling_3_Trial,0,70.0,1.0,1.64,1,1.2298783521202845,0.3620819084726335,0.2765747052751112,0.5222812480790311,-0.00018776864681924055,[0.00753299 0.00720613 0.00701046 ... 0.01018114 0.0091097  0.00994512],[0.01206208 0.0120617  0.01206133 ... 0.01018552 0.01018514 0.01018477],114.19589536859993,0.12833785880729662
LAS_1.0Torr_SmallAdmixture_1kHzLaserFreq_CapCoupling_3_Trial,0,70.0,1.0,1.64,3,1.1997725291049586,0.34944813769305716,0.27362237387276245,0.5094964821777666,-0.0002554774803517476,[0.00312101 0.00496983 0.00314136 ... 0.00830877 0.00877829 0.00800939],[0.01023048 0.01022997 0.01022946 ... 0.00767724 0.00767672 0.00767621],115.42882714987253,0.12830768220699312
LAS_1.0Torr_SmallAdmixture_1kHzLaserFreq_CapCoupling_3_Trial,0,70.0,1.0,1.64,6,1.202441225153077,0.35304112253497866,0.2758222060966917,0.5106297730437713,5.7117773349868636e-05,[0.0019398  0.00220682 0.0009646  ... 0.00608249 0.0063906  0.00542949],[0.0053649  0.00536501 0.00536513 ... 0.00593574 0.00593585 0.00593596],95.63444753928069,0.12827530409517615
LAS_1.0Torr_SmallAdmixture_1kHzLaserFreq_CapCoupling_3_Trial,0,70.0,1.0,1.64,9,1.123778493876625,0.32785712179834736,0.27407643408626553,0.47722478677212693,3.346536737057686e-05,[0.00263827 0.00361032 0.00325141 ... 0.01020495 0.01030955 0.00962484],[0.00690857 0.00690864 0.0069087  ... 0.00724302 0.00724309 0.00724315],107.76743011955382,0.12828326757457523
LAS_1.0Torr_SmallAdmixture_1kHzLaserFreq_CapCoupling_3_Trial,0,70.0,1.0,1.64,12,1.1552800205347016,0.33246826180293726,0.2703527054658113,0.4906022534386562,0.000119336921762464,[0.00473759 0.00465372 0.00594398 ... 0.01135082 0.0101164  0.0103473 ],[0.0068929  0.00689314 0.00689338 ... 0.00808556 0.00808579 0.00808603],120.22788133955429,0.12826980726918846
LAS_1.0Torr_SmallAdmixture_1kHzLaserFreq_CapCoupling_3_Trial,0,70.0,1.0,1.36,1,1.0505554391912177,0.3094816956935959,0.2767475481670666,0.4461298184581278,-0.00010775362659699285,[0.00341584 0.00401729 0.00427809 ... 0.00705272 0.00704509 0.00598336],[0.00715305 0.00715283 0.00715262 ... 0.00607616 0.00607594 0.00607573],109.6150673722433,0.13090611899572435
LAS_1.0Torr_SmallAdmixture_1kHzLaserFreq_CapCoupling_3_Trial,0,70.0,1.0,1.36,3,1.2598178325535134,0.3701761343971357,0.27603773446573265,0.5349953747896501,6.334385310846467e-05,[0.00275405 0.00272005 0.00234803 ... 0.00541445 0.00534838 0.00451118],[0.00323106 0.00323119 0.00323131 ... 0.00386412 0.00386425 0.00386437],108.95434374327691,0.13087592903430537
LAS_1.0Torr_SmallAdmixture_1kHzLaserFreq_CapCoupling_3_Trial,0,70.0,1.0,1.36,5,1.2733019878555516,0.38610175656481355,0.2848643817004328,0.5407215683178952,0.0001020187674727451,[0.00303363 0.00253976 0.00333562 ... 0.00646156 0.00885656 0.0070551 ],[0.0042074  0.00420761 0.00420781 ... 0.00522698 0.00522718 0.00522739],97.60536866045452,0.1308705435436188
LAS_1.0Torr_SmallAdmixture_1kHzLaserFreq_CapCoupling_3_Trial,0,70.0,1.0,1.36,7,1.0463513243218086,0.30965660456447125,0.2780165238592012,0.4443444952533757,0.00012926539058108586,[0.00092621 0.00189536 0.00100786 ... 0.00769057 0.00760502 0.00746367],[0.00609986 0.00610011 0.00610037 ... 0.00739173 0.00739199 0.00739225],111.67159845606041,0.13092010269997162
LAS_1.0Torr_SmallAdmixture_1kHzLaserFreq_CapCoupling_3_Trial,0,70.0,1.0,1.36,9,1.2017272613827543,0.353072895209889,0.27601091405460004,0.5103265805463959,0.00010817424302038063,[0.00710087 0.00790564 0.00857694 ... 0.00974414 0.00949273 0.01166695],[0.00812094 0.00812115 0.00812137 ... 0.00920203 0.00920225 0.00920246],126.66586412220035,0.13095515473953306
LAS_1.0Torr_SmallAdmixture_1kHzLaserFreq_CapCoupling_3_Trial,0,70.0,1.0,1.09,1,1.0365931329830065,0.3303385048788168,0.2993771579211828,0.4402005729356625,-6.00483091230336e-05,"[-0.00624044 -0.0054163  -0.00579231 ... -0.00926712 -0.00851765
 -0.00849838]","[-0.00527832 -0.00527844 -0.00527856 ... -0.00587844 -0.00587856
 -0.00587868]",102.73854378697872,0.13411653870701307
LAS_1.0Torr_SmallAdmixture_1kHzLaserFreq_CapCoupling_3_Trial,0,70.0,1.0,1.09,3,1.237806546614577,0.3948679544706012,0.29968631011697616,0.5256480422894941,0.00011507092735091509,"[-0.00959587 -0.00916552 -0.00971849 ... -0.00968663 -0.00946094
 -0.00921517]","[-0.01094106 -0.01094083 -0.0109406  ... -0.00979104 -0.00979081
 -0.00979058]",85.49091403816176,0.13412119927499958
LAS_1.0Torr_SmallAdmixture_1kHzLaserFreq_CapCoupling_3_Trial,0,70.0,1.0,1.09,5,1.1487711918087469,0.3674819902523657,0.3005178780208211,0.4878382083730091,0.0003986705450722774,"[-0.00859583 -0.01021304 -0.00957988 ... -0.00665868 -0.00659088
 -0.0068278 ]","[-0.01338502 -0.01338423 -0.01338343 ... -0.00940071 -0.00939991
 -0.00939912]",142.6989901856179,0.13417916385092857
LAS_1.0Torr_SmallAdmixture_1kHzLaserFreq_CapCoupling_3_Trial,0,70.0,1.0,1.09,7,1.0660463769165223,0.3317425625708913,0.2923431259265478,0.4527082140166304,0.00026778375797226997,"[-0.00681583 -0.00813117 -0.00786243 ... -0.00618761 -0.00616186
 -0.00695421]","[-0.00949567 -0.00949514 -0.0094946  ... -0.00681944 -0.00681891
 -0.00681837]",93.8491014533354,0.1341208400076755
LAS_1.0Torr_SmallAdmixture_1kHzLaserFreq_CapCoupling_3_Trial,0,70.0,1.0,1.09,9,1.1843083927105928,0.37623009861316614,0.2984396481368387,0.5029294680965855,0.00035915207502389823,"[-0.00450889 -0.00478821 -0.00424665 ... -0.00334818 -0.00264134
 -0.00281382]","[-0.00855328 -0.00855257 -0.00855185 ... -0.00496392 -0.0049632
 -0.00496248]",129.80825902151796,0.13407780033980748
LAS_1.0Torr_SmallAdmixture_1kHzLaserFreq_CapCoupling_3_Trial,0,70.0,1.0,0.82,1,1.1495155161439214,0.3963417105858296,0.323908788353666,0.48815429381518344,-3.085770440914916e-05,[0.00672745 0.004984   0.00448638 ... 0.00475586 0.00438816 0.00566604],[0.00679172 0.00679165 0.00679159 ... 0.00648332 0.00648326 0.0064832 ],101.7310699368721,0.14370767074860596
LAS_1.0Torr_SmallAdmixture_1kHzLaserFreq_CapCoupling_3_Trial,0,70.0,1.0,0.82,3,1.191764634001729,0.4156208384864074,0.32762317184012985,0.5060958422349703,9.772091469794787e-05,[0.0044877  0.00533829 0.00507442 ... 0.00533024 0.00555842 0.00541289],[0.00470639 0.00470659 0.00470678 ... 0.00568302 0.00568321 0.00568341],86.55910621205211,0.14364013093091588
LAS_1.0Torr_SmallAdmixture_1kHzLaserFreq_CapCoupling_3_Trial,0,70.0,1.0,0.82,5,1.1340238876850746,0.3884622245665397,0.32180617982339,0.48157560492915297,0.0002683998242079118,[0.00598335 0.00602797 0.0057351  ... 0.00718008 0.00763165 0.00729932],[0.00415837 0.00415891 0.00415945 ... 0.00684076 0.0068413  0.00684183],100.18049410401224,0.143611052852349
LAS_1.0Torr_SmallAdmixture_1kHzLaserFreq_CapCoupling_3_Trial,0,70.0,1.0,0.82,7,1.1293743591513081,0.3939427883521,0.32768987364912133,0.4796011319567584,0.00028456620484723194,[0.0085653  0.00755021 0.00696217 ... 0.00932391 0.00934633 0.00960123],[0.0066157  0.00661626 0.00661683 ... 0.00945965 0.00946022 0.00946079],142.60188077251254,0.1437608032613777
LAS_1.0Torr_SmallAdmixture_1kHzLaserFreq_CapCoupling_3_Trial,0,70.0,1.0,0.82,9,1.164013262534336,0.4033894620825917,0.325562526401032,0.49431091984739645,0.0001275007325957481,[0.01217367 0.01086604 0.01158754 ... 0.01052375 0.0120652  0.01125043],[0.01043127 0.01043153 0.01043178 ... 0.01170552 0.01170577 0.01170603],88.15795749941584,0.1436846975303932
LAS_1.0Torr_SmallAdmixture_1kHzLaserFreq_CapCoupling_3_Trial,0,70.0,1.0,0.55,1,1.1650575154012717,0.3785279274383256,0.3052237690960708,0.4947543732098473,-0.00021409452141625353,[0.01512373 0.01368282 0.01450129 ... 0.01361351 0.01364336 0.01309987],[0.01935295 0.01935252 0.01935209 ... 0.01721329 0.01721286 0.01721243],75.92214239588536,0.14658836633353373
LAS_1.0Torr_SmallAdmixture_1kHzLaserFreq_CapCoupling_3_Trial,0,70.0,1.0,0.55,3,1.1592148417072208,0.37986450325480076,0.3078453297636571,0.4922732181396839,-0.00024219930314867578,[0.01525135 0.01431283 0.01459161 ... 0.00999137 0.01000586 0.00973701],[0.01707011 0.01706963 0.01706914 ... 0.01464957 0.01464909 0.0146486 ],67.75045359392519,0.1465619259927195
LAS_1.0Torr_SmallAdmixture_1kHzLaserFreq_CapCoupling_3_Trial,0,70.0,1.0,0.55,5,1.1508601527147113,0.3747685600714151,0.3059203634648324,0.4887253083917016,-0.00012936362748901982,[0.00871222 0.01094074 0.0098865  ... 0.00856103 0.00829442 0.00951772],[0.01340469 0.01340444 0.01340418 ... 0.01211183 0.01211158 0.01211132],57.52755302953421,0.14656016692131715
LAS_1.0Torr_SmallAdmixture_1kHzLaserFreq_CapCoupling_3_Trial,0,70.0,1.0,0.55,7,1.174151349222664,0.3865278594526418,0.30926054010514953,0.4986161688661998,-7.898947267760252e-05,[0.00997537 0.01046776 0.01071417 ... 0.00828468 0.00844849 0.00984335],[0.01158216 0.011582   0.01158185 ... 0.01079274 0.01079258 0.01079243],67.47041765096431,0.14651865367114184
LAS_1.0Torr_SmallAdmixture_1kHzLaserFreq_CapCoupling_3_Trial,0,70.0,1.0,0.55,9,1.1631163998148166,0.3802131398948524,0.3070942835347681,0.49393005731761974,-2.1309185462284983e-05,[0.01003319 0.00975153 0.01093759 ... 0.008318   0.00841715 0.00741523],[0.01176891 0.01176887 0.01176882 ... 0.01155594 0.0115559  0.01155586],73.4534313722562,0.14654000203055992
LAS_1.0Torr_SmallAdmixture_1kHzLaserFreq_CapCoupling_3_Trial,0,70.0,1.0,0.27,1,1.1532578521763621,0.36693577596261034,0.2989037934381602,0.489743517603361,-0.0003894888114315752,[0.02055242 0.01937889 0.01903322 ... 0.0150332  0.01494337 0.01457705],[0.02439095 0.02439017 0.02438939 ... 0.0204984  0.02049762 0.02049684],98.833663190612,0.14879195940793993
LAS_1.0Torr_SmallAdmixture_1kHzLaserFreq_CapCoupling_3_Trial,0,70.0,1.0,0.27,3,1.1901368202962395,0.37838684827869506,0.2986805424221681,0.5054045734015303,-0.00030294127651795766,[0.01546594 0.01701849 0.01537831 ... 0.01223777 0.01174532 0.0114458 ],[0.0196109  0.01961029 0.01960969 ... 0.0165833  0.0165827  0.01658209],79.50765048696128,0.1487654671082399
LAS_1.0Torr_SmallAdmixture_1kHzLaserFreq_CapCoupling_3_Trial,0,70.0,1.0,0.27,5,1.1236253408234196,0.35612545878097907,0.2977482971572144,0.4771597486586929,-6.908366283278421e-05,[0.01216773 0.01276501 0.01301457 ... 0.01321624 0.01300189 0.01334232],[0.01567378 0.01567364 0.0156735  ... 0.01498335 0.01498322 0.01498308],50.956616335507285,0.14872750134063983
LAS_1.0Torr_SmallAdmixture_1kHzLaserFreq_CapCoupling_3_Trial,0,70.0,1.0,0.27,7,1.1430852899558497,0.3625809641222663,0.2979848286355552,0.4854236281740273,-2.100990434704669e-05,[0.01361252 0.01321359 0.01312971 ... 0.01261033 0.01346548 0.01318765],[0.01568539 0.01568535 0.0156853  ... 0.01547542 0.01547537 0.01547533],49.85726588367809,0.1487681646092087
LAS_1.0Torr_SmallAdmixture_1kHzLaserFreq_CapCoupling_3_Trial,0,70.0,1.0,0.27,9,1.1413916462846785,0.36427731293827714,0.2998231927425577,0.4847044039281045,7.125589569821899e-06,[0.01513645 0.01574188 0.0168407  ... 0.01354087 0.01340903 0.01421756],[0.01706808 0.0170681  0.01706811 ... 0.0171393  0.01713931 0.01713932],55.144917617843895,0.14876466210150086
LAS_1.0Torr_SmallAdmixture_1kHzLaserFreq_CapCoupling_3_Trial,0,70.0,1.0,0.0,2,1.135112245581293,0.33995851585036185,0.2813551736794862,0.48203778797303987,-0.00034833579448374986,[0.02101776 0.01962145 0.0195664  ... 0.01588518 0.01617743 0.01566885],[0.02416915 0.02416845 0.02416776 ... 0.02068788 0.02068718 0.02068649],73.46531157984094,0.15140609460545484
LAS_1.0Torr_SmallAdmixture_1kHzLaserFreq_CapCoupling_3_Trial,0,70.0,1.0,0.0,5,1.1376126684637418,0.3374465824525501,0.27866241991997037,0.48309961980504124,-0.00041409474206386917,[0.01683248 0.01672897 0.01761604 ... 0.01182339 0.01289289 0.01132029],[0.02044097 0.02044014 0.02043932 ... 0.01630251 0.01630168 0.01630085],102.45287190567166,0.15145722772670955
LAS_1.0Torr_SmallAdmixture_1kHzLaserFreq_CapCoupling_3_Trial,0,70.0,1.0,0.0,8,1.2559133183465312,0.3751475811563929,0.280614607396875,0.533337280271888,-0.0003093484481098633,[0.01184169 0.01146448 0.01151437 ... 0.00982006 0.01011715 0.01075124],[0.01523505 0.01523443 0.01523382 ... 0.01214342 0.01214281 0.01214219],74.19807043106981,0.1514579911342174
LAS_1.0Torr_SmallAdmixture_1kHzLaserFreq_CapCoupling_3_Trial,0,70.0,1.0,0.0,11,1.1469938452367803,0.33618868195565726,0.2753529862584808,0.4870834387778899,-0.00012085817587081865,[0.01187839 0.01194019 0.01124775 ... 0.00948868 0.00919777 0.00963217],[0.01243283 0.01243259 0.01243234 ... 0.01122497 0.01122473 0.01122449],55.4194655832534,0.15147196060210302
LAS_1.0Torr_SmallAdmixture_1kHzLaserFreq_CapCoupling_3_Trial,0,70.0,1.0,0.0,14,1.074859678913742,0.31548840196285205,0.27573977479628603,0.4564508787760107,9.261348628544776e-05,[0.01150587 0.01102504 0.01105887 ... 0.01003461 0.01019758 0.00907536],[0.01174428 0.01174446 0.01174465 ... 0.01266985 0.01267004 0.01267023],30.102618899005567,0.15144044902520695
LAS_1.0Torr_SmallAdmixture_1kHzLaserFreq_CapCoupling_3_Trial,0,65.0,1.0,3.0,1,1.2049918949223317,0.2683629656064271,0.20922146877122347,0.5117129427639532,-0.00023841940811436516,"[-0.00410581 -0.00307092 -0.00305658 ...         nan         nan
         nan]","[ 0.00183383  0.00183335  0.00183287 ... -0.00054894 -0.00054941
 -0.00054989]",,0.10094656138894478
LAS_1.0Torr_SmallAdmixture_1kHzLaserFreq_CapCoupling_3_Trial,0,65.0,1.0,3.0,3,1.2294921253345898,0.2685536349221683,0.20519797628433312,0.5221172326645583,-0.00028393429102481195,"[-0.00663741 -0.0069651  -0.00637593 ...         nan         nan
         nan]","[-0.00047911 -0.00047968 -0.00048025 ... -0.00331675 -0.00331732
 -0.00331789]",,0.1008975630748354
LAS_1.0Torr_SmallAdmixture_1kHzLaserFreq_CapCoupling_3_Trial,0,65.0,1.0,3.0,5,1.2076786205451757,0.2645829800691372,0.20581561233086057,0.5128538900853901,-0.0002108054787371744,"[-0.00901468 -0.01009725 -0.00941739 ...         nan         nan
         nan]","[-0.00331114 -0.00331156 -0.00331198 ... -0.00541793 -0.00541835
 -0.00541877]",,0.10081546579467592
LAS_1.0Torr_SmallAdmixture_1kHzLaserFreq_CapCoupling_3_Trial,0,65.0,1.0,3.0,7,1.2115779161253835,0.2688331703532571,0.20844874986540082,0.5145097684564086,-0.00013426842867314879,"[-0.00689907 -0.00929013 -0.00841049 ...         nan         nan
         nan]","[-0.00499995 -0.00500022 -0.00500049 ... -0.00634183 -0.0063421
 -0.00634237]",,0.10083130151530381
LAS_1.0Torr_SmallAdmixture_1kHzLaserFreq_CapCoupling_3_Trial,0,65.0,1.0,3.0,9,1.1981241473702255,0.26669010305012,0.20910906871833274,0.5087964789065139,-0.00010574472024391266,"[-0.01006498 -0.01040693 -0.00881983 ...         nan         nan
         nan]","[-0.00535141 -0.00535162 -0.00535184 ... -0.00640823 -0.00640844
 -0.00640865]",,0.10087075577882178
LAS_1.0Torr_SmallAdmixture_1kHzLaserFreq_CapCoupling_3_Trial,0,65.0,1.0,2.73,1,1.2306206461077964,0.2762574229539121,0.21089075862755233,0.5225964713119394,-0.00021791693588126687,"[-0.0064659  -0.00670408 -0.00615376 ...         nan         nan
         nan]","[-0.0013076  -0.00130803 -0.00130847 ... -0.00348546 -0.0034859
 -0.00348633]",,0.10436544494853287
LAS_1.0Torr_SmallAdmixture_1kHzLaserFreq_CapCoupling_3_Trial,0,65.0,1.0,2.73,3,1.0868368645594562,0.24199664523780273,0.20917644337432162,0.46153712121351165,-0.00013444920931369647,"[-0.00868597 -0.00863279 -0.00902916 ...         nan         nan
         nan]","[-0.00380148 -0.00380174 -0.00380201 ... -0.00514516 -0.00514543
 -0.0051457 ]",,0.1044677145470951
LAS_1.0Torr_SmallAdmixture_1kHzLaserFreq_CapCoupling_3_Trial,0,65.0,1.0,2.73,5,1.2065778376714893,0.2703582967457171,0.21050002298966544,0.5123864306393873,-0.00010757114820282918,"[-0.01102785 -0.0104928  -0.00862902 ...         nan         nan
         nan]","[-0.00453756 -0.00453778 -0.00453799 ... -0.00561263 -0.00561284
 -0.00561306]",,0.10443605621417948
LAS_1.0Torr_SmallAdmixture_1kHzLaserFreq_CapCoupling_3_Trial,0,65.0,1.0,2.73,7,1.19614374854494,0.26839646339100226,0.21079543615671092,0.507955480958724,0.00010269788649168974,"[-0.01019188 -0.00840012 -0.00848065 ...         nan         nan
         nan]","[-0.006174   -0.00617379 -0.00617359 ... -0.00514763 -0.00514743
 -0.00514722]",,0.10437706829498555
LAS_1.0Torr_SmallAdmixture_1kHzLaserFreq_CapCoupling_3_Trial,0,65.0,1.0,2.73,9,1.227566142776506,0.27750485850279344,0.2123701526242399,0.5212993431777808,8.770000468310053e-06,"[-0.00922949 -0.0089474  -0.00948429 ...         nan         nan
         nan]","[-0.00404977 -0.00404975 -0.00404974 ... -0.00396212 -0.00396211
 -0.00396209]",,0.10445507570353765
LAS_1.0Torr_SmallAdmixture_1kHzLaserFreq_CapCoupling_3_Trial,0,65.0,1.0,2.45,2,1.223904376923847,0.2945937557647653,0.226122531674532,0.5197443343946739,-7.971617460523239e-05,"[-0.0173887  -0.0184874  -0.01858564 ...         nan         nan
         nan]","[-0.01244701 -0.01244717 -0.01244733 ... -0.0132437  -0.01324386
 -0.01324402]",,0.1092328636649874
LAS_1.0Torr_SmallAdmixture_1kHzLaserFreq_CapCoupling_3_Trial,0,65.0,1.0,2.45,5,1.230288157565525,0.29515349483463343,0.2253766276469843,0.5224552764282908,-3.97598501427775e-05,"[-0.01884479 -0.01857332 -0.01882621 ...         nan         nan
         nan]","[-0.01414282 -0.01414289 -0.01414297 ... -0.01454018 -0.01454025
 -0.01454033]",,0.10922499002938707
LAS_1.0Torr_SmallAdmixture_1kHzLaserFreq_CapCoupling_3_Trial,0,65.0,1.0,2.45,8,1.208574572135175,0.2910132491913875,0.22620755159767084,0.5132343656940846,-4.485245514436549e-05,"[-0.01808736 -0.01899253 -0.01938989 ...         nan         nan
         nan]","[-0.01474485 -0.01474494 -0.01474503 ... -0.0151931  -0.01519319
 -0.01519328]",,0.10928539305205709
LAS_1.0Torr_SmallAdmixture_1kHzLaserFreq_CapCoupling_3_Trial,0,65.0,1.0,2.45,11,1.229809604597929,0.29545293634649356,0.22569306782728848,0.5222520536943049,-2.8343222686733002e-05,"[-0.02117801 -0.02141376 -0.02091988 ...         nan         nan
         nan]","[-0.01626081 -0.01626086 -0.01626092 ... -0.01654407 -0.01654412
 -0.01654418]",,0.1092903243073048
LAS_1.0Torr_SmallAdmixture_1kHzLaserFreq_CapCoupling_3_Trial,0,65.0,1.0,2.45,14,1.2320399629331749,0.2978546872228026,0.22711584464058698,0.5231991996725942,-6.22039202707318e-05,"[-0.02208051 -0.02263993 -0.02275493 ...         nan         nan
         nan]","[-0.0171377  -0.01713783 -0.01713795 ... -0.01775937 -0.01775949
 -0.01775962]",,0.10925036864694883
LAS_1.0Torr_SmallAdmixture_1kHzLaserFreq_CapCoupling_3_Trial,0,65.0,1.0,2.18,1,1.1925344852667177,0.2941770490282544,0.23174246934518414,0.5064227679661374,-0.00039012730804581096,"[-0.01080676 -0.01219904 -0.01089604 ... -0.00843661 -0.00862992
 -0.00826443]","[-0.00212975 -0.00213053 -0.00213131 ... -0.00602868 -0.00602947
 -0.00603025]",63.904509713389636,0.11480800276173737
LAS_1.0Torr_SmallAdmixture_1kHzLaserFreq_CapCoupling_3_Trial,0,65.0,1.0,2.18,3,1.2403439841169617,0.30504753926753025,0.23104318949676989,0.526725592783316,-0.00021275918348805415,"[-0.01458038 -0.01426229 -0.01495151 ... -0.00857689 -0.00855582
 -0.00863569]","[-0.00713293 -0.00713336 -0.00713378 ... -0.00925924 -0.00925967
 -0.0092601 ]",71.59892750190022,0.11486609130471169
LAS_1.0Torr_SmallAdmixture_1kHzLaserFreq_CapCoupling_3_Trial,0,65.0,1.0,2.18,5,1.2128042732262707,0.2977041497962413,0.23060141072738125,0.5150305543667694,-0.00015043416007092436,"[-0.0136504  -0.01447722 -0.01390792 ... -0.00676712 -0.00652042
 -0.00585041]","[-0.00703329 -0.00703359 -0.00703389 ... -0.00853673 -0.00853703
 -0.00853733]",54.220145130419354,0.11519247419508766
LAS_1.0Torr_SmallAdmixture_1kHzLaserFreq_CapCoupling_3_Trial,0,65.0,1.0,2.18,7,1.2419682579103422,0.30495871939260005,0.23067384181294956,0.5274153583544933,8.707381681929513e-05,"[-0.01491493 -0.01505844 -0.0144594  ... -0.00375745 -0.00332814
 -0.00434036]","[-0.00920462 -0.00920444 -0.00920427 ... -0.0083344  -0.00833423
 -0.00833405]",77.62003526522957,0.11463343839469588
LAS_1.0Torr_SmallAdmixture_1kHzLaserFreq_CapCoupling_3_Trial,0,65.0,1.0,2.18,9,1.2501082858672432,0.3092210231334203,0.23237487485946615,0.5308721099538682,-9.860844243756108e-05,"[-0.00992005 -0.00949862 -0.01086628 ...         nan         nan
         nan]","[-0.0033973  -0.00339749 -0.00339769 ... -0.00438279 -0.00438299
 -0.00438318]",,0.11528867062178542
LAS_1.0Torr_SmallAdmixture_1kHzLaserFreq_CapCoupling_3_Trial,0,65.0,1.0,1.91,0,1.1804625064359044,0.33600300077821915,0.26739836544155937,0.5012962705693248,-0.00021930639074112064,[0.00498057 0.00385849 0.00375155 ... 0.00790661 0.00730913 0.00758122],[0.01164655 0.01164612 0.01164568 ... 0.00945481 0.00945437 0.00945393],101.364363340757,0.12227643177083332
LAS_1.0Torr_SmallAdmixture_1kHzLaserFreq_CapCoupling_3_Trial,0,65.0,1.0,1.91,1,1.2207886434240365,0.34648692946505105,0.26663316363157175,0.5184212042020356,-0.0002602086573783808,[0.00410419 0.004851   0.00482374 ... 0.00737791 0.00788065 0.00674058],[0.01030916 0.01030864 0.01030812 ... 0.00770864 0.00770812 0.0077076 ],118.95637595742093,0.12246376302083334
LAS_1.0Torr_SmallAdmixture_1kHzLaserFreq_CapCoupling_3_Trial,0,65.0,1.0,1.91,2,1.1711250826690085,0.33152569605723053,0.2659387987944204,0.4973310317874487,-7.832248463675374e-05,[0.0006616  0.00103193 0.00125449 ... 0.00651156 0.00587634 0.0060848 ],[0.00638274 0.00638258 0.00638242 ... 0.00559998 0.00559983 0.00559967],104.58939197129146,0.1221956765625
LAS_1.0Torr_SmallAdmixture_1kHzLaserFreq_CapCoupling_3_Trial,0,65.0,1.0,1.91,3,1.2018728037927164,0.3401327344984636,0.2658628845627966,0.5103883867172195,-0.0001711419939592164,[0.00220508 0.00174522 0.00235749 ... 0.00472923 0.00481338 0.00492998],[0.00681186 0.00681152 0.00681118 ... 0.00510147 0.00510113 0.00510078],58.02268842687073,0.12255831145833333
LAS_1.0Torr_SmallAdmixture_1kHzLaserFreq_CapCoupling_3_Trial,0,65.0,1.0,1.91,4,1.1637888414171418,0.33112966318321563,0.26729552527654116,0.49421561697375743,-5.2037871513977084e-05,"[9.66499027e-06 8.56370224e-04 3.95235841e-04 ...            nan
            nan            nan]",[0.00597393 0.00597382 0.00597372 ... 0.00545386 0.00545376 0.00545365],,0.12228916470185582
LAS_1.0Torr_SmallAdmixture_1kHzLaserFreq_CapCoupling_3_Trial,0,65.0,1.0,1.64,1,1.1783281858814394,0.3435350749826655,0.2738877503283862,0.5003899080814699,-0.00014760742594536,[0.00484456 0.00439237 0.00432374 ... 0.00916888 0.00885309 0.00958979],[0.00942005 0.00941975 0.00941945 ... 0.00794486 0.00794456 0.00794427],119.74211532257756,0.13005659960295615
LAS_1.0Torr_SmallAdmixture_1kHzLaserFreq_CapCoupling_3_Trial,0,65.0,1.0,1.64,3,1.1823213061159723,0.3475831179053158,0.2761791881088548,0.5020856301146498,-4.010483486818283e-06,[0.00313228 0.00273404 0.00237925 ... 0.00677428 0.00670879 0.00709124],[0.00546775 0.00546774 0.00546773 ... 0.00542767 0.00542766 0.00542765],111.6350474792085,0.1300142572944297
LAS_1.0Torr_SmallAdmixture_1kHzLaserFreq_CapCoupling_3_Trial,0,65.0,1.0,1.64,5,1.1808783093203494,0.3467507379329155,0.27585447802685,0.5014728457965157,5.828068760940211e-05,[0.00109259 0.00249339 0.00286252 ... 0.00647226 0.00627259 0.00654573],[0.00477208 0.0047722  0.00477231 ... 0.00535454 0.00535465 0.00535477],139.962280453221,0.13003451143169345
LAS_1.0Torr_SmallAdmixture_1kHzLaserFreq_CapCoupling_3_Trial,0,65.0,1.0,1.64,7,1.2992174594164685,0.38781480661899015,0.280420867137369,0.5517268557986107,2.5074300887206973e-06,[0.00085208 0.00116124 0.00197906 ... 0.00754731 0.00856663 0.00818304],[0.00534919 0.00534919 0.0053492  ... 0.00537425 0.00537425 0.00537426],110.50279452864864,0.1299993938465259
LAS_1.0Torr_SmallAdmixture_1kHzLaserFreq_CapCoupling_3_Trial,0,65.0,1.0,1.64,9,1.1916464724385765,0.34979524757398806,0.2757619000965208,0.5060456636391996,8.626029730787563e-05,[0.00287639 0.00449589 0.00343283 ... 0.00889295 0.00992845 0.00933151],[0.00637917 0.00637934 0.00637951 ... 0.00724125 0.00724143 0.0072416 ],115.04193399051324,0.13002634906449648
LAS_1.0Torr_SmallAdmixture_1kHzLaserFreq_CapCoupling_3_Trial,0,65.0,1.0,1.36,1,1.0323199458739987,0.3007341794728174,0.27367571488384246,0.4383859174514675,-2.7823236752491006e-05,[0.00717121 0.00808802 0.00687241 ... 0.01024591 0.01097073 0.00984438],[0.010968   0.01096795 0.01096789 ... 0.01068994 0.01068988 0.01068983],115.39569390799014,0.1291685955823394
LAS_1.0Torr_SmallAdmixture_1kHzLaserFreq_CapCoupling_3_Trial,0,65.0,1.0,1.36,3,1.0219411245595278,0.29392560368995074,0.27019625948574433,0.43397843784963047,-6.622061107243222e-05,[0.00616547 0.00680841 0.00702678 ... 0.008399   0.00818481 0.00795373],[0.00937794 0.00937781 0.00937767 ... 0.00871613 0.008716   0.00871586],105.00903964123063,0.12915629854916308
LAS_1.0Torr_SmallAdmixture_1kHzLaserFreq_CapCoupling_3_Trial,0,65.0,1.0,1.36,5,1.0255628408511168,0.30358321776527436,0.278088655902945,0.43551643915008287,-5.434153936175409e-07,[0.00732929 0.00777926 0.00627155 ... 0.00622878 0.00674751 0.00517837],[0.00687508 0.00687508 0.00687508 ... 0.00686965 0.00686965 0.00686965],109.55804952180947,0.1291358165447195
LAS_1.0Torr_SmallAdmixture_1kHzLaserFreq_CapCoupling_3_Trial,0,65.0,1.0,1.36,7,1.0432912289259462,0.30559134765012164,0.27517139612698394,0.4430449923880422,4.13721860951039e-05,[0.00324938 0.00229935 0.00301999 ... 0.00349935 0.00327328 0.00384285],[0.00492922 0.00492931 0.00492939 ... 0.0053427  0.00534278 0.00534286],115.50558151774531,0.12920231221715678
LAS_1.0Torr_SmallAdmixture_1kHzLaserFreq_CapCoupling_3_Trial,0,65.0,1.0,1.36,9,1.0494295202693678,0.3093642118951221,0.2769392967668923,0.4456516847152858,5.54579514505748e-05,[0.00126497 0.00158575 0.00281538 ... 0.00522307 0.00468146 0.00479956],[0.00450398 0.00450409 0.0045042  ... 0.00505823 0.00505834 0.00505845],94.66455224747911,0.12919040262409906
LAS_1.0Torr_SmallAdmixture_1kHzLaserFreq_CapCoupling_3_Trial,0,65.0,1.0,1.09,1,1.124904976751217,0.34907396689386755,0.29152071001655155,0.4777031600036479,1.4309243442566203e-05,[0.00586404 0.00510008 0.00364019 ... 0.00672842 0.00673083 0.00719337],[0.00610158 0.00610161 0.00610164 ... 0.00624459 0.00624462 0.00624464],81.00012846988234,0.13158022528631708
LAS_1.0Torr_SmallAdmixture_1kHzLaserFreq_CapCoupling_3_Trial,0,65.0,1.0,1.09,3,1.011053333292982,0.3109262574963192,0.2889023828913741,0.429354818609799,0.00011332173451153732,[0.00282629 0.00143381 0.00089303 ... 0.00242595 0.00217263 0.00286165],[0.00210803 0.00210826 0.00210849 ... 0.00324057 0.0032408  0.00324102],90.27476554137458,0.13147964961740674
LAS_1.0Torr_SmallAdmixture_1kHzLaserFreq_CapCoupling_3_Trial,0,65.0,1.0,1.09,5,1.1751408968328447,0.3701217084008731,0.29588463091097816,0.4990363910450745,3.6511035631880255e-05,"[ 3.35936383e-03  2.82018289e-03  2.61408596e-03 ... -1.35717615e-03
  4.41537718e-05 -3.48364476e-04]","[-2.68536863e-04 -2.68463841e-04 -2.68390819e-04 ...  9.63544271e-05
  9.64274492e-05  9.65004713e-05]",102.22925300479712,0.1314601384289919
LAS_1.0Torr_SmallAdmixture_1kHzLaserFreq_CapCoupling_3_Trial,0,65.0,1.0,1.09,7,1.0450484024915554,0.32112427233971164,0.2886719043940763,0.4437911952961231,0.00015034801198767034,"[-0.00165465 -0.00343213 -0.00288759 ... -0.00210189 -0.00227928
 -0.00231903]","[-0.00384799 -0.00384769 -0.00384739 ... -0.00234541 -0.00234511
 -0.00234481]",116.73569987030837,0.13153566501103753
LAS_1.0Torr_SmallAdmixture_1kHzLaserFreq_CapCoupling_3_Trial,0,65.0,1.0,1.09,9,1.215905214431981,0.3829461667820144,0.29587331359395486,0.51634740285048,0.00014069973728838108,"[-0.00410969 -0.00530493 -0.00555255 ... -0.00245878 -0.00212236
 -0.00131612]","[-0.00552787 -0.00552759 -0.00552731 ... -0.00412171 -0.00412143
 -0.00412115]",119.95087142392622,0.13149049522117906
LAS_1.0Torr_SmallAdmixture_1kHzLaserFreq_CapCoupling_3_Trial,0,65.0,1.0,0.82,1,1.17584331718234,0.4008582070249362,0.3202647305546837,0.49933468150297056,4.086685645780112e-05,[0.01164132 0.01125356 0.01179709 ... 0.01196788 0.01213958 0.01188426],[0.01292792 0.012928   0.01292809 ... 0.01333635 0.01333643 0.01333651],79.75687339676958,0.13520949682778197
LAS_1.0Torr_SmallAdmixture_1kHzLaserFreq_CapCoupling_3_Trial,0,65.0,1.0,0.82,3,1.1450002646137336,0.39018427188161037,0.3201341186515114,0.4862368430359972,-1.0852036826386062e-05,[0.0122882  0.01181124 0.01234491 ... 0.01181389 0.01078335 0.0101876 ],[0.01253793 0.01253791 0.01253789 ... 0.01242948 0.01242946 0.01242943],76.59481595727075,0.13517289736205026
LAS_1.0Torr_SmallAdmixture_1kHzLaserFreq_CapCoupling_3_Trial,0,65.0,1.0,0.82,5,1.150164452526713,0.388890221620968,0.31763976943464217,0.48842987172363583,-6.896023707981158e-05,[0.00920575 0.0093487  0.01005661 ... 0.00816651 0.0070636  0.00731769],[0.0111924  0.01119226 0.01119212 ... 0.01050321 0.01050307 0.01050294],66.01468010348344,0.13513860257918628
LAS_1.0Torr_SmallAdmixture_1kHzLaserFreq_CapCoupling_3_Trial,0,65.0,1.0,0.82,7,1.1574426398125788,0.39126158405270833,0.31756711316744823,0.4915206332878683,-6.223397284986731e-05,[0.00846098 0.00874182 0.00950653 ... 0.0046207  0.00613626 0.00552016],[0.00894458 0.00894446 0.00894433 ... 0.00832261 0.00832249 0.00832237],79.04487312243111,0.13511813326073896
LAS_1.0Torr_SmallAdmixture_1kHzLaserFreq_CapCoupling_3_Trial,0,65.0,1.0,0.82,9,1.1498242789003403,0.39404185183528184,0.32194276271147787,0.4882854132852552,-3.087664690831208e-06,[0.00774025 0.0084679  0.00698151 ... 0.00511665 0.00602724 0.00565472],[0.00723447 0.00723447 0.00723446 ... 0.00720361 0.00720361 0.0072036 ],115.32813562150535,0.13510805578834204
LAS_1.0Torr_SmallAdmixture_1kHzLaserFreq_CapCoupling_3_Trial,0,65.0,1.0,0.55,1,1.1504835898298036,0.3950747441749552,0.3226016831805367,0.48856539685803585,-0.00022791103766727486,[0.01707851 0.01797252 0.01674518 ... 0.0157054  0.0156909  0.01534815],[0.02091938 0.02091892 0.02091847 ... 0.01864164 0.01864118 0.01864072],83.11180685612142,0.1443383324987481
LAS_1.0Torr_SmallAdmixture_1kHzLaserFreq_CapCoupling_3_Trial,0,65.0,1.0,0.55,3,1.137425979352274,0.3916413421325449,0.32346938030094635,0.4830203402389183,-0.00030498988818220414,[0.01291512 0.01325335 0.01264542 ... 0.01282701 0.0106229  0.01095255],[0.01799257 0.01799196 0.01799135 ... 0.0149445  0.01494389 0.01494328],93.60391321565734,0.1443248303257079
LAS_1.0Torr_SmallAdmixture_1kHzLaserFreq_CapCoupling_3_Trial,0,65.0,1.0,0.55,5,1.1446604535979057,0.39322381625850156,0.32272374808149334,0.48609253858413687,-0.00023093156133661806,[0.0104693  0.01186098 0.01153374 ... 0.00902306 0.00833236 0.00918213],[0.01404149 0.01404103 0.01404057 ... 0.01173356 0.0117331  0.01173264],84.43013698935594,0.14437443163805042
LAS_1.0Torr_SmallAdmixture_1kHzLaserFreq_CapCoupling_3_Trial,0,65.0,1.0,0.55,7,1.146972630908003,0.396140162108518,0.3244618274633568,0.4870744298819354,-0.0001384155799392577,[0.00726343 0.00815751 0.008598   ... 0.00675287 0.0065454  0.00647031],[0.01206946 0.01206918 0.01206891 ... 0.01068614 0.01068586 0.01068558],83.0065709555612,0.14437919805693214
LAS_1.0Torr_SmallAdmixture_1kHzLaserFreq_CapCoupling_3_Trial,0,65.0,1.0,0.55,9,1.1327819629671572,0.3861423534840829,0.3202350793065047,0.48104820806053106,2.6674835609540772e-05,[0.00821753 0.00849475 0.00813626 ... 0.00825597 0.00888187 0.00831012],[0.00970602 0.00970608 0.00970613 ... 0.00997261 0.00997267 0.00997272],67.13182557457789,0.14430244479161375
LAS_1.0Torr_SmallAdmixture_1kHzLaserFreq_CapCoupling_3_Trial,0,65.0,1.0,0.27,1,1.1486104074635652,0.37867897703522957,0.3097178515666796,0.48776992954825515,-0.00038144967585527914,[0.02327573 0.02448693 0.02428061 ... 0.01761046 0.01770306 0.01808796],[0.0275784  0.02757764 0.02757687 ... 0.02376619 0.02376543 0.02376466],93.11870688700476,0.14700396624182024
LAS_1.0Torr_SmallAdmixture_1kHzLaserFreq_CapCoupling_3_Trial,0,65.0,1.0,0.27,3,1.1500757749777626,0.3794287631955403,0.3099356864235185,0.488392213835876,-0.00025761795023367665,[0.01946984 0.01915035 0.01970389 ... 0.01545162 0.01529037 0.01524932],[0.02371232 0.02371181 0.02371129 ... 0.02113769 0.02113717 0.02113666],80.73264498710772,0.14702651975144806
LAS_1.0Torr_SmallAdmixture_1kHzLaserFreq_CapCoupling_3_Trial,0,65.0,1.0,0.27,5,1.1438454772726683,0.37750634491764684,0.3100449670937036,0.48574645000426553,-0.0002298558370274274,[0.0182227  0.01909294 0.01650396 ... 0.01708584 0.01630868 0.01604446],[0.0214339  0.02143344 0.02143298 ... 0.01913672 0.01913626 0.0191358 ],65.47441776621905,0.14699343451426472
LAS_1.0Torr_SmallAdmixture_1kHzLaserFreq_CapCoupling_3_Trial,0,65.0,1.0,0.27,7,1.1326855872793407,0.37502396345721223,0.311040853378948,0.48100728107419083,-6.054509283185281e-05,[0.01838324 0.01751533 0.01872764 ... 0.01524943 0.01526745 0.01443418],[0.01905498 0.01905486 0.01905474 ... 0.01844989 0.01844977 0.01844965],80.86778186984802,0.14699921546151534
LAS_1.0Torr_SmallAdmixture_1kHzLaserFreq_CapCoupling_3_Trial,0,65.0,1.0,0.27,9,1.1447230748465784,0.37999479383173224,0.3118494620064875,0.48611913137996643,-1.5413554192852246e-05,[0.01799797 0.01907337 0.01828147 ... 0.01490267 0.01580422 0.01542253],[0.01998748 0.01998745 0.01998742 ... 0.01983344 0.01983341 0.01983338],48.83219627244112,0.14707154016156074
LAS_1.0Torr_SmallAdmixture_1kHzLaserFreq_CapCoupling_3_Trial,0,65.0,1.0,0.0,1,0.9796750285335122,0.29655116124469716,0.28437104937947283,0.4160296794656495,-0.00020439561394942478,[0.02186415 0.02129436 0.02190062 ... 0.02146693 0.02175421 0.02202955],[0.02615646 0.02615605 0.02615564 ... 0.02411373 0.02411332 0.02411291],53.2356021804565,0.1490958188244234
LAS_1.0Torr_SmallAdmixture_1kHzLaserFreq_CapCoupling_3_Trial,0,65.0,1.0,0.0,3,1.026825966030632,0.30840302754920057,0.28215618861250297,0.4360528390258104,-0.0002289580697630313,[0.02271144 0.02221882 0.02224998 ... 0.02057187 0.02042084 0.01996099],[0.02462668 0.02462623 0.02462577 ... 0.02233848 0.02233802 0.02233756],45.216934662403965,0.14904543219850697
LAS_1.0Torr_SmallAdmixture_1kHzLaserFreq_CapCoupling_3_Trial,0,65.0,1.0,0.0,5,1.041986461778343,0.3170594434426256,0.28585540375008067,0.4424909087966627,-0.00019300413212184462,[0.01748413 0.01897406 0.0177531  ... 0.01835937 0.01789664 0.017765  ],[0.02244377 0.02244339 0.022443   ... 0.02051489 0.0205145  0.02051412],37.09361266248165,0.14905994663423766
LAS_1.0Torr_SmallAdmixture_1kHzLaserFreq_CapCoupling_3_Trial,0,65.0,1.0,0.0,7,1.1631499794349123,0.3698387707777749,0.29870638741350647,0.493944317269316,-0.0002945750676178609,[0.01727926 0.0188722  0.01879524 ... 0.01452306 0.0141654  0.01444093],[0.02153857 0.02153798 0.02153739 ... 0.01859458 0.01859399 0.0185934 ],92.8667331441443,0.14894165914447619
LAS_1.0Torr_SmallAdmixture_1kHzLaserFreq_CapCoupling_3_Trial,0,65.0,1.0,0.0,9,1.2480316686308486,0.3874707774022377,0.2916628654926098,0.5299902518090064,-9.209612205110881e-05,[0.01703719 0.01691243 0.01691016 ... 0.01742077 0.01699948 0.01666831],[0.01837792 0.01837774 0.01837755 ... 0.01745751 0.01745733 0.01745714],37.04538265307166,0.1489885575618854
LAS_1.0Torr_SmallAdmixture_1kHzLaserFreq_CapCoupling_3_Trial,0,60.0,1.0,3.0,1,1.0505730799131718,0.2376025493488639,0.21246755379534807,0.44613730978299204,-0.00024201754797209955,"[-0.0064608  -0.00698798 -0.00640631 ...         nan         nan
         nan]","[-0.00027316 -0.00027364 -0.00027412 ... -0.00269188 -0.00269236
 -0.00269285]",,0.09609369027260839
LAS_1.0Torr_SmallAdmixture_1kHzLaserFreq_CapCoupling_3_Trial,0,60.0,1.0,3.0,3,1.0894484875493202,0.24422508199813195,0.21059659914589363,0.4626461753832241,-0.00019351427042750492,"[-0.00979127 -0.00929162 -0.01049242 ...         nan         nan
         nan]","[-0.00351225 -0.00351263 -0.00351302 ... -0.00544623 -0.00544661
 -0.005447  ]",,0.09616448661687288
LAS_1.0Torr_SmallAdmixture_1kHzLaserFreq_CapCoupling_3_Trial,0,60.0,1.0,3.0,5,1.0813084528525885,0.24358350621030206,0.21162456060215565,0.45918942092170656,2.5810410048889258e-05,"[-0.01000199 -0.0099606  -0.00955073 ...         nan         nan
         nan]","[-0.00630496 -0.00630491 -0.00630486 ... -0.00604701 -0.00604696
 -0.00604691]",,0.0961362062208698
LAS_1.0Torr_SmallAdmixture_1kHzLaserFreq_CapCoupling_3_Trial,0,60.0,1.0,3.0,7,1.0674293250849702,0.23782191306060205,0.20930544586922634,0.4532954980306961,5.6732875021475496e-05,"[-0.00776282 -0.00884247 -0.00915577 ...         nan         nan
         nan]","[-0.00553046 -0.00553035 -0.00553024 ... -0.00496347 -0.00496336
 -0.00496325]",,0.09612289958672836
LAS_1.0Torr_SmallAdmixture_1kHzLaserFreq_CapCoupling_3_Trial,0,60.0,1.0,3.0,9,1.070605800084577,0.24089337411677764,0.21137959071318757,0.454644422763314,-3.65936177599444e-05,"[-0.00785613 -0.00832113 -0.00735382 ...         nan         nan
         nan]","[-0.0034212  -0.00342127 -0.00342134 ... -0.00378691 -0.00378699
 -0.00378706]",,0.09608062026128791
LAS_1.0Torr_SmallAdmixture_1kHzLaserFreq_CapCoupling_3_Trial,0,60.0,1.0,2.45,1,1.2077602537340708,0.28728796183807676,0.22346241337045794,0.5128885565088679,-0.00027609257657362974,"[-0.01776222 -0.018748   -0.01717533 ...         nan         nan
         nan]","[-0.0118375  -0.01183805 -0.01183861 ... -0.01459677 -0.01459732
 -0.01459787]",,0.10270834220391056
LAS_1.0Torr_SmallAdmixture_1kHzLaserFreq_CapCoupling_3_Trial,0,60.0,1.0,2.45,3,1.2292393994812116,0.29192919641793946,0.2231047670385356,0.522009909876173,-0.0001688125687246861,"[-0.02252268 -0.0236057  -0.02229864 ...         nan         nan
         nan]","[-0.01712489 -0.01712523 -0.01712557 ... -0.018812   -0.01881234
 -0.01881268]",,0.10265071580340296
LAS_1.0Torr_SmallAdmixture_1kHzLaserFreq_CapCoupling_3_Trial,0,60.0,1.0,2.45,5,1.1945974106066912,0.2838224860831851,0.22319939888731555,0.5072988116979404,-9.70210512691206e-05,"[-0.02725042 -0.02756313 -0.02631326 ... -0.0198759  -0.02010999
 -0.019286  ]","[-0.02109076 -0.02109096 -0.02109115 ... -0.02206039 -0.02206059
 -0.02206078]",84.10071803465146,0.10269258440615138
LAS_1.0Torr_SmallAdmixture_1kHzLaserFreq_CapCoupling_3_Trial,0,60.0,1.0,2.45,7,1.2278155655052747,0.2945355031130971,0.22535765085461604,0.5214052632582961,-3.172343745070363e-05,"[-0.02661531 -0.02645643 -0.0256864  ... -0.0225985  -0.02190424
 -0.0221333 ]","[-0.02337805 -0.02337811 -0.02337818 ... -0.02369509 -0.02369516
 -0.02369522]",80.12822109861594,0.10268713056654812
LAS_1.0Torr_SmallAdmixture_1kHzLaserFreq_CapCoupling_3_Trial,0,60.0,1.0,2.45,9,1.2162652668690441,0.29255567842205665,0.2259685595663229,0.5165003030425023,9.006312778300309e-05,"[-0.02855206 -0.02721417 -0.02817304 ...         nan         nan
         nan]","[-0.02409352 -0.02409334 -0.02409316 ... -0.02319343 -0.02319325
 -0.02319307]",,0.10272987652126814
LAS_1.0Torr_SmallAdmixture_1kHzLaserFreq_CapCoupling_3_Trial,0,60.0,1.0,2.73,1,1.1072230899477995,0.25247512074510886,0.21421567390121277,0.4701943540374641,-7.429923815338648e-05,"[-0.00635733 -0.00626835 -0.00625697 ...         nan         nan
         nan]","[-0.00324976 -0.00324991 -0.00325005 ... -0.0039923  -0.00399245
 -0.0039926 ]",,0.09954810556478544
LAS_1.0Torr_SmallAdmixture_1kHzLaserFreq_CapCoupling_3_Trial,0,60.0,1.0,2.73,3,1.2080143459864705,0.27451654276109694,0.2134834530288018,0.5129964595534915,-0.00017196238989014302,"[-0.00898683 -0.00855905 -0.00886912 ...         nan         nan
         nan]","[-0.00513512 -0.00513546 -0.00513581 ... -0.00685371 -0.00685406
 -0.0068544 ]",,0.0995503469600094
LAS_1.0Torr_SmallAdmixture_1kHzLaserFreq_CapCoupling_3_Trial,0,60.0,1.0,2.73,5,1.2159008625424064,0.28110012767595016,0.21718541956935994,0.5163455547731359,7.512657639083442e-06,"[-0.01288155 -0.01342831 -0.01215325 ...         nan         nan
         nan]","[-0.0088417  -0.00884168 -0.00884167 ... -0.00876661 -0.0087666
 -0.00876658]",,0.09953206757958684
LAS_1.0Torr_SmallAdmixture_1kHzLaserFreq_CapCoupling_3_Trial,0,60.0,1.0,2.73,7,1.22984664072354,0.28547408470354,0.2180637718499516,0.5222677814887448,-5.7172795184094665e-05,"[-0.01178689 -0.01236449 -0.01218895 ...         nan         nan
         nan]","[-0.00831355 -0.00831366 -0.00831378 ... -0.00888493 -0.00888505
 -0.00888516]",,0.09952097387940728
LAS_1.0Torr_SmallAdmixture_1kHzLaserFreq_CapCoupling_3_Trial,0,60.0,1.0,2.73,9,1.0580327471489896,0.239766162813687,0.21289064268086325,0.4493051387861292,0.00012417984308193814,"[-0.01294535 -0.01228966 -0.01204869 ...         nan         nan
         nan]","[-0.00922848 -0.00922823 -0.00922798 ... -0.00798743 -0.00798718
 -0.00798693]",,0.09959303351814945
LAS_1.0Torr_SmallAdmixture_1kHzLaserFreq_CapCoupling_3_Trial,0,60.0,1.0,2.18,1,1.206448279707678,0.29094297935512203,0.22655151105886667,0.5123314124378544,-0.00013422370165566293,"[-0.00925304 -0.00958927 -0.00867903 ... -0.0026131  -0.00288216
 -0.00248848]","[-0.00345434 -0.0034546  -0.00345487 ... -0.00479577 -0.00479604
 -0.0047963 ]",71.85536044941973,0.10730112223756905
LAS_1.0Torr_SmallAdmixture_1kHzLaserFreq_CapCoupling_3_Trial,0,60.0,1.0,2.18,3,1.174702435837426,0.28289968931881193,0.22624156226353692,0.49885019380408196,-8.857562673217535e-05,"[-0.00776959 -0.01040499 -0.00796373 ... -0.00278141 -0.0033562
 -0.00067005]","[-0.00351296 -0.00351314 -0.00351332 ... -0.00439819 -0.00439836
 -0.00439854]",80.17192342756903,0.10743459971827925
LAS_1.0Torr_SmallAdmixture_1kHzLaserFreq_CapCoupling_3_Trial,0,60.0,1.0,2.18,5,1.2346624759629146,0.29802998615229215,0.22676681652890365,0.5243128784164428,-4.142493839827504e-05,"[-0.00690136 -0.00675686 -0.0061866  ... -0.00164493 -0.00220147
 -0.00138755]","[-0.00326509 -0.00326518 -0.00326526 ... -0.0036791  -0.00367918
 -0.00367926]",68.60047136509601,0.10741102075705138
LAS_1.0Torr_SmallAdmixture_1kHzLaserFreq_CapCoupling_3_Trial,0,60.0,1.0,2.18,7,1.2508722101773004,0.30369510702972274,0.22808285497202224,0.5311965187390191,-0.0001228232056214449,"[-0.00820325 -0.00852472 -0.00739916 ... -0.00189331 -0.00234308
 -0.00118389]","[-0.00190298 -0.00190323 -0.00190347 ... -0.00313048 -0.00313072
 -0.00313097]",71.50707967270984,0.10743801673187207
LAS_1.0Torr_SmallAdmixture_1kHzLaserFreq_CapCoupling_3_Trial,0,60.0,1.0,2.18,9,1.1975514801318572,0.288809431639697,0.22656090449866614,0.5085532895215854,-1.560735323618909e-05,"[-0.00697508 -0.00694157 -0.00657856 ...         nan         nan
         nan]","[-0.00342507 -0.0034251  -0.00342513 ... -0.00358105 -0.00358108
 -0.00358111]",,0.10750796481368459
LAS_1.0Torr_SmallAdmixture_1kHzLaserFreq_CapCoupling_3_Trial,0,55.0,1.0,0.55,1,1.1404848919096082,0.3969967583604844,0.3270131476290664,0.48431934079897765,-0.00017584165583554363,[0.0181508  0.0187738  0.01749555 ... 0.01794155 0.0185411  0.01828494],[0.02287844 0.02287809 0.02287774 ... 0.02112108 0.02112073 0.02112037],66.24492819144112,0.1332103777405654
LAS_1.0Torr_SmallAdmixture_1kHzLaserFreq_CapCoupling_3_Trial,0,55.0,1.0,0.55,3,1.1403039069181509,0.39521516033142096,0.3255972837329289,0.4842424835495928,-0.00026115749405041026,[0.01738785 0.01902994 0.01877851 ... 0.01330234 0.013492   0.01339926],[0.02100977 0.02100925 0.02100873 ... 0.01839976 0.01839924 0.01839872],74.54543509929044,0.133197400449906
LAS_1.0Torr_SmallAdmixture_1kHzLaserFreq_CapCoupling_3_Trial,0,55.0,1.0,0.55,5,1.150305405581829,0.39742025618393917,0.32456719942189227,0.4884897289748994,-0.0003393609978090778,[0.01664197 0.01550885 0.01620842 ... 0.01006657 0.01101565 0.01217193],[0.01903226 0.01903158 0.0190309  ... 0.01564068 0.01564    0.01563932],88.7324043991422,0.1331010226757655
LAS_1.0Torr_SmallAdmixture_1kHzLaserFreq_CapCoupling_3_Trial,0,55.0,1.0,0.55,7,1.1481752698361547,0.4019622819977521,0.3288856346764519,0.48758514361171246,-9.932317770310537e-05,[0.01443144 0.01488234 0.01413531 ... 0.01146257 0.01028507 0.01105024],[0.01506057 0.01506037 0.01506017 ... 0.01406794 0.01406774 0.01406754],54.45250781730767,0.1331162772066955
LAS_1.0Torr_SmallAdmixture_1kHzLaserFreq_CapCoupling_3_Trial,0,55.0,1.0,0.55,9,1.1516124907226482,0.40219552719011586,0.32809428050885187,0.48904479692736463,-7.640625304782706e-05,[0.01330124 0.01307758 0.01187476 ... 0.01173489 0.01125889 0.01269106],[0.01449618 0.01449603 0.01449588 ... 0.01373258 0.01373243 0.01373227],62.54146581209616,0.13313439074253716
LAS_1.0Torr_SmallAdmixture_1kHzLaserFreq_CapCoupling_3_Trial,0,60.0,1.0,1.91,1,1.1998218818576594,0.3020098672252599,0.2364678725205982,0.5095174403621531,-0.0002791376911563273,"[-0.00102964 -0.00064758 -0.00034347 ...  0.00392283  0.00312999
  0.00390451]",[0.00713863 0.00713807 0.00713751 ... 0.00434893 0.00434837 0.00434781],120.24416371898914,0.11272770661191725
LAS_1.0Torr_SmallAdmixture_1kHzLaserFreq_CapCoupling_3_Trial,0,60.0,1.0,1.91,3,1.1862886812026106,0.29710443696826794,0.23528082850129747,0.5037704191901505,-0.00015555770173408015,"[-0.00213022 -0.00150409 -0.00179225 ...  0.00310499  0.00224407
  0.00161279]",[0.00365624 0.00365593 0.00365562 ... 0.0021016  0.00210129 0.00210098],99.14352708252991,0.11271822045462179
LAS_1.0Torr_SmallAdmixture_1kHzLaserFreq_CapCoupling_3_Trial,0,60.0,1.0,1.91,5,1.2329875826650412,0.30739906252673743,0.23421333907577074,0.5236016167209228,-1.5573267430781663e-05,"[-0.00240929 -0.00365846 -0.00319549 ...  0.00333983  0.00310873
  0.00367741]",[0.00227841 0.00227838 0.00227835 ... 0.00212277 0.00212274 0.00212271],88.05905258594959,0.11275933500856511
LAS_1.0Torr_SmallAdmixture_1kHzLaserFreq_CapCoupling_3_Trial,0,60.0,1.0,1.91,7,1.1758413875509668,0.2971333279476032,0.23739436966022615,0.49933386206397473,-2.131412675904751e-05,"[-0.00010579 -0.00112812 -0.00139336 ...  0.00612046  0.00559447
  0.00592284]",[0.00351648 0.00351644 0.0035164  ... 0.00330347 0.00330343 0.00330338],80.42678739504403,0.11277918325104125
LAS_1.0Torr_SmallAdmixture_1kHzLaserFreq_CapCoupling_3_Trial,0,60.0,1.0,1.91,9,1.1827027110350636,0.29887332443589204,0.2373992550826649,0.5022475978709106,1.9700836203638116e-05,"[ 5.65229052e-05 -7.40018880e-04 -6.71341014e-04 ...             nan
             nan             nan]",[0.00399854 0.00399858 0.00399862 ... 0.00419543 0.00419547 0.00419551],,0.11266702769554049
LAS_1.0Torr_SmallAdmixture_1kHzLaserFreq_CapCoupling_3_Trial,0,60.0,1.0,0.27,2,1.135250653442904,0.3829882166271479,0.31692860683328883,0.4820965643801387,-0.00021528965075273462,[0.02318637 0.02217147 0.02271353 ... 0.01895833 0.01866257 0.01857447],[0.02599895 0.02599852 0.02599809 ... 0.02384735 0.02384691 0.02384648],59.80749783051735,0.144937409166082
LAS_1.0Torr_SmallAdmixture_1kHzLaserFreq_CapCoupling_3_Trial,0,60.0,1.0,0.27,5,1.1371044153774899,0.38420766243360843,0.3174193996356621,0.48288378459193254,-0.0002975858170437863,[0.02274142 0.02260649 0.02271363 ... 0.0153349  0.01548731 0.01607595],[0.0252057  0.02520511 0.02520451 ... 0.02223163 0.02223103 0.02223044],78.65011078367654,0.14491533391383515
LAS_1.0Torr_SmallAdmixture_1kHzLaserFreq_CapCoupling_3_Trial,0,60.0,1.0,0.27,8,1.1572257915076523,0.3928805804466041,0.31894092411114106,0.4914285462915035,-0.00018244434517282593,[0.01946944 0.01946419 0.01993149 ... 0.01551667 0.01529827 0.01568089],[0.02189235 0.02189199 0.02189162 ... 0.020069   0.02006864 0.02006828],60.97372777475609,0.1448940349261635
LAS_1.0Torr_SmallAdmixture_1kHzLaserFreq_CapCoupling_3_Trial,0,60.0,1.0,0.27,11,1.1264931610187807,0.3838258533133217,0.3200909935441916,0.47837759976430605,-0.00017282012509358023,[0.01764383 0.01778944 0.0173005  ... 0.01427497 0.01460474 0.01462903],[0.02051649 0.02051615 0.0205158  ... 0.01878933 0.01878898 0.01878864],59.01021450076035,0.14492896213374096
LAS_1.0Torr_SmallAdmixture_1kHzLaserFreq_CapCoupling_3_Trial,0,60.0,1.0,0.27,14,1.100035921325342,0.3755962382992611,0.3207614416559825,0.46714224454076453,-7.93070203160993e-05,[0.01787436 0.01813367 0.01893594 ... 0.015026   0.01549418 0.01534959],[0.01960693 0.01960677 0.01960661 ... 0.01881434 0.01881418 0.01881402],91.23490000090065,0.14489971289154996
LAS_1.0Torr_SmallAdmixture_1kHzLaserFreq_CapCoupling_3_Trial,0,60.0,1.0,1.64,1,1.1587040022361181,0.32729092189581716,0.26535620176985564,0.49205628459005635,-0.00017406234021471906,[0.00949128 0.00864682 0.00858759 ... 0.01490727 0.01519648 0.01544083],[0.01488912 0.01488877 0.01488842 ... 0.01314954 0.01314919 0.01314885],85.08702142443013,0.12017510521464204
LAS_1.0Torr_SmallAdmixture_1kHzLaserFreq_CapCoupling_3_Trial,0,60.0,1.0,1.64,3,1.1939830732536751,0.3324635314245715,0.2615854799157758,0.5070379266446166,-5.699304967268564e-05,[0.00750686 0.00823809 0.0081018  ... 0.01203705 0.01300771 0.01332636],[0.01188978 0.01188966 0.01188955 ... 0.01132019 0.01132007 0.01131996],45.36507540001963,0.11996493557819045
LAS_1.0Torr_SmallAdmixture_1kHzLaserFreq_CapCoupling_3_Trial,0,60.0,1.0,1.64,5,1.018113704389538,0.28784719624890254,0.26560332658279484,0.4323530821550132,6.5613329220004e-05,[0.00949186 0.00937979 0.0105786  ... 0.01428561 0.01345331 0.01387949],[0.01090821 0.01090834 0.01090847 ... 0.01156395 0.01156408 0.01156421],86.72940911431277,0.12007906113919616
LAS_1.0Torr_SmallAdmixture_1kHzLaserFreq_CapCoupling_3_Trial,0,60.0,1.0,1.64,7,1.0119240804184917,0.29116861285331636,0.27031143402432795,0.4297245908679158,-0.00010251103601737679,[0.00957251 0.00985473 0.00964254 ... 0.01518613 0.0152444  0.01395748],[0.01463862 0.01463842 0.01463821 ... 0.01361413 0.01361392 0.01361372],38.278291072983485,0.11995023993943639
LAS_1.0Torr_SmallAdmixture_1kHzLaserFreq_CapCoupling_3_Trial,0,60.0,1.0,1.64,9,1.1755108659409383,0.33058896050750625,0.26419797759906216,0.499193502459543,8.804204642568699e-05,[0.01062063 0.01037594 0.01073632 ... 0.01557076 0.01632442 0.01691079],[0.01301507 0.01301525 0.01301543 ... 0.01389497 0.01389514 0.01389532],36.776251793017195,0.1200163261980939
LAS_1.0Torr_SmallAdmixture_1kHzLaserFreq_CapCoupling_3_Trial,0,60.0,1.0,1.36,1,0.9906126473894611,0.27979914108264925,0.26534462726059105,0.42067445853444885,-0.0002882492708953828,[0.00539022 0.00698911 0.00572653 ... 0.00708488 0.00610593 0.00726317],[0.01237104 0.01237046 0.01236989 ... 0.00949028 0.0094897  0.00948912],167.1083870375967,0.1298973552387401
LAS_1.0Torr_SmallAdmixture_1kHzLaserFreq_CapCoupling_3_Trial,0,60.0,1.0,1.36,3,0.9839294153215731,0.28586496310061443,0.27293848403043003,0.4178363511886282,-0.0004305263340142729,"[-0.00090562 -0.00128313 -0.00105041 ... -0.00097517 -0.00139232
 -0.00083871]",[0.00710518 0.00710432 0.00710345 ... 0.0028025  0.00280164 0.00280077],15.823595467306218,0.12725646640000668
LAS_1.0Torr_SmallAdmixture_1kHzLaserFreq_CapCoupling_3_Trial,0,60.0,1.0,1.36,5,1.1159704915954816,0.31938483477642726,0.2688619657060468,0.47390903349509006,0.0005048181886966581,"[-3.35955825e-03 -3.01838435e-03 -2.58582606e-03 ... -4.06626971e-04
 -3.11605796e-05 -1.37085978e-04]","[-0.00807687 -0.00807586 -0.00807485 ... -0.00303171 -0.0030307
 -0.00302969]",44.89367827460757,0.12873216450162167
LAS_1.0Torr_SmallAdmixture_1kHzLaserFreq_CapCoupling_3_Trial,0,60.0,1.0,1.36,7,1.1760982889294709,0.33886787785110006,0.27067900702154163,0.49944295803461847,0.00015332592014110852,"[-0.00066752 -0.0017978  -0.00198393 ...  0.00150117  0.00191113
  0.00272692]","[-0.00137905 -0.00137875 -0.00137844 ...  0.00015329  0.00015359
  0.0001539 ]",78.34494327922938,0.12977553070769385
LAS_1.0Torr_SmallAdmixture_1kHzLaserFreq_CapCoupling_3_Trial,0,60.0,1.0,1.36,9,1.0397299433760783,0.3057229102831887,0.2762327859290009,0.44153265366076544,0.00035854075045857345,[0.00274063 0.00124804 0.0027788  ... 0.005655   0.00548601 0.00552443],"[-0.00069966 -0.00069894 -0.00069823 ...  0.0028836   0.00288431
  0.00288503]",126.98667333037704,0.13000726087196188
LAS_1.0Torr_SmallAdmixture_1kHzLaserFreq_CapCoupling_3_Trial,0,60.0,1.0,1.09,1,1.0701794975333347,0.33347117759511796,0.292731505627604,0.4544633887381697,1.7312131614665536e-05,"[-0.00161863 -0.00208278 -0.00226504 ... -0.00296889 -0.00352821
 -0.00333463]","[-0.00173462 -0.00173459 -0.00173455 ... -0.00156161 -0.00156157
 -0.00156154]",90.08621995871324,0.13041773525679556
LAS_1.0Torr_SmallAdmixture_1kHzLaserFreq_CapCoupling_3_Trial,0,60.0,1.0,1.09,3,1.045674436354254,0.3325113276282066,0.29872924679400364,0.44405704739977736,9.839737603529782e-05,"[-0.00478817 -0.00497255 -0.00590588 ... -0.00527395 -0.0057332
 -0.00454439]","[-0.00586183 -0.00586163 -0.00586143 ... -0.00487844 -0.00487825
 -0.00487805]",103.10985873694426,0.13039605613020105
LAS_1.0Torr_SmallAdmixture_1kHzLaserFreq_CapCoupling_3_Trial,0,60.0,1.0,1.09,5,1.0348090412608395,0.3271701373780935,0.2970169483209932,0.43944293893898756,0.0002917929501669453,"[-0.00580488 -0.00529875 -0.00656107 ... -0.0026794  -0.00316748
 -0.00298264]","[-0.00852951 -0.00852892 -0.00852834 ... -0.00561333 -0.00561275
 -0.00561216]",133.70038670879353,0.1304387146864356
LAS_1.0Torr_SmallAdmixture_1kHzLaserFreq_CapCoupling_3_Trial,0,60.0,1.0,1.09,7,1.0441547406822473,0.33688449527642617,0.30309861282802114,0.44341169206775805,0.00044816428986550153,"[-0.0039912  -0.00372466 -0.00320694 ...  0.0003174  -0.00028998
 -0.00122531]","[-0.00819298 -0.00819208 -0.00819118 ... -0.00371402 -0.00371313
 -0.00371223]",166.84162606722606,0.13042928208274895
LAS_1.0Torr_SmallAdmixture_1kHzLaserFreq_CapCoupling_3_Trial,0,60.0,1.0,1.09,9,1.1651161647915667,0.36710424120727664,0.29599744624653807,0.49477927931272286,0.00043270147552919725,[0.00057931 0.00174242 0.00051066 ... 0.00307958 0.0034235  0.00365775],"[-0.00577804 -0.00577718 -0.00577631 ... -0.00145362 -0.00145276
 -0.00145189]",158.49186659943243,0.13045106460108902
LAS_1.0Torr_SmallAdmixture_1kHzLaserFreq_CapCoupling_3_Trial,0,60.0,1.0,0.82,2,1.1701204000925047,0.3983803105065089,0.3198417143741533,0.4969043823801516,-0.00010972446877491375,[0.01311504 0.01292051 0.01357064 ... 0.01276743 0.01159099 0.01159921],[0.01529206 0.01529184 0.01529162 ... 0.01419547 0.01419525 0.01419503],87.20271634073175,0.13264731058512153
LAS_1.0Torr_SmallAdmixture_1kHzLaserFreq_CapCoupling_3_Trial,0,60.0,1.0,0.82,5,1.1626152859649657,0.3949252125614689,0.31911456133203436,0.49371725385906734,-0.0001382423109299036,[0.01301641 0.01252179 0.0125675  ... 0.01106622 0.00985843 0.01005249],[0.0137464  0.01374613 0.01374585 ... 0.01236481 0.01236453 0.01236426],62.35464507944789,0.13260436087659347
LAS_1.0Torr_SmallAdmixture_1kHzLaserFreq_CapCoupling_3_Trial,0,60.0,1.0,0.82,8,1.1320763892838077,0.38605206711278556,0.3203597449764407,0.48074857850504193,3.28060800621534e-06,[0.0084008  0.00918544 0.00878648 ... 0.0071515  0.00823203 0.00888784],[0.01030219 0.0103022  0.0103022  ... 0.01033498 0.01033498 0.01033499],70.75522292235227,0.13257840218101413
LAS_1.0Torr_SmallAdmixture_1kHzLaserFreq_CapCoupling_3_Trial,0,60.0,1.0,0.82,11,1.1546502809037607,0.3902433665219277,0.31750667049507003,0.4903348276401245,-5.2284348493879346e-05,[0.01058224 0.01076936 0.01202393 ... 0.01089934 0.0085491  0.00997487],[0.01099196 0.01099186 0.01099175 ... 0.01046943 0.01046933 0.01046922],84.47904663102284,0.1326137850310736
LAS_1.0Torr_SmallAdmixture_1kHzLaserFreq_CapCoupling_3_Trial,0,60.0,1.0,0.82,14,1.1423037636325748,0.38787433585384334,0.31899011642333536,0.48509174450209913,5.418724476908222e-05,[0.01175801 0.01234568 0.0123438  ... 0.01051611 0.01061864 0.00970806],[0.01060453 0.01060464 0.01060475 ... 0.01114608 0.01114619 0.01114629],64.88435878955677,0.13264588687174528
LAS_1.0Torr_SmallAdmixture_1kHzLaserFreq_CapCoupling_3_Trial,0,60.0,1.0,0.55,1,1.1441778496994714,0.3953051104603208,0.3245687349431306,0.4858875955782148,-9.733478841195493e-05,[0.01627044 0.01663922 0.01682347 ... 0.01697898 0.01672163 0.01669284],[0.02020058 0.02020039 0.02020019 ... 0.01922782 0.01922763 0.01922743],59.17435244007391,0.13561318351050494
LAS_1.0Torr_SmallAdmixture_1kHzLaserFreq_CapCoupling_3_Trial,0,60.0,1.0,0.55,3,1.1348870148704202,0.3933623942837449,0.3256176979616725,0.4819421412966206,-0.00022959689160193222,[0.01695897 0.01677506 0.01814628 ... 0.01627874 0.01472078 0.01429705],[0.02142954 0.02142908 0.02142862 ... 0.01913495 0.01913449 0.01913403],86.3687454157425,0.13564009301509303
LAS_1.0Torr_SmallAdmixture_1kHzLaserFreq_CapCoupling_3_Trial,0,60.0,1.0,0.55,5,1.1122223797093334,0.38401762110083326,0.3243600160553875,0.47231735692767784,-0.00015010627364120236,[0.01696804 0.01536451 0.01517507 ... 0.01529016 0.01472377 0.01507718],[0.01909758 0.01909728 0.01909698 ... 0.01759742 0.01759712 0.01759682],61.33314993736312,0.13560329021043308
LAS_1.0Torr_SmallAdmixture_1kHzLaserFreq_CapCoupling_3_Trial,0,60.0,1.0,0.55,7,1.1455995335638607,0.3974362004397013,0.32591352532790563,0.48649132912778653,-0.00018063879417703243,[0.01917838 0.01819309 0.01789194 ... 0.01266392 0.01170043 0.01258769],[0.01854689 0.01854653 0.01854617 ... 0.01674159 0.01674123 0.01674086],60.18250443678859,0.1356624807785522
LAS_1.0Torr_SmallAdmixture_1kHzLaserFreq_CapCoupling_3_Trial,0,60.0,1.0,0.55,9,1.1372696988728566,0.39593454686511426,0.32706021590022694,0.4829539740298539,-0.00020905748154934967,[0.01460977 0.01407286 0.01364591 ... 0.0101306  0.01063794 0.00969723],[0.01645864 0.01645822 0.0164578  ... 0.01436932 0.0143689  0.01436848],63.07184967410319,0.13556575017791786
LAS_1.0Torr_SmallAdmixture_1kHzLaserFreq_CapCoupling_3_Trial,0,60.0,1.0,0.0,1,1.0947227010847256,0.3460135055631548,0.2969318035859559,0.46488592765072106,-0.0003042011993687472,[0.01596512 0.01541288 0.01429908 ... 0.01379841 0.01309951 0.01311453],[0.01975805 0.01975745 0.01975684 ... 0.01671787 0.01671726 0.01671665],79.5431064856274,0.14724327757980324
LAS_1.0Torr_SmallAdmixture_1kHzLaserFreq_CapCoupling_3_Trial,0,60.0,1.0,0.0,3,1.1017138477704735,0.33232591987206195,0.28337608575744305,0.4678547942953296,-0.00019315425108095628,[0.01388403 0.01408285 0.01435656 ... 0.01277318 0.0125578  0.01295652],[0.01693944 0.01693905 0.01693867 ... 0.01500905 0.01500867 0.01500828],38.786877910281476,0.14725722066770394
LAS_1.0Torr_SmallAdmixture_1kHzLaserFreq_CapCoupling_3_Trial,0,60.0,1.0,0.0,5,1.0571958516079578,0.326501923805154,0.2901336382688148,0.44894974197234805,-8.314433266909681e-05,[0.01601836 0.01591608 0.01554173 ... 0.01461198 0.01493079 0.01595578],[0.01686003 0.01685987 0.0168597  ... 0.01602909 0.01602892 0.01602875],45.14463559528662,0.14718691839319756
LAS_1.0Torr_SmallAdmixture_1kHzLaserFreq_CapCoupling_3_Trial,0,60.0,1.0,0.0,7,1.1285598776219359,0.35644585707942883,0.29671312317434706,0.4792552534973445,-0.00011022344941766624,[0.01714614 0.01744116 0.01833459 ... 0.01712097 0.0157335  0.0171027 ],[0.01919371 0.01919349 0.01919327 ... 0.01809214 0.01809192 0.0180917 ],24.008178500216744,0.14723154743988495
LAS_1.0Torr_SmallAdmixture_1kHzLaserFreq_CapCoupling_3_Trial,0,60.0,1.0,0.0,9,1.139137227760773,0.34408224271029386,0.28376184875990634,0.4837470405284414,-5.121989743922316e-05,[0.02001375 0.01867338 0.01829019 ... 0.01967614 0.01984477 0.01835288],[0.02009011 0.02009001 0.02008991 ... 0.01957822 0.01957812 0.01957802],31.895598637211986,0.14723084843056544
LAS_1.0Torr_SmallAdmixture_1kHzLaserFreq_CapCoupling_3_Trial,0,55.0,1.0,3.0,1,1.0571237849974502,0.2563432727309585,0.22780532418719068,0.44891913810065964,-0.00022190788793694858,"[-0.00702829 -0.00663469 -0.00713157 ...         nan         nan
         nan]","[ 4.02646300e-05  3.98208142e-05  3.93769984e-05 ... -2.17748280e-03
 -2.17792662e-03 -2.17837043e-03]",,0.09457035901230851
LAS_1.0Torr_SmallAdmixture_1kHzLaserFreq_CapCoupling_3_Trial,0,55.0,1.0,3.0,3,1.0902401500412386,0.2665263294431986,0.22966019883275662,0.4629823634896524,-0.00017484370553833042,"[-0.00803235 -0.00771151 -0.00841692 ...         nan         nan
         nan]","[-0.00335954 -0.00335989 -0.00336024 ... -0.00510693 -0.00510728
 -0.00510763]",,0.09462062627516891
LAS_1.0Torr_SmallAdmixture_1kHzLaserFreq_CapCoupling_3_Trial,0,55.0,1.0,3.0,5,1.2995249685912,0.31879959337515695,0.23046284580094595,0.5518574429215547,-0.00013521846338376215,"[-0.00944901 -0.00910654 -0.00933964 ...         nan         nan
         nan]","[-0.00522184 -0.00522211 -0.00522238 ... -0.00657321 -0.00657348
 -0.00657375]",,0.09459561676366313
LAS_1.0Torr_SmallAdmixture_1kHzLaserFreq_CapCoupling_3_Trial,0,55.0,1.0,3.0,7,1.0501451960785864,0.25870603397544595,0.23143284704688116,0.4459556042486399,4.126715054325556e-05,"[-0.00908072 -0.00921297 -0.00885228 ...         nan         nan
         nan]","[-0.00536097 -0.00536089 -0.00536081 ... -0.00494855 -0.00494846
 -0.00494838]",,0.09461446950139521
LAS_1.0Torr_SmallAdmixture_1kHzLaserFreq_CapCoupling_3_Trial,0,55.0,1.0,3.0,9,1.0610752081373342,0.2567152832981831,0.2272863462389379,0.4505971530080926,0.0001337973735215578,"[-0.00553192 -0.00594107 -0.00572108 ...         nan         nan
         nan]","[-0.00413701 -0.00413675 -0.00413648 ... -0.00279984 -0.00279957
 -0.00279931]",,0.09461510731905803
LAS_1.0Torr_SmallAdmixture_1kHzLaserFreq_CapCoupling_3_Trial,0,55.0,1.0,2.73,1,1.173874341455402,0.30561458969713373,0.24457961839426878,0.4984985344984075,-0.00018108364248240846,"[-0.00715433 -0.00679145 -0.00623423 ...         nan         nan
         nan]","[-0.00070572 -0.00070608 -0.00070644 ... -0.00251547 -0.00251583
 -0.00251619]",,0.09643278177668539
LAS_1.0Torr_SmallAdmixture_1kHzLaserFreq_CapCoupling_3_Trial,0,55.0,1.0,2.73,3,1.0599377574741955,0.27270487555128825,0.24170204747354362,0.4501141221856147,-0.0001344184643282921,"[-0.00562085 -0.00712627 -0.00519173 ...         nan         nan
         nan]","[-0.00349779 -0.00349806 -0.00349833 ... -0.00484117 -0.00484144
 -0.00484171]",,0.09646780844535849
LAS_1.0Torr_SmallAdmixture_1kHzLaserFreq_CapCoupling_3_Trial,0,55.0,1.0,2.73,5,1.192881842106701,0.31087183618309855,0.2448227322267272,0.5065702768344759,-5.658314216784832e-05,"[-0.01084398 -0.01096994 -0.01065707 ...         nan         nan
         nan]","[-0.00608951 -0.00608962 -0.00608973 ... -0.006655   -0.00665511
 -0.00665523]",,0.09649336679457599
LAS_1.0Torr_SmallAdmixture_1kHzLaserFreq_CapCoupling_3_Trial,0,55.0,1.0,2.73,7,1.1253842773614116,0.2887196183353103,0.2410145387778689,0.4779067002322127,-3.8397232161106744e-05,"[-0.01048479 -0.01023282 -0.01215805 ...         nan         nan
         nan]","[-0.00689697 -0.00689705 -0.00689713 ... -0.00728072 -0.00728079
 -0.00728087]",,0.09647699095438736
LAS_1.0Torr_SmallAdmixture_1kHzLaserFreq_CapCoupling_3_Trial,0,55.0,1.0,2.73,9,1.1259286183422244,0.2876742356707767,0.24002578556753051,0.47813786056311,3.3838676421609815e-05,"[-0.01052262 -0.01049763 -0.00904204 ...         nan         nan
         nan]","[-0.00755398 -0.00755391 -0.00755384 ... -0.00721579 -0.00721572
 -0.00721566]",,0.09648942343532921
LAS_1.0Torr_SmallAdmixture_1kHzLaserFreq_CapCoupling_3_Trial,0,55.0,1.0,2.45,1,1.163679116959441,0.3127426662730117,0.2524769200159425,0.4941690212867823,-5.5958658521515775e-05,"[-0.01549813 -0.01541848 -0.01584625 ... -0.01033199 -0.0111354
 -0.0108259 ]","[-0.01141129 -0.0114114  -0.01141151 ... -0.01197054 -0.01197065
 -0.01197076]",115.76607263868277,0.09767364715494041
LAS_1.0Torr_SmallAdmixture_1kHzLaserFreq_CapCoupling_3_Trial,0,55.0,1.0,2.45,3,1.2200083546845584,0.32555520266033317,0.25068573709301656,0.5180898460835566,-0.00016282826897160373,"[-0.01716547 -0.01741712 -0.01925527 ... -0.01451784 -0.01485838
 -0.01502001]","[-0.01452876 -0.01452908 -0.01452941 ... -0.01615606 -0.01615639
 -0.01615671]",113.21715071857378,0.09763905866054862
LAS_1.0Torr_SmallAdmixture_1kHzLaserFreq_CapCoupling_3_Trial,0,55.0,1.0,2.45,5,1.1986217373185797,0.3210537302788056,0.25163054640091903,0.5090077859018846,-0.00017784989421626096,"[-0.02516571 -0.02402779 -0.0251197  ... -0.01902199 -0.01949699
 -0.01879071]","[-0.01796552 -0.01796588 -0.01796623 ... -0.01974295 -0.01974331
 -0.01974366]",119.49652736612987,0.09764711158333751
LAS_1.0Torr_SmallAdmixture_1kHzLaserFreq_CapCoupling_3_Trial,0,55.0,1.0,2.45,7,1.1710193106403595,0.3127792759069046,0.25092371160894733,0.4972861145425526,-1.3652239910474578e-05,"[-0.02728165 -0.02667094 -0.02597783 ... -0.0205971  -0.02124609
 -0.02166225]","[-0.02239155 -0.02239157 -0.0223916  ... -0.02252799 -0.02252801
 -0.02252804]",96.79863388580485,0.09766434366798722
LAS_1.0Torr_SmallAdmixture_1kHzLaserFreq_CapCoupling_3_Trial,0,55.0,1.0,2.45,9,1.1762641563169718,0.3137601532595159,0.25058825686351677,0.4995133954286992,0.00017831878654036095,"[-0.02375099 -0.02390592 -0.02305927 ...         nan         nan
         nan]","[-0.02331722 -0.02331687 -0.02331651 ... -0.02153511 -0.02153475
 -0.02153439]",,0.09767032159092838
LAS_1.0Torr_SmallAdmixture_1kHzLaserFreq_CapCoupling_3_Trial,0,55.0,1.0,2.18,1,1.1810802940720397,0.28814544611353066,0.22919235476642483,0.5015586208229839,-0.00025753488485196407,"[-0.00491179 -0.00480527 -0.00401463 ...  0.00094803  0.00117609
  0.00092797]",[0.00317633 0.00317581 0.0031753  ... 0.00060252 0.00060201 0.00060149],126.43384414700921,0.10145672908316633
LAS_1.0Torr_SmallAdmixture_1kHzLaserFreq_CapCoupling_3_Trial,0,55.0,1.0,2.18,3,1.1917714252927716,0.2919232823555886,0.23011427203654694,0.5060987262307376,-0.00028584076694830823,"[-0.00523616 -0.00478963 -0.00483638 ... -0.001806   -0.00327362
 -0.00328601]","[ 0.00172473  0.00172416  0.00172359 ... -0.00113196 -0.00113253
 -0.0011331 ]",150.659708643114,0.101479854500668
LAS_1.0Torr_SmallAdmixture_1kHzLaserFreq_CapCoupling_3_Trial,0,55.0,1.0,2.18,5,1.2111394508787654,0.29375659275266397,0.22785641562200953,0.5143235694100979,-0.0003723701354939742,"[-0.0081056  -0.00942725 -0.00835054 ... -0.00393894 -0.00263484
 -0.0040865 ]","[ 0.00043152  0.00043078  0.00043003 ... -0.00328994 -0.00329069
 -0.00329143]",170.98606372993962,0.1014570145499332
LAS_1.0Torr_SmallAdmixture_1kHzLaserFreq_CapCoupling_3_Trial,0,55.0,1.0,2.18,7,1.2168574738643185,0.29550779932056925,0.22813768152045086,0.5167517901981871,-0.00022857969998061546,"[-0.01181923 -0.01116416 -0.01146418 ... -0.0077628  -0.00668038
 -0.0063197 ]","[-0.00485963 -0.00486009 -0.00486054 ... -0.00714406 -0.00714451
 -0.00714497]",94.4295231870288,0.10142939055193721
LAS_1.0Torr_SmallAdmixture_1kHzLaserFreq_CapCoupling_3_Trial,0,55.0,1.0,2.18,9,1.2312880039418659,0.3013888800054458,0.22995103367872963,0.5228798720904735,-0.00023325794182563856,"[-0.01337569 -0.01292552 -0.01270789 ...         nan         nan
         nan]","[-0.0053927  -0.00539317 -0.00539364 ... -0.00772388 -0.00772435
 -0.00772481]",,0.10144015137090633
LAS_1.0Torr_SmallAdmixture_1kHzLaserFreq_CapCoupling_3_Trial,0,55.0,1.0,1.91,1,1.1872837456147347,0.3000990915008227,0.23745315717583573,0.5041929841391045,-0.00030004989682282075,"[-0.00068152  0.00017664  0.00011677 ...  0.00583734  0.00722012
  0.00652055]",[0.01055897 0.01055837 0.01055777 ... 0.00756027 0.00755967 0.00755907],123.60774678403122,0.10524438626834381
LAS_1.0Torr_SmallAdmixture_1kHzLaserFreq_CapCoupling_3_Trial,0,55.0,1.0,1.91,3,1.2157891027227272,0.3055670018903112,0.23611087817235712,0.516298094747511,-0.00027228474214761693,[0.00122517 0.00155089 0.00155379 ... 0.0061378  0.00668685 0.00608793],[0.00816585 0.0081653  0.00816476 ... 0.00544463 0.00544409 0.00544354],104.26402657996351,0.10526265146750524
LAS_1.0Torr_SmallAdmixture_1kHzLaserFreq_CapCoupling_3_Trial,0,55.0,1.0,1.91,5,1.1839200748470884,0.29796249798023594,0.23643241144741675,0.5027645646831277,-0.0002827145861436477,"[ 0.00013765  0.00144563 -0.00053882 ...  0.00255493  0.00236033
  0.00355493]",[0.0074282  0.00742763 0.00742707 ... 0.00460275 0.00460218 0.00460162],109.74612108427668,0.10524159853249478
LAS_1.0Torr_SmallAdmixture_1kHzLaserFreq_CapCoupling_3_Trial,0,55.0,1.0,1.91,7,1.2006120145061812,0.3009446241808136,0.23547873531483576,0.5098529788039076,-0.00027295837951515553,"[-0.00208069 -0.00309856 -0.00307758 ...  0.00450522  0.00457365
  0.00357411]",[0.00624719 0.00624664 0.00624609 ... 0.00351924 0.00351869 0.00351815],106.39295903924425,0.1052838149895178
LAS_1.0Torr_SmallAdmixture_1kHzLaserFreq_CapCoupling_3_Trial,0,55.0,1.0,1.91,9,1.2116389969122994,0.30640263710802723,0.23756751006256757,0.5145357070783618,-0.00020280700730888773,"[-0.00116046 -0.00179936 -0.00154419 ...         nan         nan
         nan]",[0.00512623 0.00512582 0.00512541 ... 0.00309937 0.00309897 0.00309856],,0.10521009303075018
LAS_1.0Torr_SmallAdmixture_1kHzLaserFreq_CapCoupling_3_Trial,0,55.0,1.0,1.64,1,1.1586226194666607,0.29252936775957267,0.23718939072179077,0.4920217245099223,-2.7772139480336936e-05,[0.00249522 0.00206967 0.00289576 ... 0.0087856  0.00975133 0.00923811],[0.00875534 0.00875529 0.00875523 ... 0.00847779 0.00847773 0.00847767],82.55889577142528,0.11131422568088514
LAS_1.0Torr_SmallAdmixture_1kHzLaserFreq_CapCoupling_3_Trial,0,55.0,1.0,1.64,3,1.1536481340304765,0.3015429075437958,0.24555203629067765,0.48990925504683913,2.280587164677052e-05,[0.0049368  0.00447273 0.00502287 ... 0.01003006 0.01150466 0.00967327],[0.00838527 0.00838532 0.00838536 ... 0.00861319 0.00861324 0.00861328],86.84318529711572,0.11131564210557059
LAS_1.0Torr_SmallAdmixture_1kHzLaserFreq_CapCoupling_3_Trial,0,55.0,1.0,1.64,5,1.1500650295550068,0.2906775863473096,0.23744166953999066,0.4883876506749761,6.310865176589589e-05,[0.00652201 0.00454803 0.00698932 ... 0.01007784 0.00867613 0.00896941],[0.0087654  0.00876552 0.00876565 ... 0.0093961  0.00939623 0.00939636],90.98589914326823,0.11130793573311971
LAS_1.0Torr_SmallAdmixture_1kHzLaserFreq_CapCoupling_3_Trial,0,55.0,1.0,1.64,7,1.324522945870497,0.3485591178071884,0.24722065413788016,0.5624731064547605,-2.471354473015314e-05,[0.00778952 0.00803738 0.00791727 ... 0.01413792 0.01326445 0.01317662],[0.01126391 0.01126386 0.01126381 ... 0.01101692 0.01101687 0.01101682],66.17904506275352,0.11137138227612563
LAS_1.0Torr_SmallAdmixture_1kHzLaserFreq_CapCoupling_3_Trial,0,55.0,1.0,1.64,9,1.1730205772849116,0.30443749518685514,0.24381493176740046,0.49813597423725625,-1.2846502682792343e-05,[0.01076432 0.01008444 0.00957641 ... 0.01489314 0.01515186 0.01511308],[0.01364836 0.01364833 0.01364831 ... 0.01351997 0.01351994 0.01351992],93.46958959814587,0.11141969195692455
LAS_1.0Torr_SmallAdmixture_1kHzLaserFreq_CapCoupling_3_Trial,0,55.0,1.0,1.36,2,1.1343679736706,0.300606985293991,0.2489504418120123,0.4817217247934931,-5.063544465387561e-05,[0.00857149 0.00959361 0.00977109 ... 0.01286055 0.01158028 0.01331291],[0.01286048 0.01286038 0.01286028 ... 0.01235443 0.01235433 0.01235423],53.939330277432155,0.11755076743963044
LAS_1.0Torr_SmallAdmixture_1kHzLaserFreq_CapCoupling_3_Trial,0,55.0,1.0,1.36,5,1.0706693624097938,0.28865224060175293,0.2532720977381236,0.45467141519755583,-0.00020537108742107318,[0.00938079 0.01118981 0.01052812 ... 0.00970234 0.0088893  0.00906892],[0.01171197 0.01171156 0.01171115 ... 0.00965949 0.00965908 0.00965867],74.94199832529004,0.11753812808518445
LAS_1.0Torr_SmallAdmixture_1kHzLaserFreq_CapCoupling_3_Trial,0,55.0,1.0,1.36,8,1.0766773061451602,0.2883786888160364,0.25162013642348063,0.45722275399223106,8.273413131688189e-05,[0.00696383 0.00722221 0.0072003  ... 0.00630125 0.00610832 0.00538553],[0.00639274 0.0063929  0.00639307 ... 0.00721958 0.00721975 0.00721991],80.24694395747869,0.11745470250900539
LAS_1.0Torr_SmallAdmixture_1kHzLaserFreq_CapCoupling_3_Trial,0,55.0,1.0,1.36,11,1.0628112738924336,0.278553162529897,0.2462179611831563,0.45133439225436234,5.043503460556286e-06,[0.00667833 0.00568689 0.00443613 ... 0.00619895 0.00652601 0.00635262],[0.00687042 0.00687043 0.00687044 ... 0.00692082 0.00692083 0.00692084],68.07023956479209,0.11759652041224736
LAS_1.0Torr_SmallAdmixture_1kHzLaserFreq_CapCoupling_3_Trial,0,55.0,1.0,1.36,14,1.013233278377924,0.27747281100826493,0.2572638582341557,0.430280556051835,0.000162777835400634,[0.00426451 0.0062745  0.0049194  ... 0.00759715 0.0067514  0.00795188],[0.00548751 0.00548784 0.00548816 ... 0.00711432 0.00711464 0.00711497],108.26829296626278,0.11770271062572892
LAS_1.0Torr_SmallAdmixture_1kHzLaserFreq_CapCoupling_3_Trial,0,55.0,1.0,1.09,1,1.1198136915961308,0.3632833727325326,0.3047667175690931,0.4755410902667992,-0.0005283806619725323,"[ 0.00334625  0.00228685  0.00168797 ... -0.00275247 -0.00251118
 -0.00302587]","[ 0.0050075   0.00500644  0.00500538 ... -0.00027314 -0.0002742
 -0.00027525]",4.32353644196824,0.12708874157617306
LAS_1.0Torr_SmallAdmixture_1kHzLaserFreq_CapCoupling_3_Trial,0,55.0,1.0,1.09,3,1.145863099458381,0.3718481568964937,0.30486017114037545,0.48660325525780074,0.0003917441184250509,"[-0.00243158 -0.0017098  -0.00232779 ... -0.00176349 -0.00143673
 -0.0013272 ]","[-0.00648919 -0.00648841 -0.00648763 ... -0.0025741  -0.00257332
 -0.00257254]",127.95905340895028,0.12584424573387382
LAS_1.0Torr_SmallAdmixture_1kHzLaserFreq_CapCoupling_3_Trial,0,55.0,1.0,1.09,5,1.1353786184530477,0.37821974799819164,0.3129473508088462,0.48215090611653316,0.0003131202475515844,[0.00088006 0.00061124 0.00024925 ... 0.00082627 0.00037029 0.0001249 ],"[-0.00332133 -0.00332071 -0.00332008 ... -0.00019201 -0.00019138
 -0.00019076]",104.30648358182933,0.12658131859997665
LAS_1.0Torr_SmallAdmixture_1kHzLaserFreq_CapCoupling_3_Trial,0,55.0,1.0,1.09,7,1.126481681862847,0.369141366355027,0.30784802473713013,0.47837272501561434,0.000353824112950857,[0.00274853 0.00317758 0.00328814 ... 0.00213597 0.0028042  0.00229013],"[-0.00239901 -0.0023983  -0.00239759 ...  0.00113711  0.00113782
  0.00113853]",104.30344615381844,0.1270458699287692
LAS_1.0Torr_SmallAdmixture_1kHzLaserFreq_CapCoupling_3_Trial,0,55.0,1.0,1.09,9,1.154749778226542,0.3798378846715825,0.3090140179727308,0.49037708026277865,-1.8451832827159727e-05,[0.00386043 0.00319699 0.00479389 ... 0.00205614 0.0018372  0.0014293 ],[0.00195641 0.00195637 0.00195634 ... 0.001772   0.00177197 0.00177193],111.77634251018023,0.12740454017222108
LAS_1.0Torr_SmallAdmixture_1kHzLaserFreq_CapCoupling_3_Trial,0,55.0,1.0,0.82,1,1.144829612820122,0.3852163268175406,0.31610518606755,0.4861643738917109,-0.00019966774876972268,[0.0106253  0.01024337 0.00998426 ... 0.00681112 0.0068767  0.00799905],[0.0132401  0.0132397  0.0132393  ... 0.01124462 0.01124422 0.01124383],81.63774263710097,0.13199516555544416
LAS_1.0Torr_SmallAdmixture_1kHzLaserFreq_CapCoupling_3_Trial,0,55.0,1.0,0.82,3,1.1518417221690131,0.3903944505285266,0.3184040768495016,0.4891421425597192,-0.00018350213184023688,[0.00648022 0.0061711  0.007008   ... 0.0016525  0.00271206 0.00250917],[0.00869616 0.0086958  0.00869543 ... 0.00686224 0.00686188 0.00686151],82.71898803102292,0.13203559932908895
LAS_1.0Torr_SmallAdmixture_1kHzLaserFreq_CapCoupling_3_Trial,0,55.0,1.0,0.82,5,1.1632564986673362,0.39146093465272774,0.31614093330979903,0.4939895518224398,3.470266133275034e-05,[0.00424949 0.00415358 0.00502897 ... 0.0038297  0.00284447 0.00287755],[0.00422351 0.00422357 0.00422364 ... 0.00457032 0.00457039 0.00457046],71.11222199371662,0.13203919656867655
LAS_1.0Torr_SmallAdmixture_1kHzLaserFreq_CapCoupling_3_Trial,0,55.0,1.0,0.82,7,1.1475361392167092,0.3918448695349393,0.32078613067436135,0.4873137298275491,0.00014187045455634246,[0.0043278  0.00350026 0.00284742 ... 0.00522758 0.00561272 0.0047286 ],[0.00381853 0.00381881 0.0038191  ... 0.00523638 0.00523667 0.00523695],81.28261889951433,0.1320841054019765
LAS_1.0Torr_SmallAdmixture_1kHzLaserFreq_CapCoupling_3_Trial,0,55.0,1.0,0.82,9,1.1374704841430123,0.3832255797398985,0.3165061430408793,0.48303923968341395,0.00015329423400638233,[0.00660402 0.00812825 0.00686151 ... 0.00658137 0.00558359 0.00671441],[0.0057958  0.00579611 0.00579642 ... 0.00732783 0.00732813 0.00732844],78.8652906226599,0.1320046360413702
LAS_1.0Torr_SmallAdmixture_1kHzLaserFreq_CapCoupling_3_Trial,0,55.0,1.0,0.27,1,1.139446902581087,0.4079079015055251,0.3363069293377326,0.48387854731638796,-0.0003351742545498797,[0.02525343 0.0244204  0.02505566 ... 0.02231296 0.02046544 0.02152033],[0.02972736 0.02972669 0.02972602 ... 0.02637763 0.02637696 0.02637629],74.65088329681893,0.13711014581245823
LAS_1.0Torr_SmallAdmixture_1kHzLaserFreq_CapCoupling_3_Trial,0,55.0,1.0,0.27,3,1.1345976099917385,0.40697880928545654,0.33697503125036343,0.4818192423603335,-0.00034401996138851317,[0.02098268 0.02092394 0.02010332 ... 0.01756835 0.01771277 0.01692324],[0.02731748 0.02731679 0.02731611 ... 0.02387935 0.02387866 0.02387797],58.19811889843695,0.13713188355878422
LAS_1.0Torr_SmallAdmixture_1kHzLaserFreq_CapCoupling_3_Trial,0,55.0,1.0,0.27,5,1.1357021857875993,0.40898705095249843,0.3383084817290893,0.48228831251208104,-9.470821063264861e-05,[0.0215542  0.02023095 0.02088387 ... 0.01837782 0.02056872 0.01999635],[0.02345996 0.02345977 0.02345958 ... 0.02251345 0.02251326 0.02251307],43.698502076073126,0.13715072697478292
LAS_1.0Torr_SmallAdmixture_1kHzLaserFreq_CapCoupling_3_Trial,0,55.0,1.0,0.27,7,1.1269215049496015,0.40576541229514373,0.3382588343932967,0.4785595006835397,-8.99893573778025e-05,[0.02313473 0.02218576 0.02260446 ... 0.01989217 0.02076005 0.0204329 ],[0.02423297 0.02423279 0.02423261 ... 0.02333362 0.02333344 0.02333326],53.023652036237586,0.13690859583750833
LAS_1.0Torr_SmallAdmixture_1kHzLaserFreq_CapCoupling_3_Trial,0,55.0,1.0,0.27,9,1.1359903707698003,0.40333750263972096,0.3335506141839966,0.4824106934060305,-3.347304154411708e-05,[0.02593105 0.02559096 0.02600293 ... 0.02317692 0.02157608 0.0236014 ],[0.02611091 0.02611085 0.02611078 ... 0.02577638 0.02577632 0.02577625],43.986066825120815,0.13696466865321924
LAS_1.0Torr_SmallAdmixture_1kHzLaserFreq_CapCoupling_3_Trial,0,55.0,1.0,0.0,1,0.9723705125152576,0.3283179034049739,0.3171980986191249,0.41292773711822117,-0.0002812274918880248,[0.01374905 0.01398768 0.01350984 ... 0.01200664 0.01216266 0.01178968],[0.01649143 0.01649087 0.0164903  ... 0.01368084 0.01368028 0.01367972],56.14885837616067,0.1453738080848778
LAS_1.0Torr_SmallAdmixture_1kHzLaserFreq_CapCoupling_3_Trial,0,55.0,1.0,0.0,3,1.1012502324361881,0.35668516336338163,0.304275385696277,0.4676579149901514,-0.00011075068049488896,[0.01052753 0.01026535 0.00936822 ... 0.00881085 0.00806033 0.00783316],[0.01242709 0.01242687 0.01242664 ... 0.01132025 0.01132002 0.0113198 ],70.54179044930424,0.14534641869376175
LAS_1.0Torr_SmallAdmixture_1kHzLaserFreq_CapCoupling_3_Trial,0,55.0,1.0,0.0,5,1.1197173018404587,0.37159908273741665,0.31176979267921096,0.47550015730639084,-8.508607617695349e-05,[0.01152838 0.01081064 0.0115432  ... 0.01055914 0.00856376 0.0098069 ],[0.01231727 0.0123171  0.01231693 ... 0.01146692 0.01146675 0.01146658],91.8501987253815,0.14534401125435598
LAS_1.0Torr_SmallAdmixture_1kHzLaserFreq_CapCoupling_3_Trial,0,55.0,1.0,0.0,7,1.131688300761246,0.3663029184115458,0.3040754389886392,0.4805837724837153,-0.00017605164269930262,[0.01164432 0.01165619 0.01112398 ... 0.01140249 0.0116939  0.01158315],[0.01546248 0.01546213 0.01546178 ... 0.01370302 0.01370267 0.01370232],37.32949063496242,0.1453408301291717
LAS_1.0Torr_SmallAdmixture_1kHzLaserFreq_CapCoupling_3_Trial,0,55.0,1.0,0.0,9,1.1501781474565096,0.3671516020142852,0.299880416463537,0.48843568742485066,-0.00018304177182334837,[0.01374329 0.01396988 0.01348143 ... 0.01274265 0.01356477 0.01289186],[0.01700965 0.01700928 0.01700892 ... 0.01518033 0.01517996 0.0151796 ],27.5618445589659,0.14532418956067336
LAS_1.0Torr_SmallAdmixture_1kHzLaserFreq_CapCoupling_3_Trial,0,50.0,1.0,3.0,1,1.2932371989757758,0.3036285981516921,0.2205628048813639,0.5491872730167705,-0.0003930644058341803,"[-0.00477882 -0.00643807 -0.00572811 ...         nan         nan
         nan]","[ 0.00306906  0.00306828  0.00306749 ... -0.00085922 -0.00086001
 -0.00086079]",,0.09164526088588588
LAS_1.0Torr_SmallAdmixture_1kHzLaserFreq_CapCoupling_3_Trial,0,50.0,1.0,3.0,3,1.2046893869312223,0.28567447713974253,0.22277381730883244,0.5115844794481479,-0.00015586741416459733,"[-0.00611577 -0.00671735 -0.00699488 ...         nan         nan
         nan]","[-0.00254873 -0.00254904 -0.00254935 ... -0.00410647 -0.00410678
 -0.00410709]",,0.0916336351976977
LAS_1.0Torr_SmallAdmixture_1kHzLaserFreq_CapCoupling_3_Trial,0,50.0,1.0,3.0,5,1.1844653953095179,0.2783518072901682,0.2207696952543499,0.50299614096157,2.9589577129531384e-05,"[-0.00720995 -0.00669224 -0.00750608 ...         nan         nan
         nan]","[-0.00518905 -0.00518899 -0.00518894 ... -0.00489334 -0.00489328
 -0.00489322]",,0.09162333062228896
LAS_1.0Torr_SmallAdmixture_1kHzLaserFreq_CapCoupling_3_Trial,0,50.0,1.0,3.0,7,1.1702044094322372,0.27068363397993134,0.21730416878023592,0.4969400578619829,-2.1244324626371112e-06,"[-0.00790431 -0.00775792 -0.00797476 ...         nan         nan
         nan]","[-0.00365834 -0.00365835 -0.00365835 ... -0.00367957 -0.00367958
 -0.00367958]",,0.09167467623873873
LAS_1.0Torr_SmallAdmixture_1kHzLaserFreq_CapCoupling_3_Trial,0,50.0,1.0,3.0,9,1.0346001168447754,0.2368065980314835,0.21502505403853178,0.4393542169083997,2.6034807437916213e-05,"[-0.00602218 -0.00649851 -0.0064898  ...         nan         nan
         nan]","[-0.00280248 -0.00280243 -0.00280238 ... -0.00254229 -0.00254224
 -0.00254219]",,0.09167460675060499
LAS_1.0Torr_SmallAdmixture_1kHzLaserFreq_CapCoupling_3_Trial,0,50.0,1.0,2.73,1,1.1814091074844046,0.3014243189408105,0.23968770862331348,0.5016982550226582,5.9616074173046794e-05,"[-0.00682849 -0.00821785 -0.008858   ...         nan         nan
         nan]","[-0.00747413 -0.00747401 -0.00747389 ... -0.00687833 -0.00687821
 -0.00687809]",,0.0937409554604911
LAS_1.0Torr_SmallAdmixture_1kHzLaserFreq_CapCoupling_3_Trial,0,50.0,1.0,2.73,3,1.1636525259953738,0.2987820012286888,0.2412119974720282,0.4941577291440459,3.5959044501635266e-05,"[-0.01112972 -0.01041429 -0.01112225 ...         nan         nan
         nan]","[-0.00680619 -0.00680612 -0.00680605 ... -0.00644682 -0.00644675
 -0.00644668]",,0.09367411431152148
LAS_1.0Torr_SmallAdmixture_1kHzLaserFreq_CapCoupling_3_Trial,0,50.0,1.0,2.73,5,1.171531681875529,0.29977731006158104,0.24038784843556163,0.4975036985724876,8.568800854076086e-05,"[-0.01059668 -0.01097542 -0.0087566  ...         nan         nan
         nan]","[-0.00664569 -0.00664552 -0.00664535 ... -0.00578932 -0.00578915
 -0.00578898]",,0.09372772554111468
LAS_1.0Torr_SmallAdmixture_1kHzLaserFreq_CapCoupling_3_Trial,0,50.0,1.0,2.73,7,1.182453098587813,0.3046178777563169,0.24201331153381514,0.5021415972243739,3.781578922586819e-05,"[-0.00604123 -0.00562954 -0.00748573 ...         nan         nan
         nan]","[-0.00549846 -0.00549839 -0.00549831 ... -0.00512053 -0.00512046
 -0.00512038]",,0.09375903931235784
LAS_1.0Torr_SmallAdmixture_1kHzLaserFreq_CapCoupling_3_Trial,0,50.0,1.0,2.73,9,1.0983282618496164,0.2806185304550486,0.24002251217631104,0.46641706833066354,4.799037983414334e-06,"[-0.00930261 -0.00812288 -0.00883778 ...         nan         nan
         nan]","[-0.00413681 -0.0041368  -0.00413679 ... -0.00408885 -0.00408884
 -0.00408883]",,0.09374782882229125
LAS_1.0Torr_SmallAdmixture_1kHzLaserFreq_CapCoupling_3_Trial,0,50.0,1.0,2.18,1,1.2081779298841528,0.3390976976883685,0.26367061543677056,0.5130659272387303,-0.00023846998610018862,"[-0.00058813 -0.00083294 -0.00188263 ...  0.00083238  0.0010099
  0.00119628]",[0.00362184 0.00362136 0.00362089 ... 0.00123857 0.00123809 0.00123762],143.52217474574968,0.09787688117840564
LAS_1.0Torr_SmallAdmixture_1kHzLaserFreq_CapCoupling_3_Trial,0,50.0,1.0,2.18,3,1.2056701007232753,0.3371433404035131,0.2626962566711947,0.5120009502498647,-0.00021635498586899008,"[-6.85185198e-03 -6.91831052e-03 -6.72324491e-03 ... -4.74946057e-04
 -1.21050438e-03 -3.81018013e-05]","[ 0.0009791   0.00097867  0.00097824 ... -0.00118315 -0.00118358
 -0.00118401]",126.27669570247816,0.0978767199345423
LAS_1.0Torr_SmallAdmixture_1kHzLaserFreq_CapCoupling_3_Trial,0,50.0,1.0,2.18,5,1.1983441500628762,0.3385855822821428,0.2654328625123123,0.508889905448009,-0.000124211208141758,"[-0.00827854 -0.00923148 -0.00843126 ... -0.00420332 -0.00398961
 -0.0033649 ]","[-0.00223275 -0.002233   -0.00223324 ... -0.00347411 -0.00347436
 -0.00347461]",142.1546946681039,0.09789408842803886
LAS_1.0Torr_SmallAdmixture_1kHzLaserFreq_CapCoupling_3_Trial,0,50.0,1.0,2.18,7,1.201703199953246,0.33948108234780167,0.26539097522852495,0.5103163625980821,-0.00021302367890918688,"[-0.01327418 -0.01338139 -0.01230028 ... -0.00458642 -0.00398291
 -0.00484895]","[-0.00295578 -0.0029562  -0.00295663 ... -0.00508473 -0.00508516
 -0.00508559]",126.51888885123434,0.09790991639082536
LAS_1.0Torr_SmallAdmixture_1kHzLaserFreq_CapCoupling_3_Trial,0,50.0,1.0,2.18,9,1.175981047074809,0.3289704987233513,0.2627994310468445,0.4993931700030833,-1.1569561850024232e-05,"[-0.01198409 -0.01073774 -0.01095979 ...         nan         nan
         nan]","[-0.00595633 -0.00595636 -0.00595638 ... -0.00607196 -0.00607198
 -0.00607201]",,0.09787533340954122
LAS_1.0Torr_SmallAdmixture_1kHzLaserFreq_CapCoupling_3_Trial,0,50.0,1.0,2.45,1,1.1798772439853396,0.3235354850582768,0.25760416788722795,0.5010477324902475,0.00014178035654380383,"[-0.01212856 -0.01248605 -0.01319541 ...         nan         nan
         nan]","[-0.01086202 -0.01086173 -0.01086145 ... -0.00944506 -0.00944478
 -0.0094445 ]",,0.09588970113931472
LAS_1.0Torr_SmallAdmixture_1kHzLaserFreq_CapCoupling_3_Trial,0,50.0,1.0,2.45,3,1.1578836406682453,0.31535725120309305,0.25586194284380553,0.49170790910819995,-5.9606309258568696e-05,"[-0.01273244 -0.0121587  -0.01273021 ...         nan         nan
         nan]","[-0.00877091 -0.00877103 -0.00877115 ... -0.00936662 -0.00936674
 -0.00936686]",,0.09592420258440144
LAS_1.0Torr_SmallAdmixture_1kHzLaserFreq_CapCoupling_3_Trial,0,50.0,1.0,2.45,5,1.1807031969187702,0.32245256272677375,0.25656232559401587,0.5013984824064347,6.870983143194781e-05,"[-0.01522438 -0.01538351 -0.01589061 ...         nan         nan
         nan]","[-0.01111693 -0.01111679 -0.01111666 ... -0.01043025 -0.01043011
 -0.01042997]",,0.09592379785540756
LAS_1.0Torr_SmallAdmixture_1kHzLaserFreq_CapCoupling_3_Trial,0,50.0,1.0,2.45,7,1.191184088325109,0.3257275648632984,0.25688776414307235,0.5058493071853621,2.223440008219973e-05,"[-0.01515801 -0.01431917 -0.01416635 ...         nan         nan
         nan]","[-0.01152498 -0.01152494 -0.01152489 ... -0.01130277 -0.01130273
 -0.01130268]",,0.09592118203903828
LAS_1.0Torr_SmallAdmixture_1kHzLaserFreq_CapCoupling_3_Trial,0,50.0,1.0,2.45,9,1.1928085135030173,0.32479749499344435,0.25580541333412704,0.5065391370436293,-8.83750703340325e-05,"[-0.01572948 -0.01675091 -0.01713903 ...         nan         nan
         nan]","[-0.01137916 -0.01137934 -0.01137951 ... -0.01226238 -0.01226256
 -0.01226273]",,0.09593977576335877
LAS_1.0Torr_SmallAdmixture_1kHzLaserFreq_CapCoupling_3_Trial,0,50.0,1.0,1.91,1,1.1709515379710285,0.34101979862916937,0.27359519264307625,0.49725733413978934,-0.00032745849854392926,"[-0.0048399  -0.00456759 -0.00517675 ...  0.00084749  0.00022671
  0.00074132]",[0.00493481 0.00493416 0.0049335  ... 0.00166219 0.00166154 0.00166088],168.1498617669454,0.09956039316453581
LAS_1.0Torr_SmallAdmixture_1kHzLaserFreq_CapCoupling_3_Trial,0,50.0,1.0,1.91,3,1.1665414455992136,0.33530712609351193,0.27002899490132104,0.4953845403434562,-0.00032273720047695564,"[-0.00927948 -0.00774915 -0.00831402 ... -0.00215951 -0.00162201
 -0.00223524]","[ 0.00099624  0.00099559  0.00099495 ... -0.0022292  -0.00222984
 -0.00223049]",160.72353819752053,0.09959777858551422
LAS_1.0Torr_SmallAdmixture_1kHzLaserFreq_CapCoupling_3_Trial,0,50.0,1.0,1.91,5,1.1813990398297773,0.34283866107439515,0.27262204211641167,0.5016939796833818,-5.001824828757929e-05,"[-0.00707178 -0.00851286 -0.00897615 ... -0.00356176 -0.003749
 -0.00268455]","[-0.00321149 -0.00321159 -0.00321169 ... -0.00371137 -0.00371147
 -0.00371157]",98.13289039387027,0.09958671642601691
LAS_1.0Torr_SmallAdmixture_1kHzLaserFreq_CapCoupling_3_Trial,0,50.0,1.0,1.91,7,1.1658902138301575,0.3366836500401314,0.27128898435238363,0.49510798767420644,-8.899305287248427e-06,"[-0.00847184 -0.00702623 -0.00640348 ... -0.00015766  0.0004634
  0.00063565]","[-0.0019197  -0.00191972 -0.00191974 ... -0.00200864 -0.00200866
 -0.00200868]",103.40568310105975,0.0995834744380895
LAS_1.0Torr_SmallAdmixture_1kHzLaserFreq_CapCoupling_3_Trial,0,50.0,1.0,1.91,9,1.1962450569404328,0.34475117638619834,0.2707406020979537,0.5079985026731462,8.081937067770087e-05,"[-0.00458498 -0.0049678  -0.00515711 ...         nan         nan
         nan]",[0.00018624 0.0001864  0.00018656 ... 0.00099395 0.00099411 0.00099427],,0.09961968544982963
LAS_1.0Torr_SmallAdmixture_1kHzLaserFreq_CapCoupling_3_Trial,0,50.0,1.0,1.64,1,1.1322359732388916,0.2886947692983323,0.23953542799794614,0.4808163475710564,-0.0002357502975086764,[0.01426423 0.01515573 0.0141678  ... 0.01740018 0.01663305 0.01712839],[0.02091385 0.02091338 0.02091291 ... 0.01855776 0.01855729 0.01855682],112.95208930344481,0.10430568813890558
LAS_1.0Torr_SmallAdmixture_1kHzLaserFreq_CapCoupling_3_Trial,0,50.0,1.0,1.64,3,1.1658030676518867,0.29711521710403405,0.2394238947909653,0.4950709800996978,-0.00019981104717770447,[0.01052086 0.01109117 0.01002225 ... 0.01535628 0.01489764 0.01478398],[0.01729793 0.01729753 0.01729713 ... 0.01530102 0.01530062 0.01530022],78.72139570983862,0.10424988046619232
LAS_1.0Torr_SmallAdmixture_1kHzLaserFreq_CapCoupling_3_Trial,0,50.0,1.0,1.64,5,1.1725892349763982,0.3004339025831805,0.24069708253593178,0.4979528000242528,-1.6033770669174866e-05,[0.0107524  0.01165321 0.01052106 ... 0.01247382 0.0118703  0.01209511],[0.01249714 0.0124971  0.01249707 ... 0.01233689 0.01233686 0.01233683],93.08804822004343,0.10431902827842862
LAS_1.0Torr_SmallAdmixture_1kHzLaserFreq_CapCoupling_3_Trial,0,50.0,1.0,1.64,7,1.0329987501166051,0.26588247701068607,0.24180078691154883,0.43867417907215434,-3.1995706101955376e-05,[0.00920475 0.00949752 0.00961282 ... 0.01384324 0.01471767 0.01387004],[0.01256325 0.01256319 0.01256312 ... 0.01224349 0.01224342 0.01224336],89.21976738205575,0.10423290955325255
LAS_1.0Torr_SmallAdmixture_1kHzLaserFreq_CapCoupling_3_Trial,0,50.0,1.0,1.64,9,1.0426482098237453,0.2677461901032809,0.24124220407508862,0.44277192731729176,7.488742771582892e-05,[0.01089658 0.01067433 0.01218297 ... 0.0144289  0.01338687 0.01452499],[0.01220697 0.01220712 0.01220727 ... 0.01295539 0.01295554 0.01295569],93.06631583169965,0.10426859907820474
LAS_1.0Torr_SmallAdmixture_1kHzLaserFreq_CapCoupling_3_Trial,0,50.0,1.0,1.09,1,1.148256305044989,0.335121347637249,0.2741770155977172,0.4876195560964394,4.992105094229384e-05,[0.00202534 0.00098421 0.00271161 ... 0.00191526 0.00230263 0.00229528],[0.00260086 0.00260096 0.00260106 ... 0.00309977 0.00309987 0.00309997],61.774768665178634,0.11657462234104722
LAS_1.0Torr_SmallAdmixture_1kHzLaserFreq_CapCoupling_3_Trial,0,50.0,1.0,1.09,3,1.1640730712521228,0.33938244175172305,0.27389046735248085,0.4943363182713282,7.020760081513461e-05,[0.00230268 0.00101253 0.00185737 ... 0.00148042 0.00238405 0.0009192 ],[0.00195148 0.00195162 0.00195176 ... 0.00265313 0.00265327 0.00265341],65.54809950538746,0.11648582104960208
LAS_1.0Torr_SmallAdmixture_1kHzLaserFreq_CapCoupling_3_Trial,0,50.0,1.0,1.09,5,1.1566610566115918,0.3460705040936614,0.2810776162520519,0.4911887254621997,0.00025853574169295353,"[-0.00014376  0.00127489  0.00063636 ...  0.00346065  0.00393905
  0.00406294]","[-0.00021615 -0.00021563 -0.00021511 ...  0.00236766  0.00236817
  0.00236869]",127.87406964105064,0.11652905915794919
LAS_1.0Torr_SmallAdmixture_1kHzLaserFreq_CapCoupling_3_Trial,0,50.0,1.0,1.09,7,1.1724488968976103,0.3454606975236183,0.2768040964838856,0.49789320392939024,0.00012903643598111342,[0.00307423 0.00205824 0.00278621 ... 0.00193749 0.00269197 0.00206616],[0.00154473 0.00154499 0.00154524 ... 0.00283432 0.00283458 0.00283483],82.43265179028869,0.1164642614328378
LAS_1.0Torr_SmallAdmixture_1kHzLaserFreq_CapCoupling_3_Trial,0,50.0,1.0,1.09,9,1.1588587635034913,0.3427678756019716,0.27786726943986795,0.49212200564916647,6.058680193033168e-05,[0.00289641 0.00395205 0.00397517 ... 0.00083947 0.00106378 0.00112614],[0.00140837 0.00140849 0.00140862 ... 0.00201388 0.002014   0.00201412],91.88047598234373,0.11648044669422188
LAS_1.0Torr_SmallAdmixture_1kHzLaserFreq_CapCoupling_3_Trial,0,50.0,1.0,1.36,1,1.162290188235076,0.3150112151845104,0.25461221452981375,0.4935791975644576,1.0921262260908014e-05,[0.01040102 0.00911854 0.01018603 ... 0.01237365 0.01334583 0.0127832 ],[0.01179151 0.01179153 0.01179155 ... 0.01190066 0.01190068 0.0119007 ],56.29346821390181,0.10892570805074102
LAS_1.0Torr_SmallAdmixture_1kHzLaserFreq_CapCoupling_3_Trial,0,50.0,1.0,1.36,3,1.0340377928225206,0.26928212064641166,0.2446464378560252,0.4391154198829364,-9.047666494001321e-05,[0.00946735 0.01059614 0.00929287 ... 0.00945809 0.00899517 0.00835383],[0.01067793 0.01067775 0.01067757 ... 0.00977371 0.00977353 0.00977335],70.00288018607628,0.10895875512852717
LAS_1.0Torr_SmallAdmixture_1kHzLaserFreq_CapCoupling_3_Trial,0,50.0,1.0,1.36,5,1.049073387423461,0.27100089788079323,0.24267925302687077,0.4455004490203722,-9.038221591991732e-05,[0.00507905 0.00512424 0.00413078 ... 0.00456785 0.0048248  0.00569002],[0.00769298 0.0076928  0.00769262 ... 0.0067897  0.00678952 0.00678934],76.82976791554542,0.10896336055497015
LAS_1.0Torr_SmallAdmixture_1kHzLaserFreq_CapCoupling_3_Trial,0,50.0,1.0,1.36,7,0.9819407304280996,0.2623887603623969,0.251031223532971,0.416991834471663,3.264157988291451e-05,[0.00426095 0.00473557 0.00470513 ... 0.00462112 0.00464782 0.00561474],[0.00527657 0.00527663 0.0052767  ... 0.00560279 0.00560285 0.00560292],97.33427715468474,0.10897429154749359
LAS_1.0Torr_SmallAdmixture_1kHzLaserFreq_CapCoupling_3_Trial,0,50.0,1.0,1.36,9,1.0073755932226556,0.27632440326702196,0.2576888374007889,0.4277930262010385,0.00012037625267313162,[0.00295538 0.00218653 0.00229213 ... 0.00495283 0.00609966 0.00721173],[0.00417097 0.00417121 0.00417145 ... 0.00537401 0.00537425 0.00537449],79.8373100992773,0.10887490338225801
LAS_1.0Torr_SmallAdmixture_1kHzLaserFreq_CapCoupling_3_Trial,0,50.0,1.0,0.82,1,1.1576516323883699,0.406249580152808,0.3296725797071177,0.4916093842632272,6.324405412800577e-05,[0.00887778 0.01002098 0.00881086 ... 0.00750723 0.00709372 0.00745407],[0.00957448 0.00957461 0.00957473 ... 0.01020654 0.01020667 0.01020679],82.7749901937579,0.12561038492540805
LAS_1.0Torr_SmallAdmixture_1kHzLaserFreq_CapCoupling_3_Trial,0,50.0,1.0,0.82,3,1.1361348023870106,0.4056640811636889,0.3354319924659738,0.4824720278666043,0.0001723414565222705,[0.0095956  0.01013542 0.00992778 ... 0.00861373 0.00977227 0.00829721],[0.00884251 0.00884286 0.0088432  ... 0.01056489 0.01056524 0.01056558],84.77047609450513,0.12557183652416512
LAS_1.0Torr_SmallAdmixture_1kHzLaserFreq_CapCoupling_3_Trial,0,50.0,1.0,0.82,5,1.1239933470089605,0.4008179179666349,0.3350049136061602,0.4773160264967032,0.00016388906849953725,[0.0119135  0.0105461  0.01089543 ... 0.01000851 0.00954558 0.00971383],[0.0100373  0.01003762 0.01003795 ... 0.0116752  0.01167553 0.01167586],56.14982015315141,0.1254790621236451
LAS_1.0Torr_SmallAdmixture_1kHzLaserFreq_CapCoupling_3_Trial,0,50.0,1.0,0.82,7,1.1341631548977569,0.40060690142239797,0.3318262065518114,0.4816347462690511,0.00015558653730078845,[0.01056776 0.01059054 0.01071566 ... 0.01105707 0.01137905 0.01077332],[0.01107705 0.01107736 0.01107768 ... 0.01263199 0.0126323  0.01263261],62.58710167120741,0.12545196927689684
LAS_1.0Torr_SmallAdmixture_1kHzLaserFreq_CapCoupling_3_Trial,0,50.0,1.0,0.82,9,1.1395786848498934,0.40181788045212113,0.3312475927842797,0.4839345100932823,-5.358559090321474e-05,[0.01379331 0.01290512 0.01237188 ... 0.00841001 0.00948438 0.01019044],[0.01382975 0.01382965 0.01382954 ... 0.01329422 0.01329411 0.01329401],56.37729595354106,0.12549180915755573
LAS_1.0Torr_SmallAdmixture_1kHzLaserFreq_CapCoupling_3_Trial,0,50.0,1.0,0.55,1,1.1733677822155468,0.4027370668718221,0.32244469284741456,0.4982834185956343,-0.00020126197400750006,[0.01950861 0.02077549 0.02019445 ... 0.01811501 0.01873759 0.01820273],[0.02493374 0.02493334 0.02493293 ... 0.02292233 0.02292192 0.02292152],76.73377699509842,0.1340026889122526
LAS_1.0Torr_SmallAdmixture_1kHzLaserFreq_CapCoupling_3_Trial,0,50.0,1.0,0.55,3,1.1563143168419652,0.40046944071967333,0.3253578340356043,0.4910414786395144,-0.00025979284701777255,[0.0174661  0.01779996 0.01662883 ... 0.01494053 0.01508894 0.01382224],[0.02232968 0.02232916 0.02232864 ... 0.01973331 0.01973279 0.01973227],87.36035433584098,0.1340306726869931
LAS_1.0Torr_SmallAdmixture_1kHzLaserFreq_CapCoupling_3_Trial,0,50.0,1.0,0.55,5,1.176199069960534,0.40435580791548525,0.3229614182803838,0.4994857557979872,-0.00010888299290927691,[0.01634553 0.01716192 0.01573908 ... 0.01347011 0.01373701 0.0133438 ],[0.01755278 0.01755256 0.01755235 ... 0.0164646  0.01646439 0.01646417],74.04344778385165,0.13391604502519944
LAS_1.0Torr_SmallAdmixture_1kHzLaserFreq_CapCoupling_3_Trial,0,50.0,1.0,0.55,7,1.1491435800738132,0.3955407402302248,0.3233588239625025,0.48799634710885526,-8.596157419282631e-05,[0.01523343 0.01583541 0.01540202 ... 0.01425011 0.01516838 0.01515947],[0.01708642 0.01708625 0.01708608 ... 0.01622732 0.01622715 0.01622698],61.492469518671946,0.13395339775040888
LAS_1.0Torr_SmallAdmixture_1kHzLaserFreq_CapCoupling_3_Trial,0,50.0,1.0,0.55,9,1.1786094382939059,0.40585776159692427,0.32349809759343573,0.5005093449841155,1.4601185826281501e-05,[0.01519072 0.01609918 0.01586012 ... 0.01561279 0.01479833 0.01436523],[0.01611529 0.01611532 0.01611535 ... 0.01626121 0.01626124 0.01626127],60.700941337876536,0.1338965261571373
LAS_1.0Torr_SmallAdmixture_1kHzLaserFreq_CapCoupling_3_Trial,0,50.0,1.0,0.0,1,1.1006509644943347,0.3925248135264865,0.3350312265531192,0.46740342932653645,-0.00017890023915973776,[0.0076436  0.00832756 0.00876002 ... 0.00683657 0.00644893 0.00541384],[0.00956728 0.00956692 0.00956656 ... 0.00777935 0.00777899 0.00777863],100.34780124423763,0.1375587431351929
LAS_1.0Torr_SmallAdmixture_1kHzLaserFreq_CapCoupling_3_Trial,0,50.0,1.0,0.0,3,1.012984617884347,0.3298531087105857,0.3059042569322327,0.43017495966280234,-9.258894364900396e-05,[0.0050977  0.00593096 0.00499797 ... 0.00397962 0.00367947 0.00403309],[0.00687216 0.00687198 0.00687179 ... 0.00594683 0.00594664 0.00594646],41.08469855144329,0.13739478691972556
LAS_1.0Torr_SmallAdmixture_1kHzLaserFreq_CapCoupling_3_Trial,0,50.0,1.0,0.0,5,1.1125388926042226,0.37154357751695344,0.31373454869863027,0.47245176757852875,-0.0002627694003662451,[0.00685887 0.00681798 0.00542453 ... 0.00407638 0.00371928 0.0043258 ],[0.00793078 0.00793026 0.00792973 ... 0.00530467 0.00530414 0.00530362],15.300222640385389,0.13687523160899395
LAS_1.0Torr_SmallAdmixture_1kHzLaserFreq_CapCoupling_3_Trial,0,50.0,1.0,0.0,7,1.0022331639903919,0.3310195222199193,0.3102791748704506,0.42560923757433855,0.0002856901954172181,[0.00575678 0.00382428 0.00507766 ... 0.00673964 0.0059004  0.0064558 ],[0.00256215 0.00256272 0.00256329 ... 0.00541734 0.00541791 0.00541848],6.608722705758273,0.13870150869264028
LAS_1.0Torr_SmallAdmixture_1kHzLaserFreq_CapCoupling_3_Trial,0,50.0,1.0,0.0,9,1.0912452738926985,0.3850544825468158,0.3314878367761455,0.46340920028916954,-9.350834666352583e-05,[0.00715014 0.00786278 0.00851174 ... 0.00599779 0.00618574 0.00466104],[0.00832406 0.00832387 0.00832368 ... 0.00738953 0.00738935 0.00738916],68.93857924273169,0.1404674262473069
LAS_1.0Torr_SmallAdmixture_1kHzLaserFreq_CapCoupling_3_Trial,0,50.0,1.0,0.27,1,1.1525863054262644,0.41213097433387486,0.3359151494107529,0.4894583379559757,-0.00037363906031897995,[0.02352728 0.02329955 0.02356002 ... 0.01981048 0.02105685 0.0202661 ],[0.02891822 0.02891748 0.02891673 ... 0.02518408 0.02518333 0.02518258],90.85172048876304,0.13399458368778355
LAS_1.0Torr_SmallAdmixture_1kHzLaserFreq_CapCoupling_3_Trial,0,50.0,1.0,0.27,3,1.1218156975774034,0.40689531577661386,0.34074458843311267,0.4763912639289001,-0.00022919735547171662,[0.02301626 0.02295882 0.02376571 ... 0.01917251 0.0193893  0.01930326],[0.02505169 0.02505124 0.02505078 ... 0.0227611  0.02276064 0.02276018],59.59631333078079,0.1339840351447825
LAS_1.0Torr_SmallAdmixture_1kHzLaserFreq_CapCoupling_3_Trial,0,50.0,1.0,0.27,5,1.1515339684727932,0.41763248185544777,0.3407103333401433,0.48901145159805987,-4.562211325748445e-05,[0.02001571 0.02177842 0.02172067 ... 0.01988858 0.01937341 0.01932702],[0.02257266 0.02257257 0.02257248 ... 0.02211671 0.02211662 0.02211653],50.63161686126104,0.1339523073779379
LAS_1.0Torr_SmallAdmixture_1kHzLaserFreq_CapCoupling_3_Trial,0,50.0,1.0,0.27,7,1.115885100068304,0.3996438879592636,0.33645073899671035,0.4738727710522942,-7.452146750821358e-05,[0.023511   0.02150111 0.0228794  ... 0.02219149 0.02352875 0.021764  ],[0.02484829 0.02484815 0.024848   ... 0.02410353 0.02410338 0.02410323],50.547151746019665,0.13397694707167757
LAS_1.0Torr_SmallAdmixture_1kHzLaserFreq_CapCoupling_3_Trial,0,50.0,1.0,0.27,9,1.1020528906853957,0.39849620396725066,0.3396953019145111,0.4679987725647679,-4.872729976067229e-05,[0.02405099 0.02534148 0.02515478 ... 0.02421467 0.02455749 0.02396789],[0.02708654 0.02708644 0.02708635 ... 0.02659956 0.02659946 0.02659936],47.28035703138238,0.13394522053227115
LAS_1.0Torr_SmallAdmixture_1kHzLaserFreq_CapCoupling_3_Trial,0,45.0,1.0,3.0,1,1.1288931486548037,0.24745786173385356,0.20592838259059335,0.4793967806741541,-0.00016848374616076082,"[-0.00311988 -0.00295305 -0.0029849  ...         nan         nan
         nan]",[0.00233169 0.00233135 0.00233101 ... 0.00064786 0.00064752 0.00064719],,0.08802492662328963
LAS_1.0Torr_SmallAdmixture_1kHzLaserFreq_CapCoupling_3_Trial,0,45.0,1.0,3.0,3,1.1291911205634526,0.24816451477372548,0.20646194624034644,0.4795233176930986,-0.00017003131982032955,"[-0.0067193  -0.00666638 -0.00713358 ...         nan         nan
         nan]","[-0.00034627 -0.00034661 -0.00034695 ... -0.00204557 -0.00204591
 -0.00204625]",,0.08800910473200174
LAS_1.0Torr_SmallAdmixture_1kHzLaserFreq_CapCoupling_3_Trial,0,45.0,1.0,3.0,6,1.1295507213718827,0.24880050211341398,0.20692516256432952,0.479676026096099,-1.6908448679853767e-05,"[-0.00776656 -0.00771751 -0.00821243 ...         nan         nan
         nan]","[-0.00290104 -0.00290108 -0.00290111 ... -0.00307003 -0.00307006
 -0.00307009]",,0.08801343511466424
LAS_1.0Torr_SmallAdmixture_1kHzLaserFreq_CapCoupling_3_Trial,0,45.0,1.0,3.0,9,1.0809737400575816,0.23969071027674027,0.20830699234189798,0.45904728148488916,-7.555013037879155e-05,"[-0.00532231 -0.00614434 -0.00441365 ...         nan         nan
         nan]","[-0.00168601 -0.00168617 -0.00168632 ... -0.00244106 -0.00244121
 -0.00244136]",,0.08805324868018426
LAS_1.0Torr_SmallAdmixture_1kHzLaserFreq_CapCoupling_3_Trial,0,45.0,1.0,3.0,12,1.0958324868789098,0.23879032496974034,0.20471060655292173,0.46535721028504634,-9.544295795055423e-05,"[-0.00754465 -0.00839412 -0.00688952 ...         nan         nan
         nan]","[-0.00112443 -0.00112462 -0.00112481 ... -0.00207829 -0.00207848
 -0.00207867]",,0.08807251666070119
LAS_1.0Torr_SmallAdmixture_1kHzLaserFreq_CapCoupling_3_Trial,0,45.0,1.0,2.73,1,1.1963972703803298,0.29199348022037125,0.2292796609014865,0.5080631417695468,-0.00048574592103138434,"[-0.00520337 -0.00501648 -0.00515816 ...         nan         nan
         nan]","[ 0.00258338  0.00258241  0.00258144 ... -0.00227116 -0.00227213
 -0.00227311]",,0.09012248354686953
LAS_1.0Torr_SmallAdmixture_1kHzLaserFreq_CapCoupling_3_Trial,0,45.0,1.0,2.73,3,1.2122860284958021,0.2949112829041544,0.22853571397920405,0.5148104760930338,-0.00035301788137902885,"[-0.00961538 -0.01058625 -0.01157479 ...         nan         nan
         nan]","[-0.00384907 -0.00384977 -0.00385048 ... -0.00737713 -0.00737783
 -0.00737854]",,0.09015227695477371
LAS_1.0Torr_SmallAdmixture_1kHzLaserFreq_CapCoupling_3_Trial,0,45.0,1.0,2.73,5,1.166837103537556,0.28356238932331945,0.2283001445187557,0.4955100947096874,-4.581259835145589e-05,"[-0.01446167 -0.0138002  -0.01450501 ...         nan         nan
         nan]","[-0.00927208 -0.00927217 -0.00927226 ... -0.00972993 -0.00973002
 -0.00973012]",,0.09015385918706104
LAS_1.0Torr_SmallAdmixture_1kHzLaserFreq_CapCoupling_3_Trial,0,45.0,1.0,2.73,7,1.2048549055352402,0.2937424553194066,0.22903389577953304,0.5116547687275207,-0.00032787477358062797,"[-0.01329178 -0.01234625 -0.01319783 ...         nan         nan
         nan]","[-0.00680276 -0.00680342 -0.00680408 ... -0.01007955 -0.0100802
 -0.01008086]",,0.09015157576781277
LAS_1.0Torr_SmallAdmixture_1kHzLaserFreq_CapCoupling_3_Trial,0,45.0,1.0,2.73,9,1.220007515110125,0.2960040627105972,0.22793076904266735,0.518089489549122,6.760365171010568e-05,"[-0.0148348  -0.01391507 -0.01418883 ...         nan         nan
         nan]","[-0.01087991 -0.01087977 -0.01087964 ... -0.01020427 -0.01020414
 -0.010204  ]",,0.09019609560067682
LAS_1.0Torr_SmallAdmixture_1kHzLaserFreq_CapCoupling_3_Trial,0,45.0,1.0,2.18,1,1.1851140132231746,0.32553507391132064,0.25805093901876813,0.5032715836286329,-0.00020159361367550393,"[-0.00206161 -0.00246923 -0.00258584 ...  0.00171675  0.0016402
  0.00255415]",[0.004491   0.0044906  0.00449019 ... 0.00247627 0.00247587 0.00247547],145.8700506773014,0.09449908005265797
LAS_1.0Torr_SmallAdmixture_1kHzLaserFreq_CapCoupling_3_Trial,0,45.0,1.0,2.18,3,1.1942647066467145,0.3260254061833621,0.2564594085944546,0.5071575253348153,-0.0001924714711317365,"[-5.01498229e-03 -5.18701744e-03 -4.67967949e-03 ... -8.68137173e-04
  2.98277832e-07  1.57613982e-04]","[ 0.00080472  0.00080434  0.00080395 ... -0.00111884 -0.00111922
 -0.00111961]",149.15077898155343,0.09455945074807758
LAS_1.0Torr_SmallAdmixture_1kHzLaserFreq_CapCoupling_3_Trial,0,45.0,1.0,2.18,5,1.1902656748613427,0.3252558061935578,0.25671363621179144,0.5054592928971348,-0.0001684810098910849,"[-0.00836522 -0.00918557 -0.00808678 ... -0.00506284 -0.00533912
 -0.0041824 ]","[-0.00214052 -0.00214086 -0.0021412  ... -0.00382432 -0.00382466
 -0.003825  ]",142.2561129137848,0.09461266246656637
LAS_1.0Torr_SmallAdmixture_1kHzLaserFreq_CapCoupling_3_Trial,0,45.0,1.0,2.18,7,1.1948503289165315,0.32689585827146916,0.2570180951376621,0.5074062162150601,-4.307673126896326e-06,"[-0.00990557 -0.01119037 -0.0109019  ... -0.00508351 -0.00437148
 -0.00440533]","[-0.00581032 -0.00581033 -0.00581033 ... -0.00585337 -0.00585338
 -0.00585339]",105.14704081185918,0.0946158714916905
LAS_1.0Torr_SmallAdmixture_1kHzLaserFreq_CapCoupling_3_Trial,0,45.0,1.0,2.18,9,1.1921490322144979,0.32605414718234577,0.25693718860697445,0.5062590811260185,0.00018830251500776603,"[-0.01287667 -0.01204993 -0.01210094 ...         nan         nan
         nan]","[-0.00665477 -0.00665439 -0.00665401 ... -0.00477287 -0.00477249
 -0.00477212]",,0.09457894273669568
LAS_1.0Torr_SmallAdmixture_1kHzLaserFreq_CapCoupling_3_Trial,0,45.0,1.0,2.45,1,1.1929538930697108,0.30801927396318024,0.24256158616023168,0.5066008740612838,7.736587205789725e-06,"[-0.01533035 -0.01375134 -0.01446516 ...         nan         nan
         nan]","[-0.01021221 -0.01021219 -0.01021218 ... -0.01013489 -0.01013487
 -0.01013486]",,0.09237119964530023
LAS_1.0Torr_SmallAdmixture_1kHzLaserFreq_CapCoupling_3_Trial,0,45.0,1.0,2.45,3,1.1974264409011819,0.3098735634425254,0.24311036339094297,0.5085001902493336,-1.291006687826355e-05,"[-0.01534633 -0.01561671 -0.01569424 ... -0.00851051 -0.0084879
 -0.00922543]","[-0.0107424  -0.01074243 -0.01074245 ... -0.01087142 -0.01087145
 -0.01087148]",121.59218552117208,0.09238076824492403
LAS_1.0Torr_SmallAdmixture_1kHzLaserFreq_CapCoupling_3_Trial,0,45.0,1.0,2.45,5,1.1839289459297195,0.30589266045970936,0.24272315454775995,0.5027683318850631,0.0001265311173040687,"[-0.01599667 -0.01703418 -0.01670938 ... -0.00758201 -0.00748287
 -0.0067733 ]","[-0.01222529 -0.01222503 -0.01222478 ... -0.01096074 -0.01096048
 -0.01096023]",118.43604904799484,0.0924111980873628
LAS_1.0Torr_SmallAdmixture_1kHzLaserFreq_CapCoupling_3_Trial,0,45.0,1.0,2.45,7,1.1953211205063425,0.31079957970936395,0.2442663367810968,0.5076061429953695,0.0001426968871293366,"[-0.0118217  -0.01300672 -0.01328213 ... -0.0045503  -0.00615115
 -0.00532693]","[-0.01074724 -0.01074696 -0.01074667 ... -0.00932113 -0.00932085
 -0.00932056]",121.58947938996175,0.0924032184364443
LAS_1.0Torr_SmallAdmixture_1kHzLaserFreq_CapCoupling_3_Trial,0,45.0,1.0,2.45,9,1.1950161455186237,0.3096370428216087,0.2434147705734125,0.5074766320425634,2.0701648259835888e-05,"[-0.0132197  -0.01254321 -0.01207175 ...         nan         nan
         nan]","[-0.00890217 -0.00890213 -0.00890209 ... -0.00869528 -0.00869524
 -0.00869519]",,0.09245290963386689
LAS_1.0Torr_SmallAdmixture_1kHzLaserFreq_CapCoupling_3_Trial,0,45.0,1.0,1.91,2,1.173421421958036,0.3460538751691224,0.27704957885452286,0.4983061972969631,-0.0001448438516306003,"[-0.00188506 -0.00133353 -0.00172094 ...  0.00245891  0.00359504
  0.00220699]",[0.00585854 0.00585825 0.00585796 ... 0.00441097 0.00441068 0.00441039],114.32452601636942,0.09749531469012815
LAS_1.0Torr_SmallAdmixture_1kHzLaserFreq_CapCoupling_3_Trial,0,45.0,1.0,1.91,5,1.1678959510108091,0.3416701044679437,0.27483410048351126,0.4959597458307942,-2.3548222170897072e-05,"[ 0.00059708  0.00104109 -0.00038936 ...  0.00412917  0.00339439
  0.00378021]",[0.00354413 0.00354409 0.00354404 ... 0.00330879 0.00330874 0.0033087 ],124.84633202729246,0.09745933505623415
LAS_1.0Torr_SmallAdmixture_1kHzLaserFreq_CapCoupling_3_Trial,0,45.0,1.0,1.91,8,1.1806714926340822,0.34715053520345474,0.27622090998663185,0.5013850188363607,2.8865177624521004e-05,"[-0.00019604  0.00023892  0.00077955 ...  0.00438155  0.0036975
  0.00381277]",[0.0033335  0.00333356 0.00333362 ... 0.00362198 0.00362204 0.00362209],121.66902565912004,0.09742829103257242
LAS_1.0Torr_SmallAdmixture_1kHzLaserFreq_CapCoupling_3_Trial,0,45.0,1.0,1.91,11,1.1498921042077743,0.3378134017896924,0.27598633099948455,0.48831421604136266,-4.426047484398906e-05,"[ 0.00045483 -0.00023293  0.00086837 ...  0.00530558  0.00562987
  0.00540237]",[0.00488316 0.00488307 0.00488298 ... 0.00444082 0.00444073 0.00444064],128.83763632547362,0.09747530995527966
LAS_1.0Torr_SmallAdmixture_1kHzLaserFreq_CapCoupling_3_Trial,0,45.0,1.0,1.91,14,1.1565382376305742,0.34179804945788744,0.277637019685062,0.49113656904316605,9.873777007632328e-05,"[-0.00093828 -0.00108296 -0.00059915 ...         nan         nan
         nan]",[0.00398188 0.00398208 0.00398228 ... 0.00496867 0.00496886 0.00496906],,0.09742540566173241
LAS_1.0Torr_SmallAdmixture_1kHzLaserFreq_CapCoupling_3_Trial,0,45.0,1.0,1.64,1,1.0344766274430448,0.31293088617444387,0.2841813264118193,0.4393017757879026,-0.00020359099065240515,[0.01011118 0.01052856 0.00946061 ... 0.01629838 0.01692552 0.01665779],[0.01779087 0.01779047 0.01779006 ... 0.01575619 0.01575578 0.01575537],133.0480118864538,0.10028787587911443
LAS_1.0Torr_SmallAdmixture_1kHzLaserFreq_CapCoupling_3_Trial,0,45.0,1.0,1.64,3,1.1527545720628927,0.3525751563250272,0.2873311053560642,0.48952979421735054,-8.292867684992102e-05,[0.00819754 0.00866899 0.0085822  ... 0.01409264 0.01353507 0.01376127],[0.01375061 0.01375044 0.01375028 ... 0.01292182 0.01292166 0.01292149],92.89367243395868,0.10031206149185089
LAS_1.0Torr_SmallAdmixture_1kHzLaserFreq_CapCoupling_3_Trial,0,45.0,1.0,1.64,5,1.2755882568842336,0.40437236738535687,0.297809637512453,0.5416924573815867,-3.0306902644257703e-05,[0.00903738 0.00887569 0.00868234 ... 0.01298365 0.01371869 0.0131754 ],[0.011914   0.01191394 0.01191388 ... 0.01161111 0.01161105 0.01161099],118.80829316885159,0.10030474847676117
LAS_1.0Torr_SmallAdmixture_1kHzLaserFreq_CapCoupling_3_Trial,0,45.0,1.0,1.64,7,1.07833041958412,0.3344178436393139,0.29134352817227077,0.4579247666332598,-9.076257565404742e-05,[0.0070953  0.00694719 0.00749243 ... 0.01307063 0.01243948 0.01342722],[0.01323297 0.01323279 0.01323261 ... 0.01232589 0.01232571 0.01232553],128.2496044435097,0.10032789341944039
LAS_1.0Torr_SmallAdmixture_1kHzLaserFreq_CapCoupling_3_Trial,0,45.0,1.0,1.64,9,1.106602933419124,0.3326837384619756,0.2824278668435199,0.4699309978077667,6.66092655260329e-05,[0.00895068 0.00922555 0.0083384  ... 0.0121089  0.01342217 0.01276497],[0.01067864 0.01067877 0.01067891 ... 0.01134433 0.01134447 0.0113446 ],119.30161442779276,0.10030927183682485
LAS_1.0Torr_SmallAdmixture_1kHzLaserFreq_CapCoupling_3_Trial,0,45.0,1.0,1.36,1,1.0940357303334034,0.31222356488553593,0.26810317799454814,0.464594198033092,0.0001798897426230812,[0.00470034 0.00530094 0.00492168 ... 0.00507233 0.00429685 0.00457108],[0.00369966 0.00370002 0.00370038 ... 0.00549748 0.00549784 0.0054982 ],106.51602775222352,0.10219894910858725
LAS_1.0Torr_SmallAdmixture_1kHzLaserFreq_CapCoupling_3_Trial,0,45.0,1.0,1.36,3,1.0285966744438102,0.28754298341382356,0.2626185798175239,0.43680478965444314,0.0001133062429336271,[0.00342306 0.00405575 0.00493311 ... 0.00530516 0.00524609 0.00569336],[0.00489614 0.00489637 0.00489659 ... 0.00602852 0.00602875 0.00602898],98.80234988031437,0.10225576457322462
LAS_1.0Torr_SmallAdmixture_1kHzLaserFreq_CapCoupling_3_Trial,0,45.0,1.0,1.36,5,1.1899400832258706,0.3360021951552872,0.2652679679451356,0.5053210268601358,0.00021291617479282676,[0.0052381  0.0045603  0.00391727 ... 0.00709734 0.00833627 0.0072725 ],[0.00453035 0.00453078 0.0045312  ... 0.00665824 0.00665866 0.00665909],88.73644067319724,0.10225169242825938
LAS_1.0Torr_SmallAdmixture_1kHzLaserFreq_CapCoupling_3_Trial,0,45.0,1.0,1.36,7,1.0200038286561575,0.2875275167062591,0.26481671956238495,0.4331557440274599,5.277489335655942e-05,[0.00644482 0.00601435 0.00719175 ... 0.00875367 0.00834289 0.00817416],[0.00753077 0.00753088 0.00753098 ... 0.0080582  0.00805831 0.00805841],99.90284179222928,0.10219447345055276
LAS_1.0Torr_SmallAdmixture_1kHzLaserFreq_CapCoupling_3_Trial,0,45.0,1.0,1.36,9,0.9847222542925383,0.27194040231575145,0.2594345262396227,0.4181730388997076,7.054825892061931e-05,[0.00583334 0.00685575 0.00634391 ... 0.00633405 0.00584565 0.00659168],[0.00673557 0.00673571 0.00673585 ... 0.00744063 0.00744077 0.00744091],100.14692486132952,0.10224532382992749
LAS_1.0Torr_SmallAdmixture_1kHzLaserFreq_CapCoupling_3_Trial,0,45.0,1.0,1.09,1,1.1757468062250944,0.35735581473297734,0.2855320315077882,0.4992936970729929,-2.5513491342149612e-05,[0.00444822 0.00423641 0.00610593 ... 0.00464063 0.00545424 0.00494013],[0.00659938 0.00659933 0.00659928 ... 0.0063444  0.00634435 0.00634429],72.6448455712023,0.10815314467575196
LAS_1.0Torr_SmallAdmixture_1kHzLaserFreq_CapCoupling_3_Trial,0,45.0,1.0,1.09,3,1.131058280675835,0.34382917844758815,0.28557851815145646,0.4803162275871358,-0.00012138834542606282,[0.00394031 0.0037073  0.00485366 ... 0.00241929 0.00208664 0.00183258],[0.00430289 0.00430265 0.00430241 ... 0.00308974 0.00308949 0.00308925],88.26235945376531,0.1081847298764195
LAS_1.0Torr_SmallAdmixture_1kHzLaserFreq_CapCoupling_3_Trial,0,45.0,1.0,1.09,5,1.1310865630491047,0.3460007081241696,0.2873749669451345,0.48032823800522684,7.922555452099237e-06,"[ 0.00059731  0.0015851   0.00110186 ... -0.00127466 -0.00132407
 -0.00058638]",[0.00019632 0.00019633 0.00019635 ... 0.00027549 0.00027551 0.00027553],87.52282827409455,0.10815936351870407
LAS_1.0Torr_SmallAdmixture_1kHzLaserFreq_CapCoupling_3_Trial,0,45.0,1.0,1.09,7,1.1612079452650121,0.35482509549385044,0.2870596291424896,0.4931196112906158,-6.466403424087894e-06,"[ 0.00122313  0.00105323  0.001793   ... -0.00192746 -0.00095405
 -0.00214204]","[-0.00082303 -0.00082304 -0.00082305 ... -0.00088765 -0.00088766
 -0.00088768]",85.31212089743113,0.10818247797678691
LAS_1.0Torr_SmallAdmixture_1kHzLaserFreq_CapCoupling_3_Trial,0,45.0,1.0,1.09,9,1.118005418511463,0.3392718544999622,0.2850832585008269,0.474773187390958,0.0001644272006416636,"[-0.00143801 -0.00138765 -0.00126855 ... -0.00202073 -0.00103439
 -0.00234484]","[-0.002764   -0.00276367 -0.00276334 ... -0.00112071 -0.00112038
 -0.00112005]",75.86954297873318,0.10819820081530022
LAS_1.0Torr_SmallAdmixture_1kHzLaserFreq_CapCoupling_3_Trial,0,45.0,1.0,0.82,1,1.1349975586503755,0.35417086527913527,0.29314716259669343,0.48198908491772174,-0.00023730598937432164,[0.01401854 0.01559137 0.01556336 ... 0.01437746 0.01400301 0.01407988],[0.02025666 0.02025618 0.02025571 ... 0.01788502 0.01788454 0.01788407],71.7223880303793,0.11502803997981619
LAS_1.0Torr_SmallAdmixture_1kHzLaserFreq_CapCoupling_3_Trial,0,45.0,1.0,0.82,3,1.1444994187529691,0.35457260549117153,0.2910431566378697,0.4860241533819316,-0.00015212167348720556,[0.01223008 0.01235547 0.0124903  ... 0.01073338 0.0118268  0.01143405],[0.01550911 0.01550881 0.0155085  ... 0.01398881 0.0139885  0.0139882 ],61.74729638945238,0.11495328268611654
LAS_1.0Torr_SmallAdmixture_1kHzLaserFreq_CapCoupling_3_Trial,0,45.0,1.0,0.82,5,1.1377782764787632,0.3541014133288807,0.2923733692217257,0.4831699470537713,-0.00011194469810340635,[0.01073482 0.01127927 0.01104565 ... 0.00851977 0.00895828 0.00967834],[0.01287807 0.01287785 0.01287763 ... 0.0117593  0.01175908 0.01175885],64.96156506828099,0.11500675615058502
LAS_1.0Torr_SmallAdmixture_1kHzLaserFreq_CapCoupling_3_Trial,0,45.0,1.0,0.82,7,1.1630586807947179,0.3620306572728448,0.2924229887023874,0.49390554630658917,-8.161742185651149e-05,[0.00943915 0.00912597 0.00979382 ... 0.00893381 0.009437   0.01002707],[0.01138738 0.01138722 0.01138705 ... 0.0105717  0.01057153 0.01057137],59.42578979080298,0.11502240436132391
LAS_1.0Torr_SmallAdmixture_1kHzLaserFreq_CapCoupling_3_Trial,0,45.0,1.0,0.82,9,1.1395890000292228,0.3514525304302271,0.28972516299386214,0.4839388905466215,6.462753103242938e-05,[0.01088027 0.01232842 0.00924791 ... 0.00953037 0.00956744 0.0096257 ],[0.00990844 0.00990857 0.0099087  ... 0.01055433 0.01055446 0.01055459],64.67913439571403,0.11507908952576867
LAS_1.0Torr_SmallAdmixture_1kHzLaserFreq_CapCoupling_3_Trial,0,45.0,1.0,0.55,1,1.1478758590669251,0.3942807970832571,0.3226847887161888,0.4874579955649387,-0.0001874244258260143,[0.0171     0.01717378 0.01660474 ... 0.0149389  0.01578088 0.01562786],[0.02164952 0.02164915 0.02164877 ... 0.0197764  0.01977603 0.01977565],48.46413495974896,0.12317840813197646
LAS_1.0Torr_SmallAdmixture_1kHzLaserFreq_CapCoupling_3_Trial,0,45.0,1.0,0.55,3,1.132160924847287,0.39161449853558594,0.32495138343802477,0.4807844774535232,-0.0002488398867219831,[0.01809771 0.01907149 0.01841302 ... 0.01437717 0.01269681 0.01285062],[0.02092608 0.02092558 0.02092508 ... 0.01843917 0.01843868 0.01843818],69.28190667196519,0.12342015176960096
LAS_1.0Torr_SmallAdmixture_1kHzLaserFreq_CapCoupling_3_Trial,0,45.0,1.0,0.55,5,1.1539673985650734,0.39342821388309734,0.32028732447172265,0.4900448342114851,-5.873794426135629e-07,[0.01548336 0.01615871 0.01528545 ... 0.01671181 0.01588493 0.01699787],[0.01743722 0.01743722 0.01743722 ... 0.01743135 0.01743135 0.01743135],62.571137876328066,0.12286407996641437
LAS_1.0Torr_SmallAdmixture_1kHzLaserFreq_CapCoupling_3_Trial,0,45.0,1.0,0.55,7,1.1669279707251845,0.401313235652025,0.3230778792394523,0.49554868245137923,4.953719814643882e-05,[0.01784027 0.01588165 0.01737681 ... 0.01641878 0.01674013 0.01757208],[0.01797026 0.01797036 0.01797046 ... 0.01846533 0.01846543 0.01846553],70.58062186599545,0.12316653716978294
LAS_1.0Torr_SmallAdmixture_1kHzLaserFreq_CapCoupling_3_Trial,0,45.0,1.0,0.55,9,1.1537920190392803,0.39181062519979587,0.31901894052776775,0.489970357384195,0.00024503747017375673,[0.02111863 0.02119561 0.02195279 ... 0.01865006 0.01931828 0.01923313],[0.0183122  0.01831269 0.01831318 ... 0.0207611  0.02076159 0.02076208],87.19237089364023,0.12297819429599091
LAS_1.0Torr_SmallAdmixture_1kHzLaserFreq_CapCoupling_3_Trial,0,45.0,1.0,0.27,1,1.135272915151126,0.41220449493031824,0.34109883519378553,0.48210601805719094,-0.00018969791886666598,[0.0288302  0.03063972 0.0303035  ... 0.02760925 0.02624559 0.0271733 ],[0.03327014 0.03326976 0.03326938 ... 0.0313743  0.03137392 0.03137354],59.65653894771793,0.13522512667504188
LAS_1.0Torr_SmallAdmixture_1kHzLaserFreq_CapCoupling_3_Trial,0,45.0,1.0,0.27,3,1.1434313160276792,0.41353271760882515,0.3397563504149312,0.4855705719171637,-0.0003072467687500154,[0.02874411 0.02967482 0.02885212 ... 0.02526362 0.02575902 0.02434795],[0.03331895 0.03331833 0.03331772 ... 0.03024832 0.03024771 0.03024709],59.30145830303412,0.1352944702680067
LAS_1.0Torr_SmallAdmixture_1kHzLaserFreq_CapCoupling_3_Trial,0,45.0,1.0,0.27,5,1.1355720154609792,0.40841846934459647,0.33787688511856334,0.48223303426400654,-0.00024614512360247214,[0.02931289 0.02909322 0.02849802 ... 0.02277792 0.02333882 0.02349243],[0.03075973 0.03075924 0.03075874 ... 0.02829975 0.02829926 0.02829877],77.84364369489606,0.13527485134003348
LAS_1.0Torr_SmallAdmixture_1kHzLaserFreq_CapCoupling_3_Trial,0,45.0,1.0,0.27,7,1.1430098037318592,0.4136114589298655,0.3399463610438279,0.485391572126199,-0.00017132700492722815,[0.02753965 0.02738462 0.02779601 ... 0.02562842 0.02381181 0.02338759],[0.02950777 0.02950743 0.02950708 ... 0.02779553 0.02779519 0.02779484],49.614090033757975,0.13528364897403686
LAS_1.0Torr_SmallAdmixture_1kHzLaserFreq_CapCoupling_3_Trial,0,45.0,1.0,0.27,9,1.1057607551902489,0.396290912077077,0.3366826451993574,0.46957335764301084,-8.02557533028937e-05,[0.02795043 0.02793824 0.0280827  ... 0.02517523 0.02522533 0.02546032],[0.02822625 0.02822609 0.02822593 ... 0.02742418 0.02742402 0.02742386],44.712126069954415,0.1353006079750017
LAS_1.0Torr_SmallAdmixture_1kHzLaserFreq_CapCoupling_3_Trial,0,45.0,1.0,0.0,1,1.0935686944409677,0.37663998195342197,0.3235550189891695,0.4643958661506106,-0.0002965660317107199,[0.01062391 0.01131268 0.01146133 ... 0.0081539  0.00730196 0.00738486],[0.01198858 0.01198798 0.01198739 ... 0.00902469 0.0090241  0.00902351],60.38314140176016,0.13467159046294438
LAS_1.0Torr_SmallAdmixture_1kHzLaserFreq_CapCoupling_3_Trial,0,45.0,1.0,0.0,3,1.1284103408531232,0.377633469241406,0.3143918004347958,0.4791917510784959,-0.00011491631554879703,[0.00419271 0.00580353 0.0053929  ... 0.00498637 0.00533341 0.00570254],[0.00751778 0.00751755 0.00751732 ... 0.00636931 0.00636908 0.00636885],46.38425917471945,0.13463872147320236
LAS_1.0Torr_SmallAdmixture_1kHzLaserFreq_CapCoupling_3_Trial,0,45.0,1.0,0.0,5,1.1084858427196749,0.39401876075842407,0.3339293097829051,0.4707305957662281,3.2697112311801605e-05,[0.00569875 0.00456699 0.00503923 ... 0.00539762 0.00666558 0.00625356],[0.00538207 0.00538213 0.0053822  ... 0.00570884 0.00570891 0.00570897],89.7287649527808,0.13462595437383054
LAS_1.0Torr_SmallAdmixture_1kHzLaserFreq_CapCoupling_3_Trial,0,45.0,1.0,0.0,7,1.106923938697784,0.38112662732117203,0.32345904636572553,0.4700673161983534,-4.075064574136913e-05,[0.0082571  0.00840851 0.00970673 ... 0.0047634  0.00466064 0.0044129 ],[0.00779758 0.0077975  0.00779742 ... 0.00739032 0.00739024 0.00739016],83.5533518852233,0.1346630517408447
LAS_1.0Torr_SmallAdmixture_1kHzLaserFreq_CapCoupling_3_Trial,0,45.0,1.0,0.0,9,0.9522030537988082,0.33040193546455343,0.32597237941173507,0.4043634059460766,-5.837356717227341e-06,[0.00750147 0.00780457 0.00742647 ... 0.00690782 0.00702626 0.0062138 ],[0.00802221 0.00802219 0.00802218 ... 0.00796387 0.00796386 0.00796384],50.7164918725438,0.1346385342639594
LAS_1.0Torr_SmallAdmixture_1kHzLaserFreq_CapCoupling_3_Trial,0,40.0,1.0,3.0,1,1.1745772372087764,0.2537991336809575,0.20299079526533345,0.4987970268417428,-0.00022918466424661337,"[-0.00418452 -0.00286569 -0.0051495  ...         nan         nan
         nan]","[ 0.00053857  0.00053811  0.00053765 ... -0.0017519  -0.00175236
 -0.00175282]",,0.08437916582931405
LAS_1.0Torr_SmallAdmixture_1kHzLaserFreq_CapCoupling_3_Trial,0,40.0,1.0,3.0,3,1.2011851481635114,0.25622220646301513,0.20038933444194504,0.5100963662587322,-0.00018858748461805046,"[-0.00760388 -0.0072142  -0.00738901 ...         nan         nan
         nan]","[-0.00214056 -0.00214094 -0.00214131 ... -0.0040253  -0.00402568
 -0.00402606]",,0.0843679908351755
LAS_1.0Torr_SmallAdmixture_1kHzLaserFreq_CapCoupling_3_Trial,0,40.0,1.0,3.0,5,1.1716226087470476,0.245723445863486,0.19702740760658446,0.49754231165959395,2.6501141965410593e-06,"[-0.00830209 -0.0089742  -0.00865149 ...         nan         nan
         nan]","[-0.00496278 -0.00496278 -0.00496277 ... -0.0049363  -0.00493629
 -0.00493629]",,0.08434210396889177
LAS_1.0Torr_SmallAdmixture_1kHzLaserFreq_CapCoupling_3_Trial,0,40.0,1.0,3.0,7,1.2244844101947128,0.2638669951735499,0.2024415254458616,0.5199906518455933,4.169063058056342e-05,"[-0.00798167 -0.00780745 -0.00732162 ...         nan         nan
         nan]","[-0.00366592 -0.00366584 -0.00366575 ... -0.00324926 -0.00324918
 -0.0032491 ]",,0.08433591120849866
LAS_1.0Torr_SmallAdmixture_1kHzLaserFreq_CapCoupling_3_Trial,0,40.0,1.0,3.0,9,1.1916447007055433,0.2554737374020969,0.2014036167845636,0.5060449112534549,7.103439975136014e-05,"[-0.00351724 -0.00485206 -0.00447698 ...         nan         nan
         nan]","[-0.00234563 -0.00234548 -0.00234534 ... -0.00163571 -0.00163557
 -0.00163542]",,0.08429264699021055
LAS_1.0Torr_SmallAdmixture_1kHzLaserFreq_CapCoupling_3_Trial,0,40.0,1.0,2.73,0,1.1952477332742508,0.27482988874126707,0.2160099832000125,0.5075749783073303,-0.0005302256580416766,"[-0.00034219 -0.00246312 -0.0015636  ...         nan         nan
         nan]",[0.00582511 0.00582405 0.00582299 ... 0.00052603 0.00052497 0.00052391],,0.08642519479166667
LAS_1.0Torr_SmallAdmixture_1kHzLaserFreq_CapCoupling_3_Trial,0,40.0,1.0,2.73,1,1.2079889838338012,0.27819381659146025,0.21634770308940837,0.5129856892389094,-0.000381388393037438,"[-0.01044899 -0.01092335 -0.00923344 ...         nan         nan
         nan]","[-0.0022131  -0.00221386 -0.00221463 ... -0.0060247  -0.00602546
 -0.00602622]",,0.08636837154357718
LAS_1.0Torr_SmallAdmixture_1kHzLaserFreq_CapCoupling_3_Trial,0,40.0,1.0,2.73,2,1.1913573299822902,0.27505253114092415,0.21689093175623642,0.5059228761434431,-5.293753898265659e-05,"[-0.01378337 -0.01333196 -0.01361042 ...         nan         nan
         nan]","[-0.00831258 -0.00831268 -0.00831279 ... -0.00884163 -0.00884174
 -0.00884185]",,0.08634905104166667
LAS_1.0Torr_SmallAdmixture_1kHzLaserFreq_CapCoupling_3_Trial,0,40.0,1.0,2.73,3,1.211582375609995,0.27647468767722855,0.214373065710918,0.514511662225158,-0.0002424979246384804,"[-0.0122129  -0.01223067 -0.01346032 ...         nan         nan
         nan]","[-0.00554823 -0.00554871 -0.0055492  ... -0.00797175 -0.00797224
 -0.00797272]",,0.08635472239583333
LAS_1.0Torr_SmallAdmixture_1kHzLaserFreq_CapCoupling_3_Trial,0,40.0,1.0,2.73,4,1.2025893538106864,0.274359544021323,0.21432385261348597,0.5106926774928489,6.7139827408778e-05,"[-0.01216765 -0.01153313 -0.01071194 ...         nan         nan
         nan]","[-0.00830718 -0.00830704 -0.00830691 ... -0.00763618 -0.00763605
 -0.00763592]",,0.08636347651622837
LAS_1.0Torr_SmallAdmixture_1kHzLaserFreq_CapCoupling_3_Trial,0,40.0,1.0,2.45,1,1.2209198922441447,0.297855632464561,0.22918513047858208,0.5184769404441256,-5.227642589565945e-05,"[-0.00650001 -0.00557757 -0.00578895 ... -0.00152084 -0.0017788
 -0.00063878]","[-0.00336345 -0.00336355 -0.00336366 ... -0.0038859  -0.003886
 -0.00388611]",110.37973054301055,0.0883000639354127
LAS_1.0Torr_SmallAdmixture_1kHzLaserFreq_CapCoupling_3_Trial,0,40.0,1.0,2.45,3,1.1824392182046943,0.2852691478974411,0.2266437613635949,0.5021357027683844,-0.00012704551613109115,"[-0.00959139 -0.00973175 -0.01076748 ... -0.00481348 -0.00521568
 -0.00400578]","[-0.00468832 -0.00468858 -0.00468883 ... -0.00595802 -0.00595827
 -0.00595853]",107.59847686316849,0.08832011270183532
LAS_1.0Torr_SmallAdmixture_1kHzLaserFreq_CapCoupling_3_Trial,0,40.0,1.0,2.45,5,1.200762279104185,0.29066746467817833,0.22740875256966858,0.5099167903033556,-0.00022622098192006545,"[-0.01290501 -0.01399424 -0.01307241 ... -0.00990301 -0.00921382
 -0.00914977]","[-0.0065303  -0.00653075 -0.0065312  ... -0.00879115 -0.0087916
 -0.00879205]",117.09731884274946,0.08833278904656838
LAS_1.0Torr_SmallAdmixture_1kHzLaserFreq_CapCoupling_3_Trial,0,40.0,1.0,2.45,7,1.2102982497568031,0.29167638327272694,0.22640011899360088,0.5139663441844433,-0.00023828208360368065,"[-0.0155426  -0.01401134 -0.01431011 ... -0.0112846  -0.01188384
 -0.01180873]","[-0.01003523 -0.01003571 -0.01003619 ... -0.01241662 -0.0124171
 -0.01241758]",133.79878698805078,0.08829162070003008
LAS_1.0Torr_SmallAdmixture_1kHzLaserFreq_CapCoupling_3_Trial,0,40.0,1.0,2.45,9,1.2085071582472744,0.2921416617781573,0.22709734556616562,0.5132057376517665,-4.757586565498558e-05,"[-0.02055234 -0.01999186 -0.02029816 ...         nan         nan
         nan]","[-0.01402498 -0.01402508 -0.01402517 ... -0.01450045 -0.01450055
 -0.01450064]",,0.08832666488784983
LAS_1.0Torr_SmallAdmixture_1kHzLaserFreq_CapCoupling_3_Trial,0,40.0,1.0,2.18,1,1.1566071022483135,0.29334464109667396,0.2382649136576207,0.4911658131537233,-0.0003857891838055715,"[-0.00512663 -0.00565906 -0.00528628 ... -0.00256951 -0.00270089
 -0.00213282]",[0.00423528 0.00423451 0.00423374 ... 0.00037971 0.00037893 0.00037816],159.72098697427026,0.09047781873165932
LAS_1.0Torr_SmallAdmixture_1kHzLaserFreq_CapCoupling_3_Trial,0,40.0,1.0,2.18,3,1.1591910309806954,0.29548453980547396,0.23946802947382026,0.49226310665512457,-0.00027154062843754703,"[-0.0070494  -0.00593593 -0.00650274 ... -0.00204946 -0.00334297
 -0.00289066]","[ 0.00034561  0.00034507  0.00034453 ... -0.00236817 -0.00236871
 -0.00236925]",133.76805054113234,0.09048649147158863
LAS_1.0Torr_SmallAdmixture_1kHzLaserFreq_CapCoupling_3_Trial,0,40.0,1.0,2.18,5,1.1720852799231194,0.30023146852629756,0.24063832095122417,0.4977387900176953,-7.028785519075832e-05,"[-0.00619512 -0.00650114 -0.00694549 ... -0.0015915  -0.00051939
 -0.00115327]","[-0.00204261 -0.00204275 -0.00204289 ... -0.00274507 -0.00274521
 -0.00274535]",111.55758591886762,0.09043214704141025
LAS_1.0Torr_SmallAdmixture_1kHzLaserFreq_CapCoupling_3_Trial,0,40.0,1.0,2.18,7,1.2012298970918474,0.30742334610402156,0.24042437869045205,0.5101153693789199,-0.00014124068442618082,"[-7.97435212e-03 -7.06456568e-03 -8.67255709e-03 ... -9.11090516e-05
 -6.66564141e-04 -3.77391373e-04]","[-0.00079085 -0.00079113 -0.00079141 ... -0.00220241 -0.00220269
 -0.00220297]",115.73343015772578,0.09043602553037125
LAS_1.0Torr_SmallAdmixture_1kHzLaserFreq_CapCoupling_3_Trial,0,40.0,1.0,2.18,9,1.1809869303577927,0.2969195158106746,0.2361899651518508,0.5015189729040509,-5.4036470567115895e-05,"[-0.0084475  -0.0078657  -0.00634645 ...         nan         nan
         nan]","[-0.00062367 -0.00062377 -0.00062388 ... -0.00116371 -0.00116382
 -0.00116392]",,0.0904540503195836
LAS_1.0Torr_SmallAdmixture_1kHzLaserFreq_CapCoupling_3_Trial,0,40.0,1.0,1.91,0,1.1738877228106965,0.3262536854923782,0.2610938580487375,0.49850421703679193,-0.00023401713407152362,[0.00577483 0.0060114  0.00425706 ... 0.01040884 0.01087508 0.0109159 ],[0.01412762 0.01412716 0.01412669 ... 0.01178886 0.01178839 0.01178792],133.91166543990101,0.0931594875
LAS_1.0Torr_SmallAdmixture_1kHzLaserFreq_CapCoupling_3_Trial,0,40.0,1.0,1.91,1,1.1493809968718076,0.31690072242071693,0.2590162470922388,0.4880971687400008,-0.00022215901538371124,[0.00549129 0.00589395 0.00783616 ... 0.00975036 0.00958749 0.00909885],[0.01252977 0.01252932 0.01252888 ... 0.01030951 0.01030906 0.01030862],139.45829217512517,0.0931687390625
LAS_1.0Torr_SmallAdmixture_1kHzLaserFreq_CapCoupling_3_Trial,0,40.0,1.0,1.91,2,1.1547851794942412,0.3174373190183878,0.25824062902067624,0.49039211379698605,-0.00013027859416827868,[0.00596938 0.00535184 0.00403539 ... 0.00878448 0.00999804 0.01012614],[0.01118914 0.01118888 0.01118862 ... 0.00988714 0.00988688 0.00988662],141.84616809887896,0.093211434375
LAS_1.0Torr_SmallAdmixture_1kHzLaserFreq_CapCoupling_3_Trial,0,40.0,1.0,1.91,3,1.0442989822224875,0.2869631783299036,0.25814820461044236,0.4434729458100745,-0.00019323702544991834,[0.00336493 0.00237356 0.00270726 ... 0.01069271 0.01068595 0.0109856 ],[0.01154962 0.01154924 0.01154885 ... 0.00961841 0.00961803 0.00961764],137.6815062200394,0.09318076197916667
LAS_1.0Torr_SmallAdmixture_1kHzLaserFreq_CapCoupling_3_Trial,0,40.0,1.0,1.91,4,1.1150680992956339,0.3079445624204728,0.25944119636584123,0.4735258227687537,-0.00019018134225324637,[0.00558067 0.0057224  0.0054052  ... 0.00619726 0.00771286 0.00789843],[0.01086921 0.01086883 0.01086845 ... 0.00896854 0.00896816 0.00896778],127.01680467307483,0.09323266109588346
LAS_1.0Torr_SmallAdmixture_1kHzLaserFreq_CapCoupling_3_Trial,0,40.0,1.0,1.64,1,1.1812440052606867,0.35176450349630534,0.27975649944972575,0.5016281425637183,-0.000392932277218657,[0.01063046 0.01116687 0.01088662 ... 0.01315824 0.01216699 0.01190091],[0.01838081 0.01838003 0.01837924 ... 0.01445385 0.01445306 0.01445228],205.63845582746143,0.09620205591279012
LAS_1.0Torr_SmallAdmixture_1kHzLaserFreq_CapCoupling_3_Trial,0,40.0,1.0,1.64,3,1.1293952059570191,0.32691971774250533,0.27193365827069516,0.47960998478003675,-6.567483290640766e-05,[0.0059853  0.00730511 0.00768513 ... 0.01202484 0.01207247 0.01148011],[0.01132192 0.01132179 0.01132166 ... 0.01066557 0.01066544 0.0106653 ],143.26852409998327,0.09621681172343348
LAS_1.0Torr_SmallAdmixture_1kHzLaserFreq_CapCoupling_3_Trial,0,40.0,1.0,1.64,5,1.0875059137182597,0.3149467245777892,0.2720653654756849,0.4618212402315297,0.00013981435744070845,[0.00625872 0.00679899 0.00681816 ... 0.01128537 0.01222951 0.01264196],[0.00903734 0.00903762 0.0090379  ... 0.01043465 0.01043493 0.01043521],139.06937907296196,0.09615237011219961
LAS_1.0Torr_SmallAdmixture_1kHzLaserFreq_CapCoupling_3_Trial,0,40.0,1.0,1.64,7,1.0759452785807755,0.3125224171604376,0.27287187829580445,0.45691189050780917,0.00026348946594041955,[0.01004739 0.00882963 0.00862632 ... 0.01579186 0.01545003 0.01600752],[0.01043001 0.01043053 0.01043106 ... 0.01306332 0.01306385 0.01306437],144.74453837853622,0.09619891829942226
LAS_1.0Torr_SmallAdmixture_1kHzLaserFreq_CapCoupling_3_Trial,0,40.0,1.0,1.64,9,1.0130321125204986,0.29383265478897785,0.2724862777757856,0.43019512877774246,0.00013837756777927408,[0.01145023 0.01055306 0.01129333 ... 0.01839869 0.01883944 0.01891765],[0.01427358 0.01427386 0.01427413 ... 0.01565653 0.0156568  0.01565708],124.85376786967994,0.09620922543279023
LAS_1.0Torr_SmallAdmixture_1kHzLaserFreq_CapCoupling_3_Trial,0,40.0,1.0,1.36,2,1.2228152185657288,0.4006933851807695,0.3078358018872986,0.5192818114259161,-0.0002211596262786093,[0.00237461 0.00297002 0.00100182 ... 0.00171636 0.00153292 0.00182686],[0.0062209  0.00622046 0.00622001 ... 0.00401063 0.00401019 0.00400974],128.63745674498486,0.09984571652065082
LAS_1.0Torr_SmallAdmixture_1kHzLaserFreq_CapCoupling_3_Trial,0,40.0,1.0,1.36,5,1.0465914956030447,0.3364459668033241,0.30199928511846835,0.4444464866058541,1.318282886779166e-05,"[-0.00072521 -0.00013422 -0.00080748 ...  0.00068155  0.00125696
  0.00020379]",[0.00142752 0.00142754 0.00142757 ... 0.00155926 0.00155929 0.00155932],80.82871148470608,0.0998417673133083
LAS_1.0Torr_SmallAdmixture_1kHzLaserFreq_CapCoupling_3_Trial,0,40.0,1.0,1.36,8,1.1830490335204005,0.3814811138473695,0.30292707175598643,0.5023946674892737,0.00013174568244490466,"[-0.00032741 -0.00023739 -0.00073573 ...  0.00317469  0.00194997
  0.00322537]","[4.14804610e-05 4.17439524e-05 4.20074438e-05 ... 1.35814681e-03
 1.35841030e-03 1.35867379e-03]",77.77147363765604,0.09985414111389236
LAS_1.0Torr_SmallAdmixture_1kHzLaserFreq_CapCoupling_3_Trial,0,40.0,1.0,1.36,11,1.0329925273125742,0.3256043669061835,0.29611528863123115,0.43867153649059315,0.00018175065246062486,[0.00206577 0.00348579 0.00354514 ... 0.00512162 0.00389989 0.00438578],[0.00229314 0.0022935  0.00229387 ... 0.00410956 0.00410992 0.00411028],123.1802416883021,0.09986242751355862
LAS_1.0Torr_SmallAdmixture_1kHzLaserFreq_CapCoupling_3_Trial,0,40.0,1.0,1.36,14,0.9950884646032332,0.3258364557733136,0.3076137692289218,0.42257516310132937,0.0003770292454428184,[0.00313623 0.00254543 0.00296349 ... 0.00855934 0.00921596 0.00905451],[0.00264924 0.00264999 0.00265075 ... 0.00641727 0.00641802 0.00641878],173.26096600141463,0.09985257465057179
LAS_1.0Torr_SmallAdmixture_1kHzLaserFreq_CapCoupling_3_Trial,0,40.0,1.0,0.82,1,1.1388857304433386,0.37498620248050396,0.309316385473606,0.483640239451236,-0.00017182815394378796,[0.01296323 0.01268241 0.01257823 ... 0.01016728 0.01062404 0.01053291],[0.01627627 0.01627592 0.01627558 ... 0.01455902 0.01455867 0.01455833],69.6391116763931,0.10628678323087776
LAS_1.0Torr_SmallAdmixture_1kHzLaserFreq_CapCoupling_3_Trial,0,40.0,1.0,0.82,3,1.1439355758604213,0.38029212707771076,0.31230832269909076,0.48578471135164236,-0.00021550427930791272,[0.0124998  0.01282675 0.01051411 ... 0.00723216 0.00806474 0.00641345],[0.01355884 0.01355841 0.01355798 ... 0.01140509 0.01140466 0.01140423],78.95284216713773,0.10627728762684618
LAS_1.0Torr_SmallAdmixture_1kHzLaserFreq_CapCoupling_3_Trial,0,40.0,1.0,0.82,5,1.1234157777446538,0.37220905809268134,0.31125347495468986,0.47707075541302724,-6.29991722490768e-05,[0.00575016 0.00559571 0.00591729 ... 0.0060448  0.00598616 0.00532749],[0.00886395 0.00886382 0.00886369 ... 0.00823433 0.00823421 0.00823408],63.97254479375955,0.10623671097910177
LAS_1.0Torr_SmallAdmixture_1kHzLaserFreq_CapCoupling_3_Trial,0,40.0,1.0,0.82,7,1.1528889287452477,0.38366141358131794,0.3126284114022727,0.4895868502470198,-4.601138564903655e-05,[0.00577171 0.00475142 0.00625519 ... 0.0051216  0.00528086 0.00575744],[0.00800018 0.00800009 0.008      ... 0.00754034 0.00754025 0.00754016],74.95191826856491,0.10624194547707558
LAS_1.0Torr_SmallAdmixture_1kHzLaserFreq_CapCoupling_3_Trial,0,40.0,1.0,0.82,9,1.133890124831558,0.37573288036525815,0.311297776493781,0.4815188010753728,9.20364508162545e-05,[0.00967734 0.00874043 0.00929117 ... 0.00647645 0.00635297 0.00745499],[0.00775154 0.00775172 0.0077519  ... 0.00867135 0.00867153 0.00867172],76.02413571561686,0.10626717757631632
LAS_1.0Torr_SmallAdmixture_1kHzLaserFreq_CapCoupling_3_Trial,0,40.0,1.0,1.09,1,1.184712010451756,0.43483503326173123,0.34480974002694825,0.5031008687698619,-0.00011174415241068401,[0.00805165 0.00696169 0.00686447 ... 0.00553179 0.00492323 0.00532311],[0.00960702 0.0096068  0.00960657 ... 0.00849025 0.00849003 0.0084898 ],100.57760985361175,0.10355620025823387
LAS_1.0Torr_SmallAdmixture_1kHzLaserFreq_CapCoupling_3_Trial,0,40.0,1.0,1.09,3,1.1038457088612457,0.40570333006271947,0.3452772695440322,0.4687601123451189,-1.8287134507755794e-05,[0.00753087 0.00758842 0.00704239 ... 0.00232187 0.00267264 0.00404582],[0.00536637 0.00536634 0.0053663  ... 0.00518361 0.00518358 0.00518354],110.64445542260323,0.10358328789646311
LAS_1.0Torr_SmallAdmixture_1kHzLaserFreq_CapCoupling_3_Trial,0,40.0,1.0,1.09,5,1.1327258659201314,0.4163127948072881,0.3452730892870611,0.48102438583804563,0.00017853272615633148,[0.00458611 0.00532147 0.00501437 ... 0.00361857 0.00375827 0.0040733 ],[0.00255087 0.00255123 0.00255158 ... 0.00433512 0.00433548 0.00433584],134.18718985435783,0.1036021325742206
LAS_1.0Torr_SmallAdmixture_1kHzLaserFreq_CapCoupling_3_Trial,0,40.0,1.0,1.09,7,1.1465358513308832,0.423093158496586,0.3466699144148837,0.48688894667355115,0.0001697454934192791,[0.00726686 0.00721078 0.00792686 ... 0.00385718 0.00469784 0.00547204],[0.00418048 0.00418082 0.00418116 ... 0.00587692 0.00587726 0.0058776 ],92.23482179350067,0.10354065173378643
LAS_1.0Torr_SmallAdmixture_1kHzLaserFreq_CapCoupling_3_Trial,0,40.0,1.0,1.09,9,1.1226502626923265,0.4134547475468264,0.3459802360615409,0.4767456711018321,0.00014869060896257496,[0.00721349 0.00824982 0.0058813  ... 0.00573627 0.0065031  0.0058099 ],[0.00445934 0.00445964 0.00445994 ... 0.00594536 0.00594565 0.00594595],124.90656062483725,0.10357237595911221
LAS_1.0Torr_SmallAdmixture_1kHzLaserFreq_CapCoupling_3_Trial,0,40.0,1.0,0.55,2,1.1400406762224071,0.37419761511050437,0.3083531987649289,0.4841306997653927,-0.0002694951358112513,[0.0223956  0.02200245 0.02253623 ... 0.01972071 0.01907389 0.0198959 ],[0.0267326  0.02673206 0.02673152 ... 0.02403927 0.02403873 0.02403819],69.713998116283,0.11249260830279606
LAS_1.0Torr_SmallAdmixture_1kHzLaserFreq_CapCoupling_3_Trial,0,40.0,1.0,0.55,5,1.1280018095584434,0.36862110687596505,0.30699987055017913,0.4790182638111602,-0.000226176652017631,[0.01951055 0.02087108 0.0206682  ... 0.01676553 0.01489145 0.01661288],[0.02427997 0.02427952 0.02427907 ... 0.02201956 0.02201911 0.02201866],68.36034911199222,0.1125814906380202
LAS_1.0Torr_SmallAdmixture_1kHzLaserFreq_CapCoupling_3_Trial,0,40.0,1.0,0.55,8,1.150782785809652,0.37864237747735036,0.309103306969805,0.48869245369215775,-0.00014249872163136669,[0.02106027 0.02081754 0.02169113 ... 0.01687812 0.01532288 0.015093  ],[0.02224359 0.0222433  0.02224302 ... 0.02081945 0.02081917 0.02081888],60.42417690191162,0.11248608357177517
LAS_1.0Torr_SmallAdmixture_1kHzLaserFreq_CapCoupling_3_Trial,0,40.0,1.0,0.55,11,1.1405840787255206,0.3742235185217574,0.3082276268999986,0.4843614615615054,-0.00019743096372398526,[0.01920867 0.01884141 0.02003027 ... 0.01704037 0.01652761 0.01633069],[0.02207778 0.02207739 0.02207699 ... 0.02010466 0.02010426 0.02010387],67.50932216817327,0.11254709644763482
LAS_1.0Torr_SmallAdmixture_1kHzLaserFreq_CapCoupling_3_Trial,0,40.0,1.0,0.55,14,1.1506140744989433,0.3780921945211621,0.3086994242385013,0.4886208085950877,-0.0001018138634864503,[0.01821892 0.01949882 0.01889233 ... 0.0156685  0.01484881 0.01585205],[0.01977125 0.01977105 0.01977085 ... 0.01875372 0.01875352 0.01875332],52.91742392347215,0.11255594041560645
LAS_1.0Torr_SmallAdmixture_1kHzLaserFreq_CapCoupling_3_Trial,0,40.0,1.0,0.27,1,1.1110280738377785,0.3834242090670408,0.3242069251313089,0.4718101819212161,-0.0003748473839254321,[0.03168763 0.03067049 0.03068561 ... 0.02822432 0.02722739 0.02713037],[0.03549119 0.03549044 0.03548969 ... 0.03174497 0.03174422 0.03174347],78.45781498677785,0.12316408666466036
LAS_1.0Torr_SmallAdmixture_1kHzLaserFreq_CapCoupling_3_Trial,0,40.0,1.0,0.27,3,1.1180298424093902,0.39511756637893736,0.3320020246736307,0.47478355926543675,-0.000307600247345456,[0.02819713 0.02762426 0.02887025 ... 0.02573586 0.02572877 0.02658276],[0.03224372 0.03224311 0.03224249 ... 0.02916957 0.02916895 0.02916834],63.26440061843985,0.12307537167301971
LAS_1.0Torr_SmallAdmixture_1kHzLaserFreq_CapCoupling_3_Trial,0,40.0,1.0,0.27,5,1.1025106097423312,0.37384240365641674,0.31854703913969623,0.4681931479514992,-0.0002362765163819008,[0.0263033  0.02647781 0.02640822 ... 0.02285718 0.02397291 0.02376037],[0.03084612 0.03084565 0.03084518 ... 0.02848478 0.0284843  0.02848383],42.74940766401421,0.12299161724261878
LAS_1.0Torr_SmallAdmixture_1kHzLaserFreq_CapCoupling_3_Trial,0,40.0,1.0,0.27,7,1.1306819218009492,0.39096089387245986,0.3248333869462762,0.48015640268854964,-0.00016706826399752586,[0.02596648 0.02455252 0.02543655 ... 0.02359651 0.02298853 0.0233043 ],[0.02982469 0.02982436 0.02982402 ... 0.02815501 0.02815468 0.02815434],53.85628534302541,0.12303224318303409
LAS_1.0Torr_SmallAdmixture_1kHzLaserFreq_CapCoupling_3_Trial,0,40.0,1.0,0.27,9,1.1102784865705402,0.3833590013473312,0.32437063434703567,0.47149186151757416,-0.00011191362291253453,[0.0273309  0.02764473 0.02822117 ... 0.02731616 0.02706368 0.02621202],[0.02965497 0.02965474 0.02965452 ... 0.0285365  0.02853628 0.02853605],36.69908533669007,0.1229668463228806
LAS_1.0Torr_SmallAdmixture_1kHzLaserFreq_CapCoupling_3_Trial,0,40.0,1.0,0.0,2,1.0544957067448606,0.3697216136996708,0.32938044643409864,0.447803096024266,-2.6247807754653175e-05,[0.01031403 0.01092923 0.00943655 ... 0.0112718  0.01125742 0.00968916],[0.01048779 0.01048774 0.01048769 ... 0.01022547 0.01022542 0.01022537],27.23336641873251,0.13567504899134245
LAS_1.0Torr_SmallAdmixture_1kHzLaserFreq_CapCoupling_3_Trial,0,40.0,1.0,0.0,5,0.9638891950682975,0.3490140845156558,0.3401603041748027,0.409326053216788,-0.00013957965643718084,[0.00922643 0.00770913 0.0076327  ... 0.00994786 0.01002172 0.00993581],[0.01121424 0.01121396 0.01121368 ... 0.00981928 0.009819   0.00981872],40.823141669652145,0.13576403043104024
LAS_1.0Torr_SmallAdmixture_1kHzLaserFreq_CapCoupling_3_Trial,0,40.0,1.0,0.0,8,1.2344663990435976,0.4390864837321061,0.33414778377983256,0.5242296122153882,-0.00010546440701436793,[0.00908583 0.00979373 0.00913263 ... 0.00807579 0.00829804 0.00765152],[0.00934555 0.00934534 0.00934513 ... 0.00829154 0.00829133 0.00829112],111.39963639578933,0.1356321133116069
LAS_1.0Torr_SmallAdmixture_1kHzLaserFreq_CapCoupling_3_Trial,0,40.0,1.0,0.0,11,1.0485990184248215,0.3822544247643441,0.3424607979425281,0.4452990030544095,-6.29377597143231e-05,[0.01012959 0.00940642 0.00871194 ... 0.00788552 0.00763879 0.0069412 ],[0.00942981 0.00942968 0.00942955 ... 0.00880081 0.00880068 0.00880055],53.37432126087298,0.13567380556948275
LAS_1.0Torr_SmallAdmixture_1kHzLaserFreq_CapCoupling_3_Trial,0,40.0,1.0,0.0,14,1.0351004551360934,0.372647554409496,0.3382077581856627,0.43956669101756735,-0.00020285356709971714,[0.00780937 0.00755921 0.00882395 ... 0.00847608 0.00537038 0.00627256],[0.01073418 0.01073377 0.01073337 ... 0.00870686 0.00870645 0.00870605],37.76148284716929,0.13566020396063086
LAS_1.0Torr_SmallAdmixture_1kHzLaserFreq_CapCoupling_3_Trial,0,35.0,1.0,3.0,1,1.2147700132730177,0.251171633449961,0.19424252594037822,0.5158653273044701,-0.0002213180963217556,[0.00108989 0.00050069 0.0003799  ...        nan        nan        nan],[0.00577453 0.00577409 0.00577365 ... 0.00356268 0.00356224 0.00356179],,0.0800034324499707
LAS_1.0Torr_SmallAdmixture_1kHzLaserFreq_CapCoupling_3_Trial,0,35.0,1.0,3.0,3,1.2006813343783234,0.24695907720094593,0.19322576006893427,0.5098824162432093,-0.00021649023880697082,"[-0.00263609 -0.00214303 -0.00219813 ...         nan         nan
         nan]",[0.00385487 0.00385444 0.00385401 ... 0.00169127 0.00169083 0.0016904 ],,0.0799440669379689
LAS_1.0Torr_SmallAdmixture_1kHzLaserFreq_CapCoupling_3_Trial,0,35.0,1.0,3.0,5,1.1926447870177133,0.24536000151577786,0.19326821752359807,0.5064696088070026,-0.00012990112520505124,"[-0.00467967 -0.00420405 -0.00493905 ...         nan         nan
         nan]","[ 0.00080751  0.00080725  0.00080699 ... -0.00049073 -0.00049099
 -0.00049124]",,0.07987203943512192
LAS_1.0Torr_SmallAdmixture_1kHzLaserFreq_CapCoupling_3_Trial,0,35.0,1.0,3.0,7,1.1696650266600126,0.2392585798105137,0.19216478564342504,0.4967110030884079,-6.307350229262271e-05,"[-0.00471877 -0.0050027  -0.0049274  ...         nan         nan
         nan]","[-0.00021035 -0.00021048 -0.00021061 ... -0.00084071 -0.00084084
 -0.00084096]",,0.07988452226939309
LAS_1.0Torr_SmallAdmixture_1kHzLaserFreq_CapCoupling_3_Trial,0,35.0,1.0,3.0,9,1.2064405904682856,0.2470312596889429,0.19235955436964222,0.5123281471185325,1.074442711390751e-05,"[-0.00287233 -0.0044123  -0.00345469 ...         nan         nan
         nan]",[0.00058794 0.00058796 0.00058798 ... 0.00069532 0.00069534 0.00069536],,0.0798460890623411
LAS_1.0Torr_SmallAdmixture_1kHzLaserFreq_CapCoupling_3_Trial,0,35.0,1.0,2.73,1,1.2082298081604028,0.26737375270418956,0.20789163529955804,0.5130879579142206,-0.00010772395188238057,"[-0.00200098 -0.00232907 -0.002347   ...         nan         nan
         nan]","[ 0.00076353  0.00076332  0.0007631  ... -0.00031306 -0.00031327
 -0.00031349]",,0.08193291553805511
LAS_1.0Torr_SmallAdmixture_1kHzLaserFreq_CapCoupling_3_Trial,0,35.0,1.0,2.73,3,1.2067340059810834,0.2633218115183644,0.2049949075844247,0.5124527492143135,-0.00018981772031433956,"[-0.00608607 -0.00620416 -0.00619329 ...         nan         nan
         nan]","[-0.00073568 -0.00073606 -0.00073644 ... -0.00263272 -0.0026331
 -0.00263348]",,0.08202307070124398
LAS_1.0Torr_SmallAdmixture_1kHzLaserFreq_CapCoupling_3_Trial,0,35.0,1.0,2.73,5,1.1910145746450942,0.2641817644928808,0.20837880845515175,0.5057773213534204,-0.00022145678568086385,"[-0.01060703 -0.01039931 -0.00993092 ...         nan         nan
         nan]","[-0.00409368 -0.00409412 -0.00409456 ... -0.00630692 -0.00630736
 -0.0063078 ]",,0.08196841193903827
LAS_1.0Torr_SmallAdmixture_1kHzLaserFreq_CapCoupling_3_Trial,0,35.0,1.0,2.73,7,1.1917413861826476,0.26388428330174185,0.20801722241993395,0.5060859697951928,-0.0001588788496659443,"[-0.01220927 -0.01081485 -0.00999558 ...         nan         nan
         nan]","[-0.00694247 -0.00694278 -0.0069431  ... -0.0085303  -0.00853062
 -0.00853094]",,0.08196106812633762
LAS_1.0Torr_SmallAdmixture_1kHzLaserFreq_CapCoupling_3_Trial,0,35.0,1.0,2.73,9,1.2274361435979626,0.2700369241843398,0.20667694570288955,0.5212441376096025,-0.00015902582183722268,"[-0.01378269 -0.01368073 -0.01246598 ...         nan         nan
         nan]","[-0.00818876 -0.00818908 -0.0081894  ... -0.00977807 -0.00977839
 -0.0097787 ]",,0.08197466411196551
LAS_1.0Torr_SmallAdmixture_1kHzLaserFreq_CapCoupling_3_Trial,0,35.0,1.0,2.45,1,1.1846199369609467,0.2748285731121398,0.21794686952148462,0.5030617687583755,-0.0002875650832002047,"[-0.01051995 -0.00941615 -0.00918112 ... -0.00603936 -0.0058634
 -0.00725097]","[-0.00251712 -0.0025177  -0.00251827 ... -0.00539105 -0.00539162
 -0.0053922 ]",137.8822964697006,0.08391792447121084
LAS_1.0Torr_SmallAdmixture_1kHzLaserFreq_CapCoupling_3_Trial,0,35.0,1.0,2.45,3,1.183723334388564,0.2750760051590949,0.21830832105351117,0.502681016702916,-0.00018607458779954875,"[-0.01259766 -0.01098108 -0.01174157 ... -0.00943881 -0.00954678
 -0.01070972]","[-0.00807617 -0.00807655 -0.00807692 ... -0.0099358  -0.00993618
 -0.00993655]",118.94628088893977,0.08390599853083576
LAS_1.0Torr_SmallAdmixture_1kHzLaserFreq_CapCoupling_3_Trial,0,35.0,1.0,2.45,5,1.1908741159588458,0.2763113411657402,0.21797196776721645,0.5057176740412851,-0.00020598782586459395,"[-0.01527149 -0.01540579 -0.01389775 ... -0.01282837 -0.01194216
 -0.0119039 ]","[-0.01003271 -0.01003312 -0.01003354 ... -0.01209135 -0.01209177
 -0.01209218]",107.28925184632709,0.0838778828490314
LAS_1.0Torr_SmallAdmixture_1kHzLaserFreq_CapCoupling_3_Trial,0,35.0,1.0,2.45,7,1.1810506751102647,0.27440308215755166,0.21826708218495366,0.5015460428080152,-4.003395490350897e-05,"[-0.01792533 -0.01806306 -0.0182225  ... -0.01433789 -0.0135338
 -0.01315474]","[-0.01399766 -0.01399774 -0.01399782 ... -0.01439776 -0.01439784
 -0.01439792]",98.4989663142303,0.08386257828156314
LAS_1.0Torr_SmallAdmixture_1kHzLaserFreq_CapCoupling_3_Trial,0,35.0,1.0,2.45,9,1.2035877963956791,0.2801623888508243,0.2186753579291748,0.511116677019734,6.10302649101601e-05,"[-0.01842027 -0.01843894 -0.01853827 ...         nan         nan
         nan]","[-0.01436945 -0.01436933 -0.0143692  ... -0.01375951 -0.01375939
 -0.01375927]",,0.08385612340028815
LAS_1.0Torr_SmallAdmixture_1kHzLaserFreq_CapCoupling_3_Trial,0,35.0,1.0,2.18,1,1.2120850284474005,0.2932738846698742,0.22730453199381148,0.5147251192315505,-0.0002047401854964663,"[-0.00325521 -0.002654   -0.00289667 ...  0.00197019  0.00261694
  0.00308761]",[0.0043332  0.00433279 0.00433238 ... 0.00228703 0.00228662 0.00228621],116.22868594992002,0.08611642787475196
LAS_1.0Torr_SmallAdmixture_1kHzLaserFreq_CapCoupling_3_Trial,0,35.0,1.0,2.18,3,1.1807843632041908,0.2816121973840934,0.22405191379841505,0.5014329505542627,-0.00017868131959893906,"[-0.00288938 -0.00234218 -0.00321104 ...  0.00148632  0.00176497
  0.00083139]",[0.00308702 0.00308666 0.00308631 ... 0.00130128 0.00130092 0.00130057],106.58425028010218,0.08614530204234352
LAS_1.0Torr_SmallAdmixture_1kHzLaserFreq_CapCoupling_3_Trial,0,35.0,1.0,2.18,5,1.1736742568698222,0.2813956048041409,0.2252358519988953,0.4984135663981901,-1.891536698401077e-05,"[-0.00201353 -0.00138037 -0.00327974 ...  0.00265031  0.00306335
  0.00308965]",[0.00179495 0.00179491 0.00179488 ... 0.00160591 0.00160587 0.00160584],90.03817363547309,0.08612430318222178
LAS_1.0Torr_SmallAdmixture_1kHzLaserFreq_CapCoupling_3_Trial,0,35.0,1.0,2.18,7,1.1851600562278386,0.28573426163798865,0.22649212296169607,0.5032911362924389,-6.68501283767395e-05,"[-0.0019705  -0.00127702 -0.00218768 ...  0.00557037  0.0041067
  0.00505882]",[0.00370362 0.00370349 0.00370335 ... 0.00303552 0.00303539 0.00303525],83.05922377859295,0.08608950417567138
LAS_1.0Torr_SmallAdmixture_1kHzLaserFreq_CapCoupling_3_Trial,0,35.0,1.0,2.18,9,1.1677056811461655,0.2819207578271078,0.22680960949173448,0.4958789456588044,-0.00013611454771144023,"[-0.00251808 -0.00244309 -0.00259545 ...         nan         nan
         nan]",[0.00546093 0.00546066 0.00546038 ... 0.0041006  0.00410033 0.00410006],,0.08608252581926935
LAS_1.0Torr_SmallAdmixture_1kHzLaserFreq_CapCoupling_3_Trial,0,35.0,1.0,1.91,1,1.1664370151108463,0.29633039178413517,0.23866167932542395,0.49534019279826363,-0.00015033263629802722,[0.00759101 0.00760708 0.00720118 ... 0.01136254 0.01144722 0.01187985],[0.01319382 0.01319351 0.01319321 ... 0.01169139 0.01169109 0.01169079],112.34911096192499,0.08862839290485255
LAS_1.0Torr_SmallAdmixture_1kHzLaserFreq_CapCoupling_3_Trial,0,35.0,1.0,1.91,3,1.1358177743784208,0.2871383155401556,0.23749270688167048,0.48233739846710566,-4.6104701125129096e-05,[0.0043236  0.00623339 0.0056642  ... 0.01286862 0.01323722 0.01271713],[0.01146216 0.01146207 0.01146197 ... 0.01100139 0.0110013  0.0110012 ],104.63028355120092,0.08863326383323314
LAS_1.0Torr_SmallAdmixture_1kHzLaserFreq_CapCoupling_3_Trial,0,35.0,1.0,1.91,5,1.1844418057865291,0.3021479060355713,0.23964791281777242,0.5029861234135036,-4.926173193928247e-05,[0.00730978 0.00661783 0.00812686 ... 0.01254596 0.01214525 0.01239322],[0.01180479 0.01180469 0.01180459 ... 0.01131247 0.01131237 0.01131227],104.82059312724267,0.08861723602484473
LAS_1.0Torr_SmallAdmixture_1kHzLaserFreq_CapCoupling_3_Trial,0,35.0,1.0,1.91,7,1.1662300907229064,0.2993195369721954,0.24111188136167677,0.4952523201014193,-0.0001486461291263882,[0.00482252 0.00522171 0.00386501 ... 0.01328646 0.01148446 0.0122516 ],[0.01260899 0.01260869 0.01260839 ... 0.01112342 0.01112312 0.01112282],128.3913433540672,0.08863914890552996
LAS_1.0Torr_SmallAdmixture_1kHzLaserFreq_CapCoupling_3_Trial,0,35.0,1.0,1.91,9,1.1539324507978397,0.2996412684275831,0.2439433760642512,0.4900299932611936,-5.51760690290339e-05,[0.00711039 0.00835649 0.00833708 ... 0.01285875 0.01208139 0.012295  ],[0.01157927 0.01157916 0.01157905 ... 0.01102784 0.01102773 0.01102762],111.65605905667988,0.08861974114654747
LAS_1.0Torr_SmallAdmixture_1kHzLaserFreq_CapCoupling_3_Trial,0,35.0,1.0,1.64,1,1.256817318374772,0.33726867168196173,0.25209929755365496,0.5337211737376109,-0.00014535190850086096,[0.00856735 0.0085497  0.01035399 ... 0.01278527 0.01154808 0.01231408],[0.01391035 0.01391006 0.01390977 ... 0.0124577  0.01245741 0.01245712],131.37251844564352,0.09140953096311133
LAS_1.0Torr_SmallAdmixture_1kHzLaserFreq_CapCoupling_3_Trial,0,35.0,1.0,1.64,3,1.292111157594921,0.3560665059433001,0.2588803195555518,0.5487090872703773,-7.646061876757495e-05,[0.01016125 0.01002823 0.00994664 ... 0.0127999  0.01330291 0.01370788],[0.01244937 0.01244922 0.01244907 ... 0.01168522 0.01168507 0.01168492],104.67760907939484,0.09144623549908196
LAS_1.0Torr_SmallAdmixture_1kHzLaserFreq_CapCoupling_3_Trial,0,35.0,1.0,1.64,5,1.1970904929853168,0.31357592445877647,0.2460840804145403,0.5083575263049808,0.00012992481353365975,[0.00925542 0.00778112 0.00838487 ... 0.01317343 0.01312099 0.01401915],[0.01098735 0.01098761 0.01098787 ... 0.01228582 0.01228608 0.01228634],78.64480024495207,0.09143679738357535
LAS_1.0Torr_SmallAdmixture_1kHzLaserFreq_CapCoupling_3_Trial,0,35.0,1.0,1.64,7,1.1872643506722538,0.3123120130179948,0.24712065804781166,0.5041847478653723,-8.680869479230457e-05,[0.00875516 0.00944683 0.00940286 ... 0.01792152 0.01788785 0.01757252],[0.01589618 0.015896   0.01589583 ... 0.01502861 0.01502844 0.01502826],88.0404337021625,0.09141411220630229
LAS_1.0Torr_SmallAdmixture_1kHzLaserFreq_CapCoupling_3_Trial,0,35.0,1.0,1.64,9,1.050531247394296,0.2877243219167307,0.25729739564396276,0.44611954514787094,2.2140822146874652e-05,[0.01529089 0.01378115 0.01422253 ... 0.01772811 0.01760826 0.01838736],[0.01661606 0.01661611 0.01661615 ... 0.01683734 0.01683738 0.01683743],90.39372113443213,0.0914665217115287
LAS_1.0Torr_SmallAdmixture_1kHzLaserFreq_CapCoupling_3_Trial,0,35.0,1.0,1.36,2,1.0667677251790424,0.31961210558231684,0.2814628898313582,0.45301454241910954,4.710938762919223e-05,[0.00196992 0.00243285 0.00205514 ... 0.00351887 0.0030867  0.00268449],[0.00433877 0.00433887 0.00433896 ... 0.00480959 0.00480968 0.00480977],100.95134390308135,0.09471988083901363
LAS_1.0Torr_SmallAdmixture_1kHzLaserFreq_CapCoupling_3_Trial,0,35.0,1.0,1.36,5,1.000975670025919,0.29118117961032436,0.27327982404866485,0.4250752290554598,0.0001326575658128431,[0.00366714 0.00422035 0.00485579 ... 0.00299035 0.00263076 0.00304115],[0.00307525 0.00307552 0.00307578 ... 0.00440103 0.0044013  0.00440156],106.5528105653036,0.09474647800554664
LAS_1.0Torr_SmallAdmixture_1kHzLaserFreq_CapCoupling_3_Trial,0,35.0,1.0,1.36,8,1.0047781613741185,0.2957271716448433,0.27649598692276317,0.42668999845417604,0.0003419272655024561,[0.0013289  0.00189363 0.0013161  ... 0.00296733 0.00268237 0.00363463],"[-1.55483619e-06 -8.70981654e-07 -1.87127123e-07 ...  3.41566626e-03
  3.41635011e-03  3.41703396e-03]",153.450183760861,0.09470579808206363
LAS_1.0Torr_SmallAdmixture_1kHzLaserFreq_CapCoupling_3_Trial,0,35.0,1.0,1.36,11,1.161765630481523,0.339523554209536,0.2745485625089792,0.4933564383966563,0.0001107629460247423,"[9.87778976e-04 2.28343675e-04 2.46854467e-05 ... 5.25053870e-03
 5.25611257e-03 4.68730082e-03]",[0.00268255 0.00268277 0.00268299 ... 0.00378951 0.00378973 0.00378995],68.27287054714434,0.09467442121508286
LAS_1.0Torr_SmallAdmixture_1kHzLaserFreq_CapCoupling_3_Trial,0,35.0,1.0,1.36,14,1.1245244679196251,0.33298962159232043,0.27818235429117855,0.47754157278071135,0.0001053185517644253,[0.00261534 0.00215627 0.00276032 ... 0.00331153 0.00228594 0.00291499],[0.0020287  0.00202891 0.00202912 ... 0.00308126 0.00308147 0.00308168],120.72340742199441,0.09466988233377345
LAS_1.0Torr_SmallAdmixture_1kHzLaserFreq_CapCoupling_3_Trial,0,35.0,1.0,1.09,0,1.141482574050333,0.3934551120361671,0.323812564593233,0.48474301739491543,0.00010476051483956544,[0.00945611 0.00909066 0.00955097 ... 0.00932319 0.00955965 0.007713  ],[0.01026995 0.01027016 0.01027037 ... 0.01131693 0.01131714 0.01131735],96.62108938374914,0.09848387083333333
LAS_1.0Torr_SmallAdmixture_1kHzLaserFreq_CapCoupling_3_Trial,0,35.0,1.0,1.09,1,1.1272470745996328,0.3905225618762886,0.32545788857352276,0.4786977573841815,-7.527312907837029e-05,[0.0112681  0.01175008 0.01154534 ... 0.0081672  0.00747614 0.00867494],[0.01047656 0.01047641 0.01047626 ... 0.00972428 0.00972413 0.00972398],104.0317115907066,0.09858458958333333
LAS_1.0Torr_SmallAdmixture_1kHzLaserFreq_CapCoupling_3_Trial,0,35.0,1.0,1.09,2,1.112976238434594,0.38764988822470026,0.3272062273263327,0.4726374912525285,8.06401154399524e-05,[0.00944344 0.00871002 0.00936593 ... 0.00685728 0.0076542  0.00753357],[0.00763348 0.00763364 0.0076338  ... 0.0084394  0.00843956 0.00843972],102.11017872716559,0.09856039895833332
LAS_1.0Torr_SmallAdmixture_1kHzLaserFreq_CapCoupling_3_Trial,0,35.0,1.0,1.09,3,1.1430479861841276,0.39486915337646245,0.3245312597319637,0.48540778672074897,5.313892000524029e-05,[0.01032436 0.00950404 0.01019092 ... 0.00618597 0.00494256 0.00654308],[0.00729275 0.00729286 0.00729297 ... 0.00782382 0.00782393 0.00782404],107.60342073890833,0.0985324875
LAS_1.0Torr_SmallAdmixture_1kHzLaserFreq_CapCoupling_3_Trial,0,35.0,1.0,1.09,4,1.1656332207678357,0.40456322901277547,0.32605606305159024,0.4949988527690301,5.3548176083024324e-05,[0.00886591 0.00953748 0.00864614 ... 0.00676995 0.00699422 0.00611991],[0.00726525 0.00726536 0.00726547 ... 0.00780041 0.00780052 0.00780063],95.00890179725828,0.09850223607162198
LAS_1.0Torr_SmallAdmixture_1kHzLaserFreq_CapCoupling_3_Trial,0,35.0,1.0,0.82,1,1.1206098160616502,0.4286628864481225,0.359359600239489,0.4758791731989533,-5.081315482064606e-05,[0.00947066 0.00955991 0.00871041 ... 0.00988903 0.00917832 0.00891716],[0.01338685 0.01338675 0.01338664 ... 0.01287902 0.01287892 0.01287882],72.3520121118656,0.10298735872343623
LAS_1.0Torr_SmallAdmixture_1kHzLaserFreq_CapCoupling_3_Trial,0,35.0,1.0,0.82,3,1.1249461380550656,0.42695076830979045,0.3565445974267984,0.47772063959999134,-4.5738162368211434e-05,[0.00935011 0.00956116 0.00950614 ... 0.00872783 0.00826692 0.00921087],[0.01181243 0.01181234 0.01181225 ... 0.01135533 0.01135524 0.01135514],72.19150625343993,0.10297094526086523
LAS_1.0Torr_SmallAdmixture_1kHzLaserFreq_CapCoupling_3_Trial,0,35.0,1.0,0.82,5,1.1112709854978409,0.4284977793326503,0.36223998736435187,0.4719133370054337,0.00015281744930405273,[0.00896123 0.00980875 0.00945089 ... 0.00944379 0.009657   0.00925386],[0.00957314 0.00957345 0.00957375 ... 0.0111004  0.0111007  0.01110101],87.94510270656913,0.10296052546481742
LAS_1.0Torr_SmallAdmixture_1kHzLaserFreq_CapCoupling_3_Trial,0,35.0,1.0,0.82,7,1.1367195285070515,0.4404216285924906,0.3639846821219025,0.48272033818707855,0.0001445741038563852,[0.01110341 0.01153468 0.0121046  ... 0.01059798 0.0109591  0.01027933],[0.0119484  0.01194869 0.01194898 ... 0.01339328 0.01339357 0.01339385],90.3643041724737,0.10304757128730221
LAS_1.0Torr_SmallAdmixture_1kHzLaserFreq_CapCoupling_3_Trial,0,35.0,1.0,0.82,9,1.1237474414739106,0.4331201667092973,0.3620824535356845,0.47721160003083857,3.907801844496148e-05,[0.01375308 0.01376041 0.01443493 ... 0.01425769 0.01332372 0.01289084],[0.01543284 0.01543292 0.01543299 ... 0.01582338 0.01582346 0.01582354],76.81474275574054,0.10293175779729569
LAS_1.0Torr_SmallAdmixture_1kHzLaserFreq_CapCoupling_3_Trial,0,35.0,1.0,0.55,1,1.1118777579063628,0.3925059195256064,0.33163240319417664,0.4721710095226191,-8.850751052892066e-05,[0.02135483 0.0199513  0.02218903 ... 0.01990714 0.021093   0.02077344],[0.02283618 0.022836   0.02283582 ... 0.02195163 0.02195146 0.02195128],57.78762909768628,0.1060110916904726
LAS_1.0Torr_SmallAdmixture_1kHzLaserFreq_CapCoupling_3_Trial,0,35.0,1.0,0.55,3,1.1376495491525291,0.40421848050037484,0.3337916404961958,0.4831152815915396,-0.00022993520475733328,[0.02045624 0.0209787  0.02159586 ... 0.01655587 0.01620308 0.0162731 ],[0.02388968 0.02388922 0.02388876 ... 0.02159171 0.02159125 0.02159079],71.0136890018017,0.1060441939599726
LAS_1.0Torr_SmallAdmixture_1kHzLaserFreq_CapCoupling_3_Trial,0,35.0,1.0,0.55,5,1.1189192587257395,0.39523995429631514,0.3318408760971338,0.4751612595989404,-6.992997822933349e-05,[0.01851819 0.01846913 0.02009654 ... 0.01647701 0.01623803 0.01725512],[0.02091449 0.02091435 0.02091421 ... 0.02021561 0.02021547 0.02021533],47.61294159931795,0.10605051349838789
LAS_1.0Torr_SmallAdmixture_1kHzLaserFreq_CapCoupling_3_Trial,0,35.0,1.0,0.55,7,1.1086251830384979,0.3963478183633345,0.33586095787692816,0.47078976815144585,-0.00015782541523763123,[0.01716766 0.01774891 0.01837438 ... 0.01663327 0.01655492 0.01553569],[0.0213064  0.02130609 0.02130577 ... 0.0197291  0.01972878 0.01972847],72.07008240127759,0.10608894548021182
LAS_1.0Torr_SmallAdmixture_1kHzLaserFreq_CapCoupling_3_Trial,0,35.0,1.0,0.55,9,1.1476827828584004,0.4111432380430755,0.3365418480365964,0.48737600364843014,-0.00015886814914127683,[0.0200384  0.01942243 0.0197728  ... 0.01401912 0.01473757 0.01345592],[0.02067609 0.02067577 0.02067545 ... 0.01908836 0.01908804 0.01908772],55.373112233985985,0.10612076308840705
LAS_1.0Torr_SmallAdmixture_1kHzLaserFreq_CapCoupling_3_Trial,0,35.0,1.0,0.27,1,0.993081531047273,0.355208779415197,0.33602112079572316,0.4217228968909261,-0.00018940554407236062,[0.02681369 0.02675504 0.02569974 ... 0.02474007 0.02433113 0.02452944],[0.03026075 0.03026037 0.03025999 ... 0.02836783 0.02836745 0.02836707],49.72889082876414,0.11269758076293959
LAS_1.0Torr_SmallAdmixture_1kHzLaserFreq_CapCoupling_3_Trial,0,35.0,1.0,0.27,3,0.9276681793304122,0.32675095581648267,0.33089636529983235,0.39394440406940734,-8.598716520962146e-05,[0.02784959 0.02759303 0.0262641  ... 0.02683959 0.02695456 0.02773928],[0.02964077 0.0296406  0.02964043 ... 0.02878141 0.02878124 0.02878107],50.62278368616502,0.11271901079481916
LAS_1.0Torr_SmallAdmixture_1kHzLaserFreq_CapCoupling_3_Trial,0,35.0,1.0,0.27,5,1.1208636828099798,0.39820520831683887,0.3337505024048658,0.4759869804808156,-6.20607958525153e-06,[0.03054853 0.03084838 0.03041628 ... 0.02926103 0.02887644 0.02875955],[0.02955637 0.02955635 0.02955634 ... 0.02949434 0.02949433 0.02949432],51.548130847990976,0.1126916622853137
LAS_1.0Torr_SmallAdmixture_1kHzLaserFreq_CapCoupling_3_Trial,0,35.0,1.0,0.27,7,1.141159916733515,0.4086933533203211,0.33644870104172797,0.48460599744831745,-4.000753674875835e-05,[0.0318674  0.03103678 0.03252394 ... 0.03046091 0.03080125 0.03071493],[0.03216971 0.03216963 0.03216955 ... 0.03176988 0.0317698  0.03176972],60.398315347323646,0.11265923662226897
LAS_1.0Torr_SmallAdmixture_1kHzLaserFreq_CapCoupling_3_Trial,0,35.0,1.0,0.27,9,1.0753550386737898,0.38746894794738423,0.3384954372736502,0.4566612386976078,-1.5912934659769996e-05,[0.03564194 0.03512376 0.03446302 ... 0.03128263 0.03147896 0.03086309],[0.03406602 0.03406599 0.03406596 ... 0.03390699 0.03390696 0.03390692],48.36576254198089,0.11264152302503347
LAS_1.0Torr_SmallAdmixture_1kHzLaserFreq_CapCoupling_3_Trial,0,35.0,1.0,0.0,1,1.0911148846270766,0.3978171677675967,0.3425159740491726,0.46335382906626144,-0.00010011133046919601,[0.00108685 0.00052795 0.0013449  ... 0.00233184 0.0017653  0.00206609],[0.00337923 0.00337903 0.00337883 ... 0.00237872 0.00237852 0.00237832],37.15183825582918,0.12200271325607452
LAS_1.0Torr_SmallAdmixture_1kHzLaserFreq_CapCoupling_3_Trial,0,35.0,1.0,0.0,3,1.0281282702412795,0.35900467744096276,0.32803531132981684,0.4366058767041653,9.365940227768092e-06,"[ 1.88825948e-03  9.11159502e-04  4.98159039e-05 ... -4.26814599e-03
 -3.67340870e-03 -4.14589855e-03]","[-0.00160124 -0.00160122 -0.0016012  ... -0.00150764 -0.00150762
 -0.0015076 ]",27.738327279097124,0.12209462676922306
LAS_1.0Torr_SmallAdmixture_1kHzLaserFreq_CapCoupling_3_Trial,0,35.0,1.0,0.0,5,1.0657184420837797,0.37943216316245515,0.334471756081741,0.45256895291536936,-1.7999361812992864e-05,"[-0.00159675 -0.00217192 -0.00231202 ... -0.00479563 -0.00563706
 -0.00419904]","[-0.00346445 -0.00346448 -0.00346452 ... -0.00364433 -0.00364437
 -0.0036444 ]",28.3013014118956,0.12212870993107139
LAS_1.0Torr_SmallAdmixture_1kHzLaserFreq_CapCoupling_3_Trial,0,35.0,1.0,0.0,7,0.9399049289313057,0.34158299781569357,0.34141304300096637,0.3991408731697596,0.00024410486335638143,"[-0.00680383 -0.00528626 -0.00544455 ... -0.00520859 -0.00468358
 -0.00558991]","[-0.0084964  -0.00849591 -0.00849542 ... -0.00605681 -0.00605633
 -0.00605584]",111.37932947617657,0.12193324163069663
LAS_1.0Torr_SmallAdmixture_1kHzLaserFreq_CapCoupling_3_Trial,0,35.0,1.0,0.0,9,1.1882528598422049,0.43639762366664503,0.3450176388069705,0.5046045290592843,0.0003404240098910806,"[-0.00398929 -0.00356254 -0.00268936 ... -0.00433861 -0.00353035
 -0.0047398 ]","[-0.00933564 -0.00933495 -0.00933427 ... -0.00593344 -0.00593276
 -0.00593208]",91.47146601244717,0.12202139847597215
LAS_1.0Torr_SmallAdmixture_1kHzLaserFreq_CapCoupling_3_Trial,0,30.0,1.0,2.73,1,1.1732643951276698,0.2403132086713988,0.19241970328885177,0.4982395141418331,9.85667808807791e-05,"[-0.01246242 -0.01300481 -0.01146532 ...         nan         nan
         nan]","[-0.01107275 -0.01107255 -0.01107235 ... -0.01008767 -0.01008747
 -0.01008727]",,0.07687341681689952
LAS_1.0Torr_SmallAdmixture_1kHzLaserFreq_CapCoupling_3_Trial,0,30.0,1.0,2.73,3,1.1706370928975203,0.23963920050220233,0.1923106654961061,0.49712380161182745,-0.0003167011949716992,"[-0.01254497 -0.01288502 -0.01256643 ...         nan         nan
         nan]","[-0.00506405 -0.00506468 -0.00506531 ... -0.00822916 -0.00822979
 -0.00823043]",,0.07680358409701704
LAS_1.0Torr_SmallAdmixture_1kHzLaserFreq_CapCoupling_3_Trial,0,30.0,1.0,2.73,5,1.1661660580778233,0.23830385893061465,0.19197225574066773,0.4952251279407197,6.73592293021196e-05,"[-0.01271637 -0.01380362 -0.01346395 ...         nan         nan
         nan]","[-0.01016974 -0.01016961 -0.01016947 ... -0.00949655 -0.00949642
 -0.00949629]",,0.07689485013686512
LAS_1.0Torr_SmallAdmixture_1kHzLaserFreq_CapCoupling_3_Trial,0,30.0,1.0,2.73,7,1.2021295418663434,0.2467508027913684,0.19283021888921398,0.5104974133386672,-0.00015740067877355177,"[-0.01189977 -0.0123774  -0.01275976 ...         nan         nan
         nan]","[-0.00752649 -0.0075268  -0.00752711 ... -0.00909955 -0.00909986
 -0.00910018]",,0.07690354086341862
LAS_1.0Torr_SmallAdmixture_1kHzLaserFreq_CapCoupling_3_Trial,0,30.0,1.0,2.73,9,1.1746346532823997,0.24123534101588853,0.19293273160030347,0.49882140920325035,-9.805315929624258e-05,"[-0.0136487  -0.01469587 -0.01454041 ...         nan         nan
         nan]","[-0.00960129 -0.00960149 -0.00960168 ... -0.01058123 -0.01058143
 -0.01058162]",,0.07690993097446815
LAS_1.0Torr_SmallAdmixture_1kHzLaserFreq_CapCoupling_3_Trial,0,30.0,1.0,3.0,1,1.1192115181884603,0.2123439774501618,0.1782360573334001,0.475285370765455,-0.00012367514382890352,"[-0.00527201 -0.00579803 -0.00423069 ...         nan         nan
         nan]","[-0.00096132 -0.00096157 -0.00096181 ... -0.00219733 -0.00219757
 -0.00219782]",,0.07522824245997893
LAS_1.0Torr_SmallAdmixture_1kHzLaserFreq_CapCoupling_3_Trial,0,30.0,1.0,3.0,3,1.117594033537933,0.21080363777861258,0.17719922429060206,0.474598488277793,-6.692191130221746e-05,"[-0.00780416 -0.00788728 -0.00839875 ...         nan         nan
         nan]","[-0.00249467 -0.0024948  -0.00249494 ... -0.00316349 -0.00316362
 -0.00316376]",,0.07521583519429251
LAS_1.0Torr_SmallAdmixture_1kHzLaserFreq_CapCoupling_3_Trial,0,30.0,1.0,3.0,5,1.2143444049404393,0.23101488823260194,0.17871700734766774,0.5156845880868486,-5.16194756511422e-05,"[-0.00448134 -0.0054235  -0.0068934  ...         nan         nan
         nan]","[-0.00196347 -0.00196357 -0.00196367 ... -0.00247935 -0.00247945
 -0.00247956]",,0.07522753885013633
LAS_1.0Torr_SmallAdmixture_1kHzLaserFreq_CapCoupling_3_Trial,0,30.0,1.0,3.0,7,1.1829224146787665,0.22122976234427644,0.1756932520046264,0.5023408974180102,8.736900058372441e-06,"[-0.00423313 -0.00436965 -0.00372813 ...         nan         nan
         nan]","[-0.00146536 -0.00146534 -0.00146533 ... -0.00137804 -0.00137803
 -0.00137801]",,0.07520168040430907
LAS_1.0Torr_SmallAdmixture_1kHzLaserFreq_CapCoupling_3_Trial,0,30.0,1.0,3.0,9,1.1266283938649533,0.21211395040142594,0.17687087723375294,0.4784350278664908,-0.0001612236573680357,"[-0.00280307 -0.00260896 -0.00176901 ...         nan         nan
         nan]",[0.00224898 0.00224866 0.00224833 ... 0.00063771 0.00063739 0.00063707],,0.07519808483143206
LAS_1.0Torr_SmallAdmixture_1kHzLaserFreq_CapCoupling_3_Trial,0,30.0,1.0,2.45,1,1.196925914263589,0.2634056300097249,0.20674050524066823,0.5082876361568673,-0.00020714772285245755,"[-0.01428065 -0.01493739 -0.01448563 ... -0.01068818 -0.01061505
 -0.0107813 ]","[-0.0090255  -0.00902592 -0.00902633 ... -0.01109574 -0.01109615
 -0.01109656]",100.51202412099586,0.07871830801439401
LAS_1.0Torr_SmallAdmixture_1kHzLaserFreq_CapCoupling_3_Trial,0,30.0,1.0,2.45,3,1.1893563766755626,0.26119272698409185,0.20630837776305158,0.5050731495110621,-0.00011840868843285226,"[-0.01678157 -0.01728279 -0.01757229 ... -0.01225226 -0.01235701
 -0.01173076]","[-0.01258161 -0.01258185 -0.01258208 ... -0.01376499 -0.01376522
 -0.01376546]",95.13651928588067,0.07865975301914212
LAS_1.0Torr_SmallAdmixture_1kHzLaserFreq_CapCoupling_3_Trial,0,30.0,1.0,2.45,5,1.2028236578707387,0.2624068464197527,0.2049467285579625,0.5107921772658981,8.41433228375827e-05,"[-0.02110662 -0.02067924 -0.01999518 ... -0.00967512 -0.01030885
 -0.00979884]","[-0.01516894 -0.01516877 -0.0151686  ... -0.01432801 -0.01432784
 -0.01432767]",81.8937755135221,0.07864738257499833
LAS_1.0Torr_SmallAdmixture_1kHzLaserFreq_CapCoupling_3_Trial,0,30.0,1.0,2.45,7,1.192728067977745,0.2599047838700386,0.20471073787495203,0.5065049749744546,0.00016767489582972155,"[-0.0161506  -0.01454168 -0.01618899 ... -0.0083202  -0.00743209
 -0.00840013]","[-0.01337981 -0.01337948 -0.01337914 ... -0.01170407 -0.01170373
 -0.0117034 ]",92.0807246369826,0.07869977022365872
LAS_1.0Torr_SmallAdmixture_1kHzLaserFreq_CapCoupling_3_Trial,0,30.0,1.0,2.45,9,1.1625324817313691,0.25176993332907166,0.20345415267262165,0.4936820901386926,0.00013642505567743399,"[-0.01230237 -0.01225335 -0.01345135 ...         nan         nan
         nan]","[-0.01020458 -0.0102043  -0.01020403 ... -0.00884114 -0.00884087
 -0.0088406 ]",,0.07870401622602254
LAS_1.0Torr_SmallAdmixture_1kHzLaserFreq_CapCoupling_3_Trial,0,30.0,1.0,2.18,1,1.2065749486133832,0.2773881005915048,0.21597392077700728,0.5123852037693714,-0.00029203442583825576,"[-0.00402718 -0.00452319 -0.00480161 ...  0.00021203  0.00101683
 -0.00024583]",[0.00315956 0.00315897 0.00315839 ... 0.00024097 0.00024038 0.0002398 ],117.76120160432284,0.08058905311561562
LAS_1.0Torr_SmallAdmixture_1kHzLaserFreq_CapCoupling_3_Trial,0,30.0,1.0,2.18,3,1.1944131127635023,0.27475849907161803,0.21610477472926892,0.5072205476099573,-4.249197701221814e-05,"[-0.00545989 -0.00507422 -0.00485433 ...  0.00187352  0.00242325
  0.00220962]","[-0.00030344 -0.00030352 -0.00030361 ... -0.0007281  -0.00072819
 -0.00072827]",98.49451143509968,0.08058080215632299
LAS_1.0Torr_SmallAdmixture_1kHzLaserFreq_CapCoupling_3_Trial,0,30.0,1.0,2.18,5,1.1891899034309534,0.2722415858260869,0.2150656457807592,0.5050024548331564,-1.0204151483883936e-05,"[-0.00362321 -0.00384405 -0.00359514 ...  0.00230322  0.0024772
  0.0029588 ]",[0.00033464 0.00033462 0.0003346  ... 0.00023266 0.00023264 0.00023262],93.90140319465188,0.08060309736820154
LAS_1.0Torr_SmallAdmixture_1kHzLaserFreq_CapCoupling_3_Trial,0,30.0,1.0,2.18,7,1.167707089721726,0.26760664051085103,0.21529342104395402,0.49587954382576993,-4.124646220458364e-05,"[ 0.00028165 -0.00018723 -0.00136077 ...  0.00316484  0.00330907
  0.00403541]",[0.00299592 0.00299584 0.00299576 ... 0.00258371 0.00258362 0.00258354],81.06092714817107,0.08060272042876208
LAS_1.0Torr_SmallAdmixture_1kHzLaserFreq_CapCoupling_3_Trial,0,30.0,1.0,2.18,9,1.1581071306746817,0.26475958266851435,0.21476857819437145,0.4918028165755064,-0.00011906131568514178,"[-0.00109016 -0.00269604 -0.00171858 ...         nan         nan
         nan]",[0.00391998 0.00391974 0.0039195  ... 0.00273008 0.00272984 0.0027296 ],,0.08058398807710533
LAS_1.0Torr_SmallAdmixture_1kHzLaserFreq_CapCoupling_3_Trial,0,30.0,1.0,1.91,1,1.1384045965979417,0.2849353136816466,0.23513507982176188,0.4834359207193599,-0.00020345164819237692,[0.00575208 0.00590046 0.00661017 ... 0.01209916 0.01247179 0.01243463],[0.01383934 0.01383894 0.01383853 ... 0.01180605 0.01180564 0.01180523],124.878678843798,0.0830811495314962
LAS_1.0Torr_SmallAdmixture_1kHzLaserFreq_CapCoupling_3_Trial,0,30.0,1.0,1.91,3,1.1463936733857036,0.2881001004031744,0.23608990576206168,0.48682856925937057,-0.00015942355468228145,[0.00487412 0.00485117 0.00587169 ... 0.010246   0.00983945 0.01028452],[0.01124689 0.01124657 0.01124625 ... 0.00965361 0.00965329 0.00965297],103.78210222432344,0.08303523102517683
LAS_1.0Torr_SmallAdmixture_1kHzLaserFreq_CapCoupling_3_Trial,0,30.0,1.0,1.91,5,1.1656980637906553,0.2885407523458112,0.23253529159706915,0.4950263890654687,-0.00010123814712201452,[0.00560625 0.0059338  0.0062246  ... 0.00956431 0.00947043 0.01015025],[0.01030503 0.01030482 0.01030462 ... 0.00929325 0.00929305 0.00929285],100.205649691389,0.08301771765731335
LAS_1.0Torr_SmallAdmixture_1kHzLaserFreq_CapCoupling_3_Trial,0,30.0,1.0,1.91,7,1.0443922438135274,0.2578600042898326,0.23194666769161923,0.44351255036127435,-7.909508508422131e-05,[0.00406355 0.00355936 0.00347245 ... 0.01193699 0.01086632 0.01055678],[0.01053757 0.01053741 0.01053725 ... 0.00974709 0.00974694 0.00974678],94.74938852200853,0.08307339982514264
LAS_1.0Torr_SmallAdmixture_1kHzLaserFreq_CapCoupling_3_Trial,0,30.0,1.0,1.91,9,1.1540359179603055,0.2843282087113743,0.23145598372835705,0.4900739317195416,-3.190625239716418e-05,[0.00578679 0.00579898 0.0053812  ... 0.01314297 0.01326063 0.01348036],[0.01025862 0.01025856 0.01025849 ... 0.00993975 0.00993968 0.00993962],101.68233052367502,0.08307508032818893
LAS_1.0Torr_SmallAdmixture_1kHzLaserFreq_CapCoupling_3_Trial,0,30.0,1.0,1.64,1,1.1994735995656693,0.3083774346513784,0.24152366348552534,0.5093695384905323,-0.00036703292046907324,[0.01048783 0.00964585 0.00887115 ... 0.01441347 0.01501268 0.01403159],[0.01912269 0.01912195 0.01912122 ... 0.01545456 0.01545382 0.01545309],127.71974724622008,0.08587116852232643
LAS_1.0Torr_SmallAdmixture_1kHzLaserFreq_CapCoupling_3_Trial,0,30.0,1.0,1.64,3,0.9865496631165409,0.26312783835228437,0.2505622470448211,0.41894906797583964,-0.0001347056397019957,[0.00804513 0.0076405  0.00726957 ... 0.01298543 0.01337552 0.01240185],[0.01323269 0.01323242 0.01323215 ... 0.01188644 0.01188617 0.0118859 ],119.19664244958865,0.08591602826119665
LAS_1.0Torr_SmallAdmixture_1kHzLaserFreq_CapCoupling_3_Trial,0,30.0,1.0,1.64,5,1.295471165400101,0.3465832611103002,0.25133190483614737,0.5501359512094159,-0.0001690716769616443,[0.00613243 0.00567654 0.00702608 ... 0.01158562 0.01187824 0.01142439],[0.01193205 0.01193171 0.01193137 ... 0.01024235 0.01024201 0.01024167],98.31702532970903,0.08586763064847786
LAS_1.0Torr_SmallAdmixture_1kHzLaserFreq_CapCoupling_3_Trial,0,30.0,1.0,1.64,7,1.1396688449135235,0.3066742345675791,0.2527937915082041,0.4839727975470605,-0.0001128143825474212,[0.00614351 0.00614473 0.00623477 ... 0.00914313 0.00923116 0.00973283],[0.0108938  0.01089357 0.01089335 ... 0.00976633 0.00976611 0.00976588],117.41809451387796,0.08582328079810086
LAS_1.0Torr_SmallAdmixture_1kHzLaserFreq_CapCoupling_3_Trial,0,30.0,1.0,1.64,9,1.2246787783497155,0.32742265618194305,0.25116222681890943,0.5200731924012562,3.641245225102392e-05,[0.00657315 0.00714402 0.00629974 ... 0.01207113 0.0116216  0.01108292],[0.00925    0.00925007 0.00925014 ... 0.0096139  0.00961398 0.00961405],88.395031496826,0.08594065266330893
LAS_1.0Torr_SmallAdmixture_1kHzLaserFreq_CapCoupling_3_Trial,0,30.0,1.0,1.36,1,1.1062508884917546,0.30829302976431466,0.26180495576254365,0.4697814980920188,5.976751620532638e-05,"[-0.00016626  0.00035459 -0.00014152 ...  0.00257092  0.00329578
  0.00249068]",[0.00245244 0.00245256 0.00245268 ... 0.00304976 0.00304988 0.00305   ],89.61110444124984,0.08940304153278442
LAS_1.0Torr_SmallAdmixture_1kHzLaserFreq_CapCoupling_3_Trial,0,30.0,1.0,1.36,3,0.9886599552361303,0.2782326926875666,0.2643802475050745,0.41984522652691125,3.041087730558972e-05,"[-7.19132830e-04 -2.24205884e-05 -1.23684655e-03 ...  2.85763175e-03
  2.83856546e-03  2.64804790e-03]",[0.00211403 0.00211409 0.00211415 ... 0.00241796 0.00241802 0.00241808],98.80362033827623,0.0894285524709934
LAS_1.0Torr_SmallAdmixture_1kHzLaserFreq_CapCoupling_3_Trial,0,30.0,1.0,1.36,5,1.1339032025873976,0.32292572686477183,0.26754353050216867,0.4815243546869395,0.00020151532754579684,"[-0.00150007 -0.00153054 -0.00078687 ...  0.00130091  0.00145195
  0.00173997]","[-0.00114851 -0.00114811 -0.00114771 ...  0.00086543  0.00086583
  0.00086624]",90.77529312116069,0.08941927318673228
LAS_1.0Torr_SmallAdmixture_1kHzLaserFreq_CapCoupling_3_Trial,0,30.0,1.0,1.36,7,0.9782137499648907,0.28321764433170743,0.27199087426470375,0.4154091315933376,5.3696163429043894e-05,"[-6.88011039e-04 -3.52347673e-04 -6.64692203e-05 ...  1.13089460e-04
 -4.53163843e-04  3.69314244e-04]",[0.00074805 0.00074815 0.00074826 ... 0.00128468 0.00128479 0.0012849 ],102.0294494442862,0.0894625359447621
LAS_1.0Torr_SmallAdmixture_1kHzLaserFreq_CapCoupling_3_Trial,0,30.0,1.0,1.36,9,0.9878042346351097,0.28161478829100306,0.2678257706107176,0.4194818354462101,9.624066962936491e-05,"[-2.95276236e-03 -2.17744526e-03 -1.78511823e-03 ... -4.66285968e-04
  2.59920103e-04  5.68958602e-05]","[-8.76854476e-04 -8.76661995e-04 -8.76469513e-04 ...  8.49747762e-05
  8.51672575e-05  8.53597389e-05]",101.56305485254164,0.0894892308261458
LAS_1.0Torr_SmallAdmixture_1kHzLaserFreq_CapCoupling_3_Trial,0,30.0,1.0,1.09,1,1.1445144686153883,0.36335425815724326,0.29824746200030844,0.48603054447005356,3.3514435507077807e-05,[0.00638751 0.00679919 0.0068134  ... 0.00470988 0.00486349 0.00519877],[0.00778438 0.00778444 0.00778451 ... 0.00811932 0.00811939 0.00811945],89.6426176829835,0.0928999275553214
LAS_1.0Torr_SmallAdmixture_1kHzLaserFreq_CapCoupling_3_Trial,0,30.0,1.0,1.09,3,1.1543329449924196,0.368755216929118,0.3001061340239797,0.49020006748636635,0.0001528199901236996,[0.00814886 0.00829287 0.00847887 ... 0.00698673 0.00706351 0.00670846],[0.00572082 0.00572113 0.00572143 ... 0.0072481  0.00724841 0.00724871],94.29942493701184,0.09290170469750948
LAS_1.0Torr_SmallAdmixture_1kHzLaserFreq_CapCoupling_3_Trial,0,30.0,1.0,1.09,5,1.12496212959652,0.3602260190953127,0.30081879397761024,0.47772743058238004,0.000358634928606356,[0.0100205  0.00974959 0.00918102 ... 0.01016179 0.01072104 0.01020258],[0.00600641 0.00600713 0.00600785 ... 0.00959061 0.00959133 0.00959204],156.2749833887306,0.09301535241774968
LAS_1.0Torr_SmallAdmixture_1kHzLaserFreq_CapCoupling_3_Trial,0,30.0,1.0,1.09,7,1.135269648397561,0.35893742931331635,0.29702124274484815,0.4821046307946815,0.00022688506702659534,[0.01587323 0.01600136 0.01585456 ... 0.01368405 0.01428162 0.01463915],[0.0111303  0.01113076 0.01113121 ... 0.01339779 0.01339825 0.0133987 ],105.37254375485546,0.0929256062145617
LAS_1.0Torr_SmallAdmixture_1kHzLaserFreq_CapCoupling_3_Trial,0,30.0,1.0,1.09,9,1.1444703701866155,0.36378302667393536,0.29861090817052705,0.48601181759159595,7.849375771687902e-05,[0.01437879 0.01315362 0.01346369 ... 0.01438815 0.01553942 0.01512205],[0.01409116 0.01409131 0.01409147 ... 0.01487562 0.01487578 0.01487594],81.8245745451641,0.09290317150392417
LAS_1.0Torr_SmallAdmixture_1kHzLaserFreq_CapCoupling_3_Trial,0,30.0,1.0,0.82,1,1.1361144083981287,0.3925402232438159,0.32458607722814564,0.48246336733692824,-0.00013836649673544765,[0.01448232 0.01327929 0.01246189 ... 0.01226675 0.01171101 0.0122502 ],[0.01655802 0.01655774 0.01655746 ... 0.01517518 0.0151749  0.01517463],104.56959217896876,0.096817085838971
LAS_1.0Torr_SmallAdmixture_1kHzLaserFreq_CapCoupling_3_Trial,0,30.0,1.0,0.82,3,1.1439239105298349,0.39359187522805844,0.3232338067059718,0.4857797575418551,-9.385206982133648e-05,[0.01266098 0.01130988 0.01099553 ... 0.01092296 0.01034543 0.01038683],[0.01411069 0.01411051 0.01411032 ... 0.01317274 0.01317255 0.01317236],89.28408372240825,0.09682814405328656
LAS_1.0Torr_SmallAdmixture_1kHzLaserFreq_CapCoupling_3_Trial,0,30.0,1.0,0.82,5,1.1295989275530636,0.3932765046371889,0.3270706091171603,0.4796964973763918,2.688244125580363e-05,[0.01095405 0.01064379 0.01110127 ... 0.01003078 0.01029151 0.00913005],[0.01240023 0.01240028 0.01240034 ... 0.01266889 0.01266895 0.012669  ],88.91908347103389,0.09679805760878644
LAS_1.0Torr_SmallAdmixture_1kHzLaserFreq_CapCoupling_3_Trial,0,30.0,1.0,0.82,7,1.1180358287381194,0.3877205687746154,0.3257848690203492,0.4747861014251834,1.0587089854322204e-06,[0.01042055 0.01184712 0.01140833 ... 0.00992866 0.0105725  0.01098823],[0.01372595 0.01372596 0.01372596 ... 0.01373653 0.01373654 0.01373654],94.28067996971416,0.09685457748684541
LAS_1.0Torr_SmallAdmixture_1kHzLaserFreq_CapCoupling_3_Trial,0,30.0,1.0,0.82,9,1.1390139945751452,0.3983094307069513,0.32851811254814145,0.4836947082129051,-2.9978208746375254e-05,[0.01485729 0.01470818 0.01352742 ... 0.01085935 0.01121556 0.01215653],[0.01404055 0.01404049 0.01404043 ... 0.01374095 0.01374089 0.01374083],87.45635590068431,0.09681489359000406
LAS_1.0Torr_SmallAdmixture_1kHzLaserFreq_CapCoupling_3_Trial,0,30.0,1.0,0.55,1,1.0964060417570978,0.417797629738812,0.3579829491818406,0.46560077661589966,-0.0003182581869871723,[0.01644732 0.01710987 0.01668909 ... 0.01346787 0.01305162 0.01275935],[0.02106302 0.02106238 0.02106174 ... 0.01788235 0.01788171 0.01788107],93.95501576075968,0.10143746343746343
LAS_1.0Torr_SmallAdmixture_1kHzLaserFreq_CapCoupling_3_Trial,0,30.0,1.0,0.55,3,1.1059299273890584,0.4268775400196803,0.3626130956423719,0.46964519846123665,-8.446516778593818e-05,[0.01641108 0.01522594 0.01556507 ... 0.01467434 0.0145918  0.01376606],[0.01682118 0.01682101 0.01682084 ... 0.01597703 0.01597686 0.0159767 ],66.89477699833446,0.10136037185144328
LAS_1.0Torr_SmallAdmixture_1kHzLaserFreq_CapCoupling_3_Trial,0,30.0,1.0,0.55,5,1.1087395362672858,0.429491910178821,0.3639093746762891,0.47083832949651727,-3.680242373863189e-05,[0.01663487 0.01803056 0.01726653 ... 0.01488504 0.01468036 0.01504821],[0.01749454 0.01749447 0.01749439 ... 0.01712674 0.01712666 0.01712659],76.65619040469178,0.10141125593357736
LAS_1.0Torr_SmallAdmixture_1kHzLaserFreq_CapCoupling_3_Trial,0,30.0,1.0,0.55,7,1.111270832329569,0.41912755197400137,0.35431870917469566,0.47191327196085747,-8.243203361130462e-05,[0.01851396 0.0190356  0.01856233 ... 0.01777959 0.01736404 0.01504994],[0.01941874 0.01941858 0.01941841 ... 0.01859492 0.01859475 0.01859459],76.5163273435931,0.10137826346754919
LAS_1.0Torr_SmallAdmixture_1kHzLaserFreq_CapCoupling_3_Trial,0,30.0,1.0,0.55,9,1.1442104722098143,0.4390399266835535,0.36046731259811504,0.48590144908282196,-7.570480424594979e-05,[0.01898333 0.01861857 0.01919723 ... 0.01829125 0.01832083 0.01861344],[0.02081128 0.02081113 0.02081097 ... 0.02005468 0.02005453 0.02005438],78.45189479692895,0.10136836841143576
LAS_1.0Torr_SmallAdmixture_1kHzLaserFreq_CapCoupling_3_Trial,0,30.0,1.0,0.27,1,1.0284624529903375,0.4126455665423274,0.3769263787636222,0.4367477910511928,-0.00037719873824172895,[0.02681932 0.02620976 0.02630889 ... 0.02611588 0.02603978 0.02519828],[0.03334233 0.03334157 0.03334082 ... 0.0295726  0.02957185 0.02957109],70.81282064354549,0.1068346314955163
LAS_1.0Torr_SmallAdmixture_1kHzLaserFreq_CapCoupling_3_Trial,0,30.0,1.0,0.27,3,1.0992646840080316,0.45244540456519594,0.38666218046334055,0.46681473020737085,-0.00028269505917038584,[0.02463835 0.02504591 0.02393909 ... 0.02385384 0.02345266 0.02360574],[0.02833621 0.02833565 0.02833508 ... 0.02551096 0.02551039 0.02550983],86.43785447092543,0.10672255926688082
LAS_1.0Torr_SmallAdmixture_1kHzLaserFreq_CapCoupling_3_Trial,0,30.0,1.0,0.27,5,1.0859521439484203,0.44436568862935977,0.38441260565648855,0.46116141496245316,-0.00026220689647122556,[0.0210496  0.02150708 0.02116607 ... 0.02123734 0.02193871 0.02303707],[0.02654741 0.02654689 0.02654636 ... 0.02392692 0.02392639 0.02392587],57.69569957820068,0.10683433035116775
LAS_1.0Torr_SmallAdmixture_1kHzLaserFreq_CapCoupling_3_Trial,0,30.0,1.0,0.27,7,1.095999234448704,0.45196853710049556,0.38740546453495206,0.465428021458132,-0.00013185351565486454,[0.02194844 0.020448   0.02079932 ... 0.01955654 0.01940871 0.0195235 ],[0.02455483 0.02455457 0.0245543  ... 0.02323709 0.02323682 0.02323656],104.79779259750262,0.10681963544803587
LAS_1.0Torr_SmallAdmixture_1kHzLaserFreq_CapCoupling_3_Trial,0,30.0,1.0,0.27,9,1.086471591853085,0.4425402269018522,0.3826503974822928,0.46138200417722597,0.00010189746834555322,[0.02169683 0.02305459 0.02229875 ... 0.02243779 0.02239948 0.02271013],[0.02254963 0.02254983 0.02255004 ... 0.02356799 0.0235682  0.0235684 ],80.28637118486144,0.1068053703515201
LAS_1.0Torr_SmallAdmixture_1kHzLaserFreq_CapCoupling_3_Trial,0,30.0,1.0,0.0,2,1.0009240844918987,0.3756596694604688,0.35258288122250664,0.4250533226961484,-0.00014312763515823092,"[ 0.00426465  0.00513886  0.00480942 ... -0.00095316 -0.00069495
 -0.00114584]",[0.00417965 0.00417936 0.00417908 ... 0.00274923 0.00274895 0.00274866],42.46395881364496,0.11164507383359187
LAS_1.0Torr_SmallAdmixture_1kHzLaserFreq_CapCoupling_3_Trial,0,30.0,1.0,0.0,5,1.10700406738531,0.417725138666581,0.3544942417784064,0.4701013437189256,-0.00016225422251392913,"[ 0.00043937  0.00071574  0.00038306 ... -0.0030571  -0.00249896
 -0.00188463]","[ 0.00104288  0.00104255  0.00104223 ... -0.00057869 -0.00057902
 -0.00057934]",26.80670294948781,0.11160176201854909
LAS_1.0Torr_SmallAdmixture_1kHzLaserFreq_CapCoupling_3_Trial,0,30.0,1.0,0.0,8,1.054629136445749,0.39971312571003326,0.3560544632239844,0.4478597584011512,-0.00011636624885151465,"[-0.0046119  -0.00343799 -0.00203886 ... -0.00528762 -0.00513686
 -0.00435876]","[-0.0022089  -0.00220913 -0.00220937 ... -0.00337186 -0.0033721
 -0.00337233]",77.5209326772797,0.11166895194248443
LAS_1.0Torr_SmallAdmixture_1kHzLaserFreq_CapCoupling_3_Trial,0,30.0,1.0,0.0,11,1.0689668943782555,0.38847747762518897,0.3414046088196012,0.4539484435908163,-2.715385710027032e-05,"[-0.00665857 -0.00607778 -0.00578187 ... -0.00752003 -0.00684682
 -0.0066222 ]","[-0.00610371 -0.00610376 -0.00610382 ... -0.00637509 -0.00637514
 -0.00637519]",56.74474290479153,0.11166906361558739
LAS_1.0Torr_SmallAdmixture_1kHzLaserFreq_CapCoupling_3_Trial,0,30.0,1.0,0.0,14,0.928164546381945,0.3431990349042428,0.34736725148529146,0.39415519174831304,3.6816365655727744e-05,"[-0.0082028  -0.00710382 -0.00614482 ... -0.00640559 -0.00639394
 -0.00596709]","[-0.00690599 -0.00690591 -0.00690584 ... -0.00653804 -0.00653797
 -0.0065379 ]",67.56170770198821,0.11163796139802436
