row_uid,area_mean,area_err,area_err_int,area_err_ext,area_birge,area_method,area_std,area_sem,fwhm_mean,fwhm_err,fwhm_err_int,fwhm_err_ext,fwhm_birge,fwhm_method,fwhm_std,fwhm_sem,n_fits,chi2_median,power,pressure,n2_flow,freq,trial,run_id,Measured Pressure,delivered_power,delivered_power_error,gamma,Nitrogen_Gas_Flow,Argon_Gas_Flow,basename,df_source,run_id_off
4f9f288a|Scope_TrialNumber_0_30.00W_0.60Torr_0.00NitrogenFlow_2410.00MHz.csv,0.609906022617195,0.02441598495332775,0.00018850689965248097,0.024415984953327745,129.52303071314347,birge,0.04275711845691745,0.024685833850874007,1.1978546619736241,0.045688171704788595,0.00041154486530502714,0.045688171704788595,111.0162598455107,birge,0.08015003282618499,0.04627464302775525,3,43.99607754785455,30,0.6,0.0,2410.0,0,4f9f288a,0.605,30.066666666666663,0.0942809041582076,0.5254362089074616,-0.006,79.99,Scope_TrialNumber_0_30.00W_0.60Torr_0.00NitrogenFlow_2410.00MHz.csv,G:\My Drive\MiniChamberData\Data\NafisaData\LAS_0.6Torr_2Nitrogen_Freq_Sweep_4\LAS_DataFrame_4f9f288a_Laser_True_20260807_154812.csv,7f72a6df
4f9f288a|Scope_TrialNumber_0_30.00W_0.60Torr_0.00NitrogenFlow_2415.00MHz.csv,0.6102890702412073,0.016218578109760653,0.00021804787807402443,0.016218578109760653,74.38081146680389,birge,0.026667944018859368,0.015396744658022328,1.193564231889349,0.028083563106679938,0.0004753800298747538,0.028083563106679938,59.07602621439312,birge,0.046355358140771644,0.02676327850095602,3,59.443028400136214,30,0.6,0.0,2415.0,0,4f9f288a,0.605,30.100000000000005,0.0816496580927737,0.4878272708301934,0.001,80.0,Scope_TrialNumber_0_30.00W_0.60Torr_0.00NitrogenFlow_2415.00MHz.csv,G:\My Drive\MiniChamberData\Data\NafisaData\LAS_0.6Torr_2Nitrogen_Freq_Sweep_4\LAS_DataFrame_4f9f288a_Laser_True_20260807_154812.csv,7f72a6df
4f9f288a|Scope_TrialNumber_0_30.00W_0.60Torr_0.00NitrogenFlow_2420.00MHz.csv,0.637207869011066,0.010680668563096183,0.0001974993487646939,0.010680668563096183,54.07951281814819,birge,0.017761920051512985,0.010254849323065635,1.1970819284880394,0.01572071451350974,0.00041233862430058236,0.01572071451350974,38.125738378682215,birge,0.026001005945951217,0.015011687782095997,3,51.58405281931209,30,0.6,0.0,2420.0,0,4f9f288a,0.605,29.96666666666667,0.1247219128924664,0.4707913085976287,0.005,80.02,Scope_TrialNumber_0_30.00W_0.60Torr_0.00NitrogenFlow_2420.00MHz.csv,G:\My Drive\MiniChamberData\Data\NafisaData\LAS_0.6Torr_2Nitrogen_Freq_Sweep_4\LAS_DataFrame_4f9f288a_Laser_True_20260807_154812.csv,7f72a6df
4f9f288a|Scope_TrialNumber_0_30.00W_0.60Torr_0.00NitrogenFlow_2425.00MHz.csv,0.6386541074921755,0.011543778781708066,0.0002046987361946672,0.011543778781708066,56.39399146426583,birge,0.02010965941617472,0.011610317277240169,1.1843165032540577,0.019043072464912544,0.00042246664752334005,0.019043072464912544,45.0759191916102,birge,0.03315657030626561,0.019142954791727205,3,50.27241395513274,30,0.6,0.0,2425.0,0,4f9f288a,0.605,30.03333333333333,0.1247219128924633,0.4822241182761088,0.004,80.0,Scope_TrialNumber_0_30.00W_0.60Torr_0.00NitrogenFlow_2425.00MHz.csv,G:\My Drive\MiniChamberData\Data\NafisaData\LAS_0.6Torr_2Nitrogen_Freq_Sweep_4\LAS_DataFrame_4f9f288a_Laser_True_20260807_154812.csv,7f72a6df
4f9f288a|Scope_TrialNumber_0_30.00W_0.60Torr_0.00NitrogenFlow_2430.00MHz.csv,0.646266261468602,0.018696103760444432,0.00019416269925557258,0.018696103760444432,96.29091391974889,birge,0.031093755224950625,0.017951987949241577,1.2304797707546848,0.03486002781052426,0.00041094240105522177,0.03486002781052426,84.82947420614265,birge,0.05812236698123081,0.033556964222551826,3,40.41654719278525,30,0.6,0.0,2430.0,0,4f9f288a,0.605,30.066666666666663,0.0942809041582043,0.510545577813997,-0.003,80.01,Scope_TrialNumber_0_30.00W_0.60Torr_0.00NitrogenFlow_2430.00MHz.csv,G:\My Drive\MiniChamberData\Data\NafisaData\LAS_0.6Torr_2Nitrogen_Freq_Sweep_4\LAS_DataFrame_4f9f288a_Laser_True_20260807_154812.csv,7f72a6df
4f9f288a|Scope_TrialNumber_0_30.00W_0.60Torr_0.00NitrogenFlow_2435.00MHz.csv,0.5955531702276394,0.003849269125030818,0.00017453686495210794,0.003849269125030818,22.054189675556728,birge,0.006302060618780862,0.00363849639470247,1.192019674095681,0.007382658458630532,0.00038856194233009313,0.007382658458630533,18.99995252844083,birge,0.012169957564979107,0.00702632827616701,3,33.035715790215505,30,0.6,0.0,2435.0,0,4f9f288a,0.605,30.03333333333333,0.0471404520791038,0.5491351290144938,-0.004,80.0,Scope_TrialNumber_0_30.00W_0.60Torr_0.00NitrogenFlow_2435.00MHz.csv,G:\My Drive\MiniChamberData\Data\NafisaData\LAS_0.6Torr_2Nitrogen_Freq_Sweep_4\LAS_DataFrame_4f9f288a_Laser_True_20260807_154812.csv,7f72a6df
4f9f288a|Scope_TrialNumber_0_30.00W_0.60Torr_0.00NitrogenFlow_2440.00MHz.csv,0.5604729779486806,0.006840248065143861,0.00018439167488136987,0.006840248065143861,37.096295532564575,birge,0.012610097956152736,0.007280443449492332,1.1700664007822008,0.013557351742236106,0.00042883432673540485,0.013557351742236106,31.61442752366494,birge,0.024861624830029586,0.014353865788109066,3,38.1581658268183,30,0.6,0.0,2440.0,0,4f9f288a,0.605,30.0,0.0816496580927723,0.585308116875196,0.011,80.0,Scope_TrialNumber_0_30.00W_0.60Torr_0.00NitrogenFlow_2440.00MHz.csv,G:\My Drive\MiniChamberData\Data\NafisaData\LAS_0.6Torr_2Nitrogen_Freq_Sweep_4\LAS_DataFrame_4f9f288a_Laser_True_20260807_154812.csv,7f72a6df
4f9f288a|Scope_TrialNumber_0_30.00W_0.60Torr_0.00NitrogenFlow_2445.00MHz.csv,0.5789677182378047,0.012875975501540465,0.0001810848568659324,0.012875975501540465,71.1046507388152,birge,0.02139283806998573,0.012351160818436336,1.234793949118013,0.03355355193668777,0.00043061487930542286,0.03355355193668777,77.92009414725587,birge,0.055704465499662216,0.0321609881512942,3,40.311819969413584,30,0.6,0.0,2445.0,0,4f9f288a,0.605,30.03333333333333,0.0471404520791038,0.6128668912289955,0.003,79.99,Scope_TrialNumber_0_30.00W_0.60Torr_0.00NitrogenFlow_2445.00MHz.csv,G:\My Drive\MiniChamberData\Data\NafisaData\LAS_0.6Torr_2Nitrogen_Freq_Sweep_4\LAS_DataFrame_4f9f288a_Laser_True_20260807_154812.csv,7f72a6df
4f9f288a|Scope_TrialNumber_0_30.00W_0.60Torr_0.00NitrogenFlow_2450.00MHz.csv,0.563526253726673,0.013803755411250845,0.0002712853950630673,0.013803755411250845,50.882781242395325,birge,0.025066025593801562,0.014471876624095381,1.2363175675678355,0.028244413663794668,0.0006611521355516181,0.02824441366379467,42.719991579894916,birge,0.049857417009977346,0.02878519313180985,3,72.53028143832506,30,0.6,0.0,2450.0,0,4f9f288a,0.605,30.0,0.0,0.6315042321238875,-0.004,79.99,Scope_TrialNumber_0_30.00W_0.60Torr_0.00NitrogenFlow_2450.00MHz.csv,G:\My Drive\MiniChamberData\Data\NafisaData\LAS_0.6Torr_2Nitrogen_Freq_Sweep_4\LAS_DataFrame_4f9f288a_Laser_True_20260807_154812.csv,7f72a6df
4f9f288a|Scope_TrialNumber_0_30.00W_0.60Torr_0.00NitrogenFlow_2455.00MHz.csv,0.5599492733202946,0.008112528630925282,0.00014716378400470782,0.008112528630925282,55.12584964970566,birge,0.014327551584722016,0.008272015764267506,1.185785803003494,0.016180810261980143,0.0003464023625278608,0.016180810261980143,46.71102744190648,birge,0.028828862749824838,0.016644351669042146,3,23.48992392956933,30,0.6,0.0,2455.0,0,4f9f288a,0.605,30.1,0.0816496580927708,0.6386461844814207,-0.003,79.99,Scope_TrialNumber_0_30.00W_0.60Torr_0.00NitrogenFlow_2455.00MHz.csv,G:\My Drive\MiniChamberData\Data\NafisaData\LAS_0.6Torr_2Nitrogen_Freq_Sweep_4\LAS_DataFrame_4f9f288a_Laser_True_20260807_154812.csv,7f72a6df
4f9f288a|Scope_TrialNumber_0_30.00W_0.60Torr_0.00NitrogenFlow_2460.00MHz.csv,0.5666793967986165,0.004348242257549607,0.00019226040406802603,0.004348242257549607,22.616421091110897,birge,0.007856760007260185,0.004536102505149954,1.1729446593870119,0.00797590959857543,0.00044352389714248544,0.00797590959857543,17.983043641982405,birge,0.01438947946077333,0.008307769840176072,3,46.6497444762036,30,0.6,0.0,2460.0,0,4f9f288a,0.605,30.03333333333333,0.0471404520791038,0.6405783149771315,-0.012,79.98,Scope_TrialNumber_0_30.00W_0.60Torr_0.00NitrogenFlow_2460.00MHz.csv,G:\My Drive\MiniChamberData\Data\NafisaData\LAS_0.6Torr_2Nitrogen_Freq_Sweep_4\LAS_DataFrame_4f9f288a_Laser_True_20260807_154812.csv,7f72a6df
4f9f288a|Scope_TrialNumber_0_30.00W_0.60Torr_0.33NitrogenFlow_2410.00MHz.csv,0.6201579438539027,0.012793821420089963,0.00017659984748768755,0.012793821420089963,72.44525746819765,birge,0.02251123958427581,0.0129968702337738,1.1825554051830873,0.025877250395693645,0.00037460938506548056,0.025877250395693642,69.07795540458865,birge,0.04556305097240647,0.026305839744019517,3,36.86081000629951,30,0.6,0.3333333333333333,2410.0,0,4f9f288a,0.605,30.0,0.0816496580927737,0.5345193904563064,0.27,79.7,Scope_TrialNumber_0_30.00W_0.60Torr_0.33NitrogenFlow_2410.00MHz.csv,G:\My Drive\MiniChamberData\Data\NafisaData\LAS_0.6Torr_2Nitrogen_Freq_Sweep_4\LAS_DataFrame_4f9f288a_Laser_True_20260807_154812.csv,7f72a6df
4f9f288a|Scope_TrialNumber_0_30.00W_0.60Torr_0.33NitrogenFlow_2415.00MHz.csv,0.6202509818697833,0.0034270314767030135,0.00021176110658183925,0.003427031476703013,16.183479261233316,birge,0.0055408161120276125,0.0031989916738093577,1.1903487945658635,0.010749995673871538,0.00045216452773502415,0.010749995673871538,23.774522357426527,birge,0.017426353544406428,0.010061109909856642,3,48.12541368998574,30,0.6,0.3333333333333333,2415.0,0,4f9f288a,0.605,29.96666666666667,0.0942809041582076,0.4906225517267792,0.271,79.72,Scope_TrialNumber_0_30.00W_0.60Torr_0.33NitrogenFlow_2415.00MHz.csv,G:\My Drive\MiniChamberData\Data\NafisaData\LAS_0.6Torr_2Nitrogen_Freq_Sweep_4\LAS_DataFrame_4f9f288a_Laser_True_20260807_154812.csv,7f72a6df
4f9f288a|Scope_TrialNumber_0_30.00W_0.60Torr_0.33NitrogenFlow_2420.00MHz.csv,0.6464308614812764,0.009995506646310463,0.00021793233331150082,0.009995506646310463,45.86518436446702,birge,0.01644215103701805,0.009492880327278857,1.2338015189908367,0.023663415105171337,0.0004622119631185376,0.023663415105171337,51.19602475348022,birge,0.03826585818410765,0.022092803523366598,3,51.66561446432265,30,0.6,0.3333333333333333,2420.0,0,4f9f288a,0.605,29.96666666666667,0.0471404520791038,0.4612860645599091,0.264,79.73,Scope_TrialNumber_0_30.00W_0.60Torr_0.33NitrogenFlow_2420.00MHz.csv,G:\My Drive\MiniChamberData\Data\NafisaData\LAS_0.6Torr_2Nitrogen_Freq_Sweep_4\LAS_DataFrame_4f9f288a_Laser_True_20260807_154812.csv,7f72a6df
4f9f288a|Scope_TrialNumber_0_30.00W_0.60Torr_0.33NitrogenFlow_2425.00MHz.csv,0.5991584459497497,0.013961207522965782,0.0001950816331443869,0.013961207522965782,71.56597624253325,birge,0.024604814355847226,0.014205596191709165,1.1909586516864796,0.02726488648541172,0.00043196285824814257,0.02726488648541172,63.11858986206937,birge,0.047781599837189555,0.02758671952831237,3,43.038892420254705,30,0.6,0.3333333333333333,2425.0,0,4f9f288a,0.605,30.0,0.0816496580927723,0.4669789574601976,0.274,79.73,Scope_TrialNumber_0_30.00W_0.60Torr_0.33NitrogenFlow_2425.00MHz.csv,G:\My Drive\MiniChamberData\Data\NafisaData\LAS_0.6Torr_2Nitrogen_Freq_Sweep_4\LAS_DataFrame_4f9f288a_Laser_True_20260807_154812.csv,7f72a6df
4f9f288a|Scope_TrialNumber_0_30.00W_0.60Torr_0.33NitrogenFlow_2430.00MHz.csv,0.5543822417001711,0.01365651804538509,0.0001619366382356615,0.01365651804538509,84.33247839510642,birge,0.025330657523784456,0.014624661940107175,1.1682023768002623,0.028853181425536285,0.0003785808717526603,0.028853181425536285,76.21404983289025,birge,0.05343228182484875,0.030849142294992377,3,27.675885149560898,30,0.6,0.3333333333333333,2430.0,0,4f9f288a,0.605,30.0,0.0816496580927708,0.503718302554264,0.275,79.73,Scope_TrialNumber_0_30.00W_0.60Torr_0.33NitrogenFlow_2430.00MHz.csv,G:\My Drive\MiniChamberData\Data\NafisaData\LAS_0.6Torr_2Nitrogen_Freq_Sweep_4\LAS_DataFrame_4f9f288a_Laser_True_20260807_154812.csv,7f72a6df
4f9f288a|Scope_TrialNumber_0_30.00W_0.60Torr_0.33NitrogenFlow_2435.00MHz.csv,0.535864809393026,0.002616072674173856,0.00017215189171394192,0.002616072674173856,15.19630512408706,birge,0.004622641613390369,0.002668883379858096,1.1730522927868554,0.008787989499934049,0.00041849725321730833,0.008787989499934049,20.99891799139434,birge,0.015354808939242483,0.00886510307442692,3,30.54988715638025,30,0.6,0.3333333333333333,2435.0,0,4f9f288a,0.605,30.066666666666663,0.188561808316412,0.5454457192938462,0.272,79.73,Scope_TrialNumber_0_30.00W_0.60Torr_0.33NitrogenFlow_2435.00MHz.csv,G:\My Drive\MiniChamberData\Data\NafisaData\LAS_0.6Torr_2Nitrogen_Freq_Sweep_4\LAS_DataFrame_4f9f288a_Laser_True_20260807_154812.csv,7f72a6df
4f9f288a|Scope_TrialNumber_0_30.00W_0.60Torr_0.33NitrogenFlow_2440.00MHz.csv,0.5357798751228317,0.005161469871583743,0.00018990101899559717,0.005161469871583743,27.179790286977926,birge,0.009125333628835252,0.0052685138270531775,1.1956097127403642,0.008653922773471318,0.00047114711934191124,0.008653922773471318,18.367771802486963,birge,0.015142331495793238,0.008742429165254775,3,39.42505881070058,30,0.6,0.3333333333333333,2440.0,0,4f9f288a,0.605,30.0,0.0816496580927708,0.5865348170717012,0.277,79.72,Scope_TrialNumber_0_30.00W_0.60Torr_0.33NitrogenFlow_2440.00MHz.csv,G:\My Drive\MiniChamberData\Data\NafisaData\LAS_0.6Torr_2Nitrogen_Freq_Sweep_4\LAS_DataFrame_4f9f288a_Laser_True_20260807_154812.csv,7f72a6df
4f9f288a|Scope_TrialNumber_0_30.00W_0.60Torr_0.33NitrogenFlow_2445.00MHz.csv,0.5358877054586882,0.012479760760834015,0.00015705302718100825,0.012479760760834013,79.46208350667906,birge,0.021877267836768924,0.01263084647469208,1.1905465823307135,0.026528295799589995,0.00038788089812342964,0.02652829579959,68.39289051854337,birge,0.046492073317052046,0.026842211044783817,3,25.205754471842884,30,0.6,0.3333333333333333,2445.0,0,4f9f288a,0.605,30.03333333333333,0.094280904158206,0.6160170182491167,0.259,79.73,Scope_TrialNumber_0_30.00W_0.60Torr_0.33NitrogenFlow_2445.00MHz.csv,G:\My Drive\MiniChamberData\Data\NafisaData\LAS_0.6Torr_2Nitrogen_Freq_Sweep_4\LAS_DataFrame_4f9f288a_Laser_True_20260807_154812.csv,7f72a6df
4f9f288a|Scope_TrialNumber_0_30.00W_0.60Torr_0.33NitrogenFlow_2450.00MHz.csv,0.5498540463702266,0.010848629488989577,0.00018285084506827013,0.010848629488989577,59.330485921129196,birge,0.01896205223094254,0.01094774595992242,1.2192898933694591,0.02258385629947831,0.00045123502173305695,0.02258385629947831,50.048988247278686,birge,0.039585846170088625,0.022854898942399785,3,30.590589691624306,30,0.6,0.3333333333333333,2450.0,0,4f9f288a,0.605,30.0,0.0816496580927723,0.6355892790252818,0.277,79.73,Scope_TrialNumber_0_30.00W_0.60Torr_0.33NitrogenFlow_2450.00MHz.csv,G:\My Drive\MiniChamberData\Data\NafisaData\LAS_0.6Torr_2Nitrogen_Freq_Sweep_4\LAS_DataFrame_4f9f288a_Laser_True_20260807_154812.csv,7f72a6df
4f9f288a|Scope_TrialNumber_0_30.00W_0.60Torr_0.33NitrogenFlow_2455.00MHz.csv,0.5570289625390336,0.012921794327787462,0.00021140270530589306,0.012921794327787462,61.12407269854959,birge,0.021913613511239376,0.012651830659631474,1.2320876114577528,0.028282772667812137,0.0005197584604140729,0.028282772667812137,54.41522326597679,birge,0.04783976245321747,0.02762029973033286,3,40.887744966542904,30,0.6,0.3333333333333333,2455.0,0,4f9f288a,0.605,30.066666666666663,0.0471404520791038,0.6457060218371758,0.271,79.72,Scope_TrialNumber_0_30.00W_0.60Torr_0.33NitrogenFlow_2455.00MHz.csv,G:\My Drive\MiniChamberData\Data\NafisaData\LAS_0.6Torr_2Nitrogen_Freq_Sweep_4\LAS_DataFrame_4f9f288a_Laser_True_20260807_154812.csv,7f72a6df
4f9f288a|Scope_TrialNumber_0_30.00W_0.60Torr_0.33NitrogenFlow_2460.00MHz.csv,0.5263609778934153,0.00994831999135991,0.0001755060070438581,0.00994831999135991,56.683643818948454,birge,0.017466431869291626,0.010084249141517778,1.1701248701491591,0.02385739007078368,0.0004336248466523224,0.02385739007078368,55.01850333293374,birge,0.041854227349258394,0.024164549426818133,3,32.995414027698175,30,0.6,0.3333333333333333,2460.0,0,4f9f288a,0.605,30.0,0.0816496580927737,0.6419883444389675,0.273,79.73,Scope_TrialNumber_0_30.00W_0.60Torr_0.33NitrogenFlow_2460.00MHz.csv,G:\My Drive\MiniChamberData\Data\NafisaData\LAS_0.6Torr_2Nitrogen_Freq_Sweep_4\LAS_DataFrame_4f9f288a_Laser_True_20260807_154812.csv,7f72a6df
4f9f288a|Scope_TrialNumber_0_35.00W_0.60Torr_0.00NitrogenFlow_2410.00MHz.csv,0.4830320873111189,0.005757522941976293,0.00015708291251225422,0.005757522941976294,36.65276413516424,birge,0.01003991957960697,0.005796550271928279,1.196220169291122,0.014141003026162361,0.0004327196198510182,0.014141003026162361,32.6793664475648,birge,0.024642580789951567,0.014227400652605639,3,27.586295525865197,35,0.6,0.0,2410.0,0,4f9f288a,0.605,34.833333333333336,0.2867441755680888,0.6052059055186559,0.005,80.0,Scope_TrialNumber_0_35.00W_0.60Torr_0.00NitrogenFlow_2410.00MHz.csv,G:\My Drive\MiniChamberData\Data\NafisaData\LAS_0.6Torr_2Nitrogen_Freq_Sweep_4\LAS_DataFrame_4f9f288a_Laser_True_20260807_154812.csv,7f72a6df
4f9f288a|Scope_TrialNumber_0_35.00W_0.60Torr_0.00NitrogenFlow_2415.00MHz.csv,0.47119863056583855,0.005343162637765762,0.0001659520900436367,0.005343162637765762,32.19701925031972,birge,0.009122796002832102,0.005267048727997156,1.1711772014359842,0.013531590848016996,0.000459483658595186,0.013531590848016996,29.449558422574047,birge,0.02331873804781507,0.0134630796890684,3,28.671269786827768,35,0.6,0.0,2415.0,0,4f9f288a,0.605,35.03333333333334,0.1247219128924664,0.5646683593463796,0.003,80.01,Scope_TrialNumber_0_35.00W_0.60Torr_0.00NitrogenFlow_2415.00MHz.csv,G:\My Drive\MiniChamberData\Data\NafisaData\LAS_0.6Torr_2Nitrogen_Freq_Sweep_4\LAS_DataFrame_4f9f288a_Laser_True_20260807_154812.csv,7f72a6df
4f9f288a|Scope_TrialNumber_0_35.00W_0.60Torr_0.00NitrogenFlow_2420.00MHz.csv,0.5170487649708484,0.012697358107158573,0.00020065935041286293,0.012697358107158573,63.27817807160922,birge,0.024316804103486533,0.014039313394979347,1.1684634978630577,0.02239181677957528,0.0005040904182584383,0.02239181677957528,44.420238847101814,birge,0.041933270106584736,0.024210184784037986,3,41.111959024621704,35,0.6,0.0,2420.0,0,4f9f288a,0.605,35.1,0.2160246899469317,0.5231741111240256,-0.001,79.99,Scope_TrialNumber_0_35.00W_0.60Torr_0.00NitrogenFlow_2420.00MHz.csv,G:\My Drive\MiniChamberData\Data\NafisaData\LAS_0.6Torr_2Nitrogen_Freq_Sweep_4\LAS_DataFrame_4f9f288a_Laser_True_20260807_154812.csv,7f72a6df
4f9f288a|Scope_TrialNumber_0_35.00W_0.60Torr_0.00NitrogenFlow_2425.00MHz.csv,0.6049184002560161,0.006779367437905863,0.0001778118788115497,0.006779367437905863,38.12662845259533,birge,0.011872063774765712,0.006854339216197389,1.2121978939862685,0.013861624586420925,0.00039601527943680323,0.013861624586420923,35.00275192950727,birge,0.024144328099073624,0.013939734327402803,3,34.942426101485594,35,0.6,0.0,2425.0,0,4f9f288a,0.605,35.06666666666666,0.0471404520791038,0.4985695727961622,0.006,80.0,Scope_TrialNumber_0_35.00W_0.60Torr_0.00NitrogenFlow_2425.00MHz.csv,G:\My Drive\MiniChamberData\Data\NafisaData\LAS_0.6Torr_2Nitrogen_Freq_Sweep_4\LAS_DataFrame_4f9f288a_Laser_True_20260807_154812.csv,7f72a6df
4f9f288a|Scope_TrialNumber_0_35.00W_0.60Torr_0.00NitrogenFlow_2430.00MHz.csv,0.6179844220526677,0.01853072270535259,0.00020014576340957656,0.01853072270535259,92.58613517305123,birge,0.031099567304831544,0.01795534355512538,1.1912409523223264,0.035192717981985026,0.00042983534967948377,0.035192717981985026,81.87488071473706,birge,0.059195957532629094,0.03417680201640107,3,45.26128779508699,35,0.6,0.0,2430.0,0,4f9f288a,0.605,34.93333333333333,0.0942809041582076,0.527009780660749,0.009,79.98,Scope_TrialNumber_0_35.00W_0.60Torr_0.00NitrogenFlow_2430.00MHz.csv,G:\My Drive\MiniChamberData\Data\NafisaData\LAS_0.6Torr_2Nitrogen_Freq_Sweep_4\LAS_DataFrame_4f9f288a_Laser_True_20260807_154812.csv,7f72a6df
4f9f288a|Scope_TrialNumber_0_35.00W_0.60Torr_0.00NitrogenFlow_2435.00MHz.csv,0.6407861104652646,0.01466732799641482,0.00023816071120948053,0.01466732799641482,61.58584227401716,birge,0.026608032553203993,0.015362154757198652,1.2267380615028514,0.029133578907863632,0.0005079133334166294,0.029133578907863632,57.35935048581613,birge,0.05262124151195705,0.030380887952020715,3,65.32133702572793,35,0.6,0.0,2435.0,0,4f9f288a,0.605,34.96666666666667,0.0471404520791038,0.5602953463811375,0.001,80.0,Scope_TrialNumber_0_35.00W_0.60Torr_0.00NitrogenFlow_2435.00MHz.csv,G:\My Drive\MiniChamberData\Data\NafisaData\LAS_0.6Torr_2Nitrogen_Freq_Sweep_4\LAS_DataFrame_4f9f288a_Laser_True_20260807_154812.csv,7f72a6df
4f9f288a|Scope_TrialNumber_0_35.00W_0.60Torr_0.00NitrogenFlow_2440.00MHz.csv,0.637878934708009,0.006010784253813441,0.0002075187091073982,0.006010784253813441,28.965023344968138,birge,0.010376831214745521,0.005991066295168638,1.2127927948767268,0.007867450916900255,0.00043927469593467927,0.007867450916900255,17.910093592256803,birge,0.014048604062222149,0.008110965337062428,3,51.9233457082918,35,0.6,0.0,2440.0,0,4f9f288a,0.605,35.1,0.1414213562373064,0.5892200020368262,-0.002,80.0,Scope_TrialNumber_0_35.00W_0.60Torr_0.00NitrogenFlow_2440.00MHz.csv,G:\My Drive\MiniChamberData\Data\NafisaData\LAS_0.6Torr_2Nitrogen_Freq_Sweep_4\LAS_DataFrame_4f9f288a_Laser_True_20260807_154812.csv,7f72a6df
4f9f288a|Scope_TrialNumber_0_35.00W_0.60Torr_0.00NitrogenFlow_2445.00MHz.csv,0.723213651744823,0.1444924432342855,0.00034091703934998664,0.1444924432342855,423.83461826895973,birge,0.33303054606489124,0.19227527541893302,1.4114932703053293,0.2709030179667576,0.0007489963433560503,0.2709030179667576,361.6880380923014,birge,0.5891465984923752,0.3401439472317252,3,87.21161236855356,35,0.6,0.0,2445.0,0,4f9f288a,0.605,34.96666666666667,0.0471404520791004,0.6146681419821666,0.008,80.02,Scope_TrialNumber_0_35.00W_0.60Torr_0.00NitrogenFlow_2445.00MHz.csv,G:\My Drive\MiniChamberData\Data\NafisaData\LAS_0.6Torr_2Nitrogen_Freq_Sweep_4\LAS_DataFrame_4f9f288a_Laser_True_20260807_154812.csv,7f72a6df
4f9f288a|Scope_TrialNumber_0_35.00W_0.60Torr_0.00NitrogenFlow_2450.00MHz.csv,0.5807370815104722,0.014153427778036274,0.00017735995570965313,0.014153427778036274,79.80058250130668,birge,0.02546675548098923,0.014703238132335511,1.1285682615882193,0.02554536007928669,0.0003824817471180746,0.025545360079286695,66.78844225055444,birge,0.04574511459099341,0.026410954223220325,3,39.99736154909246,35,0.6,0.0,2450.0,0,4f9f288a,0.605,35.06666666666666,0.0471404520791004,0.6318232761448255,-0.002,80.01,Scope_TrialNumber_0_35.00W_0.60Torr_0.00NitrogenFlow_2450.00MHz.csv,G:\My Drive\MiniChamberData\Data\NafisaData\LAS_0.6Torr_2Nitrogen_Freq_Sweep_4\LAS_DataFrame_4f9f288a_Laser_True_20260807_154812.csv,7f72a6df
4f9f288a|Scope_TrialNumber_0_35.00W_0.60Torr_0.00NitrogenFlow_2455.00MHz.csv,0.6084224721605103,0.019521362340964018,0.00017491226089828718,0.019521362340964018,111.60659773482568,birge,0.033798881300530825,0.019513793217169683,1.1811530017778178,0.038330612345650036,0.0003764341380499616,0.038330612345650036,101.82554787462627,birge,0.06679145662013719,0.03856206545920342,3,35.554502767796194,35,0.6,0.0,2455.0,0,4f9f288a,0.605,34.96666666666666,0.1247219128924639,0.6431484699534972,-0.006,80.01,Scope_TrialNumber_0_35.00W_0.60Torr_0.00NitrogenFlow_2455.00MHz.csv,G:\My Drive\MiniChamberData\Data\NafisaData\LAS_0.6Torr_2Nitrogen_Freq_Sweep_4\LAS_DataFrame_4f9f288a_Laser_True_20260807_154812.csv,7f72a6df
4f9f288a|Scope_TrialNumber_0_35.00W_0.60Torr_0.00NitrogenFlow_2460.00MHz.csv,0.6258398592171973,0.01554844080184044,0.00020706316534989912,0.015548440801840438,75.09032702927341,birge,0.02682974040322351,0.015490157844088874,1.2057416580861275,0.029214268246802143,0.00044416181550075844,0.029214268246802143,65.77393019223251,birge,0.05049735459592461,0.02915466126932106,3,45.53575076951652,35,0.6,0.0,2460.0,0,4f9f288a,0.605,34.96666666666667,0.0942809041582043,0.6481682390850353,-0.005,80.0,Scope_TrialNumber_0_35.00W_0.60Torr_0.00NitrogenFlow_2460.00MHz.csv,G:\My Drive\MiniChamberData\Data\NafisaData\LAS_0.6Torr_2Nitrogen_Freq_Sweep_4\LAS_DataFrame_4f9f288a_Laser_True_20260807_154812.csv,7f72a6df
4f9f288a|Scope_TrialNumber_0_35.00W_0.60Torr_0.33NitrogenFlow_2410.00MHz.csv,0.5809056374899271,0.017681967496180426,0.000188409808729235,0.017681967496180426,93.84844459765522,birge,0.031993295623568216,0.018471337840530386,1.1874300370332682,0.03908444259938004,0.0004291133204775298,0.03908444259938004,91.08186750270474,birge,0.07044734913056361,0.04067279598422645,3,40.37848664838641,35,0.6,0.3333333333333333,2410.0,0,4f9f288a,0.605,34.93333333333333,0.0942809041582076,0.5366933573474068,0.279,79.73,Scope_TrialNumber_0_35.00W_0.60Torr_0.33NitrogenFlow_2410.00MHz.csv,G:\My Drive\MiniChamberData\Data\NafisaData\LAS_0.6Torr_2Nitrogen_Freq_Sweep_4\LAS_DataFrame_4f9f288a_Laser_True_20260807_154812.csv,7f72a6df
4f9f288a|Scope_TrialNumber_0_35.00W_0.60Torr_0.33NitrogenFlow_2415.00MHz.csv,0.5714951990708373,0.010126801800528417,0.00022712845465737842,0.010126801800528417,44.586231239959,birge,0.0173542539399859,0.010019483183835984,1.16907273618019,0.015608190213133788,0.0005178683268711079,0.015608190213133788,30.139302605039422,birge,0.027121933469304683,0.01565885558944618,3,63.66058292003621,35,0.6,0.3333333333333333,2415.0,0,4f9f288a,0.605,35.03333333333333,0.0942809041582043,0.4949448124525107,0.259,79.73,Scope_TrialNumber_0_35.00W_0.60Torr_0.33NitrogenFlow_2415.00MHz.csv,G:\My Drive\MiniChamberData\Data\NafisaData\LAS_0.6Torr_2Nitrogen_Freq_Sweep_4\LAS_DataFrame_4f9f288a_Laser_True_20260807_154812.csv,7f72a6df
4f9f288a|Scope_TrialNumber_0_35.00W_0.60Torr_0.33NitrogenFlow_2420.00MHz.csv,0.5776034809301039,0.00710437408759906,0.00017196081072523827,0.00710437408759906,41.313913662285195,birge,0.012176127252106346,0.007029890346690737,1.172577904644148,0.016645746897253563,0.00038732325675280567,0.016645746897253563,42.97636820676915,birge,0.02860884113051082,0.01651732212790366,3,35.63536121130266,35,0.6,0.3333333333333333,2420.0,0,4f9f288a,0.605,35.06666666666667,0.0942809041582076,0.4728771158689644,0.265,79.73,Scope_TrialNumber_0_35.00W_0.60Torr_0.33NitrogenFlow_2420.00MHz.csv,G:\My Drive\MiniChamberData\Data\NafisaData\LAS_0.6Torr_2Nitrogen_Freq_Sweep_4\LAS_DataFrame_4f9f288a_Laser_True_20260807_154812.csv,7f72a6df
4f9f288a|Scope_TrialNumber_0_35.00W_0.60Torr_0.33NitrogenFlow_2425.00MHz.csv,0.6185354162329587,0.02444682753300046,0.00021226670663665174,0.02444682753300046,115.17033415347326,birge,0.04256913129687045,0.024577299413416676,1.2099293458699063,0.04327029210632828,0.00046082691711087163,0.04327029210632828,93.8970587430286,birge,0.07486141695991809,0.04322125923372553,3,54.58116962170086,35,0.6,0.3333333333333333,2425.0,0,4f9f288a,0.605,34.96666666666667,0.1247219128924665,0.4817307849960855,0.277,79.73,Scope_TrialNumber_0_35.00W_0.60Torr_0.33NitrogenFlow_2425.00MHz.csv,G:\My Drive\MiniChamberData\Data\NafisaData\LAS_0.6Torr_2Nitrogen_Freq_Sweep_4\LAS_DataFrame_4f9f288a_Laser_True_20260807_154812.csv,7f72a6df
4f9f288a|Scope_TrialNumber_0_35.00W_0.60Torr_0.33NitrogenFlow_2430.00MHz.csv,0.6030027272172324,0.007310932847375093,0.0002084963533740706,0.007310932847375093,35.06503940746768,birge,0.012856561237859358,0.007422739091531009,1.1544012020719507,0.012277993407545502,0.0004435761578704926,0.012277993407545502,27.679561197538955,birge,0.021570531270765202,0.012453752035739531,3,54.98691569658215,35,0.6,0.3333333333333333,2430.0,0,4f9f288a,0.605,35.0,0.0,0.50840394989731,0.267,79.73,Scope_TrialNumber_0_35.00W_0.60Torr_0.33NitrogenFlow_2430.00MHz.csv,G:\My Drive\MiniChamberData\Data\NafisaData\LAS_0.6Torr_2Nitrogen_Freq_Sweep_4\LAS_DataFrame_4f9f288a_Laser_True_20260807_154812.csv,7f72a6df
4f9f288a|Scope_TrialNumber_0_35.00W_0.60Torr_0.33NitrogenFlow_2435.00MHz.csv,0.6259095223676722,0.023760370210743786,0.0001932211132690659,0.023760370210743786,122.96984428226948,birge,0.04102375782215263,0.023685077621789837,1.232484053620348,0.04643267815460537,0.00042314052498783897,0.04643267815460537,109.73347011832497,birge,0.0804529944353058,0.046449557994335276,3,40.47315750297009,35,0.6,0.3333333333333333,2435.0,0,4f9f288a,0.605,34.93333333333334,0.0471404520791004,0.5459457445244312,0.271,79.73,Scope_TrialNumber_0_35.00W_0.60Torr_0.33NitrogenFlow_2435.00MHz.csv,G:\My Drive\MiniChamberData\Data\NafisaData\LAS_0.6Torr_2Nitrogen_Freq_Sweep_4\LAS_DataFrame_4f9f288a_Laser_True_20260807_154812.csv,7f72a6df
4f9f288a|Scope_TrialNumber_0_35.00W_0.60Torr_0.33NitrogenFlow_2440.00MHz.csv,0.5752191416577745,0.010293168833782234,0.00018832921962501405,0.010293168833782234,54.65518762450756,birge,0.017069946549799306,0.009855338235579153,1.1832596326112563,0.020142034592842053,0.00043154043366806316,0.020142034592842053,46.674733168422215,birge,0.033723979490852846,0.01947054863718931,3,35.386772257478505,35,0.6,0.3333333333333333,2440.0,0,4f9f288a,0.605,35.0,0.0816496580927679,0.5791742788764623,0.276,79.74,Scope_TrialNumber_0_35.00W_0.60Torr_0.33NitrogenFlow_2440.00MHz.csv,G:\My Drive\MiniChamberData\Data\NafisaData\LAS_0.6Torr_2Nitrogen_Freq_Sweep_4\LAS_DataFrame_4f9f288a_Laser_True_20260807_154812.csv,7f72a6df
4f9f288a|Scope_TrialNumber_0_35.00W_0.60Torr_0.33NitrogenFlow_2445.00MHz.csv,0.5542855745881626,0.0055280799710955885,0.00017462409507412589,0.0055280799710955885,31.657028594759407,birge,0.009889900061493278,0.00570993646276164,1.1740770806606482,0.010102585653366244,0.000410220280719907,0.010102585653366244,24.6272213446808,birge,0.01812411956100755,0.010463965307372671,3,32.02704484877132,35,0.6,0.3333333333333333,2445.0,0,4f9f288a,0.605,34.96666666666667,0.0942809041582076,0.607940906859138,0.274,79.74,Scope_TrialNumber_0_35.00W_0.60Torr_0.33NitrogenFlow_2445.00MHz.csv,G:\My Drive\MiniChamberData\Data\NafisaData\LAS_0.6Torr_2Nitrogen_Freq_Sweep_4\LAS_DataFrame_4f9f288a_Laser_True_20260807_154812.csv,7f72a6df
4f9f288a|Scope_TrialNumber_0_35.00W_0.60Torr_0.33NitrogenFlow_2455.00MHz.csv,0.5500403551271783,0.0012074113870148401,0.00017838898608568896,0.0012074113870148401,6.768418911439192,birge,0.0020339556711561884,0.0011743048542617914,1.1550798555564616,0.0056115217880278465,0.000416177787731692,0.0056115217880278465,13.483472576978496,birge,0.00941262392903323,0.005434380959208049,3,37.59857189210059,35,0.6,0.3333333333333333,2455.0,0,4f9f288a,0.605,35.13333333333333,0.0942809041582076,0.636546929160854,0.266,79.73,Scope_TrialNumber_0_35.00W_0.60Torr_0.33NitrogenFlow_2455.00MHz.csv,G:\My Drive\MiniChamberData\Data\NafisaData\LAS_0.6Torr_2Nitrogen_Freq_Sweep_4\LAS_DataFrame_4f9f288a_Laser_True_20260807_154812.csv,7f72a6df
4f9f288a|Scope_TrialNumber_0_35.00W_0.60Torr_0.33NitrogenFlow_2460.00MHz.csv,0.5948392227215353,0.019257678194895104,0.00019817249453245433,0.019257678194895104,97.17634246028685,birge,0.03834432262772124,0.022138104991008718,1.2152806738576332,0.03746019340602492,0.00045014180406173954,0.03746019340602492,83.218650363091,birge,0.0742687536470576,0.0428790849105067,3,45.7234922518753,35,0.6,0.3333333333333333,2460.0,0,4f9f288a,0.605,34.96666666666667,0.0471404520791038,0.6392813947036698,0.267,79.74,Scope_TrialNumber_0_35.00W_0.60Torr_0.33NitrogenFlow_2460.00MHz.csv,G:\My Drive\MiniChamberData\Data\NafisaData\LAS_0.6Torr_2Nitrogen_Freq_Sweep_4\LAS_DataFrame_4f9f288a_Laser_True_20260807_154812.csv,7f72a6df
4f9f288a|Scope_TrialNumber_0_40.00W_0.60Torr_0.00NitrogenFlow_2410.00MHz.csv,0.47409042457531037,0.009346274224007023,0.00018942079866303231,0.009346274224007023,49.341330466214835,birge,0.015812601068204084,0.009129409483315792,1.1887889944888101,0.02084262598823777,0.0005280539479051902,0.02084262598823777,39.47063755686563,birge,0.03420309409559204,0.019747165583208163,3,36.073064502535814,40,0.6,0.0,2410.0,0,4f9f288a,0.605,43.29999999999999,0.8164965809277231,0.5433372530373827,-0.007,80.0,Scope_TrialNumber_0_40.00W_0.60Torr_0.00NitrogenFlow_2410.00MHz.csv,G:\My Drive\MiniChamberData\Data\NafisaData\LAS_0.6Torr_2Nitrogen_Freq_Sweep_4\LAS_DataFrame_4f9f288a_Laser_True_20260807_154812.csv,7f72a6df
4f9f288a|Scope_TrialNumber_0_40.00W_0.60Torr_0.00NitrogenFlow_2415.00MHz.csv,0.47459306071422086,0.0015506883057832656,0.0001946833352994061,0.0015506883057832656,7.965182553496124,birge,0.002858317050371163,0.0016502501184610882,1.2209716662542431,0.00903236427931343,0.0005583816646233269,0.00903236427931343,16.175968609940803,birge,0.017248706408228356,0.009958545287963465,3,31.646248635980605,40,0.6,0.0,2415.0,0,4f9f288a,0.605,41.20000000000001,1.7146428199482235,0.517936034852588,-0.004,80.0,Scope_TrialNumber_0_40.00W_0.60Torr_0.00NitrogenFlow_2415.00MHz.csv,G:\My Drive\MiniChamberData\Data\NafisaData\LAS_0.6Torr_2Nitrogen_Freq_Sweep_4\LAS_DataFrame_4f9f288a_Laser_True_20260807_154812.csv,7f72a6df
4f9f288a|Scope_TrialNumber_0_40.00W_0.60Torr_0.00NitrogenFlow_2420.00MHz.csv,0.4518564805323893,0.0021932565002105507,0.0001922483177146581,0.0021932565002105507,11.408456137784576,birge,0.00391497987665367,0.0022603146856579642,1.2004278549877316,0.007561411961329375,0.0005690489863871623,0.007561411961329375,13.28780499080766,birge,0.014128554762820988,0.008157124895575067,3,35.40489993385086,40,0.6,0.0,2420.0,0,4f9f288a,0.605,40.03333333333333,0.0471404520791004,0.5383017199035353,0.002,80.0,Scope_TrialNumber_0_40.00W_0.60Torr_0.00NitrogenFlow_2420.00MHz.csv,G:\My Drive\MiniChamberData\Data\NafisaData\LAS_0.6Torr_2Nitrogen_Freq_Sweep_4\LAS_DataFrame_4f9f288a_Laser_True_20260807_154812.csv,7f72a6df
4f9f288a|Scope_TrialNumber_0_40.00W_0.60Torr_0.00NitrogenFlow_2425.00MHz.csv,0.47960446561330133,0.009791002162706496,0.0001769976520925023,0.009791002162706496,55.31713018198418,birge,0.017726993686566134,0.010234684576861754,1.2317134986826614,0.026600741481776987,0.0005053979988256364,0.026600741481776987,52.63325447189653,birge,0.04744489010871032,0.02739232007593612,3,34.21233865738326,40,0.6,0.0,2425.0,0,4f9f288a,0.605,40.06666666666666,0.0471404520791004,0.5318048328256593,0.002,80.02,Scope_TrialNumber_0_40.00W_0.60Torr_0.00NitrogenFlow_2425.00MHz.csv,G:\My Drive\MiniChamberData\Data\NafisaData\LAS_0.6Torr_2Nitrogen_Freq_Sweep_4\LAS_DataFrame_4f9f288a_Laser_True_20260807_154812.csv,7f72a6df
4f9f288a|Scope_TrialNumber_0_40.00W_0.60Torr_0.00NitrogenFlow_2430.00MHz.csv,0.559278203491503,0.0033171848925858147,0.0001917670279864154,0.0033171848925858147,17.29799396390917,birge,0.006187760853771271,0.003572505394605872,1.1692566809172242,0.007226158904384595,0.00044709218189028523,0.007226158904384596,16.16257048788625,birge,0.013475091178695645,0.0077798475193746825,3,47.96574851533387,40,0.6,0.0,2430.0,0,4f9f288a,0.605,39.96666666666667,0.0471404520791038,0.5500008141002024,0.003,80.0,Scope_TrialNumber_0_40.00W_0.60Torr_0.00NitrogenFlow_2430.00MHz.csv,G:\My Drive\MiniChamberData\Data\NafisaData\LAS_0.6Torr_2Nitrogen_Freq_Sweep_4\LAS_DataFrame_4f9f288a_Laser_True_20260807_154812.csv,7f72a6df
4f9f288a|Scope_TrialNumber_0_40.00W_0.60Torr_0.00NitrogenFlow_2435.00MHz.csv,0.5859736864819298,0.012631320146894285,0.0001761716074374202,0.012631320146894283,71.6989549600448,birge,0.021859859991269638,0.012620796050407057,1.1801422654630729,0.022980342837852573,0.0003945039183217241,0.022980342837852573,58.25124104118972,birge,0.04010256542473638,0.023153226943166128,3,35.141981063737795,40,0.6,0.0,2435.0,0,4f9f288a,0.605,39.833333333333336,0.1247219128924639,0.5709654836828096,0.004,80.02,Scope_TrialNumber_0_40.00W_0.60Torr_0.00NitrogenFlow_2435.00MHz.csv,G:\My Drive\MiniChamberData\Data\NafisaData\LAS_0.6Torr_2Nitrogen_Freq_Sweep_4\LAS_DataFrame_4f9f288a_Laser_True_20260807_154812.csv,7f72a6df
4f9f288a|Scope_TrialNumber_0_40.00W_0.60Torr_0.00NitrogenFlow_2440.00MHz.csv,0.5963100701520719,0.01897393139697605,0.00017996354181658153,0.01897393139697605,105.43208477367178,birge,0.03305723084364044,0.01908560112623941,1.1704138638539157,0.028916388195039364,0.00039158768981422613,0.028916388195039364,73.84396636359443,birge,0.050543656200113175,0.02918139351296324,3,37.73158915679411,40,0.6,0.0,2440.0,0,4f9f288a,0.605,39.93333333333334,0.0471404520791038,0.5997502341311262,0.001,80.0,Scope_TrialNumber_0_40.00W_0.60Torr_0.00NitrogenFlow_2440.00MHz.csv,G:\My Drive\MiniChamberData\Data\NafisaData\LAS_0.6Torr_2Nitrogen_Freq_Sweep_4\LAS_DataFrame_4f9f288a_Laser_True_20260807_154812.csv,7f72a6df
4f9f288a|Scope_TrialNumber_0_40.00W_0.60Torr_0.00NitrogenFlow_2445.00MHz.csv,0.6119103296772727,0.010630396039761686,0.00020708846415932525,0.010630396039761686,51.3326325679981,birge,0.01805781994507874,0.010425687206269005,1.173895563083018,0.01972329766646794,0.0004422733704682056,0.01972329766646794,44.59526388755486,birge,0.03353680932115569,0.01936248588933039,3,52.433450686371444,40,0.6,0.0,2445.0,0,4f9f288a,0.605,39.86666666666667,0.1885618083164137,0.6235883332053115,0.002,80.0,Scope_TrialNumber_0_40.00W_0.60Torr_0.00NitrogenFlow_2445.00MHz.csv,G:\My Drive\MiniChamberData\Data\NafisaData\LAS_0.6Torr_2Nitrogen_Freq_Sweep_4\LAS_DataFrame_4f9f288a_Laser_True_20260807_154812.csv,7f72a6df
4f9f288a|Scope_TrialNumber_0_40.00W_0.60Torr_0.00NitrogenFlow_2450.00MHz.csv,0.6100953774751003,0.010510179955203659,0.0002139590946778249,0.010510179955203659,49.12238000927077,birge,0.0173535456051358,0.010019074226519603,1.182975100923573,0.014388509407853647,0.00046229609607148785,0.014388509407853647,31.124012359448216,birge,0.02378616895955992,0.013732951051791842,3,62.860692500938086,40,0.6,0.0,2450.0,0,4f9f288a,0.605,39.93333333333334,0.0471404520791004,0.640650622342649,0.002,79.99,Scope_TrialNumber_0_40.00W_0.60Torr_0.00NitrogenFlow_2450.00MHz.csv,G:\My Drive\MiniChamberData\Data\NafisaData\LAS_0.6Torr_2Nitrogen_Freq_Sweep_4\LAS_DataFrame_4f9f288a_Laser_True_20260807_154812.csv,7f72a6df
4f9f288a|Scope_TrialNumber_0_40.00W_0.60Torr_0.00NitrogenFlow_2455.00MHz.csv,0.6125404455207881,0.008906489861949208,0.00022708452966860011,0.008906489861949208,39.22103313223078,birge,0.014371114038715787,0.00829716655880737,1.1981484730475185,0.016953770501397708,0.0004951373872697307,0.016953770501397708,34.24053795429103,birge,0.027803817894400715,0.016052541745831587,3,51.7610454479857,40,0.6,0.0,2455.0,0,4f9f288a,0.605,40.06666666666666,0.2054804667656293,0.6518296660305993,-0.002,80.0,Scope_TrialNumber_0_40.00W_0.60Torr_0.00NitrogenFlow_2455.00MHz.csv,G:\My Drive\MiniChamberData\Data\NafisaData\LAS_0.6Torr_2Nitrogen_Freq_Sweep_4\LAS_DataFrame_4f9f288a_Laser_True_20260807_154812.csv,7f72a6df
4f9f288a|Scope_TrialNumber_0_40.00W_0.60Torr_0.00NitrogenFlow_2460.00MHz.csv,0.5796171313773022,0.016193375579484106,0.00018496739885968762,0.016193375579484106,87.5471876628814,birge,0.029094892051063064,0.016797943757724365,1.1709350136677514,0.03371184888771579,0.00041573090747625875,0.03371184888771579,81.09055228144418,birge,0.060471524424624765,0.03491325090486414,3,38.65122300144487,40,0.6,0.0,2460.0,0,4f9f288a,0.605,40.1,0.1632993161855417,0.6562535302467439,0.004,80.0,Scope_TrialNumber_0_40.00W_0.60Torr_0.00NitrogenFlow_2460.00MHz.csv,G:\My Drive\MiniChamberData\Data\NafisaData\LAS_0.6Torr_2Nitrogen_Freq_Sweep_4\LAS_DataFrame_4f9f288a_Laser_True_20260807_154812.csv,7f72a6df
4f9f288a|Scope_TrialNumber_0_45.00W_0.60Torr_0.00NitrogenFlow_2410.00MHz.csv,0.49715517732194464,0.004821337815276569,0.00018746412858689125,0.004821337815276569,25.71872203829031,birge,0.00880866335756544,0.0050856841606912,1.2298092409001409,0.011828419946253894,0.0005164796960445427,0.011828419946253894,22.902003770606655,birge,0.02164199241400508,0.012495010146025672,3,38.81036523987537,45,0.6,0.0,2410.0,0,4f9f288a,0.605,45.0,4.1023203976182695e-15,0.5609993460821366,0.01,80.01,Scope_TrialNumber_0_45.00W_0.60Torr_0.00NitrogenFlow_2410.00MHz.csv,G:\My Drive\MiniChamberData\Data\NafisaData\LAS_0.6Torr_2Nitrogen_Freq_Sweep_4\LAS_DataFrame_4f9f288a_Laser_True_20260807_154812.csv,7f72a6df
4f9f288a|Scope_TrialNumber_0_45.00W_0.60Torr_0.00NitrogenFlow_2415.00MHz.csv,0.47625126597331735,0.013173020737654565,0.00017611963048871858,0.013173020737654565,74.79586858716677,birge,0.023590101878998532,0.0136197516700505,1.1797743342977534,0.031198277313407012,0.0004857398681520906,0.031198277313407012,64.22836451966607,birge,0.056260824970603744,0.032482202441608495,3,37.730473820457306,45,0.6,0.0,2415.0,0,4f9f288a,0.605,45.03333333333333,0.0471404520791004,0.5212468048747665,0.002,80.0,Scope_TrialNumber_0_45.00W_0.60Torr_0.00NitrogenFlow_2415.00MHz.csv,G:\My Drive\MiniChamberData\Data\NafisaData\LAS_0.6Torr_2Nitrogen_Freq_Sweep_4\LAS_DataFrame_4f9f288a_Laser_True_20260807_154812.csv,7f72a6df
4f9f288a|Scope_TrialNumber_0_45.00W_0.60Torr_0.00NitrogenFlow_2420.00MHz.csv,0.49062734046863277,0.0020717590638079987,0.00020177854733667924,0.0020717590638079987,10.267489240821762,birge,0.003666069041765138,0.0021166059481308556,1.2431139187889337,0.009086152085283863,0.0005697769397624937,0.009086152085283863,15.946858237315366,birge,0.016123404012145334,0.0093088516466652,3,40.18772210371022,45,0.6,0.0,2420.0,0,4f9f288a,0.605,45.1,0.0816496580927737,0.4697037819468261,0.002,80.0,Scope_TrialNumber_0_45.00W_0.60Torr_0.00NitrogenFlow_2420.00MHz.csv,G:\My Drive\MiniChamberData\Data\NafisaData\LAS_0.6Torr_2Nitrogen_Freq_Sweep_4\LAS_DataFrame_4f9f288a_Laser_True_20260807_154812.csv,7f72a6df
4f9f288a|Scope_TrialNumber_0_45.00W_0.60Torr_0.00NitrogenFlow_2425.00MHz.csv,0.46955031014951143,0.015130588049085254,0.0001925992626505992,0.015130588049085254,78.55994795023781,birge,0.025418750912092673,0.01467552268156075,1.2316894071454703,0.04059692745928653,0.0005622003904684749,0.04059692745928653,72.21077777170804,birge,0.0679557713229661,0.03923428286630313,3,35.96530743312932,45,0.6,0.0,2425.0,0,4f9f288a,0.605,46.4,1.2083045973594524,0.4367859389588467,-0.015,79.99,Scope_TrialNumber_0_45.00W_0.60Torr_0.00NitrogenFlow_2425.00MHz.csv,G:\My Drive\MiniChamberData\Data\NafisaData\LAS_0.6Torr_2Nitrogen_Freq_Sweep_4\LAS_DataFrame_4f9f288a_Laser_True_20260807_154812.csv,7f72a6df
4f9f288a|Scope_TrialNumber_0_45.00W_0.60Torr_0.00NitrogenFlow_2430.00MHz.csv,0.4547448975988833,0.004910230927026187,0.0001653701442725095,0.004910230927026187,29.69236647054462,birge,0.008909236529562652,0.005143750108617044,1.2052884474522878,0.012216673731749275,0.00048760290678804224,0.012216673731749275,25.05455476511296,birge,0.022230147424898775,0.012834581599890375,3,30.34054220865123,45,0.6,0.0,2430.0,0,4f9f288a,0.605,44.9,0.1414213562373081,0.5528748999433241,0.003,80.0,Scope_TrialNumber_0_45.00W_0.60Torr_0.00NitrogenFlow_2430.00MHz.csv,G:\My Drive\MiniChamberData\Data\NafisaData\LAS_0.6Torr_2Nitrogen_Freq_Sweep_4\LAS_DataFrame_4f9f288a_Laser_True_20260807_154812.csv,7f72a6df
4f9f288a|Scope_TrialNumber_0_45.00W_0.60Torr_0.00NitrogenFlow_2435.00MHz.csv,0.5176231476356915,0.009862802291243375,0.00019651169523951506,0.009862802291243375,50.18939091244549,birge,0.01691680113117152,0.009766919686909244,1.1917517463562048,0.02288142472520805,0.0005050946667989087,0.02288142472520805,45.30125980189322,birge,0.039359758949752494,0.022724367424878385,3,42.23385083000912,45,0.6,0.0,2435.0,0,4f9f288a,0.605,44.93333333333334,0.0471404520791038,0.5905860951191585,0.004,80.02,Scope_TrialNumber_0_45.00W_0.60Torr_0.00NitrogenFlow_2435.00MHz.csv,G:\My Drive\MiniChamberData\Data\NafisaData\LAS_0.6Torr_2Nitrogen_Freq_Sweep_4\LAS_DataFrame_4f9f288a_Laser_True_20260807_154812.csv,7f72a6df
4f9f288a|Scope_TrialNumber_0_45.00W_0.60Torr_0.00NitrogenFlow_2440.00MHz.csv,0.5985608996237001,0.011921306557954144,0.0002278107442564471,0.011921306557954144,52.32986967697318,birge,0.020530447754193975,0.01185325953746744,1.1959826689428044,0.022949372875877967,0.0005076488480036365,0.022949372875877967,45.20718005394463,birge,0.03942954390436821,0.022764657787211155,3,57.048058197830684,45,0.6,0.0,2440.0,0,4f9f288a,0.605,45.06666666666667,0.2357022603955175,0.6087526911198284,0.0,79.99,Scope_TrialNumber_0_45.00W_0.60Torr_0.00NitrogenFlow_2440.00MHz.csv,G:\My Drive\MiniChamberData\Data\NafisaData\LAS_0.6Torr_2Nitrogen_Freq_Sweep_4\LAS_DataFrame_4f9f288a_Laser_True_20260807_154812.csv,7f72a6df
4f9f288a|Scope_TrialNumber_0_45.00W_0.60Torr_0.00NitrogenFlow_2445.00MHz.csv,0.6060857135876906,0.004549144652844019,0.00019509017856090486,0.004549144652844019,23.318163356049364,birge,0.008157458704970975,0.004709710979218249,1.2132596546400427,0.008194467880599346,0.00043515892113494967,0.008194467880599346,18.83097756384526,birge,0.014643620282358171,0.008454498111930154,3,41.580281020164975,45,0.6,0.0,2445.0,0,4f9f288a,0.605,44.96666666666666,0.0942809041582043,0.6289749874790433,0.001,80.01,Scope_TrialNumber_0_45.00W_0.60Torr_0.00NitrogenFlow_2445.00MHz.csv,G:\My Drive\MiniChamberData\Data\NafisaData\LAS_0.6Torr_2Nitrogen_Freq_Sweep_4\LAS_DataFrame_4f9f288a_Laser_True_20260807_154812.csv,7f72a6df
4f9f288a|Scope_TrialNumber_0_45.00W_0.60Torr_0.00NitrogenFlow_2450.00MHz.csv,0.5778134306299392,0.0039057021575981533,0.00023306408169318147,0.0039057021575981533,16.75806125604475,birge,0.006794080710335445,0.003922564327008213,1.1667286372580425,0.006396106662063021,0.0005251875714307608,0.006396106662063021,12.178709112704633,birge,0.011228159564470494,0.006482580947051111,3,64.49813561394683,45,0.6,0.0,2450.0,0,4f9f288a,0.606,44.9,0.0816496580927737,0.6470270328984099,-0.005,80.0,Scope_TrialNumber_0_45.00W_0.60Torr_0.00NitrogenFlow_2450.00MHz.csv,G:\My Drive\MiniChamberData\Data\NafisaData\LAS_0.6Torr_2Nitrogen_Freq_Sweep_4\LAS_DataFrame_4f9f288a_Laser_True_20260807_154812.csv,7f72a6df
4f9f288a|Scope_TrialNumber_0_45.00W_0.60Torr_0.00NitrogenFlow_2455.00MHz.csv,0.5904265942650272,0.011266802909542297,0.00019482588053686053,0.011266802909542297,57.830114143437164,birge,0.018928004359764786,0.01092808841233261,1.1872868620569959,0.024668088731049035,0.0004359414277545342,0.024668088731049035,56.585786898277796,birge,0.04141238488191946,0.023909451559360587,3,40.265295994521985,45,0.6,0.0,2455.0,0,4f9f288a,0.605,44.96666666666667,0.1247219128924607,0.6613989338884286,-0.005,80.0,Scope_TrialNumber_0_45.00W_0.60Torr_0.00NitrogenFlow_2455.00MHz.csv,G:\My Drive\MiniChamberData\Data\NafisaData\LAS_0.6Torr_2Nitrogen_Freq_Sweep_4\LAS_DataFrame_4f9f288a_Laser_True_20260807_154812.csv,7f72a6df
4f9f288a|Scope_TrialNumber_0_45.00W_0.60Torr_0.00NitrogenFlow_2460.00MHz.csv,0.5405355192551432,0.014896387478683057,0.00019407355737226866,0.014896387478683056,76.75639937958707,birge,0.024696675007336476,0.014258631963574419,1.1759896772748315,0.029392283666278992,0.0004695498832306344,0.029392283666278992,62.59672234194132,birge,0.048879417613663656,0.02822054491708085,3,38.86095571107288,45,0.6,0.0,2460.0,0,4f9f288a,0.605,45.0,0.0816496580927737,0.6756641710750569,0.0,80.0,Scope_TrialNumber_0_45.00W_0.60Torr_0.00NitrogenFlow_2460.00MHz.csv,G:\My Drive\MiniChamberData\Data\NafisaData\LAS_0.6Torr_2Nitrogen_Freq_Sweep_4\LAS_DataFrame_4f9f288a_Laser_True_20260807_154812.csv,7f72a6df
4f9f288a|Scope_TrialNumber_0_50.00W_0.60Torr_0.00NitrogenFlow_2410.00MHz.csv,0.5115152469745298,0.0050597604633536835,0.00019805412443155553,0.0050597604633536835,25.547362257039282,birge,0.008825084971785,0.005095165184081391,1.2521172692187286,0.015155230032004379,0.0005399961883564229,0.015155230032004379,28.06543890269317,birge,0.02629569669401738,0.015181827564819686,3,38.1893297515603,50,0.6,0.0,2410.0,0,4f9f288a,0.605,49.9,0.0816496580927737,0.5955980870459466,0.001,80.02,Scope_TrialNumber_0_50.00W_0.60Torr_0.00NitrogenFlow_2410.00MHz.csv,G:\My Drive\MiniChamberData\Data\NafisaData\LAS_0.6Torr_2Nitrogen_Freq_Sweep_4\LAS_DataFrame_4f9f288a_Laser_True_20260807_154812.csv,7f72a6df
4f9f288a|Scope_TrialNumber_0_50.00W_0.60Torr_0.00NitrogenFlow_2415.00MHz.csv,0.5155340261273478,0.01611807763548837,0.00021020770008146333,0.01611807763548837,76.67691349670831,birge,0.02848483663175666,0.016445728097167222,1.2802826310665696,0.03894491706540276,0.0005813688383872454,0.03894491706540276,66.98831188379216,birge,0.06825567008433339,0.039407429496908175,3,41.294251553599715,50,0.6,0.0,2415.0,0,4f9f288a,0.605,49.96666666666667,0.0471404520790988,0.5574981943299745,0.004,79.99,Scope_TrialNumber_0_50.00W_0.60Torr_0.00NitrogenFlow_2415.00MHz.csv,G:\My Drive\MiniChamberData\Data\NafisaData\LAS_0.6Torr_2Nitrogen_Freq_Sweep_4\LAS_DataFrame_4f9f288a_Laser_True_20260807_154812.csv,7f72a6df
4f9f288a|Scope_TrialNumber_0_50.00W_0.60Torr_0.00NitrogenFlow_2420.00MHz.csv,0.4994730383242611,0.0008447875063702496,0.00020239365084508774,0.0008447875063702496,4.173982251137169,birge,0.0015006420879043142,0.000866396113408838,1.2450705439249485,0.007567236031820971,0.0005621082549588518,0.007567236031820971,13.462239639898042,birge,0.012593647485952219,0.007270945766093767,3,45.5929184610613,50,0.6,0.0,2420.0,0,4f9f288a,0.605,50.0,0.0816496580927737,0.5123838002115292,0.0,79.99,Scope_TrialNumber_0_50.00W_0.60Torr_0.00NitrogenFlow_2420.00MHz.csv,G:\My Drive\MiniChamberData\Data\NafisaData\LAS_0.6Torr_2Nitrogen_Freq_Sweep_4\LAS_DataFrame_4f9f288a_Laser_True_20260807_154812.csv,7f72a6df
4f9f288a|Scope_TrialNumber_0_50.00W_0.60Torr_0.00NitrogenFlow_2425.00MHz.csv,0.4761583444907236,0.012338692781391157,0.00017476740322539021,0.012338692781391157,70.60065294600996,birge,0.022349190458786673,0.012903311127550702,1.2016118021161917,0.027785788509427582,0.0004904969056397144,0.027785788509427582,56.64824423956128,birge,0.0501783481295597,0.02897048280009205,3,30.27575515086055,50,0.6,0.0,2425.0,0,4f9f288a,0.605,50.06666666666667,0.0471404520791021,0.4721957563087639,0.008,79.99,Scope_TrialNumber_0_50.00W_0.60Torr_0.00NitrogenFlow_2425.00MHz.csv,G:\My Drive\MiniChamberData\Data\NafisaData\LAS_0.6Torr_2Nitrogen_Freq_Sweep_4\LAS_DataFrame_4f9f288a_Laser_True_20260807_154812.csv,7f72a6df
4f9f288a|Scope_TrialNumber_0_50.00W_0.60Torr_0.00NitrogenFlow_2430.00MHz.csv,0.446401810769872,0.003972216431060827,0.0001661371976442925,0.003972216431060827,23.909253841909194,birge,0.007178373887327441,0.004144436096192279,1.1481366947041718,0.011668583905078947,0.00047490375374911997,0.011668583905078947,24.570418348900173,birge,0.020225907335775065,0.011677433044914162,3,33.52151844288563,50,0.6,0.0,2430.0,0,4f9f288a,0.605,50.03333333333334,0.1247219128924639,0.451347016673871,-0.006,80.0,Scope_TrialNumber_0_50.00W_0.60Torr_0.00NitrogenFlow_2430.00MHz.csv,G:\My Drive\MiniChamberData\Data\NafisaData\LAS_0.6Torr_2Nitrogen_Freq_Sweep_4\LAS_DataFrame_4f9f288a_Laser_True_20260807_154812.csv,7f72a6df
4f9f288a|Scope_TrialNumber_0_50.00W_0.60Torr_0.00NitrogenFlow_2435.00MHz.csv,0.45402758587726516,0.01111508210699825,0.00019425674772293014,0.01111508210699825,57.218512289991466,birge,0.01872490037259814,0.01081082627066846,1.2027057962531147,0.029763933646997292,0.000573355159997838,0.029763933646997292,51.911861484092206,birge,0.049514489976844926,0.028587204116918445,3,38.45772782807881,50,0.6,0.0,2435.0,0,4f9f288a,0.605,50.1,0.0816496580927737,0.5800198030751134,-0.017,80.0,Scope_TrialNumber_0_50.00W_0.60Torr_0.00NitrogenFlow_2435.00MHz.csv,G:\My Drive\MiniChamberData\Data\NafisaData\LAS_0.6Torr_2Nitrogen_Freq_Sweep_4\LAS_DataFrame_4f9f288a_Laser_True_20260807_154812.csv,7f72a6df
4f9f288a|Scope_TrialNumber_0_50.00W_0.60Torr_0.00NitrogenFlow_2440.00MHz.csv,0.48421137330525993,0.009314748296169306,0.0002096252700296289,0.009314748296169306,44.43523576548161,birge,0.016050310733672163,0.009266651222662764,1.2158698820322311,0.021239317396181474,0.0005871983587960771,0.021239317396181474,36.17060074848998,birge,0.037089134029114686,0.021413421515719473,3,53.01069493433905,50,0.6,0.0,2440.0,0,4f9f288a,0.605,50.03333333333334,0.1247219128924639,0.6172775776287276,-0.007,79.99,Scope_TrialNumber_0_50.00W_0.60Torr_0.00NitrogenFlow_2440.00MHz.csv,G:\My Drive\MiniChamberData\Data\NafisaData\LAS_0.6Torr_2Nitrogen_Freq_Sweep_4\LAS_DataFrame_4f9f288a_Laser_True_20260807_154812.csv,7f72a6df
4f9f288a|Scope_TrialNumber_0_50.00W_0.60Torr_0.00NitrogenFlow_2445.00MHz.csv,0.5133421000192098,0.007556344965932623,0.00019245361283259368,0.007556344965932623,39.26320142664992,birge,0.012832736839875654,0.007408984068941837,1.1492915050132642,0.014425916852849963,0.00047987181140059384,0.014425916852849963,30.062021794414804,birge,0.024501433446006783,0.014145909195583718,3,47.73755440862304,50,0.6,0.0,2445.0,0,4f9f288a,0.605,49.866666666666674,0.1247219128924658,0.6436234571942164,-0.002,79.98,Scope_TrialNumber_0_50.00W_0.60Torr_0.00NitrogenFlow_2445.00MHz.csv,G:\My Drive\MiniChamberData\Data\NafisaData\LAS_0.6Torr_2Nitrogen_Freq_Sweep_4\LAS_DataFrame_4f9f288a_Laser_True_20260807_154812.csv,7f72a6df
4f9f288a|Scope_TrialNumber_0_50.00W_0.60Torr_0.00NitrogenFlow_2450.00MHz.csv,0.5572087225340596,0.015341884835808886,0.0001954576908295851,0.015341884835808886,78.49210113295112,birge,0.02763008651674772,0.015952237888176946,1.2361558547145703,0.034394785726567914,0.0004825414196869808,0.034394785726567914,71.27841118567484,birge,0.06201642876877133,0.03580520184382938,3,39.612110563639284,50,0.6,0.0,2450.0,0,4f9f288a,0.605,49.96666666666666,0.1247219128924664,0.6614541741853986,-0.002,79.99,Scope_TrialNumber_0_50.00W_0.60Torr_0.00NitrogenFlow_2450.00MHz.csv,G:\My Drive\MiniChamberData\Data\NafisaData\LAS_0.6Torr_2Nitrogen_Freq_Sweep_4\LAS_DataFrame_4f9f288a_Laser_True_20260807_154812.csv,7f72a6df
4f9f288a|Scope_TrialNumber_0_50.00W_0.60Torr_0.00NitrogenFlow_2455.00MHz.csv,0.5370840352959818,0.009968944667493256,0.00016680245608274584,0.009968944667493256,59.764975298373024,birge,0.0174055896039316,0.010049121843234062,1.210713765416545,0.021730999347191745,0.0004182129381306297,0.021730999347191745,51.96156638368758,birge,0.03752832109666837,0.021666986287396196,3,27.48578351717268,50,0.6,0.0,2455.0,0,4f9f288a,0.605,49.93333333333334,0.1247219128924614,0.6770697277144685,0.006,80.0,Scope_TrialNumber_0_50.00W_0.60Torr_0.00NitrogenFlow_2455.00MHz.csv,G:\My Drive\MiniChamberData\Data\NafisaData\LAS_0.6Torr_2Nitrogen_Freq_Sweep_4\LAS_DataFrame_4f9f288a_Laser_True_20260807_154812.csv,7f72a6df
4f9f288a|Scope_TrialNumber_0_50.00W_0.60Torr_0.00NitrogenFlow_2460.00MHz.csv,0.48860802886165833,0.00619950821032644,0.0002190622675908911,0.00619950821032644,28.30021015716092,birge,0.010747316260521224,0.006204965936077971,1.154839404925716,0.017519516513422647,0.0005772213981632628,0.017519516513422647,30.351467511721353,birge,0.030395639327247193,0.017548930547776943,3,54.675904408871716,50,0.6,0.0,2460.0,0,4f9f288a,0.605,50.16666666666666,0.2357022603955108,0.6885814854685615,0.005,80.0,Scope_TrialNumber_0_50.00W_0.60Torr_0.00NitrogenFlow_2460.00MHz.csv,G:\My Drive\MiniChamberData\Data\NafisaData\LAS_0.6Torr_2Nitrogen_Freq_Sweep_4\LAS_DataFrame_4f9f288a_Laser_True_20260807_154812.csv,7f72a6df
4f9f288a|Scope_TrialNumber_0_55.00W_0.60Torr_0.00NitrogenFlow_2410.00MHz.csv,0.45485740496383725,0.03457479698174757,0.00020558420621877486,0.03457479698174757,168.17827408859605,birge,0.06357374812041058,0.03670432059071252,1.148100791081999,0.07887195201498726,0.0005791387335992591,0.07887195201498727,136.1883559830476,birge,0.14404823871394878,0.0831662893977898,3,45.27625787627317,55,0.6,0.0,2410.0,0,4f9f288a,0.605,54.96666666666667,0.1247219128924696,0.6222654680347425,-0.002,80.0,Scope_TrialNumber_0_55.00W_0.60Torr_0.00NitrogenFlow_2410.00MHz.csv,G:\My Drive\MiniChamberData\Data\NafisaData\LAS_0.6Torr_2Nitrogen_Freq_Sweep_4\LAS_DataFrame_4f9f288a_Laser_True_20260807_154812.csv,7f72a6df
4f9f288a|Scope_TrialNumber_0_55.00W_0.60Torr_0.00NitrogenFlow_2415.00MHz.csv,0.48066552364287835,0.0059952168317120155,0.00018240898749680636,0.005995216831712015,32.866893862984575,birge,0.010392624567926573,0.006000184591879126,1.2081206267459186,0.012352303764589938,0.0005104565133183123,0.012352303764589938,24.19854275987511,birge,0.021168513043981343,0.012221646704286734,3,33.13684577367346,55,0.6,0.0,2415.0,0,4f9f288a,0.605,55.06666666666667,0.0471404520791004,0.5866722095592563,0.002,80.01,Scope_TrialNumber_0_55.00W_0.60Torr_0.00NitrogenFlow_2415.00MHz.csv,G:\My Drive\MiniChamberData\Data\NafisaData\LAS_0.6Torr_2Nitrogen_Freq_Sweep_4\LAS_DataFrame_4f9f288a_Laser_True_20260807_154812.csv,7f72a6df
4f9f288a|Scope_TrialNumber_0_55.00W_0.60Torr_0.00NitrogenFlow_2420.00MHz.csv,0.47734668796183005,0.0028701786601423047,0.00016782048177590934,0.0028701786601423047,17.102672032457,birge,0.00489262423873403,0.0028247579212767803,1.2494321877845034,0.00636415098720106,0.0004879516929782449,0.00636415098720106,13.0425840893328,birge,0.011177069703933017,0.006453084202316939,3,26.601709930718517,55,0.6,0.0,2420.0,0,4f9f288a,0.605,54.96666666666667,0.2357022603955192,0.5445212760085121,0.004,80.0,Scope_TrialNumber_0_55.00W_0.60Torr_0.00NitrogenFlow_2420.00MHz.csv,G:\My Drive\MiniChamberData\Data\NafisaData\LAS_0.6Torr_2Nitrogen_Freq_Sweep_4\LAS_DataFrame_4f9f288a_Laser_True_20260807_154812.csv,7f72a6df
4f9f288a|Scope_TrialNumber_0_55.00W_0.60Torr_0.00NitrogenFlow_2425.00MHz.csv,0.4686012479825056,0.15894030426378605,0.00022399682020883335,0.15894030426378605,709.5650023763964,birge,0.3593194906980454,0.20745320467959577,1.2292138252950178,0.39942887822889656,0.000631808900095738,0.3994288782288966,632.1988787564896,birge,0.8335014491376554,0.48122228602956857,3,49.533938265184815,55,0.6,0.0,2425.0,0,4f9f288a,0.605,54.96666666666667,0.0471404520791055,0.50549980320233,0.007,80.01,Scope_TrialNumber_0_55.00W_0.60Torr_0.00NitrogenFlow_2425.00MHz.csv,G:\My Drive\MiniChamberData\Data\NafisaData\LAS_0.6Torr_2Nitrogen_Freq_Sweep_4\LAS_DataFrame_4f9f288a_Laser_True_20260807_154812.csv,7f72a6df
4f9f288a|Scope_TrialNumber_0_55.00W_0.60Torr_0.00NitrogenFlow_2430.00MHz.csv,0.48028431914117786,0.01304432219343126,0.0001824047830457986,0.01304432219343126,71.51304903093501,birge,0.02193919736555974,0.012666601504810245,1.2262553757384203,0.03386792543815584,0.0005191938402442131,0.03386792543815584,65.23175510369188,birge,0.05707716654578033,0.03295351746978738,3,32.62715795031563,55,0.6,0.0,2430.0,0,4f9f288a,0.605,54.96666666666667,0.1885618083164103,0.48566170507848,0.005,80.01,Scope_TrialNumber_0_55.00W_0.60Torr_0.00NitrogenFlow_2430.00MHz.csv,G:\My Drive\MiniChamberData\Data\NafisaData\LAS_0.6Torr_2Nitrogen_Freq_Sweep_4\LAS_DataFrame_4f9f288a_Laser_True_20260807_154812.csv,7f72a6df
4f9f288a|Scope_TrialNumber_0_55.00W_0.60Torr_0.00NitrogenFlow_2435.00MHz.csv,0.46813634303158225,0.008323655118462656,0.0001962847279848801,0.008323655118462656,42.40602518553471,birge,0.014348633000386206,0.008284187125276125,1.2165603445314803,0.022498803110699336,0.0005673365761096622,0.022498803110699336,39.65688809450296,birge,0.038718511653062435,0.02235414312551726,3,39.608583372290276,55,0.6,0.0,2435.0,0,4f9f288a,0.605,54.93333333333334,0.0471404520790988,0.4868639351339938,0.011,80.01,Scope_TrialNumber_0_55.00W_0.60Torr_0.00NitrogenFlow_2435.00MHz.csv,G:\My Drive\MiniChamberData\Data\NafisaData\LAS_0.6Torr_2Nitrogen_Freq_Sweep_4\LAS_DataFrame_4f9f288a_Laser_True_20260807_154812.csv,7f72a6df
4f9f288a|Scope_TrialNumber_0_55.00W_0.60Torr_0.00NitrogenFlow_2440.00MHz.csv,0.43711705861594446,0.005976738752980032,0.00015987140996606046,0.005976738752980032,37.38466280023958,birge,0.010344221668734286,0.0059722391650009,1.1837877827337009,0.014118829930335444,0.00048089276050418807,0.014118829930335444,29.359622539404985,birge,0.024876458759956598,0.014362430161545568,3,28.408323257680035,55,0.6,0.0,2440.0,0,4f9f288a,0.605,55.06666666666666,0.0471404520791071,0.609805869550792,0.005,80.01,Scope_TrialNumber_0_55.00W_0.60Torr_0.00NitrogenFlow_2440.00MHz.csv,G:\My Drive\MiniChamberData\Data\NafisaData\LAS_0.6Torr_2Nitrogen_Freq_Sweep_4\LAS_DataFrame_4f9f288a_Laser_True_20260807_154812.csv,7f72a6df
4f9f288a|Scope_TrialNumber_0_55.00W_0.60Torr_0.00NitrogenFlow_2445.00MHz.csv,0.455913379330201,0.004314973642142654,0.00019641461190313743,0.004314973642142654,21.968699784263496,birge,0.007667247967347455,0.004426687677891664,1.1912399861101985,0.015043976471578284,0.0005709181233926683,0.015043976471578284,26.350497304551812,birge,0.026674033376449517,0.015400260350266192,3,39.89542878156352,55,0.6,0.0,2445.0,0,4f9f288a,0.605,54.900000000000006,5.801557143511545e-15,0.6413774681287618,-0.001,80.01,Scope_TrialNumber_0_55.00W_0.60Torr_0.00NitrogenFlow_2445.00MHz.csv,G:\My Drive\MiniChamberData\Data\NafisaData\LAS_0.6Torr_2Nitrogen_Freq_Sweep_4\LAS_DataFrame_4f9f288a_Laser_True_20260807_154812.csv,7f72a6df
4f9f288a|Scope_TrialNumber_0_55.00W_0.60Torr_0.00NitrogenFlow_2450.00MHz.csv,0.4715306388404607,0.007140861392079807,0.0001833433915147115,0.007140861392079807,38.948016250189326,birge,0.01198791333434149,0.006921224990603964,1.1989388472810742,0.021200510017601506,0.0005199842993031592,0.021200510017601506,40.77144261088789,birge,0.0355811875345189,0.020542808201141044,3,38.36963472188782,55,0.6,0.0,2450.0,0,4f9f288a,0.605,55.13333333333333,0.3091206165165204,0.6653758826534436,-0.001,79.99,Scope_TrialNumber_0_55.00W_0.60Torr_0.00NitrogenFlow_2450.00MHz.csv,G:\My Drive\MiniChamberData\Data\NafisaData\LAS_0.6Torr_2Nitrogen_Freq_Sweep_4\LAS_DataFrame_4f9f288a_Laser_True_20260807_154812.csv,7f72a6df
4f9f288a|Scope_TrialNumber_0_55.00W_0.60Torr_0.00NitrogenFlow_2455.00MHz.csv,0.4818160781890749,0.007843900491610583,0.00019079489818239813,0.007843900491610583,41.111688867654564,birge,0.01297009134394753,0.007488285728842142,1.2465233670753169,0.021139932263520823,0.000548948492487937,0.021139932263520823,38.50986486493606,birge,0.03539268326794331,0.020433975212090234,3,34.16851451715036,55,0.6,0.0,2455.0,0,4f9f288a,0.605,54.6,0.2160246899469317,0.6843648857411324,0.004,80.01,Scope_TrialNumber_0_55.00W_0.60Torr_0.00NitrogenFlow_2455.00MHz.csv,G:\My Drive\MiniChamberData\Data\NafisaData\LAS_0.6Torr_2Nitrogen_Freq_Sweep_4\LAS_DataFrame_4f9f288a_Laser_True_20260807_154812.csv,7f72a6df
4f9f288a|Scope_TrialNumber_0_55.00W_0.60Torr_0.00NitrogenFlow_2460.00MHz.csv,0.44872768211173214,0.014601637319246553,0.00015165795368834065,0.014601637319246552,96.28006289240282,birge,0.025156437536297555,0.0145240759834334,1.1746511264185409,0.03859306455322865,0.00044216470934519173,0.03859306455322865,87.28210039734218,birge,0.06677636476171156,0.03855335217067881,3,24.69144528415112,55,0.6,0.0,2460.0,0,4f9f288a,0.605,54.96666666666667,0.1699673171197609,0.6931570651050806,-0.003,80.0,Scope_TrialNumber_0_55.00W_0.60Torr_0.00NitrogenFlow_2460.00MHz.csv,G:\My Drive\MiniChamberData\Data\NafisaData\LAS_0.6Torr_2Nitrogen_Freq_Sweep_4\LAS_DataFrame_4f9f288a_Laser_True_20260807_154812.csv,7f72a6df
4f9f288a|Scope_TrialNumber_0_60.00W_0.60Torr_0.00NitrogenFlow_2410.00MHz.csv,0.46851284152111133,0.003210422172316302,0.0001702128024513858,0.003210422172316302,18.861226218475696,birge,0.005581187113693684,0.0032222998824887193,1.1865371547035932,0.008459583896404896,0.00048011263114230025,0.008459583896404896,17.619998616319606,birge,0.01467792347592961,0.008474303069972688,3,30.392961702394366,60,0.6,0.0,2410.0,0,4f9f288a,0.605,60.19999999999999,0.1632993161855417,0.6422553851979188,0.005,80.01,Scope_TrialNumber_0_60.00W_0.60Torr_0.00NitrogenFlow_2410.00MHz.csv,G:\My Drive\MiniChamberData\Data\NafisaData\LAS_0.6Torr_2Nitrogen_Freq_Sweep_4\LAS_DataFrame_4f9f288a_Laser_True_20260807_154812.csv,7f72a6df
4f9f288a|Scope_TrialNumber_0_60.00W_0.60Torr_0.00NitrogenFlow_2415.00MHz.csv,0.48339965319266603,0.008222965011100683,0.00017693640985180114,0.008222965011100683,46.474126031991354,birge,0.014522845508478396,0.00838476876371935,1.258893759475112,0.018473215959843546,0.0005125737368129971,0.018473215959843546,36.04011410085794,birge,0.03316607451091821,0.019148442046841813,3,32.16213457002822,60,0.6,0.0,2415.0,0,4f9f288a,0.605,60.03333333333334,0.1247219128924633,0.6117336879912195,0.001,80.01,Scope_TrialNumber_0_60.00W_0.60Torr_0.00NitrogenFlow_2415.00MHz.csv,G:\My Drive\MiniChamberData\Data\NafisaData\LAS_0.6Torr_2Nitrogen_Freq_Sweep_4\LAS_DataFrame_4f9f288a_Laser_True_20260807_154812.csv,7f72a6df
4f9f288a|Scope_TrialNumber_0_60.00W_0.60Torr_0.00NitrogenFlow_2420.00MHz.csv,0.38619707085249766,0.025499656227970683,0.00016702175761594223,0.025499656227970683,152.67266128647626,birge,0.051318807650104104,0.029628927411278233,1.0409237771307385,0.06213013954146389,0.0005025900069635097,0.06213013954146389,123.61992614384556,birge,0.12259360986616107,0.07077945365715606,3,46.28849794293269,60,0.6,0.0,2420.0,0,4f9f288a,0.605,60.0,0.0816496580927708,0.5721482402310526,-0.002,80.02,Scope_TrialNumber_0_60.00W_0.60Torr_0.00NitrogenFlow_2420.00MHz.csv,G:\My Drive\MiniChamberData\Data\NafisaData\LAS_0.6Torr_2Nitrogen_Freq_Sweep_4\LAS_DataFrame_4f9f288a_Laser_True_20260807_154812.csv,7f72a6df
4f9f288a|Scope_TrialNumber_0_60.00W_0.60Torr_0.00NitrogenFlow_2425.00MHz.csv,0.45850931178840765,0.011568741109880014,0.00017320905586518887,0.011568741109880014,66.79062507496221,birge,0.02096495111786581,0.012104120171447172,1.2264778629548083,0.024406398701532977,0.0005142068315514014,0.024406398701532977,47.46416656483735,birge,0.04475196319032709,0.025837557994699573,3,28.20825562371255,60,0.6,0.0,2425.0,0,4f9f288a,0.605,59.93333333333333,0.094280904158206,0.532601324098468,0.005,80.0,Scope_TrialNumber_0_60.00W_0.60Torr_0.00NitrogenFlow_2425.00MHz.csv,G:\My Drive\MiniChamberData\Data\NafisaData\LAS_0.6Torr_2Nitrogen_Freq_Sweep_4\LAS_DataFrame_4f9f288a_Laser_True_20260807_154812.csv,7f72a6df
4f9f288a|Scope_TrialNumber_0_60.00W_0.60Torr_0.00NitrogenFlow_2430.00MHz.csv,0.45602332148537345,0.01521655205669584,0.00018049581230303226,0.01521655205669584,84.30418336326248,birge,0.025490718441524524,0.014717073154051142,1.1770923066552654,0.03950927453013331,0.0005182152147230313,0.03950927453013331,76.24105469626109,birge,0.06621267055197376,0.03822790316694606,3,36.03476276541994,60,0.6,0.0,2430.0,0,4f9f288a,0.605,60.0,0.0816496580927737,0.5103688403034751,-0.002,80.01,Scope_TrialNumber_0_60.00W_0.60Torr_0.00NitrogenFlow_2430.00MHz.csv,G:\My Drive\MiniChamberData\Data\NafisaData\LAS_0.6Torr_2Nitrogen_Freq_Sweep_4\LAS_DataFrame_4f9f288a_Laser_True_20260807_154812.csv,7f72a6df
4f9f288a|Scope_TrialNumber_0_60.00W_0.60Torr_0.00NitrogenFlow_2435.00MHz.csv,0.4595133318968856,0.003622939624799058,0.00018669733933441416,0.003622939624799058,19.40541647628739,birge,0.006361886431471415,0.0036730368437638493,1.2019729335140785,0.012864959779883377,0.0005438408135789428,0.012864959779883377,23.655745318599422,birge,0.02260247162510054,0.013049543077102675,3,36.281329488816056,60,0.6,0.0,2435.0,0,4f9f288a,0.605,59.93333333333334,0.0471404520791038,0.5105784875217516,-0.008,80.0,Scope_TrialNumber_0_60.00W_0.60Torr_0.00NitrogenFlow_2435.00MHz.csv,G:\My Drive\MiniChamberData\Data\NafisaData\LAS_0.6Torr_2Nitrogen_Freq_Sweep_4\LAS_DataFrame_4f9f288a_Laser_True_20260807_154812.csv,7f72a6df
4f9f288a|Scope_TrialNumber_0_60.00W_0.60Torr_0.00NitrogenFlow_2440.00MHz.csv,0.46580948024859453,0.014809897365850009,0.00018607599652701096,0.014809897365850007,79.59058471950836,birge,0.025595198238384066,0.014777394592892876,1.2485090711110243,0.03470151750117732,0.0005547026050011552,0.03470151750117732,62.55877868304775,birge,0.0603078088650642,0.034818729682481314,3,37.78776264846074,60,0.6,0.0,2440.0,0,4f9f288a,0.605,59.96666666666667,0.0942809041582043,0.5226194855912615,0.004,80.01,Scope_TrialNumber_0_60.00W_0.60Torr_0.00NitrogenFlow_2440.00MHz.csv,G:\My Drive\MiniChamberData\Data\NafisaData\LAS_0.6Torr_2Nitrogen_Freq_Sweep_4\LAS_DataFrame_4f9f288a_Laser_True_20260807_154812.csv,7f72a6df
4f9f288a|Scope_TrialNumber_0_60.00W_0.60Torr_0.00NitrogenFlow_2445.00MHz.csv,0.452668216483614,0.003363946590675113,0.00017544539124827343,0.003363946590675113,19.17375296518778,birge,0.005765308792619721,0.0033286025833803123,1.2626073937418243,0.008762236699088233,0.000544222753159136,0.008762236699088233,16.100460056520404,birge,0.015279176681615665,0.008821436770126657,3,28.464827602279666,60,0.6,0.0,2445.0,0,4f9f288a,0.605,60.13333333333333,0.0942809041582076,0.6340776922110666,0.001,80.0,Scope_TrialNumber_0_60.00W_0.60Torr_0.00NitrogenFlow_2445.00MHz.csv,G:\My Drive\MiniChamberData\Data\NafisaData\LAS_0.6Torr_2Nitrogen_Freq_Sweep_4\LAS_DataFrame_4f9f288a_Laser_True_20260807_154812.csv,7f72a6df
4f9f288a|Scope_TrialNumber_0_60.00W_0.60Torr_0.00NitrogenFlow_2450.00MHz.csv,0.4460970124958192,0.011283330260333997,0.00024223630983402048,0.011283330260333997,46.57984704301885,birge,0.020620433914847518,0.011905213071544104,1.192151332543917,0.026433098250903123,0.0007201286388806995,0.026433098250903123,36.706078363982655,birge,0.048077894468461724,0.027757785313436797,3,59.51614084893431,60,0.6,0.0,2450.0,0,4f9f288a,0.605,60.1,0.1632993161855504,0.6608613353456222,0.0,79.98,Scope_TrialNumber_0_60.00W_0.60Torr_0.00NitrogenFlow_2450.00MHz.csv,G:\My Drive\MiniChamberData\Data\NafisaData\LAS_0.6Torr_2Nitrogen_Freq_Sweep_4\LAS_DataFrame_4f9f288a_Laser_True_20260807_154812.csv,7f72a6df
4f9f288a|Scope_TrialNumber_0_60.00W_0.60Torr_0.00NitrogenFlow_2455.00MHz.csv,0.4511837957445894,0.001939767648655477,0.00016959834592968024,0.001939767648655477,11.437420795717864,birge,0.003277028022353925,0.0018919930108479857,1.2046256592875049,0.003563000597003249,0.0005050287934039702,0.003563000597003249,7.055044471797515,birge,0.005978856886114714,0.003451894632644578,3,28.455158380838494,60,0.6,0.0,2455.0,0,4f9f288a,0.605,59.93333333333334,0.0471404520791055,0.6801776231201945,-0.005,80.0,Scope_TrialNumber_0_60.00W_0.60Torr_0.00NitrogenFlow_2455.00MHz.csv,G:\My Drive\MiniChamberData\Data\NafisaData\LAS_0.6Torr_2Nitrogen_Freq_Sweep_4\LAS_DataFrame_4f9f288a_Laser_True_20260807_154812.csv,7f72a6df
4f9f288a|Scope_TrialNumber_0_60.00W_0.60Torr_0.00NitrogenFlow_2460.00MHz.csv,0.432255091624972,0.014344309433505403,0.00015666604923772254,0.014344309433505403,91.55978275637486,birge,0.026132752213715752,0.01508775152525458,1.1665984815221437,0.036274999755177235,0.0004702343134242057,0.036274999755177235,77.14239203648458,birge,0.06585278680183242,0.038020124186924985,3,27.01539742472041,60,0.6,0.0,2460.0,0,4f9f288a,0.605,60.0,0.2160246899469262,0.6931957572574298,0.004,79.99,Scope_TrialNumber_0_60.00W_0.60Torr_0.00NitrogenFlow_2460.00MHz.csv,G:\My Drive\MiniChamberData\Data\NafisaData\LAS_0.6Torr_2Nitrogen_Freq_Sweep_4\LAS_DataFrame_4f9f288a_Laser_True_20260807_154812.csv,7f72a6df
4f9f288a|Scope_TrialNumber_0_65.00W_0.60Torr_0.00NitrogenFlow_2410.00MHz.csv,0.4405343752245283,0.007711086881031891,0.00017745996163241883,0.0077110868810318905,43.45254450693632,birge,0.01388797652226237,0.008018226983627382,1.1824321428514746,0.021023681547341154,0.0005307048008422759,0.02102368154734115,39.61464360973312,birge,0.03792261137741985,0.021894629887126916,3,34.551066972610386,65,0.6,0.0,2410.0,0,4f9f288a,0.605,64.9,8.204640795236539e-15,0.6252922474930179,-0.004,79.99,Scope_TrialNumber_0_65.00W_0.60Torr_0.00NitrogenFlow_2410.00MHz.csv,G:\My Drive\MiniChamberData\Data\NafisaData\LAS_0.6Torr_2Nitrogen_Freq_Sweep_4\LAS_DataFrame_4f9f288a_Laser_True_20260807_154812.csv,7f72a6df
4f9f288a|Scope_TrialNumber_0_65.00W_0.60Torr_0.00NitrogenFlow_2415.00MHz.csv,0.47194200927502494,0.0035459071770199808,0.0002081909872905358,0.0035459071770199803,17.03199174550038,birge,0.00620293867610934,0.0035812683144184686,1.2947020148610662,0.0028079868423775836,0.0006362974119693809,0.0028079868423775836,4.413010000601269,birge,0.004930475970691098,0.002846611628911487,3,41.607527789399256,65,0.6,0.0,2415.0,0,4f9f288a,0.605,65.26666666666667,0.1699673171197563,0.5992341359353123,-0.009,80.0,Scope_TrialNumber_0_65.00W_0.60Torr_0.00NitrogenFlow_2415.00MHz.csv,G:\My Drive\MiniChamberData\Data\NafisaData\LAS_0.6Torr_2Nitrogen_Freq_Sweep_4\LAS_DataFrame_4f9f288a_Laser_True_20260807_154812.csv,7f72a6df
4f9f288a|Scope_TrialNumber_0_65.00W_0.60Torr_0.00NitrogenFlow_2420.00MHz.csv,0.4569537198759054,0.010905427377091131,0.0001836415528763098,0.010905427377091131,59.38431257132959,birge,0.01884224107157125,0.010878572954807486,1.2501755746692544,0.031892469400551154,0.0005585487325277845,0.031892469400551154,57.09881258922147,birge,0.054644775095568525,0.03154917561123305,3,37.363700716667495,65,0.6,0.0,2420.0,0,4f9f288a,0.605,65.23333333333333,0.1247219128924626,0.5567254485629155,0.003,80.0,Scope_TrialNumber_0_65.00W_0.60Torr_0.00NitrogenFlow_2420.00MHz.csv,G:\My Drive\MiniChamberData\Data\NafisaData\LAS_0.6Torr_2Nitrogen_Freq_Sweep_4\LAS_DataFrame_4f9f288a_Laser_True_20260807_154812.csv,7f72a6df
4f9f288a|Scope_TrialNumber_0_65.00W_0.60Torr_0.00NitrogenFlow_2425.00MHz.csv,0.45960528456652355,0.0062102719580331076,0.00017316535627515505,0.006210271958033108,35.8632470813917,birge,0.010662999961019996,0.006156285897863864,1.2263023920952139,0.013192078075653996,0.0005141295528877263,0.013192078075653996,25.65905422389682,birge,0.022639955748038818,0.013071184545571428,3,30.66891639775564,65,0.6,0.0,2425.0,0,4f9f288a,0.605,64.96666666666667,0.0471404520791004,0.5094096444786383,-0.004,80.01,Scope_TrialNumber_0_65.00W_0.60Torr_0.00NitrogenFlow_2425.00MHz.csv,G:\My Drive\MiniChamberData\Data\NafisaData\LAS_0.6Torr_2Nitrogen_Freq_Sweep_4\LAS_DataFrame_4f9f288a_Laser_True_20260807_154812.csv,7f72a6df
4f9f288a|Scope_TrialNumber_0_65.00W_0.60Torr_0.00NitrogenFlow_2430.00MHz.csv,0.44040661483903815,0.008825359739281266,0.00016545260339936846,0.008825359739281266,53.34071243338896,birge,0.015000699297317491,0.008660657777338885,1.2000362649213452,0.021377016854797502,0.0005013003932798629,0.021377016854797502,42.64312803533604,birge,0.03648625603248865,0.02106534974207893,3,31.037298914578276,65,0.6,0.0,2430.0,0,4f9f288a,0.605,65.03333333333333,0.1699673171197498,0.5354016242086724,0.007,80.0,Scope_TrialNumber_0_65.00W_0.60Torr_0.00NitrogenFlow_2430.00MHz.csv,G:\My Drive\MiniChamberData\Data\NafisaData\LAS_0.6Torr_2Nitrogen_Freq_Sweep_4\LAS_DataFrame_4f9f288a_Laser_True_20260807_154812.csv,7f72a6df
4f9f288a|Scope_TrialNumber_0_65.00W_0.60Torr_0.00NitrogenFlow_2435.00MHz.csv,0.4678018387493874,0.010461082115749485,0.00017464414395636362,0.010461082115749485,59.89941534119391,birge,0.017516427376766227,0.010113114061216512,1.2202998492277237,0.028102100729577716,0.0005071463063501546,0.028102100729577716,55.412216115352855,birge,0.04715176650618648,0.027223085085113147,3,30.93441164512151,65,0.6,0.0,2435.0,0,4f9f288a,0.605,64.96666666666665,0.0942809041582043,0.5321580991907802,-0.002,80.0,Scope_TrialNumber_0_65.00W_0.60Torr_0.00NitrogenFlow_2435.00MHz.csv,G:\My Drive\MiniChamberData\Data\NafisaData\LAS_0.6Torr_2Nitrogen_Freq_Sweep_4\LAS_DataFrame_4f9f288a_Laser_True_20260807_154812.csv,7f72a6df
4f9f288a|Scope_TrialNumber_0_65.00W_0.60Torr_0.00NitrogenFlow_2440.00MHz.csv,0.4434432350897722,0.014472749641571957,0.00015380841539057902,0.014472749641571957,94.09595440418556,birge,0.026021626504582254,0.015023593067172466,1.1771457709759203,0.03501942659289091,0.00045365187605823904,0.03501942659289091,77.19449304866355,birge,0.06271397150958492,0.03620792833300938,3,26.403515482560636,65,0.6,0.0,2440.0,0,4f9f288a,0.605,65.19999999999999,0.2160246899469339,0.5416205010737536,-0.001,80.0,Scope_TrialNumber_0_65.00W_0.60Torr_0.00NitrogenFlow_2440.00MHz.csv,G:\My Drive\MiniChamberData\Data\NafisaData\LAS_0.6Torr_2Nitrogen_Freq_Sweep_4\LAS_DataFrame_4f9f288a_Laser_True_20260807_154812.csv,7f72a6df
4f9f288a|Scope_TrialNumber_0_65.00W_0.60Torr_0.00NitrogenFlow_2445.00MHz.csv,0.4467675831079442,0.010895691633088135,0.00016803679656468158,0.010895691633088135,64.84110537595323,birge,0.018693414713998477,0.010792648017200332,1.2059053093735685,0.030479696029580925,0.0005042435981432628,0.030479696029580925,60.44637183657651,birge,0.051914543796001265,0.029972875835477947,3,29.541882560683383,65,0.6,0.0,2445.0,0,4f9f288a,0.605,64.96666666666665,0.205480466765627,0.5586032409271904,-0.005,80.0,Scope_TrialNumber_0_65.00W_0.60Torr_0.00NitrogenFlow_2445.00MHz.csv,G:\My Drive\MiniChamberData\Data\NafisaData\LAS_0.6Torr_2Nitrogen_Freq_Sweep_4\LAS_DataFrame_4f9f288a_Laser_True_20260807_154812.csv,7f72a6df
4f9f288a|Scope_TrialNumber_0_65.00W_0.60Torr_0.00NitrogenFlow_2450.00MHz.csv,0.4157007561965963,0.0011029625564591239,0.00018235889566429342,0.0011029625564591239,6.04830684262083,birge,0.0019305967170887056,0.001114630534307772,1.1823153154885857,0.0035496805196349487,0.0005786955678589828,0.0035496805196349487,6.133934173312935,birge,0.00608396969877139,0.0035125815433271887,3,32.50306172378339,65,0.6,0.0,2450.0,0,4f9f288a,0.605,65.03333333333332,0.2494438257849329,0.6546223037355704,0.004,80.0,Scope_TrialNumber_0_65.00W_0.60Torr_0.00NitrogenFlow_2450.00MHz.csv,G:\My Drive\MiniChamberData\Data\NafisaData\LAS_0.6Torr_2Nitrogen_Freq_Sweep_4\LAS_DataFrame_4f9f288a_Laser_True_20260807_154812.csv,7f72a6df
4f9f288a|Scope_TrialNumber_0_65.00W_0.60Torr_0.00NitrogenFlow_2455.00MHz.csv,0.4248461409742496,0.005323813178775478,0.00014582026709076046,0.005323813178775478,36.50941864934225,birge,0.009628043511327072,0.005558753513034115,1.2114199572916404,0.017989859137550378,0.00046165121754713736,0.017989859137550378,38.9685079422833,birge,0.03238982255644042,0.01870027277196509,3,21.525151234443737,65,0.6,0.0,2455.0,0,4f9f288a,0.605,65.06666666666666,0.1247219128924626,0.6769265326661257,0.018,79.99,Scope_TrialNumber_0_65.00W_0.60Torr_0.00NitrogenFlow_2455.00MHz.csv,G:\My Drive\MiniChamberData\Data\NafisaData\LAS_0.6Torr_2Nitrogen_Freq_Sweep_4\LAS_DataFrame_4f9f288a_Laser_True_20260807_154812.csv,7f72a6df
4f9f288a|Scope_TrialNumber_0_65.00W_0.60Torr_0.00NitrogenFlow_2460.00MHz.csv,0.41533453553169974,0.013948553259690258,0.0001776143326003707,0.013948553259690258,78.53281351496712,birge,0.02573486509032849,0.014858031287459857,1.2115938043284085,0.03917399285854394,0.000575291376818816,0.03917399285854394,68.0941770328004,birge,0.07097409129372872,0.040976910713923356,3,27.501657564951795,65,0.6,0.0,2460.0,0,4f9f288a,0.605,65.16666666666667,0.3299831645537211,0.6907496905279874,0.011,80.0,Scope_TrialNumber_0_65.00W_0.60Torr_0.00NitrogenFlow_2460.00MHz.csv,G:\My Drive\MiniChamberData\Data\NafisaData\LAS_0.6Torr_2Nitrogen_Freq_Sweep_4\LAS_DataFrame_4f9f288a_Laser_True_20260807_154812.csv,7f72a6df
4f9f288a|Scope_TrialNumber_0_70.00W_0.60Torr_0.00NitrogenFlow_2410.00MHz.csv,0.42865603775533223,0.004170997926133612,0.00015623687104078366,0.004170997926133612,26.696629920633942,birge,0.007098629418449593,0.0040983956056192695,1.209793817213392,0.01633435090567821,0.0004890780822155065,0.01633435090567821,33.39824764112138,birge,0.02814070132611127,0.0162470414858152,3,24.185727896811297,70,0.6,0.0,2410.0,0,4f9f288a,0.605,69.96666666666668,0.124721912892469,0.6497994994171218,-0.005,79.99,Scope_TrialNumber_0_70.00W_0.60Torr_0.00NitrogenFlow_2410.00MHz.csv,G:\My Drive\MiniChamberData\Data\NafisaData\LAS_0.6Torr_2Nitrogen_Freq_Sweep_4\LAS_DataFrame_4f9f288a_Laser_True_20260807_154812.csv,7f72a6df
4f9f288a|Scope_TrialNumber_0_70.00W_0.60Torr_0.00NitrogenFlow_2415.00MHz.csv,0.4248577587968355,0.010810365415614651,0.00017413729103048228,0.010810365415614651,62.0795543082287,birge,0.020964522841855716,0.012103872906177456,1.206949618852263,0.029489773312645948,0.0005493032717167706,0.029489773312645948,53.68577765881456,birge,0.05639096912881572,0.032557341206385634,3,32.78972838780085,70,0.6,0.0,2415.0,0,4f9f288a,0.605,70.1,0.0816496580927679,0.6258339969525247,-0.002,79.99,Scope_TrialNumber_0_70.00W_0.60Torr_0.00NitrogenFlow_2415.00MHz.csv,G:\My Drive\MiniChamberData\Data\NafisaData\LAS_0.6Torr_2Nitrogen_Freq_Sweep_4\LAS_DataFrame_4f9f288a_Laser_True_20260807_154812.csv,7f72a6df
4f9f288a|Scope_TrialNumber_0_70.00W_0.60Torr_0.00NitrogenFlow_2420.00MHz.csv,0.4454860264370996,0.01506971384357037,0.0001790742020856679,0.01506971384357037,84.15346078918235,birge,0.02514572025972572,0.014517888360919672,1.2572827479495312,0.03964231299908461,0.0005626405131954052,0.03964231299908462,70.45762270822618,birge,0.06583059213980863,0.038007310092830975,3,31.205696115577798,70,0.6,0.0,2420.0,0,4f9f288a,0.605,69.96666666666667,0.0942809041582009,0.5874400566501244,0.009,80.0,Scope_TrialNumber_0_70.00W_0.60Torr_0.00NitrogenFlow_2420.00MHz.csv,G:\My Drive\MiniChamberData\Data\NafisaData\LAS_0.6Torr_2Nitrogen_Freq_Sweep_4\LAS_DataFrame_4f9f288a_Laser_True_20260807_154812.csv,7f72a6df
4f9f288a|Scope_TrialNumber_0_70.00W_0.60Torr_0.00NitrogenFlow_2425.00MHz.csv,0.4351000237029016,0.007595196711229962,0.00018477106610305757,0.007595196711229962,41.10598521412265,birge,0.01498098923855524,0.008649278169606756,1.2402831840874138,0.02141734028015428,0.000586356477748888,0.021417340280154278,36.52614253086914,birge,0.04238713170967383,0.02447222190275631,3,40.10729838943644,70,0.6,0.0,2425.0,0,4f9f288a,0.605,69.89999999999999,0.1414213562373081,0.539513468651678,0.005,80.01,Scope_TrialNumber_0_70.00W_0.60Torr_0.00NitrogenFlow_2425.00MHz.csv,G:\My Drive\MiniChamberData\Data\NafisaData\LAS_0.6Torr_2Nitrogen_Freq_Sweep_4\LAS_DataFrame_4f9f288a_Laser_True_20260807_154812.csv,7f72a6df
4f9f288a|Scope_TrialNumber_0_70.00W_0.60Torr_0.00NitrogenFlow_2430.00MHz.csv,0.45904575702731576,0.01844613043985606,0.00020442557413764804,0.01844613043985606,90.233966653485,birge,0.035658307296463,0.02058733331645931,1.2267810329397302,0.044692753658149065,0.00060868821970021,0.044692753658149065,73.42470613306934,birge,0.0858817153128458,0.04958383145433833,3,52.63255798731487,70,0.6,0.0,2430.0,0,4f9f288a,0.605,70.03333333333333,0.0471404520791004,0.4993741288831632,-0.004,80.0,Scope_TrialNumber_0_70.00W_0.60Torr_0.00NitrogenFlow_2430.00MHz.csv,G:\My Drive\MiniChamberData\Data\NafisaData\LAS_0.6Torr_2Nitrogen_Freq_Sweep_4\LAS_DataFrame_4f9f288a_Laser_True_20260807_154812.csv,7f72a6df
4f9f288a|Scope_TrialNumber_0_70.00W_0.60Torr_0.00NitrogenFlow_2435.00MHz.csv,0.4495795858495098,0.00834451648113148,0.0001627907341191172,0.00834451648113148,51.25916119418463,birge,0.014913593174742988,0.00861036703402243,1.1940918453110219,0.01967990496847372,0.000481745827055062,0.01967990496847372,40.85122042214258,birge,0.03470822186812572,0.020038801238655642,3,28.319791388146943,70,0.6,0.0,2435.0,0,4f9f288a,0.605,70.03333333333333,0.1247219128924639,0.5503782508653234,0.01,79.98,Scope_TrialNumber_0_70.00W_0.60Torr_0.00NitrogenFlow_2435.00MHz.csv,G:\My Drive\MiniChamberData\Data\NafisaData\LAS_0.6Torr_2Nitrogen_Freq_Sweep_4\LAS_DataFrame_4f9f288a_Laser_True_20260807_154812.csv,7f72a6df
4f9f288a|Scope_TrialNumber_0_70.00W_0.60Torr_0.00NitrogenFlow_2440.00MHz.csv,0.4807351163975702,0.0028914497741915316,0.00020356412829420544,0.0028914497741915316,14.204122300038058,birge,0.0049556671213878845,0.002861155746547473,1.2670500680058807,0.00999913069827685,0.0005957783682729207,0.00999913069827685,16.78330605937062,birge,0.017268930155312723,0.009970221473786647,3,39.50728610831634,70,0.6,0.0,2440.0,0,4f9f288a,0.605,69.93333333333334,0.0942809041582009,0.5628797162721285,0.009,80.0,Scope_TrialNumber_0_70.00W_0.60Torr_0.00NitrogenFlow_2440.00MHz.csv,G:\My Drive\MiniChamberData\Data\NafisaData\LAS_0.6Torr_2Nitrogen_Freq_Sweep_4\LAS_DataFrame_4f9f288a_Laser_True_20260807_154812.csv,7f72a6df
4f9f288a|Scope_TrialNumber_0_70.00W_0.60Torr_0.00NitrogenFlow_2445.00MHz.csv,0.45872089639412433,0.020410003473132435,0.00016703628737832355,0.020410003473132435,122.18903924094916,birge,0.033886250249201555,0.019564235703203543,1.2097117389417151,0.04810395536848829,0.0004908306636147221,0.04810395536848829,98.00519595541718,birge,0.08005214130903836,0.04621812533397926,3,30.599091864195948,70,0.6,0.0,2445.0,0,4f9f288a,0.605,70.06666666666666,0.0942809041582009,0.5791727202405471,-0.001,80.0,Scope_TrialNumber_0_70.00W_0.60Torr_0.00NitrogenFlow_2445.00MHz.csv,G:\My Drive\MiniChamberData\Data\NafisaData\LAS_0.6Torr_2Nitrogen_Freq_Sweep_4\LAS_DataFrame_4f9f288a_Laser_True_20260807_154812.csv,7f72a6df
4f9f288a|Scope_TrialNumber_0_70.00W_0.60Torr_0.00NitrogenFlow_2450.00MHz.csv,0.44924697756247606,0.009388739260585803,0.00016364646776013554,0.009388739260585803,57.3720862362109,birge,0.015518350197142044,0.008959523663698841,1.2008281581078284,0.02650546246830389,0.0004859466847582041,0.02650546246830389,54.543972208581685,birge,0.043826677807505765,0.025303344229850453,3,26.066214747613675,70,0.6,0.0,2450.0,0,4f9f288a,0.605,70.16666666666667,0.0471404520791071,0.5963873488536491,0.005,79.99,Scope_TrialNumber_0_70.00W_0.60Torr_0.00NitrogenFlow_2450.00MHz.csv,G:\My Drive\MiniChamberData\Data\NafisaData\LAS_0.6Torr_2Nitrogen_Freq_Sweep_4\LAS_DataFrame_4f9f288a_Laser_True_20260807_154812.csv,7f72a6df
4f9f288a|Scope_TrialNumber_0_70.00W_0.60Torr_0.00NitrogenFlow_2455.00MHz.csv,0.44101329263014755,0.004636005841741581,0.00017746615461067912,0.004636005841741581,26.1233239200564,birge,0.00817692188819121,0.004720948053289738,1.210103929420374,0.008049304814884627,0.0005423374924308881,0.008049304814884627,14.841874159954703,birge,0.014237599930150514,0.008220082152286597,3,32.329112059899494,70,0.6,0.0,2455.0,0,4f9f288a,0.605,70.0,0.0816496580927679,0.6108464607096674,-0.015,79.98,Scope_TrialNumber_0_70.00W_0.60Torr_0.00NitrogenFlow_2455.00MHz.csv,G:\My Drive\MiniChamberData\Data\NafisaData\LAS_0.6Torr_2Nitrogen_Freq_Sweep_4\LAS_DataFrame_4f9f288a_Laser_True_20260807_154812.csv,7f72a6df
4f9f288a|Scope_TrialNumber_0_70.00W_0.60Torr_0.00NitrogenFlow_2460.00MHz.csv,0.4413634441678145,0.012103326217433038,0.00016672799100904745,0.012103326217433036,72.5932469058315,birge,0.020471068756451702,0.011818977057136729,1.2225678707170022,0.0316583846151659,0.0005147424136962844,0.0316583846151659,61.50335346922749,birge,0.0534362571451028,0.030851437447211166,3,30.01017061173697,70,0.6,0.0,2460.0,0,4f9f288a,0.605,69.8,0.2160246899469251,0.6243872254367644,-0.003,80.0,Scope_TrialNumber_0_70.00W_0.60Torr_0.00NitrogenFlow_2460.00MHz.csv,G:\My Drive\MiniChamberData\Data\NafisaData\LAS_0.6Torr_2Nitrogen_Freq_Sweep_4\LAS_DataFrame_4f9f288a_Laser_True_20260807_154812.csv,7f72a6df
4f9f288a|Scope_TrialNumber_0_75.00W_0.60Torr_0.00NitrogenFlow_2410.00MHz.csv,0.43988997821607234,0.008419124072095625,0.00015387039651677798,0.008419124072095625,54.71568451555661,birge,0.014845305151003551,0.008570940925134038,1.2300782863136719,0.02094287396039496,0.000478183669002508,0.02094287396039496,43.79671519121896,birge,0.036872817847805536,0.021288531310210565,3,24.507587896662432,75,0.6,0.0,2410.0,0,4f9f288a,0.605,75.06666666666668,0.1247219128924677,0.667525108452289,0.007,80.0,Scope_TrialNumber_0_75.00W_0.60Torr_0.00NitrogenFlow_2410.00MHz.csv,G:\My Drive\MiniChamberData\Data\NafisaData\LAS_0.6Torr_2Nitrogen_Freq_Sweep_4\LAS_DataFrame_4f9f288a_Laser_True_20260807_154812.csv,7f72a6df
4f9f288a|Scope_TrialNumber_0_75.00W_0.60Torr_0.00NitrogenFlow_2415.00MHz.csv,0.4499324429779789,0.004053883977194757,0.00019238669888186686,0.004053883977194757,21.07153977252868,birge,0.007199538562011364,0.004156655526818352,1.273154448011783,0.012194454615955624,0.0006061376867153781,0.012194454615955622,20.118291410053388,birge,0.020803232278254865,0.012010751755864758,3,34.08634527109415,75,0.6,0.0,2415.0,0,4f9f288a,0.605,75.10000000000001,0.1414213562373115,0.642358053352885,0.003,80.01,Scope_TrialNumber_0_75.00W_0.60Torr_0.00NitrogenFlow_2415.00MHz.csv,G:\My Drive\MiniChamberData\Data\NafisaData\LAS_0.6Torr_2Nitrogen_Freq_Sweep_4\LAS_DataFrame_4f9f288a_Laser_True_20260807_154812.csv,7f72a6df
4f9f288a|Scope_TrialNumber_0_75.00W_0.60Torr_0.00NitrogenFlow_2420.00MHz.csv,0.44051488336909306,0.015064982408216448,0.00017655670234371462,0.015064982408216448,85.32659597871537,birge,0.02733070287808874,0.015779388663806213,1.253984316749102,0.04366731073490373,0.0005599987438056501,0.04366731073490373,77.9775155175324,birge,0.07952106527153434,0.045911508440766156,3,33.25824893483401,75,0.6,0.0,2420.0,0,4f9f288a,0.605,75.10000000000001,0.0816496580927737,0.6026603787366905,-0.011,80.0,Scope_TrialNumber_0_75.00W_0.60Torr_0.00NitrogenFlow_2420.00MHz.csv,G:\My Drive\MiniChamberData\Data\NafisaData\LAS_0.6Torr_2Nitrogen_Freq_Sweep_4\LAS_DataFrame_4f9f288a_Laser_True_20260807_154812.csv,7f72a6df
4f9f288a|Scope_TrialNumber_0_75.00W_0.60Torr_0.00NitrogenFlow_2425.00MHz.csv,0.4509164320105936,0.005231648641547844,0.00019374216094736007,0.005231648641547844,27.003150042128865,birge,0.009132737728834642,0.005272788586180932,1.2837325444267322,0.0156610132042145,0.0006144000909426978,0.0156610132042145,25.489926572415058,birge,0.02735476923187115,0.0157932833796409,3,38.34187360084465,75,0.6,0.0,2425.0,0,4f9f288a,0.605,75.0,0.0816496580927737,0.5588780799605649,0.005,80.01,Scope_TrialNumber_0_75.00W_0.60Torr_0.00NitrogenFlow_2425.00MHz.csv,G:\My Drive\MiniChamberData\Data\NafisaData\LAS_0.6Torr_2Nitrogen_Freq_Sweep_4\LAS_DataFrame_4f9f288a_Laser_True_20260807_154812.csv,7f72a6df
4f9f288a|Scope_TrialNumber_0_75.00W_0.60Torr_0.00NitrogenFlow_2430.00MHz.csv,0.4345591953086027,0.01138012214942218,0.00016429395620530423,0.01138012214942218,69.26683374281527,birge,0.01958844582044511,0.011309394467440385,1.2329450216178666,0.03040583120974828,0.0005178134604297663,0.03040583120974828,58.71966167992726,birge,0.051704458415087695,0.029851582984254693,3,25.23134449531376,75,0.6,0.0,2430.0,0,4f9f288a,0.605,75.10000000000001,0.0816496580927737,0.520908130357086,0.004,80.0,Scope_TrialNumber_0_75.00W_0.60Torr_0.00NitrogenFlow_2430.00MHz.csv,G:\My Drive\MiniChamberData\Data\NafisaData\LAS_0.6Torr_2Nitrogen_Freq_Sweep_4\LAS_DataFrame_4f9f288a_Laser_True_20260807_154812.csv,7f72a6df
4f9f288a|Scope_TrialNumber_0_75.00W_0.60Torr_0.00NitrogenFlow_2435.00MHz.csv,0.4585799992018668,0.014482459249446255,0.00017101959721131194,0.014482459249446253,84.68303916978425,birge,0.02463197932898462,0.014221279896262567,1.2594360062914718,0.03551009620688984,0.0005230218044749448,0.03551009620688984,67.89410289029534,birge,0.06014280539162362,0.03472346488267317,3,27.849453982805343,75,0.6,0.0,2435.0,0,4f9f288a,0.605,74.93333333333334,0.2054804667656377,0.5640634051922728,-0.004,80.01,Scope_TrialNumber_0_75.00W_0.60Torr_0.00NitrogenFlow_2435.00MHz.csv,G:\My Drive\MiniChamberData\Data\NafisaData\LAS_0.6Torr_2Nitrogen_Freq_Sweep_4\LAS_DataFrame_4f9f288a_Laser_True_20260807_154812.csv,7f72a6df
4f9f288a|Scope_TrialNumber_0_75.00W_0.60Torr_0.00NitrogenFlow_2440.00MHz.csv,0.4625305436244225,0.01274199697352297,0.00015857681942053068,0.01274199697352297,80.35220418775334,birge,0.022319788642909715,0.012886335981239477,1.2257787500583177,0.033969534749757585,0.00046597740555127693,0.033969534749757585,72.8995319195139,birge,0.05924259217295685,0.034203726538547856,3,26.521927813380938,75,0.6,0.0,2440.0,0,4f9f288a,0.605,74.93333333333334,0.249443825784933,0.5744179592934322,0.001,80.01,Scope_TrialNumber_0_75.00W_0.60Torr_0.00NitrogenFlow_2440.00MHz.csv,G:\My Drive\MiniChamberData\Data\NafisaData\LAS_0.6Torr_2Nitrogen_Freq_Sweep_4\LAS_DataFrame_4f9f288a_Laser_True_20260807_154812.csv,7f72a6df
4f9f288a|Scope_TrialNumber_0_75.00W_0.60Torr_0.00NitrogenFlow_2445.00MHz.csv,0.46945287553427023,0.0010631984798428421,0.0001669316544852446,0.0010631984798428421,6.369064531956821,birge,0.0018903817675769673,0.0010914124223817226,1.2307157868984244,0.0016189981090777817,0.00048753358690222887,0.0016189981090777817,3.320792972161853,birge,0.0028633576956807838,0.0016531603363874872,3,30.16232614146253,75,0.6,0.0,2445.0,0,4f9f288a,0.605,75.0,0.0,0.590886198302757,-0.002,80.0,Scope_TrialNumber_0_75.00W_0.60Torr_0.00NitrogenFlow_2445.00MHz.csv,G:\My Drive\MiniChamberData\Data\NafisaData\LAS_0.6Torr_2Nitrogen_Freq_Sweep_4\LAS_DataFrame_4f9f288a_Laser_True_20260807_154812.csv,7f72a6df
4f9f288a|Scope_TrialNumber_0_75.00W_0.60Torr_0.00NitrogenFlow_2450.00MHz.csv,0.47629576846394034,0.015350444757100628,0.00017557156765016552,0.015350444757100628,87.43126784450145,birge,0.026220629758056377,0.015138487649135363,1.2556337896707854,0.0390245488952051,0.0005150854258985681,0.0390245488952051,75.76325582717983,birge,0.06670187907493806,0.03851034783936936,3,33.3914061309861,75,0.6,0.0,2450.0,0,4f9f288a,0.605,74.93333333333332,0.1699673171197563,0.6070747248759285,0.009,80.01,Scope_TrialNumber_0_75.00W_0.60Torr_0.00NitrogenFlow_2450.00MHz.csv,G:\My Drive\MiniChamberData\Data\NafisaData\LAS_0.6Torr_2Nitrogen_Freq_Sweep_4\LAS_DataFrame_4f9f288a_Laser_True_20260807_154812.csv,7f72a6df
4f9f288a|Scope_TrialNumber_0_75.00W_0.60Torr_0.00NitrogenFlow_2455.00MHz.csv,0.46544413863936923,0.010048768875579712,0.00019465016585714886,0.010048768875579712,51.62476400330616,birge,0.017400436348832083,0.010046146610015152,1.2467696236731016,0.028801448990116482,0.0005803672558548726,0.028801448990116482,49.6262473452131,birge,0.04984863032894246,0.028780120139149074,3,39.73302214877999,75,0.6,0.0,2455.0,0,4f9f288a,0.605,74.89999999999999,0.0816496580927737,0.6234871081486327,-0.002,79.99,Scope_TrialNumber_0_75.00W_0.60Torr_0.00NitrogenFlow_2455.00MHz.csv,G:\My Drive\MiniChamberData\Data\NafisaData\LAS_0.6Torr_2Nitrogen_Freq_Sweep_4\LAS_DataFrame_4f9f288a_Laser_True_20260807_154812.csv,7f72a6df
4f9f288a|Scope_TrialNumber_0_75.00W_0.60Torr_0.00NitrogenFlow_2460.00MHz.csv,0.4331947565953646,0.011263131965292236,0.00018816789599524758,0.011263131965292236,59.856820451330876,birge,0.019066439722731903,0.011008014106407038,1.1790799922788322,0.03149015773379987,0.0005705435670552408,0.03149015773379987,55.19325701336135,birge,0.05343562723404286,0.030851073767891146,3,41.38330304319504,75,0.6,0.0,2460.0,0,4f9f288a,0.605,74.8,0.294392028877591,0.6386835935645738,0.001,80.0,Scope_TrialNumber_0_75.00W_0.60Torr_0.00NitrogenFlow_2460.00MHz.csv,G:\My Drive\MiniChamberData\Data\NafisaData\LAS_0.6Torr_2Nitrogen_Freq_Sweep_4\LAS_DataFrame_4f9f288a_Laser_True_20260807_154812.csv,7f72a6df
4f9f288a|Scope_TrialNumber_0_80.00W_0.60Torr_0.00NitrogenFlow_2410.00MHz.csv,0.44610899481067107,0.007310823729491457,0.0001840922234868917,0.007310823729491456,39.712833008462326,birge,0.012225287114393319,0.0070582728064154466,1.2505258101756744,0.01587369118676149,0.0005748157446980807,0.01587369118676149,27.6152686024616,birge,0.026429214322491824,0.015258914003560968,3,37.01770496365084,80,0.6,0.0,2410.0,0,4f9f288a,0.605,80.13333333333333,0.0942809041582043,0.6798470184081667,-0.0,79.99,Scope_TrialNumber_0_80.00W_0.60Torr_0.00NitrogenFlow_2410.00MHz.csv,G:\My Drive\MiniChamberData\Data\NafisaData\LAS_0.6Torr_2Nitrogen_Freq_Sweep_4\LAS_DataFrame_4f9f288a_Laser_True_20260807_154812.csv,7f72a6df
4f9f288a|Scope_TrialNumber_0_80.00W_0.60Torr_0.00NitrogenFlow_2415.00MHz.csv,0.4467183049383388,0.00115228692786251,0.0002057086041087275,0.00115228692786251,5.601549496945045,birge,0.0021041299478753756,0.0012148199918158014,1.2710957213168377,0.00341598000047461,0.0006516648107688808,0.00341598000047461,5.241927972824238,birge,0.005710637124166665,0.0032970378808818944,3,45.25732998473459,80,0.6,0.0,2415.0,0,4f9f288a,0.605,79.96666666666667,0.0942809041582009,0.6577173533896362,0.001,79.98,Scope_TrialNumber_0_80.00W_0.60Torr_0.00NitrogenFlow_2415.00MHz.csv,G:\My Drive\MiniChamberData\Data\NafisaData\LAS_0.6Torr_2Nitrogen_Freq_Sweep_4\LAS_DataFrame_4f9f288a_Laser_True_20260807_154812.csv,7f72a6df
4f9f288a|Scope_TrialNumber_0_80.00W_0.60Torr_0.00NitrogenFlow_2420.00MHz.csv,0.4336637532364375,0.02044870225808829,0.00017282820196574126,0.02044870225808829,118.31808712643853,birge,0.03507331301892602,0.020249586712848947,1.2531218301329206,0.054730081806694864,0.0005547069932405097,0.054730081806694864,98.66484914309528,birge,0.09416381911394266,0.05436550631335802,3,31.72829806073701,80,0.6,0.0,2420.0,0,4f9f288a,0.605,80.06666666666668,0.0471404520791038,0.6220372863542416,0.003,80.0,Scope_TrialNumber_0_80.00W_0.60Torr_0.00NitrogenFlow_2420.00MHz.csv,G:\My Drive\MiniChamberData\Data\NafisaData\LAS_0.6Torr_2Nitrogen_Freq_Sweep_4\LAS_DataFrame_4f9f288a_Laser_True_20260807_154812.csv,7f72a6df
4f9f288a|Scope_TrialNumber_0_80.00W_0.60Torr_0.00NitrogenFlow_2425.00MHz.csv,0.41816186379828196,0.007022571458037448,0.0001708694102339667,0.007022571458037448,41.09905598914187,birge,0.01192118298428882,0.006882698205037937,1.2114976375509767,0.019533327302499782,0.0005500036720646613,0.019533327302499785,35.51490343541442,birge,0.033221338385634645,0.019180348659785813,3,31.36195131968723,80,0.6,0.0,2425.0,0,4f9f288a,0.605,79.96666666666667,0.0471404520791004,0.579820807245325,-0.002,80.01,Scope_TrialNumber_0_80.00W_0.60Torr_0.00NitrogenFlow_2425.00MHz.csv,G:\My Drive\MiniChamberData\Data\NafisaData\LAS_0.6Torr_2Nitrogen_Freq_Sweep_4\LAS_DataFrame_4f9f288a_Laser_True_20260807_154812.csv,7f72a6df
4f9f288a|Scope_TrialNumber_0_80.00W_0.60Torr_0.00NitrogenFlow_2430.00MHz.csv,0.428532412761047,0.015286155741861773,0.0001840198783687691,0.015286155741861773,83.0679591648728,birge,0.026893740178537025,0.015527108131594206,1.2273658597403756,0.040440866422388595,0.0005858556659840971,0.0404408664223886,69.02871947898231,birge,0.07034715204388112,0.0406149471692583,3,35.435726921972886,80,0.6,0.0,2430.0,0,4f9f288a,0.605,80.0,0.0816496580927679,0.5421341953871245,-0.005,80.0,Scope_TrialNumber_0_80.00W_0.60Torr_0.00NitrogenFlow_2430.00MHz.csv,G:\My Drive\MiniChamberData\Data\NafisaData\LAS_0.6Torr_2Nitrogen_Freq_Sweep_4\LAS_DataFrame_4f9f288a_Laser_True_20260807_154812.csv,7f72a6df
4f9f288a|Scope_TrialNumber_0_80.00W_0.60Torr_0.00NitrogenFlow_2435.00MHz.csv,0.44969966147037815,0.009817726120288072,0.0001994257908503106,0.009817726120288072,49.229972103544405,birge,0.017414367358555397,0.010054189682228992,1.2569091346218937,0.025014711542674366,0.0006200437762302881,0.025014711542674366,40.34346041622672,birge,0.04468536986814719,0.025799110322212774,3,40.446743930877865,80,0.6,0.0,2435.0,0,4f9f288a,0.605,79.93333333333334,0.2357022603955158,0.5242827752718519,0.001,80.01,Scope_TrialNumber_0_80.00W_0.60Torr_0.00NitrogenFlow_2435.00MHz.csv,G:\My Drive\MiniChamberData\Data\NafisaData\LAS_0.6Torr_2Nitrogen_Freq_Sweep_4\LAS_DataFrame_4f9f288a_Laser_True_20260807_154812.csv,7f72a6df
4f9f288a|Scope_TrialNumber_0_80.00W_0.60Torr_0.00NitrogenFlow_2440.00MHz.csv,0.44555795204879756,0.010146729081309237,0.0001817980048659624,0.010146729081309237,55.8132037190964,birge,0.019801090611464907,0.011432164994777436,1.2226208835599564,0.027266167180983347,0.0005549012881257486,0.027266167180983347,49.136968618469744,birge,0.053277878826377925,0.03075999768226156,3,40.02775652319364,80,0.6,0.0,2440.0,0,4f9f288a,0.605,80.13333333333333,0.0942809041582043,0.5867234572334704,-0.001,79.98,Scope_TrialNumber_0_80.00W_0.60Torr_0.00NitrogenFlow_2440.00MHz.csv,G:\My Drive\MiniChamberData\Data\NafisaData\LAS_0.6Torr_2Nitrogen_Freq_Sweep_4\LAS_DataFrame_4f9f288a_Laser_True_20260807_154812.csv,7f72a6df
4f9f288a|Scope_TrialNumber_0_80.00W_0.60Torr_0.00NitrogenFlow_2445.00MHz.csv,0.4646095373893459,0.015108595977588051,0.00017437645872397145,0.015108595977588051,86.6435531960432,birge,0.027695459791230042,0.015989981165797123,1.2281513323493414,0.037776049120516464,0.0005120726877648028,0.037776049120516464,73.77087281379703,birge,0.0688819812176824,0.03976903039834368,3,31.880974444668183,80,0.6,0.0,2445.0,0,4f9f288a,0.605,79.76666666666667,0.4496912521077358,0.6035249195134421,0.006,80.0,Scope_TrialNumber_0_80.00W_0.60Torr_0.00NitrogenFlow_2445.00MHz.csv,G:\My Drive\MiniChamberData\Data\NafisaData\LAS_0.6Torr_2Nitrogen_Freq_Sweep_4\LAS_DataFrame_4f9f288a_Laser_True_20260807_154812.csv,7f72a6df
4f9f288a|Scope_TrialNumber_0_80.00W_0.60Torr_0.00NitrogenFlow_2450.00MHz.csv,0.4702773114620361,0.013161444726153314,0.0001936384151279135,0.013161444726153314,67.96918223824099,birge,0.02184616427531811,0.012612888825115697,1.2396572341411254,0.03245992338982611,0.0005680110053160235,0.03245992338982611,57.14664519883101,birge,0.05414272329328987,0.03125931586804033,3,36.50826573868296,80,0.6,0.0,2450.0,0,4f9f288a,0.605,79.89999999999999,0.1414213562373115,0.6193873959811357,0.007,80.0,Scope_TrialNumber_0_80.00W_0.60Torr_0.00NitrogenFlow_2450.00MHz.csv,G:\My Drive\MiniChamberData\Data\NafisaData\LAS_0.6Torr_2Nitrogen_Freq_Sweep_4\LAS_DataFrame_4f9f288a_Laser_True_20260807_154812.csv,7f72a6df
4f9f288a|Scope_TrialNumber_0_80.00W_0.60Torr_0.00NitrogenFlow_2455.00MHz.csv,0.44840070454859277,0.006649009312772181,0.00017847621352272747,0.006649009312772181,37.254316312159354,birge,0.011293470913837856,0.006520288472189496,1.1984052278442796,0.02030878911357884,0.0005299674564741841,0.02030878911357884,38.32082303447651,birge,0.03452310672828093,0.01993192496283518,3,33.847905936655096,80,0.6,0.0,2455.0,0,4f9f288a,0.605,80.13333333333334,0.1699673171197563,0.6337921490393713,0.001,80.0,Scope_TrialNumber_0_80.00W_0.60Torr_0.00NitrogenFlow_2455.00MHz.csv,G:\My Drive\MiniChamberData\Data\NafisaData\LAS_0.6Torr_2Nitrogen_Freq_Sweep_4\LAS_DataFrame_4f9f288a_Laser_True_20260807_154812.csv,7f72a6df
4f9f288a|Scope_TrialNumber_0_80.00W_0.60Torr_0.00NitrogenFlow_2460.00MHz.csv,0.456456265945281,0.007552601964697328,0.00019529222107323818,0.007552601964697329,38.67333743859139,birge,0.013272130863119508,0.007662668326541989,1.2326201676285051,0.023121186447431812,0.0005873349017634908,0.023121186447431812,39.36627361665338,birge,0.040599711364279534,0.023440254285187898,3,42.14374493739573,80,0.6,0.0,2460.0,0,4f9f288a,0.605,80.10000000000001,0.2160246899469295,0.6489240306886669,0.013,80.0,Scope_TrialNumber_0_80.00W_0.60Torr_0.00NitrogenFlow_2460.00MHz.csv,G:\My Drive\MiniChamberData\Data\NafisaData\LAS_0.6Torr_2Nitrogen_Freq_Sweep_4\LAS_DataFrame_4f9f288a_Laser_True_20260807_154812.csv,7f72a6df
