power,pressure,n2_flow,freq,trial,run_id,Measured Pressure,delivered_power,delivered_power_error,gamma,Nitrogen_Gas_Flow,Argon_Gas_Flow,basename,df_source,run_id_off,row_uid,period,period_label,fwhm,fwhm_err,area,area_err,A,A_err,sigma,sigma_err,offset,slope,Chi^2,sigma_noise,n_points,Fluctuations
30,0.6,0.0,2410.0,0,4f9f288a,0.605,30.066666666666663,0.0942809041582076,0.5254362089074616,-0.006,79.99,Scope_TrialNumber_0_30.00W_0.60Torr_0.00NitrogenFlow_2410.00MHz.csv,G:\My Drive\MiniChamberData\Data\NafisaData\LAS_0.6Torr_2Nitrogen_Freq_Sweep_4\LAS_DataFrame_4f9f288a_Laser_True_20260807_154812.csv,7f72a6df,4f9f288a|Scope_TrialNumber_0_30.00W_0.60Torr_0.00NitrogenFlow_2410.00MHz.csv,1,full 1,1.1369281994229468,0.0006157935716304861,0.5770964120978982,0.0002814362338106181,0.4768514697794907,0.00021917632122283988,0.48280895256605655,0.00026150345243149684,-0.005354959686259991,0.00013722064057740356,32.81868481143727,0.0007838173696652424,18084,0.14566334719857443
30,0.6,0.0,2410.0,0,4f9f288a,0.605,30.066666666666663,0.0942809041582076,0.5254362089074616,-0.006,79.99,Scope_TrialNumber_0_30.00W_0.60Torr_0.00NitrogenFlow_2410.00MHz.csv,G:\My Drive\MiniChamberData\Data\NafisaData\LAS_0.6Torr_2Nitrogen_Freq_Sweep_4\LAS_DataFrame_4f9f288a_Laser_True_20260807_154812.csv,7f72a6df,4f9f288a|Scope_TrialNumber_0_30.00W_0.60Torr_0.00NitrogenFlow_2410.00MHz.csv,3,full 3,1.1870609097924347,0.0008272495248128522,0.6050126036872324,0.00037836821924979347,0.47880558554177954,0.0002856632219909037,0.5040983544782223,0.00035130052785072995,-0.005578622782844213,0.00015931610483509514,56.517906193904516,0.0007737029167021054,18111,0.145463930029045
30,0.6,0.0,2410.0,0,4f9f288a,0.605,30.066666666666663,0.0942809041582076,0.5254362089074616,-0.006,79.99,Scope_TrialNumber_0_30.00W_0.60Torr_0.00NitrogenFlow_2410.00MHz.csv,G:\My Drive\MiniChamberData\Data\NafisaData\LAS_0.6Torr_2Nitrogen_Freq_Sweep_4\LAS_DataFrame_4f9f288a_Laser_True_20260807_154812.csv,7f72a6df,4f9f288a|Scope_TrialNumber_0_30.00W_0.60Torr_0.00NitrogenFlow_2410.00MHz.csv,5,full 5,1.296554092012074,0.0008114790366609986,0.6623835104359806,0.00037296408543844277,0.47993968499519035,0.000257144542580751,0.5505958277992463,0.0003446034181564534,-0.005088834752731306,0.00013847270405006342,46.95223929677943,0.0007668777072638667,18119,0.14573835799656135
30,0.6,0.0,2410.0,0,4f9f288a,0.605,30.066666666666663,0.0942809041582076,0.5254362089074616,-0.006,79.99,Scope_TrialNumber_0_30.00W_0.60Torr_0.00NitrogenFlow_2410.00MHz.csv,G:\My Drive\MiniChamberData\Data\NafisaData\LAS_0.6Torr_2Nitrogen_Freq_Sweep_4\LAS_DataFrame_4f9f288a_Laser_True_20260807_154812.csv,7f72a6df,4f9f288a|Scope_TrialNumber_0_30.00W_0.60Torr_0.00NitrogenFlow_2410.00MHz.csv,7,full 7,1.2040224941593098,0.0007562452825920189,0.6143458275070756,0.0003465381525976353,0.4793426826935748,0.0002571563139630675,0.511301276163328,0.0003211478024351876,-0.005147660393743508,0.0001402036318467374,43.99607754785455,0.0007906032068905035,18231,0.14572591162134643
30,0.6,0.0,2410.0,0,4f9f288a,0.605,30.066666666666663,0.0942809041582076,0.5254362089074616,-0.006,79.99,Scope_TrialNumber_0_30.00W_0.60Torr_0.00NitrogenFlow_2410.00MHz.csv,G:\My Drive\MiniChamberData\Data\NafisaData\LAS_0.6Torr_2Nitrogen_Freq_Sweep_4\LAS_DataFrame_4f9f288a_Laser_True_20260807_154812.csv,7f72a6df,4f9f288a|Scope_TrialNumber_0_30.00W_0.60Torr_0.00NitrogenFlow_2410.00MHz.csv,9,trailing partial,1.2748817368754572,0.0009594055874119807,0.6514161158598136,0.0004410639381343582,0.4800167462468111,0.0003091731230107647,0.54139242595869,0.0004074220403535639,-0.005345479715917465,0.00018254811362310207,63.51995038215047,0.0007867735996765295,17222,0.1457499884498429
30,0.6,0.0,2415.0,0,4f9f288a,0.605,30.100000000000005,0.0816496580927737,0.4878272708301934,0.001,80.0,Scope_TrialNumber_0_30.00W_0.60Torr_0.00NitrogenFlow_2415.00MHz.csv,G:\My Drive\MiniChamberData\Data\NafisaData\LAS_0.6Torr_2Nitrogen_Freq_Sweep_4\LAS_DataFrame_4f9f288a_Laser_True_20260807_154812.csv,7f72a6df,4f9f288a|Scope_TrialNumber_0_30.00W_0.60Torr_0.00NitrogenFlow_2415.00MHz.csv,1,full 1,1.0740206402569255,0.0012441159144265864,0.5596842397323868,0.0005827149065774249,0.4895513357913667,0.0004935892353763957,0.4560945718647514,0.0005283273841038817,-0.0064574190868461594,0.00019031121505151037,161.13243011632778,0.0007730611821296143,18157,0.14284326168612616
30,0.6,0.0,2415.0,0,4f9f288a,0.605,30.100000000000005,0.0816496580927737,0.4878272708301934,0.001,80.0,Scope_TrialNumber_0_30.00W_0.60Torr_0.00NitrogenFlow_2415.00MHz.csv,G:\My Drive\MiniChamberData\Data\NafisaData\LAS_0.6Torr_2Nitrogen_Freq_Sweep_4\LAS_DataFrame_4f9f288a_Laser_True_20260807_154812.csv,7f72a6df,4f9f288a|Scope_TrialNumber_0_30.00W_0.60Torr_0.00NitrogenFlow_2415.00MHz.csv,3,full 3,1.2344161632075232,0.0009577641744269969,0.6329845904550587,0.00044121194833374725,0.48172515788416853,0.0003197706747186833,0.5242082790200214,0.00040672499643785266,-0.005667197113680408,0.00018650369174525133,67.33300966149885,0.0007933513087037362,18085,0.1430295060591635
30,0.6,0.0,2415.0,0,4f9f288a,0.605,30.100000000000005,0.0816496580927737,0.4878272708301934,0.001,80.0,Scope_TrialNumber_0_30.00W_0.60Torr_0.00NitrogenFlow_2415.00MHz.csv,G:\My Drive\MiniChamberData\Data\NafisaData\LAS_0.6Torr_2Nitrogen_Freq_Sweep_4\LAS_DataFrame_4f9f288a_Laser_True_20260807_154812.csv,7f72a6df,4f9f288a|Scope_TrialNumber_0_30.00W_0.60Torr_0.00NitrogenFlow_2415.00MHz.csv,5,full 5,1.40957365041163,0.0020167164810670716,0.7288916718015818,0.0009533486926887818,0.4857837747067379,0.0006152468107311678,0.5985908152030802,0.0008564206361852021,-0.005169051767647373,0.00013265720905758141,245.4303934336325,0.0007718507517816968,19386,0.14285854400514464
30,0.6,0.0,2415.0,0,4f9f288a,0.605,30.100000000000005,0.0816496580927737,0.4878272708301934,0.001,80.0,Scope_TrialNumber_0_30.00W_0.60Torr_0.00NitrogenFlow_2415.00MHz.csv,G:\My Drive\MiniChamberData\Data\NafisaData\LAS_0.6Torr_2Nitrogen_Freq_Sweep_4\LAS_DataFrame_4f9f288a_Laser_True_20260807_154812.csv,7f72a6df,4f9f288a|Scope_TrialNumber_0_30.00W_0.60Torr_0.00NitrogenFlow_2415.00MHz.csv,7,full 7,1.1501431759032623,0.0007055867674262984,0.5854068990745687,0.0003218994203212239,0.4781605244640172,0.0002511071176708063,0.48842083637356926,0.00029963511178495377,-0.00544264827803397,0.00014996525007695923,42.45481138778971,0.0007844296431867564,19064,0.14298948963761943
30,0.6,0.0,2415.0,0,4f9f288a,0.605,30.100000000000005,0.0816496580927737,0.4878272708301934,0.001,80.0,Scope_TrialNumber_0_30.00W_0.60Torr_0.00NitrogenFlow_2415.00MHz.csv,G:\My Drive\MiniChamberData\Data\NafisaData\LAS_0.6Torr_2Nitrogen_Freq_Sweep_4\LAS_DataFrame_4f9f288a_Laser_True_20260807_154812.csv,7f72a6df,4f9f288a|Scope_TrialNumber_0_30.00W_0.60Torr_0.00NitrogenFlow_2415.00MHz.csv,9,trailing partial,1.225746151192839,0.0008683245744250945,0.6300718118454729,0.00040015718120849666,0.4829001076033955,0.00029303468069998386,0.5205264639136061,0.0003687434953925246,-0.004996894391797825,0.00013276497201633017,59.443028400136214,0.0007739338749728251,19077,0.1429478148262766
30,0.6,0.0,2420.0,0,4f9f288a,0.605,29.96666666666667,0.1247219128924664,0.4707913085976287,0.005,80.02,Scope_TrialNumber_0_30.00W_0.60Torr_0.00NitrogenFlow_2420.00MHz.csv,G:\My Drive\MiniChamberData\Data\NafisaData\LAS_0.6Torr_2Nitrogen_Freq_Sweep_4\LAS_DataFrame_4f9f288a_Laser_True_20260807_154812.csv,7f72a6df,4f9f288a|Scope_TrialNumber_0_30.00W_0.60Torr_0.00NitrogenFlow_2420.00MHz.csv,1,full 1,1.2227522488225484,0.0010812058210317244,0.6506400594242701,0.0005166037438719617,0.4998850154862575,0.0003797586947256714,0.5192550706380953,0.000459145837200275,-0.006067820064882571,0.00019719577896223524,96.0009562391648,0.000784390369718707,18193,0.14064605843307626
30,0.6,0.0,2420.0,0,4f9f288a,0.605,29.96666666666667,0.1247219128924664,0.4707913085976287,0.005,80.02,Scope_TrialNumber_0_30.00W_0.60Torr_0.00NitrogenFlow_2420.00MHz.csv,G:\My Drive\MiniChamberData\Data\NafisaData\LAS_0.6Torr_2Nitrogen_Freq_Sweep_4\LAS_DataFrame_4f9f288a_Laser_True_20260807_154812.csv,7f72a6df,4f9f288a|Scope_TrialNumber_0_30.00W_0.60Torr_0.00NitrogenFlow_2420.00MHz.csv,3,full 3,1.1756859764875522,0.0005982509201891877,0.6229179018906146,0.00028593323360532865,0.49774541017638074,0.00021425452639106985,0.49926786506189275,0.00025405377427952246,-0.0057913622958447025,0.000194754669065122,33.57763650820427,0.00076092544903709,18105,0.14115219507461937
30,0.6,0.0,2420.0,0,4f9f288a,0.605,29.96666666666667,0.1247219128924664,0.4707913085976287,0.005,80.02,Scope_TrialNumber_0_30.00W_0.60Torr_0.00NitrogenFlow_2420.00MHz.csv,G:\My Drive\MiniChamberData\Data\NafisaData\LAS_0.6Torr_2Nitrogen_Freq_Sweep_4\LAS_DataFrame_4f9f288a_Laser_True_20260807_154812.csv,7f72a6df,4f9f288a|Scope_TrialNumber_0_30.00W_0.60Torr_0.00NitrogenFlow_2420.00MHz.csv,5,full 5,1.227669849797628,0.0007692073271980916,0.6584410088396596,0.0003704104524461259,0.5038520980461877,0.0002699827073778727,0.5213433834947216,0.00032665227596530923,-0.005383454584904893,0.00014766563937251097,51.58405281931209,0.0007674618253439733,18242,0.1409448307396
30,0.6,0.0,2420.0,0,4f9f288a,0.605,29.96666666666667,0.1247219128924664,0.4707913085976287,0.005,80.02,Scope_TrialNumber_0_30.00W_0.60Torr_0.00NitrogenFlow_2420.00MHz.csv,G:\My Drive\MiniChamberData\Data\NafisaData\LAS_0.6Torr_2Nitrogen_Freq_Sweep_4\LAS_DataFrame_4f9f288a_Laser_True_20260807_154812.csv,7f72a6df,4f9f288a|Scope_TrialNumber_0_30.00W_0.60Torr_0.00NitrogenFlow_2420.00MHz.csv,7,full 7,1.202867290023848,0.0008459385443306321,0.6404818034892337,0.00040431137004309927,0.5002151837669819,0.0003012489891111758,0.5108107061353127,0.00035923702370195933,-0.006111472939145049,0.00020506298637757353,64.51361222505521,0.0007622309007619917,18065,0.1405275615463909
30,0.6,0.0,2420.0,0,4f9f288a,0.605,29.96666666666667,0.1247219128924664,0.4707913085976287,0.005,80.02,Scope_TrialNumber_0_30.00W_0.60Torr_0.00NitrogenFlow_2420.00MHz.csv,G:\My Drive\MiniChamberData\Data\NafisaData\LAS_0.6Torr_2Nitrogen_Freq_Sweep_4\LAS_DataFrame_4f9f288a_Laser_True_20260807_154812.csv,7f72a6df,4f9f288a|Scope_TrialNumber_0_30.00W_0.60Torr_0.00NitrogenFlow_2420.00MHz.csv,9,trailing partial,1.1793226982749319,0.0008595956344918195,0.6252076777260708,0.0004097505440504101,0.49803450764091295,0.0003107702318236006,0.5008122386096947,0.0003650366559031571,-0.006176330712440643,0.00023690389190294354,65.97022248185041,0.0007734670041054505,17135,0.1404531344759185
30,0.6,0.0,2425.0,0,4f9f288a,0.605,30.03333333333333,0.1247219128924633,0.4822241182761088,0.004,80.0,Scope_TrialNumber_0_30.00W_0.60Torr_0.00NitrogenFlow_2425.00MHz.csv,G:\My Drive\MiniChamberData\Data\NafisaData\LAS_0.6Torr_2Nitrogen_Freq_Sweep_4\LAS_DataFrame_4f9f288a_Laser_True_20260807_154812.csv,7f72a6df,4f9f288a|Scope_TrialNumber_0_30.00W_0.60Torr_0.00NitrogenFlow_2425.00MHz.csv,1,full 1,1.2605055067881816,0.0010061413548775452,0.6803309401780399,0.0004876316379169997,0.5070412176814343,0.0003467991565486393,0.5352874031491501,0.0004272688934344117,-0.0069515558353577325,0.00021104479020374152,82.61161067693207,0.000773192579006108,18274,0.1383236007080364
30,0.6,0.0,2425.0,0,4f9f288a,0.605,30.03333333333333,0.1247219128924633,0.4822241182761088,0.004,80.0,Scope_TrialNumber_0_30.00W_0.60Torr_0.00NitrogenFlow_2425.00MHz.csv,G:\My Drive\MiniChamberData\Data\NafisaData\LAS_0.6Torr_2Nitrogen_Freq_Sweep_4\LAS_DataFrame_4f9f288a_Laser_True_20260807_154812.csv,7f72a6df,4f9f288a|Scope_TrialNumber_0_30.00W_0.60Torr_0.00NitrogenFlow_2425.00MHz.csv,3,full 3,1.192471786764767,0.0007308790064473354,0.6436293505897147,0.00035441937280904933,0.5070555230909641,0.00026529106314469316,0.5063961423638613,0.0003103757367742848,-0.006837723306294448,0.00020160209729210634,50.27241395513274,0.000763530069723851,18096,0.13832886367058114
30,0.6,0.0,2425.0,0,4f9f288a,0.605,30.03333333333333,0.1247219128924633,0.4822241182761088,0.004,80.0,Scope_TrialNumber_0_30.00W_0.60Torr_0.00NitrogenFlow_2425.00MHz.csv,G:\My Drive\MiniChamberData\Data\NafisaData\LAS_0.6Torr_2Nitrogen_Freq_Sweep_4\LAS_DataFrame_4f9f288a_Laser_True_20260807_154812.csv,7f72a6df,4f9f288a|Scope_TrialNumber_0_30.00W_0.60Torr_0.00NitrogenFlow_2425.00MHz.csv,5,full 5,1.1543921071606273,0.0006634495292450289,0.6206116992978902,0.0003205545772870133,0.5050500278900915,0.0002473704442557008,0.4902251913459719,0.0002817410742893133,-0.006838049691681146,0.00019932691685945625,43.69666710052476,0.0007623452434079975,18169,0.13838574208948107
30,0.6,0.0,2425.0,0,4f9f288a,0.605,30.03333333333333,0.1247219128924633,0.4822241182761088,0.004,80.0,Scope_TrialNumber_0_30.00W_0.60Torr_0.00NitrogenFlow_2425.00MHz.csv,G:\My Drive\MiniChamberData\Data\NafisaData\LAS_0.6Torr_2Nitrogen_Freq_Sweep_4\LAS_DataFrame_4f9f288a_Laser_True_20260807_154812.csv,7f72a6df,4f9f288a|Scope_TrialNumber_0_30.00W_0.60Torr_0.00NitrogenFlow_2425.00MHz.csv,8,full 8,1.2204481990927591,0.0008278776257593033,0.6606833679791099,0.00040249890301441156,0.5085595486623696,0.0002961214090903715,0.5182766308058665,0.0003515672577640312,-0.006912912189838116,0.0002230916468564337,62.9214845154961,0.0007573445863600668,18036,0.13838562447720618
30,0.6,0.0,2425.0,0,4f9f288a,0.605,30.03333333333333,0.1247219128924633,0.4822241182761088,0.004,80.0,Scope_TrialNumber_0_30.00W_0.60Torr_0.00NitrogenFlow_2425.00MHz.csv,G:\My Drive\MiniChamberData\Data\NafisaData\LAS_0.6Torr_2Nitrogen_Freq_Sweep_4\LAS_DataFrame_4f9f288a_Laser_True_20260807_154812.csv,7f72a6df,4f9f288a|Scope_TrialNumber_0_30.00W_0.60Torr_0.00NitrogenFlow_2425.00MHz.csv,11,trailing partial,1.1773718500641124,0.0009159835690342804,0.6375120206061974,0.00044618092952835084,0.5086774902457449,0.000338835245097974,0.49998378965244383,0.00038898240694322,-0.006643311014058759,0.00024092855549868281,80.02939942617752,0.0007680928463412938,17173,0.1383925553189607
30,0.6,0.0,2430.0,0,4f9f288a,0.605,30.066666666666663,0.0942809041582043,0.510545577813997,-0.003,80.01,Scope_TrialNumber_0_30.00W_0.60Torr_0.00NitrogenFlow_2430.00MHz.csv,G:\My Drive\MiniChamberData\Data\NafisaData\LAS_0.6Torr_2Nitrogen_Freq_Sweep_4\LAS_DataFrame_4f9f288a_Laser_True_20260807_154812.csv,7f72a6df,4f9f288a|Scope_TrialNumber_0_30.00W_0.60Torr_0.00NitrogenFlow_2430.00MHz.csv,1,full 1,1.2500957151555219,0.0007726775991330457,0.6583942353131743,0.0003653996155330621,0.4947781847705938,0.00026158398081955065,0.5308667716641132,0.0003281259647689514,-0.006949659329860998,0.00014491635334518306,46.66529765538658,0.0007821536189389163,19255,0.1340550303806367
30,0.6,0.0,2430.0,0,4f9f288a,0.605,30.066666666666663,0.0942809041582043,0.510545577813997,-0.003,80.01,Scope_TrialNumber_0_30.00W_0.60Torr_0.00NitrogenFlow_2430.00MHz.csv,G:\My Drive\MiniChamberData\Data\NafisaData\LAS_0.6Torr_2Nitrogen_Freq_Sweep_4\LAS_DataFrame_4f9f288a_Laser_True_20260807_154812.csv,7f72a6df,4f9f288a|Scope_TrialNumber_0_30.00W_0.60Torr_0.00NitrogenFlow_2430.00MHz.csv,3,full 3,1.1752984653236493,0.0007984848923911479,0.6170442442363128,0.0003754308150533024,0.4932146027120151,0.0002871042342923347,0.4991033042222139,0.00033908531315421744,-0.006572775777320431,0.0001436819589994193,55.75873642554108,0.0007803695019224028,19327,0.13401764697574572
30,0.6,0.0,2430.0,0,4f9f288a,0.605,30.066666666666663,0.0942809041582043,0.510545577813997,-0.003,80.01,Scope_TrialNumber_0_30.00W_0.60Torr_0.00NitrogenFlow_2430.00MHz.csv,G:\My Drive\MiniChamberData\Data\NafisaData\LAS_0.6Torr_2Nitrogen_Freq_Sweep_4\LAS_DataFrame_4f9f288a_Laser_True_20260807_154812.csv,7f72a6df,4f9f288a|Scope_TrialNumber_0_30.00W_0.60Torr_0.00NitrogenFlow_2430.00MHz.csv,5,full 5,1.1919299650643482,0.0007997013147752083,0.6264586512617598,0.00037641928724867956,0.4937526765907169,0.00028376046640586644,0.5061660518728439,0.00033960188017878785,-0.006543621532367116,0.00013381363588712577,54.67892290267818,0.0007792697771669486,19321,0.13404041022228919
30,0.6,0.0,2430.0,0,4f9f288a,0.605,30.066666666666663,0.0942809041582043,0.510545577813997,-0.003,80.01,Scope_TrialNumber_0_30.00W_0.60Torr_0.00NitrogenFlow_2430.00MHz.csv,G:\My Drive\MiniChamberData\Data\NafisaData\LAS_0.6Torr_2Nitrogen_Freq_Sweep_4\LAS_DataFrame_4f9f288a_Laser_True_20260807_154812.csv,7f72a6df,4f9f288a|Scope_TrialNumber_0_30.00W_0.60Torr_0.00NitrogenFlow_2430.00MHz.csv,7,full 7,1.175533251201039,0.0006329724593796443,0.6165395696438836,0.0002985719678025765,0.49271277943447106,0.00022366594174872927,0.4992030086042473,0.00026879865436652727,-0.006751820013633055,0.00014886900761847412,34.000130489002856,0.0007899911465876917,19200,0.1340423296405557
30,0.6,0.0,2430.0,0,4f9f288a,0.605,30.066666666666663,0.0942809041582043,0.510545577813997,-0.003,80.01,Scope_TrialNumber_0_30.00W_0.60Torr_0.00NitrogenFlow_2430.00MHz.csv,G:\My Drive\MiniChamberData\Data\NafisaData\LAS_0.6Torr_2Nitrogen_Freq_Sweep_4\LAS_DataFrame_4f9f288a_Laser_True_20260807_154812.csv,7f72a6df,4f9f288a|Scope_TrialNumber_0_30.00W_0.60Torr_0.00NitrogenFlow_2430.00MHz.csv,9,trailing partial,1.2900476228093996,0.0007557750996399376,0.6772991138563994,0.000357634641641057,0.4932221300491863,0.0002458524114981169,0.5478327847308793,0.0003209481341195244,-0.006669308142845362,0.0001743232512488898,40.41654719278525,0.000789659288908335,18294,0.13406328183011001
30,0.6,0.0,2435.0,0,4f9f288a,0.605,30.03333333333333,0.0471404520791038,0.5491351290144938,-0.004,80.0,Scope_TrialNumber_0_30.00W_0.60Torr_0.00NitrogenFlow_2435.00MHz.csv,G:\My Drive\MiniChamberData\Data\NafisaData\LAS_0.6Torr_2Nitrogen_Freq_Sweep_4\LAS_DataFrame_4f9f288a_Laser_True_20260807_154812.csv,7f72a6df,4f9f288a|Scope_TrialNumber_0_30.00W_0.60Torr_0.00NitrogenFlow_2435.00MHz.csv,2,full 2,1.1330569783906954,0.0008260682523846503,0.5722119967030578,0.00037333239820617114,0.4744309344314867,0.00029714035494736256,0.48116499635784427,0.00035079888763805446,-0.006158364226873751,0.00013880581017390332,57.186387903760554,0.0007954735975996815,19319,0.13085752996904
30,0.6,0.0,2435.0,0,4f9f288a,0.605,30.03333333333333,0.0471404520791038,0.5491351290144938,-0.004,80.0,Scope_TrialNumber_0_30.00W_0.60Torr_0.00NitrogenFlow_2435.00MHz.csv,G:\My Drive\MiniChamberData\Data\NafisaData\LAS_0.6Torr_2Nitrogen_Freq_Sweep_4\LAS_DataFrame_4f9f288a_Laser_True_20260807_154812.csv,7f72a6df,4f9f288a|Scope_TrialNumber_0_30.00W_0.60Torr_0.00NitrogenFlow_2435.00MHz.csv,5,full 5,1.242310337155927,0.0009061525158881993,0.6270609892053711,0.000409789442115754,0.47418463137513694,0.00029848439140069203,0.5275606260348439,0.0003848075430648416,-0.00599473246786602,0.00014562936181405342,57.246499148575495,0.0007974034150756719,19261,0.13080381544579078
30,0.6,0.0,2435.0,0,4f9f288a,0.605,30.03333333333333,0.0471404520791038,0.5491351290144938,-0.004,80.0,Scope_TrialNumber_0_30.00W_0.60Torr_0.00NitrogenFlow_2435.00MHz.csv,G:\My Drive\MiniChamberData\Data\NafisaData\LAS_0.6Torr_2Nitrogen_Freq_Sweep_4\LAS_DataFrame_4f9f288a_Laser_True_20260807_154812.csv,7f72a6df,4f9f288a|Scope_TrialNumber_0_30.00W_0.60Torr_0.00NitrogenFlow_2435.00MHz.csv,8,full 8,1.1817746711673478,0.0006516497927532279,0.5890103934305077,0.0002917662708700267,0.4682265872085275,0.00021839187262891424,0.5018534956253168,0.000276730187569243,-0.0055993856184027736,0.00011674203292970814,33.035715790215505,0.0007795233167965434,19210,0.13083517966820216
30,0.6,0.0,2435.0,0,4f9f288a,0.605,30.03333333333333,0.0471404520791038,0.5491351290144938,-0.004,80.0,Scope_TrialNumber_0_30.00W_0.60Torr_0.00NitrogenFlow_2435.00MHz.csv,G:\My Drive\MiniChamberData\Data\NafisaData\LAS_0.6Torr_2Nitrogen_Freq_Sweep_4\LAS_DataFrame_4f9f288a_Laser_True_20260807_154812.csv,7f72a6df,4f9f288a|Scope_TrialNumber_0_30.00W_0.60Torr_0.00NitrogenFlow_2435.00MHz.csv,11,full 11,1.2048622490316134,0.0006221194034179498,0.6016131615800299,0.00027957071277495834,0.46908086945116634,0.00020420080644703817,0.5116578872233007,0.00026418978585252077,-0.00606028244769421,0.00014686332140622304,28.615726632246947,0.0007866043063509898,19221,0.13087472722227786
30,0.6,0.0,2435.0,0,4f9f288a,0.605,30.03333333333333,0.0471404520791038,0.5491351290144938,-0.004,80.0,Scope_TrialNumber_0_30.00W_0.60Torr_0.00NitrogenFlow_2435.00MHz.csv,G:\My Drive\MiniChamberData\Data\NafisaData\LAS_0.6Torr_2Nitrogen_Freq_Sweep_4\LAS_DataFrame_4f9f288a_Laser_True_20260807_154812.csv,7f72a6df,4f9f288a|Scope_TrialNumber_0_30.00W_0.60Torr_0.00NitrogenFlow_2435.00MHz.csv,14,trailing partial,1.18664415019723,0.0007704351374101563,0.5954717161041345,0.00034741493935013423,0.47142045778972685,0.0002612593379794605,0.5039213729733789,0.0003271736789551706,-0.006045564652301292,0.00017584324486612663,44.21376175576328,0.0007999544028305562,18295,0.13080222472415648
30,0.6,0.0,2440.0,0,4f9f288a,0.605,30.0,0.0816496580927723,0.585308116875196,0.011,80.0,Scope_TrialNumber_0_30.00W_0.60Torr_0.00NitrogenFlow_2440.00MHz.csv,G:\My Drive\MiniChamberData\Data\NafisaData\LAS_0.6Torr_2Nitrogen_Freq_Sweep_4\LAS_DataFrame_4f9f288a_Laser_True_20260807_154812.csv,7f72a6df,4f9f288a|Scope_TrialNumber_0_30.00W_0.60Torr_0.00NitrogenFlow_2440.00MHz.csv,1,full 1,1.1677504211396803,0.0010808959056932148,0.562514658403135,0.00046578803698650925,0.4525344032016366,0.0003638190191402436,0.4958979449847229,0.000459014228273655,-0.006159932859703586,0.00016886816469308574,80.17190488151446,0.000813765287514946,19225,0.1284388306246455
30,0.6,0.0,2440.0,0,4f9f288a,0.605,30.0,0.0816496580927723,0.585308116875196,0.011,80.0,Scope_TrialNumber_0_30.00W_0.60Torr_0.00NitrogenFlow_2440.00MHz.csv,G:\My Drive\MiniChamberData\Data\NafisaData\LAS_0.6Torr_2Nitrogen_Freq_Sweep_4\LAS_DataFrame_4f9f288a_Laser_True_20260807_154812.csv,7f72a6df,4f9f288a|Scope_TrialNumber_0_30.00W_0.60Torr_0.00NitrogenFlow_2440.00MHz.csv,3,full 3,1.1653445019332547,0.0006999416304303765,0.5559258240051203,0.00029960478663177065,0.4481571264083965,0.00022902434716956678,0.4948762451688484,0.0002972378428268293,-0.005648480265954955,0.00015820649319791294,32.26072114238508,0.0008259395382234784,19295,0.12847304110157476
30,0.6,0.0,2440.0,0,4f9f288a,0.605,30.0,0.0816496580927723,0.585308116875196,0.011,80.0,Scope_TrialNumber_0_30.00W_0.60Torr_0.00NitrogenFlow_2440.00MHz.csv,G:\My Drive\MiniChamberData\Data\NafisaData\LAS_0.6Torr_2Nitrogen_Freq_Sweep_4\LAS_DataFrame_4f9f288a_Laser_True_20260807_154812.csv,7f72a6df,4f9f288a|Scope_TrialNumber_0_30.00W_0.60Torr_0.00NitrogenFlow_2440.00MHz.csv,5,full 5,1.200313334912374,0.0008273226548559904,0.5763228781216706,0.0003557286285676137,0.45106488491565255,0.0002664403254327554,0.5097261412587467,0.0003513315833206766,-0.0053955246410964,0.00013995165676429844,46.858215525835995,0.0007912450719253026,19308,0.12839807199149364
30,0.6,0.0,2440.0,0,4f9f288a,0.605,30.0,0.0816496580927723,0.585308116875196,0.011,80.0,Scope_TrialNumber_0_30.00W_0.60Torr_0.00NitrogenFlow_2440.00MHz.csv,G:\My Drive\MiniChamberData\Data\NafisaData\LAS_0.6Torr_2Nitrogen_Freq_Sweep_4\LAS_DataFrame_4f9f288a_Laser_True_20260807_154812.csv,7f72a6df,4f9f288a|Scope_TrialNumber_0_30.00W_0.60Torr_0.00NitrogenFlow_2440.00MHz.csv,7,full 7,1.2684612944558844,0.0009453809912788423,0.6125814056541046,0.00040912404169591584,0.4536849576924271,0.0002919978963457792,0.5386659151014714,0.0004014663427355092,-0.005670542309677704,0.0001552869123049291,54.625016010869516,0.0007987558473498575,19292,0.12852060008548077
30,0.6,0.0,2440.0,0,4f9f288a,0.605,30.0,0.0816496580927723,0.585308116875196,0.011,80.0,Scope_TrialNumber_0_30.00W_0.60Torr_0.00NitrogenFlow_2440.00MHz.csv,G:\My Drive\MiniChamberData\Data\NafisaData\LAS_0.6Torr_2Nitrogen_Freq_Sweep_4\LAS_DataFrame_4f9f288a_Laser_True_20260807_154812.csv,7f72a6df,4f9f288a|Scope_TrialNumber_0_30.00W_0.60Torr_0.00NitrogenFlow_2440.00MHz.csv,9,trailing partial,1.1522154131085536,0.0007187710377974366,0.5532785794277096,0.0003105558781829388,0.45110533768862837,0.00023954681665331782,0.4893008344904802,0.0003052339559085033,-0.005927196126728776,0.00020493764692209405,38.1581658268183,0.0007929346918040627,18360,0.12848831163172572
30,0.6,0.0,2445.0,0,4f9f288a,0.605,30.03333333333333,0.0471404520791038,0.6128668912289955,0.003,79.99,Scope_TrialNumber_0_30.00W_0.60Torr_0.00NitrogenFlow_2445.00MHz.csv,G:\My Drive\MiniChamberData\Data\NafisaData\LAS_0.6Torr_2Nitrogen_Freq_Sweep_4\LAS_DataFrame_4f9f288a_Laser_True_20260807_154812.csv,7f72a6df,4f9f288a|Scope_TrialNumber_0_30.00W_0.60Torr_0.00NitrogenFlow_2445.00MHz.csv,1,full 1,1.203953003681353,0.0007986181749682914,0.5691841630601177,0.00033877623172482135,0.4441309748712223,0.0002530945152567731,0.5112717662744074,0.00033914191305340073,-0.005082211011291516,0.0001397713436507431,40.81451399753468,0.0008055721871070364,19000,0.1278723816285509
30,0.6,0.0,2445.0,0,4f9f288a,0.605,30.03333333333333,0.0471404520791038,0.6128668912289955,0.003,79.99,Scope_TrialNumber_0_30.00W_0.60Torr_0.00NitrogenFlow_2445.00MHz.csv,G:\My Drive\MiniChamberData\Data\NafisaData\LAS_0.6Torr_2Nitrogen_Freq_Sweep_4\LAS_DataFrame_4f9f288a_Laser_True_20260807_154812.csv,7f72a6df,4f9f288a|Scope_TrialNumber_0_30.00W_0.60Torr_0.00NitrogenFlow_2445.00MHz.csv,3,full 3,1.2905621892669739,0.0006683386807005196,0.5997423578846048,0.00027873761731189717,0.4365696851323706,0.00018518718387958445,0.5480513009859367,0.00028381730574734244,-0.00511079756345043,0.0001453180906706285,23.173160814604543,0.0008045467471505777,19006,0.12784539123880298
30,0.6,0.0,2445.0,0,4f9f288a,0.605,30.03333333333333,0.0471404520791038,0.6128668912289955,0.003,79.99,Scope_TrialNumber_0_30.00W_0.60Torr_0.00NitrogenFlow_2445.00MHz.csv,G:\My Drive\MiniChamberData\Data\NafisaData\LAS_0.6Torr_2Nitrogen_Freq_Sweep_4\LAS_DataFrame_4f9f288a_Laser_True_20260807_154812.csv,7f72a6df,4f9f288a|Scope_TrialNumber_0_30.00W_0.60Torr_0.00NitrogenFlow_2445.00MHz.csv,5,full 5,1.5171011638151353,0.0017551778385311904,0.7253361256055955,0.0007590601927652201,0.44915119191385794,0.0004588425403034478,0.6442535458352598,0.0007453554008234723,-0.005428082060044314,0.0001445042730915015,130.10511111849797,0.0007970558785824422,19001,0.12782594632520974
30,0.6,0.0,2445.0,0,4f9f288a,0.605,30.03333333333333,0.0471404520791038,0.6128668912289955,0.003,79.99,Scope_TrialNumber_0_30.00W_0.60Torr_0.00NitrogenFlow_2445.00MHz.csv,G:\My Drive\MiniChamberData\Data\NafisaData\LAS_0.6Torr_2Nitrogen_Freq_Sweep_4\LAS_DataFrame_4f9f288a_Laser_True_20260807_154812.csv,7f72a6df,4f9f288a|Scope_TrialNumber_0_30.00W_0.60Torr_0.00NitrogenFlow_2445.00MHz.csv,7,full 7,1.2303480683973207,0.0009377158903776741,0.5815249585492782,0.00039723584847595016,0.44402575058868704,0.00029039291468094003,0.5224807182160496,0.00039821127408712446,-0.0059291537186480356,0.00019154249972340554,54.3626281903555,0.0007991524499908876,19047,0.12777598979966306
30,0.6,0.0,2445.0,0,4f9f288a,0.605,30.03333333333333,0.0471404520791038,0.6128668912289955,0.003,79.99,Scope_TrialNumber_0_30.00W_0.60Torr_0.00NitrogenFlow_2445.00MHz.csv,G:\My Drive\MiniChamberData\Data\NafisaData\LAS_0.6Torr_2Nitrogen_Freq_Sweep_4\LAS_DataFrame_4f9f288a_Laser_True_20260807_154812.csv,7f72a6df,4f9f288a|Scope_TrialNumber_0_30.00W_0.60Torr_0.00NitrogenFlow_2445.00MHz.csv,9,trailing partial,1.1865690542363094,0.0007939942905435818,0.5585285711766051,0.0003349849394627589,0.44220145393886034,0.0002529100159335207,0.5038894826550172,0.0003371783301314417,-0.005101204810786265,0.00015402917538939287,40.311819969413584,0.0008095355812452179,19000,0.12788588107222754
30,0.6,0.0,2450.0,0,4f9f288a,0.605,30.0,0.0,0.6315042321238875,-0.004,79.99,Scope_TrialNumber_0_30.00W_0.60Torr_0.00NitrogenFlow_2450.00MHz.csv,G:\My Drive\MiniChamberData\Data\NafisaData\LAS_0.6Torr_2Nitrogen_Freq_Sweep_4\LAS_DataFrame_4f9f288a_Laser_True_20260807_154812.csv,7f72a6df,4f9f288a|Scope_TrialNumber_0_30.00W_0.60Torr_0.00NitrogenFlow_2450.00MHz.csv,1,full 1,1.2093489204027403,0.001502403017810078,0.5564130310018073,0.0006201144625246959,0.43222856105356816,0.000466479953956892,0.5135632011264138,0.0006380118179223042,-0.00754436403611528,0.00029578179994706535,134.84949425226998,0.0008105791178408225,19252,0.12942377684777717
30,0.6,0.0,2450.0,0,4f9f288a,0.605,30.0,0.0,0.6315042321238875,-0.004,79.99,Scope_TrialNumber_0_30.00W_0.60Torr_0.00NitrogenFlow_2450.00MHz.csv,G:\My Drive\MiniChamberData\Data\NafisaData\LAS_0.6Torr_2Nitrogen_Freq_Sweep_4\LAS_DataFrame_4f9f288a_Laser_True_20260807_154812.csv,7f72a6df,4f9f288a|Scope_TrialNumber_0_30.00W_0.60Torr_0.00NitrogenFlow_2450.00MHz.csv,3,full 3,1.2880448631119847,0.001272716761933554,0.5933179750723614,0.0005258753336722078,0.43273727481734997,0.0003701841436883117,0.546982290995003,0.0005404730457510721,-0.007364981996403928,0.0002848355436880956,90.56309490818361,0.0007953830295290439,19399,0.12938367057141906
30,0.6,0.0,2450.0,0,4f9f288a,0.605,30.0,0.0,0.6315042321238875,-0.004,79.99,Scope_TrialNumber_0_30.00W_0.60Torr_0.00NitrogenFlow_2450.00MHz.csv,G:\My Drive\MiniChamberData\Data\NafisaData\LAS_0.6Torr_2Nitrogen_Freq_Sweep_4\LAS_DataFrame_4f9f288a_Laser_True_20260807_154812.csv,7f72a6df,4f9f288a|Scope_TrialNumber_0_30.00W_0.60Torr_0.00NitrogenFlow_2450.00MHz.csv,5,full 5,1.1887596133029614,0.001086998865358647,0.5438026181439783,0.0004462569042974671,0.42974916545110387,0.000333484491067337,0.5048197274400803,0.0004616059166187201,-0.0073066154273643555,0.000279842076313058,72.53028143832506,0.0008101262094834771,19381,0.12924744440832792
30,0.6,0.0,2450.0,0,4f9f288a,0.605,30.0,0.0,0.6315042321238875,-0.004,79.99,Scope_TrialNumber_0_30.00W_0.60Torr_0.00NitrogenFlow_2450.00MHz.csv,G:\My Drive\MiniChamberData\Data\NafisaData\LAS_0.6Torr_2Nitrogen_Freq_Sweep_4\LAS_DataFrame_4f9f288a_Laser_True_20260807_154812.csv,7f72a6df,4f9f288a|Scope_TrialNumber_0_30.00W_0.60Torr_0.00NitrogenFlow_2450.00MHz.csv,7,full 7,1.2199647345360984,0.0012650930240553477,0.559344448292702,0.0005193141267793795,0.4307247672693324,0.00038511915868877253,0.5180713223120472,0.000537235542361251,-0.00744487408725806,0.0002980176130014832,94.80985295643542,0.0008070655907528561,19359,0.1292943862209942
30,0.6,0.0,2450.0,0,4f9f288a,0.605,30.0,0.0,0.6315042321238875,-0.004,79.99,Scope_TrialNumber_0_30.00W_0.60Torr_0.00NitrogenFlow_2450.00MHz.csv,G:\My Drive\MiniChamberData\Data\NafisaData\LAS_0.6Torr_2Nitrogen_Freq_Sweep_4\LAS_DataFrame_4f9f288a_Laser_True_20260807_154812.csv,7f72a6df,4f9f288a|Scope_TrialNumber_0_30.00W_0.60Torr_0.00NitrogenFlow_2450.00MHz.csv,9,trailing partial,1.2464094518608118,0.0011016323649638536,0.5617714094829875,0.00044945625157042783,0.42341543815161936,0.0003108225639259051,0.5293013597752139,0.0004678201917333241,-0.0077064525892805835,0.0003534331735469918,68.16286364058348,0.0007926754390926203,18276,0.12922436018658598
30,0.6,0.0,2455.0,0,4f9f288a,0.605,30.1,0.0816496580927708,0.6386461844814207,-0.003,79.99,Scope_TrialNumber_0_30.00W_0.60Torr_0.00NitrogenFlow_2455.00MHz.csv,G:\My Drive\MiniChamberData\Data\NafisaData\LAS_0.6Torr_2Nitrogen_Freq_Sweep_4\LAS_DataFrame_4f9f288a_Laser_True_20260807_154812.csv,7f72a6df,4f9f288a|Scope_TrialNumber_0_30.00W_0.60Torr_0.00NitrogenFlow_2455.00MHz.csv,1,full 1,1.1597747869917754,0.0005776846590607565,0.546266942243154,0.0002448670945416773,0.4424855027203894,0.00018687414040896816,0.49251100500825423,0.0002453200873161261,-0.0035720107683913684,0.00010206854034699264,23.48992392956933,0.0007928972136552757,19171,0.13207680036439245
30,0.6,0.0,2455.0,0,4f9f288a,0.605,30.1,0.0816496580927708,0.6386461844814207,-0.003,79.99,Scope_TrialNumber_0_30.00W_0.60Torr_0.00NitrogenFlow_2455.00MHz.csv,G:\My Drive\MiniChamberData\Data\NafisaData\LAS_0.6Torr_2Nitrogen_Freq_Sweep_4\LAS_DataFrame_4f9f288a_Laser_True_20260807_154812.csv,7f72a6df,4f9f288a|Scope_TrialNumber_0_30.00W_0.60Torr_0.00NitrogenFlow_2455.00MHz.csv,3,full 3,1.2174100700624368,0.0006550877204404695,0.5748696042314541,0.0002779683811854408,0.4436088955454798,0.00020243469405742441,0.5169864561970962,0.000278190141035537,-0.003625172770217132,0.00010978497576390035,28.305465795009443,0.0007814132773563113,19265,0.13210044691416903
30,0.6,0.0,2455.0,0,4f9f288a,0.605,30.1,0.0816496580927708,0.6386461844814207,-0.003,79.99,Scope_TrialNumber_0_30.00W_0.60Torr_0.00NitrogenFlow_2455.00MHz.csv,G:\My Drive\MiniChamberData\Data\NafisaData\LAS_0.6Torr_2Nitrogen_Freq_Sweep_4\LAS_DataFrame_4f9f288a_Laser_True_20260807_154812.csv,7f72a6df,4f9f288a|Scope_TrialNumber_0_30.00W_0.60Torr_0.00NitrogenFlow_2455.00MHz.csv,5,full 5,1.1276196750072933,0.0010694426237816456,0.5344729620380535,0.00045551299175167437,0.4452776375973783,0.00036166870606876703,0.47885598620869263,0.0004541504672674849,-0.0033645856719104125,0.00010478137965224543,85.11388201785718,0.0007963806021062988,19276,0.13209645679585652
30,0.6,0.0,2455.0,0,4f9f288a,0.605,30.1,0.0816496580927708,0.6386461844814207,-0.003,79.99,Scope_TrialNumber_0_30.00W_0.60Torr_0.00NitrogenFlow_2455.00MHz.csv,G:\My Drive\MiniChamberData\Data\NafisaData\LAS_0.6Torr_2Nitrogen_Freq_Sweep_4\LAS_DataFrame_4f9f288a_Laser_True_20260807_154812.csv,7f72a6df,4f9f288a|Scope_TrialNumber_0_30.00W_0.60Torr_0.00NitrogenFlow_2455.00MHz.csv,7,full 7,1.1871993774267304,0.0005766837835288664,0.5620689392980588,0.00024578099436780085,0.44476818705909055,0.0001830309414638333,0.504157156268443,0.00024489505461182154,-0.0038627386208992527,0.00011375216274652056,23.298439920301924,0.0007820372173202032,19320,0.13213506890406146
30,0.6,0.0,2455.0,0,4f9f288a,0.605,30.1,0.0816496580927708,0.6386461844814207,-0.003,79.99,Scope_TrialNumber_0_30.00W_0.60Torr_0.00NitrogenFlow_2455.00MHz.csv,G:\My Drive\MiniChamberData\Data\NafisaData\LAS_0.6Torr_2Nitrogen_Freq_Sweep_4\LAS_DataFrame_4f9f288a_Laser_True_20260807_154812.csv,7f72a6df,4f9f288a|Scope_TrialNumber_0_30.00W_0.60Torr_0.00NitrogenFlow_2455.00MHz.csv,9,trailing partial,1.188645005682007,0.0008679823798321189,0.5634220266207126,0.0003695345861947796,0.445296663779199,0.00027840324395389033,0.5047710580646024,0.0003685981787286472,-0.003993365136657938,0.00016002076714299315,51.673349052211165,0.0007859965361931192,18355,0.132109227118508
30,0.6,0.0,2460.0,0,4f9f288a,0.605,30.03333333333333,0.0471404520791038,0.6405783149771315,-0.012,79.98,Scope_TrialNumber_0_30.00W_0.60Torr_0.00NitrogenFlow_2460.00MHz.csv,G:\My Drive\MiniChamberData\Data\NafisaData\LAS_0.6Torr_2Nitrogen_Freq_Sweep_4\LAS_DataFrame_4f9f288a_Laser_True_20260807_154812.csv,7f72a6df,4f9f288a|Scope_TrialNumber_0_30.00W_0.60Torr_0.00NitrogenFlow_2460.00MHz.csv,1,full 1,1.2611695729243428,0.000982802811092209,0.6124785325483307,0.00042753672310067814,0.45623140474677215,0.0003049534617038799,0.5355694060722875,0.0004173579264224805,-0.005243488980999266,0.0001954135656758707,62.81900091472512,0.0007835227292563675,19344,0.13554328830604787
30,0.6,0.0,2460.0,0,4f9f288a,0.605,30.03333333333333,0.0471404520791038,0.6405783149771315,-0.012,79.98,Scope_TrialNumber_0_30.00W_0.60Torr_0.00NitrogenFlow_2460.00MHz.csv,G:\My Drive\MiniChamberData\Data\NafisaData\LAS_0.6Torr_2Nitrogen_Freq_Sweep_4\LAS_DataFrame_4f9f288a_Laser_True_20260807_154812.csv,7f72a6df,4f9f288a|Scope_TrialNumber_0_30.00W_0.60Torr_0.00NitrogenFlow_2460.00MHz.csv,3,full 3,1.186518709149002,0.0008347466579712757,0.5743376177665245,0.0003620428408696471,0.4547371773652055,0.0002739463385824275,0.5038681030649234,0.0003544842671662856,-0.004949569577740345,0.0001858747571928151,51.35492855886453,0.0007795646176088588,19244,0.13562755931669504
30,0.6,0.0,2460.0,0,4f9f288a,0.605,30.03333333333333,0.0471404520791038,0.6405783149771315,-0.012,79.98,Scope_TrialNumber_0_30.00W_0.60Torr_0.00NitrogenFlow_2460.00MHz.csv,G:\My Drive\MiniChamberData\Data\NafisaData\LAS_0.6Torr_2Nitrogen_Freq_Sweep_4\LAS_DataFrame_4f9f288a_Laser_True_20260807_154812.csv,7f72a6df,4f9f288a|Scope_TrialNumber_0_30.00W_0.60Torr_0.00NitrogenFlow_2460.00MHz.csv,5,full 5,1.1579908858209844,0.0007785835080864929,0.558695012233187,0.00033678308503419356,0.45324961391496854,0.0002600773453599258,0.4917534519312982,0.0003306339733812908,-0.004724469788686126,0.0001628383214132752,46.6497444762036,0.0007787727155130541,19348,0.13563418251017992
30,0.6,0.0,2460.0,0,4f9f288a,0.605,30.03333333333333,0.0471404520791038,0.6405783149771315,-0.012,79.98,Scope_TrialNumber_0_30.00W_0.60Torr_0.00NitrogenFlow_2460.00MHz.csv,G:\My Drive\MiniChamberData\Data\NafisaData\LAS_0.6Torr_2Nitrogen_Freq_Sweep_4\LAS_DataFrame_4f9f288a_Laser_True_20260807_154812.csv,7f72a6df,4f9f288a|Scope_TrialNumber_0_30.00W_0.60Torr_0.00NitrogenFlow_2460.00MHz.csv,7,full 7,1.175540193896405,0.0007073248464642322,0.5678077105749403,0.0003070386892855275,0.4537656247032664,0.00023176403398053293,0.49920595689551084,0.0003003732059937242,-0.005262870557368408,0.00020023133788673597,38.372759238921645,0.0007692040862929757,19276,0.13568507027886256
30,0.6,0.0,2460.0,0,4f9f288a,0.605,30.03333333333333,0.0471404520791038,0.6405783149771315,-0.012,79.98,Scope_TrialNumber_0_30.00W_0.60Torr_0.00NitrogenFlow_2460.00MHz.csv,G:\My Drive\MiniChamberData\Data\NafisaData\LAS_0.6Torr_2Nitrogen_Freq_Sweep_4\LAS_DataFrame_4f9f288a_Laser_True_20260807_154812.csv,7f72a6df,4f9f288a|Scope_TrialNumber_0_30.00W_0.60Torr_0.00NitrogenFlow_2460.00MHz.csv,9,trailing partial,1.2386210930104251,0.0008906306031679323,0.5991449987169434,0.0003872369183167028,0.454423996424235,0.0002792693009572186,0.5259939482951641,0.00037821599363709626,-0.005194234804985895,0.00023628052000840646,52.974787021905506,0.0007820249342265285,18290,0.13565429358890235
35,0.6,0.0,2410.0,0,4f9f288a,0.605,34.833333333333336,0.2867441755680888,0.6052059055186559,0.005,80.0,Scope_TrialNumber_0_35.00W_0.60Torr_0.00NitrogenFlow_2410.00MHz.csv,G:\My Drive\MiniChamberData\Data\NafisaData\LAS_0.6Torr_2Nitrogen_Freq_Sweep_4\LAS_DataFrame_4f9f288a_Laser_True_20260807_154812.csv,7f72a6df,4f9f288a|Scope_TrialNumber_0_35.00W_0.60Torr_0.00NitrogenFlow_2410.00MHz.csv,1,full 1,1.163373857274669,0.0007744370512360546,0.4745953345786735,0.00028340972532081197,0.3832409906860019,0.00021734400024740584,0.49403938943426945,0.00032887313528277536,-0.005515319742755908,0.00014791679693849325,32.77755852572428,0.0007777157107885911,19319,0.14749976144441107
35,0.6,0.0,2410.0,0,4f9f288a,0.605,34.833333333333336,0.2867441755680888,0.6052059055186559,0.005,80.0,Scope_TrialNumber_0_35.00W_0.60Torr_0.00NitrogenFlow_2410.00MHz.csv,G:\My Drive\MiniChamberData\Data\NafisaData\LAS_0.6Torr_2Nitrogen_Freq_Sweep_4\LAS_DataFrame_4f9f288a_Laser_True_20260807_154812.csv,7f72a6df,4f9f288a|Scope_TrialNumber_0_35.00W_0.60Torr_0.00NitrogenFlow_2410.00MHz.csv,3,full 3,1.2194433871991917,0.0007735780984516813,0.4925846157868106,0.0002807775499943206,0.37947833892225274,0.0002045345095367228,0.5178499264826687,0.0003285083716201822,-0.005489449590998143,0.0001572893861356904,27.75835261280649,0.0007963361380351461,19152,0.14751740934366186
35,0.6,0.0,2410.0,0,4f9f288a,0.605,34.833333333333336,0.2867441755680888,0.6052059055186559,0.005,80.0,Scope_TrialNumber_0_35.00W_0.60Torr_0.00NitrogenFlow_2410.00MHz.csv,G:\My Drive\MiniChamberData\Data\NafisaData\LAS_0.6Torr_2Nitrogen_Freq_Sweep_4\LAS_DataFrame_4f9f288a_Laser_True_20260807_154812.csv,7f72a6df,4f9f288a|Scope_TrialNumber_0_35.00W_0.60Torr_0.00NitrogenFlow_2410.00MHz.csv,5,full 5,1.1919232815647285,0.0007898299287942057,0.4828478534053353,0.0002871319332638777,0.3805658304061266,0.00021458035288954633,0.5061632136518793,0.00033540988852242637,-0.005432819974343674,0.00014001840149292734,32.17728747018973,0.000775564848808785,19309,0.147573881839115
35,0.6,0.0,2410.0,0,4f9f288a,0.605,34.833333333333336,0.2867441755680888,0.6052059055186559,0.005,80.0,Scope_TrialNumber_0_35.00W_0.60Torr_0.00NitrogenFlow_2410.00MHz.csv,G:\My Drive\MiniChamberData\Data\NafisaData\LAS_0.6Torr_2Nitrogen_Freq_Sweep_4\LAS_DataFrame_4f9f288a_Laser_True_20260807_154812.csv,7f72a6df,4f9f288a|Scope_TrialNumber_0_35.00W_0.60Torr_0.00NitrogenFlow_2410.00MHz.csv,7,full 7,1.2005502780381276,0.0007362586081129635,0.4846402727297632,0.00026714812469829876,0.379233712481841,0.00019682250957955326,0.5098267617398122,0.00031266024326002663,-0.005734308859335244,0.000150712427100146,26.089806195936493,0.0007926506127469164,19352,0.1475416546737081
35,0.6,0.0,2410.0,0,4f9f288a,0.605,34.833333333333336,0.2867441755680888,0.6052059055186559,0.005,80.0,Scope_TrialNumber_0_35.00W_0.60Torr_0.00NitrogenFlow_2410.00MHz.csv,G:\My Drive\MiniChamberData\Data\NafisaData\LAS_0.6Torr_2Nitrogen_Freq_Sweep_4\LAS_DataFrame_4f9f288a_Laser_True_20260807_154812.csv,7f72a6df,4f9f288a|Scope_TrialNumber_0_35.00W_0.60Torr_0.00NitrogenFlow_2410.00MHz.csv,9,trailing partial,1.17057528795538,0.0007402850285517652,0.4726416735962655,0.00026889525563826534,0.37931537784201846,0.0002045957920127179,0.4970975554694648,0.0003143701065879264,-0.005909543829012688,0.00019183418599643542,27.586295525865197,0.0007941879204798283,18360,0.14755516538180075
35,0.6,0.0,2415.0,0,4f9f288a,0.605,35.03333333333334,0.1247219128924664,0.5646683593463796,0.003,80.01,Scope_TrialNumber_0_35.00W_0.60Torr_0.00NitrogenFlow_2415.00MHz.csv,G:\My Drive\MiniChamberData\Data\NafisaData\LAS_0.6Torr_2Nitrogen_Freq_Sweep_4\LAS_DataFrame_4f9f288a_Laser_True_20260807_154812.csv,7f72a6df,4f9f288a|Scope_TrialNumber_0_35.00W_0.60Torr_0.00NitrogenFlow_2415.00MHz.csv,2,full 2,1.2111377326218569,0.0009806992958216235,0.48828488164870804,0.000354121420007498,0.37874554486319817,0.00026343643933009555,0.5143228397335725,0.0004164646457342069,-0.005498161441817197,0.0001606945433173284,45.165896193201604,0.0007957119416949198,19269,0.14747894128474487
35,0.6,0.0,2415.0,0,4f9f288a,0.605,35.03333333333334,0.1247219128924664,0.5646683593463796,0.003,80.01,Scope_TrialNumber_0_35.00W_0.60Torr_0.00NitrogenFlow_2415.00MHz.csv,G:\My Drive\MiniChamberData\Data\NafisaData\LAS_0.6Torr_2Nitrogen_Freq_Sweep_4\LAS_DataFrame_4f9f288a_Laser_True_20260807_154812.csv,7f72a6df,4f9f288a|Scope_TrialNumber_0_35.00W_0.60Torr_0.00NitrogenFlow_2415.00MHz.csv,5,full 5,1.1968688321964271,0.0007709062869311701,0.4813657247317555,0.0002782124621484086,0.37782996293036547,0.00020762598616454075,0.5082633956348442,0.0003273737577348668,-0.00511320303228674,0.00014131908366701117,28.61774612280158,0.0007940601191838332,19285,0.14744203270988987
35,0.6,0.0,2415.0,0,4f9f288a,0.605,35.03333333333334,0.1247219128924664,0.5646683593463796,0.003,80.01,Scope_TrialNumber_0_35.00W_0.60Torr_0.00NitrogenFlow_2415.00MHz.csv,G:\My Drive\MiniChamberData\Data\NafisaData\LAS_0.6Torr_2Nitrogen_Freq_Sweep_4\LAS_DataFrame_4f9f288a_Laser_True_20260807_154812.csv,7f72a6df,4f9f288a|Scope_TrialNumber_0_35.00W_0.60Torr_0.00NitrogenFlow_2415.00MHz.csv,8,full 8,1.2655634485808016,0.0012252492246501345,0.5134781594170358,0.0004455937650248376,0.3811587046823972,0.00031879145466698084,0.5374353132636801,0.0005203154386406759,-0.005260836732251441,0.0001521969395140069,66.83167158425888,0.0007862589092279494,19318,0.14749940327709252
35,0.6,0.0,2415.0,0,4f9f288a,0.605,35.03333333333334,0.1247219128924664,0.5646683593463796,0.003,80.01,Scope_TrialNumber_0_35.00W_0.60Torr_0.00NitrogenFlow_2415.00MHz.csv,G:\My Drive\MiniChamberData\Data\NafisaData\LAS_0.6Torr_2Nitrogen_Freq_Sweep_4\LAS_DataFrame_4f9f288a_Laser_True_20260807_154812.csv,7f72a6df,4f9f288a|Scope_TrialNumber_0_35.00W_0.60Torr_0.00NitrogenFlow_2415.00MHz.csv,11,full 11,1.158645290945627,0.0007406393919021108,0.4656551900476837,0.0002672140069650202,0.37755631336812107,0.00020558181055377003,0.4920313522005878,0.0003145205908472622,-0.005501263786960398,0.0001644626684649961,28.671269786827768,0.0007872030465523012,19266,0.1473823894404332
35,0.6,0.0,2415.0,0,4f9f288a,0.605,35.03333333333334,0.1247219128924664,0.5646683593463796,0.003,80.01,Scope_TrialNumber_0_35.00W_0.60Torr_0.00NitrogenFlow_2415.00MHz.csv,G:\My Drive\MiniChamberData\Data\NafisaData\LAS_0.6Torr_2Nitrogen_Freq_Sweep_4\LAS_DataFrame_4f9f288a_Laser_True_20260807_154812.csv,7f72a6df,4f9f288a|Scope_TrialNumber_0_35.00W_0.60Torr_0.00NitrogenFlow_2415.00MHz.csv,14,trailing partial,1.154615944417481,0.0009013528609654811,0.46547549966218293,0.00032640354295909583,0.37872769626840525,0.00025316770596894584,0.4903202462769532,0.00038276931728497947,-0.005441110412538548,0.0002046361733546718,44.449972114747666,0.0007714859092992609,18333,0.14738792373951703
35,0.6,0.0,2420.0,0,4f9f288a,0.605,35.1,0.2160246899469317,0.5231741111240256,-0.001,79.99,Scope_TrialNumber_0_35.00W_0.60Torr_0.00NitrogenFlow_2420.00MHz.csv,G:\My Drive\MiniChamberData\Data\NafisaData\LAS_0.6Torr_2Nitrogen_Freq_Sweep_4\LAS_DataFrame_4f9f288a_Laser_True_20260807_154812.csv,7f72a6df,4f9f288a|Scope_TrialNumber_0_35.00W_0.60Torr_0.00NitrogenFlow_2420.00MHz.csv,2,full 2,1.1829248409447082,0.0008198083803148532,0.5241207294817903,0.000326639743260958,0.41623823828166934,0.00024447822298217077,0.5023419277582891,0.00034814056473010804,-0.00553519664806801,0.00022930195194292618,41.111959024621704,0.0007844580387844773,19331,0.146272589168043
35,0.6,0.0,2420.0,0,4f9f288a,0.605,35.1,0.2160246899469317,0.5231741111240256,-0.001,79.99,Scope_TrialNumber_0_35.00W_0.60Torr_0.00NitrogenFlow_2420.00MHz.csv,G:\My Drive\MiniChamberData\Data\NafisaData\LAS_0.6Torr_2Nitrogen_Freq_Sweep_4\LAS_DataFrame_4f9f288a_Laser_True_20260807_154812.csv,7f72a6df,4f9f288a|Scope_TrialNumber_0_35.00W_0.60Torr_0.00NitrogenFlow_2420.00MHz.csv,5,full 5,1.2200344448598934,0.001210764951089928,0.5481272381835005,0.00048687622099981905,0.4220628058410246,0.0003624618072580906,0.5181009255608993,0.0005141645339926665,-0.00536174932816025,0.00023029856733923422,88.30843961585637,0.0007766254479137464,19354,0.14621347311195637
35,0.6,0.0,2420.0,0,4f9f288a,0.605,35.1,0.2160246899469317,0.5231741111240256,-0.001,79.99,Scope_TrialNumber_0_35.00W_0.60Torr_0.00NitrogenFlow_2420.00MHz.csv,G:\My Drive\MiniChamberData\Data\NafisaData\LAS_0.6Torr_2Nitrogen_Freq_Sweep_4\LAS_DataFrame_4f9f288a_Laser_True_20260807_154812.csv,7f72a6df,4f9f288a|Scope_TrialNumber_0_35.00W_0.60Torr_0.00NitrogenFlow_2420.00MHz.csv,8,full 8,1.2442060589605073,0.0013107211703150025,0.5557114262714836,0.000524288950473415,0.4195896863538384,0.00038244273433479586,0.5283656649627996,0.0005566120320237785,-0.00529395794557387,0.0002261034737969369,100.54531333573613,0.0007658666646677002,19425,0.14624812843034216
35,0.6,0.0,2420.0,0,4f9f288a,0.605,35.1,0.2160246899469317,0.5231741111240256,-0.001,79.99,Scope_TrialNumber_0_35.00W_0.60Torr_0.00NitrogenFlow_2420.00MHz.csv,G:\My Drive\MiniChamberData\Data\NafisaData\LAS_0.6Torr_2Nitrogen_Freq_Sweep_4\LAS_DataFrame_4f9f288a_Laser_True_20260807_154812.csv,7f72a6df,4f9f288a|Scope_TrialNumber_0_35.00W_0.60Torr_0.00NitrogenFlow_2420.00MHz.csv,10,full 10,1.1363462766570427,0.0007526477250006787,0.4994949442548998,0.00029821149866886753,0.41294117892963217,0.00022875777721479928,0.4825618327204734,0.00031962006039012916,-0.005169896927744496,0.00021302198227419024,36.817639145355216,0.0007839733280771765,19324,0.14624637300515284
35,0.6,0.0,2420.0,0,4f9f288a,0.605,35.1,0.2160246899469317,0.5231741111240256,-0.001,79.99,Scope_TrialNumber_0_35.00W_0.60Torr_0.00NitrogenFlow_2420.00MHz.csv,G:\My Drive\MiniChamberData\Data\NafisaData\LAS_0.6Torr_2Nitrogen_Freq_Sweep_4\LAS_DataFrame_4f9f288a_Laser_True_20260807_154812.csv,7f72a6df,4f9f288a|Scope_TrialNumber_0_35.00W_0.60Torr_0.00NitrogenFlow_2420.00MHz.csv,12,trailing partial,1.2586016602082888,0.0015500740202955372,0.5584947933697455,0.0006201269167717823,0.41686805717733516,0.00044280877890801707,0.5344789139467967,0.0006582558287485465,-0.006112945270429,0.00031848295807919056,128.11902982337674,0.0007843743935547492,18448,0.14625974986127926
35,0.6,0.0,2425.0,0,4f9f288a,0.605,35.06666666666666,0.0471404520791038,0.4985695727961622,0.006,80.0,Scope_TrialNumber_0_35.00W_0.60Torr_0.00NitrogenFlow_2425.00MHz.csv,G:\My Drive\MiniChamberData\Data\NafisaData\LAS_0.6Torr_2Nitrogen_Freq_Sweep_4\LAS_DataFrame_4f9f288a_Laser_True_20260807_154812.csv,7f72a6df,4f9f288a|Scope_TrialNumber_0_35.00W_0.60Torr_0.00NitrogenFlow_2425.00MHz.csv,1,full 1,1.1856726056532856,0.000986960154329907,0.5945321103993843,0.00044338444041531545,0.4710622689856447,0.0003364445734441332,0.5035087959928175,0.0004191233875440089,-0.00630389164496984,0.00017662418534381723,75.9629495977718,0.000782760559687337,19332,0.14589014558056754
35,0.6,0.0,2425.0,0,4f9f288a,0.605,35.06666666666666,0.0471404520791038,0.4985695727961622,0.006,80.0,Scope_TrialNumber_0_35.00W_0.60Torr_0.00NitrogenFlow_2425.00MHz.csv,G:\My Drive\MiniChamberData\Data\NafisaData\LAS_0.6Torr_2Nitrogen_Freq_Sweep_4\LAS_DataFrame_4f9f288a_Laser_True_20260807_154812.csv,7f72a6df,4f9f288a|Scope_TrialNumber_0_35.00W_0.60Torr_0.00NitrogenFlow_2425.00MHz.csv,3,full 3,1.213274831327648,0.0006781673445473972,0.6022136658075001,0.0003026011936884665,0.4662933350252274,0.00022132797882413408,0.5152303819936703,0.0002879911549837703,-0.005974252934179884,0.0001577164406472033,34.5646574436644,0.0007735603318277528,19334,0.14583424464804975
35,0.6,0.0,2425.0,0,4f9f288a,0.605,35.06666666666666,0.0471404520791038,0.4985695727961622,0.006,80.0,Scope_TrialNumber_0_35.00W_0.60Torr_0.00NitrogenFlow_2425.00MHz.csv,G:\My Drive\MiniChamberData\Data\NafisaData\LAS_0.6Torr_2Nitrogen_Freq_Sweep_4\LAS_DataFrame_4f9f288a_Laser_True_20260807_154812.csv,7f72a6df,4f9f288a|Scope_TrialNumber_0_35.00W_0.60Torr_0.00NitrogenFlow_2425.00MHz.csv,5,full 5,1.2363884996731906,0.0006987929591198695,0.618189491093404,0.0003141057286696419,0.4697150235439889,0.00022456046070641798,0.5250458531989186,0.00029675004703413985,-0.005999903366088201,0.0001594379770071038,34.942426101485594,0.0007817503519574,19416,0.14583753739262675
35,0.6,0.0,2425.0,0,4f9f288a,0.605,35.06666666666666,0.0471404520791038,0.4985695727961622,0.006,80.0,Scope_TrialNumber_0_35.00W_0.60Torr_0.00NitrogenFlow_2425.00MHz.csv,G:\My Drive\MiniChamberData\Data\NafisaData\LAS_0.6Torr_2Nitrogen_Freq_Sweep_4\LAS_DataFrame_4f9f288a_Laser_True_20260807_154812.csv,7f72a6df,4f9f288a|Scope_TrialNumber_0_35.00W_0.60Torr_0.00NitrogenFlow_2425.00MHz.csv,7,full 7,1.0940937995997058,0.0008364765340367407,0.5512323517053984,0.000377582360851879,0.47331245328946464,0.0003100141138271528,0.4646188577799906,0.0003552188778933835,-0.006129440149875287,0.00017851360983602718,63.31004541792644,0.0007926443273556778,19360,0.14596777444934658
35,0.6,0.0,2425.0,0,4f9f288a,0.605,35.06666666666666,0.0471404520791038,0.4985695727961622,0.006,80.0,Scope_TrialNumber_0_35.00W_0.60Torr_0.00NitrogenFlow_2425.00MHz.csv,G:\My Drive\MiniChamberData\Data\NafisaData\LAS_0.6Torr_2Nitrogen_Freq_Sweep_4\LAS_DataFrame_4f9f288a_Laser_True_20260807_154812.csv,7f72a6df,4f9f288a|Scope_TrialNumber_0_35.00W_0.60Torr_0.00NitrogenFlow_2425.00MHz.csv,9,trailing partial,1.1881143059851118,0.0006813289338995044,0.5949891674107116,0.00030755388468671295,0.47045557946096683,0.0002283093831284768,0.5045456906536128,0.0002893337583639219,-0.00597774731352595,0.00020382914255116243,36.74095429208981,0.0007745536961456329,18416,0.1459834377372817
35,0.6,0.0,2430.0,0,4f9f288a,0.605,34.93333333333333,0.0942809041582076,0.527009780660749,0.009,79.98,Scope_TrialNumber_0_35.00W_0.60Torr_0.00NitrogenFlow_2430.00MHz.csv,G:\My Drive\MiniChamberData\Data\NafisaData\LAS_0.6Torr_2Nitrogen_Freq_Sweep_4\LAS_DataFrame_4f9f288a_Laser_True_20260807_154812.csv,7f72a6df,4f9f288a|Scope_TrialNumber_0_35.00W_0.60Torr_0.00NitrogenFlow_2430.00MHz.csv,2,full 2,1.1639747712689255,0.001067252141950703,0.6051275857526611,0.0004973805343086308,0.48839496049028025,0.0003846194849118999,0.4942945741119795,0.0004532202552814078,-0.006530449318683826,0.00018676084971344756,95.57882090369218,0.0007938216222258948,19311,0.14230824113515278
35,0.6,0.0,2430.0,0,4f9f288a,0.605,34.93333333333333,0.0942809041582076,0.527009780660749,0.009,79.98,Scope_TrialNumber_0_35.00W_0.60Torr_0.00NitrogenFlow_2430.00MHz.csv,G:\My Drive\MiniChamberData\Data\NafisaData\LAS_0.6Torr_2Nitrogen_Freq_Sweep_4\LAS_DataFrame_4f9f288a_Laser_True_20260807_154812.csv,7f72a6df,4f9f288a|Scope_TrialNumber_0_35.00W_0.60Torr_0.00NitrogenFlow_2430.00MHz.csv,5,full 5,1.137780205721825,0.0008150651272383475,0.5931391569500862,0.0003803703585141406,0.48974049002890463,0.00030120096439634593,0.4831707663278665,0.0003461262906090283,-0.006171324409617616,0.0001782656421541947,65.11256072639091,0.00075742555223679,19366,0.14245145590403432
35,0.6,0.0,2430.0,0,4f9f288a,0.605,34.93333333333333,0.0942809041582076,0.527009780660749,0.009,79.98,Scope_TrialNumber_0_35.00W_0.60Torr_0.00NitrogenFlow_2430.00MHz.csv,G:\My Drive\MiniChamberData\Data\NafisaData\LAS_0.6Torr_2Nitrogen_Freq_Sweep_4\LAS_DataFrame_4f9f288a_Laser_True_20260807_154812.csv,7f72a6df,4f9f288a|Scope_TrialNumber_0_35.00W_0.60Torr_0.00NitrogenFlow_2430.00MHz.csv,8,full 8,1.2508715038430083,0.0007751866087259135,0.6488472428340811,0.00036066321923914973,0.4873012825275164,0.00025788007749601274,0.5311962187864627,0.0003291914430411285,-0.005971907504741538,0.00014619877622045076,44.503630510343115,0.0007884734706003853,19438,0.14220719093452622
35,0.6,0.0,2430.0,0,4f9f288a,0.605,34.93333333333333,0.0942809041582076,0.527009780660749,0.009,79.98,Scope_TrialNumber_0_35.00W_0.60Torr_0.00NitrogenFlow_2430.00MHz.csv,G:\My Drive\MiniChamberData\Data\NafisaData\LAS_0.6Torr_2Nitrogen_Freq_Sweep_4\LAS_DataFrame_4f9f288a_Laser_True_20260807_154812.csv,7f72a6df,4f9f288a|Scope_TrialNumber_0_35.00W_0.60Torr_0.00NitrogenFlow_2430.00MHz.csv,11,full 11,1.1336151896032238,0.0006829038012876984,0.5874708397256134,0.00031746487679922605,0.486842459459631,0.0002502006962688863,0.48140204683382704,0.00029000254296659983,-0.006263659151934574,0.00018754818136089375,45.26128779508699,0.0007589115722700179,19321,0.14251629043945183
35,0.6,0.0,2430.0,0,4f9f288a,0.605,34.93333333333333,0.0942809041582076,0.527009780660749,0.009,79.98,Scope_TrialNumber_0_35.00W_0.60Torr_0.00NitrogenFlow_2430.00MHz.csv,G:\My Drive\MiniChamberData\Data\NafisaData\LAS_0.6Torr_2Nitrogen_Freq_Sweep_4\LAS_DataFrame_4f9f288a_Laser_True_20260807_154812.csv,7f72a6df,4f9f288a|Scope_TrialNumber_0_35.00W_0.60Torr_0.00NitrogenFlow_2430.00MHz.csv,14,trailing partial,1.2064102709761138,0.0007895670886349386,0.626891287024408,0.0003687630921583518,0.4881631555127835,0.00027282393100494143,0.5123152716156949,0.000335298270583798,-0.006088810978261289,0.00019733062049336942,49.06254764610333,0.0007917868739586713,18456,0.14223997632551783
35,0.6,0.0,2435.0,0,4f9f288a,0.605,34.96666666666667,0.0471404520791038,0.5602953463811375,0.001,80.0,Scope_TrialNumber_0_35.00W_0.60Torr_0.00NitrogenFlow_2435.00MHz.csv,G:\My Drive\MiniChamberData\Data\NafisaData\LAS_0.6Torr_2Nitrogen_Freq_Sweep_4\LAS_DataFrame_4f9f288a_Laser_True_20260807_154812.csv,7f72a6df,4f9f288a|Scope_TrialNumber_0_35.00W_0.60Torr_0.00NitrogenFlow_2435.00MHz.csv,1,full 1,1.2290802566882741,0.0008311384487400867,0.640632068954666,0.0003888033726158424,0.4896617972923301,0.00028239009160675494,0.5219423281544728,0.00035295200178626094,-0.007227865104280086,0.00023386901989374165,57.11930613315542,0.0007702434982609149,19450,0.14052480107749257
35,0.6,0.0,2435.0,0,4f9f288a,0.605,34.96666666666667,0.0471404520791038,0.5602953463811375,0.001,80.0,Scope_TrialNumber_0_35.00W_0.60Torr_0.00NitrogenFlow_2435.00MHz.csv,G:\My Drive\MiniChamberData\Data\NafisaData\LAS_0.6Torr_2Nitrogen_Freq_Sweep_4\LAS_DataFrame_4f9f288a_Laser_True_20260807_154812.csv,7f72a6df,4f9f288a|Scope_TrialNumber_0_35.00W_0.60Torr_0.00NitrogenFlow_2435.00MHz.csv,3,full 3,1.2485422440385496,0.0012054330369848784,0.6556807779302671,0.0005678470595450465,0.4933521221693337,0.00041017532569991917,0.5302070732212321,0.0005119002785493256,-0.007511429861462984,0.00025814998271869965,118.12298834116976,0.0007671869061528658,19409,0.14040211043776532
35,0.6,0.0,2435.0,0,4f9f288a,0.605,34.96666666666667,0.0471404520791038,0.5602953463811375,0.001,80.0,Scope_TrialNumber_0_35.00W_0.60Torr_0.00NitrogenFlow_2435.00MHz.csv,G:\My Drive\MiniChamberData\Data\NafisaData\LAS_0.6Torr_2Nitrogen_Freq_Sweep_4\LAS_DataFrame_4f9f288a_Laser_True_20260807_154812.csv,7f72a6df,4f9f288a|Scope_TrialNumber_0_35.00W_0.60Torr_0.00NitrogenFlow_2435.00MHz.csv,5,full 5,1.1674809177420116,0.0009974437974128187,0.6101015067588956,0.00046714800254282963,0.4909305929801829,0.0003598573207436349,0.495783497429277,0.00042357538085238667,-0.007509829223092796,0.00025475928323710127,91.60469072556002,0.0007677717928672573,19427,0.14039915323456664
35,0.6,0.0,2435.0,0,4f9f288a,0.605,34.96666666666667,0.0471404520791038,0.5602953463811375,0.001,80.0,Scope_TrialNumber_0_35.00W_0.60Torr_0.00NitrogenFlow_2435.00MHz.csv,G:\My Drive\MiniChamberData\Data\NafisaData\LAS_0.6Torr_2Nitrogen_Freq_Sweep_4\LAS_DataFrame_4f9f288a_Laser_True_20260807_154812.csv,7f72a6df,4f9f288a|Scope_TrialNumber_0_35.00W_0.60Torr_0.00NitrogenFlow_2435.00MHz.csv,7,full 7,1.2856330359634431,0.0009824577783752015,0.6711335217662101,0.0004598458210245234,0.49041042948906427,0.0003212243330041843,0.5459580823071115,0.00041721140451829686,-0.007702927302359451,0.00025764957307792635,71.7586740565217,0.0007774240378325162,19359,0.1404116949095892
35,0.6,0.0,2435.0,0,4f9f288a,0.605,34.96666666666667,0.0471404520791038,0.5602953463811375,0.001,80.0,Scope_TrialNumber_0_35.00W_0.60Torr_0.00NitrogenFlow_2435.00MHz.csv,G:\My Drive\MiniChamberData\Data\NafisaData\LAS_0.6Torr_2Nitrogen_Freq_Sweep_4\LAS_DataFrame_4f9f288a_Laser_True_20260807_154812.csv,7f72a6df,4f9f288a|Scope_TrialNumber_0_35.00W_0.60Torr_0.00NitrogenFlow_2435.00MHz.csv,9,trailing partial,1.1804910328047942,0.0008473709214339943,0.6181176232921692,0.00039885038128212964,0.4918993213885034,0.0003016794498802619,0.5013083846028153,0.0003598452982520188,-0.007874155393794298,0.000308704010186856,65.32133702572793,0.0007653409370627084,18481,0.14039962348446575
35,0.6,0.0,2440.0,0,4f9f288a,0.605,35.1,0.1414213562373064,0.5892200020368262,-0.002,80.0,Scope_TrialNumber_0_35.00W_0.60Torr_0.00NitrogenFlow_2440.00MHz.csv,G:\My Drive\MiniChamberData\Data\NafisaData\LAS_0.6Torr_2Nitrogen_Freq_Sweep_4\LAS_DataFrame_4f9f288a_Laser_True_20260807_154812.csv,7f72a6df,4f9f288a|Scope_TrialNumber_0_35.00W_0.60Torr_0.00NitrogenFlow_2440.00MHz.csv,0,full 0,1.2291093200556735,0.000783816938438971,0.6503431590378541,0.0003717662584552203,0.4970726342875527,0.0002706584567831718,0.5219546702302338,0.0003328564066256151,-0.0057759085695738765,9.930275414059075e-05,51.9233457082918,0.0007644395660694812,19489,0.13877891536458334
35,0.6,0.0,2440.0,0,4f9f288a,0.605,35.1,0.1414213562373064,0.5892200020368262,-0.002,80.0,Scope_TrialNumber_0_35.00W_0.60Torr_0.00NitrogenFlow_2440.00MHz.csv,G:\My Drive\MiniChamberData\Data\NafisaData\LAS_0.6Torr_2Nitrogen_Freq_Sweep_4\LAS_DataFrame_4f9f288a_Laser_True_20260807_154812.csv,7f72a6df,4f9f288a|Scope_TrialNumber_0_35.00W_0.60Torr_0.00NitrogenFlow_2440.00MHz.csv,1,full 1,1.291550302292661,0.0009746577964558919,0.6817087422042895,0.0004609670992150979,0.49585572045109727,0.0003215158999230201,0.5484709139528691,0.0004138990571753359,-0.005713278093715421,0.00010786134396783474,70.68877278507496,0.0007740518237280122,19426,0.1388399609375
35,0.6,0.0,2440.0,0,4f9f288a,0.605,35.1,0.1414213562373064,0.5892200020368262,-0.002,80.0,Scope_TrialNumber_0_35.00W_0.60Torr_0.00NitrogenFlow_2440.00MHz.csv,G:\My Drive\MiniChamberData\Data\NafisaData\LAS_0.6Torr_2Nitrogen_Freq_Sweep_4\LAS_DataFrame_4f9f288a_Laser_True_20260807_154812.csv,7f72a6df,4f9f288a|Scope_TrialNumber_0_35.00W_0.60Torr_0.00NitrogenFlow_2440.00MHz.csv,2,full 2,1.206653708872982,0.0006802912801760911,0.6308965168989243,0.00032001460899063367,0.4911829322848442,0.00023390920407439172,0.5124186501721082,0.0002888931073996994,-0.005478340644669341,8.823161294892774e-05,39.19087410785727,0.0007684980527650298,19357,0.1388343776041667
35,0.6,0.0,2440.0,0,4f9f288a,0.605,35.1,0.1414213562373064,0.5892200020368262,-0.002,80.0,Scope_TrialNumber_0_35.00W_0.60Torr_0.00NitrogenFlow_2440.00MHz.csv,G:\My Drive\MiniChamberData\Data\NafisaData\LAS_0.6Torr_2Nitrogen_Freq_Sweep_4\LAS_DataFrame_4f9f288a_Laser_True_20260807_154812.csv,7f72a6df,4f9f288a|Scope_TrialNumber_0_35.00W_0.60Torr_0.00NitrogenFlow_2440.00MHz.csv,3,full 3,1.1866942619559944,0.0008394235578250329,0.6261227462948853,0.0003965821876742215,0.4956652001853459,0.00030088280993996,0.5039426534779636,0.0003564703636680655,-0.005889027579107595,0.00011642097974501301,65.12541447855608,0.000756726923603953,19403,0.13880280338541665
35,0.6,0.0,2440.0,0,4f9f288a,0.605,35.1,0.1414213562373064,0.5892200020368262,-0.002,80.0,Scope_TrialNumber_0_35.00W_0.60Torr_0.00NitrogenFlow_2440.00MHz.csv,G:\My Drive\MiniChamberData\Data\NafisaData\LAS_0.6Torr_2Nitrogen_Freq_Sweep_4\LAS_DataFrame_4f9f288a_Laser_True_20260807_154812.csv,7f72a6df,4f9f288a|Scope_TrialNumber_0_35.00W_0.60Torr_0.00NitrogenFlow_2440.00MHz.csv,4,trailing partial,1.2032562290619813,0.0008470027224221254,0.634342341626833,0.0004009263365432192,0.4952601356125452,0.000298275444526315,0.5109758733373475,0.0003596889385282064,-0.005856411040007636,0.0001514302739986086,62.96709871617176,0.0007626418512074409,18534,0.13880366875284192
35,0.6,0.0,2445.0,0,4f9f288a,0.605,34.96666666666667,0.0471404520791004,0.6146681419821666,0.008,80.02,Scope_TrialNumber_0_35.00W_0.60Torr_0.00NitrogenFlow_2445.00MHz.csv,G:\My Drive\MiniChamberData\Data\NafisaData\LAS_0.6Torr_2Nitrogen_Freq_Sweep_4\LAS_DataFrame_4f9f288a_Laser_True_20260807_154812.csv,7f72a6df,4f9f288a|Scope_TrialNumber_0_35.00W_0.60Torr_0.00NitrogenFlow_2445.00MHz.csv,0,full 0,1.2736664127563995,0.0011312166452379167,0.650114461887111,0.0005046730176195331,0.4795146945869301,0.0003335295814486538,0.5408763253243242,0.00048038347882462044,-0.006611719098985441,0.00011351024943590343,79.20384059105086,0.0007751228305002562,19162,0.13765315364583333
35,0.6,0.0,2445.0,0,4f9f288a,0.605,34.96666666666667,0.0471404520791004,0.6146681419821666,0.008,80.02,Scope_TrialNumber_0_35.00W_0.60Torr_0.00NitrogenFlow_2445.00MHz.csv,G:\My Drive\MiniChamberData\Data\NafisaData\LAS_0.6Torr_2Nitrogen_Freq_Sweep_4\LAS_DataFrame_4f9f288a_Laser_True_20260807_154812.csv,7f72a6df,4f9f288a|Scope_TrialNumber_0_35.00W_0.60Torr_0.00NitrogenFlow_2445.00MHz.csv,1,full 1,1.199920276764451,0.0011966671791476102,0.6248988248232964,0.0005415513868455961,0.4892435462775737,0.00039598405881427365,0.5095592248318408,0.0005081777614696168,-0.006254981918726456,0.00010849881472366038,109.52068849115842,0.0007640556128463861,19184,0.1375435625
35,0.6,0.0,2445.0,0,4f9f288a,0.605,34.96666666666667,0.0471404520791004,0.6146681419821666,0.008,80.02,Scope_TrialNumber_0_35.00W_0.60Torr_0.00NitrogenFlow_2445.00MHz.csv,G:\My Drive\MiniChamberData\Data\NafisaData\LAS_0.6Torr_2Nitrogen_Freq_Sweep_4\LAS_DataFrame_4f9f288a_Laser_True_20260807_154812.csv,7f72a6df,4f9f288a|Scope_TrialNumber_0_35.00W_0.60Torr_0.00NitrogenFlow_2445.00MHz.csv,2,full 2,1.535971884619118,0.0016873742237261023,0.8084778045715822,0.0007849412491856544,0.4944844343971414,0.0004709613287069832,0.6522672031182454,0.0007165618567273259,-0.006634450739043683,0.00012472919762317568,151.0631780440112,0.0007538338371837546,19639,0.13756428515625
35,0.6,0.0,2445.0,0,4f9f288a,0.605,34.96666666666667,0.0471404520791004,0.6146681419821666,0.008,80.02,Scope_TrialNumber_0_35.00W_0.60Torr_0.00NitrogenFlow_2445.00MHz.csv,G:\My Drive\MiniChamberData\Data\NafisaData\LAS_0.6Torr_2Nitrogen_Freq_Sweep_4\LAS_DataFrame_4f9f288a_Laser_True_20260807_154812.csv,7f72a6df,4f9f288a|Scope_TrialNumber_0_35.00W_0.60Torr_0.00NitrogenFlow_2445.00MHz.csv,3,full 3,2.3532353658855887,0.0019176493923195577,1.3208441883745154,0.0010205038166140273,0.5272954367001185,0.00045692687298092,0.9993270487276916,0.0008143507171030363,-0.007436696628956556,6.691771908939043e-05,110.24553218875523,0.0007705813660202002,19516,0.13757245963541664
35,0.6,0.0,2445.0,0,4f9f288a,0.605,34.96666666666667,0.0471404520791004,0.6146681419821666,0.008,80.02,Scope_TrialNumber_0_35.00W_0.60Torr_0.00NitrogenFlow_2445.00MHz.csv,G:\My Drive\MiniChamberData\Data\NafisaData\LAS_0.6Torr_2Nitrogen_Freq_Sweep_4\LAS_DataFrame_4f9f288a_Laser_True_20260807_154812.csv,7f72a6df,4f9f288a|Scope_TrialNumber_0_35.00W_0.60Torr_0.00NitrogenFlow_2445.00MHz.csv,4,trailing partial,2.255224625758363,0.0018173877325037267,1.2139189632898477,0.0008880416776172422,0.5056705724164549,0.00038504925195772285,0.9577057196014834,0.000771773510395713,-0.00663506043060292,6.293806034611345e-05,87.21161236855356,0.0007796207626334578,19283,0.13753651948125567
35,0.6,0.0,2450.0,0,4f9f288a,0.605,35.06666666666666,0.0471404520791004,0.6318232761448255,-0.002,80.01,Scope_TrialNumber_0_35.00W_0.60Torr_0.00NitrogenFlow_2450.00MHz.csv,G:\My Drive\MiniChamberData\Data\NafisaData\LAS_0.6Torr_2Nitrogen_Freq_Sweep_4\LAS_DataFrame_4f9f288a_Laser_True_20260807_154812.csv,7f72a6df,4f9f288a|Scope_TrialNumber_0_35.00W_0.60Torr_0.00NitrogenFlow_2450.00MHz.csv,1,full 1,1.092985362151063,0.0006390598335149444,0.5622844803810636,0.0002961323563753452,0.48329192722640174,0.00023669877700583335,0.46414814773529667,0.0002713837241463372,-0.00697707947178265,0.00018129625801919507,39.99736154909246,0.0007747500328389547,19475,0.1374169683911643
35,0.6,0.0,2450.0,0,4f9f288a,0.605,35.06666666666666,0.0471404520791004,0.6318232761448255,-0.002,80.01,Scope_TrialNumber_0_35.00W_0.60Torr_0.00NitrogenFlow_2450.00MHz.csv,G:\My Drive\MiniChamberData\Data\NafisaData\LAS_0.6Torr_2Nitrogen_Freq_Sweep_4\LAS_DataFrame_4f9f288a_Laser_True_20260807_154812.csv,7f72a6df,4f9f288a|Scope_TrialNumber_0_35.00W_0.60Torr_0.00NitrogenFlow_2450.00MHz.csv,3,full 3,1.2381118841212337,0.0011016755031830734,0.6413078929470377,0.0005118616229860148,0.4866026644969832,0.00037073132810289957,0.5257777071899188,0.0004678385108483286,-0.006587622120269217,0.00018385248863408594,95.31759372021007,0.0007700038445309618,19446,0.13732684697257963
35,0.6,0.0,2450.0,0,4f9f288a,0.605,35.06666666666666,0.0471404520791004,0.6318232761448255,-0.002,80.01,Scope_TrialNumber_0_35.00W_0.60Torr_0.00NitrogenFlow_2450.00MHz.csv,G:\My Drive\MiniChamberData\Data\NafisaData\LAS_0.6Torr_2Nitrogen_Freq_Sweep_4\LAS_DataFrame_4f9f288a_Laser_True_20260807_154812.csv,7f72a6df,4f9f288a|Scope_TrialNumber_0_35.00W_0.60Torr_0.00NitrogenFlow_2450.00MHz.csv,5,full 5,1.2200228994602391,0.0007734610379440083,0.6288574621054279,0.0003577935019862581,0.4842303723574869,0.00026133227984771317,0.5180960226810896,0.0003284586605996225,-0.00643494293662457,0.00016339109539945457,47.630519614666774,0.0007744099570297125,19426,0.1373846854712195
35,0.6,0.0,2450.0,0,4f9f288a,0.605,35.06666666666666,0.0471404520791004,0.6318232761448255,-0.002,80.01,Scope_TrialNumber_0_35.00W_0.60Torr_0.00NitrogenFlow_2450.00MHz.csv,G:\My Drive\MiniChamberData\Data\NafisaData\LAS_0.6Torr_2Nitrogen_Freq_Sweep_4\LAS_DataFrame_4f9f288a_Laser_True_20260807_154812.csv,7f72a6df,4f9f288a|Scope_TrialNumber_0_35.00W_0.60Torr_0.00NitrogenFlow_2450.00MHz.csv,7,full 7,1.1209953410853255,0.0006418082540896279,0.5748854351525952,0.0002969832830913726,0.481776140336975,0.00023084571994902043,0.47604289060253535,0.0002725508709015566,-0.00668851457184488,0.00017990952467317778,38.88586210769992,0.0007662851653162296,19399,0.13743457414599516
35,0.6,0.0,2450.0,0,4f9f288a,0.605,35.06666666666666,0.0471404520791004,0.6318232761448255,-0.002,80.01,Scope_TrialNumber_0_35.00W_0.60Torr_0.00NitrogenFlow_2450.00MHz.csv,G:\My Drive\MiniChamberData\Data\NafisaData\LAS_0.6Torr_2Nitrogen_Freq_Sweep_4\LAS_DataFrame_4f9f288a_Laser_True_20260807_154812.csv,7f72a6df,4f9f288a|Scope_TrialNumber_0_35.00W_0.60Torr_0.00NitrogenFlow_2450.00MHz.csv,9,trailing partial,1.1824186443000917,0.0007144011260543473,0.611323451637342,0.00033243605416229376,0.4856994116084896,0.0002499200282808591,0.5021269658355364,0.00030337822525413314,-0.006941648208900242,0.0002353102913622144,43.76733878093285,0.0007711055683357382,18457,0.1374367905627465
35,0.6,0.0,2455.0,0,4f9f288a,0.605,34.96666666666666,0.1247219128924639,0.6431484699534972,-0.006,80.01,Scope_TrialNumber_0_35.00W_0.60Torr_0.00NitrogenFlow_2455.00MHz.csv,G:\My Drive\MiniChamberData\Data\NafisaData\LAS_0.6Torr_2Nitrogen_Freq_Sweep_4\LAS_DataFrame_4f9f288a_Laser_True_20260807_154812.csv,7f72a6df,4f9f288a|Scope_TrialNumber_0_35.00W_0.60Torr_0.00NitrogenFlow_2455.00MHz.csv,0,full 0,1.169555285037571,0.0006620310649050481,0.6062105523175618,0.0003084038504302931,0.4869344774667307,0.000233526693709166,0.49666440011223856,0.00028113870794587494,-0.006390934645009648,0.00015396410980744263,40.322386814816596,0.000756069499178636,19485,0.13996060416666667
35,0.6,0.0,2455.0,0,4f9f288a,0.605,34.96666666666666,0.1247219128924639,0.6431484699534972,-0.006,80.01,Scope_TrialNumber_0_35.00W_0.60Torr_0.00NitrogenFlow_2455.00MHz.csv,G:\My Drive\MiniChamberData\Data\NafisaData\LAS_0.6Torr_2Nitrogen_Freq_Sweep_4\LAS_DataFrame_4f9f288a_Laser_True_20260807_154812.csv,7f72a6df,4f9f288a|Scope_TrialNumber_0_35.00W_0.60Torr_0.00NitrogenFlow_2455.00MHz.csv,1,full 1,1.2390276017216857,0.0010011543299697314,0.6411016462078087,0.00046383946689915157,0.4860866578326763,0.00033771695062606994,0.5261665766504043,0.0004251510989480189,-0.00642826823274047,0.00017655254098846362,80.55640491297916,0.0007628419762193401,19414,0.13995653125
35,0.6,0.0,2455.0,0,4f9f288a,0.605,34.96666666666666,0.1247219128924639,0.6431484699534972,-0.006,80.01,Scope_TrialNumber_0_35.00W_0.60Torr_0.00NitrogenFlow_2455.00MHz.csv,G:\My Drive\MiniChamberData\Data\NafisaData\LAS_0.6Torr_2Nitrogen_Freq_Sweep_4\LAS_DataFrame_4f9f288a_Laser_True_20260807_154812.csv,7f72a6df,4f9f288a|Scope_TrialNumber_0_35.00W_0.60Torr_0.00NitrogenFlow_2455.00MHz.csv,2,full 2,1.25810926492122,0.0006788586464269653,0.6460889948630162,0.00031478507258756323,0.48243829375973274,0.00021834613623570697,0.5342698129209634,0.000288284723862219,-0.0061450874652486925,0.00015165392555991774,35.554502767796194,0.0007595870505594627,19362,0.13992109895833332
35,0.6,0.0,2455.0,0,4f9f288a,0.605,34.96666666666666,0.1247219128924639,0.6431484699534972,-0.006,80.01,Scope_TrialNumber_0_35.00W_0.60Torr_0.00NitrogenFlow_2455.00MHz.csv,G:\My Drive\MiniChamberData\Data\NafisaData\LAS_0.6Torr_2Nitrogen_Freq_Sweep_4\LAS_DataFrame_4f9f288a_Laser_True_20260807_154812.csv,7f72a6df,4f9f288a|Scope_TrialNumber_0_35.00W_0.60Torr_0.00NitrogenFlow_2455.00MHz.csv,3,full 3,1.2765184986675424,0.0008244070398622505,0.6591750000602693,0.00038160382069077326,0.48511131557423737,0.00026775144013780646,0.5420874946946382,0.00035009343563296167,-0.006586713526295999,0.0001772647442550428,51.6921917526101,0.0007590228520984004,19421,0.13984979166666667
35,0.6,0.0,2455.0,0,4f9f288a,0.605,34.96666666666666,0.1247219128924639,0.6431484699534972,-0.006,80.01,Scope_TrialNumber_0_35.00W_0.60Torr_0.00NitrogenFlow_2455.00MHz.csv,G:\My Drive\MiniChamberData\Data\NafisaData\LAS_0.6Torr_2Nitrogen_Freq_Sweep_4\LAS_DataFrame_4f9f288a_Laser_True_20260807_154812.csv,7f72a6df,4f9f288a|Scope_TrialNumber_0_35.00W_0.60Torr_0.00NitrogenFlow_2455.00MHz.csv,4,trailing partial,1.1272185317431531,0.0006195184082834926,0.5788805923342762,0.0002877160146844739,0.4824459437457772,0.00022244755018662455,0.47868563634905614,0.00026308524491745197,-0.006525628082292137,0.0002095809333692572,35.22533558227011,0.0007751993576706259,18428,0.1398744574324665
35,0.6,0.0,2460.0,0,4f9f288a,0.605,34.96666666666667,0.0942809041582043,0.6481682390850353,-0.005,80.0,Scope_TrialNumber_0_35.00W_0.60Torr_0.00NitrogenFlow_2460.00MHz.csv,G:\My Drive\MiniChamberData\Data\NafisaData\LAS_0.6Torr_2Nitrogen_Freq_Sweep_4\LAS_DataFrame_4f9f288a_Laser_True_20260807_154812.csv,7f72a6df,4f9f288a|Scope_TrialNumber_0_35.00W_0.60Torr_0.00NitrogenFlow_2460.00MHz.csv,0,full 0,1.2641847197686311,0.0009519245999623535,0.6576693199911644,0.000443609306778341,0.4887253156879048,0.00031595280693039077,0.5368498210452494,0.0004042451574892392,-0.0062748877885544126,0.00012941720408936894,67.0411740681465,0.0007828051650362439,19434,0.14350674739583333
35,0.6,0.0,2460.0,0,4f9f288a,0.605,34.96666666666667,0.0942809041582043,0.6481682390850353,-0.005,80.0,Scope_TrialNumber_0_35.00W_0.60Torr_0.00NitrogenFlow_2460.00MHz.csv,G:\My Drive\MiniChamberData\Data\NafisaData\LAS_0.6Torr_2Nitrogen_Freq_Sweep_4\LAS_DataFrame_4f9f288a_Laser_True_20260807_154812.csv,7f72a6df,4f9f288a|Scope_TrialNumber_0_35.00W_0.60Torr_0.00NitrogenFlow_2460.00MHz.csv,1,full 1,1.1716613893148597,0.0008132125806225323,0.6088939501482338,0.00037873279551836614,0.4882107413972486,0.00029013474879577045,0.4975587802504291,0.0003453395864955975,-0.005916382464650083,0.000123090591994869,59.96095922162816,0.0007626161763581383,19372,0.14351099479166665
35,0.6,0.0,2460.0,0,4f9f288a,0.605,34.96666666666667,0.0942809041582043,0.6481682390850353,-0.005,80.0,Scope_TrialNumber_0_35.00W_0.60Torr_0.00NitrogenFlow_2460.00MHz.csv,G:\My Drive\MiniChamberData\Data\NafisaData\LAS_0.6Torr_2Nitrogen_Freq_Sweep_4\LAS_DataFrame_4f9f288a_Laser_True_20260807_154812.csv,7f72a6df,4f9f288a|Scope_TrialNumber_0_35.00W_0.60Torr_0.00NitrogenFlow_2460.00MHz.csv,2,full 2,1.2028215417254082,0.0011586906849270892,0.6264764267535008,0.0005410805968839649,0.4892956179306164,0.00040523246343797257,0.5107912786217171,0.0004920506292496167,-0.005870989662187296,0.00011890193983322824,108.28991259639464,0.0007852427542912832,19439,0.1435341484375
35,0.6,0.0,2460.0,0,4f9f288a,0.605,34.96666666666667,0.0942809041582043,0.6481682390850353,-0.005,80.0,Scope_TrialNumber_0_35.00W_0.60Torr_0.00NitrogenFlow_2460.00MHz.csv,G:\My Drive\MiniChamberData\Data\NafisaData\LAS_0.6Torr_2Nitrogen_Freq_Sweep_4\LAS_DataFrame_4f9f288a_Laser_True_20260807_154812.csv,7f72a6df,4f9f288a|Scope_TrialNumber_0_35.00W_0.60Torr_0.00NitrogenFlow_2460.00MHz.csv,3,full 3,1.262852803017046,0.0007593214091228889,0.6563623209860204,0.0003544091518857277,0.4882684911455758,0.0002495232702381166,0.5362842080786043,0.00032245411309674373,-0.006036161529614385,0.00011751996662018953,42.98025906080987,0.0007781425104299724,19377,0.14352479557291667
35,0.6,0.0,2460.0,0,4f9f288a,0.605,34.96666666666667,0.0942809041582043,0.6481682390850353,-0.005,80.0,Scope_TrialNumber_0_35.00W_0.60Torr_0.00NitrogenFlow_2460.00MHz.csv,G:\My Drive\MiniChamberData\Data\NafisaData\LAS_0.6Torr_2Nitrogen_Freq_Sweep_4\LAS_DataFrame_4f9f288a_Laser_True_20260807_154812.csv,7f72a6df,4f9f288a|Scope_TrialNumber_0_35.00W_0.60Torr_0.00NitrogenFlow_2460.00MHz.csv,4,trailing partial,1.1796666317659594,0.0007407595135751974,0.6109585661709008,0.0003452282414527434,0.48654190713406775,0.0002596321985261904,0.5009582937155842,0.00031457160182508194,-0.005994041651829964,0.00015254319817269559,45.53575076951652,0.0007852775748649265,18469,0.14358671924994107
40,0.6,0.0,2410.0,0,4f9f288a,0.605,43.29999999999999,0.8164965809277231,0.5433372530373827,-0.007,80.0,Scope_TrialNumber_0_40.00W_0.60Torr_0.00NitrogenFlow_2410.00MHz.csv,G:\My Drive\MiniChamberData\Data\NafisaData\LAS_0.6Torr_2Nitrogen_Freq_Sweep_4\LAS_DataFrame_4f9f288a_Laser_True_20260807_154812.csv,7f72a6df,4f9f288a|Scope_TrialNumber_0_40.00W_0.60Torr_0.00NitrogenFlow_2410.00MHz.csv,1,full 1,1.1632951791702633,0.0011777755789327126,0.4704343982590085,0.0004268186311216627,0.37990668131400107,0.000330529670558634,0.49400597791963086,0.0005001552375171977,-0.015341745217736966,0.0005249760313256955,60.422598570478,0.000869631028309284,19181,0.1519999986972653
40,0.6,0.0,2410.0,0,4f9f288a,0.605,43.29999999999999,0.8164965809277231,0.5433372530373827,-0.007,80.0,Scope_TrialNumber_0_40.00W_0.60Torr_0.00NitrogenFlow_2410.00MHz.csv,G:\My Drive\MiniChamberData\Data\NafisaData\LAS_0.6Torr_2Nitrogen_Freq_Sweep_4\LAS_DataFrame_4f9f288a_Laser_True_20260807_154812.csv,7f72a6df,4f9f288a|Scope_TrialNumber_0_40.00W_0.60Torr_0.00NitrogenFlow_2410.00MHz.csv,3,full 3,1.2314009569801043,0.001202424593889918,0.4939857029067758,0.0004316670064549566,0.37686228991843623,0.00031761625678699716,0.5229278388293659,0.0005106227103965877,-0.009623727783671106,0.0002329088796418232,57.31147843941494,0.000849070809543146,19167,0.1527321658934794
40,0.6,0.0,2410.0,0,4f9f288a,0.605,43.29999999999999,0.8164965809277231,0.5433372530373827,-0.007,80.0,Scope_TrialNumber_0_40.00W_0.60Torr_0.00NitrogenFlow_2410.00MHz.csv,G:\My Drive\MiniChamberData\Data\NafisaData\LAS_0.6Torr_2Nitrogen_Freq_Sweep_4\LAS_DataFrame_4f9f288a_Laser_True_20260807_154812.csv,7f72a6df,4f9f288a|Scope_TrialNumber_0_40.00W_0.60Torr_0.00NitrogenFlow_2410.00MHz.csv,5,full 5,1.2126414506924525,0.0010628532238859138,0.48991051325129026,0.00038485752372381047,0.37953526915341007,0.00028545392459919004,0.5149614100029944,0.00045135220677635464,-0.0009856437158398857,9.261822198154634e-05,45.838871905110175,0.0008584056536992284,19176,0.1531579399143867
40,0.6,0.0,2410.0,0,4f9f288a,0.605,43.29999999999999,0.8164965809277231,0.5433372530373827,-0.007,80.0,Scope_TrialNumber_0_40.00W_0.60Torr_0.00NitrogenFlow_2410.00MHz.csv,G:\My Drive\MiniChamberData\Data\NafisaData\LAS_0.6Torr_2Nitrogen_Freq_Sweep_4\LAS_DataFrame_4f9f288a_Laser_True_20260807_154812.csv,7f72a6df,4f9f288a|Scope_TrialNumber_0_40.00W_0.60Torr_0.00NitrogenFlow_2410.00MHz.csv,7,full 7,1.1552767070977235,0.0008000140622513953,0.4594630641432837,0.00028644601741276664,0.373621945279347,0.00021841295287581327,0.49060084635152645,0.00033973469180354317,-0.001864081641035233,0.00013860576460625413,29.564804504597326,0.0008304010748143359,19169,0.15369800914695145
40,0.6,0.0,2410.0,0,4f9f288a,0.605,43.29999999999999,0.8164965809277231,0.5433372530373827,-0.007,80.0,Scope_TrialNumber_0_40.00W_0.60Torr_0.00NitrogenFlow_2410.00MHz.csv,G:\My Drive\MiniChamberData\Data\NafisaData\LAS_0.6Torr_2Nitrogen_Freq_Sweep_4\LAS_DataFrame_4f9f288a_Laser_True_20260807_154812.csv,7f72a6df,4f9f288a|Scope_TrialNumber_0_40.00W_0.60Torr_0.00NitrogenFlow_2410.00MHz.csv,9,trailing partial,1.2162316613974073,0.0009371597925569674,0.4820914959661815,0.0003346090673795794,0.37237537668962956,0.00024455291895717087,0.5164860321126672,0.00039797512108601503,-0.0017420233835814714,0.0001756718063071779,36.073064502535814,0.0008341479718373141,18214,0.15397449957500167
40,0.6,0.0,2415.0,0,4f9f288a,0.605,41.20000000000001,1.7146428199482235,0.517936034852588,-0.004,80.0,Scope_TrialNumber_0_40.00W_0.60Torr_0.00NitrogenFlow_2415.00MHz.csv,G:\My Drive\MiniChamberData\Data\NafisaData\LAS_0.6Torr_2Nitrogen_Freq_Sweep_4\LAS_DataFrame_4f9f288a_Laser_True_20260807_154812.csv,7f72a6df,4f9f288a|Scope_TrialNumber_0_40.00W_0.60Torr_0.00NitrogenFlow_2415.00MHz.csv,1,full 1,1.2236491682755575,0.0009305813528833754,0.4741919762051217,0.0003231636719579964,0.36405338331994175,0.00023679061504392905,0.5196359572603668,0.0003951815149726844,-0.004655106729260204,8.960208308425305e-05,35.914150781805446,0.0008073594030235701,19479,0.16235392079089953
40,0.6,0.0,2415.0,0,4f9f288a,0.605,41.20000000000001,1.7146428199482235,0.517936034852588,-0.004,80.0,Scope_TrialNumber_0_40.00W_0.60Torr_0.00NitrogenFlow_2415.00MHz.csv,G:\My Drive\MiniChamberData\Data\NafisaData\LAS_0.6Torr_2Nitrogen_Freq_Sweep_4\LAS_DataFrame_4f9f288a_Laser_True_20260807_154812.csv,7f72a6df,4f9f288a|Scope_TrialNumber_0_40.00W_0.60Torr_0.00NitrogenFlow_2415.00MHz.csv,3,full 3,1.2311986487699114,0.0008700249436798998,0.4768126183541877,0.0003022296421205472,0.363820695453041,0.00021947061248292425,0.5228419264427188,0.00036946557573084746,-0.004430901841809959,9.088336607565264e-05,31.646248635980605,0.0007979029898201626,19459,0.16274623243072625
40,0.6,0.0,2415.0,0,4f9f288a,0.605,41.20000000000001,1.7146428199482235,0.517936034852588,-0.004,80.0,Scope_TrialNumber_0_40.00W_0.60Torr_0.00NitrogenFlow_2415.00MHz.csv,G:\My Drive\MiniChamberData\Data\NafisaData\LAS_0.6Torr_2Nitrogen_Freq_Sweep_4\LAS_DataFrame_4f9f288a_Laser_True_20260807_154812.csv,7f72a6df,4f9f288a|Scope_TrialNumber_0_40.00W_0.60Torr_0.00NitrogenFlow_2415.00MHz.csv,5,full 5,1.237117604834895,0.0010782165588578464,0.481696146652921,0.0003763077168169109,0.36578843870880146,0.0002726211699936943,0.5253554756531876,0.0004578764144347495,-0.004809016029495971,0.00038751395172884436,47.36672608948207,0.0008135310410344172,19475,0.16307420667251607
40,0.6,0.0,2415.0,0,4f9f288a,0.605,41.20000000000001,1.7146428199482235,0.517936034852588,-0.004,80.0,Scope_TrialNumber_0_40.00W_0.60Torr_0.00NitrogenFlow_2415.00MHz.csv,G:\My Drive\MiniChamberData\Data\NafisaData\LAS_0.6Torr_2Nitrogen_Freq_Sweep_4\LAS_DataFrame_4f9f288a_Laser_True_20260807_154812.csv,7f72a6df,4f9f288a|Scope_TrialNumber_0_40.00W_0.60Torr_0.00NitrogenFlow_2415.00MHz.csv,7,full 7,1.1648885610234816,0.0009417933872695471,0.452211079415201,0.000327320179831789,0.364690632269918,0.00025255165736850094,0.4946826248916916,0.0003999428275875616,0.0033354130320425055,-1.939051988860754e-06,39.834627972690235,0.0008129306002452631,19557,0.16332233424681014
40,0.6,0.0,2415.0,0,4f9f288a,0.605,41.20000000000001,1.7146428199482235,0.517936034852588,-0.004,80.0,Scope_TrialNumber_0_40.00W_0.60Torr_0.00NitrogenFlow_2415.00MHz.csv,G:\My Drive\MiniChamberData\Data\NafisaData\LAS_0.6Torr_2Nitrogen_Freq_Sweep_4\LAS_DataFrame_4f9f288a_Laser_True_20260807_154812.csv,7f72a6df,4f9f288a|Scope_TrialNumber_0_40.00W_0.60Torr_0.00NitrogenFlow_2415.00MHz.csv,9,trailing partial,1.1982724484140057,0.0011692711968607436,0.4711023989710308,0.0004130617222908267,0.3693410094373741,0.0003092987375316871,0.5088594565612579,0.0004965437589713467,0.004919899039195334,-0.0003202627602910186,0.9713469105651636,0.006381206181987514,18403,0.1588698919737485
40,0.6,0.0,2420.0,0,4f9f288a,0.605,40.03333333333333,0.0471404520791004,0.5383017199035353,0.002,80.0,Scope_TrialNumber_0_40.00W_0.60Torr_0.00NitrogenFlow_2420.00MHz.csv,G:\My Drive\MiniChamberData\Data\NafisaData\LAS_0.6Torr_2Nitrogen_Freq_Sweep_4\LAS_DataFrame_4f9f288a_Laser_True_20260807_154812.csv,7f72a6df,4f9f288a|Scope_TrialNumber_0_40.00W_0.60Torr_0.00NitrogenFlow_2420.00MHz.csv,1,full 1,1.2388135954203712,0.0013561768055883586,0.46542655895917584,0.00045775142851247724,0.35294983974952343,0.0003301611575703844,0.5260756965418517,0.0005759152630155798,-0.005039644688148823,4.327919948844963e-05,56.581159572729185,0.0008939667070973432,19465,0.1540433379527671
40,0.6,0.0,2420.0,0,4f9f288a,0.605,40.03333333333333,0.0471404520791004,0.5383017199035353,0.002,80.0,Scope_TrialNumber_0_40.00W_0.60Torr_0.00NitrogenFlow_2420.00MHz.csv,G:\My Drive\MiniChamberData\Data\NafisaData\LAS_0.6Torr_2Nitrogen_Freq_Sweep_4\LAS_DataFrame_4f9f288a_Laser_True_20260807_154812.csv,7f72a6df,4f9f288a|Scope_TrialNumber_0_40.00W_0.60Torr_0.00NitrogenFlow_2420.00MHz.csv,3,full 3,1.2158298578164988,0.0012158999828523755,0.4553495739354689,0.00040838474324448947,0.3518357127396232,0.00030115454272998214,0.5163154018423175,0.0005163451812031756,-0.004837300887949578,3.8189007739318e-05,50.20606983347113,0.0008652048108785299,19418,0.15403053284073276
40,0.6,0.0,2420.0,0,4f9f288a,0.605,40.03333333333333,0.0471404520791004,0.5383017199035353,0.002,80.0,Scope_TrialNumber_0_40.00W_0.60Torr_0.00NitrogenFlow_2420.00MHz.csv,G:\My Drive\MiniChamberData\Data\NafisaData\LAS_0.6Torr_2Nitrogen_Freq_Sweep_4\LAS_DataFrame_4f9f288a_Laser_True_20260807_154812.csv,7f72a6df,4f9f288a|Scope_TrialNumber_0_40.00W_0.60Torr_0.00NitrogenFlow_2420.00MHz.csv,5,full 5,1.2033331157890024,0.0008764196542468603,0.45346213289914583,0.0002968698698417562,0.3540160463753162,0.0002189600435422604,0.5110085241240534,0.0003721811592763733,-0.005066193741202215,3.3123878680890656e-05,28.997123058385625,0.0008358285542873549,19411,0.15392927593167183
40,0.6,0.0,2420.0,0,4f9f288a,0.605,40.03333333333333,0.0471404520791004,0.5383017199035353,0.002,80.0,Scope_TrialNumber_0_40.00W_0.60Torr_0.00NitrogenFlow_2420.00MHz.csv,G:\My Drive\MiniChamberData\Data\NafisaData\LAS_0.6Torr_2Nitrogen_Freq_Sweep_4\LAS_DataFrame_4f9f288a_Laser_True_20260807_154812.csv,7f72a6df,4f9f288a|Scope_TrialNumber_0_40.00W_0.60Torr_0.00NitrogenFlow_2420.00MHz.csv,7,full 7,1.187633326103463,0.0009492132267933047,0.4478248673928113,0.00032084818247541584,0.3542367543169503,0.0002419818654951764,0.5043414373041206,0.00040309374331864463,-0.005337160994657982,5.540755379398718e-05,35.40489993385086,0.0008296758090352186,19401,0.15409423689654023
40,0.6,0.0,2420.0,0,4f9f288a,0.605,40.03333333333333,0.0471404520791004,0.5383017199035353,0.002,80.0,Scope_TrialNumber_0_40.00W_0.60Torr_0.00NitrogenFlow_2420.00MHz.csv,G:\My Drive\MiniChamberData\Data\NafisaData\LAS_0.6Torr_2Nitrogen_Freq_Sweep_4\LAS_DataFrame_4f9f288a_Laser_True_20260807_154812.csv,7f72a6df,4f9f288a|Scope_TrialNumber_0_40.00W_0.60Torr_0.00NitrogenFlow_2420.00MHz.csv,9,trailing partial,1.158490942132697,0.0012889709036956005,0.43529863953858167,0.00043632218241957283,0.3529900446152517,0.000335185796609047,0.4919658062947527,0.0005473755442228111,-0.005260466294940518,8.669080317996427e-05,58.770741259228366,0.0008870839864764514,18505,0.15399021299006005
40,0.6,0.0,2425.0,0,4f9f288a,0.605,40.06666666666666,0.0471404520791004,0.5318048328256593,0.002,80.02,Scope_TrialNumber_0_40.00W_0.60Torr_0.00NitrogenFlow_2425.00MHz.csv,G:\My Drive\MiniChamberData\Data\NafisaData\LAS_0.6Torr_2Nitrogen_Freq_Sweep_4\LAS_DataFrame_4f9f288a_Laser_True_20260807_154812.csv,7f72a6df,4f9f288a|Scope_TrialNumber_0_40.00W_0.60Torr_0.00NitrogenFlow_2425.00MHz.csv,1,full 1,1.1868868897814882,0.000926222198532021,0.461130706518874,0.0003224537106488314,0.3649912892177059,0.00024361453971451227,0.5040244549837306,0.00039333035256197154,-0.004449703222110294,9.982527527895626e-05,38.27868822368963,0.0008036040470813828,19469,0.14919530207812237
40,0.6,0.0,2425.0,0,4f9f288a,0.605,40.06666666666666,0.0471404520791004,0.5318048328256593,0.002,80.02,Scope_TrialNumber_0_40.00W_0.60Torr_0.00NitrogenFlow_2425.00MHz.csv,G:\My Drive\MiniChamberData\Data\NafisaData\LAS_0.6Torr_2Nitrogen_Freq_Sweep_4\LAS_DataFrame_4f9f288a_Laser_True_20260807_154812.csv,7f72a6df,4f9f288a|Scope_TrialNumber_0_40.00W_0.60Torr_0.00NitrogenFlow_2425.00MHz.csv,3,full 3,1.2409359048200057,0.0008216126920279765,0.47989232039015367,0.00028621912627352315,0.36329735789341894,0.0002009916445452436,0.5269769583618845,0.00034890678536634337,-0.004209883534828623,9.098063430707442e-05,26.98933650010235,0.0008041749137952396,19499,0.14921541239369684
40,0.6,0.0,2425.0,0,4f9f288a,0.605,40.06666666666666,0.0471404520791004,0.5318048328256593,0.002,80.02,Scope_TrialNumber_0_40.00W_0.60Torr_0.00NitrogenFlow_2425.00MHz.csv,G:\My Drive\MiniChamberData\Data\NafisaData\LAS_0.6Torr_2Nitrogen_Freq_Sweep_4\LAS_DataFrame_4f9f288a_Laser_True_20260807_154812.csv,7f72a6df,4f9f288a|Scope_TrialNumber_0_40.00W_0.60Torr_0.00NitrogenFlow_2425.00MHz.csv,5,full 5,1.200544929660837,0.0010128873722151624,0.47174140960172983,0.0003563464982700704,0.3691419247519424,0.00026767938654331585,0.5098244904930976,0.0004301336632293913,-0.004296733940388544,9.300988041577946e-05,46.53810151724868,0.0007973609645145821,19495,0.14922985711605802
40,0.6,0.0,2425.0,0,4f9f288a,0.605,40.06666666666666,0.0471404520791004,0.5318048328256593,0.002,80.02,Scope_TrialNumber_0_40.00W_0.60Torr_0.00NitrogenFlow_2425.00MHz.csv,G:\My Drive\MiniChamberData\Data\NafisaData\LAS_0.6Torr_2Nitrogen_Freq_Sweep_4\LAS_DataFrame_4f9f288a_Laser_True_20260807_154812.csv,7f72a6df,4f9f288a|Scope_TrialNumber_0_40.00W_0.60Torr_0.00NitrogenFlow_2425.00MHz.csv,7,full 7,1.2783253347553274,0.0009601491639535818,0.49894686689752266,0.00033616671328129546,0.36667448740162933,0.00023516740360607336,0.5428547873340897,0.0004077378082370462,-0.004438045375252824,0.00010057759425811172,35.82967975627554,0.0008020540797420223,19518,0.14915649751959312
40,0.6,0.0,2425.0,0,4f9f288a,0.605,40.06666666666666,0.0471404520791004,0.5318048328256593,0.002,80.02,Scope_TrialNumber_0_40.00W_0.60Torr_0.00NitrogenFlow_2425.00MHz.csv,G:\My Drive\MiniChamberData\Data\NafisaData\LAS_0.6Torr_2Nitrogen_Freq_Sweep_4\LAS_DataFrame_4f9f288a_Laser_True_20260807_154812.csv,7f72a6df,4f9f288a|Scope_TrialNumber_0_40.00W_0.60Torr_0.00NitrogenFlow_2425.00MHz.csv,9,trailing partial,1.1841019782725661,0.0008610134866777512,0.4635268898734794,0.0003033870550108818,0.36775079175369646,0.00022739068848319518,0.5028418119555303,0.00036563876228870595,-0.0042106144364545154,0.00013191923525596942,34.21233865738326,0.0007942610660150773,18480,0.14918851708642164
40,0.6,0.0,2430.0,0,4f9f288a,0.605,39.96666666666667,0.0471404520791038,0.5500008141002024,0.003,80.0,Scope_TrialNumber_0_40.00W_0.60Torr_0.00NitrogenFlow_2430.00MHz.csv,G:\My Drive\MiniChamberData\Data\NafisaData\LAS_0.6Torr_2Nitrogen_Freq_Sweep_4\LAS_DataFrame_4f9f288a_Laser_True_20260807_154812.csv,7f72a6df,4f9f288a|Scope_TrialNumber_0_40.00W_0.60Torr_0.00NitrogenFlow_2430.00MHz.csv,1,full 1,1.1421802812705977,0.0009533425599064326,0.5470345753334321,0.0004090660361206406,0.4499330633113146,0.000321773658162093,0.48503930637111003,0.00040484730963545997,-0.003444320490863823,0.00011177355538666654,66.16672647178859,0.0008028274805046937,19514,0.1486013950567092
40,0.6,0.0,2430.0,0,4f9f288a,0.605,39.96666666666667,0.0471404520791038,0.5500008141002024,0.003,80.0,Scope_TrialNumber_0_40.00W_0.60Torr_0.00NitrogenFlow_2430.00MHz.csv,G:\My Drive\MiniChamberData\Data\NafisaData\LAS_0.6Torr_2Nitrogen_Freq_Sweep_4\LAS_DataFrame_4f9f288a_Laser_True_20260807_154812.csv,7f72a6df,4f9f288a|Scope_TrialNumber_0_40.00W_0.60Torr_0.00NitrogenFlow_2430.00MHz.csv,3,full 3,1.1687136650743335,0.0006890820684732438,0.5585000034907601,0.00029573608245630145,0.4489343618650464,0.00022513307538670564,0.4963069970210709,0.0002926262114709437,-0.0034076687800481203,0.00011389322730983478,33.84197727690335,0.0007923131653603698,19490,0.14856364929947458
40,0.6,0.0,2430.0,0,4f9f288a,0.605,39.96666666666667,0.0471404520791038,0.5500008141002024,0.003,80.0,Scope_TrialNumber_0_40.00W_0.60Torr_0.00NitrogenFlow_2430.00MHz.csv,G:\My Drive\MiniChamberData\Data\NafisaData\LAS_0.6Torr_2Nitrogen_Freq_Sweep_4\LAS_DataFrame_4f9f288a_Laser_True_20260807_154812.csv,7f72a6df,4f9f288a|Scope_TrialNumber_0_40.00W_0.60Torr_0.00NitrogenFlow_2430.00MHz.csv,5,full 5,1.183868036901811,0.0008560727555397123,0.5662999109804011,0.00036680597581654844,0.4493771524498104,0.00027830377313233537,0.5027424662024446,0.00036354062695625685,-0.0031684087433890436,0.00010747792095620479,50.496730461711365,0.0007974181224785492,19418,0.1485176916541573
40,0.6,0.0,2430.0,0,4f9f288a,0.605,39.96666666666667,0.0471404520791038,0.5500008141002024,0.003,80.0,Scope_TrialNumber_0_40.00W_0.60Torr_0.00NitrogenFlow_2430.00MHz.csv,G:\My Drive\MiniChamberData\Data\NafisaData\LAS_0.6Torr_2Nitrogen_Freq_Sweep_4\LAS_DataFrame_4f9f288a_Laser_True_20260807_154812.csv,7f72a6df,4f9f288a|Scope_TrialNumber_0_40.00W_0.60Torr_0.00NitrogenFlow_2430.00MHz.csv,7,full 7,1.1569907730683229,0.0008078711455412801,0.5540791258158742,0.0003465523029629598,0.44989346350647913,0.0002688616958208905,0.4913287431495074,0.0003430712878659322,-0.0032204973662112303,0.00011559703728577408,47.96574851533387,0.0007918387051330697,19501,0.14861894988950045
40,0.6,0.0,2430.0,0,4f9f288a,0.605,39.96666666666667,0.0471404520791038,0.5500008141002024,0.003,80.0,Scope_TrialNumber_0_40.00W_0.60Torr_0.00NitrogenFlow_2430.00MHz.csv,G:\My Drive\MiniChamberData\Data\NafisaData\LAS_0.6Torr_2Nitrogen_Freq_Sweep_4\LAS_DataFrame_4f9f288a_Laser_True_20260807_154812.csv,7f72a6df,4f9f288a|Scope_TrialNumber_0_40.00W_0.60Torr_0.00NitrogenFlow_2430.00MHz.csv,9,trailing partial,1.2327214651939409,0.0009286082554969236,0.5877261802607456,0.00039772052309748797,0.4478967057800281,0.0002889442702828887,0.5234886070361012,0.00039434361766048197,-0.0032064495690691977,0.00015760702416742716,54.86274177603909,0.0007936779343568256,18553,0.14856878989831449
40,0.6,0.0,2435.0,0,4f9f288a,0.605,39.833333333333336,0.1247219128924639,0.5709654836828096,0.004,80.02,Scope_TrialNumber_0_40.00W_0.60Torr_0.00NitrogenFlow_2435.00MHz.csv,G:\My Drive\MiniChamberData\Data\NafisaData\LAS_0.6Torr_2Nitrogen_Freq_Sweep_4\LAS_DataFrame_4f9f288a_Laser_True_20260807_154812.csv,7f72a6df,4f9f288a|Scope_TrialNumber_0_40.00W_0.60Torr_0.00NitrogenFlow_2435.00MHz.csv,1,full 1,1.2264715745931818,0.0006876123373893926,0.6115200646907281,0.0003078605950201848,0.468404451716582,0.0002243119939034307,0.5208345228677813,0.0002920020741459058,-0.004845299368734747,0.00013983740811217627,35.141981063737795,0.0007761100488256966,19490,0.14642767431292109
40,0.6,0.0,2435.0,0,4f9f288a,0.605,39.833333333333336,0.1247219128924639,0.5709654836828096,0.004,80.02,Scope_TrialNumber_0_40.00W_0.60Torr_0.00NitrogenFlow_2435.00MHz.csv,G:\My Drive\MiniChamberData\Data\NafisaData\LAS_0.6Torr_2Nitrogen_Freq_Sweep_4\LAS_DataFrame_4f9f288a_Laser_True_20260807_154812.csv,7f72a6df,4f9f288a|Scope_TrialNumber_0_40.00W_0.60Torr_0.00NitrogenFlow_2435.00MHz.csv,3,full 3,1.159242182752142,0.0006378903847878626,0.5723145805278207,0.00028420263691770803,0.46379752228714777,0.000214583654383002,0.492284828812431,0.0002708871049972223,-0.004585408199661395,0.00012532664934080865,32.90198856078407,0.0007757009616126515,19519,0.14638106687844982
40,0.6,0.0,2435.0,0,4f9f288a,0.605,39.833333333333336,0.1247219128924639,0.5709654836828096,0.004,80.02,Scope_TrialNumber_0_40.00W_0.60Torr_0.00NitrogenFlow_2435.00MHz.csv,G:\My Drive\MiniChamberData\Data\NafisaData\LAS_0.6Torr_2Nitrogen_Freq_Sweep_4\LAS_DataFrame_4f9f288a_Laser_True_20260807_154812.csv,7f72a6df,4f9f288a|Scope_TrialNumber_0_40.00W_0.60Torr_0.00NitrogenFlow_2435.00MHz.csv,5,full 5,1.1026133473369626,0.0012003761888953518,0.5486855056368638,0.0005389580281742202,0.46748537873441187,0.00043149544384718335,0.46823677659091395,0.0005097528328877357,-0.004531008534734213,0.00014088072008672966,130.20037798302153,0.0007743244594452252,19572,0.14643322707697565
40,0.6,0.0,2435.0,0,4f9f288a,0.605,39.833333333333336,0.1247219128924639,0.5709654836828096,0.004,80.02,Scope_TrialNumber_0_40.00W_0.60Torr_0.00NitrogenFlow_2435.00MHz.csv,G:\My Drive\MiniChamberData\Data\NafisaData\LAS_0.6Torr_2Nitrogen_Freq_Sweep_4\LAS_DataFrame_4f9f288a_Laser_True_20260807_154812.csv,7f72a6df,4f9f288a|Scope_TrialNumber_0_40.00W_0.60Torr_0.00NitrogenFlow_2435.00MHz.csv,7,full 7,1.1549780730493489,0.0007346656343648364,0.5751614894405612,0.0003281144400044913,0.46782545665677977,0.0002535091797114926,0.49047402814773006,0.0003119837695942412,-0.004540132889037688,0.0001365913757036479,44.1654893107842,0.0007823254521761681,19630,0.14645899255006922
40,0.6,0.0,2435.0,0,4f9f288a,0.605,39.833333333333336,0.1247219128924639,0.5709654836828096,0.004,80.02,Scope_TrialNumber_0_40.00W_0.60Torr_0.00NitrogenFlow_2435.00MHz.csv,G:\My Drive\MiniChamberData\Data\NafisaData\LAS_0.6Torr_2Nitrogen_Freq_Sweep_4\LAS_DataFrame_4f9f288a_Laser_True_20260807_154812.csv,7f72a6df,4f9f288a|Scope_TrialNumber_0_40.00W_0.60Torr_0.00NitrogenFlow_2435.00MHz.csv,9,trailing partial,1.1695410355286247,0.0008633873556368579,0.5835738055158782,0.00038708100603598796,0.468757376714396,0.0002960101566821165,0.49665834890294275,0.0003666468516177042,-0.004932194088411606,0.00020147405159806115,59.17718656318014,0.0007846526743318163,18524,0.146479567226767
40,0.6,0.0,2440.0,0,4f9f288a,0.605,39.93333333333334,0.0471404520791038,0.5997502341311262,0.001,80.0,Scope_TrialNumber_0_40.00W_0.60Torr_0.00NitrogenFlow_2440.00MHz.csv,G:\My Drive\MiniChamberData\Data\NafisaData\LAS_0.6Torr_2Nitrogen_Freq_Sweep_4\LAS_DataFrame_4f9f288a_Laser_True_20260807_154812.csv,7f72a6df,4f9f288a|Scope_TrialNumber_0_40.00W_0.60Torr_0.00NitrogenFlow_2440.00MHz.csv,2,full 2,1.166997504705131,0.0008745547632869965,0.6032988610133001,0.0004044542593966883,0.48565779956499494,0.00031267885665853723,0.49557821081389397,0.0003713892130026871,-0.005626122898947766,0.00020996978910049706,66.906931316139,0.0007730587443558501,19544,0.14351884557150504
40,0.6,0.0,2440.0,0,4f9f288a,0.605,39.93333333333334,0.0471404520791038,0.5997502341311262,0.001,80.0,Scope_TrialNumber_0_40.00W_0.60Torr_0.00NitrogenFlow_2440.00MHz.csv,G:\My Drive\MiniChamberData\Data\NafisaData\LAS_0.6Torr_2Nitrogen_Freq_Sweep_4\LAS_DataFrame_4f9f288a_Laser_True_20260807_154812.csv,7f72a6df,4f9f288a|Scope_TrialNumber_0_40.00W_0.60Torr_0.00NitrogenFlow_2440.00MHz.csv,5,full 5,1.2682467915382405,0.0007824400216392937,0.6514176696695739,0.0003608128469307214,0.48252914730342605,0.00025330559310307956,0.5385748240993812,0.00033227168389804077,-0.005351124972326919,0.0001878981706167005,44.58170756865761,0.0007764052522807887,19449,0.1435579459759586
40,0.6,0.0,2440.0,0,4f9f288a,0.605,39.93333333333334,0.0471404520791038,0.5997502341311262,0.001,80.0,Scope_TrialNumber_0_40.00W_0.60Torr_0.00NitrogenFlow_2440.00MHz.csv,G:\My Drive\MiniChamberData\Data\NafisaData\LAS_0.6Torr_2Nitrogen_Freq_Sweep_4\LAS_DataFrame_4f9f288a_Laser_True_20260807_154812.csv,7f72a6df,4f9f288a|Scope_TrialNumber_0_40.00W_0.60Torr_0.00NitrogenFlow_2440.00MHz.csv,8,full 8,1.1195847103881693,0.0006526406589342508,0.5635732153926426,0.0002962599926795414,0.4728911380300244,0.00022896171342303855,0.4754438509009102,0.00027715096969359846,-0.005412002065852467,0.00018782658558903653,37.73158915679411,0.0007744781318170054,19442,0.14350900609817305
40,0.6,0.0,2440.0,0,4f9f288a,0.605,39.93333333333334,0.0471404520791038,0.5997502341311262,0.001,80.0,Scope_TrialNumber_0_40.00W_0.60Torr_0.00NitrogenFlow_2440.00MHz.csv,G:\My Drive\MiniChamberData\Data\NafisaData\LAS_0.6Torr_2Nitrogen_Freq_Sweep_4\LAS_DataFrame_4f9f288a_Laser_True_20260807_154812.csv,7f72a6df,4f9f288a|Scope_TrialNumber_0_40.00W_0.60Torr_0.00NitrogenFlow_2440.00MHz.csv,11,full 11,1.2195867720032718,0.0007322387762554775,0.6289977761488826,0.00033910744426234973,0.48451161712981716,0.0002462920992039869,0.5179108164026364,0.0003109531778449991,-0.005795765307037052,0.00020897140848541258,43.27329821482196,0.0007690492264471848,19583,0.14352696496687412
40,0.6,0.0,2440.0,0,4f9f288a,0.605,39.93333333333334,0.0471404520791038,0.5997502341311262,0.001,80.0,Scope_TrialNumber_0_40.00W_0.60Torr_0.00NitrogenFlow_2440.00MHz.csv,G:\My Drive\MiniChamberData\Data\NafisaData\LAS_0.6Torr_2Nitrogen_Freq_Sweep_4\LAS_DataFrame_4f9f288a_Laser_True_20260807_154812.csv,7f72a6df,4f9f288a|Scope_TrialNumber_0_40.00W_0.60Torr_0.00NitrogenFlow_2440.00MHz.csv,14,trailing partial,1.182379266932305,0.0006581512261449911,0.6045354455002453,0.0003044712025437542,0.4803223040875151,0.00022222130427161947,0.5021102438070868,0.0002794910921256155,-0.005725547279206733,0.00025608535331102044,35.466007906623815,0.0007744877632937791,18535,0.1435294832536994
40,0.6,0.0,2445.0,0,4f9f288a,0.605,39.86666666666667,0.1885618083164137,0.6235883332053115,0.002,80.0,Scope_TrialNumber_0_40.00W_0.60Torr_0.00NitrogenFlow_2445.00MHz.csv,G:\My Drive\MiniChamberData\Data\NafisaData\LAS_0.6Torr_2Nitrogen_Freq_Sweep_4\LAS_DataFrame_4f9f288a_Laser_True_20260807_154812.csv,7f72a6df,4f9f288a|Scope_TrialNumber_0_40.00W_0.60Torr_0.00NitrogenFlow_2445.00MHz.csv,1,full 1,1.2015632430434695,0.0008607400066147643,0.6244629539448429,0.0004006206312750548,0.4882337916868731,0.00029908605626236494,0.5102569283707951,0.00036552262599898655,-0.0065545573673390116,0.00025781943692521476,62.180368464625715,0.0007714240654866694,19554,0.14385433625123142
40,0.6,0.0,2445.0,0,4f9f288a,0.605,39.86666666666667,0.1885618083164137,0.6235883332053115,0.002,80.0,Scope_TrialNumber_0_40.00W_0.60Torr_0.00NitrogenFlow_2445.00MHz.csv,G:\My Drive\MiniChamberData\Data\NafisaData\LAS_0.6Torr_2Nitrogen_Freq_Sweep_4\LAS_DataFrame_4f9f288a_Laser_True_20260807_154812.csv,7f72a6df,4f9f288a|Scope_TrialNumber_0_40.00W_0.60Torr_0.00NitrogenFlow_2445.00MHz.csv,3,full 3,1.2077375989096009,0.0007508446848930773,0.6298225124163809,0.00035179343885899394,0.4899067046206196,0.0002584068397736345,0.5128789358907159,0.0003188543797550394,-0.006125828424712933,0.00023321662005115662,46.56617517849939,0.0007755598375834107,19472,0.14371453753488414
40,0.6,0.0,2445.0,0,4f9f288a,0.605,39.86666666666667,0.1885618083164137,0.6235883332053115,0.002,80.0,Scope_TrialNumber_0_40.00W_0.60Torr_0.00NitrogenFlow_2445.00MHz.csv,G:\My Drive\MiniChamberData\Data\NafisaData\LAS_0.6Torr_2Nitrogen_Freq_Sweep_4\LAS_DataFrame_4f9f288a_Laser_True_20260807_154812.csv,7f72a6df,4f9f288a|Scope_TrialNumber_0_40.00W_0.60Torr_0.00NitrogenFlow_2445.00MHz.csv,5,full 5,1.2649877421853488,0.0011654906369554425,0.6648955939653987,0.0005489846532466087,0.49378162853590774,0.0003917918649048256,0.5371908332675684,0.0004949383029989133,-0.006397296917769773,0.00025589978773280794,104.59006797047216,0.000773144007117725,19502,0.14367015429429655
40,0.6,0.0,2445.0,0,4f9f288a,0.605,39.86666666666667,0.1885618083164137,0.6235883332053115,0.002,80.0,Scope_TrialNumber_0_40.00W_0.60Torr_0.00NitrogenFlow_2445.00MHz.csv,G:\My Drive\MiniChamberData\Data\NafisaData\LAS_0.6Torr_2Nitrogen_Freq_Sweep_4\LAS_DataFrame_4f9f288a_Laser_True_20260807_154812.csv,7f72a6df,4f9f288a|Scope_TrialNumber_0_40.00W_0.60Torr_0.00NitrogenFlow_2445.00MHz.csv,7,full 7,1.1406796323144142,0.0007532370691748889,0.593710977366584,0.0003517617554075552,0.4889665854554647,0.00027470838076926467,0.48440203943457694,0.00031987033181764393,-0.0062390789549982,0.00023915434376798597,52.433450686371444,0.0007748076069362264,19495,0.1438390275897796
40,0.6,0.0,2445.0,0,4f9f288a,0.605,39.86666666666667,0.1885618083164137,0.6235883332053115,0.002,80.0,Scope_TrialNumber_0_40.00W_0.60Torr_0.00NitrogenFlow_2445.00MHz.csv,G:\My Drive\MiniChamberData\Data\NafisaData\LAS_0.6Torr_2Nitrogen_Freq_Sweep_4\LAS_DataFrame_4f9f288a_Laser_True_20260807_154812.csv,7f72a6df,4f9f288a|Scope_TrialNumber_0_40.00W_0.60Torr_0.00NitrogenFlow_2445.00MHz.csv,9,trailing partial,1.1729537947404147,0.0007965626948987411,0.6122382963384286,0.0003738249260175071,0.49035135195173835,0.0002841313155871376,0.4981076143017963,0.0003382690310368374,-0.006767663696838749,0.00032343681273219266,54.592680998731645,0.0007818681404120678,18490,0.14372760053368044
40,0.6,0.0,2450.0,0,4f9f288a,0.605,39.93333333333334,0.0471404520791004,0.640650622342649,0.002,79.99,Scope_TrialNumber_0_40.00W_0.60Torr_0.00NitrogenFlow_2450.00MHz.csv,G:\My Drive\MiniChamberData\Data\NafisaData\LAS_0.6Torr_2Nitrogen_Freq_Sweep_4\LAS_DataFrame_4f9f288a_Laser_True_20260807_154812.csv,7f72a6df,4f9f288a|Scope_TrialNumber_0_40.00W_0.60Torr_0.00NitrogenFlow_2450.00MHz.csv,1,full 1,1.195752288810587,0.0008734220618256525,0.6198241726797128,0.00040519414623698075,0.4869620066825807,0.00030520677240620966,0.5077892433155635,0.0003709081989805183,-0.006326348597521486,0.00019183405371827114,64.9571368425383,0.0007669093273210137,19540,0.14426299475254548
40,0.6,0.0,2450.0,0,4f9f288a,0.605,39.93333333333334,0.0471404520791004,0.640650622342649,0.002,79.99,Scope_TrialNumber_0_40.00W_0.60Torr_0.00NitrogenFlow_2450.00MHz.csv,G:\My Drive\MiniChamberData\Data\NafisaData\LAS_0.6Torr_2Nitrogen_Freq_Sweep_4\LAS_DataFrame_4f9f288a_Laser_True_20260807_154812.csv,7f72a6df,4f9f288a|Scope_TrialNumber_0_40.00W_0.60Torr_0.00NitrogenFlow_2450.00MHz.csv,3,full 3,1.205241666669588,0.0008656112392962923,0.6262724327233475,0.0004027484711663635,0.4881541073401374,0.00030064900680020943,0.5118190110589735,0.0003675912480543351,-0.006176093043868349,0.00019292584061129828,62.860692500938086,0.000767985258950631,19506,0.14430968457895174
40,0.6,0.0,2450.0,0,4f9f288a,0.605,39.93333333333334,0.0471404520791004,0.640650622342649,0.002,79.99,Scope_TrialNumber_0_40.00W_0.60Torr_0.00NitrogenFlow_2450.00MHz.csv,G:\My Drive\MiniChamberData\Data\NafisaData\LAS_0.6Torr_2Nitrogen_Freq_Sweep_4\LAS_DataFrame_4f9f288a_Laser_True_20260807_154812.csv,7f72a6df,4f9f288a|Scope_TrialNumber_0_40.00W_0.60Torr_0.00NitrogenFlow_2450.00MHz.csv,5,full 5,1.1974390971848097,0.000886717604868869,0.6236784556944629,0.00041322192336777175,0.4892998671737707,0.00031125722613165014,0.5085055648781314,0.0003765542962571541,-0.006080673002652788,0.00018450807078670284,65.37367672436467,0.0007782414968349866,19493,0.14426108369242074
40,0.6,0.0,2450.0,0,4f9f288a,0.605,39.93333333333334,0.0471404520791004,0.640650622342649,0.002,79.99,Scope_TrialNumber_0_40.00W_0.60Torr_0.00NitrogenFlow_2450.00MHz.csv,G:\My Drive\MiniChamberData\Data\NafisaData\LAS_0.6Torr_2Nitrogen_Freq_Sweep_4\LAS_DataFrame_4f9f288a_Laser_True_20260807_154812.csv,7f72a6df,4f9f288a|Scope_TrialNumber_0_40.00W_0.60Torr_0.00NitrogenFlow_2450.00MHz.csv,7,full 7,1.1601260812649654,0.0007012383951202791,0.5935143968979316,0.00032294142258563796,0.480611167092202,0.00023881792374745174,0.4926601859505225,0.00029778852808731834,-0.005872853228182806,0.00018100266723793942,40.514042690169106,0.0007814238017167722,19501,0.14425654812606473
40,0.6,0.0,2450.0,0,4f9f288a,0.605,39.93333333333334,0.0471404520791004,0.640650622342649,0.002,79.99,Scope_TrialNumber_0_40.00W_0.60Torr_0.00NitrogenFlow_2450.00MHz.csv,G:\My Drive\MiniChamberData\Data\NafisaData\LAS_0.6Torr_2Nitrogen_Freq_Sweep_4\LAS_DataFrame_4f9f288a_Laser_True_20260807_154812.csv,7f72a6df,4f9f288a|Scope_TrialNumber_0_40.00W_0.60Torr_0.00NitrogenFlow_2450.00MHz.csv,9,trailing partial,1.270912772029898,0.0009321215633949711,0.6583996708238281,0.00043381246281620225,0.4866779283896698,0.0003058463480835032,0.5397069617747349,0.0003958355821549499,-0.006495164744639396,0.0002420282234302485,65.42870841876889,0.0007653978214353363,18597,0.14427454136160903
40,0.6,0.0,2455.0,0,4f9f288a,0.605,40.06666666666666,0.2054804667656293,0.6518296660305993,-0.002,80.0,Scope_TrialNumber_0_40.00W_0.60Torr_0.00NitrogenFlow_2455.00MHz.csv,G:\My Drive\MiniChamberData\Data\NafisaData\LAS_0.6Torr_2Nitrogen_Freq_Sweep_4\LAS_DataFrame_4f9f288a_Laser_True_20260807_154812.csv,7f72a6df,4f9f288a|Scope_TrialNumber_0_40.00W_0.60Torr_0.00NitrogenFlow_2455.00MHz.csv,1,full 1,1.1777566608973074,0.0010984912183744013,0.6017205213752344,0.0005040008800167886,0.4799622094328144,0.0003819980455419509,0.5001472037672535,0.000466486269595163,-0.005605336069840729,0.00012834432297137573,97.53049278957903,0.0007862509010542367,19546,0.14606344651918807
40,0.6,0.0,2455.0,0,4f9f288a,0.605,40.06666666666666,0.2054804667656293,0.6518296660305993,-0.002,80.0,Scope_TrialNumber_0_40.00W_0.60Torr_0.00NitrogenFlow_2455.00MHz.csv,G:\My Drive\MiniChamberData\Data\NafisaData\LAS_0.6Torr_2Nitrogen_Freq_Sweep_4\LAS_DataFrame_4f9f288a_Laser_True_20260807_154812.csv,7f72a6df,4f9f288a|Scope_TrialNumber_0_40.00W_0.60Torr_0.00NitrogenFlow_2455.00MHz.csv,3,full 3,1.2279501919424496,0.0007972444055366714,0.6270319340728268,0.000365228799091355,0.479707709374879,0.0002653320770299287,0.52146243384229,0.0003385585268899787,-0.005242240671019693,9.27399822605201e-05,47.551894815039844,0.000785261085206959,19595,0.1460892051951358
40,0.6,0.0,2455.0,0,4f9f288a,0.605,40.06666666666666,0.2054804667656293,0.6518296660305993,-0.002,80.0,Scope_TrialNumber_0_40.00W_0.60Torr_0.00NitrogenFlow_2455.00MHz.csv,G:\My Drive\MiniChamberData\Data\NafisaData\LAS_0.6Torr_2Nitrogen_Freq_Sweep_4\LAS_DataFrame_4f9f288a_Laser_True_20260807_154812.csv,7f72a6df,4f9f288a|Scope_TrialNumber_0_40.00W_0.60Torr_0.00NitrogenFlow_2455.00MHz.csv,5,full 5,1.2161657408956454,0.0010665986464234508,0.6254809121655298,0.0004918530722369502,0.48315790047713636,0.0003628822256810275,0.516458038253051,0.00045294274128256475,-0.005423558317540612,0.00010875162375074949,89.74294624050057,0.0007787456960158755,19554,0.14611688351319546
40,0.6,0.0,2455.0,0,4f9f288a,0.605,40.06666666666666,0.2054804667656293,0.6518296660305993,-0.002,80.0,Scope_TrialNumber_0_40.00W_0.60Torr_0.00NitrogenFlow_2455.00MHz.csv,G:\My Drive\MiniChamberData\Data\NafisaData\LAS_0.6Torr_2Nitrogen_Freq_Sweep_4\LAS_DataFrame_4f9f288a_Laser_True_20260807_154812.csv,7f72a6df,4f9f288a|Scope_TrialNumber_0_40.00W_0.60Torr_0.00NitrogenFlow_2455.00MHz.csv,7,full 7,1.1861685733349212,0.0010226732027465847,0.6118139275695684,0.0004718103410561774,0.48455238497050795,0.00036032767814285347,0.5037194140749433,0.0004342893228315218,-0.005572430343089841,0.00011750318331809408,86.92080769678968,0.0007781638026478067,19573,0.14605597785285288
40,0.6,0.0,2455.0,0,4f9f288a,0.605,40.06666666666666,0.2054804667656293,0.6518296660305993,-0.002,80.0,Scope_TrialNumber_0_40.00W_0.60Torr_0.00NitrogenFlow_2455.00MHz.csv,G:\My Drive\MiniChamberData\Data\NafisaData\LAS_0.6Torr_2Nitrogen_Freq_Sweep_4\LAS_DataFrame_4f9f288a_Laser_True_20260807_154812.csv,7f72a6df,4f9f288a|Scope_TrialNumber_0_40.00W_0.60Torr_0.00NitrogenFlow_2455.00MHz.csv,9,trailing partial,1.1752807871943258,0.0008033537674002876,0.5983066819902283,0.0003675292590838526,0.47824452444127513,0.000278785430023562,0.49909579701190254,0.00034115293399828735,-0.0056052258763147405,0.00015434721949864633,51.7610454479857,0.000787702445858638,18621,0.14609170081967215
40,0.6,0.0,2460.0,0,4f9f288a,0.605,40.1,0.1632993161855417,0.6562535302467439,0.004,80.0,Scope_TrialNumber_0_40.00W_0.60Torr_0.00NitrogenFlow_2460.00MHz.csv,G:\My Drive\MiniChamberData\Data\NafisaData\LAS_0.6Torr_2Nitrogen_Freq_Sweep_4\LAS_DataFrame_4f9f288a_Laser_True_20260807_154812.csv,7f72a6df,4f9f288a|Scope_TrialNumber_0_40.00W_0.60Torr_0.00NitrogenFlow_2460.00MHz.csv,0,full 0,1.1768316901475004,0.000677083087938818,0.5800698221577365,0.0003002462482465853,0.4630562039974925,0.00022511153315027863,0.4997544048560336,0.000287530713596384,-0.006232012029926392,0.00015663794626970924,33.053327856941046,0.0008078789560757165,19628,0.14870470963541665
40,0.6,0.0,2460.0,0,4f9f288a,0.605,40.1,0.1632993161855417,0.6562535302467439,0.004,80.0,Scope_TrialNumber_0_40.00W_0.60Torr_0.00NitrogenFlow_2460.00MHz.csv,G:\My Drive\MiniChamberData\Data\NafisaData\LAS_0.6Torr_2Nitrogen_Freq_Sweep_4\LAS_DataFrame_4f9f288a_Laser_True_20260807_154812.csv,7f72a6df,4f9f288a|Scope_TrialNumber_0_40.00W_0.60Torr_0.00NitrogenFlow_2460.00MHz.csv,1,full 1,1.1476051828470273,0.0008987716016007508,0.5700253126617966,0.00039954542023534875,0.46662653369028684,0.0003136492046006448,0.48734304995774924,0.00038167315735964795,-0.006268323288855749,0.00015401810183714857,62.10998954461019,0.0008069749460628775,19651,0.14867514453125
40,0.6,0.0,2460.0,0,4f9f288a,0.605,40.1,0.1632993161855417,0.6562535302467439,0.004,80.0,Scope_TrialNumber_0_40.00W_0.60Torr_0.00NitrogenFlow_2460.00MHz.csv,G:\My Drive\MiniChamberData\Data\NafisaData\LAS_0.6Torr_2Nitrogen_Freq_Sweep_4\LAS_DataFrame_4f9f288a_Laser_True_20260807_154812.csv,7f72a6df,4f9f288a|Scope_TrialNumber_0_40.00W_0.60Torr_0.00NitrogenFlow_2460.00MHz.csv,2,full 2,1.226024897115851,0.0007358620066800798,0.6075986095391103,0.0003274828508024784,0.4655703041837796,0.00023756883721247186,0.5206448364081839,0.00031249182213853984,-0.00596127606045813,0.00014881401624078185,38.65122300144487,0.0007837748366388953,19602,0.14867418489583334
40,0.6,0.0,2460.0,0,4f9f288a,0.605,40.1,0.1632993161855417,0.6562535302467439,0.004,80.0,Scope_TrialNumber_0_40.00W_0.60Torr_0.00NitrogenFlow_2460.00MHz.csv,G:\My Drive\MiniChamberData\Data\NafisaData\LAS_0.6Torr_2Nitrogen_Freq_Sweep_4\LAS_DataFrame_4f9f288a_Laser_True_20260807_154812.csv,7f72a6df,4f9f288a|Scope_TrialNumber_0_40.00W_0.60Torr_0.00NitrogenFlow_2460.00MHz.csv,3,full 3,1.1952671242262027,0.0009249500566507252,0.5955349257640137,0.0004126113441524841,0.46806918611815296,0.00031067664365177757,0.5075832128864409,0.0003927901236455496,-0.006246488822055018,0.00016070237938547915,62.410019575082586,0.0007988105210883206,19594,0.14872313802083334
40,0.6,0.0,2460.0,0,4f9f288a,0.605,40.1,0.1632993161855417,0.6562535302467439,0.004,80.0,Scope_TrialNumber_0_40.00W_0.60Torr_0.00NitrogenFlow_2460.00MHz.csv,G:\My Drive\MiniChamberData\Data\NafisaData\LAS_0.6Torr_2Nitrogen_Freq_Sweep_4\LAS_DataFrame_4f9f288a_Laser_True_20260807_154812.csv,7f72a6df,4f9f288a|Scope_TrialNumber_0_40.00W_0.60Torr_0.00NitrogenFlow_2460.00MHz.csv,4,trailing partial,1.1057442453799387,0.0007542263969435658,0.5494364385462613,0.00033688231510611616,0.46679969152267464,0.0002719441336381481,0.4695663465721033,0.00032029046063842767,-0.006056724663245904,0.00020173637473769608,49.28916013255513,0.0007882401953249257,18546,0.14874107236731432
45,0.6,0.0,2410.0,0,4f9f288a,0.605,45.0,4.1023203976182695e-15,0.5609993460821366,0.01,80.01,Scope_TrialNumber_0_45.00W_0.60Torr_0.00NitrogenFlow_2410.00MHz.csv,G:\My Drive\MiniChamberData\Data\NafisaData\LAS_0.6Torr_2Nitrogen_Freq_Sweep_4\LAS_DataFrame_4f9f288a_Laser_True_20260807_154812.csv,7f72a6df,4f9f288a|Scope_TrialNumber_0_45.00W_0.60Torr_0.00NitrogenFlow_2410.00MHz.csv,1,full 1,1.1991491516456818,0.0010378808237110505,0.4874279271884751,0.00037762878264202337,0.3818607258752855,0.00028426277789752246,0.5092317581447806,0.0004407474048393407,-0.003200935890440258,9.780646868804422e-05,50.20990589941526,0.0008133866733634338,19583,0.1791383721974405
45,0.6,0.0,2410.0,0,4f9f288a,0.605,45.0,4.1023203976182695e-15,0.5609993460821366,0.01,80.01,Scope_TrialNumber_0_45.00W_0.60Torr_0.00NitrogenFlow_2410.00MHz.csv,G:\My Drive\MiniChamberData\Data\NafisaData\LAS_0.6Torr_2Nitrogen_Freq_Sweep_4\LAS_DataFrame_4f9f288a_Laser_True_20260807_154812.csv,7f72a6df,4f9f288a|Scope_TrialNumber_0_45.00W_0.60Torr_0.00NitrogenFlow_2410.00MHz.csv,3,full 3,1.234221184830392,0.0008122483812892674,0.49544838880969916,0.00029356419643855364,0.37711448469706205,0.00020792379297010304,0.5241254793268801,0.000344930128738815,-0.002865411636018259,9.307805888035172e-05,28.009599289472987,0.0008174271896454976,19588,0.17914954745556
45,0.6,0.0,2410.0,0,4f9f288a,0.605,45.0,4.1023203976182695e-15,0.5609993460821366,0.01,80.01,Scope_TrialNumber_0_45.00W_0.60Torr_0.00NitrogenFlow_2410.00MHz.csv,G:\My Drive\MiniChamberData\Data\NafisaData\LAS_0.6Torr_2Nitrogen_Freq_Sweep_4\LAS_DataFrame_4f9f288a_Laser_True_20260807_154812.csv,7f72a6df,4f9f288a|Scope_TrialNumber_0_45.00W_0.60Torr_0.00NitrogenFlow_2410.00MHz.csv,5,full 5,1.2475219135763176,0.0009363930942821928,0.5068265290870403,0.0003411248799047686,0.3816620213855597,0.0002452394528745949,0.5297737787686962,0.0003976495343065104,-0.0028546768964313506,8.482898381873749e-05,38.81036523987537,0.0008034209532164973,19590,0.17906598623153902
45,0.6,0.0,2410.0,0,4f9f288a,0.605,45.0,4.1023203976182695e-15,0.5609993460821366,0.01,80.01,Scope_TrialNumber_0_45.00W_0.60Torr_0.00NitrogenFlow_2410.00MHz.csv,G:\My Drive\MiniChamberData\Data\NafisaData\LAS_0.6Torr_2Nitrogen_Freq_Sweep_4\LAS_DataFrame_4f9f288a_Laser_True_20260807_154812.csv,7f72a6df,4f9f288a|Scope_TrialNumber_0_45.00W_0.60Torr_0.00NitrogenFlow_2410.00MHz.csv,7,full 7,1.2052001955976386,0.0009566817119749168,0.489489236194979,0.00034798366987131635,0.38155025006094767,0.00025979993952173245,0.5118013999162295,0.0004062653169585802,-0.0031077475438755003,0.00010390356861909999,42.97256046105489,0.0008066127125018447,19611,0.17919108725524593
45,0.6,0.0,2410.0,0,4f9f288a,0.605,45.0,4.1023203976182695e-15,0.5609993460821366,0.01,80.01,Scope_TrialNumber_0_45.00W_0.60Torr_0.00NitrogenFlow_2410.00MHz.csv,G:\My Drive\MiniChamberData\Data\NafisaData\LAS_0.6Torr_2Nitrogen_Freq_Sweep_4\LAS_DataFrame_4f9f288a_Laser_True_20260807_154812.csv,7f72a6df,4f9f288a|Scope_TrialNumber_0_45.00W_0.60Torr_0.00NitrogenFlow_2410.00MHz.csv,9,trailing partial,1.2348166444838204,0.0010848088477522343,0.502093635626826,0.00039638301081765026,0.3819882739779996,0.0002878087676348744,0.5243783477593046,0.00046067590177064965,-0.003240376093511066,0.00014481795392363317,53.87466792479781,0.0007976456110076681,18577,0.17924991865269915
45,0.6,0.0,2415.0,0,4f9f288a,0.605,45.03333333333333,0.0471404520791004,0.5212468048747665,0.002,80.0,Scope_TrialNumber_0_45.00W_0.60Torr_0.00NitrogenFlow_2415.00MHz.csv,G:\My Drive\MiniChamberData\Data\NafisaData\LAS_0.6Torr_2Nitrogen_Freq_Sweep_4\LAS_DataFrame_4f9f288a_Laser_True_20260807_154812.csv,7f72a6df,4f9f288a|Scope_TrialNumber_0_45.00W_0.60Torr_0.00NitrogenFlow_2415.00MHz.csv,2,full 2,1.1446541653307765,0.0007610312244510892,0.46043143806523346,0.00027518011804336575,0.3778839673193125,0.00021305986926393767,0.4860898682029574,0.0003231802048130973,-0.0024967559230989187,0.00011671469275653551,29.145126963081214,0.0008141970690473769,19602,0.17875162035298928
45,0.6,0.0,2415.0,0,4f9f288a,0.605,45.03333333333333,0.0471404520791004,0.5212468048747665,0.002,80.0,Scope_TrialNumber_0_45.00W_0.60Torr_0.00NitrogenFlow_2415.00MHz.csv,G:\My Drive\MiniChamberData\Data\NafisaData\LAS_0.6Torr_2Nitrogen_Freq_Sweep_4\LAS_DataFrame_4f9f288a_Laser_True_20260807_154812.csv,7f72a6df,4f9f288a|Scope_TrialNumber_0_45.00W_0.60Torr_0.00NitrogenFlow_2415.00MHz.csv,5,full 5,1.2272140106890472,0.0010930622494488163,0.4982694094535799,0.00039722136958652665,0.3814272441475241,0.0002931561844920203,0.5211498064485509,0.00046418079876437026,-0.0025393944254522133,0.00013149554639070127,52.64014688454399,0.0008188916443423595,19578,0.17874609707413527
45,0.6,0.0,2415.0,0,4f9f288a,0.605,45.03333333333333,0.0471404520791004,0.5212468048747665,0.002,80.0,Scope_TrialNumber_0_45.00W_0.60Torr_0.00NitrogenFlow_2415.00MHz.csv,G:\My Drive\MiniChamberData\Data\NafisaData\LAS_0.6Torr_2Nitrogen_Freq_Sweep_4\LAS_DataFrame_4f9f288a_Laser_True_20260807_154812.csv,7f72a6df,4f9f288a|Scope_TrialNumber_0_45.00W_0.60Torr_0.00NitrogenFlow_2415.00MHz.csv,8,full 8,1.2742770460464894,0.001016442719298057,0.5173043560057202,0.00036975400152973405,0.3813731071851699,0.0002606982249330321,0.5411356374069517,0.00043164348012193776,-0.002481587843527011,0.00012285219219882924,43.19031018944244,0.0008108454207525889,19503,0.17876728550332882
45,0.6,0.0,2415.0,0,4f9f288a,0.605,45.03333333333333,0.0471404520791004,0.5212468048747665,0.002,80.0,Scope_TrialNumber_0_45.00W_0.60Torr_0.00NitrogenFlow_2415.00MHz.csv,G:\My Drive\MiniChamberData\Data\NafisaData\LAS_0.6Torr_2Nitrogen_Freq_Sweep_4\LAS_DataFrame_4f9f288a_Laser_True_20260807_154812.csv,7f72a6df,4f9f288a|Scope_TrialNumber_0_45.00W_0.60Torr_0.00NitrogenFlow_2415.00MHz.csv,11,full 11,1.2503040680664548,0.0009274661198638363,0.5056110950874888,0.00033613757987081155,0.3798995167502686,0.0002407548337927169,0.5309552509988177,0.0003938585973144485,-0.00269996467152626,0.00014129399180497996,37.76957853780212,0.0008013470981428663,19571,0.17868263737673323
45,0.6,0.0,2415.0,0,4f9f288a,0.605,45.03333333333333,0.0471404520791004,0.5212468048747665,0.002,80.0,Scope_TrialNumber_0_45.00W_0.60Torr_0.00NitrogenFlow_2415.00MHz.csv,G:\My Drive\MiniChamberData\Data\NafisaData\LAS_0.6Torr_2Nitrogen_Freq_Sweep_4\LAS_DataFrame_4f9f288a_Laser_True_20260807_154812.csv,7f72a6df,4f9f288a|Scope_TrialNumber_0_45.00W_0.60Torr_0.00NitrogenFlow_2415.00MHz.csv,14,trailing partial,1.1639468215478954,0.000860929121033099,0.4712493651369963,0.0003133746371649212,0.3803517591847482,0.0002400474568903098,0.4942827049582881,0.00036560293549810674,-0.002907375389995117,0.00017142382537961744,37.730473820457306,0.0008008313967561147,18682,0.17868253802985173
45,0.6,0.0,2420.0,0,4f9f288a,0.605,45.1,0.0816496580927737,0.4697037819468261,0.002,80.0,Scope_TrialNumber_0_45.00W_0.60Torr_0.00NitrogenFlow_2420.00MHz.csv,G:\My Drive\MiniChamberData\Data\NafisaData\LAS_0.6Torr_2Nitrogen_Freq_Sweep_4\LAS_DataFrame_4f9f288a_Laser_True_20260807_154812.csv,7f72a6df,4f9f288a|Scope_TrialNumber_0_45.00W_0.60Torr_0.00NitrogenFlow_2420.00MHz.csv,1,full 1,1.2751371605598407,0.0011010336049299678,0.5042764623763356,0.0003903276505551427,0.37151776466080016,0.00027598647940040466,0.5415008944104184,0.00046756592175836395,-0.002489242908550156,0.00018564081422953193,49.33366670461925,0.0008021532469104965,19623,0.18282930019228524
45,0.6,0.0,2420.0,0,4f9f288a,0.605,45.1,0.0816496580927737,0.4697037819468261,0.002,80.0,Scope_TrialNumber_0_45.00W_0.60Torr_0.00NitrogenFlow_2420.00MHz.csv,G:\My Drive\MiniChamberData\Data\NafisaData\LAS_0.6Torr_2Nitrogen_Freq_Sweep_4\LAS_DataFrame_4f9f288a_Laser_True_20260807_154812.csv,7f72a6df,4f9f288a|Scope_TrialNumber_0_45.00W_0.60Torr_0.00NitrogenFlow_2420.00MHz.csv,3,full 3,1.2624733343948544,0.0010359227995924204,0.49502466313639415,0.0003639117594338844,0.36835995640967517,0.00025879307915972234,0.536123062591928,0.00043991590855461965,-0.0021061832076536982,0.0001917948403434693,40.90032495248518,0.0008285550574223491,19563,0.18284500809182977
45,0.6,0.0,2420.0,0,4f9f288a,0.605,45.1,0.0816496580927737,0.4697037819468261,0.002,80.0,Scope_TrialNumber_0_45.00W_0.60Torr_0.00NitrogenFlow_2420.00MHz.csv,G:\My Drive\MiniChamberData\Data\NafisaData\LAS_0.6Torr_2Nitrogen_Freq_Sweep_4\LAS_DataFrame_4f9f288a_Laser_True_20260807_154812.csv,7f72a6df,4f9f288a|Scope_TrialNumber_0_45.00W_0.60Torr_0.00NitrogenFlow_2420.00MHz.csv,5,full 5,1.2366599697820109,0.0009718295060326918,0.488644578707423,0.0003442561153676628,0.37120222574452466,0.00024963907637462853,0.5251611359396924,0.00041269799281835103,-0.0019188940279129497,0.0001750730998532412,40.18772210371022,0.0008073014783684999,19502,0.18288953010035536
45,0.6,0.0,2420.0,0,4f9f288a,0.605,45.1,0.0816496580927737,0.4697037819468261,0.002,80.0,Scope_TrialNumber_0_45.00W_0.60Torr_0.00NitrogenFlow_2420.00MHz.csv,G:\My Drive\MiniChamberData\Data\NafisaData\LAS_0.6Torr_2Nitrogen_Freq_Sweep_4\LAS_DataFrame_4f9f288a_Laser_True_20260807_154812.csv,7f72a6df,4f9f288a|Scope_TrialNumber_0_45.00W_0.60Torr_0.00NitrogenFlow_2420.00MHz.csv,7,full 7,1.2250596358073005,0.0010963067321173377,0.48494247516312544,0.00038871736329368145,0.37187825463933627,0.00028596877045777126,0.5202349276720207,0.0004655586036948861,-0.002223970679525246,0.0001961584251216968,50.432938566513045,0.0008198452899911339,19452,0.18288885239406072
45,0.6,0.0,2420.0,0,4f9f288a,0.605,45.1,0.0816496580927737,0.4697037819468261,0.002,80.0,Scope_TrialNumber_0_45.00W_0.60Torr_0.00NitrogenFlow_2420.00MHz.csv,G:\My Drive\MiniChamberData\Data\NafisaData\LAS_0.6Torr_2Nitrogen_Freq_Sweep_4\LAS_DataFrame_4f9f288a_Laser_True_20260807_154812.csv,7f72a6df,4f9f288a|Scope_TrialNumber_0_45.00W_0.60Torr_0.00NitrogenFlow_2420.00MHz.csv,9,trailing partial,1.2328291156406788,0.0009579942655540801,0.48870555098559104,0.00034154922256840486,0.37240214972107244,0.0002471580334403278,0.5235343219717139,0.000406822707142995,-0.002831755666778576,0.0002442006290318003,38.87491188945655,0.0008117943781419135,18605,0.18279177046543896
45,0.6,0.0,2425.0,0,4f9f288a,0.605,46.4,1.2083045973594524,0.4367859389588467,-0.015,79.99,Scope_TrialNumber_0_45.00W_0.60Torr_0.00NitrogenFlow_2425.00MHz.csv,G:\My Drive\MiniChamberData\Data\NafisaData\LAS_0.6Torr_2Nitrogen_Freq_Sweep_4\LAS_DataFrame_4f9f288a_Laser_True_20260807_154812.csv,7f72a6df,4f9f288a|Scope_TrialNumber_0_45.00W_0.60Torr_0.00NitrogenFlow_2425.00MHz.csv,1,full 1,1.2761393238723187,0.0010533449109296903,0.4882950742569055,0.0003614182088474769,0.35946121805133563,0.0002537388280176495,0.5419264739847865,0.00044731439803751384,-0.021826294449414217,0.0004626603040918912,42.68890904864363,0.0007979457480851895,19548,0.16145725936935582
45,0.6,0.0,2425.0,0,4f9f288a,0.605,46.4,1.2083045973594524,0.4367859389588467,-0.015,79.99,Scope_TrialNumber_0_45.00W_0.60Torr_0.00NitrogenFlow_2425.00MHz.csv,G:\My Drive\MiniChamberData\Data\NafisaData\LAS_0.6Torr_2Nitrogen_Freq_Sweep_4\LAS_DataFrame_4f9f288a_Laser_True_20260807_154812.csv,7f72a6df,4f9f288a|Scope_TrialNumber_0_45.00W_0.60Torr_0.00NitrogenFlow_2425.00MHz.csv,3,full 3,1.2657199211882948,0.0012760504646731072,0.47962400921447795,0.00043363544407102933,0.35598450057770376,0.0003089492036346419,0.5375017610620261,0.0005418887389572634,-0.023200530010361094,0.0007761857878971261,60.436241040383,0.0008135885357416075,19545,0.16177432044994647
45,0.6,0.0,2425.0,0,4f9f288a,0.605,46.4,1.2083045973594524,0.4367859389588467,-0.015,79.99,Scope_TrialNumber_0_45.00W_0.60Torr_0.00NitrogenFlow_2425.00MHz.csv,G:\My Drive\MiniChamberData\Data\NafisaData\LAS_0.6Torr_2Nitrogen_Freq_Sweep_4\LAS_DataFrame_4f9f288a_Laser_True_20260807_154812.csv,7f72a6df,4f9f288a|Scope_TrialNumber_0_45.00W_0.60Torr_0.00NitrogenFlow_2425.00MHz.csv,5,full 5,1.1615094542934363,0.000979923149886338,0.448033744977434,0.00033861844226248033,0.36237294547314186,0.00026199838759124886,0.49324765038602797,0.00041613504690268555,-0.012803630545341754,0.00035677071394555514,44.6222324981339,0.0008022729026012764,19537,0.16211014661460946
45,0.6,0.0,2425.0,0,4f9f288a,0.605,46.4,1.2083045973594524,0.4367859389588467,-0.015,79.99,Scope_TrialNumber_0_45.00W_0.60Torr_0.00NitrogenFlow_2425.00MHz.csv,G:\My Drive\MiniChamberData\Data\NafisaData\LAS_0.6Torr_2Nitrogen_Freq_Sweep_4\LAS_DataFrame_4f9f288a_Laser_True_20260807_154812.csv,7f72a6df,4f9f288a|Scope_TrialNumber_0_45.00W_0.60Torr_0.00NitrogenFlow_2425.00MHz.csv,7,full 7,1.159690678692256,0.0009018187227753766,0.4427539014499161,0.00030897648092209574,0.3586641920592168,0.00023698111953089808,0.4924752875020708,0.0003829671505805124,-0.012595189974198737,0.0003701070284925209,35.96530743312932,0.0008156574641436242,19477,0.16252211570197866
45,0.6,0.0,2425.0,0,4f9f288a,0.605,46.4,1.2083045973594524,0.4367859389588467,-0.015,79.99,Scope_TrialNumber_0_45.00W_0.60Torr_0.00NitrogenFlow_2425.00MHz.csv,G:\My Drive\MiniChamberData\Data\NafisaData\LAS_0.6Torr_2Nitrogen_Freq_Sweep_4\LAS_DataFrame_4f9f288a_Laser_True_20260807_154812.csv,7f72a6df,4f9f288a|Scope_TrialNumber_0_45.00W_0.60Torr_0.00NitrogenFlow_2425.00MHz.csv,9,trailing partial,1.2786088670768938,0.0009839013073949562,0.48509078229860364,0.0003365706883619438,0.35641264203549383,0.00023305287398011208,0.5429751924249859,0.0004178244148512099,-0.012647670943436294,0.00042553252756686693,35.73753887350982,0.0008034641552101061,18575,0.16288310214442198
45,0.6,0.0,2430.0,0,4f9f288a,0.605,44.9,0.1414213562373081,0.5528748999433241,0.003,80.0,Scope_TrialNumber_0_45.00W_0.60Torr_0.00NitrogenFlow_2430.00MHz.csv,G:\My Drive\MiniChamberData\Data\NafisaData\LAS_0.6Torr_2Nitrogen_Freq_Sweep_4\LAS_DataFrame_4f9f288a_Laser_True_20260807_154812.csv,7f72a6df,4f9f288a|Scope_TrialNumber_0_45.00W_0.60Torr_0.00NitrogenFlow_2430.00MHz.csv,2,full 2,1.2004581911877903,0.000788725061559915,0.45051683165197354,0.0002668086847308674,0.352558972434311,0.00019498184829494443,0.5097876560550565,0.00033494069460817283,-0.006061987502926714,0.00024292611418558877,24.774893857812618,0.0008116920690892136,19578,0.15103814769897378
45,0.6,0.0,2430.0,0,4f9f288a,0.605,44.9,0.1414213562373081,0.5528748999433241,0.003,80.0,Scope_TrialNumber_0_45.00W_0.60Torr_0.00NitrogenFlow_2430.00MHz.csv,G:\My Drive\MiniChamberData\Data\NafisaData\LAS_0.6Torr_2Nitrogen_Freq_Sweep_4\LAS_DataFrame_4f9f288a_Laser_True_20260807_154812.csv,7f72a6df,4f9f288a|Scope_TrialNumber_0_45.00W_0.60Torr_0.00NitrogenFlow_2430.00MHz.csv,5,full 5,1.23162848609372,0.0009172026025382305,0.4658061128414662,0.0003110557982283133,0.3552983971955251,0.0002258404487957975,0.5230244615475629,0.00038950008280831314,-0.006284967897641262,0.00024384565869045474,31.807175520970006,0.0008202746329971487,19607,0.15096301545368698
45,0.6,0.0,2430.0,0,4f9f288a,0.605,44.9,0.1414213562373081,0.5528748999433241,0.003,80.0,Scope_TrialNumber_0_45.00W_0.60Torr_0.00NitrogenFlow_2430.00MHz.csv,G:\My Drive\MiniChamberData\Data\NafisaData\LAS_0.6Torr_2Nitrogen_Freq_Sweep_4\LAS_DataFrame_4f9f288a_Laser_True_20260807_154812.csv,7f72a6df,4f9f288a|Scope_TrialNumber_0_45.00W_0.60Torr_0.00NitrogenFlow_2430.00MHz.csv,8,full 8,1.1885870479188418,0.0008422121710519022,0.45023670744575894,0.0002864887249312536,0.3558587887644689,0.00021417629059713685,0.5047464456687264,0.00035765457867114133,-0.006437994609626216,0.00024368765715362622,30.34054220865123,0.0007997949929492944,19467,0.15092190686004148
45,0.6,0.0,2430.0,0,4f9f288a,0.605,44.9,0.1414213562373081,0.5528748999433241,0.003,80.0,Scope_TrialNumber_0_45.00W_0.60Torr_0.00NitrogenFlow_2430.00MHz.csv,G:\My Drive\MiniChamberData\Data\NafisaData\LAS_0.6Torr_2Nitrogen_Freq_Sweep_4\LAS_DataFrame_4f9f288a_Laser_True_20260807_154812.csv,7f72a6df,4f9f288a|Scope_TrialNumber_0_45.00W_0.60Torr_0.00NitrogenFlow_2430.00MHz.csv,11,full 11,1.2373702080321403,0.0009405801312377854,0.46923458229799553,0.0003198083479248601,0.35625268509321223,0.0002311484463070504,0.525462746354309,0.00039942760518900855,-0.0065437942953787825,0.0002697915017668047,35.83156717894963,0.0007916347997128574,19563,0.15092812479108172
45,0.6,0.0,2430.0,0,4f9f288a,0.605,44.9,0.1414213562373081,0.5528748999433241,0.003,80.0,Scope_TrialNumber_0_45.00W_0.60Torr_0.00NitrogenFlow_2430.00MHz.csv,G:\My Drive\MiniChamberData\Data\NafisaData\LAS_0.6Torr_2Nitrogen_Freq_Sweep_4\LAS_DataFrame_4f9f288a_Laser_True_20260807_154812.csv,7f72a6df,4f9f288a|Scope_TrialNumber_0_45.00W_0.60Torr_0.00NitrogenFlow_2430.00MHz.csv,14,trailing partial,1.1737341216141948,0.0009183702584481947,0.4396281023658813,0.0003093045731478953,0.35187102472449805,0.00023480001288263868,0.49843898861442226,0.000389995940618097,-0.006556589414437796,0.0003149354018115923,35.39636309306778,0.0008058757965727989,18565,0.15091751349450955
45,0.6,0.0,2435.0,0,4f9f288a,0.605,44.93333333333334,0.0471404520791038,0.5905860951191585,0.004,80.02,Scope_TrialNumber_0_45.00W_0.60Torr_0.00NitrogenFlow_2435.00MHz.csv,G:\My Drive\MiniChamberData\Data\NafisaData\LAS_0.6Torr_2Nitrogen_Freq_Sweep_4\LAS_DataFrame_4f9f288a_Laser_True_20260807_154812.csv,7f72a6df,4f9f288a|Scope_TrialNumber_0_45.00W_0.60Torr_0.00NitrogenFlow_2435.00MHz.csv,0,full 0,1.236869813689144,0.0008669884544224132,0.5370349365623566,0.0003374220493550441,0.40789308121766177,0.00024457195573179293,0.5252502484421853,0.00036817609746948556,-0.005204193632785401,0.0002120035623335276,40.3771581175643,0.0007853071126972038,19539,0.14799924999999997
45,0.6,0.0,2435.0,0,4f9f288a,0.605,44.93333333333334,0.0471404520791038,0.5905860951191585,0.004,80.02,Scope_TrialNumber_0_45.00W_0.60Torr_0.00NitrogenFlow_2435.00MHz.csv,G:\My Drive\MiniChamberData\Data\NafisaData\LAS_0.6Torr_2Nitrogen_Freq_Sweep_4\LAS_DataFrame_4f9f288a_Laser_True_20260807_154812.csv,7f72a6df,4f9f288a|Scope_TrialNumber_0_45.00W_0.60Torr_0.00NitrogenFlow_2435.00MHz.csv,1,full 1,1.1673626513454587,0.0008297301783595348,0.5065001729864015,0.00032243662914433884,0.40760696226046755,0.0002480056247181108,0.49573327431486003,0.00035235396441880964,-0.004849588962017436,0.0002132595152967051,42.23385083000912,0.0007765426207494015,19577,0.1479421288772772
45,0.6,0.0,2435.0,0,4f9f288a,0.605,44.93333333333334,0.0471404520791038,0.5905860951191585,0.004,80.02,Scope_TrialNumber_0_45.00W_0.60Torr_0.00NitrogenFlow_2435.00MHz.csv,G:\My Drive\MiniChamberData\Data\NafisaData\LAS_0.6Torr_2Nitrogen_Freq_Sweep_4\LAS_DataFrame_4f9f288a_Laser_True_20260807_154812.csv,7f72a6df,4f9f288a|Scope_TrialNumber_0_45.00W_0.60Torr_0.00NitrogenFlow_2435.00MHz.csv,2,full 2,1.2702491301076935,0.0012095490168364932,0.5520741564979551,0.0004717188083578034,0.40829710560547555,0.0003326742944785117,0.5394251389986782,0.0005136481742580869,-0.004839334516522091,0.00021602739211864757,73.37712366893106,0.0007892355799921717,19559,0.14792958203125
45,0.6,0.0,2435.0,0,4f9f288a,0.605,44.93333333333334,0.0471404520791038,0.5905860951191585,0.004,80.02,Scope_TrialNumber_0_45.00W_0.60Torr_0.00NitrogenFlow_2435.00MHz.csv,G:\My Drive\MiniChamberData\Data\NafisaData\LAS_0.6Torr_2Nitrogen_Freq_Sweep_4\LAS_DataFrame_4f9f288a_Laser_True_20260807_154812.csv,7f72a6df,4f9f288a|Scope_TrialNumber_0_45.00W_0.60Torr_0.00NitrogenFlow_2435.00MHz.csv,3,full 3,1.1701140816373325,0.0009378998296491173,0.5091479017856787,0.0003653032612675214,0.4087742612582493,0.0002809575519999028,0.49690169917929067,0.00039828938590370734,-0.005288103480610395,0.0002218383776607157,51.99711230790197,0.000792115670894776,19696,0.14806489583333332
45,0.6,0.0,2435.0,0,4f9f288a,0.605,44.93333333333334,0.0471404520791038,0.5905860951191585,0.004,80.02,Scope_TrialNumber_0_45.00W_0.60Torr_0.00NitrogenFlow_2435.00MHz.csv,G:\My Drive\MiniChamberData\Data\NafisaData\LAS_0.6Torr_2Nitrogen_Freq_Sweep_4\LAS_DataFrame_4f9f288a_Laser_True_20260807_154812.csv,7f72a6df,4f9f288a|Scope_TrialNumber_0_45.00W_0.60Torr_0.00NitrogenFlow_2435.00MHz.csv,4,trailing partial,1.3016438567585886,0.0011763632080308618,0.5650870709238636,0.000459371862488698,0.4078410983009224,0.00031545385806185854,0.5527572518780225,0.0004995554588186805,-0.0053678582545028525,0.00028149672746955053,64.90662687494832,0.0007944418627617378,18560,0.14795842697631278
45,0.6,0.0,2440.0,0,4f9f288a,0.605,45.06666666666667,0.2357022603955175,0.6087526911198284,0.0,79.99,Scope_TrialNumber_0_45.00W_0.60Torr_0.00NitrogenFlow_2440.00MHz.csv,G:\My Drive\MiniChamberData\Data\NafisaData\LAS_0.6Torr_2Nitrogen_Freq_Sweep_4\LAS_DataFrame_4f9f288a_Laser_True_20260807_154812.csv,7f72a6df,4f9f288a|Scope_TrialNumber_0_45.00W_0.60Torr_0.00NitrogenFlow_2440.00MHz.csv,1,full 1,1.158288757559387,0.0008896644619414469,0.581775968826666,0.00039985965929730004,0.4718530067743962,0.0003110328144304112,0.4918799464118557,0.00037780571123419073,-0.007192251279792199,0.000332999747409236,62.26757353985394,0.0007994318256446503,19691,0.14948061828495998
45,0.6,0.0,2440.0,0,4f9f288a,0.605,45.06666666666667,0.2357022603955175,0.6087526911198284,0.0,79.99,Scope_TrialNumber_0_45.00W_0.60Torr_0.00NitrogenFlow_2440.00MHz.csv,G:\My Drive\MiniChamberData\Data\NafisaData\LAS_0.6Torr_2Nitrogen_Freq_Sweep_4\LAS_DataFrame_4f9f288a_Laser_True_20260807_154812.csv,7f72a6df,4f9f288a|Scope_TrialNumber_0_45.00W_0.60Torr_0.00NitrogenFlow_2440.00MHz.csv,3,full 3,1.2347995631148372,0.0008917655659568083,0.6194063169094622,0.00040076134370422325,0.4712452143236486,0.00029135467456219,0.5243710939697764,0.0003786979679566503,-0.0061818350185569755,0.0003080135284799229,53.09444978416532,0.000814222203570453,19691,0.149477050593597
45,0.6,0.0,2440.0,0,4f9f288a,0.605,45.06666666666667,0.2357022603955175,0.6087526911198284,0.0,79.99,Scope_TrialNumber_0_45.00W_0.60Torr_0.00NitrogenFlow_2440.00MHz.csv,G:\My Drive\MiniChamberData\Data\NafisaData\LAS_0.6Torr_2Nitrogen_Freq_Sweep_4\LAS_DataFrame_4f9f288a_Laser_True_20260807_154812.csv,7f72a6df,4f9f288a|Scope_TrialNumber_0_45.00W_0.60Torr_0.00NitrogenFlow_2440.00MHz.csv,5,full 5,1.200444535490262,0.0008920279305914725,0.5996742245848103,0.00039925999322113506,0.46928975474922957,0.00029860808889387995,0.509781857014252,0.00037880938395857275,-0.006755175359031421,0.0003155497471762906,57.048058197830684,0.0008045880519284269,19568,0.14953011304302424
45,0.6,0.0,2440.0,0,4f9f288a,0.605,45.06666666666667,0.2357022603955175,0.6087526911198284,0.0,79.99,Scope_TrialNumber_0_45.00W_0.60Torr_0.00NitrogenFlow_2440.00MHz.csv,G:\My Drive\MiniChamberData\Data\NafisaData\LAS_0.6Torr_2Nitrogen_Freq_Sweep_4\LAS_DataFrame_4f9f288a_Laser_True_20260807_154812.csv,7f72a6df,4f9f288a|Scope_TrialNumber_0_45.00W_0.60Torr_0.00NitrogenFlow_2440.00MHz.csv,7,full 7,1.1811431577917075,0.0009918970772527442,0.5941146874867238,0.0004464432748558671,0.47253669596793063,0.0003423472170019514,0.5015853165867644,0.0004212199056763625,-0.006915607862224292,0.0003338464288660353,75.31980586776686,0.0007973482801194545,19537,0.14957887557435257
45,0.6,0.0,2440.0,0,4f9f288a,0.605,45.06666666666667,0.2357022603955175,0.6087526911198284,0.0,79.99,Scope_TrialNumber_0_45.00W_0.60Torr_0.00NitrogenFlow_2440.00MHz.csv,G:\My Drive\MiniChamberData\Data\NafisaData\LAS_0.6Torr_2Nitrogen_Freq_Sweep_4\LAS_DataFrame_4f9f288a_Laser_True_20260807_154812.csv,7f72a6df,4f9f288a|Scope_TrialNumber_0_45.00W_0.60Torr_0.00NitrogenFlow_2440.00MHz.csv,9,trailing partial,1.1561495688319723,0.0008555561391473106,0.5783556390460624,0.0003843539800384914,0.46994684970988804,0.00029738767398341934,0.49097151660129384,0.0003633212401740304,-0.0063110911519727786,0.0003660879102931681,58.745470976724484,0.0007886034350455123,18716,0.14961574658918647
45,0.6,0.0,2445.0,0,4f9f288a,0.605,44.96666666666666,0.0942809041582043,0.6289749874790433,0.001,80.01,Scope_TrialNumber_0_45.00W_0.60Torr_0.00NitrogenFlow_2445.00MHz.csv,G:\My Drive\MiniChamberData\Data\NafisaData\LAS_0.6Torr_2Nitrogen_Freq_Sweep_4\LAS_DataFrame_4f9f288a_Laser_True_20260807_154812.csv,7f72a6df,4f9f288a|Scope_TrialNumber_0_45.00W_0.60Torr_0.00NitrogenFlow_2445.00MHz.csv,1,full 1,1.1953676248579477,0.0008093817499192307,0.5960655833620768,0.000361614927486216,0.46844687602003077,0.0002712532693232605,0.5076258915751828,0.0003437127824808341,-0.006146456068065889,0.00028923703394130845,47.553048481520605,0.0008026020063391982,19670,0.14867824010359323
45,0.6,0.0,2445.0,0,4f9f288a,0.605,44.96666666666666,0.0942809041582043,0.6289749874790433,0.001,80.01,Scope_TrialNumber_0_45.00W_0.60Torr_0.00NitrogenFlow_2445.00MHz.csv,G:\My Drive\MiniChamberData\Data\NafisaData\LAS_0.6Torr_2Nitrogen_Freq_Sweep_4\LAS_DataFrame_4f9f288a_Laser_True_20260807_154812.csv,7f72a6df,4f9f288a|Scope_TrialNumber_0_45.00W_0.60Torr_0.00NitrogenFlow_2445.00MHz.csv,3,full 3,1.1523679195164651,0.0009501190908638498,0.5787006838717826,0.00042725155194233935,0.47177033170643295,0.00033375928313538844,0.4893655979989416,0.00040347842837025043,-0.005933323227616572,0.0002839272031046406,71.4708506088224,0.0008018902069366644,19671,0.1487313960168318
45,0.6,0.0,2445.0,0,4f9f288a,0.605,44.96666666666666,0.0942809041582043,0.6289749874790433,0.001,80.01,Scope_TrialNumber_0_45.00W_0.60Torr_0.00NitrogenFlow_2445.00MHz.csv,G:\My Drive\MiniChamberData\Data\NafisaData\LAS_0.6Torr_2Nitrogen_Freq_Sweep_4\LAS_DataFrame_4f9f288a_Laser_True_20260807_154812.csv,7f72a6df,4f9f288a|Scope_TrialNumber_0_45.00W_0.60Torr_0.00NitrogenFlow_2445.00MHz.csv,5,full 5,1.222800703651314,0.0007080505318015869,0.610658344545728,0.00031800972742875846,0.46914857973360996,0.00023038304896052522,0.5192756475092952,0.00030068137618230657,-0.005942028258148986,0.0002668758460007389,35.77188054105511,0.0007914673180972352,19523,0.14872361427367964
45,0.6,0.0,2445.0,0,4f9f288a,0.605,44.96666666666666,0.0942809041582043,0.6289749874790433,0.001,80.01,Scope_TrialNumber_0_45.00W_0.60Torr_0.00NitrogenFlow_2445.00MHz.csv,G:\My Drive\MiniChamberData\Data\NafisaData\LAS_0.6Torr_2Nitrogen_Freq_Sweep_4\LAS_DataFrame_4f9f288a_Laser_True_20260807_154812.csv,7f72a6df,4f9f288a|Scope_TrialNumber_0_45.00W_0.60Torr_0.00NitrogenFlow_2445.00MHz.csv,7,full 7,1.2179654077407307,0.0007538435939822209,0.6096802618534647,0.0003382811492451779,0.4702566775972285,0.00024873921215971915,0.5172222863954443,0.00032012789918828516,-0.006576773512327587,0.00030602183592057827,41.580281020164975,0.0007879085223811305,19625,0.14864887061568097
45,0.6,0.0,2445.0,0,4f9f288a,0.605,44.96666666666666,0.0942809041582043,0.6289749874790433,0.001,80.01,Scope_TrialNumber_0_45.00W_0.60Torr_0.00NitrogenFlow_2445.00MHz.csv,G:\My Drive\MiniChamberData\Data\NafisaData\LAS_0.6Torr_2Nitrogen_Freq_Sweep_4\LAS_DataFrame_4f9f288a_Laser_True_20260807_154812.csv,7f72a6df,4f9f288a|Scope_TrialNumber_0_45.00W_0.60Torr_0.00NitrogenFlow_2445.00MHz.csv,9,trailing partial,1.1730207877815821,0.0009530751584718116,0.591157187957223,0.00043156422839974254,0.47344011779071704,0.0003294687963933722,0.49813606362696183,0.000404733754701534,-0.006161292846806895,0.000358432040990599,71.08746275690129,0.0007936185106125816,18581,0.14866066042633508
45,0.6,0.0,2450.0,0,4f9f288a,0.606,44.9,0.0816496580927737,0.6470270328984099,-0.005,80.0,Scope_TrialNumber_0_45.00W_0.60Torr_0.00NitrogenFlow_2450.00MHz.csv,G:\My Drive\MiniChamberData\Data\NafisaData\LAS_0.6Torr_2Nitrogen_Freq_Sweep_4\LAS_DataFrame_4f9f288a_Laser_True_20260807_154812.csv,7f72a6df,4f9f288a|Scope_TrialNumber_0_45.00W_0.60Torr_0.00NitrogenFlow_2450.00MHz.csv,2,full 2,1.1586935718946179,0.000940674768464091,0.5746232500590073,0.0004176808981702316,0.4658889247398702,0.00032437881034602173,0.4920518552318461,0.00039946779391871867,-0.008817149859080407,0.0003773878730429648,69.17931991688701,0.0007960089944267357,19647,0.14900879664412722
45,0.6,0.0,2450.0,0,4f9f288a,0.606,44.9,0.0816496580927737,0.6470270328984099,-0.005,80.0,Scope_TrialNumber_0_45.00W_0.60Torr_0.00NitrogenFlow_2450.00MHz.csv,G:\My Drive\MiniChamberData\Data\NafisaData\LAS_0.6Torr_2Nitrogen_Freq_Sweep_4\LAS_DataFrame_4f9f288a_Laser_True_20260807_154812.csv,7f72a6df,4f9f288a|Scope_TrialNumber_0_45.00W_0.60Torr_0.00NitrogenFlow_2450.00MHz.csv,5,full 5,1.1796251378607727,0.0009221172349325966,0.585786008974975,0.00041022703298799514,0.46651194223425524,0.0003120049853881893,0.500940672876457,0.00039158713502478155,-0.008436997853618563,0.00036005496576803575,64.49813561394683,0.0007943257036509765,19645,0.14900735156015224
45,0.6,0.0,2450.0,0,4f9f288a,0.606,44.9,0.0816496580927737,0.6470270328984099,-0.005,80.0,Scope_TrialNumber_0_45.00W_0.60Torr_0.00NitrogenFlow_2450.00MHz.csv,G:\My Drive\MiniChamberData\Data\NafisaData\LAS_0.6Torr_2Nitrogen_Freq_Sweep_4\LAS_DataFrame_4f9f288a_Laser_True_20260807_154812.csv,7f72a6df,4f9f288a|Scope_TrialNumber_0_45.00W_0.60Torr_0.00NitrogenFlow_2450.00MHz.csv,8,full 8,1.2007894528733694,0.0011859520103306687,0.60248736747726,0.000532189809491922,0.4713558164583929,0.0004032116403651491,0.5099283299406377,0.0005036274482346194,-0.008105269201266106,0.00037958877305247337,105.68695758500944,0.0007904243360321398,19623,0.14895320091029748
45,0.6,0.0,2450.0,0,4f9f288a,0.606,44.9,0.0816496580927737,0.6470270328984099,-0.005,80.0,Scope_TrialNumber_0_45.00W_0.60Torr_0.00NitrogenFlow_2450.00MHz.csv,G:\My Drive\MiniChamberData\Data\NafisaData\LAS_0.6Torr_2Nitrogen_Freq_Sweep_4\LAS_DataFrame_4f9f288a_Laser_True_20260807_154812.csv,7f72a6df,4f9f288a|Scope_TrialNumber_0_45.00W_0.60Torr_0.00NitrogenFlow_2450.00MHz.csv,11,full 11,1.1621154311650894,0.0008705990947837493,0.57349469597532,0.00038531448460934114,0.4636048038666843,0.0002955584160158858,0.4935049850698106,0.0003697093952554269,-0.00776601691990111,0.0003622221557481367,60.39606368811297,0.0007811035946142916,19689,0.14900281128960902
45,0.6,0.0,2450.0,0,4f9f288a,0.606,44.9,0.0816496580927737,0.6470270328984099,-0.005,80.0,Scope_TrialNumber_0_45.00W_0.60Torr_0.00NitrogenFlow_2450.00MHz.csv,G:\My Drive\MiniChamberData\Data\NafisaData\LAS_0.6Torr_2Nitrogen_Freq_Sweep_4\LAS_DataFrame_4f9f288a_Laser_True_20260807_154812.csv,7f72a6df,4f9f288a|Scope_TrialNumber_0_45.00W_0.60Torr_0.00NitrogenFlow_2450.00MHz.csv,14,trailing partial,1.1558160116030696,0.0010266065874565769,0.5741712458074932,0.00045786619898595003,0.46668143307762033,0.0003560279224680137,0.49082986788821853,0.0004359596775230798,-0.008943437389514315,0.00044559503762544277,78.51615712803053,0.0008160654470270868,18682,0.14897920980857618
45,0.6,0.0,2455.0,0,4f9f288a,0.605,44.96666666666667,0.1247219128924607,0.6613989338884286,-0.005,80.0,Scope_TrialNumber_0_45.00W_0.60Torr_0.00NitrogenFlow_2455.00MHz.csv,G:\My Drive\MiniChamberData\Data\NafisaData\LAS_0.6Torr_2Nitrogen_Freq_Sweep_4\LAS_DataFrame_4f9f288a_Laser_True_20260807_154812.csv,7f72a6df,4f9f288a|Scope_TrialNumber_0_45.00W_0.60Torr_0.00NitrogenFlow_2455.00MHz.csv,2,full 2,1.1458508905832823,0.0007269982187980748,0.5698940110600925,0.00032440777859799876,0.46723328776660766,0.0002509471781076952,0.4865980706259116,0.00030872771799788203,-0.0065296177025633935,0.00023112510639663583,40.265295994521985,0.0008116166937895477,19700,0.1504076781419122
45,0.6,0.0,2455.0,0,4f9f288a,0.605,44.96666666666667,0.1247219128924607,0.6613989338884286,-0.005,80.0,Scope_TrialNumber_0_45.00W_0.60Torr_0.00NitrogenFlow_2455.00MHz.csv,G:\My Drive\MiniChamberData\Data\NafisaData\LAS_0.6Torr_2Nitrogen_Freq_Sweep_4\LAS_DataFrame_4f9f288a_Laser_True_20260807_154812.csv,7f72a6df,4f9f288a|Scope_TrialNumber_0_45.00W_0.60Torr_0.00NitrogenFlow_2455.00MHz.csv,5,full 5,1.2084643857917237,0.0010170424938882507,0.607566547981536,0.0004572415856232242,0.47231070371244394,0.00034505467366553874,0.513187573862291,0.00043189818093929285,-0.006229003309297903,0.00022481902424266424,76.43564691064815,0.0007918180356871048,19717,0.1503719602396105
45,0.6,0.0,2455.0,0,4f9f288a,0.605,44.96666666666667,0.1247219128924607,0.6613989338884286,-0.005,80.0,Scope_TrialNumber_0_45.00W_0.60Torr_0.00NitrogenFlow_2455.00MHz.csv,G:\My Drive\MiniChamberData\Data\NafisaData\LAS_0.6Torr_2Nitrogen_Freq_Sweep_4\LAS_DataFrame_4f9f288a_Laser_True_20260807_154812.csv,7f72a6df,4f9f288a|Scope_TrialNumber_0_45.00W_0.60Torr_0.00NitrogenFlow_2455.00MHz.csv,8,full 8,1.1887308310986509,0.0008089318800705628,0.5964600735686086,0.00036361837685073526,0.47137401816053864,0.0002742884959760436,0.5048075047632896,0.00034352174034595116,-0.0061074341258257284,0.00021374435651507541,47.80428940668606,0.0008084368268405933,19670,0.15036638156026594
45,0.6,0.0,2455.0,0,4f9f288a,0.605,44.96666666666667,0.1247219128924607,0.6613989338884286,-0.005,80.0,Scope_TrialNumber_0_45.00W_0.60Torr_0.00NitrogenFlow_2455.00MHz.csv,G:\My Drive\MiniChamberData\Data\NafisaData\LAS_0.6Torr_2Nitrogen_Freq_Sweep_4\LAS_DataFrame_4f9f288a_Laser_True_20260807_154812.csv,7f72a6df,4f9f288a|Scope_TrialNumber_0_45.00W_0.60Torr_0.00NitrogenFlow_2455.00MHz.csv,11,full 11,1.193565524187242,0.0008082973859603443,0.597190039073617,0.00036230696941707294,0.47003920086908113,0.0002722080606462362,0.5068606098822108,0.00034325229550596974,-0.006319266647439805,0.00023217359243136808,47.87660769325619,0.0008013270096007935,19653,0.15038614639707357
45,0.6,0.0,2455.0,0,4f9f288a,0.605,44.96666666666667,0.1247219128924607,0.6613989338884286,-0.005,80.0,Scope_TrialNumber_0_45.00W_0.60Torr_0.00NitrogenFlow_2455.00MHz.csv,G:\My Drive\MiniChamberData\Data\NafisaData\LAS_0.6Torr_2Nitrogen_Freq_Sweep_4\LAS_DataFrame_4f9f288a_Laser_True_20260807_154812.csv,7f72a6df,4f9f288a|Scope_TrialNumber_0_45.00W_0.60Torr_0.00NitrogenFlow_2455.00MHz.csv,14,trailing partial,1.2286581150639928,0.0007368744558404897,0.6065327972630786,0.0003282623007496433,0.4637575852199021,0.00023421236198721904,0.5217630611123172,0.00031292176971034957,-0.0063369288252532645,0.0002556812820483158,36.3609119229783,0.0008008822401769959,18657,0.1504264771183509
45,0.6,0.0,2460.0,0,4f9f288a,0.605,45.0,0.0816496580927737,0.6756641710750569,0.0,80.0,Scope_TrialNumber_0_45.00W_0.60Torr_0.00NitrogenFlow_2460.00MHz.csv,G:\My Drive\MiniChamberData\Data\NafisaData\LAS_0.6Torr_2Nitrogen_Freq_Sweep_4\LAS_DataFrame_4f9f288a_Laser_True_20260807_154812.csv,7f72a6df,4f9f288a|Scope_TrialNumber_0_45.00W_0.60Torr_0.00NitrogenFlow_2460.00MHz.csv,1,full 1,1.2292520310353725,0.0008123643808810753,0.5667380590142274,0.0003365430658916202,0.43312099264737974,0.00024271253794475882,0.5220152740033333,0.0003449793892298884,-0.0067906692046064785,0.00029135971302110905,38.86095571107288,0.0008016974575888263,19544,0.15193696876095336
45,0.6,0.0,2460.0,0,4f9f288a,0.605,45.0,0.0816496580927737,0.6756641710750569,0.0,80.0,Scope_TrialNumber_0_45.00W_0.60Torr_0.00NitrogenFlow_2460.00MHz.csv,G:\My Drive\MiniChamberData\Data\NafisaData\LAS_0.6Torr_2Nitrogen_Freq_Sweep_4\LAS_DataFrame_4f9f288a_Laser_True_20260807_154812.csv,7f72a6df,4f9f288a|Scope_TrialNumber_0_45.00W_0.60Torr_0.00NitrogenFlow_2460.00MHz.csv,3,full 3,1.13761369549276,0.0009109595033803052,0.5258650099919898,0.0003768481352537157,0.4342574249128173,0.0002984918357475303,0.48310005594410865,0.00038684888270022034,-0.006834323067554281,0.00029007614765464145,53.82705802351668,0.0008258559798244814,19657,0.15190696271655318
45,0.6,0.0,2460.0,0,4f9f288a,0.605,45.0,0.0816496580927737,0.6756641710750569,0.0,80.0,Scope_TrialNumber_0_45.00W_0.60Torr_0.00NitrogenFlow_2460.00MHz.csv,G:\My Drive\MiniChamberData\Data\NafisaData\LAS_0.6Torr_2Nitrogen_Freq_Sweep_4\LAS_DataFrame_4f9f288a_Laser_True_20260807_154812.csv,7f72a6df,4f9f288a|Scope_TrialNumber_0_45.00W_0.60Torr_0.00NitrogenFlow_2460.00MHz.csv,5,full 5,1.1961499281489054,0.00119868127266989,0.5545604433503658,0.0004978440591329452,0.4355430214185367,0.00037627631930550146,0.5079581051949065,0.0005090330682377624,-0.006497027727247047,0.00029014393317003943,88.02291602857828,0.0008087670474856419,19613,0.15190468087614326
45,0.6,0.0,2460.0,0,4f9f288a,0.605,45.0,0.0816496580927737,0.6756641710750569,0.0,80.0,Scope_TrialNumber_0_45.00W_0.60Torr_0.00NitrogenFlow_2460.00MHz.csv,G:\My Drive\MiniChamberData\Data\NafisaData\LAS_0.6Torr_2Nitrogen_Freq_Sweep_4\LAS_DataFrame_4f9f288a_Laser_True_20260807_154812.csv,7f72a6df,4f9f288a|Scope_TrialNumber_0_45.00W_0.60Torr_0.00NitrogenFlow_2460.00MHz.csv,7,full 7,1.1752673594533052,0.0009057937217721519,0.542522848967761,0.0003744343923829177,0.4336597836799747,0.00028621229781113566,0.4990900947753138,0.00038465517723255456,-0.007153406598162247,0.0003053195212757471,50.429316384425746,0.0008211401660459442,19650,0.15191939157528875
45,0.6,0.0,2460.0,0,4f9f288a,0.605,45.0,0.0816496580927737,0.6756641710750569,0.0,80.0,Scope_TrialNumber_0_45.00W_0.60Torr_0.00NitrogenFlow_2460.00MHz.csv,G:\My Drive\MiniChamberData\Data\NafisaData\LAS_0.6Torr_2Nitrogen_Freq_Sweep_4\LAS_DataFrame_4f9f288a_Laser_True_20260807_154812.csv,7f72a6df,4f9f288a|Scope_TrialNumber_0_45.00W_0.60Torr_0.00NitrogenFlow_2460.00MHz.csv,9,trailing partial,1.13167758827391,0.0007450467012054493,0.517347817669804,0.0003073156059569229,0.4294649209358463,0.00023696667357263958,0.4805792233092005,0.000316392202783231,-0.0072463840384955494,0.00034870021594827247,35.36996675765143,0.0008229555822403681,18664,0.15194684888462057
50,0.6,0.0,2410.0,0,4f9f288a,0.605,49.9,0.0816496580927737,0.5955980870459466,0.001,80.02,Scope_TrialNumber_0_50.00W_0.60Torr_0.00NitrogenFlow_2410.00MHz.csv,G:\My Drive\MiniChamberData\Data\NafisaData\LAS_0.6Torr_2Nitrogen_Freq_Sweep_4\LAS_DataFrame_4f9f288a_Laser_True_20260807_154812.csv,7f72a6df,4f9f288a|Scope_TrialNumber_0_50.00W_0.60Torr_0.00NitrogenFlow_2410.00MHz.csv,1,full 1,1.272471041946757,0.000877660125633076,0.5180022237462732,0.00032125135170165846,0.38242960617168104,0.00022507082702422133,0.5403686980802955,0.00037270793897184657,-0.006461705269658977,0.0002370446690027267,30.802326831371747,0.0008363008989707838,19674,0.17313408834060298
50,0.6,0.0,2410.0,0,4f9f288a,0.605,49.9,0.0816496580927737,0.5955980870459466,0.001,80.02,Scope_TrialNumber_0_50.00W_0.60Torr_0.00NitrogenFlow_2410.00MHz.csv,G:\My Drive\MiniChamberData\Data\NafisaData\LAS_0.6Torr_2Nitrogen_Freq_Sweep_4\LAS_DataFrame_4f9f288a_Laser_True_20260807_154812.csv,7f72a6df,4f9f288a|Scope_TrialNumber_0_50.00W_0.60Torr_0.00NitrogenFlow_2410.00MHz.csv,3,full 3,1.2417622811348614,0.0011966238208805146,0.5072511499342288,0.000438241457005855,0.38375351478382297,0.0003183242335033772,0.5273278880716089,0.0005081593489088833,-0.005658039065347508,0.0002358859768271706,60.16055620127362,0.0008342574429190891,19579,0.17319876165647247
50,0.6,0.0,2410.0,0,4f9f288a,0.605,49.9,0.0816496580927737,0.5955980870459466,0.001,80.02,Scope_TrialNumber_0_50.00W_0.60Torr_0.00NitrogenFlow_2410.00MHz.csv,G:\My Drive\MiniChamberData\Data\NafisaData\LAS_0.6Torr_2Nitrogen_Freq_Sweep_4\LAS_DataFrame_4f9f288a_Laser_True_20260807_154812.csv,7f72a6df,4f9f288a|Scope_TrialNumber_0_50.00W_0.60Torr_0.00NitrogenFlow_2410.00MHz.csv,5,full 5,1.257933752726818,0.0009677767149073323,0.5138819530963636,0.0003541515250622301,0.38377208858831646,0.00025267641950349197,0.5341952797545024,0.0004109769308909602,-0.005994240788706431,0.00022683508848708186,38.1893297515603,0.000836627668128443,19620,0.17315657672779503
50,0.6,0.0,2410.0,0,4f9f288a,0.605,49.9,0.0816496580927737,0.5955980870459466,0.001,80.02,Scope_TrialNumber_0_50.00W_0.60Torr_0.00NitrogenFlow_2410.00MHz.csv,G:\My Drive\MiniChamberData\Data\NafisaData\LAS_0.6Torr_2Nitrogen_Freq_Sweep_4\LAS_DataFrame_4f9f288a_Laser_True_20260807_154812.csv,7f72a6df,4f9f288a|Scope_TrialNumber_0_50.00W_0.60Torr_0.00NitrogenFlow_2410.00MHz.csv,7,full 7,1.216841331068058,0.00101031641718409,0.4991272401494379,0.0003708917874783363,0.3853409020872828,0.00027569454441010624,0.5167449349837961,0.00042904187915166636,-0.00592164646127668,0.00024149132391815015,44.77503258023437,0.0008364179425211492,19621,0.17315965089187293
50,0.6,0.0,2410.0,0,4f9f288a,0.605,49.9,0.0816496580927737,0.5955980870459466,0.001,80.02,Scope_TrialNumber_0_50.00W_0.60Torr_0.00NitrogenFlow_2410.00MHz.csv,G:\My Drive\MiniChamberData\Data\NafisaData\LAS_0.6Torr_2Nitrogen_Freq_Sweep_4\LAS_DataFrame_4f9f288a_Laser_True_20260807_154812.csv,7f72a6df,4f9f288a|Scope_TrialNumber_0_50.00W_0.60Torr_0.00NitrogenFlow_2410.00MHz.csv,9,trailing partial,1.221431500493415,0.0009696927841232269,0.5010789157584481,0.0003573487704916389,0.3853938700972827,0.0002626702640575065,0.5186942004637819,0.0004117906105689203,-0.00645307307681747,0.0002802212099216071,42.24748908620786,0.0008227120406543002,18676,0.1731432896064581
50,0.6,0.0,2415.0,0,4f9f288a,0.605,49.96666666666667,0.0471404520790988,0.5574981943299745,0.004,79.99,Scope_TrialNumber_0_50.00W_0.60Torr_0.00NitrogenFlow_2415.00MHz.csv,G:\My Drive\MiniChamberData\Data\NafisaData\LAS_0.6Torr_2Nitrogen_Freq_Sweep_4\LAS_DataFrame_4f9f288a_Laser_True_20260807_154812.csv,7f72a6df,4f9f288a|Scope_TrialNumber_0_50.00W_0.60Torr_0.00NitrogenFlow_2415.00MHz.csv,1,full 1,1.3602020931828334,0.001099703499937994,0.5496596056835313,0.0003991140783076554,0.3796279440845202,0.00026324670723382106,0.577624645268788,0.0004670010781751863,-0.0047199663711933,0.0001521440731029758,41.85260440129528,0.0008327161845496408,19563,0.1740086521917076
50,0.6,0.0,2415.0,0,4f9f288a,0.605,49.96666666666667,0.0471404520790988,0.5574981943299745,0.004,79.99,Scope_TrialNumber_0_50.00W_0.60Torr_0.00NitrogenFlow_2415.00MHz.csv,G:\My Drive\MiniChamberData\Data\NafisaData\LAS_0.6Torr_2Nitrogen_Freq_Sweep_4\LAS_DataFrame_4f9f288a_Laser_True_20260807_154812.csv,7f72a6df,4f9f288a|Scope_TrialNumber_0_50.00W_0.60Torr_0.00NitrogenFlow_2415.00MHz.csv,3,full 3,1.1954812112314568,0.0010806924527373037,0.48417152138335057,0.0003916413082958548,0.3804733794215874,0.00029722407779320435,0.5076741272668013,0.0004589278297582609,-0.00416470177699026,0.00013302442714309016,54.48034022009058,0.0008153494005756617,19491,0.17400464354914144
50,0.6,0.0,2415.0,0,4f9f288a,0.605,49.96666666666667,0.0471404520790988,0.5574981943299745,0.004,79.99,Scope_TrialNumber_0_50.00W_0.60Torr_0.00NitrogenFlow_2415.00MHz.csv,G:\My Drive\MiniChamberData\Data\NafisaData\LAS_0.6Torr_2Nitrogen_Freq_Sweep_4\LAS_DataFrame_4f9f288a_Laser_True_20260807_154812.csv,7f72a6df,4f9f288a|Scope_TrialNumber_0_50.00W_0.60Torr_0.00NitrogenFlow_2415.00MHz.csv,5,full 5,1.2243972906404772,0.000919568725516506,0.4934361106248033,0.000332374539035871,0.37859629429188224,0.00024242246367882293,0.5199536555772715,0.00039050488272211905,-0.004175448380237683,0.00013274412449286864,35.767447628478216,0.0008309556941157295,19605,0.17410971846395404
50,0.6,0.0,2415.0,0,4f9f288a,0.605,49.96666666666667,0.0471404520790988,0.5574981943299745,0.004,79.99,Scope_TrialNumber_0_50.00W_0.60Torr_0.00NitrogenFlow_2415.00MHz.csv,G:\My Drive\MiniChamberData\Data\NafisaData\LAS_0.6Torr_2Nitrogen_Freq_Sweep_4\LAS_DataFrame_4f9f288a_Laser_True_20260807_154812.csv,7f72a6df,4f9f288a|Scope_TrialNumber_0_50.00W_0.60Torr_0.00NitrogenFlow_2415.00MHz.csv,7,full 7,1.262698540958552,0.0011738980679573097,0.5131779399204726,0.00042736730491987055,0.38180014605988744,0.00030628198128469097,0.5362186990139862,0.0004985086102160648,-0.004369045555516589,0.0001388550655626115,55.91080528163749,0.0008300870255911748,19560,0.17405957675603442
50,0.6,0.0,2415.0,0,4f9f288a,0.605,49.96666666666667,0.0471404520790988,0.5574981943299745,0.004,79.99,Scope_TrialNumber_0_50.00W_0.60Torr_0.00NitrogenFlow_2415.00MHz.csv,G:\My Drive\MiniChamberData\Data\NafisaData\LAS_0.6Torr_2Nitrogen_Freq_Sweep_4\LAS_DataFrame_4f9f288a_Laser_True_20260807_154812.csv,7f72a6df,4f9f288a|Scope_TrialNumber_0_50.00W_0.60Torr_0.00NitrogenFlow_2415.00MHz.csv,9,trailing partial,1.2802871484337803,0.0010264133913601113,0.5135887937399609,0.0003700868930034325,0.37685644142561725,0.00025835031059622215,0.5436878928966963,0.00043587763469485043,-0.00455338165453679,0.00017146977118658732,41.294251553599715,0.0008218934515555146,18649,0.1740542427579215
50,0.6,0.0,2420.0,0,4f9f288a,0.605,50.0,0.0816496580927737,0.5123838002115292,0.0,79.99,Scope_TrialNumber_0_50.00W_0.60Torr_0.00NitrogenFlow_2420.00MHz.csv,G:\My Drive\MiniChamberData\Data\NafisaData\LAS_0.6Torr_2Nitrogen_Freq_Sweep_4\LAS_DataFrame_4f9f288a_Laser_True_20260807_154812.csv,7f72a6df,4f9f288a|Scope_TrialNumber_0_50.00W_0.60Torr_0.00NitrogenFlow_2420.00MHz.csv,2,full 2,1.232196060816355,0.0010221449526194807,0.49915972730305563,0.0003706869792011065,0.38056383295314833,0.0002709630989226374,0.5232654883401759,0.0004340649956570446,-0.005712214212726538,0.00022036157709719127,45.5929184610613,0.000817910105166507,19722,0.1746428379481207
50,0.6,0.0,2420.0,0,4f9f288a,0.605,50.0,0.0816496580927737,0.5123838002115292,0.0,79.99,Scope_TrialNumber_0_50.00W_0.60Torr_0.00NitrogenFlow_2420.00MHz.csv,G:\My Drive\MiniChamberData\Data\NafisaData\LAS_0.6Torr_2Nitrogen_Freq_Sweep_4\LAS_DataFrame_4f9f288a_Laser_True_20260807_154812.csv,7f72a6df,4f9f288a|Scope_TrialNumber_0_50.00W_0.60Torr_0.00NitrogenFlow_2420.00MHz.csv,5,full 5,1.241094167544738,0.0010627588922163273,0.5013451062609591,0.00038439834906080396,0.379489562219867,0.00027967714364713985,0.5270441663530286,0.0004513121478046359,-0.005581746871818485,0.00021225024044730728,49.01873322257447,0.0008137358181372561,19571,0.17464031374709882
50,0.6,0.0,2420.0,0,4f9f288a,0.605,50.0,0.0816496580927737,0.5123838002115292,0.0,79.99,Scope_TrialNumber_0_50.00W_0.60Torr_0.00NitrogenFlow_2420.00MHz.csv,G:\My Drive\MiniChamberData\Data\NafisaData\LAS_0.6Torr_2Nitrogen_Freq_Sweep_4\LAS_DataFrame_4f9f288a_Laser_True_20260807_154812.csv,7f72a6df,4f9f288a|Scope_TrialNumber_0_50.00W_0.60Torr_0.00NitrogenFlow_2420.00MHz.csv,8,full 8,1.257051427994879,0.0008696046902839363,0.4984708811703133,0.0003105803752760342,0.37252424020917957,0.000217877258733162,0.5338205909396179,0.00036928711054542903,-0.006031612250858569,0.00020872648615599047,30.903318968018965,0.0008127907579655414,19569,0.17463654766526407
50,0.6,0.0,2420.0,0,4f9f288a,0.605,50.0,0.0816496580927737,0.5123838002115292,0.0,79.99,Scope_TrialNumber_0_50.00W_0.60Torr_0.00NitrogenFlow_2420.00MHz.csv,G:\My Drive\MiniChamberData\Data\NafisaData\LAS_0.6Torr_2Nitrogen_Freq_Sweep_4\LAS_DataFrame_4f9f288a_Laser_True_20260807_154812.csv,7f72a6df,4f9f288a|Scope_TrialNumber_0_50.00W_0.60Torr_0.00NitrogenFlow_2420.00MHz.csv,11,full 11,1.272938429030713,0.0011118471040637342,0.5134241216934644,0.000401649999641627,0.37891051813852444,0.0002845723402214823,0.540567179100084,0.0004721579920342156,-0.006438563415015146,0.0002272291949295029,51.10493805591077,0.0008111001220065701,19637,0.17467729231369702
50,0.6,0.0,2420.0,0,4f9f288a,0.605,50.0,0.0816496580927737,0.5123838002115292,0.0,79.99,Scope_TrialNumber_0_50.00W_0.60Torr_0.00NitrogenFlow_2420.00MHz.csv,G:\My Drive\MiniChamberData\Data\NafisaData\LAS_0.6Torr_2Nitrogen_Freq_Sweep_4\LAS_DataFrame_4f9f288a_Laser_True_20260807_154812.csv,7f72a6df,4f9f288a|Scope_TrialNumber_0_50.00W_0.60Torr_0.00NitrogenFlow_2420.00MHz.csv,14,trailing partial,1.169030071566542,0.0010390140480497738,0.4687284465963,0.00037386163380193386,0.37667206946137005,0.0002876441984502254,0.4964413624868636,0.00044122864090708814,-0.00625081669680919,0.0002745039688214568,51.48782732412715,0.0008138201828541217,18663,0.17464445434755174
50,0.6,0.0,2425.0,0,4f9f288a,0.605,50.06666666666667,0.0471404520791021,0.4721957563087639,0.008,79.99,Scope_TrialNumber_0_50.00W_0.60Torr_0.00NitrogenFlow_2425.00MHz.csv,G:\My Drive\MiniChamberData\Data\NafisaData\LAS_0.6Torr_2Nitrogen_Freq_Sweep_4\LAS_DataFrame_4f9f288a_Laser_True_20260807_154812.csv,7f72a6df,4f9f288a|Scope_TrialNumber_0_50.00W_0.60Torr_0.00NitrogenFlow_2425.00MHz.csv,1,full 1,1.1651318772831187,0.0007900734273694809,0.46031233932098287,0.0002806738380697382,0.37114645975692945,0.00021248041544441273,0.49478595179352886,0.0003355132928465865,-0.003281428843795878,9.489217719056108e-05,30.27575515086055,0.0008004340662458446,19680,0.17746878421551912
50,0.6,0.0,2425.0,0,4f9f288a,0.605,50.06666666666667,0.0471404520791021,0.4721957563087639,0.008,79.99,Scope_TrialNumber_0_50.00W_0.60Torr_0.00NitrogenFlow_2425.00MHz.csv,G:\My Drive\MiniChamberData\Data\NafisaData\LAS_0.6Torr_2Nitrogen_Freq_Sweep_4\LAS_DataFrame_4f9f288a_Laser_True_20260807_154812.csv,7f72a6df,4f9f288a|Scope_TrialNumber_0_50.00W_0.60Torr_0.00NitrogenFlow_2425.00MHz.csv,3,full 3,1.217946478752447,0.000954278778541551,0.48269863147699743,0.0003388759604922975,0.37231938898602884,0.00024984561422536957,0.5172142479942409,0.000405244885083781,-0.0032210448021549776,0.00010286773242778356,39.27042198971523,0.0008144995107415645,19533,0.17750011100454674
50,0.6,0.0,2425.0,0,4f9f288a,0.605,50.06666666666667,0.0471404520791021,0.4721957563087639,0.008,79.99,Scope_TrialNumber_0_50.00W_0.60Torr_0.00NitrogenFlow_2425.00MHz.csv,G:\My Drive\MiniChamberData\Data\NafisaData\LAS_0.6Torr_2Nitrogen_Freq_Sweep_4\LAS_DataFrame_4f9f288a_Laser_True_20260807_154812.csv,7f72a6df,4f9f288a|Scope_TrialNumber_0_50.00W_0.60Torr_0.00NitrogenFlow_2425.00MHz.csv,5,full 5,1.2629085484530846,0.0009444374600471186,0.5036750270388205,0.00033771539730041825,0.37466774401828395,0.00023984941561151882,0.5363078809856514,0.0004010656619133314,-0.003336120700292234,9.431314991975425e-05,36.583815088779744,0.0008129781594353984,19624,0.1774944354073684
50,0.6,0.0,2425.0,0,4f9f288a,0.605,50.06666666666667,0.0471404520791021,0.4721957563087639,0.008,79.99,Scope_TrialNumber_0_50.00W_0.60Torr_0.00NitrogenFlow_2425.00MHz.csv,G:\My Drive\MiniChamberData\Data\NafisaData\LAS_0.6Torr_2Nitrogen_Freq_Sweep_4\LAS_DataFrame_4f9f288a_Laser_True_20260807_154812.csv,7f72a6df,4f9f288a|Scope_TrialNumber_0_50.00W_0.60Torr_0.00NitrogenFlow_2425.00MHz.csv,7,full 7,1.2721920509894384,0.0009914942426123357,0.5065226841605303,0.0003536365494868439,0.37403652352435734,0.0002495445209202339,0.5402502215292286,0.0004210488375553574,-0.0035550312014176995,0.00011310269320081663,37.472335189956254,0.0008328270390741127,19587,0.1774297837474717
50,0.6,0.0,2425.0,0,4f9f288a,0.605,50.06666666666667,0.0471404520791021,0.4721957563087639,0.008,79.99,Scope_TrialNumber_0_50.00W_0.60Torr_0.00NitrogenFlow_2425.00MHz.csv,G:\My Drive\MiniChamberData\Data\NafisaData\LAS_0.6Torr_2Nitrogen_Freq_Sweep_4\LAS_DataFrame_4f9f288a_Laser_True_20260807_154812.csv,7f72a6df,4f9f288a|Scope_TrialNumber_0_50.00W_0.60Torr_0.00NitrogenFlow_2425.00MHz.csv,9,trailing partial,1.194439819761115,0.00083526028053671,0.4726012964809133,0.0002977700959434864,0.3717050189809907,0.00022019734203958312,0.5072318890276036,0.00035470238258725716,-0.0037185292844231755,0.0001425988504798807,30.144272611161732,0.0008273162665266109,18671,0.1773936575936609
50,0.6,0.0,2430.0,0,4f9f288a,0.605,50.03333333333334,0.1247219128924639,0.451347016673871,-0.006,80.0,Scope_TrialNumber_0_50.00W_0.60Torr_0.00NitrogenFlow_2430.00MHz.csv,G:\My Drive\MiniChamberData\Data\NafisaData\LAS_0.6Torr_2Nitrogen_Freq_Sweep_4\LAS_DataFrame_4f9f288a_Laser_True_20260807_154812.csv,7f72a6df,4f9f288a|Scope_TrialNumber_0_50.00W_0.60Torr_0.00NitrogenFlow_2430.00MHz.csv,1,full 1,1.1251397418269358,0.0008149465472090129,0.4389735685144572,0.00028528669123326203,0.366521703301214,0.00022618838185658338,0.477802855552025,0.00034607593430703196,-0.002558662697192322,0.0001129863727421838,33.52151844288563,0.000804194567914883,19511,0.1870901236907387
50,0.6,0.0,2430.0,0,4f9f288a,0.605,50.03333333333334,0.1247219128924639,0.451347016673871,-0.006,80.0,Scope_TrialNumber_0_50.00W_0.60Torr_0.00NitrogenFlow_2430.00MHz.csv,G:\My Drive\MiniChamberData\Data\NafisaData\LAS_0.6Torr_2Nitrogen_Freq_Sweep_4\LAS_DataFrame_4f9f288a_Laser_True_20260807_154812.csv,7f72a6df,4f9f288a|Scope_TrialNumber_0_50.00W_0.60Torr_0.00NitrogenFlow_2430.00MHz.csv,3,full 3,1.282922254495867,0.0014081878533095376,0.497901317996933,0.0004917298652337939,0.36459501548191076,0.00034404814936043907,0.544806919408997,0.0005980023213582887,-0.002184312808400657,0.00011047792062373517,70.17526077382253,0.0008352868147854715,19522,0.18699148927950954
50,0.6,0.0,2430.0,0,4f9f288a,0.605,50.03333333333334,0.1247219128924639,0.451347016673871,-0.006,80.0,Scope_TrialNumber_0_50.00W_0.60Torr_0.00NitrogenFlow_2430.00MHz.csv,G:\My Drive\MiniChamberData\Data\NafisaData\LAS_0.6Torr_2Nitrogen_Freq_Sweep_4\LAS_DataFrame_4f9f288a_Laser_True_20260807_154812.csv,7f72a6df,4f9f288a|Scope_TrialNumber_0_50.00W_0.60Torr_0.00NitrogenFlow_2430.00MHz.csv,5,full 5,1.2260399995707651,0.0010584916499754818,0.47865405781883574,0.0003706337361872421,0.36676247567232706,0.000270831849228789,0.5206512498302822,0.000449500016873506,-0.0019887101402281645,9.646984389357759e-05,47.94467507939102,0.0008014785221757005,19511,0.18693534843682136
50,0.6,0.0,2430.0,0,4f9f288a,0.605,50.03333333333334,0.1247219128924639,0.451347016673871,-0.006,80.0,Scope_TrialNumber_0_50.00W_0.60Torr_0.00NitrogenFlow_2430.00MHz.csv,G:\My Drive\MiniChamberData\Data\NafisaData\LAS_0.6Torr_2Nitrogen_Freq_Sweep_4\LAS_DataFrame_4f9f288a_Laser_True_20260807_154812.csv,7f72a6df,4f9f288a|Scope_TrialNumber_0_50.00W_0.60Torr_0.00NitrogenFlow_2430.00MHz.csv,7,full 7,1.160915777462328,0.000948183679939817,0.45304368405081763,0.0003316121602441853,0.3666124054297089,0.0002563264935049244,0.4929955390485349,0.0004026565350251021,-0.002442355652135893,0.0001183090801118512,42.455352569667404,0.0008059944768831318,19539,0.18701334178407877
50,0.6,0.0,2430.0,0,4f9f288a,0.605,50.03333333333334,0.1247219128924639,0.451347016673871,-0.006,80.0,Scope_TrialNumber_0_50.00W_0.60Torr_0.00NitrogenFlow_2430.00MHz.csv,G:\My Drive\MiniChamberData\Data\NafisaData\LAS_0.6Torr_2Nitrogen_Freq_Sweep_4\LAS_DataFrame_4f9f288a_Laser_True_20260807_154812.csv,7f72a6df,4f9f288a|Scope_TrialNumber_0_50.00W_0.60Torr_0.00NitrogenFlow_2430.00MHz.csv,9,trailing partial,1.15937763543399,0.0007420783349984253,0.4484806783844133,0.00025950481814618906,0.3634014105275666,0.0001963613909424514,0.4923423502702315,0.00031513165371779915,-0.0024083247292435222,0.000144021913664513,25.22962672564289,0.00081011711248742,18561,0.18701700366872334
50,0.6,0.0,2435.0,0,4f9f288a,0.605,50.1,0.0816496580927737,0.5800198030751134,-0.017,80.0,Scope_TrialNumber_0_50.00W_0.60Torr_0.00NitrogenFlow_2435.00MHz.csv,G:\My Drive\MiniChamberData\Data\NafisaData\LAS_0.6Torr_2Nitrogen_Freq_Sweep_4\LAS_DataFrame_4f9f288a_Laser_True_20260807_154812.csv,7f72a6df,4f9f288a|Scope_TrialNumber_0_50.00W_0.60Torr_0.00NitrogenFlow_2435.00MHz.csv,1,full 1,1.2162452774791706,0.0011071408202356925,0.4638324303112831,0.0003781037473437561,0.35826776405447547,0.00027994303214015653,0.5164918143302052,0.0004701594173074662,-0.0053820878792811225,0.0001989125237693406,48.85397040357662,0.0008138314298451854,19571,0.15229337427420164
50,0.6,0.0,2435.0,0,4f9f288a,0.605,50.1,0.0816496580927737,0.5800198030751134,-0.017,80.0,Scope_TrialNumber_0_50.00W_0.60Torr_0.00NitrogenFlow_2435.00MHz.csv,G:\My Drive\MiniChamberData\Data\NafisaData\LAS_0.6Torr_2Nitrogen_Freq_Sweep_4\LAS_DataFrame_4f9f288a_Laser_True_20260807_154812.csv,7f72a6df,4f9f288a|Scope_TrialNumber_0_50.00W_0.60Torr_0.00NitrogenFlow_2435.00MHz.csv,3,full 3,1.1733505899856023,0.0013191870088113881,0.4455562766694047,0.00044965904835350673,0.35673240345580826,0.0003451489337700992,0.4982761177277905,0.0005602071426201275,-0.0051584935067445605,0.0001993929680082352,74.6537776410792,0.0008070086898280368,19544,0.15228259430461036
50,0.6,0.0,2435.0,0,4f9f288a,0.605,50.1,0.0816496580927737,0.5800198030751134,-0.017,80.0,Scope_TrialNumber_0_50.00W_0.60Torr_0.00NitrogenFlow_2435.00MHz.csv,G:\My Drive\MiniChamberData\Data\NafisaData\LAS_0.6Torr_2Nitrogen_Freq_Sweep_4\LAS_DataFrame_4f9f288a_Laser_True_20260807_154812.csv,7f72a6df,4f9f288a|Scope_TrialNumber_0_50.00W_0.60Torr_0.00NitrogenFlow_2435.00MHz.csv,5,full 5,1.2383141896380399,0.0011247283928570448,0.4698543592303982,0.00038212219308116785,0.3564512983167825,0.0002777755257089492,0.5258636184327897,0.00047762817172819787,-0.005004769785477335,0.0001880981166910773,47.623625508271594,0.0008186590130386856,19655,0.152174476560415
50,0.6,0.0,2435.0,0,4f9f288a,0.605,50.1,0.0816496580927737,0.5800198030751134,-0.017,80.0,Scope_TrialNumber_0_50.00W_0.60Torr_0.00NitrogenFlow_2435.00MHz.csv,G:\My Drive\MiniChamberData\Data\NafisaData\LAS_0.6Torr_2Nitrogen_Freq_Sweep_4\LAS_DataFrame_4f9f288a_Laser_True_20260807_154812.csv,7f72a6df,4f9f288a|Scope_TrialNumber_0_50.00W_0.60Torr_0.00NitrogenFlow_2435.00MHz.csv,7,full 7,1.2370028446881103,0.000993428205930433,0.4645948355545301,0.00033461581398393664,0.35283484584168867,0.00024122750056763603,0.5253067415059534,0.0004218701161588662,-0.004862753737561636,0.00019914009525943987,38.45772782807881,0.0007974769861498044,19573,0.1522773804981485
50,0.6,0.0,2435.0,0,4f9f288a,0.605,50.1,0.0816496580927737,0.5800198030751134,-0.017,80.0,Scope_TrialNumber_0_50.00W_0.60Torr_0.00NitrogenFlow_2435.00MHz.csv,G:\My Drive\MiniChamberData\Data\NafisaData\LAS_0.6Torr_2Nitrogen_Freq_Sweep_4\LAS_DataFrame_4f9f288a_Laser_True_20260807_154812.csv,7f72a6df,4f9f288a|Scope_TrialNumber_0_50.00W_0.60Torr_0.00NitrogenFlow_2435.00MHz.csv,9,trailing partial,1.1519044243521896,0.0008986884721965851,0.4351135597275363,0.0003054168880558838,0.35485747761202957,0.00023511997112432643,0.48916876972526796,0.0003816378555520465,-0.005236785596399439,0.00024166967165930157,35.31693143835545,0.0008111958580018143,18693,0.15229171269061803
50,0.6,0.0,2440.0,0,4f9f288a,0.605,50.03333333333334,0.1247219128924639,0.6172775776287276,-0.007,79.99,Scope_TrialNumber_0_50.00W_0.60Torr_0.00NitrogenFlow_2440.00MHz.csv,G:\My Drive\MiniChamberData\Data\NafisaData\LAS_0.6Torr_2Nitrogen_Freq_Sweep_4\LAS_DataFrame_4f9f288a_Laser_True_20260807_154812.csv,7f72a6df,4f9f288a|Scope_TrialNumber_0_50.00W_0.60Torr_0.00NitrogenFlow_2440.00MHz.csv,1,full 1,1.187475894356484,0.0009180835920716313,0.4707440476049076,0.0003266723085733906,0.3724155657792691,0.00024374488264795134,0.5042745821967373,0.0003898742046165846,-0.0038343658748184136,0.00019466039096539334,40.233802716764465,0.0007897766407965428,19478,0.14804239868107016
50,0.6,0.0,2440.0,0,4f9f288a,0.605,50.03333333333334,0.1247219128924639,0.6172775776287276,-0.007,79.99,Scope_TrialNumber_0_50.00W_0.60Torr_0.00NitrogenFlow_2440.00MHz.csv,G:\My Drive\MiniChamberData\Data\NafisaData\LAS_0.6Torr_2Nitrogen_Freq_Sweep_4\LAS_DataFrame_4f9f288a_Laser_True_20260807_154812.csv,7f72a6df,4f9f288a|Scope_TrialNumber_0_50.00W_0.60Torr_0.00NitrogenFlow_2440.00MHz.csv,3,full 3,1.212102512077039,0.0010645592988064196,0.48497763617977335,0.0003814448899584581,0.3758808072942583,0.0002845114582340501,0.5147325438454505,0.0004520767100878097,-0.0039893842284635965,0.00019495841897247706,53.664890516668464,0.0007875185760356469,19560,0.1479924055135523
50,0.6,0.0,2440.0,0,4f9f288a,0.605,50.03333333333334,0.1247219128924639,0.6172775776287276,-0.007,79.99,Scope_TrialNumber_0_50.00W_0.60Torr_0.00NitrogenFlow_2440.00MHz.csv,G:\My Drive\MiniChamberData\Data\NafisaData\LAS_0.6Torr_2Nitrogen_Freq_Sweep_4\LAS_DataFrame_4f9f288a_Laser_True_20260807_154812.csv,7f72a6df,4f9f288a|Scope_TrialNumber_0_50.00W_0.60Torr_0.00NitrogenFlow_2440.00MHz.csv,5,full 5,1.1772697635822298,0.0012878062630923002,0.47326397550004107,0.0004632608591886576,0.3776550073769754,0.0003584921370965522,0.499940437515155,0.0005468809668958694,-0.004252671755642244,0.00021006638783586042,81.81757643483678,0.0007933806349232061,19520,0.14791984575551217
50,0.6,0.0,2440.0,0,4f9f288a,0.605,50.03333333333334,0.1247219128924639,0.6172775776287276,-0.007,79.99,Scope_TrialNumber_0_50.00W_0.60Torr_0.00NitrogenFlow_2440.00MHz.csv,G:\My Drive\MiniChamberData\Data\NafisaData\LAS_0.6Torr_2Nitrogen_Freq_Sweep_4\LAS_DataFrame_4f9f288a_Laser_True_20260807_154812.csv,7f72a6df,4f9f288a|Scope_TrialNumber_0_50.00W_0.60Torr_0.00NitrogenFlow_2440.00MHz.csv,7,full 7,1.2603858934219463,0.0010967084971117893,0.5027785292078476,0.00039183261588888297,0.37474942851451726,0.00028091975035276275,0.5352366080293753,0.00046572921757907635,-0.004036627382205127,0.00020545950804191318,53.01069493433905,0.0007822018510038552,19605,0.14792196862534007
50,0.6,0.0,2440.0,0,4f9f288a,0.605,50.03333333333334,0.1247219128924639,0.6172775776287276,-0.007,79.99,Scope_TrialNumber_0_50.00W_0.60Torr_0.00NitrogenFlow_2440.00MHz.csv,G:\My Drive\MiniChamberData\Data\NafisaData\LAS_0.6Torr_2Nitrogen_Freq_Sweep_4\LAS_DataFrame_4f9f288a_Laser_True_20260807_154812.csv,7f72a6df,4f9f288a|Scope_TrialNumber_0_50.00W_0.60Torr_0.00NitrogenFlow_2440.00MHz.csv,9,trailing partial,1.158170578831209,0.0011178185233006422,0.46166247383233344,0.000400198295553251,0.37447241884910965,0.0003100254098915451,0.49182976052676985,0.00047469382030249817,-0.0045663078135644965,0.00026748008314599064,62.65737469293871,0.0007926994719871973,18602,0.14791730808055317
50,0.6,0.0,2445.0,0,4f9f288a,0.605,49.866666666666674,0.1247219128924658,0.6436234571942164,-0.002,79.98,Scope_TrialNumber_0_50.00W_0.60Torr_0.00NitrogenFlow_2445.00MHz.csv,G:\My Drive\MiniChamberData\Data\NafisaData\LAS_0.6Torr_2Nitrogen_Freq_Sweep_4\LAS_DataFrame_4f9f288a_Laser_True_20260807_154812.csv,7f72a6df,4f9f288a|Scope_TrialNumber_0_50.00W_0.60Torr_0.00NitrogenFlow_2445.00MHz.csv,1,full 1,1.125653260398856,0.0007607000728650151,0.5009941498258115,0.00030416725322743326,0.4181150602184886,0.0002373468222186967,0.4780209268110174,0.000323039577682471,-0.004306634538530254,0.0001911933405944636,37.936155468048504,0.0007993956602918579,19527,0.14952098092842003
50,0.6,0.0,2445.0,0,4f9f288a,0.605,49.866666666666674,0.1247219128924658,0.6436234571942164,-0.002,79.98,Scope_TrialNumber_0_50.00W_0.60Torr_0.00NitrogenFlow_2445.00MHz.csv,G:\My Drive\MiniChamberData\Data\NafisaData\LAS_0.6Torr_2Nitrogen_Freq_Sweep_4\LAS_DataFrame_4f9f288a_Laser_True_20260807_154812.csv,7f72a6df,4f9f288a|Scope_TrialNumber_0_50.00W_0.60Torr_0.00NitrogenFlow_2445.00MHz.csv,3,full 3,1.1799155895191158,0.0010835501892180921,0.5294975278965219,0.000435145169141917,0.4215807648477913,0.000333686435642017,0.5010640163391373,0.0004601413987045668,-0.003882055518295688,0.00019394670136872226,71.76465717652476,0.0007967949878236394,19538,0.1494563076820374
50,0.6,0.0,2445.0,0,4f9f288a,0.605,49.866666666666674,0.1247219128924658,0.6436234571942164,-0.002,79.98,Scope_TrialNumber_0_50.00W_0.60Torr_0.00NitrogenFlow_2445.00MHz.csv,G:\My Drive\MiniChamberData\Data\NafisaData\LAS_0.6Torr_2Nitrogen_Freq_Sweep_4\LAS_DataFrame_4f9f288a_Laser_True_20260807_154812.csv,7f72a6df,4f9f288a|Scope_TrialNumber_0_50.00W_0.60Torr_0.00NitrogenFlow_2445.00MHz.csv,5,full 5,1.270027866935752,0.0010573434652893512,0.570475982952196,0.00042526747526753025,0.42198003598233735,0.00030133603541989947,0.5393311771809128,0.00044901242773116217,-0.003785074679366758,0.000184854092317011,58.124612418697545,0.0008045482697587988,19577,0.14946476310727816
50,0.6,0.0,2445.0,0,4f9f288a,0.605,49.866666666666674,0.1247219128924658,0.6436234571942164,-0.002,79.98,Scope_TrialNumber_0_50.00W_0.60Torr_0.00NitrogenFlow_2445.00MHz.csv,G:\My Drive\MiniChamberData\Data\NafisaData\LAS_0.6Torr_2Nitrogen_Freq_Sweep_4\LAS_DataFrame_4f9f288a_Laser_True_20260807_154812.csv,7f72a6df,4f9f288a|Scope_TrialNumber_0_50.00W_0.60Torr_0.00NitrogenFlow_2445.00MHz.csv,7,full 7,1.1564089046412123,0.0008590437661057264,0.5172232740433147,0.00034436104324152625,0.4201790760147517,0.0002665786442240876,0.49108164637948526,0.0003648022989775577,-0.003806168910040179,0.0001920543227910578,47.73755440862304,0.00078844444410229,19574,0.1494938510521527
50,0.6,0.0,2445.0,0,4f9f288a,0.605,49.866666666666674,0.1247219128924658,0.6436234571942164,-0.002,79.98,Scope_TrialNumber_0_50.00W_0.60Torr_0.00NitrogenFlow_2445.00MHz.csv,G:\My Drive\MiniChamberData\Data\NafisaData\LAS_0.6Torr_2Nitrogen_Freq_Sweep_4\LAS_DataFrame_4f9f288a_Laser_True_20260807_154812.csv,7f72a6df,4f9f288a|Scope_TrialNumber_0_50.00W_0.60Torr_0.00NitrogenFlow_2445.00MHz.csv,9,trailing partial,1.174069370659033,0.0008910878852079526,0.526327859699599,0.0003590376654502629,0.42114377955576476,0.00027328312988235306,0.4985813557755757,0.00037841018343983096,-0.003934697803859631,0.00024796097036697696,48.573883416897644,0.0007998077940482175,18548,0.14946843125126236
50,0.6,0.0,2450.0,0,4f9f288a,0.605,49.96666666666666,0.1247219128924664,0.6614541741853986,-0.002,79.99,Scope_TrialNumber_0_50.00W_0.60Torr_0.00NitrogenFlow_2450.00MHz.csv,G:\My Drive\MiniChamberData\Data\NafisaData\LAS_0.6Torr_2Nitrogen_Freq_Sweep_4\LAS_DataFrame_4f9f288a_Laser_True_20260807_154812.csv,7f72a6df,4f9f288a|Scope_TrialNumber_0_50.00W_0.60Torr_0.00NitrogenFlow_2450.00MHz.csv,1,full 1,1.2636907260017196,0.001017457155185961,0.5679488684901901,0.0004097497263130303,0.42221750027644367,0.00029278359539773607,0.5366400412075272,0.0004320742713792334,-0.0036222012010725937,0.00018921027024967465,56.410028300205155,0.0007922094397286355,19476,0.15022241177907503
50,0.6,0.0,2450.0,0,4f9f288a,0.605,49.96666666666666,0.1247219128924664,0.6614541741853986,-0.002,79.99,Scope_TrialNumber_0_50.00W_0.60Torr_0.00NitrogenFlow_2450.00MHz.csv,G:\My Drive\MiniChamberData\Data\NafisaData\LAS_0.6Torr_2Nitrogen_Freq_Sweep_4\LAS_DataFrame_4f9f288a_Laser_True_20260807_154812.csv,7f72a6df,4f9f288a|Scope_TrialNumber_0_50.00W_0.60Torr_0.00NitrogenFlow_2450.00MHz.csv,3,full 3,1.1928800956765722,0.0008429294665690736,0.5361928414828293,0.00033987918473718016,0.42227173182495376,0.00025445091950044045,0.5065695351938854,0.0003579591860311326,-0.0035738855000095483,0.00019244154713049768,41.409602342828926,0.0008097868014705268,19450,0.15020666568539026
50,0.6,0.0,2450.0,0,4f9f288a,0.605,49.96666666666666,0.1247219128924664,0.6614541741853986,-0.002,79.99,Scope_TrialNumber_0_50.00W_0.60Torr_0.00NitrogenFlow_2450.00MHz.csv,G:\My Drive\MiniChamberData\Data\NafisaData\LAS_0.6Torr_2Nitrogen_Freq_Sweep_4\LAS_DataFrame_4f9f288a_Laser_True_20260807_154812.csv,7f72a6df,4f9f288a|Scope_TrialNumber_0_50.00W_0.60Torr_0.00NitrogenFlow_2450.00MHz.csv,5,full 5,1.3100878415993131,0.0008908984773298708,0.5895466489513839,0.00036055460887322166,0.4227518811878096,0.00024475187698556433,0.5563430820812869,0.0003783297493198304,-0.003626388632558684,0.0001812597013387538,39.612110563639284,0.0007990254110063577,19505,0.15014153346361342
50,0.6,0.0,2450.0,0,4f9f288a,0.605,49.96666666666666,0.1247219128924664,0.6614541741853986,-0.002,79.99,Scope_TrialNumber_0_50.00W_0.60Torr_0.00NitrogenFlow_2450.00MHz.csv,G:\My Drive\MiniChamberData\Data\NafisaData\LAS_0.6Torr_2Nitrogen_Freq_Sweep_4\LAS_DataFrame_4f9f288a_Laser_True_20260807_154812.csv,7f72a6df,4f9f288a|Scope_TrialNumber_0_50.00W_0.60Torr_0.00NitrogenFlow_2450.00MHz.csv,7,full 7,1.2163432439231774,0.0007838959327036606,0.5504080653855108,0.0003190077630726146,0.4251052140942888,0.00023258167830413816,0.5165334168485011,0.0003328899524011644,-0.0038216901692972953,0.00020189860489315962,37.03798777672794,0.0007863667528467426,19454,0.15014517344217618
50,0.6,0.0,2450.0,0,4f9f288a,0.605,49.96666666666666,0.1247219128924664,0.6614541741853986,-0.002,79.99,Scope_TrialNumber_0_50.00W_0.60Torr_0.00NitrogenFlow_2450.00MHz.csv,G:\My Drive\MiniChamberData\Data\NafisaData\LAS_0.6Torr_2Nitrogen_Freq_Sweep_4\LAS_DataFrame_4f9f288a_Laser_True_20260807_154812.csv,7f72a6df,4f9f288a|Scope_TrialNumber_0_50.00W_0.60Torr_0.00NitrogenFlow_2450.00MHz.csv,9,trailing partial,1.153092313659129,0.0009978134719555913,0.5210826595085587,0.0004045688526633614,0.4245319041915044,0.0003166184533870418,0.4896732198676243,0.0004237323671764808,-0.004118909501130912,0.0002607008565920455,63.40085913549625,0.0008036795813333683,18600,0.15014496878684522
50,0.6,0.0,2455.0,0,4f9f288a,0.605,49.93333333333334,0.1247219128924614,0.6770697277144685,0.006,80.0,Scope_TrialNumber_0_50.00W_0.60Torr_0.00NitrogenFlow_2455.00MHz.csv,G:\My Drive\MiniChamberData\Data\NafisaData\LAS_0.6Torr_2Nitrogen_Freq_Sweep_4\LAS_DataFrame_4f9f288a_Laser_True_20260807_154812.csv,7f72a6df,4f9f288a|Scope_TrialNumber_0_50.00W_0.60Torr_0.00NitrogenFlow_2455.00MHz.csv,1,full 1,1.2235653751109417,0.0007173453835329297,0.5414606507688096,0.0002854355384251847,0.41572631150589023,0.00020596480697814524,0.5196003735796552,0.0003046285362852437,-0.0026048596787153215,0.0001095813312079043,27.48578351717268,0.0008091745755819646,19442,0.15067389195261435
50,0.6,0.0,2455.0,0,4f9f288a,0.605,49.93333333333334,0.1247219128924614,0.6770697277144685,0.006,80.0,Scope_TrialNumber_0_50.00W_0.60Torr_0.00NitrogenFlow_2455.00MHz.csv,G:\My Drive\MiniChamberData\Data\NafisaData\LAS_0.6Torr_2Nitrogen_Freq_Sweep_4\LAS_DataFrame_4f9f288a_Laser_True_20260807_154812.csv,7f72a6df,4f9f288a|Scope_TrialNumber_0_50.00W_0.60Torr_0.00NitrogenFlow_2455.00MHz.csv,3,full 3,1.1676925824393385,0.0007732538431094166,0.5187188415229543,0.00030774844268309325,0.4173220111346176,0.0002362543708409803,0.49587338315017254,0.00032837067305465956,-0.0026672034065098496,0.0001257950166182261,36.61491604986192,0.0007938062673615,19517,0.15062612154236696
50,0.6,0.0,2455.0,0,4f9f288a,0.605,49.93333333333334,0.1247219128924614,0.6770697277144685,0.006,80.0,Scope_TrialNumber_0_50.00W_0.60Torr_0.00NitrogenFlow_2455.00MHz.csv,G:\My Drive\MiniChamberData\Data\NafisaData\LAS_0.6Torr_2Nitrogen_Freq_Sweep_4\LAS_DataFrame_4f9f288a_Laser_True_20260807_154812.csv,7f72a6df,4f9f288a|Scope_TrialNumber_0_50.00W_0.60Torr_0.00NitrogenFlow_2455.00MHz.csv,5,full 5,1.2488429638988778,0.0008200213728742196,0.5557613166611102,0.0003269628723512237,0.4180692961592605,0.00023477638673753288,0.5303347771878103,0.00034823101434209257,-0.002605941128018839,0.00011511395726878107,35.85544211424682,0.0007997681106617296,19514,0.15060730932998198
50,0.6,0.0,2455.0,0,4f9f288a,0.605,49.93333333333334,0.1247219128924614,0.6770697277144685,0.006,80.0,Scope_TrialNumber_0_50.00W_0.60Torr_0.00NitrogenFlow_2455.00MHz.csv,G:\My Drive\MiniChamberData\Data\NafisaData\LAS_0.6Torr_2Nitrogen_Freq_Sweep_4\LAS_DataFrame_4f9f288a_Laser_True_20260807_154812.csv,7f72a6df,4f9f288a|Scope_TrialNumber_0_50.00W_0.60Torr_0.00NitrogenFlow_2455.00MHz.csv,7,full 7,1.182487122690965,0.0010022491948249049,0.5292003168730466,0.0004012208886968875,0.42042783894242464,0.0003079668608519502,0.502156045930645,0.00042561604524295286,-0.002891392099275013,0.00013427819830157957,58.49722418037952,0.000811520307094583,19449,0.15067422672193878
50,0.6,0.0,2455.0,0,4f9f288a,0.605,49.93333333333334,0.1247219128924614,0.6770697277144685,0.006,80.0,Scope_TrialNumber_0_50.00W_0.60Torr_0.00NitrogenFlow_2455.00MHz.csv,G:\My Drive\MiniChamberData\Data\NafisaData\LAS_0.6Torr_2Nitrogen_Freq_Sweep_4\LAS_DataFrame_4f9f288a_Laser_True_20260807_154812.csv,7f72a6df,4f9f288a|Scope_TrialNumber_0_50.00W_0.60Torr_0.00NitrogenFlow_2455.00MHz.csv,9,trailing partial,1.1750003519621703,0.0006612464975224775,0.5211249533602675,0.00026431960040637756,0.41665026502308167,0.00019926269948959013,0.4989767071337833,0.0002808055328549689,-0.0031128577891342928,0.00016207100385087742,24.801961378582323,0.0008207537098494016,18602,0.15064359818877124
50,0.6,0.0,2460.0,0,4f9f288a,0.605,50.16666666666666,0.2357022603955108,0.6885814854685615,0.005,80.0,Scope_TrialNumber_0_50.00W_0.60Torr_0.00NitrogenFlow_2460.00MHz.csv,G:\My Drive\MiniChamberData\Data\NafisaData\LAS_0.6Torr_2Nitrogen_Freq_Sweep_4\LAS_DataFrame_4f9f288a_Laser_True_20260807_154812.csv,7f72a6df,4f9f288a|Scope_TrialNumber_0_50.00W_0.60Torr_0.00NitrogenFlow_2460.00MHz.csv,1,full 1,1.306216643714303,0.0011847390039794654,0.5554783388496712,0.000452243589171816,0.3995026870440602,0.0003115409334972683,0.5546991357028029,0.0005031123318656371,-0.0048733478433383584,0.0002753997874206874,61.934510719309664,0.0008098662611497098,19472,0.15157964967674034
50,0.6,0.0,2460.0,0,4f9f288a,0.605,50.16666666666666,0.2357022603955108,0.6885814854685615,0.005,80.0,Scope_TrialNumber_0_50.00W_0.60Torr_0.00NitrogenFlow_2460.00MHz.csv,G:\My Drive\MiniChamberData\Data\NafisaData\LAS_0.6Torr_2Nitrogen_Freq_Sweep_4\LAS_DataFrame_4f9f288a_Laser_True_20260807_154812.csv,7f72a6df,4f9f288a|Scope_TrialNumber_0_50.00W_0.60Torr_0.00NitrogenFlow_2460.00MHz.csv,3,full 3,1.1522666709103238,0.0009979698551218902,0.4878415059996986,0.000378992334081889,0.39773475047319484,0.0002917475007545995,0.4893226016747193,0.00042379877699264863,-0.004564620012229522,0.0002678970834851831,54.675904408871716,0.0008150358980931671,19501,0.15158374393366078
50,0.6,0.0,2460.0,0,4f9f288a,0.605,50.16666666666666,0.2357022603955108,0.6885814854685615,0.005,80.0,Scope_TrialNumber_0_50.00W_0.60Torr_0.00NitrogenFlow_2460.00MHz.csv,G:\My Drive\MiniChamberData\Data\NafisaData\LAS_0.6Torr_2Nitrogen_Freq_Sweep_4\LAS_DataFrame_4f9f288a_Laser_True_20260807_154812.csv,7f72a6df,4f9f288a|Scope_TrialNumber_0_50.00W_0.60Torr_0.00NitrogenFlow_2460.00MHz.csv,5,full 5,1.12629250198004,0.0009932862913026082,0.47835064991776216,0.00037820586994779403,0.39899087673311706,0.0002992933407187451,0.4782923877162924,0.0004218098505652705,-0.004441217964934992,0.0002555951795903924,58.233351578611106,0.0008050672647271412,19472,0.15158112971733576
50,0.6,0.0,2460.0,0,4f9f288a,0.605,50.16666666666666,0.2357022603955108,0.6885814854685615,0.005,80.0,Scope_TrialNumber_0_50.00W_0.60Torr_0.00NitrogenFlow_2460.00MHz.csv,G:\My Drive\MiniChamberData\Data\NafisaData\LAS_0.6Torr_2Nitrogen_Freq_Sweep_4\LAS_DataFrame_4f9f288a_Laser_True_20260807_154812.csv,7f72a6df,4f9f288a|Scope_TrialNumber_0_50.00W_0.60Torr_0.00NitrogenFlow_2460.00MHz.csv,7,full 7,1.1868788677593163,0.001008249383159368,0.49979808857227537,0.00038110040261231094,0.39559972713478303,0.0002823672716050021,0.5040210483445741,0.00042816409062209964,-0.004653620397322649,0.00025970502418934746,52.51527110916839,0.0008077948353438008,19543,0.15147157408451528
50,0.6,0.0,2460.0,0,4f9f288a,0.605,50.16666666666666,0.2357022603955108,0.6885814854685615,0.005,80.0,Scope_TrialNumber_0_50.00W_0.60Torr_0.00NitrogenFlow_2460.00MHz.csv,G:\My Drive\MiniChamberData\Data\NafisaData\LAS_0.6Torr_2Nitrogen_Freq_Sweep_4\LAS_DataFrame_4f9f288a_Laser_True_20260807_154812.csv,7f72a6df,4f9f288a|Scope_TrialNumber_0_50.00W_0.60Torr_0.00NitrogenFlow_2460.00MHz.csv,9,trailing partial,1.2173558218124578,0.0013075936430043383,0.5217262017531475,0.0005031994147188673,0.40261773461727446,0.0003750757890572986,0.5169634190864288,0.0005552838934608069,-0.0050826208419886085,0.00035110690765930726,85.36313235080704,0.0008163922418862829,18406,0.15151656649021294
55,0.6,0.0,2410.0,0,4f9f288a,0.605,54.96666666666667,0.1247219128924696,0.6222654680347425,-0.002,80.0,Scope_TrialNumber_0_55.00W_0.60Torr_0.00NitrogenFlow_2410.00MHz.csv,G:\My Drive\MiniChamberData\Data\NafisaData\LAS_0.6Torr_2Nitrogen_Freq_Sweep_4\LAS_DataFrame_4f9f288a_Laser_True_20260807_154812.csv,7f72a6df,4f9f288a|Scope_TrialNumber_0_55.00W_0.60Torr_0.00NitrogenFlow_2410.00MHz.csv,1,full 1,1.3020818474404285,0.0013670803879916704,0.5258455033995246,0.0004951830183163964,0.37939156413337416,0.00034504363333116487,0.5529432493952273,0.0005805455881337646,-0.0038128031701760564,0.00019436163183963155,71.70711003243463,0.0008248789790688659,19448,0.1756820480126627
55,0.6,0.0,2410.0,0,4f9f288a,0.605,54.96666666666667,0.1247219128924696,0.6222654680347425,-0.002,80.0,Scope_TrialNumber_0_55.00W_0.60Torr_0.00NitrogenFlow_2410.00MHz.csv,G:\My Drive\MiniChamberData\Data\NafisaData\LAS_0.6Torr_2Nitrogen_Freq_Sweep_4\LAS_DataFrame_4f9f288a_Laser_True_20260807_154812.csv,7f72a6df,4f9f288a|Scope_TrialNumber_0_55.00W_0.60Torr_0.00NitrogenFlow_2410.00MHz.csv,3,full 3,1.2071398892861802,0.000897849724088189,0.4808904815444798,0.00032181213601941214,0.3742453126968199,0.00023439912244534945,0.5126251119840093,0.00038128167202534094,-0.00327238562571264,0.00017195727260626783,34.377278660372525,0.000833504302679555,19517,0.17560227946041237
55,0.6,0.0,2410.0,0,4f9f288a,0.605,54.96666666666667,0.1247219128924696,0.6222654680347425,-0.002,80.0,Scope_TrialNumber_0_55.00W_0.60Torr_0.00NitrogenFlow_2410.00MHz.csv,G:\My Drive\MiniChamberData\Data\NafisaData\LAS_0.6Torr_2Nitrogen_Freq_Sweep_4\LAS_DataFrame_4f9f288a_Laser_True_20260807_154812.csv,7f72a6df,4f9f288a|Scope_TrialNumber_0_55.00W_0.60Torr_0.00NitrogenFlow_2410.00MHz.csv,5,full 5,1.217824798305339,0.0013491450364559985,0.4925806718715207,0.0004903901946912091,0.3799796543533717,0.0003617645625803143,0.5171625750660421,0.0005729291456062269,-0.003421658231418628,0.00019326491316139525,80.08377755711233,0.0008227650826953303,19186,0.17560545958961474
55,0.6,0.0,2410.0,0,4f9f288a,0.605,54.96666666666667,0.1247219128924696,0.6222654680347425,-0.002,80.0,Scope_TrialNumber_0_55.00W_0.60Torr_0.00NitrogenFlow_2410.00MHz.csv,G:\My Drive\MiniChamberData\Data\NafisaData\LAS_0.6Torr_2Nitrogen_Freq_Sweep_4\LAS_DataFrame_4f9f288a_Laser_True_20260807_154812.csv,7f72a6df,4f9f288a|Scope_TrialNumber_0_55.00W_0.60Torr_0.00NitrogenFlow_2410.00MHz.csv,7,full 7,1.10482572087298,0.0015398544883244718,0.4535420808049844,0.0005680748868167918,0.3856484603115038,0.00047392080684930147,0.4691762851281739,0.0006539159931026634,-0.0037592603794810373,0.00022365961773073892,124.88117736917765,0.0008335206738238346,19185,0.1755517182265494
55,0.6,0.0,2410.0,0,4f9f288a,0.605,54.96666666666667,0.1247219128924696,0.6222654680347425,-0.002,80.0,Scope_TrialNumber_0_55.00W_0.60Torr_0.00NitrogenFlow_2410.00MHz.csv,G:\My Drive\MiniChamberData\Data\NafisaData\LAS_0.6Torr_2Nitrogen_Freq_Sweep_4\LAS_DataFrame_4f9f288a_Laser_True_20260807_154812.csv,7f72a6df,4f9f288a|Scope_TrialNumber_0_55.00W_0.60Torr_0.00NitrogenFlow_2410.00MHz.csv,9,trailing partial,1.0190494036324405,0.0009106200066242873,0.40036726986414106,0.00031740177414528263,0.36908901289857377,0.00025968843759297515,0.4327504370377682,0.00038670471170221374,-0.003756684643223349,0.00024176445149413608,45.27625787627317,0.0008136487985907248,18431,0.17550787311104366
55,0.6,0.0,2415.0,0,4f9f288a,0.605,55.06666666666667,0.0471404520791004,0.5866722095592563,0.002,80.01,Scope_TrialNumber_0_55.00W_0.60Torr_0.00NitrogenFlow_2415.00MHz.csv,G:\My Drive\MiniChamberData\Data\NafisaData\LAS_0.6Torr_2Nitrogen_Freq_Sweep_4\LAS_DataFrame_4f9f288a_Laser_True_20260807_154812.csv,7f72a6df,4f9f288a|Scope_TrialNumber_0_55.00W_0.60Torr_0.00NitrogenFlow_2415.00MHz.csv,1,full 1,1.2333775466468828,0.0011777269753370247,0.4892518878884391,0.00041844904306841753,0.3726526913078078,0.0003068851398358702,0.5237672191764754,0.0005001345974705026,-0.0033650523891341475,0.00013216439134266914,57.22669030647583,0.0008211411697048286,19426,0.1769196790357077
55,0.6,0.0,2415.0,0,4f9f288a,0.605,55.06666666666667,0.0471404520791004,0.5866722095592563,0.002,80.01,Scope_TrialNumber_0_55.00W_0.60Torr_0.00NitrogenFlow_2415.00MHz.csv,G:\My Drive\MiniChamberData\Data\NafisaData\LAS_0.6Torr_2Nitrogen_Freq_Sweep_4\LAS_DataFrame_4f9f288a_Laser_True_20260807_154812.csv,7f72a6df,4f9f288a|Scope_TrialNumber_0_55.00W_0.60Torr_0.00NitrogenFlow_2415.00MHz.csv,3,full 3,1.2165382582013633,0.0008749940716859057,0.48361108726930213,0.0003121938970905279,0.3734549905935245,0.00022937693681247516,0.5166162317874164,0.00037157577010280874,-0.0029335942540420555,0.00010222618905043478,33.13684577367346,0.0008188679832161108,19443,0.1769641544271225
55,0.6,0.0,2415.0,0,4f9f288a,0.605,55.06666666666667,0.0471404520791004,0.5866722095592563,0.002,80.01,Scope_TrialNumber_0_55.00W_0.60Torr_0.00NitrogenFlow_2415.00MHz.csv,G:\My Drive\MiniChamberData\Data\NafisaData\LAS_0.6Torr_2Nitrogen_Freq_Sweep_4\LAS_DataFrame_4f9f288a_Laser_True_20260807_154812.csv,7f72a6df,4f9f288a|Scope_TrialNumber_0_55.00W_0.60Torr_0.00NitrogenFlow_2415.00MHz.csv,5,full 5,1.2278688675052192,0.0009787813898192942,0.49125604437848563,0.00035073793859212817,0.37585792236378046,0.0002570929967052543,0.521427898533572,0.00041565018604486614,-0.002791974025488952,0.0001012707653441543,41.74710219749362,0.0008115539594086073,19567,0.17690319951292463
55,0.6,0.0,2415.0,0,4f9f288a,0.605,55.06666666666667,0.0471404520791004,0.5866722095592563,0.002,80.01,Scope_TrialNumber_0_55.00W_0.60Torr_0.00NitrogenFlow_2415.00MHz.csv,G:\My Drive\MiniChamberData\Data\NafisaData\LAS_0.6Torr_2Nitrogen_Freq_Sweep_4\LAS_DataFrame_4f9f288a_Laser_True_20260807_154812.csv,7f72a6df,4f9f288a|Scope_TrialNumber_0_55.00W_0.60Torr_0.00NitrogenFlow_2415.00MHz.csv,7,full 7,1.1877527286042437,0.0011671813442075754,0.4762510490883253,0.000419355669370617,0.37668445523939154,0.00031901423623282427,0.5043921428775816,0.000495656280262484,-0.0033092459339210227,0.00013785777096086098,61.54757613459253,0.0008225755574336841,19512,0.1768406706871345
55,0.6,0.0,2415.0,0,4f9f288a,0.605,55.06666666666667,0.0471404520791004,0.5866722095592563,0.002,80.01,Scope_TrialNumber_0_55.00W_0.60Torr_0.00NitrogenFlow_2415.00MHz.csv,G:\My Drive\MiniChamberData\Data\NafisaData\LAS_0.6Torr_2Nitrogen_Freq_Sweep_4\LAS_DataFrame_4f9f288a_Laser_True_20260807_154812.csv,7f72a6df,4f9f288a|Scope_TrialNumber_0_55.00W_0.60Torr_0.00NitrogenFlow_2415.00MHz.csv,9,trailing partial,1.1868760834203886,0.0008198279917326378,0.4706948111112914,0.00029278689352425373,0.37256480152007243,0.00021864885606341406,0.5040198659446988,0.0003481488929324376,-0.0032873471998632353,0.00016764411229227422,29.907695189722087,0.0008219980374171541,18534,0.17685817530552045
55,0.6,0.0,2420.0,0,4f9f288a,0.605,54.96666666666667,0.2357022603955192,0.5445212760085121,0.004,80.0,Scope_TrialNumber_0_55.00W_0.60Torr_0.00NitrogenFlow_2420.00MHz.csv,G:\My Drive\MiniChamberData\Data\NafisaData\LAS_0.6Torr_2Nitrogen_Freq_Sweep_4\LAS_DataFrame_4f9f288a_Laser_True_20260807_154812.csv,7f72a6df,4f9f288a|Scope_TrialNumber_0_55.00W_0.60Torr_0.00NitrogenFlow_2420.00MHz.csv,0,full 0,1.25041175736921,0.0008294468294800427,0.4798867393330515,0.00028630766336890464,0.3605400299750827,0.00020196773235605582,0.5310009824350616,0.0003522336372285897,-0.00731476828042554,0.00017268707774243704,26.601709930718517,0.0008135234450709805,19503,0.17768958854166667
55,0.6,0.0,2420.0,0,4f9f288a,0.605,54.96666666666667,0.2357022603955192,0.5445212760085121,0.004,80.0,Scope_TrialNumber_0_55.00W_0.60Torr_0.00NitrogenFlow_2420.00MHz.csv,G:\My Drive\MiniChamberData\Data\NafisaData\LAS_0.6Torr_2Nitrogen_Freq_Sweep_4\LAS_DataFrame_4f9f288a_Laser_True_20260807_154812.csv,7f72a6df,4f9f288a|Scope_TrialNumber_0_55.00W_0.60Torr_0.00NitrogenFlow_2420.00MHz.csv,1,full 1,1.2390862222431396,0.0008060870243673856,0.47206072999504034,0.0002766976096413304,0.35790200843706216,0.00019519204194877468,0.5261914704938119,0.00034231364136226014,-0.0069167923179471935,0.00015396023815506899,25.937736172191855,0.0008017008325188492,19557,0.17773469791666666
55,0.6,0.0,2420.0,0,4f9f288a,0.605,54.96666666666667,0.2357022603955192,0.5445212760085121,0.004,80.0,Scope_TrialNumber_0_55.00W_0.60Torr_0.00NitrogenFlow_2420.00MHz.csv,G:\My Drive\MiniChamberData\Data\NafisaData\LAS_0.6Torr_2Nitrogen_Freq_Sweep_4\LAS_DataFrame_4f9f288a_Laser_True_20260807_154812.csv,7f72a6df,4f9f288a|Scope_TrialNumber_0_55.00W_0.60Torr_0.00NitrogenFlow_2420.00MHz.csv,2,full 2,1.1921728337278126,0.0009174526438760099,0.45972083026698735,0.00031699912188403595,0.36226197538583244,0.00023855204071700865,0.5062691886980875,0.0003896062655878878,-0.006948563339933055,0.00016274746083352385,36.96350126641462,0.0008040771430770035,19481,0.17772169270833332
55,0.6,0.0,2420.0,0,4f9f288a,0.605,54.96666666666667,0.2357022603955192,0.5445212760085121,0.004,80.0,Scope_TrialNumber_0_55.00W_0.60Torr_0.00NitrogenFlow_2420.00MHz.csv,G:\My Drive\MiniChamberData\Data\NafisaData\LAS_0.6Torr_2Nitrogen_Freq_Sweep_4\LAS_DataFrame_4f9f288a_Laser_True_20260807_154812.csv,7f72a6df,4f9f288a|Scope_TrialNumber_0_55.00W_0.60Torr_0.00NitrogenFlow_2420.00MHz.csv,3,full 3,1.2086378244118319,0.0011335431117634191,0.46501314910431735,0.00039015683172646326,0.36144052298437945,0.0002934813855856676,0.5132612264628259,0.00048137143819349513,-0.00720214102816317,0.00018043547414340293,54.055569765178724,0.0008082153381081861,19549,0.1776977864583333
55,0.6,0.0,2420.0,0,4f9f288a,0.605,54.96666666666667,0.2357022603955192,0.5445212760085121,0.004,80.0,Scope_TrialNumber_0_55.00W_0.60Torr_0.00NitrogenFlow_2420.00MHz.csv,G:\My Drive\MiniChamberData\Data\NafisaData\LAS_0.6Torr_2Nitrogen_Freq_Sweep_4\LAS_DataFrame_4f9f288a_Laser_True_20260807_154812.csv,7f72a6df,4f9f288a|Scope_TrialNumber_0_55.00W_0.60Torr_0.00NitrogenFlow_2420.00MHz.csv,4,trailing partial,1.2614397013572394,0.0009100488583516209,0.4810608260928847,0.00031240816742559636,0.3582624463677954,0.0002203549715075913,0.5356841190557559,0.00038646216736262757,-0.007381539805154155,0.00023025193291837003,31.1283954461187,0.000812018496906409,18586,0.1776594825502707
55,0.6,0.0,2425.0,0,4f9f288a,0.605,54.96666666666667,0.0471404520791055,0.50549980320233,0.007,80.01,Scope_TrialNumber_0_55.00W_0.60Torr_0.00NitrogenFlow_2425.00MHz.csv,G:\My Drive\MiniChamberData\Data\NafisaData\LAS_0.6Torr_2Nitrogen_Freq_Sweep_4\LAS_DataFrame_4f9f288a_Laser_True_20260807_154812.csv,7f72a6df,4f9f288a|Scope_TrialNumber_0_55.00W_0.60Torr_0.00NitrogenFlow_2425.00MHz.csv,1,full 1,0.9517879971381116,0.0007040147244217479,0.3719729709735289,0.00024382660925700492,0.36714612566236143,0.00022104460472368434,0.40418714761093444,0.0002989675265875763,-0.0017500790722225067,9.348868344748072e-05,31.93784842090392,0.0008147756959616647,19235,0.17657857355835793
55,0.6,0.0,2425.0,0,4f9f288a,0.605,54.96666666666667,0.0471404520791055,0.50549980320233,0.007,80.01,Scope_TrialNumber_0_55.00W_0.60Torr_0.00NitrogenFlow_2425.00MHz.csv,G:\My Drive\MiniChamberData\Data\NafisaData\LAS_0.6Torr_2Nitrogen_Freq_Sweep_4\LAS_DataFrame_4f9f288a_Laser_True_20260807_154812.csv,7f72a6df,4f9f288a|Scope_TrialNumber_0_55.00W_0.60Torr_0.00NitrogenFlow_2425.00MHz.csv,3,full 3,1.469788361528937,0.0016748013626612214,0.5925245603549213,0.0006098822999101762,0.3787209608623476,0.000384384517545424,0.6241616486280673,0.000711222654230128,-0.0017366018590892975,0.00010796793339575356,84.33080065500083,0.0008300286208093217,19251,0.1765717409277052
55,0.6,0.0,2425.0,0,4f9f288a,0.605,54.96666666666667,0.0471404520791055,0.50549980320233,0.007,80.01,Scope_TrialNumber_0_55.00W_0.60Torr_0.00NitrogenFlow_2425.00MHz.csv,G:\My Drive\MiniChamberData\Data\NafisaData\LAS_0.6Torr_2Nitrogen_Freq_Sweep_4\LAS_DataFrame_4f9f288a_Laser_True_20260807_154812.csv,7f72a6df,4f9f288a|Scope_TrialNumber_0_55.00W_0.60Torr_0.00NitrogenFlow_2425.00MHz.csv,5,full 5,2.3673502126985713,0.0024036387266966634,0.9833649210300236,0.0008962468801825683,0.3902294051914191,0.00038314834930897355,1.0053210722806878,0.001020731385300006,-0.0016059236462629737,5.745996659220126e-05,75.14594091958702,0.0008202059867943822,19255,0.17662513896884594
55,0.6,0.0,2425.0,0,4f9f288a,0.605,54.96666666666667,0.0471404520791055,0.50549980320233,0.007,80.01,Scope_TrialNumber_0_55.00W_0.60Torr_0.00NitrogenFlow_2425.00MHz.csv,G:\My Drive\MiniChamberData\Data\NafisaData\LAS_0.6Torr_2Nitrogen_Freq_Sweep_4\LAS_DataFrame_4f9f288a_Laser_True_20260807_154812.csv,7f72a6df,4f9f288a|Scope_TrialNumber_0_55.00W_0.60Torr_0.00NitrogenFlow_2425.00MHz.csv,7,full 7,2.4479604595513997,0.0023652352062798017,1.0066301029451397,0.0009048298878230655,0.3863076467914967,0.0003664736978468331,1.0395530922700407,0.0010044229117510827,-0.0019437066454365166,5.2011113426198115e-05,69.86789185582964,0.0008185521741767206,19529,0.17655494536151714
55,0.6,0.0,2425.0,0,4f9f288a,0.605,54.96666666666667,0.0471404520791055,0.50549980320233,0.007,80.01,Scope_TrialNumber_0_55.00W_0.60Torr_0.00NitrogenFlow_2425.00MHz.csv,G:\My Drive\MiniChamberData\Data\NafisaData\LAS_0.6Torr_2Nitrogen_Freq_Sweep_4\LAS_DataFrame_4f9f288a_Laser_True_20260807_154812.csv,7f72a6df,4f9f288a|Scope_TrialNumber_0_55.00W_0.60Torr_0.00NitrogenFlow_2425.00MHz.csv,9,trailing partial,2.336486330947929,0.0017996529222614355,0.9812591243152468,0.0007276755668708738,0.3945374681785212,0.00031176325841958565,0.9922143884745217,0.0007642422299143384,-0.0020129730943820126,4.644154500858219e-05,49.533938265184815,0.0008288187484882059,19250,0.17657057356044936
55,0.6,0.0,2430.0,0,4f9f288a,0.605,54.96666666666667,0.1885618083164103,0.48566170507848,0.005,80.01,Scope_TrialNumber_0_55.00W_0.60Torr_0.00NitrogenFlow_2430.00MHz.csv,G:\My Drive\MiniChamberData\Data\NafisaData\LAS_0.6Torr_2Nitrogen_Freq_Sweep_4\LAS_DataFrame_4f9f288a_Laser_True_20260807_154812.csv,7f72a6df,4f9f288a|Scope_TrialNumber_0_55.00W_0.60Torr_0.00NitrogenFlow_2430.00MHz.csv,1,full 1,1.2358584950138816,0.0009620812468932871,0.4847371979073704,0.00033806007151503093,0.36847276279917424,0.0002456507581293688,0.5248207809432158,0.00040855828831737437,-0.0003869441045140865,7.227324522251534e-05,38.57816293576549,0.0008074799823858299,19610,0.17758583703866065
55,0.6,0.0,2430.0,0,4f9f288a,0.605,54.96666666666667,0.1885618083164103,0.48566170507848,0.005,80.01,Scope_TrialNumber_0_55.00W_0.60Torr_0.00NitrogenFlow_2430.00MHz.csv,G:\My Drive\MiniChamberData\Data\NafisaData\LAS_0.6Torr_2Nitrogen_Freq_Sweep_4\LAS_DataFrame_4f9f288a_Laser_True_20260807_154812.csv,7f72a6df,4f9f288a|Scope_TrialNumber_0_55.00W_0.60Torr_0.00NitrogenFlow_2430.00MHz.csv,3,full 3,1.287322452809143,0.0009409124977997278,0.5033549513645303,0.00033020669881598245,0.3673286399207993,0.00022939203590364464,0.5466755115855249,0.0003995687482723808,-0.0003373686189954656,6.059858995692431e-05,32.62715795031563,0.0008248267522122346,19523,0.17754396944931528
55,0.6,0.0,2430.0,0,4f9f288a,0.605,54.96666666666667,0.1885618083164103,0.48566170507848,0.005,80.01,Scope_TrialNumber_0_55.00W_0.60Torr_0.00NitrogenFlow_2430.00MHz.csv,G:\My Drive\MiniChamberData\Data\NafisaData\LAS_0.6Torr_2Nitrogen_Freq_Sweep_4\LAS_DataFrame_4f9f288a_Laser_True_20260807_154812.csv,7f72a6df,4f9f288a|Scope_TrialNumber_0_55.00W_0.60Torr_0.00NitrogenFlow_2430.00MHz.csv,5,full 5,1.173346467833366,0.0008165513840369262,0.4596364889759739,0.000287071762018248,0.36800694784720117,0.00021804464375115186,0.4982743672109114,0.0003467574457589579,-0.00039204064982748487,6.859252155588853e-05,30.649113159870403,0.000810088003175887,19605,0.17762794730085169
55,0.6,0.0,2430.0,0,4f9f288a,0.605,54.96666666666667,0.1885618083164103,0.48566170507848,0.005,80.01,Scope_TrialNumber_0_55.00W_0.60Torr_0.00NitrogenFlow_2430.00MHz.csv,G:\My Drive\MiniChamberData\Data\NafisaData\LAS_0.6Torr_2Nitrogen_Freq_Sweep_4\LAS_DataFrame_4f9f288a_Laser_True_20260807_154812.csv,7f72a6df,4f9f288a|Scope_TrialNumber_0_55.00W_0.60Torr_0.00NitrogenFlow_2430.00MHz.csv,7,full 7,1.16370657598306,0.00122186686621908,0.4623861644314798,0.0004350697999862605,0.37327519581551477,0.00033891212949029227,0.4941806820604695,0.0005188790832647346,-0.00045980377802163974,9.266300632848062e-05,70.90028730098989,0.0008113939068748106,19609,0.17769096656855377
55,0.6,0.0,2430.0,0,4f9f288a,0.605,54.96666666666667,0.1885618083164103,0.48566170507848,0.005,80.01,Scope_TrialNumber_0_55.00W_0.60Torr_0.00NitrogenFlow_2430.00MHz.csv,G:\My Drive\MiniChamberData\Data\NafisaData\LAS_0.6Torr_2Nitrogen_Freq_Sweep_4\LAS_DataFrame_4f9f288a_Laser_True_20260807_154812.csv,7f72a6df,4f9f288a|Scope_TrialNumber_0_55.00W_0.60Torr_0.00NitrogenFlow_2430.00MHz.csv,9,trailing partial,1.195452715754158,0.0012575180169083283,0.4722292968345648,0.0004464208469412641,0.3710977437201664,0.0003380653849143017,0.5076620263517615,0.0005340187330076005,-0.0008898345012655491,0.00013990972228951842,69.75130049717977,0.0008144861815400526,18578,0.1776495775050918
55,0.6,0.0,2435.0,0,4f9f288a,0.605,54.93333333333334,0.0471404520790988,0.4868639351339938,0.011,80.01,Scope_TrialNumber_0_55.00W_0.60Torr_0.00NitrogenFlow_2435.00MHz.csv,G:\My Drive\MiniChamberData\Data\NafisaData\LAS_0.6Torr_2Nitrogen_Freq_Sweep_4\LAS_DataFrame_4f9f288a_Laser_True_20260807_154812.csv,7f72a6df,4f9f288a|Scope_TrialNumber_0_55.00W_0.60Torr_0.00NitrogenFlow_2435.00MHz.csv,2,full 2,1.2256110598199796,0.000985719891064327,0.4709886203166245,0.0003407605692690589,0.36101523743898256,0.00024347184825688624,0.5204690958896061,0.0004185966962292322,-0.0005600723098275296,0.00016602622137125458,39.608583372290276,0.0008060905849177184,19596,0.1853849421869528
55,0.6,0.0,2435.0,0,4f9f288a,0.605,54.93333333333334,0.0471404520790988,0.4868639351339938,0.011,80.01,Scope_TrialNumber_0_55.00W_0.60Torr_0.00NitrogenFlow_2435.00MHz.csv,G:\My Drive\MiniChamberData\Data\NafisaData\LAS_0.6Torr_2Nitrogen_Freq_Sweep_4\LAS_DataFrame_4f9f288a_Laser_True_20260807_154812.csv,7f72a6df,4f9f288a|Scope_TrialNumber_0_55.00W_0.60Torr_0.00NitrogenFlow_2435.00MHz.csv,5,full 5,1.253407942575024,0.0010232761176440916,0.4820515933753573,0.00035352186380974837,0.36130075587603067,0.00024956339331971014,0.5322733451415607,0.0004345453572146073,-0.0001510381007818278,0.0001523582384238354,39.25214953794751,0.0008251547751850529,19594,0.18549859714509648
55,0.6,0.0,2435.0,0,4f9f288a,0.605,54.93333333333334,0.0471404520790988,0.4868639351339938,0.011,80.01,Scope_TrialNumber_0_55.00W_0.60Torr_0.00NitrogenFlow_2435.00MHz.csv,G:\My Drive\MiniChamberData\Data\NafisaData\LAS_0.6Torr_2Nitrogen_Freq_Sweep_4\LAS_DataFrame_4f9f288a_Laser_True_20260807_154812.csv,7f72a6df,4f9f288a|Scope_TrialNumber_0_55.00W_0.60Torr_0.00NitrogenFlow_2435.00MHz.csv,8,full 8,1.2440444512483,0.0012465405496752864,0.48251607942771074,0.000432943015523547,0.36437089698165465,0.0003152141904403302,0.5282970364862635,0.0005293570318911156,-9.126453774746434e-05,0.0001480552267210489,64.40972468410631,0.0007963986929574823,19482,0.18548914924041557
55,0.6,0.0,2435.0,0,4f9f288a,0.605,54.93333333333334,0.0471404520790988,0.4868639351339938,0.011,80.01,Scope_TrialNumber_0_55.00W_0.60Torr_0.00NitrogenFlow_2435.00MHz.csv,G:\My Drive\MiniChamberData\Data\NafisaData\LAS_0.6Torr_2Nitrogen_Freq_Sweep_4\LAS_DataFrame_4f9f288a_Laser_True_20260807_154812.csv,7f72a6df,4f9f288a|Scope_TrialNumber_0_55.00W_0.60Torr_0.00NitrogenFlow_2435.00MHz.csv,11,full 11,1.1769166148947299,0.0009438042009962278,0.4535885177762027,0.00032717528683950606,0.36206300208209624,0.000245173502539074,0.4997904690756366,0.0004007967415547558,-0.0008192458001436619,0.00018346589432246684,40.05340344398535,0.0008045204298194174,19537,0.18547527181616555
55,0.6,0.0,2435.0,0,4f9f288a,0.605,54.93333333333334,0.0471404520790988,0.4868639351339938,0.011,80.01,Scope_TrialNumber_0_55.00W_0.60Torr_0.00NitrogenFlow_2435.00MHz.csv,G:\My Drive\MiniChamberData\Data\NafisaData\LAS_0.6Torr_2Nitrogen_Freq_Sweep_4\LAS_DataFrame_4f9f288a_Laser_True_20260807_154812.csv,7f72a6df,4f9f288a|Scope_TrialNumber_0_55.00W_0.60Torr_0.00NitrogenFlow_2435.00MHz.csv,14,trailing partial,1.222418023245574,0.0012054228579279412,0.47556715961476503,0.0004210173646657628,0.3654768743357002,0.000311650971157841,0.5191131381037262,0.0005118959559018441,-0.000570046841927142,0.0002300584262695627,61.5663659418402,0.0008030440858219562,18558,0.18541902227348359
55,0.6,0.0,2440.0,0,4f9f288a,0.605,55.06666666666666,0.0471404520791071,0.609805869550792,0.005,80.01,Scope_TrialNumber_0_55.00W_0.60Torr_0.00NitrogenFlow_2440.00MHz.csv,G:\My Drive\MiniChamberData\Data\NafisaData\LAS_0.6Torr_2Nitrogen_Freq_Sweep_4\LAS_DataFrame_4f9f288a_Laser_True_20260807_154812.csv,7f72a6df,4f9f288a|Scope_TrialNumber_0_55.00W_0.60Torr_0.00NitrogenFlow_2440.00MHz.csv,1,full 1,1.2412830415423912,0.0010180602404913656,0.4587011574406698,0.0003369139575501359,0.3471577010727466,0.00024441058436854506,0.5271243737548859,0.00043233037812789014,-0.0012144349021253914,0.00014519310651428316,38.645127008172764,0.0008024312219548936,19590,0.1535403074135939
55,0.6,0.0,2440.0,0,4f9f288a,0.605,55.06666666666666,0.0471404520791071,0.609805869550792,0.005,80.01,Scope_TrialNumber_0_55.00W_0.60Torr_0.00NitrogenFlow_2440.00MHz.csv,G:\My Drive\MiniChamberData\Data\NafisaData\LAS_0.6Torr_2Nitrogen_Freq_Sweep_4\LAS_DataFrame_4f9f288a_Laser_True_20260807_154812.csv,7f72a6df,4f9f288a|Scope_TrialNumber_0_55.00W_0.60Torr_0.00NitrogenFlow_2440.00MHz.csv,3,full 3,1.213546040753448,0.0009000383396426393,0.448733920980858,0.00029867851647809014,0.34737649782512703,0.0002194619354645533,0.5153455540325581,0.000382211091476763,-0.0010845183514593822,0.00014756416487578185,30.51765310377236,0.0008143686274758725,19573,0.1534541825747681
55,0.6,0.0,2440.0,0,4f9f288a,0.605,55.06666666666666,0.0471404520791071,0.609805869550792,0.005,80.01,Scope_TrialNumber_0_55.00W_0.60Torr_0.00NitrogenFlow_2440.00MHz.csv,G:\My Drive\MiniChamberData\Data\NafisaData\LAS_0.6Torr_2Nitrogen_Freq_Sweep_4\LAS_DataFrame_4f9f288a_Laser_True_20260807_154812.csv,7f72a6df,4f9f288a|Scope_TrialNumber_0_55.00W_0.60Torr_0.00NitrogenFlow_2440.00MHz.csv,5,full 5,1.1693385260300297,0.0008841821290825045,0.4353689356912678,0.0002951251072086549,0.34977194291609665,0.0002259116592458035,0.4965723510369817,0.0003754775788274232,-0.0009526311935809426,0.00013782126280823938,31.55952378208022,0.0008219732185006757,19529,0.1534250848780937
55,0.6,0.0,2440.0,0,4f9f288a,0.605,55.06666666666666,0.0471404520791071,0.609805869550792,0.005,80.01,Scope_TrialNumber_0_55.00W_0.60Torr_0.00NitrogenFlow_2440.00MHz.csv,G:\My Drive\MiniChamberData\Data\NafisaData\LAS_0.6Torr_2Nitrogen_Freq_Sweep_4\LAS_DataFrame_4f9f288a_Laser_True_20260807_154812.csv,7f72a6df,4f9f288a|Scope_TrialNumber_0_55.00W_0.60Torr_0.00NitrogenFlow_2440.00MHz.csv,7,full 7,1.1647608809152163,0.0007656423145104454,0.4280518761742725,0.00025398450739442304,0.3452450166247555,0.00018998265191264873,0.4946284041419852,0.0003251383544683486,-0.001131052880522544,0.0001492218622822757,23.388113382076302,0.0008172001568939114,19597,0.15342099534478715
55,0.6,0.0,2440.0,0,4f9f288a,0.605,55.06666666666666,0.0471404520791071,0.609805869550792,0.005,80.01,Scope_TrialNumber_0_55.00W_0.60Torr_0.00NitrogenFlow_2440.00MHz.csv,G:\My Drive\MiniChamberData\Data\NafisaData\LAS_0.6Torr_2Nitrogen_Freq_Sweep_4\LAS_DataFrame_4f9f288a_Laser_True_20260807_154812.csv,7f72a6df,4f9f288a|Scope_TrialNumber_0_55.00W_0.60Torr_0.00NitrogenFlow_2440.00MHz.csv,9,trailing partial,1.1806964675166034,0.0008500758155778335,0.43794732842649226,0.0002838231131549204,0.3484587764509262,0.00021331708081149156,0.5013956246924531,0.0003609939610339358,-0.0014076796583770053,0.0002107593034800865,28.408323257680035,0.0008214450885330929,18653,0.15348057434574228
55,0.6,0.0,2445.0,0,4f9f288a,0.605,54.900000000000006,5.801557143511545e-15,0.6413774681287618,-0.001,80.01,Scope_TrialNumber_0_55.00W_0.60Torr_0.00NitrogenFlow_2445.00MHz.csv,G:\My Drive\MiniChamberData\Data\NafisaData\LAS_0.6Torr_2Nitrogen_Freq_Sweep_4\LAS_DataFrame_4f9f288a_Laser_True_20260807_154812.csv,7f72a6df,4f9f288a|Scope_TrialNumber_0_55.00W_0.60Torr_0.00NitrogenFlow_2445.00MHz.csv,1,full 1,1.2025681772503316,0.0009545460064203121,0.4585048079116973,0.0003282136664629892,0.3581805316020827,0.00023685762092261103,0.5106836846356666,0.00040535836631531925,-0.0017279243474474441,0.00019841690870955032,36.44592233474457,0.0008185228938539061,19656,0.1509843137254902
55,0.6,0.0,2445.0,0,4f9f288a,0.605,54.900000000000006,5.801557143511545e-15,0.6413774681287618,-0.001,80.01,Scope_TrialNumber_0_55.00W_0.60Torr_0.00NitrogenFlow_2445.00MHz.csv,G:\My Drive\MiniChamberData\Data\NafisaData\LAS_0.6Torr_2Nitrogen_Freq_Sweep_4\LAS_DataFrame_4f9f288a_Laser_True_20260807_154812.csv,7f72a6df,4f9f288a|Scope_TrialNumber_0_55.00W_0.60Torr_0.00NitrogenFlow_2445.00MHz.csv,3,full 3,1.2082299744858342,0.0009857555422515317,0.46133088464041627,0.00033817801686510194,0.3586994529175842,0.00024528760110387984,0.513088028546128,0.0004186118358944817,-0.0018889874423199354,0.00020494745208826762,39.89542878156352,0.0008044928738473711,19576,0.15093333333333334
55,0.6,0.0,2445.0,0,4f9f288a,0.605,54.900000000000006,5.801557143511545e-15,0.6413774681287618,-0.001,80.01,Scope_TrialNumber_0_55.00W_0.60Torr_0.00NitrogenFlow_2445.00MHz.csv,G:\My Drive\MiniChamberData\Data\NafisaData\LAS_0.6Torr_2Nitrogen_Freq_Sweep_4\LAS_DataFrame_4f9f288a_Laser_True_20260807_154812.csv,7f72a6df,4f9f288a|Scope_TrialNumber_0_55.00W_0.60Torr_0.00NitrogenFlow_2445.00MHz.csv,5,full 5,1.186006414513444,0.001141858568067281,0.459729593059892,0.00039633199774388007,0.3641524300010331,0.00030081207882198477,0.5036505515638484,0.0004849026873526013,-0.0013720536353393378,0.0001854398713994772,55.472630979878716,0.0008221539322496278,19579,0.1510086436170213
55,0.6,0.0,2445.0,0,4f9f288a,0.605,54.900000000000006,5.801557143511545e-15,0.6413774681287618,-0.001,80.01,Scope_TrialNumber_0_55.00W_0.60Torr_0.00NitrogenFlow_2445.00MHz.csv,G:\My Drive\MiniChamberData\Data\NafisaData\LAS_0.6Torr_2Nitrogen_Freq_Sweep_4\LAS_DataFrame_4f9f288a_Laser_True_20260807_154812.csv,7f72a6df,4f9f288a|Scope_TrialNumber_0_55.00W_0.60Torr_0.00NitrogenFlow_2445.00MHz.csv,7,full 7,1.159459221615464,0.0010306732350803176,0.4468652587195251,0.00035591711643900327,0.36206696602229804,0.0002753111214522463,0.49237699673149554,0.000437686623763546,-0.0018219349281147846,0.00021447167126883337,46.87844166439572,0.0008211721138285843,19577,0.15096374765331663
55,0.6,0.0,2445.0,0,4f9f288a,0.605,54.900000000000006,5.801557143511545e-15,0.6413774681287618,-0.001,80.01,Scope_TrialNumber_0_55.00W_0.60Torr_0.00NitrogenFlow_2445.00MHz.csv,G:\My Drive\MiniChamberData\Data\NafisaData\LAS_0.6Torr_2Nitrogen_Freq_Sweep_4\LAS_DataFrame_4f9f288a_Laser_True_20260807_154812.csv,7f72a6df,4f9f288a|Scope_TrialNumber_0_55.00W_0.60Torr_0.00NitrogenFlow_2445.00MHz.csv,9,trailing partial,1.2532554035882366,0.0013232491090193405,0.4824149645993159,0.0004575399026619877,0.361617113518603,0.0003287513111427128,0.5322085677981245,0.0005619321577509117,-0.002901352811343257,0.00029750502323905114,66.31488031386546,0.0008164098914721568,18641,0.15079797642925621
55,0.6,0.0,2450.0,0,4f9f288a,0.605,55.13333333333333,0.3091206165165204,0.6653758826534436,-0.001,79.99,Scope_TrialNumber_0_55.00W_0.60Torr_0.00NitrogenFlow_2450.00MHz.csv,G:\My Drive\MiniChamberData\Data\NafisaData\LAS_0.6Torr_2Nitrogen_Freq_Sweep_4\LAS_DataFrame_4f9f288a_Laser_True_20260807_154812.csv,7f72a6df,4f9f288a|Scope_TrialNumber_0_55.00W_0.60Torr_0.00NitrogenFlow_2450.00MHz.csv,1,full 1,1.175155651585696,0.0010778501594046266,0.4604234508398766,0.00037896621349930466,0.3680695005149914,0.00028814252101247727,0.49904265681170173,0.00045772081891313294,-0.0011096147078635359,0.00011879253844150216,54.15196404487481,0.0007978342742202782,19592,0.14994272137699305
55,0.6,0.0,2450.0,0,4f9f288a,0.605,55.13333333333333,0.3091206165165204,0.6653758826534436,-0.001,79.99,Scope_TrialNumber_0_55.00W_0.60Torr_0.00NitrogenFlow_2450.00MHz.csv,G:\My Drive\MiniChamberData\Data\NafisaData\LAS_0.6Torr_2Nitrogen_Freq_Sweep_4\LAS_DataFrame_4f9f288a_Laser_True_20260807_154812.csv,7f72a6df,4f9f288a|Scope_TrialNumber_0_55.00W_0.60Torr_0.00NitrogenFlow_2450.00MHz.csv,3,full 3,1.1990663878333412,0.0010629730859443166,0.4753171165022132,0.00037741068135128595,0.372398578575007,0.00028390158821640313,0.5091966115897327,0.0004514031075059691,-0.0007149367714358686,0.00011745612918487477,52.51166975936055,0.0007941985221129271,19519,0.1499987391201849
55,0.6,0.0,2450.0,0,4f9f288a,0.605,55.13333333333333,0.3091206165165204,0.6653758826534436,-0.001,79.99,Scope_TrialNumber_0_55.00W_0.60Torr_0.00NitrogenFlow_2450.00MHz.csv,G:\My Drive\MiniChamberData\Data\NafisaData\LAS_0.6Torr_2Nitrogen_Freq_Sweep_4\LAS_DataFrame_4f9f288a_Laser_True_20260807_154812.csv,7f72a6df,4f9f288a|Scope_TrialNumber_0_55.00W_0.60Torr_0.00NitrogenFlow_2450.00MHz.csv,5,full 5,1.2357225229502808,0.0008490019294344875,0.48350349357982453,0.00029789987753381353,0.3675754045220071,0.00021525781342574443,0.5247630389242928,0.00036053792357765036,-0.0005660406999534322,9.24231791999055e-05,30.69336179123122,0.000794695215521404,19634,0.14995220000709325
55,0.6,0.0,2450.0,0,4f9f288a,0.605,55.13333333333333,0.3091206165165204,0.6653758826534436,-0.001,79.99,Scope_TrialNumber_0_55.00W_0.60Torr_0.00NitrogenFlow_2450.00MHz.csv,G:\My Drive\MiniChamberData\Data\NafisaData\LAS_0.6Torr_2Nitrogen_Freq_Sweep_4\LAS_DataFrame_4f9f288a_Laser_True_20260807_154812.csv,7f72a6df,4f9f288a|Scope_TrialNumber_0_55.00W_0.60Torr_0.00NitrogenFlow_2450.00MHz.csv,7,full 7,1.1893845089638766,0.0009602187134438569,0.46936976308721673,0.0003391456064506529,0.37073246676356963,0.00025771324399575596,0.5050850961939406,0.000407767343186191,-0.0010217027029920723,0.00011221425393491833,41.12570996028135,0.0008125935834087567,19557,0.14988862271763803
55,0.6,0.0,2450.0,0,4f9f288a,0.605,55.13333333333333,0.3091206165165204,0.6653758826534436,-0.001,79.99,Scope_TrialNumber_0_55.00W_0.60Torr_0.00NitrogenFlow_2450.00MHz.csv,G:\My Drive\MiniChamberData\Data\NafisaData\LAS_0.6Torr_2Nitrogen_Freq_Sweep_4\LAS_DataFrame_4f9f288a_Laser_True_20260807_154812.csv,7f72a6df,4f9f288a|Scope_TrialNumber_0_55.00W_0.60Torr_0.00NitrogenFlow_2450.00MHz.csv,9,trailing partial,1.1657811516385341,0.0009029427902147436,0.45966437609636435,0.0003196615110252023,0.3704175950933842,0.0002456938238109153,0.49506167322573996,0.00038344449807113656,-0.0008946893107633216,0.00015704181012412963,38.36963472188782,0.0008051364993965599,18702,0.1499006796111392
55,0.6,0.0,2455.0,0,4f9f288a,0.605,54.6,0.2160246899469317,0.6843648857411324,0.004,80.01,Scope_TrialNumber_0_55.00W_0.60Torr_0.00NitrogenFlow_2455.00MHz.csv,G:\My Drive\MiniChamberData\Data\NafisaData\LAS_0.6Torr_2Nitrogen_Freq_Sweep_4\LAS_DataFrame_4f9f288a_Laser_True_20260807_154812.csv,7f72a6df,4f9f288a|Scope_TrialNumber_0_55.00W_0.60Torr_0.00NitrogenFlow_2455.00MHz.csv,1,full 1,1.148389761834423,0.0010948513546443985,0.44962830176934987,0.0003838710054439142,0.3678172709984903,0.0003011142890936692,0.4876762299767708,0.00046494056178717847,-0.0013772667558687893,0.0001887591422977567,57.29263247159684,0.0008099702532584195,19625,0.1508371096103635
55,0.6,0.0,2455.0,0,4f9f288a,0.605,54.6,0.2160246899469317,0.6843648857411324,0.004,80.01,Scope_TrialNumber_0_55.00W_0.60Torr_0.00NitrogenFlow_2455.00MHz.csv,G:\My Drive\MiniChamberData\Data\NafisaData\LAS_0.6Torr_2Nitrogen_Freq_Sweep_4\LAS_DataFrame_4f9f288a_Laser_True_20260807_154812.csv,7f72a6df,4f9f288a|Scope_TrialNumber_0_55.00W_0.60Torr_0.00NitrogenFlow_2455.00MHz.csv,3,full 3,1.2857703391453648,0.0009166149541566442,0.49546708726730515,0.00031846756132485846,0.3620088580181632,0.00021736796676604262,0.546016389599939,0.00038925053151762055,-0.0012163780874382497,0.00017848765893762133,31.96809705844855,0.0007993512316537656,19586,0.1508403587092732
55,0.6,0.0,2455.0,0,4f9f288a,0.605,54.6,0.2160246899469317,0.6843648857411324,0.004,80.01,Scope_TrialNumber_0_55.00W_0.60Torr_0.00NitrogenFlow_2455.00MHz.csv,G:\My Drive\MiniChamberData\Data\NafisaData\LAS_0.6Torr_2Nitrogen_Freq_Sweep_4\LAS_DataFrame_4f9f288a_Laser_True_20260807_154812.csv,7f72a6df,4f9f288a|Scope_TrialNumber_0_55.00W_0.60Torr_0.00NitrogenFlow_2455.00MHz.csv,5,full 5,1.2185495988545434,0.0008987809122215323,0.4696250566506252,0.0003114609977562442,0.3620560752256227,0.00022581734311772028,0.5174703695196922,0.00038167711121624994,-0.0009137329500855705,0.00017254710886980957,34.16851451715036,0.000799881909843333,19607,0.15092716818086882
55,0.6,0.0,2455.0,0,4f9f288a,0.605,54.6,0.2160246899469317,0.6843648857411324,0.004,80.01,Scope_TrialNumber_0_55.00W_0.60Torr_0.00NitrogenFlow_2455.00MHz.csv,G:\My Drive\MiniChamberData\Data\NafisaData\LAS_0.6Torr_2Nitrogen_Freq_Sweep_4\LAS_DataFrame_4f9f288a_Laser_True_20260807_154812.csv,7f72a6df,4f9f288a|Scope_TrialNumber_0_55.00W_0.60Torr_0.00NitrogenFlow_2455.00MHz.csv,7,full 7,1.2329517639099328,0.0010598041029381913,0.48059366354473415,0.0003700601371395989,0.36618432014647906,0.00026948888648514405,0.5235864058961364,0.00045005736433004684,-0.0012566517990885604,0.00019474258736677693,47.04994426219502,0.0008026121309517439,19625,0.15095662724519632
55,0.6,0.0,2455.0,0,4f9f288a,0.605,54.6,0.2160246899469317,0.6843648857411324,0.004,80.01,Scope_TrialNumber_0_55.00W_0.60Torr_0.00NitrogenFlow_2455.00MHz.csv,G:\My Drive\MiniChamberData\Data\NafisaData\LAS_0.6Torr_2Nitrogen_Freq_Sweep_4\LAS_DataFrame_4f9f288a_Laser_True_20260807_154812.csv,7f72a6df,4f9f288a|Scope_TrialNumber_0_55.00W_0.60Torr_0.00NitrogenFlow_2455.00MHz.csv,9,trailing partial,1.1752201860063185,0.0010286122905600013,0.45706821690892585,0.0003594299923700274,0.3653672111710263,0.00027366076825769624,0.4990700620568535,0.0004368114212084016,-0.001667185958321767,0.0002569739402267785,47.462656663268184,0.0008109614835429167,18652,0.1509689727881675
55,0.6,0.0,2460.0,0,4f9f288a,0.605,54.96666666666667,0.1699673171197609,0.6931570651050806,-0.003,80.0,Scope_TrialNumber_0_55.00W_0.60Torr_0.00NitrogenFlow_2460.00MHz.csv,G:\My Drive\MiniChamberData\Data\NafisaData\LAS_0.6Torr_2Nitrogen_Freq_Sweep_4\LAS_DataFrame_4f9f288a_Laser_True_20260807_154812.csv,7f72a6df,4f9f288a|Scope_TrialNumber_0_55.00W_0.60Torr_0.00NitrogenFlow_2460.00MHz.csv,1,full 1,1.136964843387418,0.0009489243782109832,0.4362516485733967,0.00032576308328804467,0.360460628090309,0.00025882081786279137,0.48282451382499375,0.0004029710806196707,-4.8243552400965626e-05,7.184080951332538e-05,41.26219710666184,0.000814909333527057,19538,0.15304404237019223
55,0.6,0.0,2460.0,0,4f9f288a,0.605,54.96666666666667,0.1699673171197609,0.6931570651050806,-0.003,80.0,Scope_TrialNumber_0_55.00W_0.60Torr_0.00NitrogenFlow_2460.00MHz.csv,G:\My Drive\MiniChamberData\Data\NafisaData\LAS_0.6Torr_2Nitrogen_Freq_Sweep_4\LAS_DataFrame_4f9f288a_Laser_True_20260807_154812.csv,7f72a6df,4f9f288a|Scope_TrialNumber_0_55.00W_0.60Torr_0.00NitrogenFlow_2460.00MHz.csv,3,full 3,1.190909854990343,0.0007617553286415167,0.4559645390008263,0.0002617320133728468,0.35968304729995776,0.00019610099231372234,0.5057328510105709,0.0003234877035504023,6.067739686409959e-05,7.44431197318824e-05,24.164377905294362,0.0008169400068690745,19511,0.1530232088172958
55,0.6,0.0,2460.0,0,4f9f288a,0.605,54.96666666666667,0.1699673171197609,0.6931570651050806,-0.003,80.0,Scope_TrialNumber_0_55.00W_0.60Torr_0.00NitrogenFlow_2460.00MHz.csv,G:\My Drive\MiniChamberData\Data\NafisaData\LAS_0.6Torr_2Nitrogen_Freq_Sweep_4\LAS_DataFrame_4f9f288a_Laser_True_20260807_154812.csv,7f72a6df,4f9f288a|Scope_TrialNumber_0_55.00W_0.60Torr_0.00NitrogenFlow_2460.00MHz.csv,5,full 5,1.1100396578452747,0.0007163095133210747,0.423887347747443,0.0002458240201584184,0.3587399545850972,0.00019606326430467494,0.4713904402961227,0.000304188642708645,0.00032123315779347217,4.803545726239925e-05,24.69144528415112,0.0008118928248684655,19600,0.15293951407663295
55,0.6,0.0,2460.0,0,4f9f288a,0.605,54.96666666666667,0.1699673171197609,0.6931570651050806,-0.003,80.0,Scope_TrialNumber_0_55.00W_0.60Torr_0.00NitrogenFlow_2460.00MHz.csv,G:\My Drive\MiniChamberData\Data\NafisaData\LAS_0.6Torr_2Nitrogen_Freq_Sweep_4\LAS_DataFrame_4f9f288a_Laser_True_20260807_154812.csv,7f72a6df,4f9f288a|Scope_TrialNumber_0_55.00W_0.60Torr_0.00NitrogenFlow_2460.00MHz.csv,7,full 7,1.242519620927763,0.0008325921466164669,0.4734942230369849,0.00028476256338914803,0.3579968612791279,0.0002038693573858836,0.5276495006697773,0.000353569330434982,-0.00014900979723194777,8.479831428915035e-05,26.575364513154952,0.0008098051217754439,19587,0.1530168139862328
55,0.6,0.0,2460.0,0,4f9f288a,0.605,54.96666666666667,0.1699673171197609,0.6931570651050806,-0.003,80.0,Scope_TrialNumber_0_55.00W_0.60Torr_0.00NitrogenFlow_2460.00MHz.csv,G:\My Drive\MiniChamberData\Data\NafisaData\LAS_0.6Torr_2Nitrogen_Freq_Sweep_4\LAS_DataFrame_4f9f288a_Laser_True_20260807_154812.csv,7f72a6df,4f9f288a|Scope_TrialNumber_0_55.00W_0.60Torr_0.00NitrogenFlow_2460.00MHz.csv,9,trailing partial,1.1518751108576077,0.0007815550375563907,0.4406069505455995,0.0002687915986568772,0.3593467648489525,0.0002079981099095253,0.4891563214302725,0.00033189586576078204,-2.895146720724647e-05,0.00011757719235220897,26.739021663655347,0.000821164065753382,18585,0.15304964628600304
60,0.6,0.0,2410.0,0,4f9f288a,0.605,60.19999999999999,0.1632993161855417,0.6422553851979188,0.005,80.01,Scope_TrialNumber_0_60.00W_0.60Torr_0.00NitrogenFlow_2410.00MHz.csv,G:\My Drive\MiniChamberData\Data\NafisaData\LAS_0.6Torr_2Nitrogen_Freq_Sweep_4\LAS_DataFrame_4f9f288a_Laser_True_20260807_154812.csv,7f72a6df,4f9f288a|Scope_TrialNumber_0_60.00W_0.60Torr_0.00NitrogenFlow_2410.00MHz.csv,1,full 1,1.1862535152482727,0.0008286963588204532,0.4718813700819443,0.0002959178488583801,0.3737000097201527,0.00022065474818810628,0.503755485584327,0.0003519149416827568,-0.0005174228929783099,0.00011394902099150608,30.392961702394366,0.0008263423590363258,19595,0.17775481154269698
60,0.6,0.0,2410.0,0,4f9f288a,0.605,60.19999999999999,0.1632993161855417,0.6422553851979188,0.005,80.01,Scope_TrialNumber_0_60.00W_0.60Torr_0.00NitrogenFlow_2410.00MHz.csv,G:\My Drive\MiniChamberData\Data\NafisaData\LAS_0.6Torr_2Nitrogen_Freq_Sweep_4\LAS_DataFrame_4f9f288a_Laser_True_20260807_154812.csv,7f72a6df,4f9f288a|Scope_TrialNumber_0_60.00W_0.60Torr_0.00NitrogenFlow_2410.00MHz.csv,3,full 3,1.240925834215906,0.0009244576752728166,0.49467057192359387,0.0003303457455579195,0.374488114540975,0.00023873130046308372,0.5269726817700826,0.00039258102852639276,-0.00035755847731875603,0.00011184099603953317,36.442200348770896,0.0008092176939350667,19544,0.1776822434341159
60,0.6,0.0,2410.0,0,4f9f288a,0.605,60.19999999999999,0.1632993161855417,0.6422553851979188,0.005,80.01,Scope_TrialNumber_0_60.00W_0.60Torr_0.00NitrogenFlow_2410.00MHz.csv,G:\My Drive\MiniChamberData\Data\NafisaData\LAS_0.6Torr_2Nitrogen_Freq_Sweep_4\LAS_DataFrame_4f9f288a_Laser_True_20260807_154812.csv,7f72a6df,4f9f288a|Scope_TrialNumber_0_60.00W_0.60Torr_0.00NitrogenFlow_2410.00MHz.csv,5,full 5,1.2011541929025447,0.0008273132491886925,0.4715020062249697,0.0002917844393991054,0.3687674440523307,0.00021144292487697736,0.5100832207697459,0.0003513275891015354,-0.0003058380355232866,0.00010353885204960406,29.702400327495262,0.0008069511859837469,19591,0.17773307923904155
60,0.6,0.0,2410.0,0,4f9f288a,0.605,60.19999999999999,0.1632993161855417,0.6422553851979188,0.005,80.01,Scope_TrialNumber_0_60.00W_0.60Torr_0.00NitrogenFlow_2410.00MHz.csv,G:\My Drive\MiniChamberData\Data\NafisaData\LAS_0.6Torr_2Nitrogen_Freq_Sweep_4\LAS_DataFrame_4f9f288a_Laser_True_20260807_154812.csv,7f72a6df,4f9f288a|Scope_TrialNumber_0_60.00W_0.60Torr_0.00NitrogenFlow_2410.00MHz.csv,7,full 7,1.171799478558669,0.0008388717344378984,0.46203037296906324,0.0002968232481965215,0.3704119725266716,0.00022576795241572087,0.49761742135300535,0.0003562360258517645,-0.0005376963375150934,0.00012251888594612983,34.29893061796776,0.0007936616072477014,19573,0.1777317508885218
60,0.6,0.0,2410.0,0,4f9f288a,0.605,60.19999999999999,0.1632993161855417,0.6422553851979188,0.005,80.01,Scope_TrialNumber_0_60.00W_0.60Torr_0.00NitrogenFlow_2410.00MHz.csv,G:\My Drive\MiniChamberData\Data\NafisaData\LAS_0.6Torr_2Nitrogen_Freq_Sweep_4\LAS_DataFrame_4f9f288a_Laser_True_20260807_154812.csv,7f72a6df,4f9f288a|Scope_TrialNumber_0_60.00W_0.60Torr_0.00NitrogenFlow_2410.00MHz.csv,9,trailing partial,1.2141905714977497,0.0012299234445222625,0.4783924910856213,0.0004351937197107085,0.3701393755853722,0.0003231294253904929,0.5156192610386038,0.0005223003970590448,-0.0008406636149779038,0.00018143916070353694,64.00244723229426,0.0008155095001358143,18647,0.17768569166793033
60,0.6,0.0,2415.0,0,4f9f288a,0.605,60.03333333333334,0.1247219128924633,0.6117336879912195,0.001,80.01,Scope_TrialNumber_0_60.00W_0.60Torr_0.00NitrogenFlow_2415.00MHz.csv,G:\My Drive\MiniChamberData\Data\NafisaData\LAS_0.6Torr_2Nitrogen_Freq_Sweep_4\LAS_DataFrame_4f9f288a_Laser_True_20260807_154812.csv,7f72a6df,4f9f288a|Scope_TrialNumber_0_60.00W_0.60Torr_0.00NitrogenFlow_2415.00MHz.csv,1,full 1,1.2997812704837914,0.0009552675670065002,0.5006517988441075,0.00033023723071120827,0.3618539320136009,0.00022748160253890107,0.5519662843139712,0.0004056647848833583,-0.00014087966064018552,8.618365491955142e-05,33.39251242918194,0.0008085032824048577,19547,0.18586783544224506
60,0.6,0.0,2415.0,0,4f9f288a,0.605,60.03333333333334,0.1247219128924633,0.6117336879912195,0.001,80.01,Scope_TrialNumber_0_60.00W_0.60Torr_0.00NitrogenFlow_2415.00MHz.csv,G:\My Drive\MiniChamberData\Data\NafisaData\LAS_0.6Torr_2Nitrogen_Freq_Sweep_4\LAS_DataFrame_4f9f288a_Laser_True_20260807_154812.csv,7f72a6df,4f9f288a|Scope_TrialNumber_0_60.00W_0.60Torr_0.00NitrogenFlow_2415.00MHz.csv,3,full 3,1.1942163112946742,0.0011912009983559226,0.4650330257317225,0.00041525123689027134,0.3658209623056106,0.00031595457952648655,0.507136973721055,0.0005058564882142689,9.748841619933139e-05,7.910876006730235e-05,64.59644902844416,0.000793011686110636,19585,0.1859152350601353
60,0.6,0.0,2415.0,0,4f9f288a,0.605,60.03333333333334,0.1247219128924633,0.6117336879912195,0.001,80.01,Scope_TrialNumber_0_60.00W_0.60Torr_0.00NitrogenFlow_2415.00MHz.csv,G:\My Drive\MiniChamberData\Data\NafisaData\LAS_0.6Torr_2Nitrogen_Freq_Sweep_4\LAS_DataFrame_4f9f288a_Laser_True_20260807_154812.csv,7f72a6df,4f9f288a|Scope_TrialNumber_0_60.00W_0.60Torr_0.00NitrogenFlow_2415.00MHz.csv,5,full 5,1.2456249652374938,0.0008913308592641368,0.48148953059334676,0.000309055780498321,0.3631343518044728,0.00022194200659493725,0.5289682189796047,0.00037851336502124183,0.0002217459010154925,5.751468554874688e-05,32.16213457002822,0.0008038395212567409,19702,0.18588208903337342
60,0.6,0.0,2415.0,0,4f9f288a,0.605,60.03333333333334,0.1247219128924633,0.6117336879912195,0.001,80.01,Scope_TrialNumber_0_60.00W_0.60Torr_0.00NitrogenFlow_2415.00MHz.csv,G:\My Drive\MiniChamberData\Data\NafisaData\LAS_0.6Torr_2Nitrogen_Freq_Sweep_4\LAS_DataFrame_4f9f288a_Laser_True_20260807_154812.csv,7f72a6df,4f9f288a|Scope_TrialNumber_0_60.00W_0.60Torr_0.00NitrogenFlow_2415.00MHz.csv,7,full 7,1.247114662408192,0.0009587904983959534,0.4815093869234143,0.0003319036862080541,0.3627155399217111,0.00023920793194386755,0.5296008351210554,0.0004071608360983491,-3.0394965239024868e-05,8.607589703362104e-05,37.12347465515008,0.000802726624988533,19584,0.18584695836047638
60,0.6,0.0,2415.0,0,4f9f288a,0.605,60.03333333333334,0.1247219128924633,0.6117336879912195,0.001,80.01,Scope_TrialNumber_0_60.00W_0.60Torr_0.00NitrogenFlow_2415.00MHz.csv,G:\My Drive\MiniChamberData\Data\NafisaData\LAS_0.6Torr_2Nitrogen_Freq_Sweep_4\LAS_DataFrame_4f9f288a_Laser_True_20260807_154812.csv,7f72a6df,4f9f288a|Scope_TrialNumber_0_60.00W_0.60Torr_0.00NitrogenFlow_2415.00MHz.csv,9,trailing partial,1.239532551888026,0.0008299925404560266,0.47216710072661683,0.0002850958945716073,0.3578537534350993,0.00020164447603100393,0.5263810092425704,0.0003524653793428695,0.00025707732847321925,0.00011568637308621085,26.894553749215685,0.0008055157780103186,18657,0.18587680320846384
60,0.6,0.0,2420.0,0,4f9f288a,0.605,60.0,0.0816496580927708,0.5721482402310526,-0.002,80.02,Scope_TrialNumber_0_60.00W_0.60Torr_0.00NitrogenFlow_2420.00MHz.csv,G:\My Drive\MiniChamberData\Data\NafisaData\LAS_0.6Torr_2Nitrogen_Freq_Sweep_4\LAS_DataFrame_4f9f288a_Laser_True_20260807_154812.csv,7f72a6df,4f9f288a|Scope_TrialNumber_0_60.00W_0.60Torr_0.00NitrogenFlow_2420.00MHz.csv,2,full 2,0.9994084779123343,0.0007239361945862338,0.3719025416841126,0.00024031248889691626,0.34958589948228663,0.00020717345975333493,0.4244097038418064,0.0003074273960398189,-0.0008827388264730379,7.508142668826925e-05,28.648952532175734,0.0008114797713889588,19682,0.18693426490005347
60,0.6,0.0,2420.0,0,4f9f288a,0.605,60.0,0.0816496580927708,0.5721482402310526,-0.002,80.02,Scope_TrialNumber_0_60.00W_0.60Torr_0.00NitrogenFlow_2420.00MHz.csv,G:\My Drive\MiniChamberData\Data\NafisaData\LAS_0.6Torr_2Nitrogen_Freq_Sweep_4\LAS_DataFrame_4f9f288a_Laser_True_20260807_154812.csv,7f72a6df,4f9f288a|Scope_TrialNumber_0_60.00W_0.60Torr_0.00NitrogenFlow_2420.00MHz.csv,5,full 5,1.0961968219462166,0.0014576652975674441,0.39485961265817376,0.0004779663930349903,0.3383934641640415,0.000329101925197108,0.46551192914268286,0.0006190134573736763,8.886722854127483e-05,4.607078640988171e-05,81.523271613876,0.0008023251398787855,19373,0.1870087011862381
60,0.6,0.0,2420.0,0,4f9f288a,0.605,60.0,0.0816496580927708,0.5721482402310526,-0.002,80.02,Scope_TrialNumber_0_60.00W_0.60Torr_0.00NitrogenFlow_2420.00MHz.csv,G:\My Drive\MiniChamberData\Data\NafisaData\LAS_0.6Torr_2Nitrogen_Freq_Sweep_4\LAS_DataFrame_4f9f288a_Laser_True_20260807_154812.csv,7f72a6df,4f9f288a|Scope_TrialNumber_0_60.00W_0.60Torr_0.00NitrogenFlow_2420.00MHz.csv,8,full 8,0.9846617272794714,0.0009270613123266387,0.3605327012151215,0.00030372241854940973,0.34397382403351745,0.00025017780212692995,0.4181473354438556,0.00039368669138131713,-0.00035120779085464536,5.946384854692283e-05,46.28849794293269,0.0007901361773383029,19589,0.18691562547006618
60,0.6,0.0,2420.0,0,4f9f288a,0.605,60.0,0.0816496580927708,0.5721482402310526,-0.002,80.02,Scope_TrialNumber_0_60.00W_0.60Torr_0.00NitrogenFlow_2420.00MHz.csv,G:\My Drive\MiniChamberData\Data\NafisaData\LAS_0.6Torr_2Nitrogen_Freq_Sweep_4\LAS_DataFrame_4f9f288a_Laser_True_20260807_154812.csv,7f72a6df,4f9f288a|Scope_TrialNumber_0_60.00W_0.60Torr_0.00NitrogenFlow_2420.00MHz.csv,11,full 11,1.0909086820005423,0.0011475858297403203,0.4168952060025455,0.00039282220775751294,0.3590097909127899,0.000329110825033199,0.46326626287326533,0.00048733483145003444,-0.001138655275800285,9.558106875776782e-05,69.17290158553347,0.0007946099607655521,19368,0.1870344529787572
60,0.6,0.0,2420.0,0,4f9f288a,0.605,60.0,0.0816496580927708,0.5721482402310526,-0.002,80.02,Scope_TrialNumber_0_60.00W_0.60Torr_0.00NitrogenFlow_2420.00MHz.csv,G:\My Drive\MiniChamberData\Data\NafisaData\LAS_0.6Torr_2Nitrogen_Freq_Sweep_4\LAS_DataFrame_4f9f288a_Laser_True_20260807_154812.csv,7f72a6df,4f9f288a|Scope_TrialNumber_0_60.00W_0.60Torr_0.00NitrogenFlow_2420.00MHz.csv,14,trailing partial,1.2039890587971935,0.001061643832424593,0.45455733563110745,0.00036059339460231164,0.35467773006580333,0.0002676794794532484,0.511287077472355,0.0004508386255097637,-0.001374053179044282,0.0001576837920935081,48.77846313680824,0.0007833594206041806,18408,0.18698156723269485
60,0.6,0.0,2425.0,0,4f9f288a,0.605,59.93333333333333,0.094280904158206,0.532601324098468,0.005,80.0,Scope_TrialNumber_0_60.00W_0.60Torr_0.00NitrogenFlow_2425.00MHz.csv,G:\My Drive\MiniChamberData\Data\NafisaData\LAS_0.6Torr_2Nitrogen_Freq_Sweep_4\LAS_DataFrame_4f9f288a_Laser_True_20260807_154812.csv,7f72a6df,4f9f288a|Scope_TrialNumber_0_60.00W_0.60Torr_0.00NitrogenFlow_2425.00MHz.csv,1,full 1,1.337837612715119,0.0012526979013373718,0.5057365914132604,0.0004250048483550557,0.35513114795142253,0.000287455831767521,0.5681273248621153,0.00053197181839044,0.00014492851428944968,8.064531305515051e-05,53.464765962310544,0.0007982471074428047,19632,0.18734943264740223
60,0.6,0.0,2425.0,0,4f9f288a,0.605,59.93333333333333,0.094280904158206,0.532601324098468,0.005,80.0,Scope_TrialNumber_0_60.00W_0.60Torr_0.00NitrogenFlow_2425.00MHz.csv,G:\My Drive\MiniChamberData\Data\NafisaData\LAS_0.6Torr_2Nitrogen_Freq_Sweep_4\LAS_DataFrame_4f9f288a_Laser_True_20260807_154812.csv,7f72a6df,4f9f288a|Scope_TrialNumber_0_60.00W_0.60Torr_0.00NitrogenFlow_2425.00MHz.csv,3,full 3,1.2791635093347824,0.0011414497641762764,0.4850988531321327,0.00038779465383785144,0.3562640297046667,0.00027467033675681007,0.5432107273054788,0.0004847290843242649,0.0007100451785753616,7.177172138341545e-05,48.16780775006484,0.0008038937737691261,19674,0.1873548155908598
60,0.6,0.0,2425.0,0,4f9f288a,0.605,59.93333333333333,0.094280904158206,0.532601324098468,0.005,80.0,Scope_TrialNumber_0_60.00W_0.60Torr_0.00NitrogenFlow_2425.00MHz.csv,G:\My Drive\MiniChamberData\Data\NafisaData\LAS_0.6Torr_2Nitrogen_Freq_Sweep_4\LAS_DataFrame_4f9f288a_Laser_True_20260807_154812.csv,7f72a6df,4f9f288a|Scope_TrialNumber_0_60.00W_0.60Torr_0.00NitrogenFlow_2425.00MHz.csv,5,full 5,1.2353131690113115,0.0008482049832293222,0.4640342322670463,0.0002865503714890098,0.3528911269790278,0.00020399490875798942,0.5245892023120925,0.00036019949168479847,0.0008647576792164734,4.8517014607422954e-05,28.20825562371255,0.0007989899078855818,19713,0.1873367037841243
60,0.6,0.0,2425.0,0,4f9f288a,0.605,59.93333333333333,0.094280904158206,0.532601324098468,0.005,80.0,Scope_TrialNumber_0_60.00W_0.60Torr_0.00NitrogenFlow_2425.00MHz.csv,G:\My Drive\MiniChamberData\Data\NafisaData\LAS_0.6Torr_2Nitrogen_Freq_Sweep_4\LAS_DataFrame_4f9f288a_Laser_True_20260807_154812.csv,7f72a6df,4f9f288a|Scope_TrialNumber_0_60.00W_0.60Torr_0.00NitrogenFlow_2425.00MHz.csv,7,full 7,1.2799109092140941,0.0010997528907563678,0.48289333887417213,0.0003720508390986023,0.3544371728597072,0.0002627150839625259,0.5435281188109948,0.00046702205252457577,0.0005139990982366092,7.247560552724086e-05,46.57677837931902,0.0007850822516710782,19683,0.18734373174893207
60,0.6,0.0,2425.0,0,4f9f288a,0.605,59.93333333333333,0.094280904158206,0.532601324098468,0.005,80.0,Scope_TrialNumber_0_60.00W_0.60Torr_0.00NitrogenFlow_2425.00MHz.csv,G:\My Drive\MiniChamberData\Data\NafisaData\LAS_0.6Torr_2Nitrogen_Freq_Sweep_4\LAS_DataFrame_4f9f288a_Laser_True_20260807_154812.csv,7f72a6df,4f9f288a|Scope_TrialNumber_0_60.00W_0.60Torr_0.00NitrogenFlow_2425.00MHz.csv,9,trailing partial,1.1904071597900747,0.0007992945786560274,0.4410317319876289,0.0002679425861630022,0.3480503680704648,0.0001946221958215267,0.505519376014327,0.00033942915525229543,0.0007344710961970863,0.00010319557830247765,25.686783686344963,0.0008016645276746578,18650,0.18734797087686975
60,0.6,0.0,2430.0,0,4f9f288a,0.605,60.0,0.0816496580927737,0.5103688403034751,-0.002,80.01,Scope_TrialNumber_0_60.00W_0.60Torr_0.00NitrogenFlow_2430.00MHz.csv,G:\My Drive\MiniChamberData\Data\NafisaData\LAS_0.6Torr_2Nitrogen_Freq_Sweep_4\LAS_DataFrame_4f9f288a_Laser_True_20260807_154812.csv,7f72a6df,4f9f288a|Scope_TrialNumber_0_60.00W_0.60Torr_0.00NitrogenFlow_2430.00MHz.csv,2,full 2,1.1073285973347657,0.0008314605559283677,0.42910943076476105,0.00028948136037622784,0.3640485731807869,0.00023130528797434783,0.47023915889938506,0.0003530887881147792,-0.00017270666648771453,0.0001267543102009114,36.03476276541994,0.0007966078456464987,19668,0.17832081129245222
60,0.6,0.0,2430.0,0,4f9f288a,0.605,60.0,0.0816496580927737,0.5103688403034751,-0.002,80.01,Scope_TrialNumber_0_60.00W_0.60Torr_0.00NitrogenFlow_2430.00MHz.csv,G:\My Drive\MiniChamberData\Data\NafisaData\LAS_0.6Torr_2Nitrogen_Freq_Sweep_4\LAS_DataFrame_4f9f288a_Laser_True_20260807_154812.csv,7f72a6df,4f9f288a|Scope_TrialNumber_0_60.00W_0.60Torr_0.00NitrogenFlow_2430.00MHz.csv,5,full 5,1.2808324757005887,0.000992651324831721,0.49888817700225696,0.00034671751821795766,0.36591370087026825,0.00024202172781846528,0.5439194720646922,0.00042154020513218227,-0.0003374706338468421,0.0001431955390819478,38.24562540464746,0.0008015236585423382,19655,0.17824054487983018
60,0.6,0.0,2430.0,0,4f9f288a,0.605,60.0,0.0816496580927737,0.5103688403034751,-0.002,80.01,Scope_TrialNumber_0_60.00W_0.60Torr_0.00NitrogenFlow_2430.00MHz.csv,G:\My Drive\MiniChamberData\Data\NafisaData\LAS_0.6Torr_2Nitrogen_Freq_Sweep_4\LAS_DataFrame_4f9f288a_Laser_True_20260807_154812.csv,7f72a6df,4f9f288a|Scope_TrialNumber_0_60.00W_0.60Torr_0.00NitrogenFlow_2430.00MHz.csv,8,full 8,1.2142967655968682,0.0009403220364548201,0.4711632560961967,0.00032755253676474333,0.3645141283998324,0.00023967836763760656,0.5156643575203254,0.00039931800242615207,5.616858193241524e-05,0.0001153045075599378,37.329104299452204,0.0008080810145082052,19568,0.1783085451764942
60,0.6,0.0,2430.0,0,4f9f288a,0.605,60.0,0.0816496580927737,0.5103688403034751,-0.002,80.01,Scope_TrialNumber_0_60.00W_0.60Torr_0.00NitrogenFlow_2430.00MHz.csv,G:\My Drive\MiniChamberData\Data\NafisaData\LAS_0.6Torr_2Nitrogen_Freq_Sweep_4\LAS_DataFrame_4f9f288a_Laser_True_20260807_154812.csv,7f72a6df,4f9f288a|Scope_TrialNumber_0_60.00W_0.60Torr_0.00NitrogenFlow_2430.00MHz.csv,11,full 11,1.229022519432556,0.0010420757058775614,0.47883482604375355,0.00036358213751784373,0.3660106131601685,0.00026591420326847244,0.5219178093994876,0.0004425288072761694,-0.0004265282467485345,0.00013798881845904673,43.12289661840126,0.0008275477490114856,19658,0.17832003698898582
60,0.6,0.0,2430.0,0,4f9f288a,0.605,60.0,0.0816496580927737,0.5103688403034751,-0.002,80.01,Scope_TrialNumber_0_60.00W_0.60Torr_0.00NitrogenFlow_2430.00MHz.csv,G:\My Drive\MiniChamberData\Data\NafisaData\LAS_0.6Torr_2Nitrogen_Freq_Sweep_4\LAS_DataFrame_4f9f288a_Laser_True_20260807_154812.csv,7f72a6df,4f9f288a|Scope_TrialNumber_0_60.00W_0.60Torr_0.00NitrogenFlow_2430.00MHz.csv,14,trailing partial,1.2284197185171517,0.0009340126834013633,0.47509504955159143,0.000325452643840257,0.36333021502877433,0.00023351648626040712,0.5216618234201444,0.0003966386668791447,-0.000713718323028712,0.0001873285662061332,35.94626127489267,0.0008026967654600301,18685,0.17831542401354014
60,0.6,0.0,2435.0,0,4f9f288a,0.605,59.93333333333334,0.0471404520791038,0.5105784875217516,-0.008,80.0,Scope_TrialNumber_0_60.00W_0.60Torr_0.00NitrogenFlow_2435.00MHz.csv,G:\My Drive\MiniChamberData\Data\NafisaData\LAS_0.6Torr_2Nitrogen_Freq_Sweep_4\LAS_DataFrame_4f9f288a_Laser_True_20260807_154812.csv,7f72a6df,4f9f288a|Scope_TrialNumber_0_60.00W_0.60Torr_0.00NitrogenFlow_2435.00MHz.csv,1,full 1,1.2160137245010025,0.000909503952946319,0.4640318016561354,0.00031219822035822854,0.3584900105932783,0.00022613601595554157,0.5163934828340654,0.0003862307673427187,-0.0012098691012079961,0.00013386411961589453,33.04181227457661,0.0008170586231658031,19700,0.17902193160948326
60,0.6,0.0,2435.0,0,4f9f288a,0.605,59.93333333333334,0.0471404520791038,0.5105784875217516,-0.008,80.0,Scope_TrialNumber_0_60.00W_0.60Torr_0.00NitrogenFlow_2435.00MHz.csv,G:\My Drive\MiniChamberData\Data\NafisaData\LAS_0.6Torr_2Nitrogen_Freq_Sweep_4\LAS_DataFrame_4f9f288a_Laser_True_20260807_154812.csv,7f72a6df,4f9f288a|Scope_TrialNumber_0_60.00W_0.60Torr_0.00NitrogenFlow_2435.00MHz.csv,3,full 3,1.2122505565617345,0.0009475344143399204,0.46164959938338485,0.00032392617397977843,0.357756769844325,0.00023675391918932684,0.5147954125495827,0.0004023808173110175,-0.001183658046377498,0.00013486901783622468,36.281329488816056,0.000813058712653386,19661,0.17899525602095334
60,0.6,0.0,2435.0,0,4f9f288a,0.605,59.93333333333334,0.0471404520791038,0.5105784875217516,-0.008,80.0,Scope_TrialNumber_0_60.00W_0.60Torr_0.00NitrogenFlow_2435.00MHz.csv,G:\My Drive\MiniChamberData\Data\NafisaData\LAS_0.6Torr_2Nitrogen_Freq_Sweep_4\LAS_DataFrame_4f9f288a_Laser_True_20260807_154812.csv,7f72a6df,4f9f288a|Scope_TrialNumber_0_60.00W_0.60Torr_0.00NitrogenFlow_2435.00MHz.csv,5,full 5,1.2076294506972327,0.001094202247590399,0.4648928496755721,0.0003772010879812676,0.36164874360590676,0.0002819696423664525,0.5128330095735026,0.00046466491140133726,-0.0010172599066343045,0.00012745431341465986,49.920457347001665,0.0008137058964725548,19621,0.17898390021078553
60,0.6,0.0,2435.0,0,4f9f288a,0.605,59.93333333333334,0.0471404520791038,0.5105784875217516,-0.008,80.0,Scope_TrialNumber_0_60.00W_0.60Torr_0.00NitrogenFlow_2435.00MHz.csv,G:\My Drive\MiniChamberData\Data\NafisaData\LAS_0.6Torr_2Nitrogen_Freq_Sweep_4\LAS_DataFrame_4f9f288a_Laser_True_20260807_154812.csv,7f72a6df,4f9f288a|Scope_TrialNumber_0_60.00W_0.60Torr_0.00NitrogenFlow_2435.00MHz.csv,7,full 7,1.1751193977927956,0.0009720293558664857,0.45201643929094654,0.0003352117829328454,0.3613599558075446,0.00025519702652761585,0.499027261243375,0.00041278286122866357,-0.0012958986340637626,0.00014848740994279934,41.535925752332226,0.0008121268922227908,19621,0.1789729748413891
60,0.6,0.0,2435.0,0,4f9f288a,0.605,59.93333333333334,0.0471404520791038,0.5105784875217516,-0.008,80.0,Scope_TrialNumber_0_60.00W_0.60Torr_0.00NitrogenFlow_2435.00MHz.csv,G:\My Drive\MiniChamberData\Data\NafisaData\LAS_0.6Torr_2Nitrogen_Freq_Sweep_4\LAS_DataFrame_4f9f288a_Laser_True_20260807_154812.csv,7f72a6df,4f9f288a|Scope_TrialNumber_0_60.00W_0.60Torr_0.00NitrogenFlow_2435.00MHz.csv,9,trailing partial,1.289133879465618,0.001136005822781142,0.5032990020535363,0.00039882127804354483,0.3667717157952753,0.0002777020315453893,0.5474447536600084,0.000482417255271076,-0.0015378133610887033,0.00020218542942958934,49.09621683591386,0.0008071009890398317,18675,0.17899911010491393
60,0.6,0.0,2440.0,0,4f9f288a,0.605,59.96666666666667,0.0942809041582043,0.5226194855912615,0.004,80.01,Scope_TrialNumber_0_60.00W_0.60Torr_0.00NitrogenFlow_2440.00MHz.csv,G:\My Drive\MiniChamberData\Data\NafisaData\LAS_0.6Torr_2Nitrogen_Freq_Sweep_4\LAS_DataFrame_4f9f288a_Laser_True_20260807_154812.csv,7f72a6df,4f9f288a|Scope_TrialNumber_0_60.00W_0.60Torr_0.00NitrogenFlow_2440.00MHz.csv,1,full 1,1.2542540233659214,0.0010176205319232,0.4699194079654483,0.00034197592180149115,0.3519700169209014,0.00024452659790465906,0.5326326425718177,0.0004321436510915319,0.0007593281631336906,9.727994866554162e-05,37.78776264846074,0.0008180662298138629,19721,0.18644217659932238
60,0.6,0.0,2440.0,0,4f9f288a,0.605,59.96666666666667,0.0942809041582043,0.5226194855912615,0.004,80.01,Scope_TrialNumber_0_60.00W_0.60Torr_0.00NitrogenFlow_2440.00MHz.csv,G:\My Drive\MiniChamberData\Data\NafisaData\LAS_0.6Torr_2Nitrogen_Freq_Sweep_4\LAS_DataFrame_4f9f288a_Laser_True_20260807_154812.csv,7f72a6df,4f9f288a|Scope_TrialNumber_0_60.00W_0.60Torr_0.00NitrogenFlow_2440.00MHz.csv,3,full 3,1.2005928474104697,0.0008388449054954114,0.44496193740019974,0.00028020306717210574,0.3481728485204392,0.00020418098775136127,0.5098448392877896,0.00035622463264889804,0.0010339094940518211,8.701465653467766e-05,27.887312151604096,0.0008069992373986294,19689,0.18644060147748515
60,0.6,0.0,2440.0,0,4f9f288a,0.605,59.96666666666667,0.0942809041582043,0.5226194855912615,0.004,80.01,Scope_TrialNumber_0_60.00W_0.60Torr_0.00NitrogenFlow_2440.00MHz.csv,G:\My Drive\MiniChamberData\Data\NafisaData\LAS_0.6Torr_2Nitrogen_Freq_Sweep_4\LAS_DataFrame_4f9f288a_Laser_True_20260807_154812.csv,7f72a6df,4f9f288a|Scope_TrialNumber_0_60.00W_0.60Torr_0.00NitrogenFlow_2440.00MHz.csv,5,full 5,1.204663209565322,0.00100824533462481,0.45009044592659764,0.0003375868986903834,0.3509958138777772,0.0002515924800163993,0.5115733629443813,0.0004281623713677699,0.0012197308881917452,8.201986312585788e-05,40.04788217969265,0.0008171398044348919,19673,0.18642689739593765
60,0.6,0.0,2440.0,0,4f9f288a,0.605,59.96666666666667,0.0942809041582043,0.5226194855912615,0.004,80.01,Scope_TrialNumber_0_60.00W_0.60Torr_0.00NitrogenFlow_2440.00MHz.csv,G:\My Drive\MiniChamberData\Data\NafisaData\LAS_0.6Torr_2Nitrogen_Freq_Sweep_4\LAS_DataFrame_4f9f288a_Laser_True_20260807_154812.csv,7f72a6df,4f9f288a|Scope_TrialNumber_0_60.00W_0.60Torr_0.00NitrogenFlow_2440.00MHz.csv,7,full 7,1.3209726421011543,0.001076349895051885,0.4961470806255032,0.000362881262066315,0.3528453568245113,0.000246787340198255,0.5609654312602868,0.0004570837153026436,0.0009011183816630209,9.164709706226397e-05,38.50533096828442,0.000817347547578302,19673,0.1863531809116096
60,0.6,0.0,2440.0,0,4f9f288a,0.605,59.96666666666667,0.0942809041582043,0.5226194855912615,0.004,80.01,Scope_TrialNumber_0_60.00W_0.60Torr_0.00NitrogenFlow_2440.00MHz.csv,G:\My Drive\MiniChamberData\Data\NafisaData\LAS_0.6Torr_2Nitrogen_Freq_Sweep_4\LAS_DataFrame_4f9f288a_Laser_True_20260807_154812.csv,7f72a6df,4f9f288a|Scope_TrialNumber_0_60.00W_0.60Torr_0.00NitrogenFlow_2440.00MHz.csv,9,trailing partial,1.283987368769239,0.0013883033075435573,0.48436288343902634,0.0004705882937892731,0.35438709148458464,0.00033187173491181496,0.5452592317950833,0.0005895581322543528,0.0005190293815000464,0.00015448065186830732,68.19078079239814,0.0008133579328818868,18823,0.18635610536642608
60,0.6,0.0,2445.0,0,4f9f288a,0.605,60.13333333333333,0.0942809041582076,0.6340776922110666,0.001,80.0,Scope_TrialNumber_0_60.00W_0.60Torr_0.00NitrogenFlow_2445.00MHz.csv,G:\My Drive\MiniChamberData\Data\NafisaData\LAS_0.6Torr_2Nitrogen_Freq_Sweep_4\LAS_DataFrame_4f9f288a_Laser_True_20260807_154812.csv,7f72a6df,4f9f288a|Scope_TrialNumber_0_60.00W_0.60Torr_0.00NitrogenFlow_2445.00MHz.csv,1,full 1,1.257169657670399,0.0009678470461014255,0.4528187172519342,0.00031272940712316237,0.33837500044958346,0.00022234847801981265,0.5338707984600479,0.00041100679779915205,-0.002385861698728938,0.00013277353094746515,31.78070899803158,0.0008098135122816271,19678,0.15512216703170628
60,0.6,0.0,2445.0,0,4f9f288a,0.605,60.13333333333333,0.0942809041582076,0.6340776922110666,0.001,80.0,Scope_TrialNumber_0_60.00W_0.60Torr_0.00NitrogenFlow_2445.00MHz.csv,G:\My Drive\MiniChamberData\Data\NafisaData\LAS_0.6Torr_2Nitrogen_Freq_Sweep_4\LAS_DataFrame_4f9f288a_Laser_True_20260807_154812.csv,7f72a6df,4f9f288a|Scope_TrialNumber_0_60.00W_0.60Torr_0.00NitrogenFlow_2445.00MHz.csv,3,full 3,1.2806144915034712,0.0009702302505735073,0.4588190788875431,0.00031234725880901424,0.3365819688480589,0.00021683473616953462,0.5438269026993271,0.00041201885155549354,-0.0022229317547709654,0.00012305486723630527,28.464827602279666,0.00083583170288775,19676,0.1551192532332082
60,0.6,0.0,2445.0,0,4f9f288a,0.605,60.13333333333333,0.0942809041582076,0.6340776922110666,0.001,80.0,Scope_TrialNumber_0_60.00W_0.60Torr_0.00NitrogenFlow_2445.00MHz.csv,G:\My Drive\MiniChamberData\Data\NafisaData\LAS_0.6Torr_2Nitrogen_Freq_Sweep_4\LAS_DataFrame_4f9f288a_Laser_True_20260807_154812.csv,7f72a6df,4f9f288a|Scope_TrialNumber_0_60.00W_0.60Torr_0.00NitrogenFlow_2445.00MHz.csv,5,full 5,1.2519181373563215,0.000895685722486001,0.4472917003117287,0.00028852509296384916,0.33564694462621414,0.00019993487668590706,0.5316406831163473,0.0003803627051570427,-0.002262446133337434,0.00012352001628231985,25.248620741761055,0.0008288160747448157,19668,0.15499630267000417
60,0.6,0.0,2445.0,0,4f9f288a,0.605,60.13333333333333,0.0942809041582076,0.6340776922110666,0.001,80.0,Scope_TrialNumber_0_60.00W_0.60Torr_0.00NitrogenFlow_2445.00MHz.csv,G:\My Drive\MiniChamberData\Data\NafisaData\LAS_0.6Torr_2Nitrogen_Freq_Sweep_4\LAS_DataFrame_4f9f288a_Laser_True_20260807_154812.csv,7f72a6df,4f9f288a|Scope_TrialNumber_0_60.00W_0.60Torr_0.00NitrogenFlow_2445.00MHz.csv,7,full 7,1.178828463396154,0.001286687995513419,0.42676960792767277,0.0004179666318301391,0.3401031545745403,0.0003193930756549914,0.5006023563811904,0.0005464060823792198,-0.002770044629577552,0.00015788857130299912,61.483849276568534,0.0008254750465530793,19655,0.15503790675844809
60,0.6,0.0,2445.0,0,4f9f288a,0.605,60.13333333333333,0.0942809041582076,0.6340776922110666,0.001,80.0,Scope_TrialNumber_0_60.00W_0.60Torr_0.00NitrogenFlow_2445.00MHz.csv,G:\My Drive\MiniChamberData\Data\NafisaData\LAS_0.6Torr_2Nitrogen_Freq_Sweep_4\LAS_DataFrame_4f9f288a_Laser_True_20260807_154812.csv,7f72a6df,4f9f288a|Scope_TrialNumber_0_60.00W_0.60Torr_0.00NitrogenFlow_2445.00MHz.csv,9,trailing partial,1.2096107634822642,0.0013992562227035585,0.439857810240154,0.00045703123711503203,0.3416130516871486,0.0003444176531110841,0.5136743956442609,0.0005942094070653998,-0.002526258026595776,0.00019434534329923028,66.24217225832712,0.0008416178484394149,18696,0.15502991487353482
60,0.6,0.0,2450.0,0,4f9f288a,0.605,60.1,0.1632993161855504,0.6608613353456222,0.0,79.98,Scope_TrialNumber_0_60.00W_0.60Torr_0.00NitrogenFlow_2450.00MHz.csv,G:\My Drive\MiniChamberData\Data\NafisaData\LAS_0.6Torr_2Nitrogen_Freq_Sweep_4\LAS_DataFrame_4f9f288a_Laser_True_20260807_154812.csv,7f72a6df,4f9f288a|Scope_TrialNumber_0_60.00W_0.60Torr_0.00NitrogenFlow_2450.00MHz.csv,0,full 0,1.2139551418194559,0.0014977299859915629,0.45689132459121334,0.0005053645838511726,0.3535721608231253,0.0003742540848755673,0.5155192832594989,0.0006360273640238519,-0.0034449285613758675,0.00025616259990854715,82.77186779564916,0.0008359351621900044,19711,0.15413949479166666
60,0.6,0.0,2450.0,0,4f9f288a,0.605,60.1,0.1632993161855504,0.6608613353456222,0.0,79.98,Scope_TrialNumber_0_60.00W_0.60Torr_0.00NitrogenFlow_2450.00MHz.csv,G:\My Drive\MiniChamberData\Data\NafisaData\LAS_0.6Torr_2Nitrogen_Freq_Sweep_4\LAS_DataFrame_4f9f288a_Laser_True_20260807_154812.csv,7f72a6df,4f9f288a|Scope_TrialNumber_0_60.00W_0.60Torr_0.00NitrogenFlow_2450.00MHz.csv,1,full 1,1.1803551411723394,0.0014270991969770061,0.44559321631843524,0.00048259392953719723,0.3546448555554659,0.0003683684615008909,0.5012506767398551,0.0006060332295830486,-0.003357927649370292,0.00026452859262681816,82.73880193919854,0.000823488672687165,19751,0.154241796875
60,0.6,0.0,2450.0,0,4f9f288a,0.605,60.1,0.1632993161855504,0.6608613353456222,0.0,79.98,Scope_TrialNumber_0_60.00W_0.60Torr_0.00NitrogenFlow_2450.00MHz.csv,G:\My Drive\MiniChamberData\Data\NafisaData\LAS_0.6Torr_2Nitrogen_Freq_Sweep_4\LAS_DataFrame_4f9f288a_Laser_True_20260807_154812.csv,7f72a6df,4f9f288a|Scope_TrialNumber_0_60.00W_0.60Torr_0.00NitrogenFlow_2450.00MHz.csv,2,full 2,1.2517129458051277,0.001367488532039844,0.47194317213089265,0.0004619683827729576,0.35420342244870523,0.0003314446710247246,0.5315535462875154,0.0005807189109526504,-0.003263702264380002,0.0002542080991256353,68.21027857172227,0.000817695912530218,19753,0.1543289765625
60,0.6,0.0,2450.0,0,4f9f288a,0.605,60.1,0.1632993161855504,0.6608613353456222,0.0,79.98,Scope_TrialNumber_0_60.00W_0.60Torr_0.00NitrogenFlow_2450.00MHz.csv,G:\My Drive\MiniChamberData\Data\NafisaData\LAS_0.6Torr_2Nitrogen_Freq_Sweep_4\LAS_DataFrame_4f9f288a_Laser_True_20260807_154812.csv,7f72a6df,4f9f288a|Scope_TrialNumber_0_60.00W_0.60Torr_0.00NitrogenFlow_2450.00MHz.csv,3,full 3,1.162275784471428,0.0011938766382922764,0.43496295264724155,0.00040122938737104276,0.3515692385830095,0.0003053589422328371,0.4935730808492214,0.0005069927278781021,-0.003665420783114637,0.00027318440344709685,59.51614084893431,0.0008182905053480015,19678,0.15428627604166667
60,0.6,0.0,2450.0,0,4f9f288a,0.605,60.1,0.1632993161855504,0.6608613353456222,0.0,79.98,Scope_TrialNumber_0_60.00W_0.60Torr_0.00NitrogenFlow_2450.00MHz.csv,G:\My Drive\MiniChamberData\Data\NafisaData\LAS_0.6Torr_2Nitrogen_Freq_Sweep_4\LAS_DataFrame_4f9f288a_Laser_True_20260807_154812.csv,7f72a6df,4f9f288a|Scope_TrialNumber_0_60.00W_0.60Torr_0.00NitrogenFlow_2450.00MHz.csv,4,trailing partial,1.1764133671331611,0.0012021308757024644,0.4376431158453395,0.00040341710151050924,0.34948451732854563,0.0003012340056921969,0.4995767594282134,0.000510497979766715,-0.003751469272002862,0.0003265370693692709,55.43698370620679,0.0008339962932567172,18764,0.15426297226925084
60,0.6,0.0,2455.0,0,4f9f288a,0.605,59.93333333333334,0.0471404520791055,0.6801776231201945,-0.005,80.0,Scope_TrialNumber_0_60.00W_0.60Torr_0.00NitrogenFlow_2455.00MHz.csv,G:\My Drive\MiniChamberData\Data\NafisaData\LAS_0.6Torr_2Nitrogen_Freq_Sweep_4\LAS_DataFrame_4f9f288a_Laser_True_20260807_154812.csv,7f72a6df,4f9f288a|Scope_TrialNumber_0_60.00W_0.60Torr_0.00NitrogenFlow_2455.00MHz.csv,0,full 0,1.198230505500572,0.0008161180911832331,0.4477324140271387,0.0002735440084806984,0.3510313906117457,0.00020401954411280855,0.5088416450458845,0.0003465734432256826,-0.0012931315934038396,9.363161033798462e-05,26.321351627450714,0.0008153213810052305,19751,0.15465396744791668
60,0.6,0.0,2455.0,0,4f9f288a,0.605,59.93333333333334,0.0471404520791055,0.6801776231201945,-0.005,80.0,Scope_TrialNumber_0_60.00W_0.60Torr_0.00NitrogenFlow_2455.00MHz.csv,G:\My Drive\MiniChamberData\Data\NafisaData\LAS_0.6Torr_2Nitrogen_Freq_Sweep_4\LAS_DataFrame_4f9f288a_Laser_True_20260807_154812.csv,7f72a6df,4f9f288a|Scope_TrialNumber_0_60.00W_0.60Torr_0.00NitrogenFlow_2455.00MHz.csv,1,full 1,1.2011382287706405,0.0010030933186678675,0.4484164513842454,0.00033521748697636414,0.35071661256150916,0.00025124088016087334,0.5100764414271214,0.0004259745116339384,-0.0010901205880682189,9.32145367996736e-05,38.14822425116425,0.0008273998087604725,19696,0.15460224609375
60,0.6,0.0,2455.0,0,4f9f288a,0.605,59.93333333333334,0.0471404520791055,0.6801776231201945,-0.005,80.0,Scope_TrialNumber_0_60.00W_0.60Torr_0.00NitrogenFlow_2455.00MHz.csv,G:\My Drive\MiniChamberData\Data\NafisaData\LAS_0.6Torr_2Nitrogen_Freq_Sweep_4\LAS_DataFrame_4f9f288a_Laser_True_20260807_154812.csv,7f72a6df,4f9f288a|Scope_TrialNumber_0_60.00W_0.60Torr_0.00NitrogenFlow_2455.00MHz.csv,2,full 2,1.2087088868428733,0.0008735189832396721,0.45299339833534774,0.0002936212722856071,0.3520772371522963,0.00021669700524429633,0.5132914038987583,0.0003709493577154391,-0.0009426325191333292,8.016449683539094e-05,28.455158380838494,0.0008313049867514278,19728,0.15469643229166669
60,0.6,0.0,2455.0,0,4f9f288a,0.605,59.93333333333334,0.0471404520791055,0.6801776231201945,-0.005,80.0,Scope_TrialNumber_0_60.00W_0.60Torr_0.00NitrogenFlow_2455.00MHz.csv,G:\My Drive\MiniChamberData\Data\NafisaData\LAS_0.6Torr_2Nitrogen_Freq_Sweep_4\LAS_DataFrame_4f9f288a_Laser_True_20260807_154812.csv,7f72a6df,4f9f288a|Scope_TrialNumber_0_60.00W_0.60Torr_0.00NitrogenFlow_2455.00MHz.csv,3,full 3,1.2084589678949211,0.0009496756237928171,0.453747912984702,0.00031939322171285593,0.35273659753010317,0.00023731523715073193,0.5131852730933579,0.00040329010524468146,-0.0012278558914601116,0.00010267670976745644,33.41906393076275,0.0008358128562377067,19666,0.15468951953124999
60,0.6,0.0,2455.0,0,4f9f288a,0.605,59.93333333333334,0.0471404520791055,0.6801776231201945,-0.005,80.0,Scope_TrialNumber_0_60.00W_0.60Torr_0.00NitrogenFlow_2455.00MHz.csv,G:\My Drive\MiniChamberData\Data\NafisaData\LAS_0.6Torr_2Nitrogen_Freq_Sweep_4\LAS_DataFrame_4f9f288a_Laser_True_20260807_154812.csv,7f72a6df,4f9f288a|Scope_TrialNumber_0_60.00W_0.60Torr_0.00NitrogenFlow_2455.00MHz.csv,4,trailing partial,1.2043067055680956,0.001244594656202918,0.4508922251348367,0.00041898209812273984,0.35172515689654654,0.0003124045253886057,0.5114219696360142,0.0005285306870175553,-0.0012825249195653548,0.00014481102825931007,57.598229508012956,0.0008314988072416189,18724,0.15468525588905135
60,0.6,0.0,2460.0,0,4f9f288a,0.605,60.0,0.2160246899469262,0.6931957572574298,0.004,79.99,Scope_TrialNumber_0_60.00W_0.60Torr_0.00NitrogenFlow_2460.00MHz.csv,G:\My Drive\MiniChamberData\Data\NafisaData\LAS_0.6Torr_2Nitrogen_Freq_Sweep_4\LAS_DataFrame_4f9f288a_Laser_True_20260807_154812.csv,7f72a6df,4f9f288a|Scope_TrialNumber_0_60.00W_0.60Torr_0.00NitrogenFlow_2460.00MHz.csv,1,full 1,1.1254287771429923,0.0008013590156494084,0.41689835343154324,0.00026629211482048434,0.34800056884659974,0.00021034509043116637,0.477925597549515,0.0003403058409241952,-0.0004610716460484253,9.276104202908727e-05,27.231601738572063,0.0008292435533543952,19679,0.1565956756539227
60,0.6,0.0,2460.0,0,4f9f288a,0.605,60.0,0.2160246899469262,0.6931957572574298,0.004,79.99,Scope_TrialNumber_0_60.00W_0.60Torr_0.00NitrogenFlow_2460.00MHz.csv,G:\My Drive\MiniChamberData\Data\NafisaData\LAS_0.6Torr_2Nitrogen_Freq_Sweep_4\LAS_DataFrame_4f9f288a_Laser_True_20260807_154812.csv,7f72a6df,4f9f288a|Scope_TrialNumber_0_60.00W_0.60Torr_0.00NitrogenFlow_2460.00MHz.csv,3,full 3,1.1360472955520278,0.0012072374976340567,0.42305954026608594,0.00040264440066233996,0.34984274404031257,0.00032152877984905156,0.4824348671352917,0.0005126665624328801,-0.00034827259876428897,8.78808743730844e-05,58.051874898348544,0.0008473162117275847,19753,0.15660790926613483
60,0.6,0.0,2460.0,0,4f9f288a,0.605,60.0,0.2160246899469262,0.6931957572574298,0.004,79.99,Scope_TrialNumber_0_60.00W_0.60Torr_0.00NitrogenFlow_2460.00MHz.csv,G:\My Drive\MiniChamberData\Data\NafisaData\LAS_0.6Torr_2Nitrogen_Freq_Sweep_4\LAS_DataFrame_4f9f288a_Laser_True_20260807_154812.csv,7f72a6df,4f9f288a|Scope_TrialNumber_0_60.00W_0.60Torr_0.00NitrogenFlow_2460.00MHz.csv,5,full 5,1.1433172152281956,0.0007702066641501246,0.42229093714469934,0.0002560538862131703,0.3469866835964339,0.00019600800762680474,0.4855221177689479,0.00032707665529490675,-0.0004194974497846187,7.815236591679576e-05,23.45213560493113,0.0008370299604777832,19707,0.15658094792084337
60,0.6,0.0,2460.0,0,4f9f288a,0.605,60.0,0.2160246899469262,0.6931957572574298,0.004,79.99,Scope_TrialNumber_0_60.00W_0.60Torr_0.00NitrogenFlow_2460.00MHz.csv,G:\My Drive\MiniChamberData\Data\NafisaData\LAS_0.6Torr_2Nitrogen_Freq_Sweep_4\LAS_DataFrame_4f9f288a_Laser_True_20260807_154812.csv,7f72a6df,4f9f288a|Scope_TrialNumber_0_60.00W_0.60Torr_0.00NitrogenFlow_2460.00MHz.csv,7,full 7,1.234114191917551,0.0009095522802558828,0.4592578444036612,0.0003033691933578764,0.3495980699303614,0.0002203524574579464,0.5240800436202041,0.0003862512900614996,-0.000753943511535733,9.546939274913278e-05,28.819688177509683,0.000837071594685482,19722,0.1565847722032879
60,0.6,0.0,2460.0,0,4f9f288a,0.605,60.0,0.2160246899469262,0.6931957572574298,0.004,79.99,Scope_TrialNumber_0_60.00W_0.60Torr_0.00NitrogenFlow_2460.00MHz.csv,G:\My Drive\MiniChamberData\Data\NafisaData\LAS_0.6Torr_2Nitrogen_Freq_Sweep_4\LAS_DataFrame_4f9f288a_Laser_True_20260807_154812.csv,7f72a6df,4f9f288a|Scope_TrialNumber_0_60.00W_0.60Torr_0.00NitrogenFlow_2460.00MHz.csv,9,trailing partial,1.2473764095227877,0.0008840561527455426,0.4646163316788247,0.0002963267448985834,0.3499167524249992,0.0002112548591947363,0.5297119888863497,0.0003754240816027721,-0.0009701350258421165,0.00014156678578941412,27.01539742472041,0.0008316229359436056,18745,0.15653280701643382
65,0.6,0.0,2410.0,0,4f9f288a,0.605,64.9,8.204640795236539e-15,0.6252922474930179,-0.004,79.99,Scope_TrialNumber_0_65.00W_0.60Torr_0.00NitrogenFlow_2410.00MHz.csv,G:\My Drive\MiniChamberData\Data\NafisaData\LAS_0.6Torr_2Nitrogen_Freq_Sweep_4\LAS_DataFrame_4f9f288a_Laser_True_20260807_154812.csv,7f72a6df,4f9f288a|Scope_TrialNumber_0_65.00W_0.60Torr_0.00NitrogenFlow_2410.00MHz.csv,1,full 1,1.1417852807051556,0.0009755220291964322,0.42665109935036877,0.0003265065217852003,0.3510396871471206,0.00025711678000587114,0.48487156507543194,0.00041426606302886766,7.802769055342085e-06,4.2090948388110536e-05,43.00060385132711,0.0008027206247746702,19637,0.19317607370349962
65,0.6,0.0,2410.0,0,4f9f288a,0.605,64.9,8.204640795236539e-15,0.6252922474930179,-0.004,79.99,Scope_TrialNumber_0_65.00W_0.60Torr_0.00NitrogenFlow_2410.00MHz.csv,G:\My Drive\MiniChamberData\Data\NafisaData\LAS_0.6Torr_2Nitrogen_Freq_Sweep_4\LAS_DataFrame_4f9f288a_Laser_True_20260807_154812.csv,7f72a6df,4f9f288a|Scope_TrialNumber_0_65.00W_0.60Torr_0.00NitrogenFlow_2410.00MHz.csv,3,full 3,1.1844862168727897,0.0008578915260426536,0.439638064555382,0.00028631299491191814,0.3486848399714609,0.00021337683502425575,0.5030049830653713,0.0003643129876751913,3.495240066992763e-05,4.4352885851500374e-05,29.80847268270753,0.0008118562978318011,19748,0.19322310888766447
65,0.6,0.0,2410.0,0,4f9f288a,0.605,64.9,8.204640795236539e-15,0.6252922474930179,-0.004,79.99,Scope_TrialNumber_0_65.00W_0.60Torr_0.00NitrogenFlow_2410.00MHz.csv,G:\My Drive\MiniChamberData\Data\NafisaData\LAS_0.6Torr_2Nitrogen_Freq_Sweep_4\LAS_DataFrame_4f9f288a_Laser_True_20260807_154812.csv,7f72a6df,4f9f288a|Scope_TrialNumber_0_65.00W_0.60Torr_0.00NitrogenFlow_2410.00MHz.csv,5,full 5,1.2174206076250622,0.0009361810798898161,0.4544079713045654,0.0003134973989676525,0.3506493855189134,0.00022979152338040647,0.5169909310879259,0.00039755950008380024,0.00011045099785917425,3.900826964651626e-05,34.551066972610386,0.0008053474388047014,19736,0.1931790582423362
65,0.6,0.0,2410.0,0,4f9f288a,0.605,64.9,8.204640795236539e-15,0.6252922474930179,-0.004,79.99,Scope_TrialNumber_0_65.00W_0.60Torr_0.00NitrogenFlow_2410.00MHz.csv,G:\My Drive\MiniChamberData\Data\NafisaData\LAS_0.6Torr_2Nitrogen_Freq_Sweep_4\LAS_DataFrame_4f9f288a_Laser_True_20260807_154812.csv,7f72a6df,4f9f288a|Scope_TrialNumber_0_65.00W_0.60Torr_0.00NitrogenFlow_2410.00MHz.csv,7,full 7,1.2110833642924625,0.001088152782012851,0.45331061623737234,0.0003647051035864721,0.351633012457811,0.00027124327631068853,0.5142997516298725,0.0004620959399037855,5.2904740910062056e-05,4.838815334482062e-05,46.59593454752414,0.0008100674437979872,19762,0.19321937803839023
65,0.6,0.0,2410.0,0,4f9f288a,0.605,64.9,8.204640795236539e-15,0.6252922474930179,-0.004,79.99,Scope_TrialNumber_0_65.00W_0.60Torr_0.00NitrogenFlow_2410.00MHz.csv,G:\My Drive\MiniChamberData\Data\NafisaData\LAS_0.6Torr_2Nitrogen_Freq_Sweep_4\LAS_DataFrame_4f9f288a_Laser_True_20260807_154812.csv,7f72a6df,4f9f288a|Scope_TrialNumber_0_65.00W_0.60Torr_0.00NitrogenFlow_2410.00MHz.csv,9,trailing partial,1.2702103004062852,0.0014678307072294918,0.4755745205472393,0.0004943404051174575,0.3517310741842408,0.0003521971532030921,0.5394086495427258,0.0006233303093910941,-0.0001911189562707366,9.314400231394204e-05,75.71481765413102,0.0008162684968932212,18779,0.19322345957076958
65,0.6,0.0,2415.0,0,4f9f288a,0.605,65.26666666666667,0.1699673171197563,0.5992341359353123,-0.009,80.0,Scope_TrialNumber_0_65.00W_0.60Torr_0.00NitrogenFlow_2415.00MHz.csv,G:\My Drive\MiniChamberData\Data\NafisaData\LAS_0.6Torr_2Nitrogen_Freq_Sweep_4\LAS_DataFrame_4f9f288a_Laser_True_20260807_154812.csv,7f72a6df,4f9f288a|Scope_TrialNumber_0_65.00W_0.60Torr_0.00NitrogenFlow_2415.00MHz.csv,1,full 1,1.232022216625742,0.0014118822308272175,0.45267299178576953,0.00046572762319369406,0.34517062907254037,0.00034096320676212555,0.5231916635097055,0.0005995711790404185,9.105813957058338e-05,8.731592732917204e-05,74.18786470383918,0.0008030438713091782,19779,0.1952391543288742
65,0.6,0.0,2415.0,0,4f9f288a,0.605,65.26666666666667,0.1699673171197563,0.5992341359353123,-0.009,80.0,Scope_TrialNumber_0_65.00W_0.60Torr_0.00NitrogenFlow_2415.00MHz.csv,G:\My Drive\MiniChamberData\Data\NafisaData\LAS_0.6Torr_2Nitrogen_Freq_Sweep_4\LAS_DataFrame_4f9f288a_Laser_True_20260807_154812.csv,7f72a6df,4f9f288a|Scope_TrialNumber_0_65.00W_0.60Torr_0.00NitrogenFlow_2415.00MHz.csv,3,full 3,1.2963317054242978,0.001083202487761468,0.4740142900955274,0.0003551242897866613,0.3435129241140774,0.00024593356206208686,0.5505013889107013,0.00045999374349101546,0.00011926009091957992,8.839966232818338e-05,40.04597295796487,0.0007976744528699494,19749,0.19527321895302036
65,0.6,0.0,2415.0,0,4f9f288a,0.605,65.26666666666667,0.1699673171197563,0.5992341359353123,-0.009,80.0,Scope_TrialNumber_0_65.00W_0.60Torr_0.00NitrogenFlow_2415.00MHz.csv,G:\My Drive\MiniChamberData\Data\NafisaData\LAS_0.6Torr_2Nitrogen_Freq_Sweep_4\LAS_DataFrame_4f9f288a_Laser_True_20260807_154812.csv,7f72a6df,4f9f288a|Scope_TrialNumber_0_65.00W_0.60Torr_0.00NitrogenFlow_2415.00MHz.csv,5,full 5,1.2983681683772035,0.0010931721511176324,0.47664780371565924,0.00035988804550968217,0.3448796162189296,0.0002498957709653172,0.5513661951013922,0.00046422746970597697,0.00011985231587414924,7.856675658960709e-05,41.607527789399256,0.0007930224624283264,19745,0.19521728527857107
65,0.6,0.0,2415.0,0,4f9f288a,0.605,65.26666666666667,0.1699673171197563,0.5992341359353123,-0.009,80.0,Scope_TrialNumber_0_65.00W_0.60Torr_0.00NitrogenFlow_2415.00MHz.csv,G:\My Drive\MiniChamberData\Data\NafisaData\LAS_0.6Torr_2Nitrogen_Freq_Sweep_4\LAS_DataFrame_4f9f288a_Laser_True_20260807_154812.csv,7f72a6df,4f9f288a|Scope_TrialNumber_0_65.00W_0.60Torr_0.00NitrogenFlow_2415.00MHz.csv,7,full 7,1.3079543792245187,0.0013448264055751912,0.47720578895338084,0.00044061432876306027,0.34275270978478817,0.00030319279469243884,0.5554370840287833,0.0005710951919289935,-1.86197300458829e-05,8.961391416115644e-05,58.32032284451819,0.0008113149468633691,19724,0.19522380776425005
65,0.6,0.0,2415.0,0,4f9f288a,0.605,65.26666666666667,0.1699673171197563,0.5992341359353123,-0.009,80.0,Scope_TrialNumber_0_65.00W_0.60Torr_0.00NitrogenFlow_2415.00MHz.csv,G:\My Drive\MiniChamberData\Data\NafisaData\LAS_0.6Torr_2Nitrogen_Freq_Sweep_4\LAS_DataFrame_4f9f288a_Laser_True_20260807_154812.csv,7f72a6df,4f9f288a|Scope_TrialNumber_0_65.00W_0.60Torr_0.00NitrogenFlow_2415.00MHz.csv,9,trailing partial,1.2889941967256513,0.0011316804496492707,0.4648321041412882,0.0003670797410314379,0.338776239703791,0.0002547245455437526,0.5473854358619196,0.00048058043842343675,-0.00039521982105315893,0.0001329797947829962,42.94969036072954,0.0007980933542655189,18765,0.19519579723779695
65,0.6,0.0,2420.0,0,4f9f288a,0.605,65.23333333333333,0.1247219128924626,0.5567254485629155,0.003,80.0,Scope_TrialNumber_0_65.00W_0.60Torr_0.00NitrogenFlow_2420.00MHz.csv,G:\My Drive\MiniChamberData\Data\NafisaData\LAS_0.6Torr_2Nitrogen_Freq_Sweep_4\LAS_DataFrame_4f9f288a_Laser_True_20260807_154812.csv,7f72a6df,4f9f288a|Scope_TrialNumber_0_65.00W_0.60Torr_0.00NitrogenFlow_2420.00MHz.csv,2,full 2,1.1895329172162172,0.0010454615571159637,0.4351764768250973,0.0003438019699430261,0.34368196056264444,0.00025832977550930853,0.5051481193759684,0.000443966645910823,-0.0003050948846006047,0.00014995610003395275,43.005363838018596,0.0008065022588782414,18734,0.19694211581226592
65,0.6,0.0,2420.0,0,4f9f288a,0.605,65.23333333333333,0.1247219128924626,0.5567254485629155,0.003,80.0,Scope_TrialNumber_0_65.00W_0.60Torr_0.00NitrogenFlow_2420.00MHz.csv,G:\My Drive\MiniChamberData\Data\NafisaData\LAS_0.6Torr_2Nitrogen_Freq_Sweep_4\LAS_DataFrame_4f9f288a_Laser_True_20260807_154812.csv,7f72a6df,4f9f288a|Scope_TrialNumber_0_65.00W_0.60Torr_0.00NitrogenFlow_2420.00MHz.csv,5,full 5,1.2987931422738017,0.000874651643360593,0.472779202107046,0.0002872842584186626,0.341968549568769,0.00019362758666454497,0.5515466648988593,0.00037143035418194664,6.949793829370013e-05,0.00010361703019135168,25.54524596604624,0.0008026743405539282,19668,0.1969503439652722
65,0.6,0.0,2420.0,0,4f9f288a,0.605,65.23333333333333,0.1247219128924626,0.5567254485629155,0.003,80.0,Scope_TrialNumber_0_65.00W_0.60Torr_0.00NitrogenFlow_2420.00MHz.csv,G:\My Drive\MiniChamberData\Data\NafisaData\LAS_0.6Torr_2Nitrogen_Freq_Sweep_4\LAS_DataFrame_4f9f288a_Laser_True_20260807_154812.csv,7f72a6df,4f9f288a|Scope_TrialNumber_0_65.00W_0.60Torr_0.00NitrogenFlow_2420.00MHz.csv,8,full 8,1.241970599356083,0.0010084647318419496,0.4561264283809975,0.0003319429764209354,0.3450179664827804,0.00023976148097831413,0.5274163526749492,0.00042825554078748955,0.00032667717956534907,9.09503694707428e-05,37.363700716667495,0.0008057509622085306,19682,0.19697158549430707
65,0.6,0.0,2420.0,0,4f9f288a,0.605,65.23333333333333,0.1247219128924626,0.5567254485629155,0.003,80.0,Scope_TrialNumber_0_65.00W_0.60Torr_0.00NitrogenFlow_2420.00MHz.csv,G:\My Drive\MiniChamberData\Data\NafisaData\LAS_0.6Torr_2Nitrogen_Freq_Sweep_4\LAS_DataFrame_4f9f288a_Laser_True_20260807_154812.csv,7f72a6df,4f9f288a|Scope_TrialNumber_0_65.00W_0.60Torr_0.00NitrogenFlow_2420.00MHz.csv,11,full 11,1.2354501779419627,0.001269648581214572,0.45341038969099495,0.0004194443280473809,0.3447736138862465,0.00030317520387819106,0.5246473846479106,0.0005391701093651448,-0.00040033023934326484,0.00016819555375961994,58.76607295962278,0.0008078099070274414,18820,0.19700230073690458
65,0.6,0.0,2420.0,0,4f9f288a,0.605,65.23333333333333,0.1247219128924626,0.5567254485629155,0.003,80.0,Scope_TrialNumber_0_65.00W_0.60Torr_0.00NitrogenFlow_2420.00MHz.csv,G:\My Drive\MiniChamberData\Data\NafisaData\LAS_0.6Torr_2Nitrogen_Freq_Sweep_4\LAS_DataFrame_4f9f288a_Laser_True_20260807_154812.csv,7f72a6df,4f9f288a|Scope_TrialNumber_0_65.00W_0.60Torr_0.00NitrogenFlow_2420.00MHz.csv,14,trailing partial,1.2449090794903592,0.0014266120236616213,0.46092530113700275,0.00047469534894129146,0.3478249277137805,0.00034720294428498914,0.5286642102938263,0.0006058263461244111,-0.000277498111263129,0.00017398304170054526,75.92398926859012,0.0007994153525053364,18737,0.19696566869893017
65,0.6,0.0,2425.0,0,4f9f288a,0.605,64.96666666666667,0.0471404520791004,0.5094096444786383,-0.004,80.01,Scope_TrialNumber_0_65.00W_0.60Torr_0.00NitrogenFlow_2425.00MHz.csv,G:\My Drive\MiniChamberData\Data\NafisaData\LAS_0.6Torr_2Nitrogen_Freq_Sweep_4\LAS_DataFrame_4f9f288a_Laser_True_20260807_154812.csv,7f72a6df,4f9f288a|Scope_TrialNumber_0_65.00W_0.60Torr_0.00NitrogenFlow_2425.00MHz.csv,1,full 1,1.240493726014445,0.0009126825570579947,0.4671311417818904,0.0003084703044224019,0.35376269901935004,0.00022172290513428357,0.5267891823122905,0.0003875805962259844,0.0001563745690434562,9.021737357122739e-05,33.08126866280722,0.0007962014277071691,19764,0.19781795834380497
65,0.6,0.0,2425.0,0,4f9f288a,0.605,64.96666666666667,0.0471404520791004,0.5094096444786383,-0.004,80.01,Scope_TrialNumber_0_65.00W_0.60Torr_0.00NitrogenFlow_2425.00MHz.csv,G:\My Drive\MiniChamberData\Data\NafisaData\LAS_0.6Torr_2Nitrogen_Freq_Sweep_4\LAS_DataFrame_4f9f288a_Laser_True_20260807_154812.csv,7f72a6df,4f9f288a|Scope_TrialNumber_0_65.00W_0.60Torr_0.00NitrogenFlow_2425.00MHz.csv,3,full 3,1.2393269177975037,0.0008872049400146499,0.4649376659082867,0.0002986678905486825,0.35243305810066733,0.00021445515769111137,0.5262936844845888,0.00037676124843883323,0.0003292945617570486,8.783295804758459e-05,30.66891639775564,0.0008000429625408534,19731,0.19783993301626793
65,0.6,0.0,2425.0,0,4f9f288a,0.605,64.96666666666667,0.0471404520791004,0.5094096444786383,-0.004,80.01,Scope_TrialNumber_0_65.00W_0.60Torr_0.00NitrogenFlow_2425.00MHz.csv,G:\My Drive\MiniChamberData\Data\NafisaData\LAS_0.6Torr_2Nitrogen_Freq_Sweep_4\LAS_DataFrame_4f9f288a_Laser_True_20260807_154812.csv,7f72a6df,4f9f288a|Scope_TrialNumber_0_65.00W_0.60Torr_0.00NitrogenFlow_2425.00MHz.csv,5,full 5,1.3149887910007994,0.001316386686992267,0.4972290624234745,0.0004469292904119543,0.35522395361102665,0.00030510323603650223,0.5584243236656823,0.0005590179554357266,0.00010613197612514983,9.77105493500187e-05,61.08196878379906,0.0007990472007705296,19799,0.197894638055388
65,0.6,0.0,2425.0,0,4f9f288a,0.605,64.96666666666667,0.0471404520791004,0.5094096444786383,-0.004,80.01,Scope_TrialNumber_0_65.00W_0.60Torr_0.00NitrogenFlow_2425.00MHz.csv,G:\My Drive\MiniChamberData\Data\NafisaData\LAS_0.6Torr_2Nitrogen_Freq_Sweep_4\LAS_DataFrame_4f9f288a_Laser_True_20260807_154812.csv,7f72a6df,4f9f288a|Scope_TrialNumber_0_65.00W_0.60Torr_0.00NitrogenFlow_2425.00MHz.csv,7,full 7,1.2740340809560324,0.0010274951946526996,0.4820151905769202,0.0003495603327474475,0.3554245884754342,0.0002454557589735883,0.5410324596329347,0.0004363370342548597,-0.0007348586778053988,0.0001752391450656783,38.68409994554649,0.000808493843212195,18860,0.19786355061947125
65,0.6,0.0,2425.0,0,4f9f288a,0.605,64.96666666666667,0.0471404520791004,0.5094096444786383,-0.004,80.01,Scope_TrialNumber_0_65.00W_0.60Torr_0.00NitrogenFlow_2425.00MHz.csv,G:\My Drive\MiniChamberData\Data\NafisaData\LAS_0.6Torr_2Nitrogen_Freq_Sweep_4\LAS_DataFrame_4f9f288a_Laser_True_20260807_154812.csv,7f72a6df,4f9f288a|Scope_TrialNumber_0_65.00W_0.60Torr_0.00NitrogenFlow_2425.00MHz.csv,9,trailing partial,1.2007097899228734,0.0008729606986226005,0.44766349743848804,0.0002932451208117295,0.35025264334173156,0.00021592142179927747,0.509894500200372,0.00037071227606741696,-0.00010676388560958727,0.0001496332996300439,29.465055269994703,0.0008224518896935071,18812,0.19784527489832252
65,0.6,0.0,2430.0,0,4f9f288a,0.605,65.03333333333333,0.1699673171197498,0.5354016242086724,0.007,80.0,Scope_TrialNumber_0_65.00W_0.60Torr_0.00NitrogenFlow_2430.00MHz.csv,G:\My Drive\MiniChamberData\Data\NafisaData\LAS_0.6Torr_2Nitrogen_Freq_Sweep_4\LAS_DataFrame_4f9f288a_Laser_True_20260807_154812.csv,7f72a6df,4f9f288a|Scope_TrialNumber_0_65.00W_0.60Torr_0.00NitrogenFlow_2430.00MHz.csv,1,full 1,1.2063740312776758,0.0008976428010589859,0.4440820463433959,0.0002965225336984981,0.3458191392717294,0.00021914629404199692,0.5122998820327354,0.00038119379990549904,0.0007638639698096087,0.00010773373408981277,31.037298914578276,0.0008097237259688953,19737,0.18941873820144003
65,0.6,0.0,2430.0,0,4f9f288a,0.605,65.03333333333333,0.1699673171197498,0.5354016242086724,0.007,80.0,Scope_TrialNumber_0_65.00W_0.60Torr_0.00NitrogenFlow_2430.00MHz.csv,G:\My Drive\MiniChamberData\Data\NafisaData\LAS_0.6Torr_2Nitrogen_Freq_Sweep_4\LAS_DataFrame_4f9f288a_Laser_True_20260807_154812.csv,7f72a6df,4f9f288a|Scope_TrialNumber_0_65.00W_0.60Torr_0.00NitrogenFlow_2430.00MHz.csv,3,full 3,1.2383592632295208,0.0009172318447367724,0.4556088004067739,0.0003029289251048468,0.3456314369462771,0.00021751146907266413,0.5258827594247207,0.0003895125008266682,0.0005485085500270841,0.00011323145995928537,31.381781038894346,0.0008013994232476878,19773,0.18933685045273058
65,0.6,0.0,2430.0,0,4f9f288a,0.605,65.03333333333333,0.1699673171197498,0.5354016242086724,0.007,80.0,Scope_TrialNumber_0_65.00W_0.60Torr_0.00NitrogenFlow_2430.00MHz.csv,G:\My Drive\MiniChamberData\Data\NafisaData\LAS_0.6Torr_2Nitrogen_Freq_Sweep_4\LAS_DataFrame_4f9f288a_Laser_True_20260807_154812.csv,7f72a6df,4f9f288a|Scope_TrialNumber_0_65.00W_0.60Torr_0.00NitrogenFlow_2430.00MHz.csv,5,full 5,1.1614222701055372,0.0010218117945645876,0.4297334349128778,0.0003383022625751141,0.34759761290277585,0.00026305720782795913,0.4932106266703164,0.00043392351645756347,0.0007890065331670658,9.79768538322801e-05,43.95346579777063,0.0008083470680897703,19756,0.18930115850373377
65,0.6,0.0,2430.0,0,4f9f288a,0.605,65.03333333333333,0.1699673171197498,0.5354016242086724,0.007,80.0,Scope_TrialNumber_0_65.00W_0.60Torr_0.00NitrogenFlow_2430.00MHz.csv,G:\My Drive\MiniChamberData\Data\NafisaData\LAS_0.6Torr_2Nitrogen_Freq_Sweep_4\LAS_DataFrame_4f9f288a_Laser_True_20260807_154812.csv,7f72a6df,4f9f288a|Scope_TrialNumber_0_65.00W_0.60Torr_0.00NitrogenFlow_2430.00MHz.csv,7,full 7,1.1655648044970033,0.0008033235681320482,0.4258576474507224,0.00026481615316962983,0.34323835782532053,0.00019687128612334208,0.4949697990538739,0.00034114010954985316,0.0004673981293225034,0.00010803444206319135,26.403902882846847,0.0008011660729897239,19793,0.1893295389999833
65,0.6,0.0,2430.0,0,4f9f288a,0.605,65.03333333333333,0.1699673171197498,0.5354016242086724,0.007,80.0,Scope_TrialNumber_0_65.00W_0.60Torr_0.00NitrogenFlow_2430.00MHz.csv,G:\My Drive\MiniChamberData\Data\NafisaData\LAS_0.6Torr_2Nitrogen_Freq_Sweep_4\LAS_DataFrame_4f9f288a_Laser_True_20260807_154812.csv,7f72a6df,4f9f288a|Scope_TrialNumber_0_65.00W_0.60Torr_0.00NitrogenFlow_2430.00MHz.csv,9,trailing partial,1.1815816832822428,0.0010712402452326976,0.4378766057654513,0.0003564542868906325,0.34814148928227356,0.00027129041345530774,0.5017715412163112,0.0004549138468110069,0.00015465440526073312,0.00016274077721215737,46.43923514576677,0.0008102533583325591,18768,0.18939474453361982
65,0.6,0.0,2435.0,0,4f9f288a,0.605,64.96666666666665,0.0942809041582043,0.5321580991907802,-0.002,80.0,Scope_TrialNumber_0_65.00W_0.60Torr_0.00NitrogenFlow_2435.00MHz.csv,G:\My Drive\MiniChamberData\Data\NafisaData\LAS_0.6Torr_2Nitrogen_Freq_Sweep_4\LAS_DataFrame_4f9f288a_Laser_True_20260807_154812.csv,7f72a6df,4f9f288a|Scope_TrialNumber_0_65.00W_0.60Torr_0.00NitrogenFlow_2435.00MHz.csv,1,full 1,1.2804293966502769,0.0010665332313047505,0.4941799780760076,0.0003687014145399227,0.3625745355472955,0.00026046090308726085,0.5437483001523576,0.0004529149620393745,0.0008241648968219049,9.919183201902925e-05,43.86485135540827,0.0007984734680450571,19790,0.1799208861420031
65,0.6,0.0,2435.0,0,4f9f288a,0.605,64.96666666666665,0.0942809041582043,0.5321580991907802,-0.002,80.0,Scope_TrialNumber_0_65.00W_0.60Torr_0.00NitrogenFlow_2435.00MHz.csv,G:\My Drive\MiniChamberData\Data\NafisaData\LAS_0.6Torr_2Nitrogen_Freq_Sweep_4\LAS_DataFrame_4f9f288a_Laser_True_20260807_154812.csv,7f72a6df,4f9f288a|Scope_TrialNumber_0_65.00W_0.60Torr_0.00NitrogenFlow_2435.00MHz.csv,3,full 3,1.1688385650634547,0.0008329778029969607,0.44874486883736364,0.0002867681655920246,0.3606722699024895,0.00021911102719072387,0.49636003716287913,0.0003537331036206688,0.0013473241869253715,7.76870217260821e-05,30.93441164512151,0.000807013990337709,19702,0.17994453915564573
65,0.6,0.0,2435.0,0,4f9f288a,0.605,64.96666666666665,0.0942809041582043,0.5321580991907802,-0.002,80.0,Scope_TrialNumber_0_65.00W_0.60Torr_0.00NitrogenFlow_2435.00MHz.csv,G:\My Drive\MiniChamberData\Data\NafisaData\LAS_0.6Torr_2Nitrogen_Freq_Sweep_4\LAS_DataFrame_4f9f288a_Laser_True_20260807_154812.csv,7f72a6df,4f9f288a|Scope_TrialNumber_0_65.00W_0.60Torr_0.00NitrogenFlow_2435.00MHz.csv,5,full 5,1.2555457389359044,0.0008535119459632002,0.4814737841638441,0.0002941279593227193,0.36025324090817185,0.00020739767974181154,0.5331811836684968,0.0003624531512563978,0.001422888927991708,6.246993801372479e-05,28.299884793172232,0.0008041386206014723,19744,0.17986733909010455
65,0.6,0.0,2435.0,0,4f9f288a,0.605,64.96666666666665,0.0942809041582043,0.5321580991907802,-0.002,80.0,Scope_TrialNumber_0_65.00W_0.60Torr_0.00NitrogenFlow_2435.00MHz.csv,G:\My Drive\MiniChamberData\Data\NafisaData\LAS_0.6Torr_2Nitrogen_Freq_Sweep_4\LAS_DataFrame_4f9f288a_Laser_True_20260807_154812.csv,7f72a6df,4f9f288a|Scope_TrialNumber_0_65.00W_0.60Torr_0.00NitrogenFlow_2435.00MHz.csv,7,full 7,1.2738238005299816,0.001228911653826618,0.4937716098295392,0.0004262990389048824,0.3641535487438794,0.00030594749456750353,0.5409431617579252,0.000521870729111475,0.0008241439663440411,0.00010153154213473252,56.21189434220364,0.0008194113610051913,19745,0.17990422036243864
65,0.6,0.0,2435.0,0,4f9f288a,0.605,64.96666666666665,0.0942809041582043,0.5321580991907802,-0.002,80.0,Scope_TrialNumber_0_65.00W_0.60Torr_0.00NitrogenFlow_2435.00MHz.csv,G:\My Drive\MiniChamberData\Data\NafisaData\LAS_0.6Torr_2Nitrogen_Freq_Sweep_4\LAS_DataFrame_4f9f288a_Laser_True_20260807_154812.csv,7f72a6df,4f9f288a|Scope_TrialNumber_0_65.00W_0.60Torr_0.00NitrogenFlow_2435.00MHz.csv,9,trailing partial,1.2443054942930531,0.000964881216588786,0.4759301055992007,0.0003321004260277839,0.3593221160767858,0.00023898166791957442,0.5284078912606247,0.0004097473259686409,0.0007077816169837894,0.00014173416388757034,36.44096603441509,0.0008075215502517655,18679,0.17989665711240602
65,0.6,0.0,2440.0,0,4f9f288a,0.605,65.19999999999999,0.2160246899469339,0.5416205010737536,-0.001,80.0,Scope_TrialNumber_0_65.00W_0.60Torr_0.00NitrogenFlow_2440.00MHz.csv,G:\My Drive\MiniChamberData\Data\NafisaData\LAS_0.6Torr_2Nitrogen_Freq_Sweep_4\LAS_DataFrame_4f9f288a_Laser_True_20260807_154812.csv,7f72a6df,4f9f288a|Scope_TrialNumber_0_65.00W_0.60Torr_0.00NitrogenFlow_2440.00MHz.csv,1,full 1,1.1370071796119963,0.0007606656884961728,0.4277585199497639,0.0002576282230422907,0.35342987021359784,0.00019762858190339232,0.4828424923642318,0.0003230249759854475,-0.0003235444809090538,0.00011494439991558165,25.15778175619096,0.0008221972488499306,19611,0.18088487747739843
65,0.6,0.0,2440.0,0,4f9f288a,0.605,65.19999999999999,0.2160246899469339,0.5416205010737536,-0.001,80.0,Scope_TrialNumber_0_65.00W_0.60Torr_0.00NitrogenFlow_2440.00MHz.csv,G:\My Drive\MiniChamberData\Data\NafisaData\LAS_0.6Torr_2Nitrogen_Freq_Sweep_4\LAS_DataFrame_4f9f288a_Laser_True_20260807_154812.csv,7f72a6df,4f9f288a|Scope_TrialNumber_0_65.00W_0.60Torr_0.00NitrogenFlow_2440.00MHz.csv,3,full 3,1.1543262560236844,0.0007653118664101121,0.43316357789696314,0.0002585813290801775,0.3525259957727048,0.00019496886118090806,0.4901972269428822,0.00032499802608061017,-6.050940854804688e-07,0.00010220141563025918,26.403515482560636,0.0007933395352263116,19683,0.18094734640547452
65,0.6,0.0,2440.0,0,4f9f288a,0.605,65.19999999999999,0.2160246899469339,0.5416205010737536,-0.001,80.0,Scope_TrialNumber_0_65.00W_0.60Torr_0.00NitrogenFlow_2440.00MHz.csv,G:\My Drive\MiniChamberData\Data\NafisaData\LAS_0.6Torr_2Nitrogen_Freq_Sweep_4\LAS_DataFrame_4f9f288a_Laser_True_20260807_154812.csv,7f72a6df,4f9f288a|Scope_TrialNumber_0_65.00W_0.60Torr_0.00NitrogenFlow_2440.00MHz.csv,5,full 5,1.2241182404223387,0.0013097002396141645,0.4668932290335759,0.00044737374889064084,0.35831253063859775,0.00033295391465771354,0.5198351538604514,0.000556178482673376,-0.00011378251920808095,0.00010622235611472653,71.07601845162833,0.0007954311215221213,19699,0.1810175009712753
65,0.6,0.0,2440.0,0,4f9f288a,0.605,65.19999999999999,0.2160246899469339,0.5416205010737536,-0.001,80.0,Scope_TrialNumber_0_65.00W_0.60Torr_0.00NitrogenFlow_2440.00MHz.csv,G:\My Drive\MiniChamberData\Data\NafisaData\LAS_0.6Torr_2Nitrogen_Freq_Sweep_4\LAS_DataFrame_4f9f288a_Laser_True_20260807_154812.csv,7f72a6df,4f9f288a|Scope_TrialNumber_0_65.00W_0.60Torr_0.00NitrogenFlow_2440.00MHz.csv,7,full 7,1.2532500058401892,0.0008381606171238023,0.4752880959962245,0.0002857312384703677,0.35627636418935604,0.00020167866571405067,0.53220627558558,0.0003559340421330524,-0.0003423534114719726,0.00011145620973778676,27.62618689558953,0.0007944232482455608,19721,0.18101114199000737
65,0.6,0.0,2440.0,0,4f9f288a,0.605,65.19999999999999,0.2160246899469339,0.5416205010737536,-0.001,80.0,Scope_TrialNumber_0_65.00W_0.60Torr_0.00NitrogenFlow_2440.00MHz.csv,G:\My Drive\MiniChamberData\Data\NafisaData\LAS_0.6Torr_2Nitrogen_Freq_Sweep_4\LAS_DataFrame_4f9f288a_Laser_True_20260807_154812.csv,7f72a6df,4f9f288a|Scope_TrialNumber_0_65.00W_0.60Torr_0.00NitrogenFlow_2440.00MHz.csv,9,trailing partial,1.226908259953191,0.0010239057640979016,0.4683226162455085,0.000350894168371496,0.3585921934994284,0.0002573881654985258,0.5210199660658426,0.0004348127434444548,-0.0006279924572512786,0.00015618398763390405,43.214679290286576,0.0007954186110658208,18800,0.18101097451460396
65,0.6,0.0,2445.0,0,4f9f288a,0.605,64.96666666666665,0.205480466765627,0.5586032409271904,-0.005,80.0,Scope_TrialNumber_0_65.00W_0.60Torr_0.00NitrogenFlow_2445.00MHz.csv,G:\My Drive\MiniChamberData\Data\NafisaData\LAS_0.6Torr_2Nitrogen_Freq_Sweep_4\LAS_DataFrame_4f9f288a_Laser_True_20260807_154812.csv,7f72a6df,4f9f288a|Scope_TrialNumber_0_65.00W_0.60Torr_0.00NitrogenFlow_2445.00MHz.csv,1,full 1,1.2283935791536855,0.0008846673579308457,0.4520105975385596,0.0002929122095249737,0.3456836741100396,0.0002091187293530586,0.5216507230545258,0.0003756836365469356,-0.0007687667063709459,0.00014815211248505247,28.777704526432935,0.0008114074123539999,19720,0.1869668290111083
65,0.6,0.0,2445.0,0,4f9f288a,0.605,64.96666666666665,0.205480466765627,0.5586032409271904,-0.005,80.0,Scope_TrialNumber_0_65.00W_0.60Torr_0.00NitrogenFlow_2445.00MHz.csv,G:\My Drive\MiniChamberData\Data\NafisaData\LAS_0.6Torr_2Nitrogen_Freq_Sweep_4\LAS_DataFrame_4f9f288a_Laser_True_20260807_154812.csv,7f72a6df,4f9f288a|Scope_TrialNumber_0_65.00W_0.60Torr_0.00NitrogenFlow_2445.00MHz.csv,3,full 3,1.343461109420589,0.0010366133605052296,0.4988444873454049,0.0003455087229202559,0.3488252130262282,0.00023006805126007433,0.570515404035017,0.00044020916277345747,-0.0006236488525210711,0.00014363273310043253,32.50378340021075,0.0008288725652804186,19717,0.18707096827236283
65,0.6,0.0,2445.0,0,4f9f288a,0.605,64.96666666666665,0.205480466765627,0.5586032409271904,-0.005,80.0,Scope_TrialNumber_0_65.00W_0.60Torr_0.00NitrogenFlow_2445.00MHz.csv,G:\My Drive\MiniChamberData\Data\NafisaData\LAS_0.6Torr_2Nitrogen_Freq_Sweep_4\LAS_DataFrame_4f9f288a_Laser_True_20260807_154812.csv,7f72a6df,4f9f288a|Scope_TrialNumber_0_65.00W_0.60Torr_0.00NitrogenFlow_2445.00MHz.csv,5,full 5,1.1959090763108495,0.0011757699965100296,0.4470775055207233,0.0003942126619263609,0.35119833394846384,0.00029599222726720486,0.5078558248365563,0.0004993035450802681,-0.0006080627390161718,0.000147979570023848,55.221632576050595,0.0008126136463081459,19637,0.18705938622316878
65,0.6,0.0,2445.0,0,4f9f288a,0.605,64.96666666666665,0.205480466765627,0.5586032409271904,-0.005,80.0,Scope_TrialNumber_0_65.00W_0.60Torr_0.00NitrogenFlow_2445.00MHz.csv,G:\My Drive\MiniChamberData\Data\NafisaData\LAS_0.6Torr_2Nitrogen_Freq_Sweep_4\LAS_DataFrame_4f9f288a_Laser_True_20260807_154812.csv,7f72a6df,4f9f288a|Scope_TrialNumber_0_65.00W_0.60Torr_0.00NitrogenFlow_2445.00MHz.csv,7,full 7,1.2480496673683674,0.0009046456155744521,0.46394736112494095,0.00030212090757666504,0.34922444017322596,0.00021426653949313087,0.5299978951690826,0.00038416762142117844,-0.0008963103802069736,0.00016140716784301647,30.247410214333726,0.0008058061355511065,19712,0.1870455504050781
65,0.6,0.0,2445.0,0,4f9f288a,0.605,64.96666666666665,0.205480466765627,0.5586032409271904,-0.005,80.0,Scope_TrialNumber_0_65.00W_0.60Torr_0.00NitrogenFlow_2445.00MHz.csv,G:\My Drive\MiniChamberData\Data\NafisaData\LAS_0.6Torr_2Nitrogen_Freq_Sweep_4\LAS_DataFrame_4f9f288a_Laser_True_20260807_154812.csv,7f72a6df,4f9f288a|Scope_TrialNumber_0_65.00W_0.60Torr_0.00NitrogenFlow_2445.00MHz.csv,9,trailing partial,1.149928994918037,0.0008352776889306132,0.42729565295860855,0.0002794613050126101,0.3490802190305998,0.000215608997630576,0.48832988208358974,0.0003547097752514822,-0.0009613549404966219,0.0001967399954847784,29.541882560683383,0.0008161268744290664,18762,0.18697424402805865
65,0.6,0.0,2450.0,0,4f9f288a,0.605,65.03333333333332,0.2494438257849329,0.6546223037355704,0.004,80.0,Scope_TrialNumber_0_65.00W_0.60Torr_0.00NitrogenFlow_2450.00MHz.csv,G:\My Drive\MiniChamberData\Data\NafisaData\LAS_0.6Torr_2Nitrogen_Freq_Sweep_4\LAS_DataFrame_4f9f288a_Laser_True_20260807_154812.csv,7f72a6df,4f9f288a|Scope_TrialNumber_0_65.00W_0.60Torr_0.00NitrogenFlow_2450.00MHz.csv,1,full 1,1.1758052214820358,0.0009930309615136944,0.413870313012276,0.0003133289986651923,0.3306714356147854,0.00023834767896292828,0.4993185037485878,0.00042170142198727674,-3.282051169679829e-05,5.0763735602993064e-05,32.15648606408696,0.0008583293338520147,19653,0.159212432994339
65,0.6,0.0,2450.0,0,4f9f288a,0.605,65.03333333333332,0.2494438257849329,0.6546223037355704,0.004,80.0,Scope_TrialNumber_0_65.00W_0.60Torr_0.00NitrogenFlow_2450.00MHz.csv,G:\My Drive\MiniChamberData\Data\NafisaData\LAS_0.6Torr_2Nitrogen_Freq_Sweep_4\LAS_DataFrame_4f9f288a_Laser_True_20260807_154812.csv,7f72a6df,4f9f288a|Scope_TrialNumber_0_65.00W_0.60Torr_0.00NitrogenFlow_2450.00MHz.csv,3,full 3,1.1878527665693082,0.0009892025476972938,0.4156429576847832,0.0003102582362891361,0.3287196023508896,0.00023359100878501585,0.5044346250898745,0.0004200756443298803,0.00040531084237654453,2.846144184776128e-05,32.50306172378339,0.0008365177672885904,19764,0.1591682009084381
65,0.6,0.0,2450.0,0,4f9f288a,0.605,65.03333333333332,0.2494438257849329,0.6546223037355704,0.004,80.0,Scope_TrialNumber_0_65.00W_0.60Torr_0.00NitrogenFlow_2450.00MHz.csv,G:\My Drive\MiniChamberData\Data\NafisaData\LAS_0.6Torr_2Nitrogen_Freq_Sweep_4\LAS_DataFrame_4f9f288a_Laser_True_20260807_154812.csv,7f72a6df,4f9f288a|Scope_TrialNumber_0_65.00W_0.60Torr_0.00NitrogenFlow_2450.00MHz.csv,5,full 5,1.2650836033793575,0.001289952800316449,0.44602860184921655,0.0004089560107273507,0.33121597246548856,0.00028826546926212575,0.5372315417685051,0.000547792517325669,-0.0011469454623650923,0.00012016845145118727,49.85790072734654,0.0008304646887511448,19194,0.15915972474450177
65,0.6,0.0,2450.0,0,4f9f288a,0.605,65.03333333333332,0.2494438257849329,0.6546223037355704,0.004,80.0,Scope_TrialNumber_0_65.00W_0.60Torr_0.00NitrogenFlow_2450.00MHz.csv,G:\My Drive\MiniChamberData\Data\NafisaData\LAS_0.6Torr_2Nitrogen_Freq_Sweep_4\LAS_DataFrame_4f9f288a_Laser_True_20260807_154812.csv,7f72a6df,4f9f288a|Scope_TrialNumber_0_65.00W_0.60Torr_0.00NitrogenFlow_2450.00MHz.csv,7,full 7,1.183307694439654,0.0010259605052731324,0.4177273102214962,0.0003245029940883915,0.33163699466928503,0.0002464294119228796,0.502504510668076,0.00043568531168149127,-0.0013358844215809432,0.00011965213418981623,34.28506986086553,0.0008535184830810937,19232,0.15913896681862966
65,0.6,0.0,2450.0,0,4f9f288a,0.605,65.03333333333332,0.2494438257849329,0.6546223037355704,0.004,80.0,Scope_TrialNumber_0_65.00W_0.60Torr_0.00NitrogenFlow_2450.00MHz.csv,G:\My Drive\MiniChamberData\Data\NafisaData\LAS_0.6Torr_2Nitrogen_Freq_Sweep_4\LAS_DataFrame_4f9f288a_Laser_True_20260807_154812.csv,7f72a6df,4f9f288a|Scope_TrialNumber_0_65.00W_0.60Torr_0.00NitrogenFlow_2450.00MHz.csv,9,trailing partial,1.2032718218300555,0.0012067532140047138,0.4214070310165774,0.0003796604079636019,0.3290075170554655,0.0002825959873954336,0.5109824949762737,0.0005124609061109183,-0.0002299847220479314,8.05913775880628e-05,44.80240076119359,0.0008554080067540741,18834,0.15914322877235484
65,0.6,0.0,2455.0,0,4f9f288a,0.605,65.06666666666666,0.1247219128924626,0.6769265326661257,0.018,79.99,Scope_TrialNumber_0_65.00W_0.60Torr_0.00NitrogenFlow_2455.00MHz.csv,G:\My Drive\MiniChamberData\Data\NafisaData\LAS_0.6Torr_2Nitrogen_Freq_Sweep_4\LAS_DataFrame_4f9f288a_Laser_True_20260807_154812.csv,7f72a6df,4f9f288a|Scope_TrialNumber_0_65.00W_0.60Torr_0.00NitrogenFlow_2455.00MHz.csv,1,full 1,1.2416491630056405,0.0008594576454331665,0.4344966573616415,0.00026992518222788064,0.3287421032909448,0.00019351593326871917,0.5272798512250313,0.0003649780573452995,-0.0012302583865702113,0.00012649790411652212,23.012734969448125,0.0008258896447013931,19744,0.15795568550976663
65,0.6,0.0,2455.0,0,4f9f288a,0.605,65.06666666666666,0.1247219128924626,0.6769265326661257,0.018,79.99,Scope_TrialNumber_0_65.00W_0.60Torr_0.00NitrogenFlow_2455.00MHz.csv,G:\My Drive\MiniChamberData\Data\NafisaData\LAS_0.6Torr_2Nitrogen_Freq_Sweep_4\LAS_DataFrame_4f9f288a_Laser_True_20260807_154812.csv,7f72a6df,4f9f288a|Scope_TrialNumber_0_65.00W_0.60Torr_0.00NitrogenFlow_2455.00MHz.csv,3,full 3,1.217078180304342,0.0007394618686630553,0.42547152747738454,0.00023373920761160635,0.3284126035663447,0.00016753710269389318,0.516845515593675,0.0003140205427686244,-0.0010303449411331253,0.00010733710666354501,17.011287466147994,0.0008431404194911206,19760,0.15781606292431902
65,0.6,0.0,2455.0,0,4f9f288a,0.605,65.06666666666666,0.1247219128924626,0.6769265326661257,0.018,79.99,Scope_TrialNumber_0_65.00W_0.60Torr_0.00NitrogenFlow_2455.00MHz.csv,G:\My Drive\MiniChamberData\Data\NafisaData\LAS_0.6Torr_2Nitrogen_Freq_Sweep_4\LAS_DataFrame_4f9f288a_Laser_True_20260807_154812.csv,7f72a6df,4f9f288a|Scope_TrialNumber_0_65.00W_0.60Torr_0.00NitrogenFlow_2455.00MHz.csv,5,full 5,1.2678719971286676,0.0008955621449389984,0.45086664317860314,0.0002854765045897954,0.334072314305692,0.00020161454211692584,0.538415663568043,0.000380310226604695,-0.0009330636967016051,0.00010402926564844086,24.10571442303417,0.000838499529621555,19760,0.15791138092378523
65,0.6,0.0,2455.0,0,4f9f288a,0.605,65.06666666666666,0.1247219128924626,0.6769265326661257,0.018,79.99,Scope_TrialNumber_0_65.00W_0.60Torr_0.00NitrogenFlow_2455.00MHz.csv,G:\My Drive\MiniChamberData\Data\NafisaData\LAS_0.6Torr_2Nitrogen_Freq_Sweep_4\LAS_DataFrame_4f9f288a_Laser_True_20260807_154812.csv,7f72a6df,4f9f288a|Scope_TrialNumber_0_65.00W_0.60Torr_0.00NitrogenFlow_2455.00MHz.csv,7,full 7,1.1602478577303303,0.0008644729460370059,0.41253816042453884,0.00027514335515515305,0.3340266687043225,0.00021303894553303002,0.4927118996539208,0.0003671078594142187,-0.001168989465520087,0.00012011748371126096,25.847083189610526,0.000850776034611577,19755,0.15788000008340425
65,0.6,0.0,2455.0,0,4f9f288a,0.605,65.06666666666666,0.1247219128924626,0.6769265326661257,0.018,79.99,Scope_TrialNumber_0_65.00W_0.60Torr_0.00NitrogenFlow_2455.00MHz.csv,G:\My Drive\MiniChamberData\Data\NafisaData\LAS_0.6Torr_2Nitrogen_Freq_Sweep_4\LAS_DataFrame_4f9f288a_Laser_True_20260807_154812.csv,7f72a6df,4f9f288a|Scope_TrialNumber_0_65.00W_0.60Torr_0.00NitrogenFlow_2455.00MHz.csv,9,trailing partial,1.177455079663564,0.0008139089364035647,0.4152529031091674,0.00025819722164230005,0.3313112015963031,0.0001945420290895559,0.5000191340090656,0.0003456353015683912,-0.001389453147532647,0.000160162855000183,21.525151234443737,0.0008569194478678724,18818,0.15787570745695886
65,0.6,0.0,2460.0,0,4f9f288a,0.605,65.16666666666667,0.3299831645537211,0.6907496905279874,0.011,80.0,Scope_TrialNumber_0_65.00W_0.60Torr_0.00NitrogenFlow_2460.00MHz.csv,G:\My Drive\MiniChamberData\Data\NafisaData\LAS_0.6Torr_2Nitrogen_Freq_Sweep_4\LAS_DataFrame_4f9f288a_Laser_True_20260807_154812.csv,7f72a6df,4f9f288a|Scope_TrialNumber_0_65.00W_0.60Torr_0.00NitrogenFlow_2460.00MHz.csv,1,full 1,1.2937450952673455,0.0011983811935908448,0.44659038333295176,0.0003708437797519294,0.3242861796705369,0.00025729648509884945,0.5494029567131283,0.0005089056363859407,-0.0006999558330870595,4.776489810848751e-05,38.18952123711468,0.0008467458366547471,19735,0.15976684255961338
65,0.6,0.0,2460.0,0,4f9f288a,0.605,65.16666666666667,0.3299831645537211,0.6907496905279874,0.011,80.0,Scope_TrialNumber_0_65.00W_0.60Torr_0.00NitrogenFlow_2460.00MHz.csv,G:\My Drive\MiniChamberData\Data\NafisaData\LAS_0.6Torr_2Nitrogen_Freq_Sweep_4\LAS_DataFrame_4f9f288a_Laser_True_20260807_154812.csv,7f72a6df,4f9f288a|Scope_TrialNumber_0_65.00W_0.60Torr_0.00NitrogenFlow_2460.00MHz.csv,3,full 3,1.2291509892239598,0.0011641523607362457,0.4234420175089288,0.000359162337656735,0.32363576167874425,0.00026293126968720816,0.5219723654967465,0.0004943699894150278,-0.000620113467066637,5.096012589641465e-05,40.33703480485067,0.0008390501760393397,19750,0.1597054259864576
65,0.6,0.0,2460.0,0,4f9f288a,0.605,65.16666666666667,0.3299831645537211,0.6907496905279874,0.011,80.0,Scope_TrialNumber_0_65.00W_0.60Torr_0.00NitrogenFlow_2460.00MHz.csv,G:\My Drive\MiniChamberData\Data\NafisaData\LAS_0.6Torr_2Nitrogen_Freq_Sweep_4\LAS_DataFrame_4f9f288a_Laser_True_20260807_154812.csv,7f72a6df,4f9f288a|Scope_TrialNumber_0_65.00W_0.60Torr_0.00NitrogenFlow_2460.00MHz.csv,5,full 5,1.225736052517817,0.0009508202759675349,0.41785668403434784,0.00029293780867498706,0.32025666972048356,0.00020870298334916816,0.5205221754011811,0.0004037761942675489,-0.0008265150466758783,7.574907891504308e-05,26.182090816202887,0.0008418357245049786,18849,0.15973347406948202
65,0.6,0.0,2460.0,0,4f9f288a,0.605,65.16666666666667,0.3299831645537211,0.6907496905279874,0.011,80.0,Scope_TrialNumber_0_65.00W_0.60Torr_0.00NitrogenFlow_2460.00MHz.csv,G:\My Drive\MiniChamberData\Data\NafisaData\LAS_0.6Torr_2Nitrogen_Freq_Sweep_4\LAS_DataFrame_4f9f288a_Laser_True_20260807_154812.csv,7f72a6df,4f9f288a|Scope_TrialNumber_0_65.00W_0.60Torr_0.00NitrogenFlow_2460.00MHz.csv,7,full 7,1.2065108433157263,0.0014971550175477998,0.4199754129091227,0.00047042366378682925,0.32700954260786796,0.00034770023943161597,0.5123579807559644,0.000635783197406969,-0.0017383142551276713,0.00014433896859329632,62.36269549182282,0.0008865171065146265,18825,0.15981611154944395
65,0.6,0.0,2460.0,0,4f9f288a,0.605,65.16666666666667,0.3299831645537211,0.6907496905279874,0.011,80.0,Scope_TrialNumber_0_65.00W_0.60Torr_0.00NitrogenFlow_2460.00MHz.csv,G:\My Drive\MiniChamberData\Data\NafisaData\LAS_0.6Torr_2Nitrogen_Freq_Sweep_4\LAS_DataFrame_4f9f288a_Laser_True_20260807_154812.csv,7f72a6df,4f9f288a|Scope_TrialNumber_0_65.00W_0.60Torr_0.00NitrogenFlow_2460.00MHz.csv,9,trailing partial,1.1518376430559667,0.0009057036540983764,0.3952420418652377,0.0002797908397667621,0.3223588936132132,0.00021553412519718592,0.4891404103199012,0.00038461692901313514,-0.0009945163756460442,9.552801962512952e-05,27.501657564951795,0.0008394693992457514,18807,0.1598618912084953
70,0.6,0.0,2410.0,0,4f9f288a,0.605,69.96666666666668,0.124721912892469,0.6497994994171218,-0.005,79.99,Scope_TrialNumber_0_70.00W_0.60Torr_0.00NitrogenFlow_2410.00MHz.csv,G:\My Drive\MiniChamberData\Data\NafisaData\LAS_0.6Torr_2Nitrogen_Freq_Sweep_4\LAS_DataFrame_4f9f288a_Laser_True_20260807_154812.csv,7f72a6df,4f9f288a|Scope_TrialNumber_0_70.00W_0.60Torr_0.00NitrogenFlow_2410.00MHz.csv,1,full 1,1.2417079342560207,0.0010557156005918137,0.4487896054037472,0.00034179855387337,0.3395401398170154,0.0002477369060265493,0.5273048090771203,0.0004483211372433933,-0.001359226530943728,0.00016543363423611012,40.20879691066966,0.0008006435301164172,19706,0.19466435648727576
70,0.6,0.0,2410.0,0,4f9f288a,0.605,69.96666666666668,0.124721912892469,0.6497994994171218,-0.005,79.99,Scope_TrialNumber_0_70.00W_0.60Torr_0.00NitrogenFlow_2410.00MHz.csv,G:\My Drive\MiniChamberData\Data\NafisaData\LAS_0.6Torr_2Nitrogen_Freq_Sweep_4\LAS_DataFrame_4f9f288a_Laser_True_20260807_154812.csv,7f72a6df,4f9f288a|Scope_TrialNumber_0_70.00W_0.60Torr_0.00NitrogenFlow_2410.00MHz.csv,3,full 3,1.1936259338738506,0.0008178355443496318,0.4231900089398765,0.0002617534645378442,0.3330695648351884,0.00018885889815884425,0.5068862635141034,0.0003473027784332807,-0.0007794077892135442,0.00013956235606104645,24.185727896811297,0.0008088540952942762,19729,0.1946864023286277
70,0.6,0.0,2410.0,0,4f9f288a,0.605,69.96666666666668,0.124721912892469,0.6497994994171218,-0.005,79.99,Scope_TrialNumber_0_70.00W_0.60Torr_0.00NitrogenFlow_2410.00MHz.csv,G:\My Drive\MiniChamberData\Data\NafisaData\LAS_0.6Torr_2Nitrogen_Freq_Sweep_4\LAS_DataFrame_4f9f288a_Laser_True_20260807_154812.csv,7f72a6df,4f9f288a|Scope_TrialNumber_0_70.00W_0.60Torr_0.00NitrogenFlow_2410.00MHz.csv,5,full 5,1.1925648950480554,0.000892414750471778,0.4259506804828503,0.00028604572063542966,0.33554060646481554,0.00021343063840536914,0.5064356818112534,0.0003789736512371369,-0.0011455738381106328,0.0001552311179645952,30.56356386948702,0.0007972199859633122,19740,0.1946016652274396
70,0.6,0.0,2410.0,0,4f9f288a,0.605,69.96666666666668,0.124721912892469,0.6497994994171218,-0.005,79.99,Scope_TrialNumber_0_70.00W_0.60Torr_0.00NitrogenFlow_2410.00MHz.csv,G:\My Drive\MiniChamberData\Data\NafisaData\LAS_0.6Torr_2Nitrogen_Freq_Sweep_4\LAS_DataFrame_4f9f288a_Laser_True_20260807_154812.csv,7f72a6df,4f9f288a|Scope_TrialNumber_0_70.00W_0.60Torr_0.00NitrogenFlow_2410.00MHz.csv,7,full 7,1.2839512044008767,0.0010288130688267704,0.46014482795263595,0.0003305088778834501,0.3366772845399953,0.00023122829642190218,0.5452438742018615,0.00043689668388789714,-0.0011946543089310204,0.0001597139158729684,33.86057737445435,0.0008158388137736904,19754,0.19466212319366574
70,0.6,0.0,2410.0,0,4f9f288a,0.605,69.96666666666668,0.124721912892469,0.6497994994171218,-0.005,79.99,Scope_TrialNumber_0_70.00W_0.60Torr_0.00NitrogenFlow_2410.00MHz.csv,G:\My Drive\MiniChamberData\Data\NafisaData\LAS_0.6Torr_2Nitrogen_Freq_Sweep_4\LAS_DataFrame_4f9f288a_Laser_True_20260807_154812.csv,7f72a6df,4f9f288a|Scope_TrialNumber_0_70.00W_0.60Torr_0.00NitrogenFlow_2410.00MHz.csv,9,trailing partial,1.2418278765456232,0.0008362678670871001,0.4366308438028312,0.0002658419695798698,0.3303092960350327,0.000184203188247848,0.5273557438777883,0.00035513026519871883,-0.0014796009963994325,0.00022441163383201217,22.586514496646263,0.0008127715523915442,18736,0.1946368629150904
70,0.6,0.0,2415.0,0,4f9f288a,0.605,70.1,0.0816496580927679,0.6258339969525247,-0.002,79.99,Scope_TrialNumber_0_70.00W_0.60Torr_0.00NitrogenFlow_2415.00MHz.csv,G:\My Drive\MiniChamberData\Data\NafisaData\LAS_0.6Torr_2Nitrogen_Freq_Sweep_4\LAS_DataFrame_4f9f288a_Laser_True_20260807_154812.csv,7f72a6df,4f9f288a|Scope_TrialNumber_0_70.00W_0.60Torr_0.00NitrogenFlow_2415.00MHz.csv,0,full 0,1.202008712935521,0.000857942686741987,0.4183785659643464,0.00027043832904174786,0.3269863331655333,0.0001927107689893275,0.5104461020161407,0.00036433471362382216,0.0005525619494868045,7.043210142586245e-05,25.403398439963752,0.000807128166414743,19631,0.1967814432388286
70,0.6,0.0,2415.0,0,4f9f288a,0.605,70.1,0.0816496580927679,0.6258339969525247,-0.002,79.99,Scope_TrialNumber_0_70.00W_0.60Torr_0.00NitrogenFlow_2415.00MHz.csv,G:\My Drive\MiniChamberData\Data\NafisaData\LAS_0.6Torr_2Nitrogen_Freq_Sweep_4\LAS_DataFrame_4f9f288a_Laser_True_20260807_154812.csv,7f72a6df,4f9f288a|Scope_TrialNumber_0_70.00W_0.60Torr_0.00NitrogenFlow_2415.00MHz.csv,1,full 1,1.2322071435642705,0.0011791971449656897,0.4393955853209531,0.00037784974928337155,0.33499610443138633,0.00027630063672377743,0.5232701947498819,0.0005007589210283759,0.0003300181284904624,0.0001150371316650558,49.86251128618691,0.0007944297477259201,18755,0.19673243619791667
70,0.6,0.0,2415.0,0,4f9f288a,0.605,70.1,0.0816496580927679,0.6258339969525247,-0.002,79.99,Scope_TrialNumber_0_70.00W_0.60Torr_0.00NitrogenFlow_2415.00MHz.csv,G:\My Drive\MiniChamberData\Data\NafisaData\LAS_0.6Torr_2Nitrogen_Freq_Sweep_4\LAS_DataFrame_4f9f288a_Laser_True_20260807_154812.csv,7f72a6df,4f9f288a|Scope_TrialNumber_0_70.00W_0.60Torr_0.00NitrogenFlow_2415.00MHz.csv,2,full 2,1.2018570145028598,0.001195495926489254,0.42969817837457985,0.0003822790831500179,0.3358756345249522,0.00029019017233431984,0.5103816816231763,0.0005076803762614232,0.001072146354775189,4.635279060240391e-05,52.08363119027285,0.0008116710325406886,19906,0.19675152473958335
70,0.6,0.0,2415.0,0,4f9f288a,0.605,70.1,0.0816496580927679,0.6258339969525247,-0.002,79.99,Scope_TrialNumber_0_70.00W_0.60Torr_0.00NitrogenFlow_2415.00MHz.csv,G:\My Drive\MiniChamberData\Data\NafisaData\LAS_0.6Torr_2Nitrogen_Freq_Sweep_4\LAS_DataFrame_4f9f288a_Laser_True_20260807_154812.csv,7f72a6df,4f9f288a|Scope_TrialNumber_0_70.00W_0.60Torr_0.00NitrogenFlow_2415.00MHz.csv,3,full 3,1.1665836067692277,0.0009205532471430024,0.41432677086692843,0.00029289182423457034,0.33365290910747314,0.00022539172554260966,0.49540244454386545,0.00039092297056223825,0.000615629795066384,6.634983375798866e-05,32.78972838780085,0.0008066438459523244,19746,0.1967571822916667
70,0.6,0.0,2415.0,0,4f9f288a,0.605,70.1,0.0816496580927679,0.6258339969525247,-0.002,79.99,Scope_TrialNumber_0_70.00W_0.60Torr_0.00NitrogenFlow_2415.00MHz.csv,G:\My Drive\MiniChamberData\Data\NafisaData\LAS_0.6Torr_2Nitrogen_Freq_Sweep_4\LAS_DataFrame_4f9f288a_Laser_True_20260807_154812.csv,7f72a6df,4f9f288a|Scope_TrialNumber_0_70.00W_0.60Torr_0.00NitrogenFlow_2415.00MHz.csv,4,trailing partial,1.277024907216346,0.0011355228550382283,0.45249434617589745,0.0003616111372197944,0.3328753063439247,0.00025411107940222775,0.5423025466048137,0.0004822121577546297,0.00045138792217615687,0.00011529289972033852,41.36328933196682,0.0008053652397073533,18735,0.19669689852387673
70,0.6,0.0,2420.0,0,4f9f288a,0.605,69.96666666666667,0.0942809041582009,0.5874400566501244,0.009,80.0,Scope_TrialNumber_0_70.00W_0.60Torr_0.00NitrogenFlow_2420.00MHz.csv,G:\My Drive\MiniChamberData\Data\NafisaData\LAS_0.6Torr_2Nitrogen_Freq_Sweep_4\LAS_DataFrame_4f9f288a_Laser_True_20260807_154812.csv,7f72a6df,4f9f288a|Scope_TrialNumber_0_70.00W_0.60Torr_0.00NitrogenFlow_2420.00MHz.csv,1,full 1,1.3098924226794906,0.0012348655438359272,0.46343263216341385,0.0003913671560163522,0.3323676687354508,0.00027203805321119196,0.5562600953068899,0.0005243991134021867,0.00017877074488473622,0.00014633917525454004,47.149307662167665,0.0008039985015310113,19749,0.19849783455894635
70,0.6,0.0,2420.0,0,4f9f288a,0.605,69.96666666666667,0.0942809041582009,0.5874400566501244,0.009,80.0,Scope_TrialNumber_0_70.00W_0.60Torr_0.00NitrogenFlow_2420.00MHz.csv,G:\My Drive\MiniChamberData\Data\NafisaData\LAS_0.6Torr_2Nitrogen_Freq_Sweep_4\LAS_DataFrame_4f9f288a_Laser_True_20260807_154812.csv,7f72a6df,4f9f288a|Scope_TrialNumber_0_70.00W_0.60Torr_0.00NitrogenFlow_2420.00MHz.csv,3,full 3,1.2200429072185142,0.001076878177714944,0.4329671003476774,0.00034203879618091066,0.33338617200308945,0.0002535057518299668,0.5181045191937286,0.00045730805629386873,0.0005672295845161306,0.00012585892262799976,42.47996066993902,0.00079278543130212,19787,0.1985016137064041
70,0.6,0.0,2420.0,0,4f9f288a,0.605,69.96666666666667,0.0942809041582009,0.5874400566501244,0.009,80.0,Scope_TrialNumber_0_70.00W_0.60Torr_0.00NitrogenFlow_2420.00MHz.csv,G:\My Drive\MiniChamberData\Data\NafisaData\LAS_0.6Torr_2Nitrogen_Freq_Sweep_4\LAS_DataFrame_4f9f288a_Laser_True_20260807_154812.csv,7f72a6df,4f9f288a|Scope_TrialNumber_0_70.00W_0.60Torr_0.00NitrogenFlow_2420.00MHz.csv,5,full 5,1.3133286532406478,0.0011451614755995287,0.46831094643845267,0.00036614115987298557,0.3349875600610871,0.00025349520180439195,0.5577193280700933,0.00048630530303833805,0.0003497778529100885,0.00013073407026582712,41.142831586496605,0.0008039087599617884,19776,0.1985220884383143
70,0.6,0.0,2420.0,0,4f9f288a,0.605,69.96666666666667,0.0942809041582009,0.5874400566501244,0.009,80.0,Scope_TrialNumber_0_70.00W_0.60Torr_0.00NitrogenFlow_2420.00MHz.csv,G:\My Drive\MiniChamberData\Data\NafisaData\LAS_0.6Torr_2Nitrogen_Freq_Sweep_4\LAS_DataFrame_4f9f288a_Laser_True_20260807_154812.csv,7f72a6df,4f9f288a|Scope_TrialNumber_0_70.00W_0.60Torr_0.00NitrogenFlow_2420.00MHz.csv,7,full 7,1.1937742330837748,0.0008516995076746963,0.42164430200719105,0.0002698511565783565,0.33181179881359696,0.00020126389975852463,0.5069492403900805,0.0003616834795813463,9.931130602418716e-05,0.0001502221599001989,28.18499337133109,0.000783150331059923,19789,0.19854775427816196
70,0.6,0.0,2420.0,0,4f9f288a,0.605,69.96666666666667,0.0942809041582009,0.5874400566501244,0.009,80.0,Scope_TrialNumber_0_70.00W_0.60Torr_0.00NitrogenFlow_2420.00MHz.csv,G:\My Drive\MiniChamberData\Data\NafisaData\LAS_0.6Torr_2Nitrogen_Freq_Sweep_4\LAS_DataFrame_4f9f288a_Laser_True_20260807_154812.csv,7f72a6df,4f9f288a|Scope_TrialNumber_0_70.00W_0.60Torr_0.00NitrogenFlow_2420.00MHz.csv,9,trailing partial,1.3013118456955748,0.0009912152828921094,0.461213078182776,0.00031635097121989733,0.33295690076279927,0.0002177777008098757,0.5526162597611453,0.00042093037426946223,-0.00013291157519473748,0.00019632472334421523,31.205696115577798,0.0007990664098093665,18814,0.198560338124758
70,0.6,0.0,2425.0,0,4f9f288a,0.605,69.89999999999999,0.1414213562373081,0.539513468651678,0.005,80.01,Scope_TrialNumber_0_70.00W_0.60Torr_0.00NitrogenFlow_2425.00MHz.csv,G:\My Drive\MiniChamberData\Data\NafisaData\LAS_0.6Torr_2Nitrogen_Freq_Sweep_4\LAS_DataFrame_4f9f288a_Laser_True_20260807_154812.csv,7f72a6df,4f9f288a|Scope_TrialNumber_0_70.00W_0.60Torr_0.00NitrogenFlow_2425.00MHz.csv,1,full 1,1.2322279514694188,0.0008566071931089488,0.43110575463697615,0.00026944448527813596,0.32867037019000106,0.00019234665265475848,0.5232790310536123,0.0003637675816954796,0.0013054915679040276,5.616607370879238e-05,24.708768146526932,0.0008062565863693898,19720,0.19946107643424094
70,0.6,0.0,2425.0,0,4f9f288a,0.605,69.89999999999999,0.1414213562373081,0.539513468651678,0.005,80.01,Scope_TrialNumber_0_70.00W_0.60Torr_0.00NitrogenFlow_2425.00MHz.csv,G:\My Drive\MiniChamberData\Data\NafisaData\LAS_0.6Torr_2Nitrogen_Freq_Sweep_4\LAS_DataFrame_4f9f288a_Laser_True_20260807_154812.csv,7f72a6df,4f9f288a|Scope_TrialNumber_0_70.00W_0.60Torr_0.00NitrogenFlow_2425.00MHz.csv,3,full 3,1.2124710186547574,0.0010649716502237395,0.42659854609991815,0.00033675217503188265,0.33053373736716857,0.00024888354455772485,0.5148890341804534,0.00045225181961186447,0.0005419516991375281,0.00013811813483790376,40.10729838943644,0.0008031067572717629,18706,0.19945990949127568
70,0.6,0.0,2425.0,0,4f9f288a,0.605,69.89999999999999,0.1414213562373081,0.539513468651678,0.005,80.01,Scope_TrialNumber_0_70.00W_0.60Torr_0.00NitrogenFlow_2425.00MHz.csv,G:\My Drive\MiniChamberData\Data\NafisaData\LAS_0.6Torr_2Nitrogen_Freq_Sweep_4\LAS_DataFrame_4f9f288a_Laser_True_20260807_154812.csv,7f72a6df,4f9f288a|Scope_TrialNumber_0_70.00W_0.60Torr_0.00NitrogenFlow_2425.00MHz.csv,5,full 5,1.2571467179664686,0.0012279796410766914,0.4408034572435043,0.00038594962635799576,0.3294024431643794,0.0002767232066470913,0.5338610568647278,0.0005214749397381456,0.0013027617901345421,6.666496267125253e-05,50.25344377406496,0.0007957543990454892,19742,0.19954479998660438
70,0.6,0.0,2425.0,0,4f9f288a,0.605,69.89999999999999,0.1414213562373081,0.539513468651678,0.005,80.01,Scope_TrialNumber_0_70.00W_0.60Torr_0.00NitrogenFlow_2425.00MHz.csv,G:\My Drive\MiniChamberData\Data\NafisaData\LAS_0.6Torr_2Nitrogen_Freq_Sweep_4\LAS_DataFrame_4f9f288a_Laser_True_20260807_154812.csv,7f72a6df,4f9f288a|Scope_TrialNumber_0_70.00W_0.60Torr_0.00NitrogenFlow_2425.00MHz.csv,7,full 7,1.2937445444712476,0.0012271740902540336,0.4545047120163553,0.00038637320838448986,0.3300332137727541,0.0002708810496605108,0.5494027228115616,0.0005211328538006839,0.0009963588490539102,8.217434477568343e-05,48.49545883723797,0.0007908092905323833,19634,0.1995025148189079
70,0.6,0.0,2425.0,0,4f9f288a,0.605,69.89999999999999,0.1414213562373081,0.539513468651678,0.005,80.01,Scope_TrialNumber_0_70.00W_0.60Torr_0.00NitrogenFlow_2425.00MHz.csv,G:\My Drive\MiniChamberData\Data\NafisaData\LAS_0.6Torr_2Nitrogen_Freq_Sweep_4\LAS_DataFrame_4f9f288a_Laser_True_20260807_154812.csv,7f72a6df,4f9f288a|Scope_TrialNumber_0_70.00W_0.60Torr_0.00NitrogenFlow_2425.00MHz.csv,9,trailing partial,1.2737143363104781,0.0014212730821082228,0.44684163662857385,0.0004481081273540833,0.32957130116004374,0.00032115005247708645,0.5408966765839374,0.0006035591063985287,0.0009855705888894557,0.00012198642146240296,64.30484002870092,0.0008040569818963876,18815,0.19955384439412338
70,0.6,0.0,2430.0,0,4f9f288a,0.605,70.03333333333333,0.0471404520791004,0.4993741288831632,-0.004,80.0,Scope_TrialNumber_0_70.00W_0.60Torr_0.00NitrogenFlow_2430.00MHz.csv,G:\My Drive\MiniChamberData\Data\NafisaData\LAS_0.6Torr_2Nitrogen_Freq_Sweep_4\LAS_DataFrame_4f9f288a_Laser_True_20260807_154812.csv,7f72a6df,4f9f288a|Scope_TrialNumber_0_70.00W_0.60Torr_0.00NitrogenFlow_2430.00MHz.csv,1,full 1,1.1921913189908555,0.0008863280888086096,0.4444088274427195,0.000296115338776277,0.3501906219517554,0.00022274161114277526,0.5062770386665307,0.00037638888401638377,0.0022347511445070943,6.816518000908752e-05,33.15070636813274,0.0007952838156341959,19750,0.20022819783214799
70,0.6,0.0,2430.0,0,4f9f288a,0.605,70.03333333333333,0.0471404520791004,0.4993741288831632,-0.004,80.0,Scope_TrialNumber_0_70.00W_0.60Torr_0.00NitrogenFlow_2430.00MHz.csv,G:\My Drive\MiniChamberData\Data\NafisaData\LAS_0.6Torr_2Nitrogen_Freq_Sweep_4\LAS_DataFrame_4f9f288a_Laser_True_20260807_154812.csv,7f72a6df,4f9f288a|Scope_TrialNumber_0_70.00W_0.60Torr_0.00NitrogenFlow_2430.00MHz.csv,3,full 3,1.190425629514645,0.0011284358486332111,0.4452752435973001,0.00037822889702449314,0.351393781136855,0.00028710583545417926,0.5055272193841883,0.00047920258323534877,0.0022305594708498734,7.869150339333072e-05,52.63255798731487,0.0008056482119964947,19708,0.20018965966100705
70,0.6,0.0,2430.0,0,4f9f288a,0.605,70.03333333333333,0.0471404520791004,0.4993741288831632,-0.004,80.0,Scope_TrialNumber_0_70.00W_0.60Torr_0.00NitrogenFlow_2430.00MHz.csv,G:\My Drive\MiniChamberData\Data\NafisaData\LAS_0.6Torr_2Nitrogen_Freq_Sweep_4\LAS_DataFrame_4f9f288a_Laser_True_20260807_154812.csv,7f72a6df,4f9f288a|Scope_TrialNumber_0_70.00W_0.60Torr_0.00NitrogenFlow_2430.00MHz.csv,5,full 5,1.196488559819674,0.0011878485850165298,0.44993469407770637,0.0004014172259177435,0.35327159723167323,0.00030007879448912267,0.5081019088250324,0.0005044328493479076,0.0022991188526539147,6.909372454157822e-05,59.34611559858618,0.0007977643215261517,19776,0.2002356375630238
70,0.6,0.0,2430.0,0,4f9f288a,0.605,70.03333333333333,0.0471404520791004,0.4993741288831632,-0.004,80.0,Scope_TrialNumber_0_70.00W_0.60Torr_0.00NitrogenFlow_2430.00MHz.csv,G:\My Drive\MiniChamberData\Data\NafisaData\LAS_0.6Torr_2Nitrogen_Freq_Sweep_4\LAS_DataFrame_4f9f288a_Laser_True_20260807_154812.csv,7f72a6df,4f9f288a|Scope_TrialNumber_0_70.00W_0.60Torr_0.00NitrogenFlow_2430.00MHz.csv,7,full 7,1.2095210069282445,0.0011832350367984813,0.4568869436510959,0.0004008760399284024,0.3548649627070512,0.00029884748242392696,0.513636279545237,0.0005024736558087733,0.0018643083279184646,9.144892238597166e-05,56.38807714044751,0.0008098516409683103,19790,0.20012977250045932
70,0.6,0.0,2430.0,0,4f9f288a,0.605,70.03333333333333,0.0471404520791004,0.4993741288831632,-0.004,80.0,Scope_TrialNumber_0_70.00W_0.60Torr_0.00NitrogenFlow_2430.00MHz.csv,G:\My Drive\MiniChamberData\Data\NafisaData\LAS_0.6Torr_2Nitrogen_Freq_Sweep_4\LAS_DataFrame_4f9f288a_Laser_True_20260807_154812.csv,7f72a6df,4f9f288a|Scope_TrialNumber_0_70.00W_0.60Torr_0.00NitrogenFlow_2430.00MHz.csv,9,trailing partial,1.3400521088417143,0.0012492415809688795,0.506599477420013,0.00042507001407430823,0.355149200033338,0.00028517861919048586,0.5690677347806007,0.0005305040542715699,0.0016519342052654625,0.0001341484382153643,52.65663505830935,0.0007986359900471476,18830,0.2001395865431569
70,0.6,0.0,2435.0,0,4f9f288a,0.605,70.03333333333333,0.1247219128924639,0.5503782508653234,0.01,79.98,Scope_TrialNumber_0_70.00W_0.60Torr_0.00NitrogenFlow_2435.00MHz.csv,G:\My Drive\MiniChamberData\Data\NafisaData\LAS_0.6Torr_2Nitrogen_Freq_Sweep_4\LAS_DataFrame_4f9f288a_Laser_True_20260807_154812.csv,7f72a6df,4f9f288a|Scope_TrialNumber_0_70.00W_0.60Torr_0.00NitrogenFlow_2435.00MHz.csv,1,full 1,1.2334686126741266,0.0008999703305319381,0.4674069025078913,0.0003057329798574233,0.3559875492782024,0.0002220135866065708,0.5238058913575773,0.00038218221066659464,0.0005388860871730801,5.7937822109528624e-05,31.663235067612305,0.0008086652014200574,19715,0.18199812370762253
70,0.6,0.0,2435.0,0,4f9f288a,0.605,70.03333333333333,0.1247219128924639,0.5503782508653234,0.01,79.98,Scope_TrialNumber_0_70.00W_0.60Torr_0.00NitrogenFlow_2435.00MHz.csv,G:\My Drive\MiniChamberData\Data\NafisaData\LAS_0.6Torr_2Nitrogen_Freq_Sweep_4\LAS_DataFrame_4f9f288a_Laser_True_20260807_154812.csv,7f72a6df,4f9f288a|Scope_TrialNumber_0_70.00W_0.60Torr_0.00NitrogenFlow_2435.00MHz.csv,3,full 3,1.2408763311723168,0.0013781231264451896,0.4735459295284275,0.0004720667370855186,0.35851010144999335,0.0003454707871780908,0.5269516597630322,0.0005852350073854909,0.0004838556449296037,7.839423839953013e-05,72.95048414394242,0.0008129915910420917,19733,0.1819256724010706
70,0.6,0.0,2435.0,0,4f9f288a,0.605,70.03333333333333,0.1247219128924639,0.5503782508653234,0.01,79.98,Scope_TrialNumber_0_70.00W_0.60Torr_0.00NitrogenFlow_2435.00MHz.csv,G:\My Drive\MiniChamberData\Data\NafisaData\LAS_0.6Torr_2Nitrogen_Freq_Sweep_4\LAS_DataFrame_4f9f288a_Laser_True_20260807_154812.csv,7f72a6df,4f9f288a|Scope_TrialNumber_0_70.00W_0.60Torr_0.00NitrogenFlow_2435.00MHz.csv,5,full 5,1.1643285798036065,0.0007890476831567067,0.4383516127107052,0.0002667866110427507,0.35368353341288733,0.0002029588440591723,0.4944448227627957,0.0003350776993858723,0.000783231966321568,4.480505859398279e-05,27.859541546376885,0.00079359088658811,19779,0.1819571758969806
70,0.6,0.0,2435.0,0,4f9f288a,0.605,70.03333333333333,0.1247219128924639,0.5503782508653234,0.01,79.98,Scope_TrialNumber_0_70.00W_0.60Torr_0.00NitrogenFlow_2435.00MHz.csv,G:\My Drive\MiniChamberData\Data\NafisaData\LAS_0.6Torr_2Nitrogen_Freq_Sweep_4\LAS_DataFrame_4f9f288a_Laser_True_20260807_154812.csv,7f72a6df,4f9f288a|Scope_TrialNumber_0_70.00W_0.60Torr_0.00NitrogenFlow_2435.00MHz.csv,7,full 7,1.193539129218847,0.0008253336585570928,0.4470407316612209,0.0002774941887532255,0.3518667449927512,0.00020632895783481657,0.5068494009711729,0.0003504869343620036,0.0005857922033400382,5.892529455316193e-05,28.319791388146943,0.0007996154792460793,19783,0.18200961352098233
70,0.6,0.0,2435.0,0,4f9f288a,0.605,70.03333333333333,0.1247219128924639,0.5503782508653234,0.01,79.98,Scope_TrialNumber_0_70.00W_0.60Torr_0.00NitrogenFlow_2435.00MHz.csv,G:\My Drive\MiniChamberData\Data\NafisaData\LAS_0.6Torr_2Nitrogen_Freq_Sweep_4\LAS_DataFrame_4f9f288a_Laser_True_20260807_154812.csv,7f72a6df,4f9f288a|Scope_TrialNumber_0_70.00W_0.60Torr_0.00NitrogenFlow_2435.00MHz.csv,9,trailing partial,1.3318414148620084,0.0012927433802614955,0.5030210342269932,0.0004401304592142886,0.3548145494273071,0.00029568718654323186,0.5655809740843717,0.0005489775675170563,0.00012210832017739217,0.00011978996209596258,56.64183874566698,0.0008007098848147449,18833,0.18201752707577437
70,0.6,0.0,2440.0,0,4f9f288a,0.605,69.93333333333334,0.0942809041582009,0.5628797162721285,0.009,80.0,Scope_TrialNumber_0_70.00W_0.60Torr_0.00NitrogenFlow_2440.00MHz.csv,G:\My Drive\MiniChamberData\Data\NafisaData\LAS_0.6Torr_2Nitrogen_Freq_Sweep_4\LAS_DataFrame_4f9f288a_Laser_True_20260807_154812.csv,7f72a6df,4f9f288a|Scope_TrialNumber_0_70.00W_0.60Torr_0.00NitrogenFlow_2440.00MHz.csv,2,full 2,1.2568744090973267,0.0011972078525457723,0.48193563637310805,0.0004107502272006009,0.36021761559127946,0.00029666309308962885,0.5337454179352409,0.0005084073643215643,-0.0010076194204360236,0.00018335420256401804,55.421383338432776,0.0008076404836307974,19737,0.1811194571793521
70,0.6,0.0,2440.0,0,4f9f288a,0.605,69.93333333333334,0.0942809041582009,0.5628797162721285,0.009,80.0,Scope_TrialNumber_0_70.00W_0.60Torr_0.00NitrogenFlow_2440.00MHz.csv,G:\My Drive\MiniChamberData\Data\NafisaData\LAS_0.6Torr_2Nitrogen_Freq_Sweep_4\LAS_DataFrame_4f9f288a_Laser_True_20260807_154812.csv,7f72a6df,4f9f288a|Scope_TrialNumber_0_70.00W_0.60Torr_0.00NitrogenFlow_2440.00MHz.csv,5,full 5,1.2256207173971816,0.0012457156666596755,0.4714394921782204,0.0004285416120609851,0.36135798564502253,0.000319139742555723,0.5204731970850338,0.0005290067363271927,-0.0011779027357620307,0.00019952981922490793,65.18090318581797,0.0007966297244282601,19706,0.18103205799591926
70,0.6,0.0,2440.0,0,4f9f288a,0.605,69.93333333333334,0.0942809041582009,0.5628797162721285,0.009,80.0,Scope_TrialNumber_0_70.00W_0.60Torr_0.00NitrogenFlow_2440.00MHz.csv,G:\My Drive\MiniChamberData\Data\NafisaData\LAS_0.6Torr_2Nitrogen_Freq_Sweep_4\LAS_DataFrame_4f9f288a_Laser_True_20260807_154812.csv,7f72a6df,4f9f288a|Scope_TrialNumber_0_70.00W_0.60Torr_0.00NitrogenFlow_2440.00MHz.csv,8,full 8,1.2595368503433544,0.0010202359924305969,0.4772069036150146,0.0003482595436640925,0.35592920904741,0.0002449130009944709,0.5348760526313595,0.0004332543349048941,-0.0015056244396622973,0.00024116285822455713,39.50728610831634,0.0008013778332725266,18753,0.18095221613524992
70,0.6,0.0,2440.0,0,4f9f288a,0.605,69.93333333333334,0.0942809041582009,0.5628797162721285,0.009,80.0,Scope_TrialNumber_0_70.00W_0.60Torr_0.00NitrogenFlow_2440.00MHz.csv,G:\My Drive\MiniChamberData\Data\NafisaData\LAS_0.6Torr_2Nitrogen_Freq_Sweep_4\LAS_DataFrame_4f9f288a_Laser_True_20260807_154812.csv,7f72a6df,4f9f288a|Scope_TrialNumber_0_70.00W_0.60Torr_0.00NitrogenFlow_2440.00MHz.csv,11,full 11,1.2864223717856977,0.0010183514634848061,0.4863378325645057,0.0003469790165280053,0.35515853888554516,0.00023850327468219896,0.5462932823679061,0.0004324540491464272,-0.001849648781848593,0.0002575354671739918,36.628578164955094,0.0008124684055161745,18793,0.18092476073704278
70,0.6,0.0,2440.0,0,4f9f288a,0.605,69.93333333333334,0.0942809041582009,0.5628797162721285,0.009,80.0,Scope_TrialNumber_0_70.00W_0.60Torr_0.00NitrogenFlow_2440.00MHz.csv,G:\My Drive\MiniChamberData\Data\NafisaData\LAS_0.6Torr_2Nitrogen_Freq_Sweep_4\LAS_DataFrame_4f9f288a_Laser_True_20260807_154812.csv,7f72a6df,4f9f288a|Scope_TrialNumber_0_70.00W_0.60Torr_0.00NitrogenFlow_2440.00MHz.csv,14,trailing partial,1.2542039779538376,0.0010586451020844576,0.4784338785744967,0.00036318908150899084,0.35836166112230866,0.00025848205665065816,0.5326113902420742,0.0004495651819842326,-0.001593206176479731,0.00025733649867240783,42.82601268139968,0.0008079753734509934,18709,0.1809753974365448
70,0.6,0.0,2445.0,0,4f9f288a,0.605,70.06666666666666,0.0942809041582009,0.5791727202405471,-0.001,80.0,Scope_TrialNumber_0_70.00W_0.60Torr_0.00NitrogenFlow_2445.00MHz.csv,G:\My Drive\MiniChamberData\Data\NafisaData\LAS_0.6Torr_2Nitrogen_Freq_Sweep_4\LAS_DataFrame_4f9f288a_Laser_True_20260807_154812.csv,7f72a6df,4f9f288a|Scope_TrialNumber_0_70.00W_0.60Torr_0.00NitrogenFlow_2445.00MHz.csv,1,full 1,1.2768754570428225,0.0009595898807230256,0.4873311763151208,0.00032833239527324857,0.3585448146706945,0.00023182453531520972,0.5422390809595986,0.0004075003025169228,0.0009008112873847326,0.00010403095065739419,33.410380596506435,0.0008177437853580192,19782,0.18276407083750207
70,0.6,0.0,2445.0,0,4f9f288a,0.605,70.06666666666666,0.0942809041582009,0.5791727202405471,-0.001,80.0,Scope_TrialNumber_0_70.00W_0.60Torr_0.00NitrogenFlow_2445.00MHz.csv,G:\My Drive\MiniChamberData\Data\NafisaData\LAS_0.6Torr_2Nitrogen_Freq_Sweep_4\LAS_DataFrame_4f9f288a_Laser_True_20260807_154812.csv,7f72a6df,4f9f288a|Scope_TrialNumber_0_70.00W_0.60Torr_0.00NitrogenFlow_2445.00MHz.csv,3,full 3,1.2600721382297853,0.0008738497629865179,0.48060866693797444,0.000299083263333163,0.35831416669681376,0.0002125499473344971,0.5351033684670474,0.0003710898269404841,0.0011005871293227063,9.448329127179307e-05,30.599091864195948,0.0007889366703547329,19777,0.18273219943304986
70,0.6,0.0,2445.0,0,4f9f288a,0.605,70.06666666666666,0.0942809041582009,0.5791727202405471,-0.001,80.0,Scope_TrialNumber_0_70.00W_0.60Torr_0.00NitrogenFlow_2445.00MHz.csv,G:\My Drive\MiniChamberData\Data\NafisaData\LAS_0.6Torr_2Nitrogen_Freq_Sweep_4\LAS_DataFrame_4f9f288a_Laser_True_20260807_154812.csv,7f72a6df,4f9f288a|Scope_TrialNumber_0_70.00W_0.60Torr_0.00NitrogenFlow_2445.00MHz.csv,5,full 5,1.206648942473312,0.0009124208420652258,0.45828831058002373,0.0003102476101964358,0.35680064697912783,0.00023118409248852509,0.5124166260685339,0.0003874694561015739,0.00097628627386923,0.0001024720467313461,34.49252212236251,0.0008037968395358774,19725,0.18284038503626812
70,0.6,0.0,2445.0,0,4f9f288a,0.605,70.06666666666666,0.0942809041582009,0.5791727202405471,-0.001,80.0,Scope_TrialNumber_0_70.00W_0.60Torr_0.00NitrogenFlow_2445.00MHz.csv,G:\My Drive\MiniChamberData\Data\NafisaData\LAS_0.6Torr_2Nitrogen_Freq_Sweep_4\LAS_DataFrame_4f9f288a_Laser_True_20260807_154812.csv,7f72a6df,4f9f288a|Scope_TrialNumber_0_70.00W_0.60Torr_0.00NitrogenFlow_2445.00MHz.csv,7,full 7,1.130585174675099,0.0007547899125847639,0.42556667027347506,0.00025494553874344023,0.35361616584250316,0.00019935383525446386,0.4801153179669998,0.0003205297636978641,0.0009142306887198464,0.000109004194862827,26.44694126143941,0.000801157691043832,19746,0.18293782381125062
70,0.6,0.0,2445.0,0,4f9f288a,0.605,70.06666666666666,0.0942809041582009,0.5791727202405471,-0.001,80.0,Scope_TrialNumber_0_70.00W_0.60Torr_0.00NitrogenFlow_2445.00MHz.csv,G:\My Drive\MiniChamberData\Data\NafisaData\LAS_0.6Torr_2Nitrogen_Freq_Sweep_4\LAS_DataFrame_4f9f288a_Laser_True_20260807_154812.csv,7f72a6df,4f9f288a|Scope_TrialNumber_0_70.00W_0.60Torr_0.00NitrogenFlow_2445.00MHz.csv,9,trailing partial,1.2096424991960744,0.000905641937495627,0.4640181296524475,0.00031212273114421745,0.3603675708134478,0.000231097563257742,0.5136878725610543,0.0003845907203850578,0.0008137159724406007,0.0001549113906936572,34.33377968147864,0.0008043159864595058,18724,0.18285345731051633
70,0.6,0.0,2450.0,0,4f9f288a,0.605,70.16666666666667,0.0471404520791071,0.5963873488536491,0.005,79.99,Scope_TrialNumber_0_70.00W_0.60Torr_0.00NitrogenFlow_2450.00MHz.csv,G:\My Drive\MiniChamberData\Data\NafisaData\LAS_0.6Torr_2Nitrogen_Freq_Sweep_4\LAS_DataFrame_4f9f288a_Laser_True_20260807_154812.csv,7f72a6df,4f9f288a|Scope_TrialNumber_0_70.00W_0.60Torr_0.00NitrogenFlow_2450.00MHz.csv,1,full 1,1.2092039726517798,0.0009366587637594866,0.4557081250723655,0.0003161602255902458,0.354042172025338,0.0002348280306969975,0.513501647484017,0.00039776235374587874,0.0014553342022578858,5.911648020965647e-05,36.059918807797914,0.000800143693146063,19765,0.1880056532400909
70,0.6,0.0,2450.0,0,4f9f288a,0.605,70.16666666666667,0.0471404520791071,0.5963873488536491,0.005,79.99,Scope_TrialNumber_0_70.00W_0.60Torr_0.00NitrogenFlow_2450.00MHz.csv,G:\My Drive\MiniChamberData\Data\NafisaData\LAS_0.6Torr_2Nitrogen_Freq_Sweep_4\LAS_DataFrame_4f9f288a_Laser_True_20260807_154812.csv,7f72a6df,4f9f288a|Scope_TrialNumber_0_70.00W_0.60Torr_0.00NitrogenFlow_2450.00MHz.csv,3,full 3,1.2449422998628208,0.0008393639786051957,0.4629418971003152,0.0002819128546831874,0.34933737576102597,0.00019645030079566586,0.5286783176870989,0.00035644506270293957,0.0017253964957386655,5.252760008838901e-05,26.066214747613675,0.0008029349388875003,19714,0.18805681098982355
70,0.6,0.0,2450.0,0,4f9f288a,0.605,70.16666666666667,0.0471404520791071,0.5963873488536491,0.005,79.99,Scope_TrialNumber_0_70.00W_0.60Torr_0.00NitrogenFlow_2450.00MHz.csv,G:\My Drive\MiniChamberData\Data\NafisaData\LAS_0.6Torr_2Nitrogen_Freq_Sweep_4\LAS_DataFrame_4f9f288a_Laser_True_20260807_154812.csv,7f72a6df,4f9f288a|Scope_TrialNumber_0_70.00W_0.60Torr_0.00NitrogenFlow_2450.00MHz.csv,5,full 5,1.1577592701189425,0.0007725529378678185,0.4331866870159422,0.00026034077003602503,0.3514994290456997,0.00019677904037361727,0.49165509379878164,0.0003280730260038469,0.0016942706281262716,5.087382322791415e-05,24.71315168149744,0.000822148793164322,19763,0.18807509289778424
70,0.6,0.0,2450.0,0,4f9f288a,0.605,70.16666666666667,0.0471404520791071,0.5963873488536491,0.005,79.99,Scope_TrialNumber_0_70.00W_0.60Torr_0.00NitrogenFlow_2450.00MHz.csv,G:\My Drive\MiniChamberData\Data\NafisaData\LAS_0.6Torr_2Nitrogen_Freq_Sweep_4\LAS_DataFrame_4f9f288a_Laser_True_20260807_154812.csv,7f72a6df,4f9f288a|Scope_TrialNumber_0_70.00W_0.60Torr_0.00NitrogenFlow_2450.00MHz.csv,7,full 7,1.2452777218058095,0.001288819395777115,0.4721246299241724,0.0004393582355910334,0.3561707318588082,0.00031530070459762137,0.5288207582713366,0.0005473112047337681,0.0012024574334628458,8.513396637698843e-05,63.84367545052,0.0008055976451446896,19664,0.18809484216253927
70,0.6,0.0,2450.0,0,4f9f288a,0.605,70.16666666666667,0.0471404520791071,0.5963873488536491,0.005,79.99,Scope_TrialNumber_0_70.00W_0.60Torr_0.00NitrogenFlow_2450.00MHz.csv,G:\My Drive\MiniChamberData\Data\NafisaData\LAS_0.6Torr_2Nitrogen_Freq_Sweep_4\LAS_DataFrame_4f9f288a_Laser_True_20260807_154812.csv,7f72a6df,4f9f288a|Scope_TrialNumber_0_70.00W_0.60Torr_0.00NitrogenFlow_2450.00MHz.csv,9,trailing partial,1.1375590514226979,0.0009591928194580537,0.4294024705019422,0.0003251872033210765,0.35461604199864655,0.00025630329804884254,0.4830768507441285,0.0004073316861227275,0.0012973850597056845,0.0001102005161919544,41.909781178771304,0.0008065218535637103,18807,0.1881091188179645
70,0.6,0.0,2455.0,0,4f9f288a,0.605,70.0,0.0816496580927679,0.6108464607096674,-0.015,79.98,Scope_TrialNumber_0_70.00W_0.60Torr_0.00NitrogenFlow_2455.00MHz.csv,G:\My Drive\MiniChamberData\Data\NafisaData\LAS_0.6Torr_2Nitrogen_Freq_Sweep_4\LAS_DataFrame_4f9f288a_Laser_True_20260807_154812.csv,7f72a6df,4f9f288a|Scope_TrialNumber_0_70.00W_0.60Torr_0.00NitrogenFlow_2455.00MHz.csv,1,full 1,1.2269206119040195,0.0009832123810181957,0.4503769068368407,0.00032358777720778876,0.34484778529506577,0.00023508183189133384,0.5210252114563999,0.00041753185475592187,0.00107142728288731,0.00017283071669450603,32.696386421893344,0.0008482517098366279,19775,0.19351528882717903
70,0.6,0.0,2455.0,0,4f9f288a,0.605,70.0,0.0816496580927679,0.6108464607096674,-0.015,79.98,Scope_TrialNumber_0_70.00W_0.60Torr_0.00NitrogenFlow_2455.00MHz.csv,G:\My Drive\MiniChamberData\Data\NafisaData\LAS_0.6Torr_2Nitrogen_Freq_Sweep_4\LAS_DataFrame_4f9f288a_Laser_True_20260807_154812.csv,7f72a6df,4f9f288a|Scope_TrialNumber_0_70.00W_0.60Torr_0.00NitrogenFlow_2455.00MHz.csv,3,full 3,1.2056969446571864,0.0009247464180004095,0.4397821441269476,0.00030296559690968323,0.34266300709320213,0.00022214184990212985,0.5120123498190028,0.0003927036462730024,0.001052987275645065,0.00017778921087020685,32.329112059899494,0.0008101986067853072,19678,0.19341187005928856
70,0.6,0.0,2455.0,0,4f9f288a,0.605,70.0,0.0816496580927679,0.6108464607096674,-0.015,79.98,Scope_TrialNumber_0_70.00W_0.60Torr_0.00NitrogenFlow_2455.00MHz.csv,G:\My Drive\MiniChamberData\Data\NafisaData\LAS_0.6Torr_2Nitrogen_Freq_Sweep_4\LAS_DataFrame_4f9f288a_Laser_True_20260807_154812.csv,7f72a6df,4f9f288a|Scope_TrialNumber_0_70.00W_0.60Torr_0.00NitrogenFlow_2455.00MHz.csv,5,full 5,1.1522142409746274,0.001183475924647283,0.42629432340004725,0.00039159186713793,0.34757145403904816,0.00030995096083640043,0.489300336731032,0.0005025759514594792,0.0012636500761835055,0.0001743144251299526,57.96907311721959,0.0008219131741242702,19692,0.19348723024132353
70,0.6,0.0,2455.0,0,4f9f288a,0.605,70.0,0.0816496580927679,0.6108464607096674,-0.015,79.98,Scope_TrialNumber_0_70.00W_0.60Torr_0.00NitrogenFlow_2455.00MHz.csv,G:\My Drive\MiniChamberData\Data\NafisaData\LAS_0.6Torr_2Nitrogen_Freq_Sweep_4\LAS_DataFrame_4f9f288a_Laser_True_20260807_154812.csv,7f72a6df,4f9f288a|Scope_TrialNumber_0_70.00W_0.60Torr_0.00NitrogenFlow_2455.00MHz.csv,7,full 7,1.1998681360559256,0.0009143807862155357,0.43429066979477254,0.00029739105639591223,0.3400280686990706,0.00021678708494553595,0.5095370827116242,0.00038830176774867656,0.0011127917444023366,0.0001791303744782166,30.411838495449352,0.0008204359838208853,19731,0.1935123012249629
70,0.6,0.0,2455.0,0,4f9f288a,0.605,70.0,0.0816496580927679,0.6108464607096674,-0.015,79.98,Scope_TrialNumber_0_70.00W_0.60Torr_0.00NitrogenFlow_2455.00MHz.csv,G:\My Drive\MiniChamberData\Data\NafisaData\LAS_0.6Torr_2Nitrogen_Freq_Sweep_4\LAS_DataFrame_4f9f288a_Laser_True_20260807_154812.csv,7f72a6df,4f9f288a|Scope_TrialNumber_0_70.00W_0.60Torr_0.00NitrogenFlow_2455.00MHz.csv,9,trailing partial,1.2682840257248997,0.0010150731564954585,0.4635835236010237,0.0003341777567724902,0.3433833707814957,0.00023507051721573016,0.538590636002604,0.0004310618803493825,0.0005250561199010703,0.0002471848060772419,35.48360369028203,0.0008110257635836374,18801,0.19350711291820002
70,0.6,0.0,2460.0,0,4f9f288a,0.605,69.8,0.2160246899469251,0.6243872254367644,-0.003,80.0,Scope_TrialNumber_0_70.00W_0.60Torr_0.00NitrogenFlow_2460.00MHz.csv,G:\My Drive\MiniChamberData\Data\NafisaData\LAS_0.6Torr_2Nitrogen_Freq_Sweep_4\LAS_DataFrame_4f9f288a_Laser_True_20260807_154812.csv,7f72a6df,4f9f288a|Scope_TrialNumber_0_70.00W_0.60Torr_0.00NitrogenFlow_2460.00MHz.csv,1,full 1,1.2702405068855955,0.0009359522966356132,0.46038055770630093,0.00030425456682816595,0.3404856450045395,0.00021392138127414732,0.5394214770534199,0.00039746234478113253,0.0017813571344495736,0.00014204101575463035,30.01017061173697,0.0008060156044558041,19760,0.19714194862155388
70,0.6,0.0,2460.0,0,4f9f288a,0.605,69.8,0.2160246899469251,0.6243872254367644,-0.003,80.0,Scope_TrialNumber_0_70.00W_0.60Torr_0.00NitrogenFlow_2460.00MHz.csv,G:\My Drive\MiniChamberData\Data\NafisaData\LAS_0.6Torr_2Nitrogen_Freq_Sweep_4\LAS_DataFrame_4f9f288a_Laser_True_20260807_154812.csv,7f72a6df,4f9f288a|Scope_TrialNumber_0_70.00W_0.60Torr_0.00NitrogenFlow_2460.00MHz.csv,3,full 3,1.167505133897107,0.0008290822198559333,0.4205824584121024,0.0002680675382397198,0.3384232143636091,0.00020405814488925092,0.4957937810834978,0.0003520788017774143,0.0020856266741331006,0.00013628856935180437,27.806531022550388,0.000799840337297224,19753,0.19712728435672514
70,0.6,0.0,2460.0,0,4f9f288a,0.605,69.8,0.2160246899469251,0.6243872254367644,-0.003,80.0,Scope_TrialNumber_0_70.00W_0.60Torr_0.00NitrogenFlow_2460.00MHz.csv,G:\My Drive\MiniChamberData\Data\NafisaData\LAS_0.6Torr_2Nitrogen_Freq_Sweep_4\LAS_DataFrame_4f9f288a_Laser_True_20260807_154812.csv,7f72a6df,4f9f288a|Scope_TrialNumber_0_70.00W_0.60Torr_0.00NitrogenFlow_2460.00MHz.csv,5,full 5,1.2443754297817597,0.0009214303457736627,0.448804814945347,0.00029807514715612677,0.3388237696829987,0.00021432571541903466,0.5284375901282108,0.0003912954400562496,0.0021114762692722596,0.00013188612096638638,30.26666122112531,0.0008037237995459689,19771,0.19723556547619048
70,0.6,0.0,2460.0,0,4f9f288a,0.605,69.8,0.2160246899469251,0.6243872254367644,-0.003,80.0,Scope_TrialNumber_0_70.00W_0.60Torr_0.00NitrogenFlow_2460.00MHz.csv,G:\My Drive\MiniChamberData\Data\NafisaData\LAS_0.6Torr_2Nitrogen_Freq_Sweep_4\LAS_DataFrame_4f9f288a_Laser_True_20260807_154812.csv,7f72a6df,4f9f288a|Scope_TrialNumber_0_70.00W_0.60Torr_0.00NitrogenFlow_2460.00MHz.csv,7,full 7,1.2273160662504723,0.0010876525815329324,0.4459045161047988,0.00035356533923462045,0.3413133231842559,0.00026168524375308065,0.5211931454551304,0.00046188352431773084,0.00175471989157368,0.00015453737017017509,43.061164986642005,0.0008099232910479393,19725,0.19717153560985798
70,0.6,0.0,2460.0,0,4f9f288a,0.605,69.8,0.2160246899469251,0.6243872254367644,-0.003,80.0,Scope_TrialNumber_0_70.00W_0.60Torr_0.00NitrogenFlow_2460.00MHz.csv,G:\My Drive\MiniChamberData\Data\NafisaData\LAS_0.6Torr_2Nitrogen_Freq_Sweep_4\LAS_DataFrame_4f9f288a_Laser_True_20260807_154812.csv,7f72a6df,4f9f288a|Scope_TrialNumber_0_70.00W_0.60Torr_0.00NitrogenFlow_2460.00MHz.csv,9,trailing partial,1.2552321244497224,0.0011603996434223825,0.45542713103129834,0.0003785418361440513,0.3408494861534829,0.00027387479353244577,0.5330480038584965,0.0004927763571025367,0.0015646379923238954,0.000207143265987534,46.267874680468765,0.0008150826971655939,18660,0.1973171002952275
75,0.6,0.0,2410.0,0,4f9f288a,0.605,75.06666666666668,0.1247219128924677,0.667525108452289,0.007,80.0,Scope_TrialNumber_0_75.00W_0.60Torr_0.00NitrogenFlow_2410.00MHz.csv,G:\My Drive\MiniChamberData\Data\NafisaData\LAS_0.6Torr_2Nitrogen_Freq_Sweep_4\LAS_DataFrame_4f9f288a_Laser_True_20260807_154812.csv,7f72a6df,4f9f288a|Scope_TrialNumber_0_75.00W_0.60Torr_0.00NitrogenFlow_2410.00MHz.csv,1,full 1,1.1966261673007972,0.0010262200500888267,0.42870475233953087,0.00032975248454574895,0.33656394696090536,0.00024691065952988815,0.5081603453418326,0.0004357955302165517,0.000814248302517392,0.00011109523466223969,40.6269337361097,0.0007975605459029806,19725,0.19632859319703191
75,0.6,0.0,2410.0,0,4f9f288a,0.605,75.06666666666668,0.1247219128924677,0.667525108452289,0.007,80.0,Scope_TrialNumber_0_75.00W_0.60Torr_0.00NitrogenFlow_2410.00MHz.csv,G:\My Drive\MiniChamberData\Data\NafisaData\LAS_0.6Torr_2Nitrogen_Freq_Sweep_4\LAS_DataFrame_4f9f288a_Laser_True_20260807_154812.csv,7f72a6df,4f9f288a|Scope_TrialNumber_0_75.00W_0.60Torr_0.00NitrogenFlow_2410.00MHz.csv,3,full 3,1.2533465832047332,0.0010560352506780845,0.45116992753825635,0.00034059250446362356,0.33817130443991766,0.00024567326064097513,0.5322472882161408,0.0004484568801367601,0.0010752105397612592,0.00010235851611663975,37.9200298816098,0.0008160274694675806,19716,0.19628132024173603
75,0.6,0.0,2410.0,0,4f9f288a,0.605,75.06666666666668,0.1247219128924677,0.667525108452289,0.007,80.0,Scope_TrialNumber_0_75.00W_0.60Torr_0.00NitrogenFlow_2410.00MHz.csv,G:\My Drive\MiniChamberData\Data\NafisaData\LAS_0.6Torr_2Nitrogen_Freq_Sweep_4\LAS_DataFrame_4f9f288a_Laser_True_20260807_154812.csv,7f72a6df,4f9f288a|Scope_TrialNumber_0_75.00W_0.60Torr_0.00NitrogenFlow_2410.00MHz.csv,5,full 5,1.2732116697389346,0.000849336711947322,0.4573185586080297,0.00027418229987286817,0.33743179740542767,0.00019145804691534458,0.5406832137451933,0.0003606800926209031,0.0011297977554113716,9.080823609681625e-05,24.507587896662432,0.0007996548830440385,19679,0.1962377024737625
75,0.6,0.0,2410.0,0,4f9f288a,0.605,75.06666666666668,0.1247219128924677,0.667525108452289,0.007,80.0,Scope_TrialNumber_0_75.00W_0.60Torr_0.00NitrogenFlow_2410.00MHz.csv,G:\My Drive\MiniChamberData\Data\NafisaData\LAS_0.6Torr_2Nitrogen_Freq_Sweep_4\LAS_DataFrame_4f9f288a_Laser_True_20260807_154812.csv,7f72a6df,4f9f288a|Scope_TrialNumber_0_75.00W_0.60Torr_0.00NitrogenFlow_2410.00MHz.csv,7,full 7,1.2143224591449235,0.0007974806359125703,0.43354753459847917,0.0002564117342996409,0.33540573430300863,0.0001860782780326298,0.5156752685655704,0.0003386588446940492,0.0009505701421490293,0.00010660556519465708,23.21534270292712,0.0008022453602365912,19686,0.19622362801438886
75,0.6,0.0,2410.0,0,4f9f288a,0.605,75.06666666666668,0.1247219128924677,0.667525108452289,0.007,80.0,Scope_TrialNumber_0_75.00W_0.60Torr_0.00NitrogenFlow_2410.00MHz.csv,G:\My Drive\MiniChamberData\Data\NafisaData\LAS_0.6Torr_2Nitrogen_Freq_Sweep_4\LAS_DataFrame_4f9f288a_Laser_True_20260807_154812.csv,7f72a6df,4f9f288a|Scope_TrialNumber_0_75.00W_0.60Torr_0.00NitrogenFlow_2410.00MHz.csv,9,trailing partial,1.2053241230245115,0.0008407580878580256,0.4300267794293974,0.00026992806166582594,0.33516560377254884,0.00019921631435521764,0.511854027048878,0.0003570370863931454,0.0010525830725865517,0.00013871512583884724,25.324612335706732,0.0008156128542159793,18836,0.19634069969804935
75,0.6,0.0,2415.0,0,4f9f288a,0.605,75.10000000000001,0.1414213562373115,0.642358053352885,0.003,80.01,Scope_TrialNumber_0_75.00W_0.60Torr_0.00NitrogenFlow_2415.00MHz.csv,G:\My Drive\MiniChamberData\Data\NafisaData\LAS_0.6Torr_2Nitrogen_Freq_Sweep_4\LAS_DataFrame_4f9f288a_Laser_True_20260807_154812.csv,7f72a6df,4f9f288a|Scope_TrialNumber_0_75.00W_0.60Torr_0.00NitrogenFlow_2415.00MHz.csv,1,full 1,1.257933410063245,0.001497297433786777,0.45017070137495446,0.0004808532034958846,0.3361919917754137,0.00034976458758977156,0.5341951342386811,0.0006358436760152082,0.00116685136094341,9.91235336575083e-05,75.21116079611289,0.0008083845634925249,19663,0.1985618053642677
75,0.6,0.0,2415.0,0,4f9f288a,0.605,75.10000000000001,0.1414213562373115,0.642358053352885,0.003,80.01,Scope_TrialNumber_0_75.00W_0.60Torr_0.00NitrogenFlow_2415.00MHz.csv,G:\My Drive\MiniChamberData\Data\NafisaData\LAS_0.6Torr_2Nitrogen_Freq_Sweep_4\LAS_DataFrame_4f9f288a_Laser_True_20260807_154812.csv,7f72a6df,4f9f288a|Scope_TrialNumber_0_75.00W_0.60Torr_0.00NitrogenFlow_2415.00MHz.csv,3,full 3,1.3649001222191894,0.0014181622521165066,0.48334147121855264,0.0004515812714396781,0.3326756214703628,0.0003003164478237232,0.5796197145082697,0.0006022380585340515,0.0012756757382381887,9.113884339986502e-05,56.998244208894825,0.0008092194340151058,19761,0.19852412331521194
75,0.6,0.0,2415.0,0,4f9f288a,0.605,75.10000000000001,0.1414213562373115,0.642358053352885,0.003,80.01,Scope_TrialNumber_0_75.00W_0.60Torr_0.00NitrogenFlow_2415.00MHz.csv,G:\My Drive\MiniChamberData\Data\NafisaData\LAS_0.6Torr_2Nitrogen_Freq_Sweep_4\LAS_DataFrame_4f9f288a_Laser_True_20260807_154812.csv,7f72a6df,4f9f288a|Scope_TrialNumber_0_75.00W_0.60Torr_0.00NitrogenFlow_2415.00MHz.csv,5,full 5,1.286215401988843,0.0012565386061949967,0.45627812986149424,0.0003992448812995156,0.3332604196656685,0.00028214548943345294,0.5462053903876711,0.0005336028155724664,0.0014279201285046532,7.736609451403625e-05,53.05674577276964,0.0007881565796637583,19748,0.19859773493085478
75,0.6,0.0,2415.0,0,4f9f288a,0.605,75.10000000000001,0.1414213562373115,0.642358053352885,0.003,80.01,Scope_TrialNumber_0_75.00W_0.60Torr_0.00NitrogenFlow_2415.00MHz.csv,G:\My Drive\MiniChamberData\Data\NafisaData\LAS_0.6Torr_2Nitrogen_Freq_Sweep_4\LAS_DataFrame_4f9f288a_Laser_True_20260807_154812.csv,7f72a6df,4f9f288a|Scope_TrialNumber_0_75.00W_0.60Torr_0.00NitrogenFlow_2415.00MHz.csv,7,full 7,1.2500249933727379,0.0010140563310059426,0.4424562527043589,0.0003216370427371903,0.33252126972495255,0.00023123989413324195,0.5308367388881764,0.00043063007432171533,0.0012111886910290567,9.522694220538152e-05,34.08634527109415,0.0008136275191028879,19686,0.1986386760180221
75,0.6,0.0,2415.0,0,4f9f288a,0.605,75.10000000000001,0.1414213562373115,0.642358053352885,0.003,80.01,Scope_TrialNumber_0_75.00W_0.60Torr_0.00NitrogenFlow_2415.00MHz.csv,G:\My Drive\MiniChamberData\Data\NafisaData\LAS_0.6Torr_2Nitrogen_Freq_Sweep_4\LAS_DataFrame_4f9f288a_Laser_True_20260807_154812.csv,7f72a6df,4f9f288a|Scope_TrialNumber_0_75.00W_0.60Torr_0.00NitrogenFlow_2415.00MHz.csv,9,trailing partial,1.285896984871354,0.0009466107676579002,0.45286245241873047,0.0003004525857808165,0.3308475522773426,0.00020758496643160867,0.546070171087937,0.00040198858067961576,0.000905830520462419,0.0001419476648553821,27.45360670795268,0.0008175400493859484,18676,0.1986908828919242
75,0.6,0.0,2420.0,0,4f9f288a,0.605,75.10000000000001,0.0816496580927737,0.6026603787366905,-0.011,80.0,Scope_TrialNumber_0_75.00W_0.60Torr_0.00NitrogenFlow_2420.00MHz.csv,G:\My Drive\MiniChamberData\Data\NafisaData\LAS_0.6Torr_2Nitrogen_Freq_Sweep_4\LAS_DataFrame_4f9f288a_Laser_True_20260807_154812.csv,7f72a6df,4f9f288a|Scope_TrialNumber_0_75.00W_0.60Torr_0.00NitrogenFlow_2420.00MHz.csv,1,full 1,1.354257012028436,0.001069828543542116,0.4749451228858996,0.0003369348527094243,0.32946564043061594,0.00022305732981226255,0.5751000017543324,0.0004543143523003497,0.0004743656917956597,0.00012636558225788622,33.25824893483401,0.0007963164586961952,19666,0.20038561057179075
75,0.6,0.0,2420.0,0,4f9f288a,0.605,75.10000000000001,0.0816496580927737,0.6026603787366905,-0.011,80.0,Scope_TrialNumber_0_75.00W_0.60Torr_0.00NitrogenFlow_2420.00MHz.csv,G:\My Drive\MiniChamberData\Data\NafisaData\LAS_0.6Torr_2Nitrogen_Freq_Sweep_4\LAS_DataFrame_4f9f288a_Laser_True_20260807_154812.csv,7f72a6df,4f9f288a|Scope_TrialNumber_0_75.00W_0.60Torr_0.00NitrogenFlow_2420.00MHz.csv,3,full 3,1.2116519044995744,0.0008742908381943552,0.42513922104643,0.0002755491013116775,0.32962572122007344,0.0002025239830747048,0.5145411884259927,0.0003712771343352755,0.0007156614359315581,0.00011948352515656412,26.884788654758093,0.000807659307468314,19644,0.20035969791458166
75,0.6,0.0,2420.0,0,4f9f288a,0.605,75.10000000000001,0.0816496580927737,0.6026603787366905,-0.011,80.0,Scope_TrialNumber_0_75.00W_0.60Torr_0.00NitrogenFlow_2420.00MHz.csv,G:\My Drive\MiniChamberData\Data\NafisaData\LAS_0.6Torr_2Nitrogen_Freq_Sweep_4\LAS_DataFrame_4f9f288a_Laser_True_20260807_154812.csv,7f72a6df,4f9f288a|Scope_TrialNumber_0_75.00W_0.60Torr_0.00NitrogenFlow_2420.00MHz.csv,5,full 5,1.221567708241513,0.001031033864876072,0.42977577636363984,0.0003248724899946213,0.3305157651713759,0.0002391631970767802,0.5187520425686958,0.0004378397691372298,0.0008147171372488504,0.00011416274757805145,37.35286271259693,0.000802184928812959,19747,0.20035883915465705
75,0.6,0.0,2420.0,0,4f9f288a,0.605,75.10000000000001,0.0816496580927737,0.6026603787366905,-0.011,80.0,Scope_TrialNumber_0_75.00W_0.60Torr_0.00NitrogenFlow_2420.00MHz.csv,G:\My Drive\MiniChamberData\Data\NafisaData\LAS_0.6Torr_2Nitrogen_Freq_Sweep_4\LAS_DataFrame_4f9f288a_Laser_True_20260807_154812.csv,7f72a6df,4f9f288a|Scope_TrialNumber_0_75.00W_0.60Torr_0.00NitrogenFlow_2420.00MHz.csv,7,full 7,1.2219738306371086,0.0009966029247335045,0.430537529803363,0.000314647831829305,0.3309915443652863,0.00023119893238121364,0.518924506870778,0.00042321829510348256,0.000646249837255639,0.00012400251732807454,35.684981391403966,0.000794760363928185,19706,0.2003734967140379
75,0.6,0.0,2420.0,0,4f9f288a,0.605,75.10000000000001,0.0816496580927737,0.6026603787366905,-0.011,80.0,Scope_TrialNumber_0_75.00W_0.60Torr_0.00NitrogenFlow_2420.00MHz.csv,G:\My Drive\MiniChamberData\Data\NafisaData\LAS_0.6Torr_2Nitrogen_Freq_Sweep_4\LAS_DataFrame_4f9f288a_Laser_True_20260807_154812.csv,7f72a6df,4f9f288a|Scope_TrialNumber_0_75.00W_0.60Torr_0.00NitrogenFlow_2420.00MHz.csv,9,trailing partial,1.1491858122304892,0.001099992520519504,0.4031647716574012,0.0003466817907451824,0.329579439567107,0.00027126112542017275,0.4880142814545243,0.00046712381391549046,0.0005289131769998539,0.0001652106848726354,49.172696374429755,0.0007885140993944041,18730,0.20031622437273724
75,0.6,0.0,2425.0,0,4f9f288a,0.605,75.0,0.0816496580927737,0.5588780799605649,0.005,80.01,Scope_TrialNumber_0_75.00W_0.60Torr_0.00NitrogenFlow_2425.00MHz.csv,G:\My Drive\MiniChamberData\Data\NafisaData\LAS_0.6Torr_2Nitrogen_Freq_Sweep_4\LAS_DataFrame_4f9f288a_Laser_True_20260807_154812.csv,7f72a6df,4f9f288a|Scope_TrialNumber_0_75.00W_0.60Torr_0.00NitrogenFlow_2425.00MHz.csv,1,full 1,1.3148561561326335,0.0011985617264400554,0.46128124316263425,0.0003766110616534294,0.3295758199638262,0.00025999474933687276,0.5583679988231764,0.000508982301628192,-0.00045496180364135315,0.0002116058598401157,44.48807700789596,0.0007982944017617068,19783,0.20128426081901374
75,0.6,0.0,2425.0,0,4f9f288a,0.605,75.0,0.0816496580927737,0.5588780799605649,0.005,80.01,Scope_TrialNumber_0_75.00W_0.60Torr_0.00NitrogenFlow_2425.00MHz.csv,G:\My Drive\MiniChamberData\Data\NafisaData\LAS_0.6Torr_2Nitrogen_Freq_Sweep_4\LAS_DataFrame_4f9f288a_Laser_True_20260807_154812.csv,7f72a6df,4f9f288a|Scope_TrialNumber_0_75.00W_0.60Torr_0.00NitrogenFlow_2425.00MHz.csv,3,full 3,1.288424801099626,0.0010768468805181747,0.452432533465494,0.00033955945450328187,0.32988497867416283,0.000239283143254131,0.5471436358028336,0.00045729476559811677,-0.000633373278205711,0.0002159770774417987,38.34187360084465,0.0007932515395591081,19776,0.2013110656926841
75,0.6,0.0,2425.0,0,4f9f288a,0.605,75.0,0.0816496580927737,0.5588780799605649,0.005,80.01,Scope_TrialNumber_0_75.00W_0.60Torr_0.00NitrogenFlow_2425.00MHz.csv,G:\My Drive\MiniChamberData\Data\NafisaData\LAS_0.6Torr_2Nitrogen_Freq_Sweep_4\LAS_DataFrame_4f9f288a_Laser_True_20260807_154812.csv,7f72a6df,4f9f288a|Scope_TrialNumber_0_75.00W_0.60Torr_0.00NitrogenFlow_2425.00MHz.csv,5,full 5,1.2305582635920027,0.0012829504399054724,0.43393536883275285,0.00040493117816587455,0.33127652228170384,0.00030147966227485855,0.5225699798966292,0.0005448188886504109,-0.0005042806684650017,0.00021498846452452922,60.9886871887873,0.0007812692301209002,19749,0.20129146497127734
75,0.6,0.0,2425.0,0,4f9f288a,0.605,75.0,0.0816496580927737,0.5588780799605649,0.005,80.01,Scope_TrialNumber_0_75.00W_0.60Torr_0.00NitrogenFlow_2425.00MHz.csv,G:\My Drive\MiniChamberData\Data\NafisaData\LAS_0.6Torr_2Nitrogen_Freq_Sweep_4\LAS_DataFrame_4f9f288a_Laser_True_20260807_154812.csv,7f72a6df,4f9f288a|Scope_TrialNumber_0_75.00W_0.60Torr_0.00NitrogenFlow_2425.00MHz.csv,7,full 7,1.2623634148199774,0.0012649417660453347,0.44520345911987996,0.0003993923659487096,0.3313156268576556,0.0002886213843985826,0.5360763840463173,0.0005371713089985649,-0.0007260857663433121,0.00023019695398906814,54.09364747264288,0.0007964326967281551,19662,0.20130724443915635
75,0.6,0.0,2425.0,0,4f9f288a,0.605,75.0,0.0816496580927737,0.5588780799605649,0.005,80.01,Scope_TrialNumber_0_75.00W_0.60Torr_0.00NitrogenFlow_2425.00MHz.csv,G:\My Drive\MiniChamberData\Data\NafisaData\LAS_0.6Torr_2Nitrogen_Freq_Sweep_4\LAS_DataFrame_4f9f288a_Laser_True_20260807_154812.csv,7f72a6df,4f9f288a|Scope_TrialNumber_0_75.00W_0.60Torr_0.00NitrogenFlow_2425.00MHz.csv,9,trailing partial,1.2601568938804044,0.0009575559660246763,0.44301868222393664,0.00030264575229775495,0.33026702251335627,0.00021493057844360685,0.5351393608779317,0.00040663657847030566,-0.0009423792813983363,0.0002765273122661705,31.857080672141787,0.0007861199501660619,18849,0.20133077448507777
75,0.6,0.0,2430.0,0,4f9f288a,0.605,75.10000000000001,0.0816496580927737,0.520908130357086,0.004,80.0,Scope_TrialNumber_0_75.00W_0.60Torr_0.00NitrogenFlow_2430.00MHz.csv,G:\My Drive\MiniChamberData\Data\NafisaData\LAS_0.6Torr_2Nitrogen_Freq_Sweep_4\LAS_DataFrame_4f9f288a_Laser_True_20260807_154812.csv,7f72a6df,4f9f288a|Scope_TrialNumber_0_75.00W_0.60Torr_0.00NitrogenFlow_2430.00MHz.csv,1,full 1,1.1811751525954064,0.0008154551709037987,0.41545530340830933,0.0002584985255317564,0.33042872498430337,0.00019335652051133396,0.5015989035289031,0.0003462919269030943,-0.0008037633024468588,0.0002555192070537562,25.23134449531376,0.0007998274440361522,18827,0.20157450660363202
75,0.6,0.0,2430.0,0,4f9f288a,0.605,75.10000000000001,0.0816496580927737,0.520908130357086,0.004,80.0,Scope_TrialNumber_0_75.00W_0.60Torr_0.00NitrogenFlow_2430.00MHz.csv,G:\My Drive\MiniChamberData\Data\NafisaData\LAS_0.6Torr_2Nitrogen_Freq_Sweep_4\LAS_DataFrame_4f9f288a_Laser_True_20260807_154812.csv,7f72a6df,4f9f288a|Scope_TrialNumber_0_75.00W_0.60Torr_0.00NitrogenFlow_2430.00MHz.csv,3,full 3,1.1992850997528657,0.0012281400667493382,0.4263065525426966,0.00039124686821875556,0.33393916733816564,0.0002951890688076649,0.5092894899903502,0.0005215430662486979,-9.840606804070708e-05,0.0001992443335713415,57.768532137919735,0.0007928039427154964,19917,0.20151878324745276
75,0.6,0.0,2430.0,0,4f9f288a,0.605,75.10000000000001,0.0816496580927737,0.520908130357086,0.004,80.0,Scope_TrialNumber_0_75.00W_0.60Torr_0.00NitrogenFlow_2430.00MHz.csv,G:\My Drive\MiniChamberData\Data\NafisaData\LAS_0.6Torr_2Nitrogen_Freq_Sweep_4\LAS_DataFrame_4f9f288a_Laser_True_20260807_154812.csv,7f72a6df,4f9f288a|Scope_TrialNumber_0_75.00W_0.60Torr_0.00NitrogenFlow_2430.00MHz.csv,5,full 5,1.261434635317515,0.0008633128780844487,0.4439353711094794,0.00027341477934430283,0.3306151783668393,0.00019090018957174896,0.5356819677067663,0.00036661522391325755,1.4564246144578e-07,0.00018959194741528898,25.171634347668206,0.0007952320103983264,19627,0.2015279523529608
75,0.6,0.0,2430.0,0,4f9f288a,0.605,75.10000000000001,0.0816496580927737,0.520908130357086,0.004,80.0,Scope_TrialNumber_0_75.00W_0.60Torr_0.00NitrogenFlow_2430.00MHz.csv,G:\My Drive\MiniChamberData\Data\NafisaData\LAS_0.6Torr_2Nitrogen_Freq_Sweep_4\LAS_DataFrame_4f9f288a_Laser_True_20260807_154812.csv,7f72a6df,4f9f288a|Scope_TrialNumber_0_75.00W_0.60Torr_0.00NitrogenFlow_2430.00MHz.csv,7,full 7,1.1595716092902364,0.001077956956241147,0.4131258021011803,0.0003449632097967436,0.33469755224871334,0.0002675425437426206,0.49242472338262955,0.00045776617135386216,-0.0007744607056619021,0.0002660807498523355,48.0755113031237,0.0007882738144915317,18807,0.20160153188420296
75,0.6,0.0,2430.0,0,4f9f288a,0.605,75.10000000000001,0.0816496580927737,0.520908130357086,0.004,80.0,Scope_TrialNumber_0_75.00W_0.60Torr_0.00NitrogenFlow_2430.00MHz.csv,G:\My Drive\MiniChamberData\Data\NafisaData\LAS_0.6Torr_2Nitrogen_Freq_Sweep_4\LAS_DataFrame_4f9f288a_Laser_True_20260807_154812.csv,7f72a6df,4f9f288a|Scope_TrialNumber_0_75.00W_0.60Torr_0.00NitrogenFlow_2430.00MHz.csv,9,trailing partial,1.2777749270260212,0.0010636104526464175,0.4529931040356504,0.0003389312638670491,0.333046610889003,0.00023770149338405046,0.5426210506923163,0.0004516737722234051,-0.0004632136245070448,0.0002627853509167202,36.65323296182857,0.000807525689637125,18768,0.20161362927711146
75,0.6,0.0,2435.0,0,4f9f288a,0.605,74.93333333333334,0.2054804667656377,0.5640634051922728,-0.004,80.01,Scope_TrialNumber_0_75.00W_0.60Torr_0.00NitrogenFlow_2435.00MHz.csv,G:\My Drive\MiniChamberData\Data\NafisaData\LAS_0.6Torr_2Nitrogen_Freq_Sweep_4\LAS_DataFrame_4f9f288a_Laser_True_20260807_154812.csv,7f72a6df,4f9f288a|Scope_TrialNumber_0_75.00W_0.60Torr_0.00NitrogenFlow_2435.00MHz.csv,1,full 1,1.3029207372442977,0.0010092327670231523,0.4782789633533758,0.00033235061561685353,0.34485066892272465,0.00022990446078860423,0.55329949309446,0.00042858169529888133,-0.0006297111396279692,0.00022525920522751449,33.34697215344873,0.0008177731687381759,19723,0.19237055112300536
75,0.6,0.0,2435.0,0,4f9f288a,0.605,74.93333333333334,0.2054804667656377,0.5640634051922728,-0.004,80.01,Scope_TrialNumber_0_75.00W_0.60Torr_0.00NitrogenFlow_2435.00MHz.csv,G:\My Drive\MiniChamberData\Data\NafisaData\LAS_0.6Torr_2Nitrogen_Freq_Sweep_4\LAS_DataFrame_4f9f288a_Laser_True_20260807_154812.csv,7f72a6df,4f9f288a|Scope_TrialNumber_0_75.00W_0.60Torr_0.00NitrogenFlow_2435.00MHz.csv,3,full 3,1.2950727378109184,0.0008789625407633907,0.4717809192202296,0.0002878365118467346,0.34222678769675513,0.0001965079206816241,0.5499667545907514,0.0003732610237534472,-0.0003050690264073844,0.00021675668059142138,25.62154539228747,0.0008064114764068007,19667,0.19238097899263001
75,0.6,0.0,2435.0,0,4f9f288a,0.605,74.93333333333334,0.2054804667656377,0.5640634051922728,-0.004,80.01,Scope_TrialNumber_0_75.00W_0.60Torr_0.00NitrogenFlow_2435.00MHz.csv,G:\My Drive\MiniChamberData\Data\NafisaData\LAS_0.6Torr_2Nitrogen_Freq_Sweep_4\LAS_DataFrame_4f9f288a_Laser_True_20260807_154812.csv,7f72a6df,4f9f288a|Scope_TrialNumber_0_75.00W_0.60Torr_0.00NitrogenFlow_2435.00MHz.csv,5,full 5,1.2829849338579433,0.001079627187230284,0.4697491628191197,0.00035419231606450966,0.3439634118408873,0.00024943550803043066,0.5448335368833167,0.0004584754531491575,-0.0003251973579307845,0.00022047500221454602,37.34727770195933,0.0008347752712658122,19711,0.1924016080673803
75,0.6,0.0,2435.0,0,4f9f288a,0.605,74.93333333333334,0.2054804667656377,0.5640634051922728,-0.004,80.01,Scope_TrialNumber_0_75.00W_0.60Torr_0.00NitrogenFlow_2435.00MHz.csv,G:\My Drive\MiniChamberData\Data\NafisaData\LAS_0.6Torr_2Nitrogen_Freq_Sweep_4\LAS_DataFrame_4f9f288a_Laser_True_20260807_154812.csv,7f72a6df,4f9f288a|Scope_TrialNumber_0_75.00W_0.60Torr_0.00NitrogenFlow_2435.00MHz.csv,7,full 7,1.1950482993488918,0.0008514246389953264,0.43273886913412085,0.0002766340058733507,0.3401795775354157,0.00020556335459275053,0.5074902865170682,0.0003615667536005437,-0.0003379261558042369,0.00022911172099152164,27.849453982805343,0.0008077600715254036,19688,0.19236354536624817
75,0.6,0.0,2435.0,0,4f9f288a,0.605,74.93333333333334,0.2054804667656377,0.5640634051922728,-0.004,80.01,Scope_TrialNumber_0_75.00W_0.60Torr_0.00NitrogenFlow_2435.00MHz.csv,G:\My Drive\MiniChamberData\Data\NafisaData\LAS_0.6Torr_2Nitrogen_Freq_Sweep_4\LAS_DataFrame_4f9f288a_Laser_True_20260807_154812.csv,7f72a6df,4f9f288a|Scope_TrialNumber_0_75.00W_0.60Torr_0.00NitrogenFlow_2435.00MHz.csv,9,trailing partial,1.2203951008085396,0.0009680916294128055,0.44790087595824224,0.00031927112696443613,0.34478570076086695,0.0002347798170522222,0.5182540820406937,0.0004111106627683229,-0.0005246839569805961,0.00027288570628385876,36.53357349739384,0.000796651088995136,18769,0.19231527386931505
75,0.6,0.0,2440.0,0,4f9f288a,0.605,74.93333333333334,0.249443825784933,0.5744179592934322,0.001,80.01,Scope_TrialNumber_0_75.00W_0.60Torr_0.00NitrogenFlow_2440.00MHz.csv,G:\My Drive\MiniChamberData\Data\NafisaData\LAS_0.6Torr_2Nitrogen_Freq_Sweep_4\LAS_DataFrame_4f9f288a_Laser_True_20260807_154812.csv,7f72a6df,4f9f288a|Scope_TrialNumber_0_75.00W_0.60Torr_0.00NitrogenFlow_2440.00MHz.csv,1,full 1,1.2048002652253433,0.0008108506790133569,0.45123950824273573,0.0002745526123870047,0.35185186117637274,0.0001955939660280571,0.5116315651243357,0.0003443365792321935,-0.0005637536153775627,0.0002394545627667869,26.521927813380938,0.0007979273198870467,19698,0.18279772005293127
75,0.6,0.0,2440.0,0,4f9f288a,0.605,74.93333333333334,0.249443825784933,0.5744179592934322,0.001,80.01,Scope_TrialNumber_0_75.00W_0.60Torr_0.00NitrogenFlow_2440.00MHz.csv,G:\My Drive\MiniChamberData\Data\NafisaData\LAS_0.6Torr_2Nitrogen_Freq_Sweep_4\LAS_DataFrame_4f9f288a_Laser_True_20260807_154812.csv,7f72a6df,4f9f288a|Scope_TrialNumber_0_75.00W_0.60Torr_0.00NitrogenFlow_2440.00MHz.csv,3,full 3,1.1827027133312737,0.0007877618213729234,0.44925731754976006,0.00026880878135565573,0.35685136009038326,0.00020050163743133158,0.5022475988460212,0.0003345316441633101,-0.0004989827099812726,0.0002412631704022985,26.678064852874392,0.0008055974990201134,19636,0.1828475987869225
75,0.6,0.0,2440.0,0,4f9f288a,0.605,74.93333333333334,0.249443825784933,0.5744179592934322,0.001,80.01,Scope_TrialNumber_0_75.00W_0.60Torr_0.00NitrogenFlow_2440.00MHz.csv,G:\My Drive\MiniChamberData\Data\NafisaData\LAS_0.6Torr_2Nitrogen_Freq_Sweep_4\LAS_DataFrame_4f9f288a_Laser_True_20260807_154812.csv,7f72a6df,4f9f288a|Scope_TrialNumber_0_75.00W_0.60Torr_0.00NitrogenFlow_2440.00MHz.csv,5,full 5,1.2204008654493104,0.0011372171317147164,0.4709029936916923,0.0003926681957411819,0.362490587682738,0.00029286985421177295,0.5182565300582324,0.0004829316508131602,-0.0005649459627924267,0.00024659430586341044,52.91088278107826,0.0008154754310313283,19694,0.18287593897669022
75,0.6,0.0,2440.0,0,4f9f288a,0.605,74.93333333333334,0.249443825784933,0.5744179592934322,0.001,80.01,Scope_TrialNumber_0_75.00W_0.60Torr_0.00NitrogenFlow_2440.00MHz.csv,G:\My Drive\MiniChamberData\Data\NafisaData\LAS_0.6Torr_2Nitrogen_Freq_Sweep_4\LAS_DataFrame_4f9f288a_Laser_True_20260807_154812.csv,7f72a6df,4f9f288a|Scope_TrialNumber_0_75.00W_0.60Torr_0.00NitrogenFlow_2440.00MHz.csv,7,full 7,1.2876257338214412,0.0008713622403854185,0.4893172864573739,0.000297526090994734,0.3570003984356208,0.0002046779718388778,0.546804303173204,0.0003700334733535726,-0.0006342912707399366,0.00025302251568373653,28.741879579165364,0.0007898664835554044,19641,0.1828744880084965
75,0.6,0.0,2440.0,0,4f9f288a,0.605,74.93333333333334,0.249443825784933,0.5744179592934322,0.001,80.01,Scope_TrialNumber_0_75.00W_0.60Torr_0.00NitrogenFlow_2440.00MHz.csv,G:\My Drive\MiniChamberData\Data\NafisaData\LAS_0.6Torr_2Nitrogen_Freq_Sweep_4\LAS_DataFrame_4f9f288a_Laser_True_20260807_154812.csv,7f72a6df,4f9f288a|Scope_TrialNumber_0_75.00W_0.60Torr_0.00NitrogenFlow_2440.00MHz.csv,9,trailing partial,1.2945623410370877,0.0008239333706553331,0.4888692891840148,0.00028103575252976415,0.35476239352285194,0.000190918430721545,0.5497500090373459,0.00034989228684118164,-0.0011414861145145978,0.0003144158458211748,23.94231204998633,0.0008077218787126772,18677,0.18287602822070362
75,0.6,0.0,2445.0,0,4f9f288a,0.605,75.0,0.0,0.590886198302757,-0.002,80.0,Scope_TrialNumber_0_75.00W_0.60Torr_0.00NitrogenFlow_2445.00MHz.csv,G:\My Drive\MiniChamberData\Data\NafisaData\LAS_0.6Torr_2Nitrogen_Freq_Sweep_4\LAS_DataFrame_4f9f288a_Laser_True_20260807_154812.csv,7f72a6df,4f9f288a|Scope_TrialNumber_0_75.00W_0.60Torr_0.00NitrogenFlow_2445.00MHz.csv,2,full 2,1.2724987805650019,0.0011646792864999191,0.4852861655943434,0.0003977104214189305,0.35826825279480123,0.00028290655849504717,0.5403804775868881,0.0004945937541841384,-0.0009491807371269515,0.00025199653041529235,52.014943314607194,0.0007971352623119778,19646,0.18240832420734251
75,0.6,0.0,2445.0,0,4f9f288a,0.605,75.0,0.0,0.590886198302757,-0.002,80.0,Scope_TrialNumber_0_75.00W_0.60Torr_0.00NitrogenFlow_2445.00MHz.csv,G:\My Drive\MiniChamberData\Data\NafisaData\LAS_0.6Torr_2Nitrogen_Freq_Sweep_4\LAS_DataFrame_4f9f288a_Laser_True_20260807_154812.csv,7f72a6df,4f9f288a|Scope_TrialNumber_0_75.00W_0.60Torr_0.00NitrogenFlow_2445.00MHz.csv,5,full 5,1.234134205226418,0.000876459893169347,0.4716436667787802,0.0003003732733990195,0.3590206324062575,0.0002181045779347942,0.5240885424899624,0.00037219824717341733,-0.0005308071766134523,0.00023066422643866326,30.646640774081185,0.0008090408520781988,19672,0.1823662142782645
75,0.6,0.0,2445.0,0,4f9f288a,0.605,75.0,0.0,0.590886198302757,-0.002,80.0,Scope_TrialNumber_0_75.00W_0.60Torr_0.00NitrogenFlow_2445.00MHz.csv,G:\My Drive\MiniChamberData\Data\NafisaData\LAS_0.6Torr_2Nitrogen_Freq_Sweep_4\LAS_DataFrame_4f9f288a_Laser_True_20260807_154812.csv,7f72a6df,4f9f288a|Scope_TrialNumber_0_75.00W_0.60Torr_0.00NitrogenFlow_2445.00MHz.csv,8,full 8,1.2292751998580997,0.0008031743957540556,0.46885803789443203,0.00027528188519728195,0.3583109130216307,0.00019728826006526663,0.5220251128964478,0.0003410767618735382,-0.0005128810704394087,0.00022005511934877596,26.01536747221537,0.0008028289038560696,19704,0.18233972543804755
75,0.6,0.0,2445.0,0,4f9f288a,0.605,75.0,0.0,0.590886198302757,-0.002,80.0,Scope_TrialNumber_0_75.00W_0.60Torr_0.00NitrogenFlow_2445.00MHz.csv,G:\My Drive\MiniChamberData\Data\NafisaData\LAS_0.6Torr_2Nitrogen_Freq_Sweep_4\LAS_DataFrame_4f9f288a_Laser_True_20260807_154812.csv,7f72a6df,4f9f288a|Scope_TrialNumber_0_75.00W_0.60Torr_0.00NitrogenFlow_2445.00MHz.csv,10,full 10,1.2290800117027056,0.0008590006740398501,0.46803706972068015,0.0002935315342354138,0.3577403154574358,0.00021308017755677713,0.5219422241186807,0.0003647839994620737,-0.0008579784454239455,0.0002410195666382383,30.16232614146253,0.000798380504133759,19723,0.18237497758847862
75,0.6,0.0,2445.0,0,4f9f288a,0.605,75.0,0.0,0.590886198302757,-0.002,80.0,Scope_TrialNumber_0_75.00W_0.60Torr_0.00NitrogenFlow_2445.00MHz.csv,G:\My Drive\MiniChamberData\Data\NafisaData\LAS_0.6Torr_2Nitrogen_Freq_Sweep_4\LAS_DataFrame_4f9f288a_Laser_True_20260807_154812.csv,7f72a6df,4f9f288a|Scope_TrialNumber_0_75.00W_0.60Torr_0.00NitrogenFlow_2445.00MHz.csv,12,trailing partial,1.194363516503304,0.0012889033346976013,0.4598738008559642,0.00044541820055351785,0.3617178405500946,0.0003397236617319912,0.5071994860174577,0.000547346850311299,-0.0013598936036064233,0.0003111490503642055,70.46407219084578,0.0008096865704862601,18725,0.18236963153948893
75,0.6,0.0,2450.0,0,4f9f288a,0.605,74.93333333333332,0.1699673171197563,0.6070747248759285,0.009,80.01,Scope_TrialNumber_0_75.00W_0.60Torr_0.00NitrogenFlow_2450.00MHz.csv,G:\My Drive\MiniChamberData\Data\NafisaData\LAS_0.6Torr_2Nitrogen_Freq_Sweep_4\LAS_DataFrame_4f9f288a_Laser_True_20260807_154812.csv,7f72a6df,4f9f288a|Scope_TrialNumber_0_75.00W_0.60Torr_0.00NitrogenFlow_2450.00MHz.csv,1,full 1,1.3143380655175039,0.0014345410720884592,0.503393110471559,0.0004937383603025899,0.35980564378720437,0.00034023398079063215,0.5581479859961994,0.0006091935029666376,-0.00030471927254433666,0.00025448891815508986,72.92538562604904,0.0008044596579558662,19624,0.1844858528466483
75,0.6,0.0,2450.0,0,4f9f288a,0.605,74.93333333333332,0.1699673171197563,0.6070747248759285,0.009,80.01,Scope_TrialNumber_0_75.00W_0.60Torr_0.00NitrogenFlow_2450.00MHz.csv,G:\My Drive\MiniChamberData\Data\NafisaData\LAS_0.6Torr_2Nitrogen_Freq_Sweep_4\LAS_DataFrame_4f9f288a_Laser_True_20260807_154812.csv,7f72a6df,4f9f288a|Scope_TrialNumber_0_75.00W_0.60Torr_0.00NitrogenFlow_2450.00MHz.csv,3,full 3,1.2590826235587922,0.0009188183739234729,0.4806455567469357,0.00031452497028170855,0.3586232907997367,0.00022449742205322588,0.5346831602761578,0.00039018623773919714,0.00020111596090229532,0.00022979648764457586,33.3914061309861,0.0007976028420686086,19775,0.1844583385507972
75,0.6,0.0,2450.0,0,4f9f288a,0.605,74.93333333333332,0.1699673171197563,0.6070747248759285,0.009,80.01,Scope_TrialNumber_0_75.00W_0.60Torr_0.00NitrogenFlow_2450.00MHz.csv,G:\My Drive\MiniChamberData\Data\NafisaData\LAS_0.6Torr_2Nitrogen_Freq_Sweep_4\LAS_DataFrame_4f9f288a_Laser_True_20260807_154812.csv,7f72a6df,4f9f288a|Scope_TrialNumber_0_75.00W_0.60Torr_0.00NitrogenFlow_2450.00MHz.csv,5,full 5,1.218108688419557,0.0010691599776468674,0.4661568028669086,0.00036592353830087684,0.35951231815020307,0.0002729959955535887,0.517283132097488,0.00045403043850546785,0.0003030861879117121,0.0002244258414093323,47.803554050331016,0.0008004730081787257,19772,0.1845649222076133
75,0.6,0.0,2450.0,0,4f9f288a,0.605,74.93333333333332,0.1699673171197563,0.6070747248759285,0.009,80.01,Scope_TrialNumber_0_75.00W_0.60Torr_0.00NitrogenFlow_2450.00MHz.csv,G:\My Drive\MiniChamberData\Data\NafisaData\LAS_0.6Torr_2Nitrogen_Freq_Sweep_4\LAS_DataFrame_4f9f288a_Laser_True_20260807_154812.csv,7f72a6df,4f9f288a|Scope_TrialNumber_0_75.00W_0.60Torr_0.00NitrogenFlow_2450.00MHz.csv,7,full 7,1.3193056037863677,0.0008708959858185724,0.49982545256434424,0.00029680443826920756,0.35591045898255974,0.00019965645005712358,0.5602575052689549,0.0003698354732695195,-8.934065725971953e-05,0.00024553439006250806,25.953116333070014,0.000809984687936192,19703,0.1845158284810919
75,0.6,0.0,2450.0,0,4f9f288a,0.605,74.93333333333332,0.1699673171197563,0.6070747248759285,0.009,80.01,Scope_TrialNumber_0_75.00W_0.60Torr_0.00NitrogenFlow_2450.00MHz.csv,G:\My Drive\MiniChamberData\Data\NafisaData\LAS_0.6Torr_2Nitrogen_Freq_Sweep_4\LAS_DataFrame_4f9f288a_Laser_True_20260807_154812.csv,7f72a6df,4f9f288a|Scope_TrialNumber_0_75.00W_0.60Torr_0.00NitrogenFlow_2450.00MHz.csv,9,trailing partial,1.1861052369410685,0.00088870231765956,0.4479665684015511,0.0003017778638814579,0.3548053586314986,0.0002273920951739912,0.5036925175849178,0.00037739712617737624,-0.0003365554493642533,0.0002931493334399714,34.30145850943498,0.0007949804435054055,18700,0.1844980960195237
75,0.6,0.0,2455.0,0,4f9f288a,0.605,74.89999999999999,0.0816496580927737,0.6234871081486327,-0.002,79.99,Scope_TrialNumber_0_75.00W_0.60Torr_0.00NitrogenFlow_2455.00MHz.csv,G:\My Drive\MiniChamberData\Data\NafisaData\LAS_0.6Torr_2Nitrogen_Freq_Sweep_4\LAS_DataFrame_4f9f288a_Laser_True_20260807_154812.csv,7f72a6df,4f9f288a|Scope_TrialNumber_0_75.00W_0.60Torr_0.00NitrogenFlow_2455.00MHz.csv,2,full 2,1.2570584979389672,0.001028540536063439,0.46893124824065674,0.00034410014252473113,0.3504462970233403,0.0002451297290472937,0.5338235932684383,0.0004367809498793021,0.000869531760279618,0.00015771986926538557,39.73302214877999,0.0007989852110753172,19687,0.18806110610309829
75,0.6,0.0,2455.0,0,4f9f288a,0.605,74.89999999999999,0.0816496580927737,0.6234871081486327,-0.002,79.99,Scope_TrialNumber_0_75.00W_0.60Torr_0.00NitrogenFlow_2455.00MHz.csv,G:\My Drive\MiniChamberData\Data\NafisaData\LAS_0.6Torr_2Nitrogen_Freq_Sweep_4\LAS_DataFrame_4f9f288a_Laser_True_20260807_154812.csv,7f72a6df,4f9f288a|Scope_TrialNumber_0_75.00W_0.60Torr_0.00NitrogenFlow_2455.00MHz.csv,5,full 5,1.2545169480847174,0.0011743553570242712,0.4691586075263079,0.0003930544125766392,0.3513265294709028,0.0002839476153275033,0.5327442964195718,0.0004987028030028667,0.0012551129527536595,0.00014918229078049436,54.683743393889294,0.000780714933963046,19756,0.1880880606887687
75,0.6,0.0,2455.0,0,4f9f288a,0.605,74.89999999999999,0.0816496580927737,0.6234871081486327,-0.002,79.99,Scope_TrialNumber_0_75.00W_0.60Torr_0.00NitrogenFlow_2455.00MHz.csv,G:\My Drive\MiniChamberData\Data\NafisaData\LAS_0.6Torr_2Nitrogen_Freq_Sweep_4\LAS_DataFrame_4f9f288a_Laser_True_20260807_154812.csv,7f72a6df,4f9f288a|Scope_TrialNumber_0_75.00W_0.60Torr_0.00NitrogenFlow_2455.00MHz.csv,8,full 8,1.1899718066181222,0.0010294782507139877,0.44567002666702915,0.00034526074903894384,0.3518394593229507,0.0002613338833886062,0.505334498544445,0.0004371791606268823,0.0012742901143918827,0.0001433248486462034,44.784886201908236,0.0007987350135520747,19761,0.18802634866828594
75,0.6,0.0,2455.0,0,4f9f288a,0.605,74.89999999999999,0.0816496580927737,0.6234871081486327,-0.002,79.99,Scope_TrialNumber_0_75.00W_0.60Torr_0.00NitrogenFlow_2455.00MHz.csv,G:\My Drive\MiniChamberData\Data\NafisaData\LAS_0.6Torr_2Nitrogen_Freq_Sweep_4\LAS_DataFrame_4f9f288a_Laser_True_20260807_154812.csv,7f72a6df,4f9f288a|Scope_TrialNumber_0_75.00W_0.60Torr_0.00NitrogenFlow_2455.00MHz.csv,11,full 11,1.2009732919678735,0.001092418525206909,0.4495368529554045,0.0003660425598888221,0.35164119022467616,0.0002749121661406083,0.5100063992159916,0.00046390743424835727,0.000867846712792076,0.00016207224450669462,48.4043662588845,0.0008056484848243862,19656,0.18802243094158988
75,0.6,0.0,2455.0,0,4f9f288a,0.605,74.89999999999999,0.0816496580927737,0.6234871081486327,-0.002,79.99,Scope_TrialNumber_0_75.00W_0.60Torr_0.00NitrogenFlow_2455.00MHz.csv,G:\My Drive\MiniChamberData\Data\NafisaData\LAS_0.6Torr_2Nitrogen_Freq_Sweep_4\LAS_DataFrame_4f9f288a_Laser_True_20260807_154812.csv,7f72a6df,4f9f288a|Scope_TrialNumber_0_75.00W_0.60Torr_0.00NitrogenFlow_2455.00MHz.csv,14,trailing partial,1.2873836869629331,0.0009622209591879157,0.47971742209317564,0.0003234468708503721,0.3500622495995637,0.0002218565644127967,0.546701515336393,0.00040861761866617255,0.0008229625176610476,0.00019499629468361032,30.984118618213408,0.000825389622951834,18716,0.18805951165077922
75,0.6,0.0,2460.0,0,4f9f288a,0.605,74.8,0.294392028877591,0.6386835935645738,0.001,80.0,Scope_TrialNumber_0_75.00W_0.60Torr_0.00NitrogenFlow_2460.00MHz.csv,G:\My Drive\MiniChamberData\Data\NafisaData\LAS_0.6Torr_2Nitrogen_Freq_Sweep_4\LAS_DataFrame_4f9f288a_Laser_True_20260807_154812.csv,7f72a6df,4f9f288a|Scope_TrialNumber_0_75.00W_0.60Torr_0.00NitrogenFlow_2460.00MHz.csv,1,full 1,1.2742616586107145,0.0011296549854165148,0.46702569665579097,0.0003719628248419596,0.34431024945651306,0.00026213935906858204,0.5411291029646246,0.0004797203029591451,0.00028108777357610824,0.00023557561813214168,42.549421667480615,0.0008199309090439547,18729,0.1905942093591222
75,0.6,0.0,2460.0,0,4f9f288a,0.605,74.8,0.294392028877591,0.6386835935645738,0.001,80.0,Scope_TrialNumber_0_75.00W_0.60Torr_0.00NitrogenFlow_2460.00MHz.csv,G:\My Drive\MiniChamberData\Data\NafisaData\LAS_0.6Torr_2Nitrogen_Freq_Sweep_4\LAS_DataFrame_4f9f288a_Laser_True_20260807_154812.csv,7f72a6df,4f9f288a|Scope_TrialNumber_0_75.00W_0.60Torr_0.00NitrogenFlow_2460.00MHz.csv,3,full 3,1.2326744033702222,0.0010534387335119765,0.45184199531554614,0.00034595827419930605,0.3443546919777887,0.0002535550290288466,0.5234686217196785,0.00044735424081976134,0.0008505424792045093,0.00017535082532506576,42.04175886029613,0.0007994853811932063,19726,0.19053495621072336
75,0.6,0.0,2460.0,0,4f9f288a,0.605,74.8,0.294392028877591,0.6386835935645738,0.001,80.0,Scope_TrialNumber_0_75.00W_0.60Torr_0.00NitrogenFlow_2460.00MHz.csv,G:\My Drive\MiniChamberData\Data\NafisaData\LAS_0.6Torr_2Nitrogen_Freq_Sweep_4\LAS_DataFrame_4f9f288a_Laser_True_20260807_154812.csv,7f72a6df,4f9f288a|Scope_TrialNumber_0_75.00W_0.60Torr_0.00NitrogenFlow_2460.00MHz.csv,5,full 5,1.270848919395737,0.0012676797557441396,0.4717211528823133,0.00042138426714238906,0.34870583702391045,0.00030330545026830867,0.5396798460576355,0.0005383340261686445,0.0009927317861914144,0.0001671779511511304,59.199936964278336,0.0007970752453946153,19740,0.19065677386264873
75,0.6,0.0,2460.0,0,4f9f288a,0.605,74.8,0.294392028877591,0.6386835935645738,0.001,80.0,Scope_TrialNumber_0_75.00W_0.60Torr_0.00NitrogenFlow_2460.00MHz.csv,G:\My Drive\MiniChamberData\Data\NafisaData\LAS_0.6Torr_2Nitrogen_Freq_Sweep_4\LAS_DataFrame_4f9f288a_Laser_True_20260807_154812.csv,7f72a6df,4f9f288a|Scope_TrialNumber_0_75.00W_0.60Torr_0.00NitrogenFlow_2460.00MHz.csv,7,full 7,1.1271459870995175,0.0009073886127485279,0.41438065535837526,0.00029990399887390624,0.345371974589907,0.00023737111648244516,0.4786548294753893,0.00038533246507021395,0.0004233311021092595,0.00022992213183639258,36.5785833789489,0.0008039189016291686,18752,0.19055943099010564
75,0.6,0.0,2460.0,0,4f9f288a,0.605,74.8,0.294392028877591,0.6386835935645738,0.001,80.0,Scope_TrialNumber_0_75.00W_0.60Torr_0.00NitrogenFlow_2460.00MHz.csv,G:\My Drive\MiniChamberData\Data\NafisaData\LAS_0.6Torr_2Nitrogen_Freq_Sweep_4\LAS_DataFrame_4f9f288a_Laser_True_20260807_154812.csv,7f72a6df,4f9f288a|Scope_TrialNumber_0_75.00W_0.60Torr_0.00NitrogenFlow_2460.00MHz.csv,9,trailing partial,1.194535987289812,0.0010225684281232842,0.4392816881756973,0.0003376849709412827,0.3454710432447141,0.000253678362119212,0.5072727276169047,0.0004342448291456788,0.0005452276932805416,0.00022369389384220358,41.38330304319504,0.0008068473324859167,18831,0.19059872040785422
80,0.6,0.0,2410.0,0,4f9f288a,0.605,80.13333333333333,0.0942809041582043,0.6798470184081667,-0.0,79.99,Scope_TrialNumber_0_80.00W_0.60Torr_0.00NitrogenFlow_2410.00MHz.csv,G:\My Drive\MiniChamberData\Data\NafisaData\LAS_0.6Torr_2Nitrogen_Freq_Sweep_4\LAS_DataFrame_4f9f288a_Laser_True_20260807_154812.csv,7f72a6df,4f9f288a|Scope_TrialNumber_0_80.00W_0.60Torr_0.00NitrogenFlow_2410.00MHz.csv,1,full 1,1.2236678252323687,0.0008981402740503218,0.4339372542617879,0.0002867921633517222,0.3331433783450837,0.00020823557593746466,0.5196438801404403,0.00038140505723379705,-0.0014607244827286126,0.000293464099290159,29.298165290916504,0.0007936236901158678,18761,0.1978897313104717
80,0.6,0.0,2410.0,0,4f9f288a,0.605,80.13333333333333,0.0942809041582043,0.6798470184081667,-0.0,79.99,Scope_TrialNumber_0_80.00W_0.60Torr_0.00NitrogenFlow_2410.00MHz.csv,G:\My Drive\MiniChamberData\Data\NafisaData\LAS_0.6Torr_2Nitrogen_Freq_Sweep_4\LAS_DataFrame_4f9f288a_Laser_True_20260807_154812.csv,7f72a6df,4f9f288a|Scope_TrialNumber_0_80.00W_0.60Torr_0.00NitrogenFlow_2410.00MHz.csv,3,full 3,1.2716805225538503,0.001078366809345567,0.45702630812440126,0.0003471143887441114,0.3376221807158762,0.00024704170356290984,0.5400329954033225,0.000457940219942112,-0.0009649325503853587,0.0002374412320818463,39.529825786814506,0.0008018563080717333,19745,0.19788691542054118
80,0.6,0.0,2410.0,0,4f9f288a,0.605,80.13333333333333,0.0942809041582043,0.6798470184081667,-0.0,79.99,Scope_TrialNumber_0_80.00W_0.60Torr_0.00NitrogenFlow_2410.00MHz.csv,G:\My Drive\MiniChamberData\Data\NafisaData\LAS_0.6Torr_2Nitrogen_Freq_Sweep_4\LAS_DataFrame_4f9f288a_Laser_True_20260807_154812.csv,7f72a6df,4f9f288a|Scope_TrialNumber_0_80.00W_0.60Torr_0.00NitrogenFlow_2410.00MHz.csv,5,full 5,1.2668208650184571,0.0010386896287137757,0.4524491787621342,0.00033241806138466066,0.3355230695856898,0.0002361005537601198,0.5379692888599508,0.00044109087269983904,-0.0007525705882421784,0.00023133188584537295,37.01770496365084,0.0007960192224421897,19749,0.1979142005947893
80,0.6,0.0,2410.0,0,4f9f288a,0.605,80.13333333333333,0.0942809041582043,0.6798470184081667,-0.0,79.99,Scope_TrialNumber_0_80.00W_0.60Torr_0.00NitrogenFlow_2410.00MHz.csv,G:\My Drive\MiniChamberData\Data\NafisaData\LAS_0.6Torr_2Nitrogen_Freq_Sweep_4\LAS_DataFrame_4f9f288a_Laser_True_20260807_154812.csv,7f72a6df,4f9f288a|Scope_TrialNumber_0_80.00W_0.60Torr_0.00NitrogenFlow_2410.00MHz.csv,7,full 7,1.0997057841667548,0.0016773109144495918,0.4002584146722965,0.0005510667071748746,0.3419257052842427,0.00046144553004289667,0.467002048197828,0.0007122883627515355,-0.0011058991190241842,0.0002673720487499187,127.45871301167963,0.0008004249466431938,19452,0.1979384633911368
80,0.6,0.0,2410.0,0,4f9f288a,0.605,80.13333333333333,0.0942809041582043,0.6798470184081667,-0.0,79.99,Scope_TrialNumber_0_80.00W_0.60Torr_0.00NitrogenFlow_2410.00MHz.csv,G:\My Drive\MiniChamberData\Data\NafisaData\LAS_0.6Torr_2Nitrogen_Freq_Sweep_4\LAS_DataFrame_4f9f288a_Laser_True_20260807_154812.csv,7f72a6df,4f9f288a|Scope_TrialNumber_0_80.00W_0.60Torr_0.00NitrogenFlow_2410.00MHz.csv,9,trailing partial,1.0423907908993069,0.0009528442972021242,0.3739949061440588,0.0003074345783320171,0.33705665854203176,0.00026825081527267596,0.44266261156512565,0.0004046357169469402,-0.0012049427968761513,0.000293547170121516,46.023800409252345,0.000799496525177913,18472,0.1978629199748871
80,0.6,0.0,2415.0,0,4f9f288a,0.605,79.96666666666667,0.0942809041582009,0.6577173533896362,0.001,79.98,Scope_TrialNumber_0_80.00W_0.60Torr_0.00NitrogenFlow_2415.00MHz.csv,G:\My Drive\MiniChamberData\Data\NafisaData\LAS_0.6Torr_2Nitrogen_Freq_Sweep_4\LAS_DataFrame_4f9f288a_Laser_True_20260807_154812.csv,7f72a6df,4f9f288a|Scope_TrialNumber_0_80.00W_0.60Torr_0.00NitrogenFlow_2415.00MHz.csv,1,full 1,1.271062554718618,0.0013755182055306106,0.44857954663436467,0.0004365007549217953,0.3315433587482256,0.00031054356021217703,0.5397705686261527,0.0005841287993251018,-0.001768609113285155,0.00035578413851606986,62.7525235410846,0.0007963953472885784,18788,0.20034207022056982
80,0.6,0.0,2415.0,0,4f9f288a,0.605,79.96666666666667,0.0942809041582009,0.6577173533896362,0.001,79.98,Scope_TrialNumber_0_80.00W_0.60Torr_0.00NitrogenFlow_2415.00MHz.csv,G:\My Drive\MiniChamberData\Data\NafisaData\LAS_0.6Torr_2Nitrogen_Freq_Sweep_4\LAS_DataFrame_4f9f288a_Laser_True_20260807_154812.csv,7f72a6df,4f9f288a|Scope_TrialNumber_0_80.00W_0.60Torr_0.00NitrogenFlow_2415.00MHz.csv,3,full 3,1.2765221001661333,0.001024325941272016,0.447051290354596,0.000322614296545803,0.32900068678421734,0.00022549048297122108,0.5420890241102717,0.00043499117626143413,-0.0013924803898867654,0.00034306831646663336,34.62716112211723,0.000790722449596042,18810,0.20031050622360758
80,0.6,0.0,2415.0,0,4f9f288a,0.605,79.96666666666667,0.0942809041582009,0.6577173533896362,0.001,79.98,Scope_TrialNumber_0_80.00W_0.60Torr_0.00NitrogenFlow_2415.00MHz.csv,G:\My Drive\MiniChamberData\Data\NafisaData\LAS_0.6Torr_2Nitrogen_Freq_Sweep_4\LAS_DataFrame_4f9f288a_Laser_True_20260807_154812.csv,7f72a6df,4f9f288a|Scope_TrialNumber_0_80.00W_0.60Torr_0.00NitrogenFlow_2415.00MHz.csv,5,full 5,1.2651544587777874,0.0011672811179381302,0.4445066053527823,0.00036857971910275836,0.3300672679129235,0.00026303482630685745,0.5372616312857824,0.0004956986502647121,-0.001487375392489165,0.0003447503801689539,45.25732998473459,0.0007977530336035172,19046,0.20038250735478216
80,0.6,0.0,2415.0,0,4f9f288a,0.605,79.96666666666667,0.0942809041582009,0.6577173533896362,0.001,79.98,Scope_TrialNumber_0_80.00W_0.60Torr_0.00NitrogenFlow_2415.00MHz.csv,G:\My Drive\MiniChamberData\Data\NafisaData\LAS_0.6Torr_2Nitrogen_Freq_Sweep_4\LAS_DataFrame_4f9f288a_Laser_True_20260807_154812.csv,7f72a6df,4f9f288a|Scope_TrialNumber_0_80.00W_0.60Torr_0.00NitrogenFlow_2415.00MHz.csv,7,full 7,1.2698808474685233,0.0012237070114931984,0.44868162286026436,0.00038741343340807345,0.331927395883367,0.0002767581829591008,0.5392687437616207,0.0005196605210132375,-0.0009654905386367704,0.00029083195293436913,49.22191583072028,0.0008067718208219594,19690,0.20042235749457518
80,0.6,0.0,2415.0,0,4f9f288a,0.605,79.96666666666667,0.0942809041582009,0.6577173533896362,0.001,79.98,Scope_TrialNumber_0_80.00W_0.60Torr_0.00NitrogenFlow_2415.00MHz.csv,G:\My Drive\MiniChamberData\Data\NafisaData\LAS_0.6Torr_2Nitrogen_Freq_Sweep_4\LAS_DataFrame_4f9f288a_Laser_True_20260807_154812.csv,7f72a6df,4f9f288a|Scope_TrialNumber_0_80.00W_0.60Torr_0.00NitrogenFlow_2415.00MHz.csv,9,trailing partial,1.2288335401987482,0.0012973515985819654,0.4309603733156777,0.0004093418752119948,0.3294671142110795,0.00029909026540851007,0.5218375573079503,0.0005509344976570872,-0.0011543320049363626,0.00032991491088245003,58.131218846526934,0.000802039935244815,18838,0.20037921526902058
80,0.6,0.0,2420.0,0,4f9f288a,0.605,80.06666666666668,0.0471404520791038,0.6220372863542416,0.003,80.0,Scope_TrialNumber_0_80.00W_0.60Torr_0.00NitrogenFlow_2420.00MHz.csv,G:\My Drive\MiniChamberData\Data\NafisaData\LAS_0.6Torr_2Nitrogen_Freq_Sweep_4\LAS_DataFrame_4f9f288a_Laser_True_20260807_154812.csv,7f72a6df,4f9f288a|Scope_TrialNumber_0_80.00W_0.60Torr_0.00NitrogenFlow_2420.00MHz.csv,0,full 0,1.2570052738258146,0.001282727544568383,0.43693397184586286,0.00040018484316384694,0.3265476048743987,0.00028606885840829274,0.5338009910686377,0.0005447242337159247,-0.0011411583195507862,0.0002436644734880055,54.3602400523581,0.000797214549418224,19749,0.20235225130208334
80,0.6,0.0,2420.0,0,4f9f288a,0.605,80.06666666666668,0.0471404520791038,0.6220372863542416,0.003,80.0,Scope_TrialNumber_0_80.00W_0.60Torr_0.00NitrogenFlow_2420.00MHz.csv,G:\My Drive\MiniChamberData\Data\NafisaData\LAS_0.6Torr_2Nitrogen_Freq_Sweep_4\LAS_DataFrame_4f9f288a_Laser_True_20260807_154812.csv,7f72a6df,4f9f288a|Scope_TrialNumber_0_80.00W_0.60Torr_0.00NitrogenFlow_2420.00MHz.csv,1,full 1,1.3019114197682389,0.001473778291146678,0.4547513567197807,0.00046335122427432185,0.32814089388497375,0.00032263834959926223,0.5528708754265458,0.0006258560157310485,-0.0013831538824943012,0.00028845113612076555,66.06865546858637,0.0008026861068109868,18918,0.20233214192708332
80,0.6,0.0,2420.0,0,4f9f288a,0.605,80.06666666666668,0.0471404520791038,0.6220372863542416,0.003,80.0,Scope_TrialNumber_0_80.00W_0.60Torr_0.00NitrogenFlow_2420.00MHz.csv,G:\My Drive\MiniChamberData\Data\NafisaData\LAS_0.6Torr_2Nitrogen_Freq_Sweep_4\LAS_DataFrame_4f9f288a_Laser_True_20260807_154812.csv,7f72a6df,4f9f288a|Scope_TrialNumber_0_80.00W_0.60Torr_0.00NitrogenFlow_2420.00MHz.csv,2,full 2,1.2602984043021779,0.001005559339413438,0.43788654777916014,0.0003142530632989047,0.3264044018627567,0.0002225433384579476,0.5351994548210217,0.0004270217342235262,-0.001026139266410782,0.00026340743006714114,32.98084334439755,0.0007995783305047655,19101,0.202373296875
80,0.6,0.0,2420.0,0,4f9f288a,0.605,80.06666666666668,0.0471404520791038,0.6220372863542416,0.003,80.0,Scope_TrialNumber_0_80.00W_0.60Torr_0.00NitrogenFlow_2420.00MHz.csv,G:\My Drive\MiniChamberData\Data\NafisaData\LAS_0.6Torr_2Nitrogen_Freq_Sweep_4\LAS_DataFrame_4f9f288a_Laser_True_20260807_154812.csv,7f72a6df,4f9f288a|Scope_TrialNumber_0_80.00W_0.60Torr_0.00NitrogenFlow_2420.00MHz.csv,3,full 3,1.360657381662011,0.0010362428890908148,0.47340335541647494,0.0003242215837682395,0.32685139252065537,0.00021342299159328885,0.5778179884841806,0.00044005183804913443,-0.0009473217767626484,0.00023644260621967552,31.72829806073701,0.0007838883898155002,19955,0.20233938541666666
80,0.6,0.0,2420.0,0,4f9f288a,0.605,80.06666666666668,0.0471404520791038,0.6220372863542416,0.003,80.0,Scope_TrialNumber_0_80.00W_0.60Torr_0.00NitrogenFlow_2420.00MHz.csv,G:\My Drive\MiniChamberData\Data\NafisaData\LAS_0.6Torr_2Nitrogen_Freq_Sweep_4\LAS_DataFrame_4f9f288a_Laser_True_20260807_154812.csv,7f72a6df,4f9f288a|Scope_TrialNumber_0_80.00W_0.60Torr_0.00NitrogenFlow_2420.00MHz.csv,4,trailing partial,1.1724687221352397,0.0008672161632563413,0.4032586066230898,0.0002688033407063585,0.32310982874518973,0.00020250956323358794,0.4979016229326475,0.0003682727965078722,-0.0011336806233416586,0.0002837748833181464,27.424359553209545,0.000803718921252963,18776,0.20247374316716207
80,0.6,0.0,2425.0,0,4f9f288a,0.605,79.96666666666667,0.0471404520791004,0.579820807245325,-0.002,80.01,Scope_TrialNumber_0_80.00W_0.60Torr_0.00NitrogenFlow_2425.00MHz.csv,G:\My Drive\MiniChamberData\Data\NafisaData\LAS_0.6Torr_2Nitrogen_Freq_Sweep_4\LAS_DataFrame_4f9f288a_Laser_True_20260807_154812.csv,7f72a6df,4f9f288a|Scope_TrialNumber_0_80.00W_0.60Torr_0.00NitrogenFlow_2425.00MHz.csv,2,full 2,1.232375267637597,0.0009900063159876784,0.4240900823402284,0.00030662223122405975,0.3232830480612777,0.0002216353059283715,0.5233415904701966,0.00042041697329558227,-0.0024850726204844356,0.0003730194681750956,33.82481410585096,0.0007890757754348524,18849,0.20331805898203342
80,0.6,0.0,2425.0,0,4f9f288a,0.605,79.96666666666667,0.0471404520791004,0.579820807245325,-0.002,80.01,Scope_TrialNumber_0_80.00W_0.60Torr_0.00NitrogenFlow_2425.00MHz.csv,G:\My Drive\MiniChamberData\Data\NafisaData\LAS_0.6Torr_2Nitrogen_Freq_Sweep_4\LAS_DataFrame_4f9f288a_Laser_True_20260807_154812.csv,7f72a6df,4f9f288a|Scope_TrialNumber_0_80.00W_0.60Torr_0.00NitrogenFlow_2425.00MHz.csv,5,full 5,1.3543445919579131,0.0011025045272478845,0.4677539980230698,0.00034260976068298385,0.3244562319021171,0.00022720389788743672,0.5751371935260187,0.0004681905649539323,-0.00193148800605426,0.0003126755222753903,35.77996506589112,0.000786464620681961,19757,0.20330972585741955
80,0.6,0.0,2425.0,0,4f9f288a,0.605,79.96666666666667,0.0471404520791004,0.579820807245325,-0.002,80.01,Scope_TrialNumber_0_80.00W_0.60Torr_0.00NitrogenFlow_2425.00MHz.csv,G:\My Drive\MiniChamberData\Data\NafisaData\LAS_0.6Torr_2Nitrogen_Freq_Sweep_4\LAS_DataFrame_4f9f288a_Laser_True_20260807_154812.csv,7f72a6df,4f9f288a|Scope_TrialNumber_0_80.00W_0.60Torr_0.00NitrogenFlow_2425.00MHz.csv,8,full 8,1.3195251218401716,0.0013533410101030808,0.45845702361633506,0.0004218907967810462,0.3263989533342431,0.00029141997032516436,0.5603507260032811,0.0005747110115521774,-0.001747095706716679,0.000311794401426856,55.78229046135426,0.0007946969759682199,19731,0.20332563511296464
80,0.6,0.0,2425.0,0,4f9f288a,0.605,79.96666666666667,0.0471404520791004,0.579820807245325,-0.002,80.01,Scope_TrialNumber_0_80.00W_0.60Torr_0.00NitrogenFlow_2425.00MHz.csv,G:\My Drive\MiniChamberData\Data\NafisaData\LAS_0.6Torr_2Nitrogen_Freq_Sweep_4\LAS_DataFrame_4f9f288a_Laser_True_20260807_154812.csv,7f72a6df,4f9f288a|Scope_TrialNumber_0_80.00W_0.60Torr_0.00NitrogenFlow_2425.00MHz.csv,11,full 11,1.2321026429761868,0.0009560635609187825,0.4269852163527392,0.00029820345974716837,0.32556202357172603,0.00021511140440945035,0.5232258174360807,0.00040600281237465727,-0.002328384207944386,0.00037114713401795743,30.294545301179955,0.0008114683869824769,18826,0.20330714555572252
80,0.6,0.0,2425.0,0,4f9f288a,0.605,79.96666666666667,0.0471404520791004,0.579820807245325,-0.002,80.01,Scope_TrialNumber_0_80.00W_0.60Torr_0.00NitrogenFlow_2425.00MHz.csv,G:\My Drive\MiniChamberData\Data\NafisaData\LAS_0.6Torr_2Nitrogen_Freq_Sweep_4\LAS_DataFrame_4f9f288a_Laser_True_20260807_154812.csv,7f72a6df,4f9f288a|Scope_TrialNumber_0_80.00W_0.60Torr_0.00NitrogenFlow_2425.00MHz.csv,14,trailing partial,1.1746983937068864,0.0009161493912245329,0.40504234596932215,0.0002843353560336381,0.3239230438162061,0.0002153519067949185,0.4988484772692885,0.00038905282514379647,-0.002052264321048273,0.0003595443413258351,31.36195131968723,0.0007977320349980053,18825,0.20337182971014495
80,0.6,0.0,2430.0,0,4f9f288a,0.605,80.0,0.0816496580927679,0.5421341953871245,-0.005,80.0,Scope_TrialNumber_0_80.00W_0.60Torr_0.00NitrogenFlow_2430.00MHz.csv,G:\My Drive\MiniChamberData\Data\NafisaData\LAS_0.6Torr_2Nitrogen_Freq_Sweep_4\LAS_DataFrame_4f9f288a_Laser_True_20260807_154812.csv,7f72a6df,4f9f288a|Scope_TrialNumber_0_80.00W_0.60Torr_0.00NitrogenFlow_2430.00MHz.csv,1,full 1,1.237829495116479,0.0010265180859915129,0.43058807874640587,0.00032129792907144555,0.32679015529515276,0.0002309320551217324,0.5256577876209688,0.0004359220944112617,-0.00041039237974566627,0.00025335112242340477,35.435726921972886,0.0008016067493514819,18901,0.2033074274023121
80,0.6,0.0,2430.0,0,4f9f288a,0.605,80.0,0.0816496580927679,0.5421341953871245,-0.005,80.0,Scope_TrialNumber_0_80.00W_0.60Torr_0.00NitrogenFlow_2430.00MHz.csv,G:\My Drive\MiniChamberData\Data\NafisaData\LAS_0.6Torr_2Nitrogen_Freq_Sweep_4\LAS_DataFrame_4f9f288a_Laser_True_20260807_154812.csv,7f72a6df,4f9f288a|Scope_TrialNumber_0_80.00W_0.60Torr_0.00NitrogenFlow_2430.00MHz.csv,3,full 3,1.1651814647748282,0.0009258173307616145,0.4060599331424049,0.00028972501179544636,0.327389209417249,0.00022144104819931955,0.4948070096623941,0.0003931584210501514,0.00011610709335111502,0.00020794585309909838,32.96543306019513,0.0008012473854161935,19747,0.2032688458502481
80,0.6,0.0,2430.0,0,4f9f288a,0.605,80.0,0.0816496580927679,0.5421341953871245,-0.005,80.0,Scope_TrialNumber_0_80.00W_0.60Torr_0.00NitrogenFlow_2430.00MHz.csv,G:\My Drive\MiniChamberData\Data\NafisaData\LAS_0.6Torr_2Nitrogen_Freq_Sweep_4\LAS_DataFrame_4f9f288a_Laser_True_20260807_154812.csv,7f72a6df,4f9f288a|Scope_TrialNumber_0_80.00W_0.60Torr_0.00NitrogenFlow_2430.00MHz.csv,5,full 5,1.2396782986046317,0.0013047848984427146,0.4340021237697198,0.0004096227052239894,0.3288899826374452,0.000297619707657903,0.5264429021744371,0.0005540911294669933,-0.00012909831020896365,0.0002119464055998959,60.884284719713236,0.0007820492521348162,19776,0.2032973464203378
80,0.6,0.0,2430.0,0,4f9f288a,0.605,80.0,0.0816496580927679,0.5421341953871245,-0.005,80.0,Scope_TrialNumber_0_80.00W_0.60Torr_0.00NitrogenFlow_2430.00MHz.csv,G:\My Drive\MiniChamberData\Data\NafisaData\LAS_0.6Torr_2Nitrogen_Freq_Sweep_4\LAS_DataFrame_4f9f288a_Laser_True_20260807_154812.csv,7f72a6df,4f9f288a|Scope_TrialNumber_0_80.00W_0.60Torr_0.00NitrogenFlow_2430.00MHz.csv,7,full 7,1.343074660439735,0.0012038992715916335,0.4705510431792986,0.00038039660198946107,0.32913523314400867,0.00025427794642549653,0.5703512942629478,0.0005112489483568205,-0.0007097607358928457,0.00025656260623997863,44.00535050480203,0.0007881699361338904,18827,0.203305795964266
80,0.6,0.0,2430.0,0,4f9f288a,0.605,80.0,0.0816496580927679,0.5421341953871245,-0.005,80.0,Scope_TrialNumber_0_80.00W_0.60Torr_0.00NitrogenFlow_2430.00MHz.csv,G:\My Drive\MiniChamberData\Data\NafisaData\LAS_0.6Torr_2Nitrogen_Freq_Sweep_4\LAS_DataFrame_4f9f288a_Laser_True_20260807_154812.csv,7f72a6df,4f9f288a|Scope_TrialNumber_0_80.00W_0.60Torr_0.00NitrogenFlow_2430.00MHz.csv,9,trailing partial,1.3058504039604983,0.0011195393997800078,0.4597799746014476,0.0003551012943290674,0.3307687058411667,0.00024349150864413037,0.5545436079992837,0.00047542460925726227,-0.000735003393064135,0.00026882472664111975,41.461818872438,0.0007787407768648143,18826,0.20330423312579982
80,0.6,0.0,2435.0,0,4f9f288a,0.605,79.93333333333334,0.2357022603955158,0.5242827752718519,0.001,80.01,Scope_TrialNumber_0_80.00W_0.60Torr_0.00NitrogenFlow_2435.00MHz.csv,G:\My Drive\MiniChamberData\Data\NafisaData\LAS_0.6Torr_2Nitrogen_Freq_Sweep_4\LAS_DataFrame_4f9f288a_Laser_True_20260807_154812.csv,7f72a6df,4f9f288a|Scope_TrialNumber_0_80.00W_0.60Torr_0.00NitrogenFlow_2435.00MHz.csv,1,full 1,1.3081440780099092,0.0011350601752833447,0.46834525514605063,0.0003649455299900915,0.33633985688766527,0.0002492308645572835,0.5555176416857435,0.0004820156757534424,0.0007747950680827476,0.00018422542356730367,40.446743930877865,0.0008108738507926196,19780,0.203268561127807
80,0.6,0.0,2435.0,0,4f9f288a,0.605,79.93333333333334,0.2357022603955158,0.5242827752718519,0.001,80.01,Scope_TrialNumber_0_80.00W_0.60Torr_0.00NitrogenFlow_2435.00MHz.csv,G:\My Drive\MiniChamberData\Data\NafisaData\LAS_0.6Torr_2Nitrogen_Freq_Sweep_4\LAS_DataFrame_4f9f288a_Laser_True_20260807_154812.csv,7f72a6df,4f9f288a|Scope_TrialNumber_0_80.00W_0.60Torr_0.00NitrogenFlow_2435.00MHz.csv,3,full 3,1.2484572727482628,0.0010270261459633216,0.44953793073434994,0.0003323146505011793,0.3382676360174519,0.00023635414041791897,0.5301709892366125,0.0004361378476162171,0.001115542833003397,0.00017787671302146825,38.9906236598927,0.0007875535079644242,19760,0.20325491745972118
80,0.6,0.0,2435.0,0,4f9f288a,0.605,79.93333333333334,0.2357022603955158,0.5242827752718519,0.001,80.01,Scope_TrialNumber_0_80.00W_0.60Torr_0.00NitrogenFlow_2435.00MHz.csv,G:\My Drive\MiniChamberData\Data\NafisaData\LAS_0.6Torr_2Nitrogen_Freq_Sweep_4\LAS_DataFrame_4f9f288a_Laser_True_20260807_154812.csv,7f72a6df,4f9f288a|Scope_TrialNumber_0_80.00W_0.60Torr_0.00NitrogenFlow_2435.00MHz.csv,5,full 5,1.329213509537779,0.0013807894607097476,0.48016425165358806,0.00044785848376891065,0.33936173132874753,0.0003030069960420631,0.5644650054438912,0.0005863672952943629,0.0013269612157255255,0.00017611335701409576,62.817435619165494,0.0007860108684829574,19776,0.2033522209109653
80,0.6,0.0,2435.0,0,4f9f288a,0.605,79.93333333333334,0.2357022603955158,0.5242827752718519,0.001,80.01,Scope_TrialNumber_0_80.00W_0.60Torr_0.00NitrogenFlow_2435.00MHz.csv,G:\My Drive\MiniChamberData\Data\NafisaData\LAS_0.6Torr_2Nitrogen_Freq_Sweep_4\LAS_DataFrame_4f9f288a_Laser_True_20260807_154812.csv,7f72a6df,4f9f288a|Scope_TrialNumber_0_80.00W_0.60Torr_0.00NitrogenFlow_2435.00MHz.csv,7,full 7,1.1674536786181202,0.0010361695729983796,0.4211263512634627,0.00033507635492611824,0.33887579495911696,0.00025742260039717256,0.49577193003840614,0.0004400207035713259,0.001203576623962157,0.00017383659912490718,43.91669729017276,0.0008027991683207821,19758,0.20335647684396807
80,0.6,0.0,2435.0,0,4f9f288a,0.605,79.93333333333334,0.2357022603955158,0.5242827752718519,0.001,80.01,Scope_TrialNumber_0_80.00W_0.60Torr_0.00NitrogenFlow_2435.00MHz.csv,G:\My Drive\MiniChamberData\Data\NafisaData\LAS_0.6Torr_2Nitrogen_Freq_Sweep_4\LAS_DataFrame_4f9f288a_Laser_True_20260807_154812.csv,7f72a6df,4f9f288a|Scope_TrialNumber_0_80.00W_0.60Torr_0.00NitrogenFlow_2435.00MHz.csv,9,trailing partial,1.2206945923756125,0.0010679182557688988,0.43355470689935344,0.0003413830058672163,0.3336604065922056,0.00024888951978041323,0.5183812643991524,0.0004535031277750412,0.0008696976221263416,0.00021574227893936208,41.10471040710449,0.0008034734577821739,18845,0.20332763051968253
80,0.6,0.0,2440.0,0,4f9f288a,0.605,80.13333333333333,0.0942809041582043,0.5867234572334704,-0.001,79.98,Scope_TrialNumber_0_80.00W_0.60Torr_0.00NitrogenFlow_2440.00MHz.csv,G:\My Drive\MiniChamberData\Data\NafisaData\LAS_0.6Torr_2Nitrogen_Freq_Sweep_4\LAS_DataFrame_4f9f288a_Laser_True_20260807_154812.csv,7f72a6df,4f9f288a|Scope_TrialNumber_0_80.00W_0.60Torr_0.00NitrogenFlow_2440.00MHz.csv,1,full 1,1.1849914760483555,0.0009760388426825134,0.4359678399162965,0.00032175769337327117,0.3456264871181385,0.00024429636162512006,0.5032195468816731,0.0004144855335090735,-0.0006218760982193392,0.0002460009355188723,40.02775652319364,0.0007946030338709533,19741,0.19395715999165625
80,0.6,0.0,2440.0,0,4f9f288a,0.605,80.13333333333333,0.0942809041582043,0.5867234572334704,-0.001,79.98,Scope_TrialNumber_0_80.00W_0.60Torr_0.00NitrogenFlow_2440.00MHz.csv,G:\My Drive\MiniChamberData\Data\NafisaData\LAS_0.6Torr_2Nitrogen_Freq_Sweep_4\LAS_DataFrame_4f9f288a_Laser_True_20260807_154812.csv,7f72a6df,4f9f288a|Scope_TrialNumber_0_80.00W_0.60Torr_0.00NitrogenFlow_2440.00MHz.csv,4,full 4,1.2156994238935144,0.000830865146064852,0.4389966917506185,0.0002708856525914377,0.33923669728782774,0.00019439814963971761,0.5162600116551737,0.000352835940826184,-0.00074541681906136,0.0002811090398319371,25.409039174487,0.0008072182472271745,18826,0.19395648857947434
80,0.6,0.0,2440.0,0,4f9f288a,0.605,80.13333333333333,0.0942809041582043,0.5867234572334704,-0.001,79.98,Scope_TrialNumber_0_80.00W_0.60Torr_0.00NitrogenFlow_2440.00MHz.csv,G:\My Drive\MiniChamberData\Data\NafisaData\LAS_0.6Torr_2Nitrogen_Freq_Sweep_4\LAS_DataFrame_4f9f288a_Laser_True_20260807_154812.csv,7f72a6df,4f9f288a|Scope_TrialNumber_0_80.00W_0.60Torr_0.00NitrogenFlow_2440.00MHz.csv,7,full 7,1.2931639704503006,0.0012185904493589247,0.4741874640553461,0.0004014596672993362,0.34448019818439846,0.00028139934393010726,0.549156175725226,0.000517487717131654,-0.0007128363652815514,0.00028538112114514635,49.95581666938982,0.0008093811952176485,18916,0.19404159365874007
80,0.6,0.0,2440.0,0,4f9f288a,0.605,80.13333333333333,0.0942809041582043,0.5867234572334704,-0.001,79.98,Scope_TrialNumber_0_80.00W_0.60Torr_0.00NitrogenFlow_2440.00MHz.csv,G:\My Drive\MiniChamberData\Data\NafisaData\LAS_0.6Torr_2Nitrogen_Freq_Sweep_4\LAS_DataFrame_4f9f288a_Laser_True_20260807_154812.csv,7f72a6df,4f9f288a|Scope_TrialNumber_0_80.00W_0.60Torr_0.00NitrogenFlow_2440.00MHz.csv,10,full 10,1.2887103953456076,0.0011551817143266925,0.471678305233286,0.0003787872468852362,0.34384155283483026,0.0002662048176510511,0.5472649165124082,0.0004905605066358734,-0.0006968965046378256,0.0002634780615064435,45.41512761423662,0.0008107418674529994,19742,0.19402081899249063
80,0.6,0.0,2440.0,0,4f9f288a,0.605,80.13333333333333,0.0942809041582043,0.5867234572334704,-0.001,79.98,Scope_TrialNumber_0_80.00W_0.60Torr_0.00NitrogenFlow_2440.00MHz.csv,G:\My Drive\MiniChamberData\Data\NafisaData\LAS_0.6Torr_2Nitrogen_Freq_Sweep_4\LAS_DataFrame_4f9f288a_Laser_True_20260807_154812.csv,7f72a6df,4f9f288a|Scope_TrialNumber_0_80.00W_0.60Torr_0.00NitrogenFlow_2440.00MHz.csv,13,trailing partial,1.3008691593732662,0.0012256364658940644,0.4744957604364981,0.00040193517464143865,0.34266244435662047,0.0002798077878185764,0.5524282681890322,0.000520479884855896,-0.0007432814951945277,0.00029415878744899944,50.15614910987421,0.0008061693777267461,18912,0.1939895654668819
80,0.6,0.0,2445.0,0,4f9f288a,0.605,79.76666666666667,0.4496912521077358,0.6035249195134421,0.006,80.0,Scope_TrialNumber_0_80.00W_0.60Torr_0.00NitrogenFlow_2445.00MHz.csv,G:\My Drive\MiniChamberData\Data\NafisaData\LAS_0.6Torr_2Nitrogen_Freq_Sweep_4\LAS_DataFrame_4f9f288a_Laser_True_20260807_154812.csv,7f72a6df,4f9f288a|Scope_TrialNumber_0_80.00W_0.60Torr_0.00NitrogenFlow_2445.00MHz.csv,1,full 1,1.1848056211961486,0.0008566595442149041,0.44853433012239274,0.0002913270367612055,0.35564472598310914,0.00021516990736743623,0.5031406215928389,0.00036378981316325813,0.0004917787244093715,0.00022049967417422472,31.880974444668183,0.0007961904095845254,19748,0.18372169678928565
80,0.6,0.0,2445.0,0,4f9f288a,0.605,79.76666666666667,0.4496912521077358,0.6035249195134421,0.006,80.0,Scope_TrialNumber_0_80.00W_0.60Torr_0.00NitrogenFlow_2445.00MHz.csv,G:\My Drive\MiniChamberData\Data\NafisaData\LAS_0.6Torr_2Nitrogen_Freq_Sweep_4\LAS_DataFrame_4f9f288a_Laser_True_20260807_154812.csv,7f72a6df,4f9f288a|Scope_TrialNumber_0_80.00W_0.60Torr_0.00NitrogenFlow_2445.00MHz.csv,3,full 3,1.234161849581581,0.0010246343560451952,0.4708917172950867,0.00035041793342141476,0.3584402107453573,0.0002559869454594984,0.5241002819667099,0.0004351221479566302,0.00027321983848809325,0.00023183500983599628,43.2786442201996,0.0007957899910029491,19794,0.1837387640127043
80,0.6,0.0,2445.0,0,4f9f288a,0.605,79.76666666666667,0.4496912521077358,0.6035249195134421,0.006,80.0,Scope_TrialNumber_0_80.00W_0.60Torr_0.00NitrogenFlow_2445.00MHz.csv,G:\My Drive\MiniChamberData\Data\NafisaData\LAS_0.6Torr_2Nitrogen_Freq_Sweep_4\LAS_DataFrame_4f9f288a_Laser_True_20260807_154812.csv,7f72a6df,4f9f288a|Scope_TrialNumber_0_80.00W_0.60Torr_0.00NitrogenFlow_2445.00MHz.csv,5,full 5,1.2325597022725767,0.0013296918584769694,0.472148822930806,0.0004561274097542037,0.3598642763815341,0.0003367718908229754,0.5234199126483048,0.0005646681415349908,0.0005070243927764967,0.00021864587621941875,73.50368451320271,0.0007915784916419332,19748,0.18372074423105833
80,0.6,0.0,2445.0,0,4f9f288a,0.605,79.76666666666667,0.4496912521077358,0.6035249195134421,0.006,80.0,Scope_TrialNumber_0_80.00W_0.60Torr_0.00NitrogenFlow_2445.00MHz.csv,G:\My Drive\MiniChamberData\Data\NafisaData\LAS_0.6Torr_2Nitrogen_Freq_Sweep_4\LAS_DataFrame_4f9f288a_Laser_True_20260807_154812.csv,7f72a6df,4f9f288a|Scope_TrialNumber_0_80.00W_0.60Torr_0.00NitrogenFlow_2445.00MHz.csv,7,full 7,1.2061713700437164,0.0008459827427974453,0.45463396852498134,0.00028697019617844973,0.3540957021555334,0.0002063575107632363,0.5122138197306978,0.0003592557930626612,0.00024974124222603214,0.0002371826550405995,29.522061177737275,0.0007969791776786436,19765,0.18374403113933988
80,0.6,0.0,2445.0,0,4f9f288a,0.605,79.76666666666667,0.4496912521077358,0.6035249195134421,0.006,80.0,Scope_TrialNumber_0_80.00W_0.60Torr_0.00NitrogenFlow_2445.00MHz.csv,G:\My Drive\MiniChamberData\Data\NafisaData\LAS_0.6Torr_2Nitrogen_Freq_Sweep_4\LAS_DataFrame_4f9f288a_Laser_True_20260807_154812.csv,7f72a6df,4f9f288a|Scope_TrialNumber_0_80.00W_0.60Torr_0.00NitrogenFlow_2445.00MHz.csv,9,trailing partial,1.3133520209004723,0.0009741815821064824,0.4992623549071732,0.0003340492499132071,0.3571210616705769,0.00022555037309492123,0.5577292514015486,0.00041369682756105415,0.0001044490812718805,0.0002761256174905243,34.87387441414459,0.0007885361174817752,18850,0.18374411385184064
80,0.6,0.0,2450.0,0,4f9f288a,0.605,79.89999999999999,0.1414213562373115,0.6193873959811357,0.007,80.0,Scope_TrialNumber_0_80.00W_0.60Torr_0.00NitrogenFlow_2450.00MHz.csv,G:\My Drive\MiniChamberData\Data\NafisaData\LAS_0.6Torr_2Nitrogen_Freq_Sweep_4\LAS_DataFrame_4f9f288a_Laser_True_20260807_154812.csv,7f72a6df,4f9f288a|Scope_TrialNumber_0_80.00W_0.60Torr_0.00NitrogenFlow_2450.00MHz.csv,1,full 1,1.3149666538679727,0.0013105573048831966,0.5002756548439756,0.0004470857519293084,0.3574064774980202,0.0003093466553492185,0.5584149228909295,0.0005565424447820054,-0.000210120366537482,0.0002572191883188298,60.96511832417473,0.0008035932091724884,19715,0.1838655824595866
80,0.6,0.0,2450.0,0,4f9f288a,0.605,79.89999999999999,0.1414213562373115,0.6193873959811357,0.007,80.0,Scope_TrialNumber_0_80.00W_0.60Torr_0.00NitrogenFlow_2450.00MHz.csv,G:\My Drive\MiniChamberData\Data\NafisaData\LAS_0.6Torr_2Nitrogen_Freq_Sweep_4\LAS_DataFrame_4f9f288a_Laser_True_20260807_154812.csv,7f72a6df,4f9f288a|Scope_TrialNumber_0_80.00W_0.60Torr_0.00NitrogenFlow_2450.00MHz.csv,3,full 3,1.2515098482980704,0.001071411411093789,0.477934600524767,0.00036657852825818226,0.3587583278900869,0.0002642299868176865,0.5314672987173514,0.00045498653425965187,0.00017862629392030547,0.00023673944765932627,43.71469043548712,0.0008169735267119656,19789,0.18382546883080592
80,0.6,0.0,2450.0,0,4f9f288a,0.605,79.89999999999999,0.1414213562373115,0.6193873959811357,0.007,80.0,Scope_TrialNumber_0_80.00W_0.60Torr_0.00NitrogenFlow_2450.00MHz.csv,G:\My Drive\MiniChamberData\Data\NafisaData\LAS_0.6Torr_2Nitrogen_Freq_Sweep_4\LAS_DataFrame_4f9f288a_Laser_True_20260807_154812.csv,7f72a6df,4f9f288a|Scope_TrialNumber_0_80.00W_0.60Torr_0.00NitrogenFlow_2450.00MHz.csv,5,full 5,1.2377894086914485,0.0011844984196874029,0.47503856688812685,0.00040713430507013335,0.3605370472724803,0.00030072514402592064,0.5256407644836318,0.0005030101651236093,0.00024611640207731117,0.0002307592368585232,57.00320727323359,0.0008049761219182746,19761,0.18386447984960713
80,0.6,0.0,2450.0,0,4f9f288a,0.605,79.89999999999999,0.1414213562373115,0.6193873959811357,0.007,80.0,Scope_TrialNumber_0_80.00W_0.60Torr_0.00NitrogenFlow_2450.00MHz.csv,G:\My Drive\MiniChamberData\Data\NafisaData\LAS_0.6Torr_2Nitrogen_Freq_Sweep_4\LAS_DataFrame_4f9f288a_Laser_True_20260807_154812.csv,7f72a6df,4f9f288a|Scope_TrialNumber_0_80.00W_0.60Torr_0.00NitrogenFlow_2450.00MHz.csv,7,full 7,1.2955545848140428,0.001012301928389995,0.4913536880906859,0.00034487541193392194,0.35629218330866885,0.00023739848774887812,0.55017137617283,0.00042988504812761194,1.660049873248757e-05,0.00023210378054883775,36.50826573868296,0.0008110911746124182,19732,0.18379652206054084
80,0.6,0.0,2450.0,0,4f9f288a,0.605,79.89999999999999,0.1414213562373115,0.6193873959811357,0.007,80.0,Scope_TrialNumber_0_80.00W_0.60Torr_0.00NitrogenFlow_2450.00MHz.csv,G:\My Drive\MiniChamberData\Data\NafisaData\LAS_0.6Torr_2Nitrogen_Freq_Sweep_4\LAS_DataFrame_4f9f288a_Laser_True_20260807_154812.csv,7f72a6df,4f9f288a|Scope_TrialNumber_0_80.00W_0.60Torr_0.00NitrogenFlow_2450.00MHz.csv,9,trailing partial,1.1878622139543864,0.0008935407129496107,0.44863427417041263,0.0003040037963077869,0.35480862738700586,0.00022618937935277357,0.5044386370249258,0.0003794518034765017,-0.0004165479090811143,0.00028208044368336916,33.95310150410223,0.0008034948900556172,18884,0.18374919350432092
80,0.6,0.0,2455.0,0,4f9f288a,0.605,80.13333333333334,0.1699673171197563,0.6337921490393713,0.001,80.0,Scope_TrialNumber_0_80.00W_0.60Torr_0.00NitrogenFlow_2455.00MHz.csv,G:\My Drive\MiniChamberData\Data\NafisaData\LAS_0.6Torr_2Nitrogen_Freq_Sweep_4\LAS_DataFrame_4f9f288a_Laser_True_20260807_154812.csv,7f72a6df,4f9f288a|Scope_TrialNumber_0_80.00W_0.60Torr_0.00NitrogenFlow_2455.00MHz.csv,1,full 1,1.2277766150050367,0.0012369956449747783,0.4636081684170498,0.0004188283689427692,0.3547313011160881,0.00030713575722655104,0.5213887225038039,0.000525303684069209,-0.0003420004187843101,0.00026394200201787797,61.98952919873421,0.0007998865348028676,19737,0.18514688844624005
80,0.6,0.0,2455.0,0,4f9f288a,0.605,80.13333333333334,0.1699673171197563,0.6337921490393713,0.001,80.0,Scope_TrialNumber_0_80.00W_0.60Torr_0.00NitrogenFlow_2455.00MHz.csv,G:\My Drive\MiniChamberData\Data\NafisaData\LAS_0.6Torr_2Nitrogen_Freq_Sweep_4\LAS_DataFrame_4f9f288a_Laser_True_20260807_154812.csv,7f72a6df,4f9f288a|Scope_TrialNumber_0_80.00W_0.60Torr_0.00NitrogenFlow_2455.00MHz.csv,3,full 3,1.2148114397115946,0.0010511834415116003,0.4569699659599256,0.0003542118802856067,0.3533837493090966,0.0002619482680940569,0.5158829194931659,0.000446396506488794,7.898325228696377e-05,0.0002505884152310395,44.786058269266924,0.0008033545802324167,19793,0.1851935359546205
80,0.6,0.0,2455.0,0,4f9f288a,0.605,80.13333333333334,0.1699673171197563,0.6337921490393713,0.001,80.0,Scope_TrialNumber_0_80.00W_0.60Torr_0.00NitrogenFlow_2455.00MHz.csv,G:\My Drive\MiniChamberData\Data\NafisaData\LAS_0.6Torr_2Nitrogen_Freq_Sweep_4\LAS_DataFrame_4f9f288a_Laser_True_20260807_154812.csv,7f72a6df,4f9f288a|Scope_TrialNumber_0_80.00W_0.60Torr_0.00NitrogenFlow_2455.00MHz.csv,5,full 5,1.163986680997113,0.0008766197595938397,0.436892019629404,0.00029612731925578645,0.35260940413394637,0.00022617839237873001,0.4942996317078721,0.0003722661361931452,-0.0002683467321684465,0.00028490964505372416,33.847905936655096,0.0008018953684843518,18893,0.1851675346787912
80,0.6,0.0,2455.0,0,4f9f288a,0.605,80.13333333333334,0.1699673171197563,0.6337921490393713,0.001,80.0,Scope_TrialNumber_0_80.00W_0.60Torr_0.00NitrogenFlow_2455.00MHz.csv,G:\My Drive\MiniChamberData\Data\NafisaData\LAS_0.6Torr_2Nitrogen_Freq_Sweep_4\LAS_DataFrame_4f9f288a_Laser_True_20260807_154812.csv,7f72a6df,4f9f288a|Scope_TrialNumber_0_80.00W_0.60Torr_0.00NitrogenFlow_2455.00MHz.csv,7,full 7,1.202858060081261,0.0009530918338452105,0.45034018661566894,0.0003209833275597813,0.3517176077905121,0.0002372917451580671,0.5108067865395854,0.00040474083608061187,-0.0005460029878271805,0.00030376994425953294,36.236118502907146,0.0008114016788069933,18850,0.1851757561685929
80,0.6,0.0,2455.0,0,4f9f288a,0.605,80.13333333333334,0.1699673171197563,0.6337921490393713,0.001,80.0,Scope_TrialNumber_0_80.00W_0.60Torr_0.00NitrogenFlow_2455.00MHz.csv,G:\My Drive\MiniChamberData\Data\NafisaData\LAS_0.6Torr_2Nitrogen_Freq_Sweep_4\LAS_DataFrame_4f9f288a_Laser_True_20260807_154812.csv,7f72a6df,4f9f288a|Scope_TrialNumber_0_80.00W_0.60Torr_0.00NitrogenFlow_2455.00MHz.csv,9,trailing partial,1.2328419679736986,0.0009291710899013656,0.45933194097411967,0.00031183140347977606,0.3500152978713017,0.000223514464018933,0.523539779855023,0.0003945826314253043,-0.00041024672808021126,0.00029521455100969476,33.15681769681655,0.000804027405394948,18874,0.18514807395985738
80,0.6,0.0,2460.0,0,4f9f288a,0.605,80.10000000000001,0.2160246899469295,0.6489240306886669,0.013,80.0,Scope_TrialNumber_0_80.00W_0.60Torr_0.00NitrogenFlow_2460.00MHz.csv,G:\My Drive\MiniChamberData\Data\NafisaData\LAS_0.6Torr_2Nitrogen_Freq_Sweep_4\LAS_DataFrame_4f9f288a_Laser_True_20260807_154812.csv,7f72a6df,4f9f288a|Scope_TrialNumber_0_80.00W_0.60Torr_0.00NitrogenFlow_2460.00MHz.csv,1,full 1,1.1982886026334274,0.001052787070610247,0.4465225905675427,0.00035163481221107853,0.3500658910039016,0.0002647719210319072,0.5088663166266186,0.00044707750506532234,-0.0016394371099949026,0.00030159351958411885,44.673435401023944,0.0008108754053208044,19328,0.18729450608039236
80,0.6,0.0,2460.0,0,4f9f288a,0.605,80.10000000000001,0.2160246899469295,0.6489240306886669,0.013,80.0,Scope_TrialNumber_0_80.00W_0.60Torr_0.00NitrogenFlow_2460.00MHz.csv,G:\My Drive\MiniChamberData\Data\NafisaData\LAS_0.6Torr_2Nitrogen_Freq_Sweep_4\LAS_DataFrame_4f9f288a_Laser_True_20260807_154812.csv,7f72a6df,4f9f288a|Scope_TrialNumber_0_80.00W_0.60Torr_0.00NitrogenFlow_2460.00MHz.csv,3,full 3,1.245559814668585,0.0009676543942485567,0.46068745645820136,0.0003214427840708047,0.34746381934400444,0.0002295919576133528,0.5289405520803669,0.0004109249860898984,-0.0012425058741143745,0.0002815777950523904,34.61175862235697,0.0008075887908412439,19170,0.18730915484426175
80,0.6,0.0,2460.0,0,4f9f288a,0.605,80.10000000000001,0.2160246899469295,0.6489240306886669,0.013,80.0,Scope_TrialNumber_0_80.00W_0.60Torr_0.00NitrogenFlow_2460.00MHz.csv,G:\My Drive\MiniChamberData\Data\NafisaData\LAS_0.6Torr_2Nitrogen_Freq_Sweep_4\LAS_DataFrame_4f9f288a_Laser_True_20260807_154812.csv,7f72a6df,4f9f288a|Scope_TrialNumber_0_80.00W_0.60Torr_0.00NitrogenFlow_2460.00MHz.csv,5,full 5,1.1826625320870598,0.0010485870876150202,0.4399409390295777,0.00034962617374534896,0.3494631032414338,0.00026593585365979224,0.5022305354426844,0.00044529393650597984,-0.0013727547073705342,0.0002873772991058461,46.9369686995895,0.0007963331681279135,19193,0.18725453583592105
80,0.6,0.0,2460.0,0,4f9f288a,0.605,80.10000000000001,0.2160246899469295,0.6489240306886669,0.013,80.0,Scope_TrialNumber_0_80.00W_0.60Torr_0.00NitrogenFlow_2460.00MHz.csv,G:\My Drive\MiniChamberData\Data\NafisaData\LAS_0.6Torr_2Nitrogen_Freq_Sweep_4\LAS_DataFrame_4f9f288a_Laser_True_20260807_154812.csv,7f72a6df,4f9f288a|Scope_TrialNumber_0_80.00W_0.60Torr_0.00NitrogenFlow_2460.00MHz.csv,7,full 7,1.1888731836262698,0.0010057176805241045,0.44209388104130865,0.0003353584737633884,0.349338750554048,0.0002528182535488975,0.504867956315806,0.0004270889755021116,-0.0016086718048515577,0.00030263884388022496,43.79957727533854,0.0007860212208875415,19297,0.18732901792422116
80,0.6,0.0,2460.0,0,4f9f288a,0.605,80.10000000000001,0.2160246899469295,0.6489240306886669,0.013,80.0,Scope_TrialNumber_0_80.00W_0.60Torr_0.00NitrogenFlow_2460.00MHz.csv,G:\My Drive\MiniChamberData\Data\NafisaData\LAS_0.6Torr_2Nitrogen_Freq_Sweep_4\LAS_DataFrame_4f9f288a_Laser_True_20260807_154812.csv,7f72a6df,4f9f288a|Scope_TrialNumber_0_80.00W_0.60Torr_0.00NitrogenFlow_2460.00MHz.csv,9,trailing partial,1.2675650749405196,0.001089641027110633,0.46779669166378113,0.000361549416332376,0.3467006623087532,0.0002551909997399423,0.5382853257153499,0.00046272793940664456,-0.001712261978701811,0.0003572368361591834,42.14374493739573,0.0008063214948547147,18466,0.18735154972220816
30,0.6,0.3333333333333333,2410.0,0,4f9f288a,0.605,30.0,0.0816496580927737,0.5345193904563064,0.27,79.7,Scope_TrialNumber_0_30.00W_0.60Torr_0.33NitrogenFlow_2410.00MHz.csv,G:\My Drive\MiniChamberData\Data\NafisaData\LAS_0.6Torr_2Nitrogen_Freq_Sweep_4\LAS_DataFrame_4f9f288a_Laser_True_20260807_154812.csv,7f72a6df,4f9f288a|Scope_TrialNumber_0_30.00W_0.60Torr_0.33NitrogenFlow_2410.00MHz.csv,1,full 1,1.233318724216437,0.0007045623382401976,0.6452498042255196,0.00033090106381973046,0.4914964058039607,0.00023858523530255894,0.5237422395902136,0.0002992000767646504,-0.007235242352858208,0.0001919218068002645,39.74736687645907,0.0007772861962617465,19244,0.13590757898345923
30,0.6,0.3333333333333333,2410.0,0,4f9f288a,0.605,30.0,0.0816496580927737,0.5345193904563064,0.27,79.7,Scope_TrialNumber_0_30.00W_0.60Torr_0.33NitrogenFlow_2410.00MHz.csv,G:\My Drive\MiniChamberData\Data\NafisaData\LAS_0.6Torr_2Nitrogen_Freq_Sweep_4\LAS_DataFrame_4f9f288a_Laser_True_20260807_154812.csv,7f72a6df,4f9f288a|Scope_TrialNumber_0_30.00W_0.60Torr_0.33NitrogenFlow_2410.00MHz.csv,3,full 3,1.1422584990539542,0.0006116661912178558,0.6002735492791521,0.00028884974166409953,0.4936880312794689,0.0002233312631480172,0.48507252240539744,0.0002597507153502325,-0.0063109500225875335,0.00014079735188484205,34.87814566014101,0.0007813897490363476,19771,0.1359482001275574
30,0.6,0.3333333333333333,2410.0,0,4f9f288a,0.605,30.0,0.0816496580927737,0.5345193904563064,0.27,79.7,Scope_TrialNumber_0_30.00W_0.60Torr_0.33NitrogenFlow_2410.00MHz.csv,G:\My Drive\MiniChamberData\Data\NafisaData\LAS_0.6Torr_2Nitrogen_Freq_Sweep_4\LAS_DataFrame_4f9f288a_Laser_True_20260807_154812.csv,7f72a6df,4f9f288a|Scope_TrialNumber_0_30.00W_0.60Torr_0.33NitrogenFlow_2410.00MHz.csv,5,full 5,1.1724784756873012,0.0006737455628646113,0.6125735652105437,0.000315758633008467,0.49081876984342615,0.0002388634034623501,0.4979057648848455,0.0002861133971941182,-0.0065022007379091605,0.00014999795937673468,40.732764314216666,0.0007694909447087954,19801,0.13587230920580928
30,0.6,0.3333333333333333,2410.0,0,4f9f288a,0.605,30.0,0.0816496580927737,0.5345193904563064,0.27,79.7,Scope_TrialNumber_0_30.00W_0.60Torr_0.33NitrogenFlow_2410.00MHz.csv,G:\My Drive\MiniChamberData\Data\NafisaData\LAS_0.6Torr_2Nitrogen_Freq_Sweep_4\LAS_DataFrame_4f9f288a_Laser_True_20260807_154812.csv,7f72a6df,4f9f288a|Scope_TrialNumber_0_30.00W_0.60Torr_0.33NitrogenFlow_2410.00MHz.csv,7,full 7,1.1786826447043315,0.0007955868233891335,0.6177219236563627,0.0003732363424472196,0.4923386337790832,0.0002848502446532543,0.5005404328842632,0.00033785461656314256,-0.006287662213831536,0.00014019812425472545,55.92161883894487,0.0007758801890669305,19789,0.13587453329038876
30,0.6,0.3333333333333333,2410.0,0,4f9f288a,0.605,30.0,0.0816496580927737,0.5345193904563064,0.27,79.7,Scope_TrialNumber_0_30.00W_0.60Torr_0.33NitrogenFlow_2410.00MHz.csv,G:\My Drive\MiniChamberData\Data\NafisaData\LAS_0.6Torr_2Nitrogen_Freq_Sweep_4\LAS_DataFrame_4f9f288a_Laser_True_20260807_154812.csv,7f72a6df,4f9f288a|Scope_TrialNumber_0_30.00W_0.60Torr_0.33NitrogenFlow_2410.00MHz.csv,9,trailing partial,1.1847883805173016,0.00064036171791039,0.6209952987883895,0.00030225648571718445,0.49239690663097474,0.00022575241126765442,0.5031333001506406,0.0002719365835455905,-0.006853018255557652,0.0002042859720836555,36.86081000629951,0.0007638942893801495,18478,0.13582223059239834
30,0.6,0.3333333333333333,2415.0,0,4f9f288a,0.605,29.96666666666667,0.0942809041582076,0.4906225517267792,0.271,79.72,Scope_TrialNumber_0_30.00W_0.60Torr_0.33NitrogenFlow_2415.00MHz.csv,G:\My Drive\MiniChamberData\Data\NafisaData\LAS_0.6Torr_2Nitrogen_Freq_Sweep_4\LAS_DataFrame_4f9f288a_Laser_True_20260807_154812.csv,7f72a6df,4f9f288a|Scope_TrialNumber_0_30.00W_0.60Torr_0.33NitrogenFlow_2415.00MHz.csv,1,full 1,1.1740798740091485,0.0007197062771858116,0.6145964535143524,0.0003386224232220916,0.4917679219016075,0.00025728206025599866,0.49858581613769026,0.0003056311155090208,-0.0072867523920329925,0.00019549316425095944,48.12541368998574,0.0007582363064446233,18969,0.13611902995509031
30,0.6,0.3333333333333333,2415.0,0,4f9f288a,0.605,29.96666666666667,0.0942809041582076,0.4906225517267792,0.271,79.72,Scope_TrialNumber_0_30.00W_0.60Torr_0.33NitrogenFlow_2415.00MHz.csv,G:\My Drive\MiniChamberData\Data\NafisaData\LAS_0.6Torr_2Nitrogen_Freq_Sweep_4\LAS_DataFrame_4f9f288a_Laser_True_20260807_154812.csv,7f72a6df,4f9f288a|Scope_TrialNumber_0_30.00W_0.60Torr_0.33NitrogenFlow_2415.00MHz.csv,3,full 3,1.188594330138481,0.0009336892385677754,0.621090051526673,0.0004381873866232529,0.490895112856263,0.0003306814701255395,0.5047495381426733,0.00039650131250496635,-0.007260623721351112,0.00019637970954389656,74.6949491394795,0.0007769291290061502,18932,0.13610995854410832
30,0.6,0.3333333333333333,2415.0,0,4f9f288a,0.605,29.96666666666667,0.0942809041582076,0.4906225517267792,0.271,79.72,Scope_TrialNumber_0_30.00W_0.60Torr_0.33NitrogenFlow_2415.00MHz.csv,G:\My Drive\MiniChamberData\Data\NafisaData\LAS_0.6Torr_2Nitrogen_Freq_Sweep_4\LAS_DataFrame_4f9f288a_Laser_True_20260807_154812.csv,7f72a6df,4f9f288a|Scope_TrialNumber_0_30.00W_0.60Torr_0.33NitrogenFlow_2415.00MHz.csv,5,full 5,1.2087785181454427,0.0007425900387393285,0.6256199367884192,0.0003456302581183425,0.4862186762042073,0.0002547422528857979,0.5133209735903856,0.00031534895428901816,-0.0072130688837177045,0.00019726324513485261,44.94394060330572,0.0007772590252651734,18890,0.13610463047597582
30,0.6,0.3333333333333333,2415.0,0,4f9f288a,0.605,29.96666666666667,0.0942809041582076,0.4906225517267792,0.271,79.72,Scope_TrialNumber_0_30.00W_0.60Torr_0.33NitrogenFlow_2415.00MHz.csv,G:\My Drive\MiniChamberData\Data\NafisaData\LAS_0.6Torr_2Nitrogen_Freq_Sweep_4\LAS_DataFrame_4f9f288a_Laser_True_20260807_154812.csv,7f72a6df,4f9f288a|Scope_TrialNumber_0_30.00W_0.60Torr_0.33NitrogenFlow_2415.00MHz.csv,7,full 7,1.1991456699741234,0.0011983679676166121,0.6273851279403113,0.0005639158635914514,0.4915074056862477,0.00042334501120442226,0.5092302796150027,0.0005089000198318178,-0.007238583893303821,0.00021501401608765703,117.62847318883824,0.0007872576924027763,18935,0.13615579819025678
30,0.6,0.3333333333333333,2415.0,0,4f9f288a,0.605,29.96666666666667,0.0942809041582076,0.4906225517267792,0.271,79.72,Scope_TrialNumber_0_30.00W_0.60Torr_0.33NitrogenFlow_2415.00MHz.csv,G:\My Drive\MiniChamberData\Data\NafisaData\LAS_0.6Torr_2Nitrogen_Freq_Sweep_4\LAS_DataFrame_4f9f288a_Laser_True_20260807_154812.csv,7f72a6df,4f9f288a|Scope_TrialNumber_0_30.00W_0.60Torr_0.33NitrogenFlow_2415.00MHz.csv,9,trailing partial,1.2405108892382586,0.0009811291061873671,0.6474891430779818,0.00046027515019306177,0.490342683677902,0.0003322177529581799,0.5267964708623646,0.00041664716939101486,-0.006904971015245509,0.00019449411278104977,76.95573879686843,0.0007705454614460877,18865,0.13614843000580604
30,0.6,0.3333333333333333,2420.0,0,4f9f288a,0.605,29.96666666666667,0.0471404520791038,0.4612860645599091,0.264,79.73,Scope_TrialNumber_0_30.00W_0.60Torr_0.33NitrogenFlow_2420.00MHz.csv,G:\My Drive\MiniChamberData\Data\NafisaData\LAS_0.6Torr_2Nitrogen_Freq_Sweep_4\LAS_DataFrame_4f9f288a_Laser_True_20260807_154812.csv,7f72a6df,4f9f288a|Scope_TrialNumber_0_30.00W_0.60Torr_0.33NitrogenFlow_2420.00MHz.csv,1,full 1,1.265066861605605,0.0014655087737336344,0.6649767496422475,0.0006935660049616817,0.49381101271563377,0.0004960751317879997,0.5372244321917934,0.0006223442750226687,-0.008985523827119476,0.0002563104032411099,162.67570103784823,0.0007768823781141887,19771,0.13490124877770532
30,0.6,0.3333333333333333,2420.0,0,4f9f288a,0.605,29.96666666666667,0.0471404520791038,0.4612860645599091,0.264,79.73,Scope_TrialNumber_0_30.00W_0.60Torr_0.33NitrogenFlow_2420.00MHz.csv,G:\My Drive\MiniChamberData\Data\NafisaData\LAS_0.6Torr_2Nitrogen_Freq_Sweep_4\LAS_DataFrame_4f9f288a_Laser_True_20260807_154812.csv,7f72a6df,4f9f288a|Scope_TrialNumber_0_30.00W_0.60Torr_0.33NitrogenFlow_2420.00MHz.csv,3,full 3,1.2386633531337916,0.000982308608857469,0.6520075231136155,0.00046426467867006653,0.4945009244488361,0.00033796768833386386,0.5260118945171931,0.0004171480580566226,-0.009073742128551944,0.00027198271038851525,75.50318854378905,0.0007853644186880144,18914,0.1349188780275298
30,0.6,0.3333333333333333,2420.0,0,4f9f288a,0.605,29.96666666666667,0.0471404520791038,0.4612860645599091,0.264,79.73,Scope_TrialNumber_0_30.00W_0.60Torr_0.33NitrogenFlow_2420.00MHz.csv,G:\My Drive\MiniChamberData\Data\NafisaData\LAS_0.6Torr_2Nitrogen_Freq_Sweep_4\LAS_DataFrame_4f9f288a_Laser_True_20260807_154812.csv,7f72a6df,4f9f288a|Scope_TrialNumber_0_30.00W_0.60Torr_0.33NitrogenFlow_2420.00MHz.csv,5,full 5,1.2675806234236642,0.0007153078782722716,0.6592822977374911,0.00033566261322715436,0.4886114194523743,0.0002341560540385833,0.538291928548198,0.00030376328746720447,-0.008595003853010819,0.00024386969231385042,38.069073198269216,0.0007794280232416011,18890,0.1349121057838565
30,0.6,0.3333333333333333,2420.0,0,4f9f288a,0.605,29.96666666666667,0.0471404520791038,0.4612860645599091,0.264,79.73,Scope_TrialNumber_0_30.00W_0.60Torr_0.33NitrogenFlow_2420.00MHz.csv,G:\My Drive\MiniChamberData\Data\NafisaData\LAS_0.6Torr_2Nitrogen_Freq_Sweep_4\LAS_DataFrame_4f9f288a_Laser_True_20260807_154812.csv,7f72a6df,4f9f288a|Scope_TrialNumber_0_30.00W_0.60Torr_0.33NitrogenFlow_2420.00MHz.csv,7,full 7,1.1917569223459388,0.0007692246615199824,0.6278718797518728,0.00036417683171547873,0.4949383880439637,0.00027331078495045297,0.5060925673962808,0.0003266596371740468,-0.00864932130039142,0.00024856503829033587,51.66561446432265,0.0007752047134050591,18919,0.13494577936583493
30,0.6,0.3333333333333333,2420.0,0,4f9f288a,0.605,29.96666666666667,0.0471404520791038,0.4612860645599091,0.264,79.73,Scope_TrialNumber_0_30.00W_0.60Torr_0.33NitrogenFlow_2420.00MHz.csv,G:\My Drive\MiniChamberData\Data\NafisaData\LAS_0.6Torr_2Nitrogen_Freq_Sweep_4\LAS_DataFrame_4f9f288a_Laser_True_20260807_154812.csv,7f72a6df,4f9f288a|Scope_TrialNumber_0_30.00W_0.60Torr_0.33NitrogenFlow_2420.00MHz.csv,9,trailing partial,1.2791590110767344,0.0013319900821406967,0.6748958602218507,0.000632186366757459,0.4956556025030745,0.000448247966544697,0.5432088170711671,0.0005656441072647614,-0.00907627522133049,0.0002774794575294493,132.36981047934614,0.0007778354300338042,18859,0.13493728389641346
30,0.6,0.3333333333333333,2425.0,0,4f9f288a,0.605,30.0,0.0816496580927723,0.4669789574601976,0.274,79.73,Scope_TrialNumber_0_30.00W_0.60Torr_0.33NitrogenFlow_2425.00MHz.csv,G:\My Drive\MiniChamberData\Data\NafisaData\LAS_0.6Torr_2Nitrogen_Freq_Sweep_4\LAS_DataFrame_4f9f288a_Laser_True_20260807_154812.csv,7f72a6df,4f9f288a|Scope_TrialNumber_0_30.00W_0.60Torr_0.33NitrogenFlow_2425.00MHz.csv,1,full 1,1.151631809519109,0.0007333375906626174,0.5810438820836007,0.0003314996701550527,0.47398333293488415,0.00025812816723312393,0.48905300086485937,0.0003114198013602263,-0.008419939898002531,0.00018559608592523557,44.30441052789557,0.0007933217623567833,19810,0.1309581836805904
30,0.6,0.3333333333333333,2425.0,0,4f9f288a,0.605,30.0,0.0816496580927723,0.4669789574601976,0.274,79.73,Scope_TrialNumber_0_30.00W_0.60Torr_0.33NitrogenFlow_2425.00MHz.csv,G:\My Drive\MiniChamberData\Data\NafisaData\LAS_0.6Torr_2Nitrogen_Freq_Sweep_4\LAS_DataFrame_4f9f288a_Laser_True_20260807_154812.csv,7f72a6df,4f9f288a|Scope_TrialNumber_0_30.00W_0.60Torr_0.33NitrogenFlow_2425.00MHz.csv,3,full 3,1.1812459343004218,0.000740662936106525,0.5915144332346712,0.000332553833583161,0.4704276165815099,0.00025101870675378564,0.5016289617514686,0.00031453058915030193,-0.00793658041360543,0.00016238895672864538,42.52123556569384,0.0007902650803922749,19817,0.13104931215422289
30,0.6,0.3333333333333333,2425.0,0,4f9f288a,0.605,30.0,0.0816496580927723,0.4669789574601976,0.274,79.73,Scope_TrialNumber_0_30.00W_0.60Torr_0.33NitrogenFlow_2425.00MHz.csv,G:\My Drive\MiniChamberData\Data\NafisaData\LAS_0.6Torr_2Nitrogen_Freq_Sweep_4\LAS_DataFrame_4f9f288a_Laser_True_20260807_154812.csv,7f72a6df,4f9f288a|Scope_TrialNumber_0_30.00W_0.60Torr_0.33NitrogenFlow_2425.00MHz.csv,5,full 5,1.238323948978655,0.001038120425040702,0.6301032710555479,0.00047270227420036535,0.478019102148832,0.00034657287957414276,0.5258677628431602,0.0004408491541556663,-0.007931235531511153,0.0001670618975541727,77.83880981061301,0.0007961364726790818,19798,0.13105971027846028
30,0.6,0.3333333333333333,2425.0,0,4f9f288a,0.605,30.0,0.0816496580927723,0.4669789574601976,0.274,79.73,Scope_TrialNumber_0_30.00W_0.60Torr_0.33NitrogenFlow_2425.00MHz.csv,G:\My Drive\MiniChamberData\Data\NafisaData\LAS_0.6Torr_2Nitrogen_Freq_Sweep_4\LAS_DataFrame_4f9f288a_Laser_True_20260807_154812.csv,7f72a6df,4f9f288a|Scope_TrialNumber_0_30.00W_0.60Torr_0.33NitrogenFlow_2425.00MHz.csv,7,full 7,1.2127003971324637,0.0009452486571207657,0.6174009341330748,0.0004306584710177396,0.4782792640293363,0.00032306150663270495,0.5149864422512699,0.00040141014559282056,-0.00774955267781814,0.00015599228482417768,66.4095392542268,0.0008014419581222181,19815,0.13100887355356008
30,0.6,0.3333333333333333,2425.0,0,4f9f288a,0.605,30.0,0.0816496580927723,0.4669789574601976,0.274,79.73,Scope_TrialNumber_0_30.00W_0.60Torr_0.33NitrogenFlow_2425.00MHz.csv,G:\My Drive\MiniChamberData\Data\NafisaData\LAS_0.6Torr_2Nitrogen_Freq_Sweep_4\LAS_DataFrame_4f9f288a_Laser_True_20260807_154812.csv,7f72a6df,4f9f288a|Scope_TrialNumber_0_30.00W_0.60Torr_0.33NitrogenFlow_2425.00MHz.csv,9,trailing partial,1.2451249352188518,0.0007722241020902615,0.6279200790874825,0.0003506204261906666,0.4737609163976232,0.0002501097427574371,0.5287558757817892,0.00032793338230655,-0.007713472385091065,0.00016801504236681598,43.038892420254705,0.0007819348513803687,18925,0.13106553918341857
30,0.6,0.3333333333333333,2430.0,0,4f9f288a,0.605,30.0,0.0816496580927708,0.503718302554264,0.275,79.73,Scope_TrialNumber_0_30.00W_0.60Torr_0.33NitrogenFlow_2430.00MHz.csv,G:\My Drive\MiniChamberData\Data\NafisaData\LAS_0.6Torr_2Nitrogen_Freq_Sweep_4\LAS_DataFrame_4f9f288a_Laser_True_20260807_154812.csv,7f72a6df,4f9f288a|Scope_TrialNumber_0_30.00W_0.60Torr_0.33NitrogenFlow_2430.00MHz.csv,1,full 1,1.2852803266742272,0.0007662391587770301,0.6113241635574741,0.00032832591097283474,0.4468291443484755,0.00022602049111944465,0.545808300462864,0.00032539181089184224,-0.00856745351374242,0.0001684501107064336,34.04623485509835,0.0007950416554087488,19010,0.12693641988869359
30,0.6,0.3333333333333333,2430.0,0,4f9f288a,0.605,30.0,0.0816496580927708,0.503718302554264,0.275,79.73,Scope_TrialNumber_0_30.00W_0.60Torr_0.33NitrogenFlow_2430.00MHz.csv,G:\My Drive\MiniChamberData\Data\NafisaData\LAS_0.6Torr_2Nitrogen_Freq_Sweep_4\LAS_DataFrame_4f9f288a_Laser_True_20260807_154812.csv,7f72a6df,4f9f288a|Scope_TrialNumber_0_30.00W_0.60Torr_0.33NitrogenFlow_2430.00MHz.csv,3,full 3,1.136533067581742,0.0006258539684649274,0.5404318679378941,0.0002687832115324887,0.4467110177607126,0.00020546535846669825,0.48264115552269493,0.00026577570960701664,-0.008119942024444424,0.00014902709738109902,27.675885149560898,0.0008102087255468854,18992,0.12691123080383296
30,0.6,0.3333333333333333,2430.0,0,4f9f288a,0.605,30.0,0.0816496580927708,0.503718302554264,0.275,79.73,Scope_TrialNumber_0_30.00W_0.60Torr_0.33NitrogenFlow_2430.00MHz.csv,G:\My Drive\MiniChamberData\Data\NafisaData\LAS_0.6Torr_2Nitrogen_Freq_Sweep_4\LAS_DataFrame_4f9f288a_Laser_True_20260807_154812.csv,7f72a6df,4f9f288a|Scope_TrialNumber_0_30.00W_0.60Torr_0.33NitrogenFlow_2430.00MHz.csv,5,full 5,1.2357238951825849,0.0007389311858439567,0.5865561377001486,0.00031603542691621597,0.44591894998047893,0.00022518064242659386,0.5247636216576982,0.0003137951825249751,-0.008278905337847458,0.00016307023385383665,32.19095333251602,0.0008176349109592839,18988,0.1269580155766173
30,0.6,0.3333333333333333,2430.0,0,4f9f288a,0.605,30.0,0.0816496580927708,0.503718302554264,0.275,79.73,Scope_TrialNumber_0_30.00W_0.60Torr_0.33NitrogenFlow_2430.00MHz.csv,G:\My Drive\MiniChamberData\Data\NafisaData\LAS_0.6Torr_2Nitrogen_Freq_Sweep_4\LAS_DataFrame_4f9f288a_Laser_True_20260807_154812.csv,7f72a6df,4f9f288a|Scope_TrialNumber_0_30.00W_0.60Torr_0.33NitrogenFlow_2430.00MHz.csv,7,full 7,1.1516914226673851,0.0006210379593183442,0.545346263677854,0.00026463088375243047,0.4448401714341031,0.00020230629865036976,0.48907831623806675,0.00026373053882772685,-0.007675460715009032,0.00010935582806747097,25.919575307011065,0.0008227826212516521,19843,0.12693578175997994
30,0.6,0.3333333333333333,2430.0,0,4f9f288a,0.605,30.0,0.0816496580927708,0.503718302554264,0.275,79.73,Scope_TrialNumber_0_30.00W_0.60Torr_0.33NitrogenFlow_2430.00MHz.csv,G:\My Drive\MiniChamberData\Data\NafisaData\LAS_0.6Torr_2Nitrogen_Freq_Sweep_4\LAS_DataFrame_4f9f288a_Laser_True_20260807_154812.csv,7f72a6df,4f9f288a|Scope_TrialNumber_0_30.00W_0.60Torr_0.33NitrogenFlow_2430.00MHz.csv,9,trailing partial,1.1375103700496512,0.0008722035072041735,0.5474267334373446,0.0003765102253255116,0.4521040812360866,0.00029829874183119067,0.4830561776684303,0.0003703907264780864,-0.008090118420846656,0.0001453266045069284,57.75926468435929,0.000795064344106175,19040,0.12683684016884256
30,0.6,0.3333333333333333,2435.0,0,4f9f288a,0.605,30.066666666666663,0.188561808316412,0.5454457192938462,0.272,79.73,Scope_TrialNumber_0_30.00W_0.60Torr_0.33NitrogenFlow_2435.00MHz.csv,G:\My Drive\MiniChamberData\Data\NafisaData\LAS_0.6Torr_2Nitrogen_Freq_Sweep_4\LAS_DataFrame_4f9f288a_Laser_True_20260807_154812.csv,7f72a6df,4f9f288a|Scope_TrialNumber_0_30.00W_0.60Torr_0.33NitrogenFlow_2435.00MHz.csv,2,full 2,1.250131351242618,0.0010917930560096101,0.5772229061127151,0.0004524601351130728,0.4337661923146138,0.0003275709272154709,0.5308819049169371,0.00046364182193602005,-0.008128041903082169,0.00022435046517359908,64.26794621054707,0.0008222282901996363,18582,0.12357425564638813
30,0.6,0.3333333333333333,2435.0,0,4f9f288a,0.605,30.066666666666663,0.188561808316412,0.5454457192938462,0.272,79.73,Scope_TrialNumber_0_30.00W_0.60Torr_0.33NitrogenFlow_2435.00MHz.csv,G:\My Drive\MiniChamberData\Data\NafisaData\LAS_0.6Torr_2Nitrogen_Freq_Sweep_4\LAS_DataFrame_4f9f288a_Laser_True_20260807_154812.csv,7f72a6df,4f9f288a|Scope_TrialNumber_0_30.00W_0.60Torr_0.33NitrogenFlow_2435.00MHz.csv,5,full 5,1.2345946808899604,0.001230630355466047,0.5678818536508954,0.0005085361069553783,0.4321170271300244,0.0003728257154890219,0.5242840884997367,0.0005226005944967539,-0.007769678549906636,0.00021748549488874078,86.34908989847818,0.0008063183767378659,18383,0.12363754111498401
30,0.6,0.3333333333333333,2435.0,0,4f9f288a,0.605,30.066666666666663,0.188561808316412,0.5454457192938462,0.272,79.73,Scope_TrialNumber_0_30.00W_0.60Torr_0.33NitrogenFlow_2435.00MHz.csv,G:\My Drive\MiniChamberData\Data\NafisaData\LAS_0.6Torr_2Nitrogen_Freq_Sweep_4\LAS_DataFrame_4f9f288a_Laser_True_20260807_154812.csv,7f72a6df,4f9f288a|Scope_TrialNumber_0_30.00W_0.60Torr_0.33NitrogenFlow_2435.00MHz.csv,8,full 8,1.1876595601981677,0.0007077015387999814,0.5389483443901201,0.00028952700785191924,0.42630748994186224,0.0002141331258146663,0.5043525778983924,0.0003005331725001008,-0.0074230761821589795,0.00019664235473361633,29.80829865378543,0.0008078779922656109,18407,0.1235587225934935
30,0.6,0.3333333333333333,2435.0,0,4f9f288a,0.605,30.066666666666663,0.188561808316412,0.5454457192938462,0.272,79.73,Scope_TrialNumber_0_30.00W_0.60Torr_0.33NitrogenFlow_2435.00MHz.csv,G:\My Drive\MiniChamberData\Data\NafisaData\LAS_0.6Torr_2Nitrogen_Freq_Sweep_4\LAS_DataFrame_4f9f288a_Laser_True_20260807_154812.csv,7f72a6df,4f9f288a|Scope_TrialNumber_0_30.00W_0.60Torr_0.33NitrogenFlow_2435.00MHz.csv,11,full 11,1.172605018628854,0.0007150260392647522,0.5376161264832449,0.00029514138246477525,0.43071334577694204,0.00022245991594747145,0.49795950272431216,0.00030364360146057555,-0.007536601446453142,0.00019010597590215044,30.54988715638025,0.0008276534837683219,18366,0.12367290287460087
30,0.6,0.3333333333333333,2435.0,0,4f9f288a,0.605,30.066666666666663,0.188561808316412,0.5454457192938462,0.272,79.73,Scope_TrialNumber_0_30.00W_0.60Torr_0.33NitrogenFlow_2435.00MHz.csv,G:\My Drive\MiniChamberData\Data\NafisaData\LAS_0.6Torr_2Nitrogen_Freq_Sweep_4\LAS_DataFrame_4f9f288a_Laser_True_20260807_154812.csv,7f72a6df,4f9f288a|Scope_TrialNumber_0_30.00W_0.60Torr_0.33NitrogenFlow_2435.00MHz.csv,14,trailing partial,1.1569518869949746,0.0007543923369503118,0.5303591462005325,0.00031109052200382485,0.4306481182499364,0.00023895911317089663,0.4913122297545963,0.00032036092887106237,-0.007618954727028933,0.0001874580287873169,35.6704605788351,0.0008173974872467012,18509,0.12366414959499511
30,0.6,0.3333333333333333,2440.0,0,4f9f288a,0.605,30.0,0.0816496580927708,0.5865348170717012,0.277,79.72,Scope_TrialNumber_0_30.00W_0.60Torr_0.33NitrogenFlow_2440.00MHz.csv,G:\My Drive\MiniChamberData\Data\NafisaData\LAS_0.6Torr_2Nitrogen_Freq_Sweep_4\LAS_DataFrame_4f9f288a_Laser_True_20260807_154812.csv,7f72a6df,4f9f288a|Scope_TrialNumber_0_30.00W_0.60Torr_0.33NitrogenFlow_2440.00MHz.csv,1,full 1,1.2535504834318787,0.001090851790445616,0.5606575748016681,0.0004383102298873611,0.42016865959164046,0.00031400336789274837,0.5323338766701399,0.0004632421032543397,-0.010454964555157478,0.0002909305585221316,60.29194333300597,0.0008204056745265203,18881,0.12029307281488534
30,0.6,0.3333333333333333,2440.0,0,4f9f288a,0.605,30.0,0.0816496580927708,0.5865348170717012,0.277,79.72,Scope_TrialNumber_0_30.00W_0.60Torr_0.33NitrogenFlow_2440.00MHz.csv,G:\My Drive\MiniChamberData\Data\NafisaData\LAS_0.6Torr_2Nitrogen_Freq_Sweep_4\LAS_DataFrame_4f9f288a_Laser_True_20260807_154812.csv,7f72a6df,4f9f288a|Scope_TrialNumber_0_30.00W_0.60Torr_0.33NitrogenFlow_2440.00MHz.csv,3,full 3,1.1783679458125416,0.0008184756693561547,0.5258989347466809,0.0003288786617371236,0.4192655323705338,0.00024668427775752867,0.5004067925696013,0.0003475746144947554,-0.010080083307695295,0.0002725195719410835,39.42505881070058,0.0008082075683153586,18957,0.12022414336657146
30,0.6,0.3333333333333333,2440.0,0,4f9f288a,0.605,30.0,0.0816496580927708,0.5865348170717012,0.277,79.72,Scope_TrialNumber_0_30.00W_0.60Torr_0.33NitrogenFlow_2440.00MHz.csv,G:\My Drive\MiniChamberData\Data\NafisaData\LAS_0.6Torr_2Nitrogen_Freq_Sweep_4\LAS_DataFrame_4f9f288a_Laser_True_20260807_154812.csv,7f72a6df,4f9f288a|Scope_TrialNumber_0_30.00W_0.60Torr_0.33NitrogenFlow_2440.00MHz.csv,5,full 5,1.2835131441920262,0.0011026527059234059,0.5835158472770792,0.000449115953064067,0.42709070968585894,0.00031826695674257795,0.5450578471592538,0.00046825349064366135,-0.009703162773953422,0.00024342784010690182,61.19794880332907,0.000821583070391287,19819,0.12027515408127475
30,0.6,0.3333333333333333,2440.0,0,4f9f288a,0.605,30.0,0.0816496580927708,0.5865348170717012,0.277,79.72,Scope_TrialNumber_0_30.00W_0.60Torr_0.33NitrogenFlow_2440.00MHz.csv,G:\My Drive\MiniChamberData\Data\NafisaData\LAS_0.6Torr_2Nitrogen_Freq_Sweep_4\LAS_DataFrame_4f9f288a_Laser_True_20260807_154812.csv,7f72a6df,4f9f288a|Scope_TrialNumber_0_30.00W_0.60Torr_0.33NitrogenFlow_2440.00MHz.csv,7,full 7,1.2024510363671457,0.0007707898722503851,0.5384441465349159,0.0003101244198316072,0.42066952287782855,0.00022644495371257152,0.5106339394827693,0.00032732432097173464,-0.009675983524274616,0.00023193787054253193,33.995059205262834,0.0008032289414179245,19816,0.1202854248613686
30,0.6,0.3333333333333333,2440.0,0,4f9f288a,0.605,30.0,0.0816496580927708,0.5865348170717012,0.277,79.72,Scope_TrialNumber_0_30.00W_0.60Torr_0.33NitrogenFlow_2440.00MHz.csv,G:\My Drive\MiniChamberData\Data\NafisaData\LAS_0.6Torr_2Nitrogen_Freq_Sweep_4\LAS_DataFrame_4f9f288a_Laser_True_20260807_154812.csv,7f72a6df,4f9f288a|Scope_TrialNumber_0_30.00W_0.60Torr_0.33NitrogenFlow_2440.00MHz.csv,9,trailing partial,1.2063115089300276,0.0008674382509218268,0.5436510174321815,0.00035165139625346973,0.42337823074554626,0.0002588918405779801,0.5122733312363039,0.00036836710845580817,-0.009762692611726914,0.0002417328276343987,42.034858025431205,0.0008168607408183111,19015,0.12034784150843882
30,0.6,0.3333333333333333,2445.0,0,4f9f288a,0.605,30.03333333333333,0.094280904158206,0.6160170182491167,0.259,79.73,Scope_TrialNumber_0_30.00W_0.60Torr_0.33NitrogenFlow_2445.00MHz.csv,G:\My Drive\MiniChamberData\Data\NafisaData\LAS_0.6Torr_2Nitrogen_Freq_Sweep_4\LAS_DataFrame_4f9f288a_Laser_True_20260807_154812.csv,7f72a6df,4f9f288a|Scope_TrialNumber_0_30.00W_0.60Torr_0.33NitrogenFlow_2445.00MHz.csv,1,full 1,1.145944692041893,0.0006572563743989728,0.5152550375152741,0.0002654069629207277,0.4224024018272081,0.00020417485196518335,0.48663790443776006,0.00027911108357765594,-0.009000493159634942,0.00015218869089549304,26.57927099605507,0.0008170427461584525,19813,0.11856681357839462
30,0.6,0.3333333333333333,2445.0,0,4f9f288a,0.605,30.03333333333333,0.094280904158206,0.6160170182491167,0.259,79.73,Scope_TrialNumber_0_30.00W_0.60Torr_0.33NitrogenFlow_2445.00MHz.csv,G:\My Drive\MiniChamberData\Data\NafisaData\LAS_0.6Torr_2Nitrogen_Freq_Sweep_4\LAS_DataFrame_4f9f288a_Laser_True_20260807_154812.csv,7f72a6df,4f9f288a|Scope_TrialNumber_0_30.00W_0.60Torr_0.33NitrogenFlow_2445.00MHz.csv,3,full 3,1.1701233589674231,0.0008583595322672635,0.5320062735318614,0.00034919480117890923,0.4271229371054959,0.0002696041617407797,0.49690563889863787,0.00036451173161980714,-0.009202584289623717,0.00017016753210876415,43.67437298651107,0.0008268718696918269,19817,0.11854730609735767
30,0.6,0.3333333333333333,2445.0,0,4f9f288a,0.605,30.03333333333333,0.094280904158206,0.6160170182491167,0.259,79.73,Scope_TrialNumber_0_30.00W_0.60Torr_0.33NitrogenFlow_2445.00MHz.csv,G:\My Drive\MiniChamberData\Data\NafisaData\LAS_0.6Torr_2Nitrogen_Freq_Sweep_4\LAS_DataFrame_4f9f288a_Laser_True_20260807_154812.csv,7f72a6df,4f9f288a|Scope_TrialNumber_0_30.00W_0.60Torr_0.33NitrogenFlow_2445.00MHz.csv,5,full 5,1.241202782935541,0.0008231841093431732,0.5600927264647134,0.0003328941762245177,0.4239210498102824,0.00024045597269440263,0.5270902910626565,0.0003495741048579167,-0.008818086287041955,0.00015311798824871198,35.55974298067808,0.0008226887622437653,19798,0.1184549223243311
30,0.6,0.3333333333333333,2445.0,0,4f9f288a,0.605,30.03333333333333,0.094280904158206,0.6160170182491167,0.259,79.73,Scope_TrialNumber_0_30.00W_0.60Torr_0.33NitrogenFlow_2445.00MHz.csv,G:\My Drive\MiniChamberData\Data\NafisaData\LAS_0.6Torr_2Nitrogen_Freq_Sweep_4\LAS_DataFrame_4f9f288a_Laser_True_20260807_154812.csv,7f72a6df,4f9f288a|Scope_TrialNumber_0_30.00W_0.60Torr_0.33NitrogenFlow_2445.00MHz.csv,7,full 7,1.2389275964894169,0.000702886660507497,0.5590030579836026,0.00028495945605660843,0.4238732861104567,0.00020360467089272256,0.52612410833845,0.0002984884819503305,-0.009097960064339543,0.00015682046468651743,25.205754471842884,0.0008350010168234985,19781,0.11839821089217846
30,0.6,0.3333333333333333,2445.0,0,4f9f288a,0.605,30.03333333333333,0.094280904158206,0.6160170182491167,0.259,79.73,Scope_TrialNumber_0_30.00W_0.60Torr_0.33NitrogenFlow_2445.00MHz.csv,G:\My Drive\MiniChamberData\Data\NafisaData\LAS_0.6Torr_2Nitrogen_Freq_Sweep_4\LAS_DataFrame_4f9f288a_Laser_True_20260807_154812.csv,7f72a6df,4f9f288a|Scope_TrialNumber_0_30.00W_0.60Torr_0.33NitrogenFlow_2445.00MHz.csv,9,trailing partial,1.1928523825764936,0.0006582826274858448,0.5364751572140994,0.00026696664257915427,0.422503881573848,0.00019643820532467795,0.5065577665238602,0.00027954689313730254,-0.009020744790611691,0.0001765067864964926,24.189681126291,0.0008230418658412911,18936,0.11850604716600213
30,0.6,0.3333333333333333,2450.0,0,4f9f288a,0.605,30.0,0.0816496580927723,0.6355892790252818,0.277,79.73,Scope_TrialNumber_0_30.00W_0.60Torr_0.33NitrogenFlow_2450.00MHz.csv,G:\My Drive\MiniChamberData\Data\NafisaData\LAS_0.6Torr_2Nitrogen_Freq_Sweep_4\LAS_DataFrame_4f9f288a_Laser_True_20260807_154812.csv,7f72a6df,4f9f288a|Scope_TrialNumber_0_30.00W_0.60Torr_0.33NitrogenFlow_2450.00MHz.csv,0,full 0,1.17252071146509,0.0008005454836294236,0.5275643002983883,0.00032285342137112154,0.4226906746850755,0.0002461162467850481,0.49792370076825954,0.00033996036568429246,-0.007979648229903918,0.0001228765134947859,37.5186584959107,0.0008194256043284516,19824,0.11856222265625
30,0.6,0.3333333333333333,2450.0,0,4f9f288a,0.605,30.0,0.0816496580927723,0.6355892790252818,0.277,79.73,Scope_TrialNumber_0_30.00W_0.60Torr_0.33NitrogenFlow_2450.00MHz.csv,G:\My Drive\MiniChamberData\Data\NafisaData\LAS_0.6Torr_2Nitrogen_Freq_Sweep_4\LAS_DataFrame_4f9f288a_Laser_True_20260807_154812.csv,7f72a6df,4f9f288a|Scope_TrialNumber_0_30.00W_0.60Torr_0.33NitrogenFlow_2450.00MHz.csv,1,full 1,1.2425222037290782,0.0007645905673363789,0.5614156813074656,0.00031028432522819423,0.424471142876892,0.00022172405816752117,0.5276505974845087,0.0003246917185666856,-0.007435610022618003,8.883918758274001e-05,30.590589691624306,0.0008239343240074127,19823,0.11864756901041666
30,0.6,0.3333333333333333,2450.0,0,4f9f288a,0.605,30.0,0.0816496580927723,0.6355892790252818,0.277,79.73,Scope_TrialNumber_0_30.00W_0.60Torr_0.33NitrogenFlow_2450.00MHz.csv,G:\My Drive\MiniChamberData\Data\NafisaData\LAS_0.6Torr_2Nitrogen_Freq_Sweep_4\LAS_DataFrame_4f9f288a_Laser_True_20260807_154812.csv,7f72a6df,4f9f288a|Scope_TrialNumber_0_30.00W_0.60Torr_0.33NitrogenFlow_2450.00MHz.csv,2,full 2,1.1785411901260499,0.0008610014789375933,0.5346937178105242,0.00034989616818403537,0.4262143872493705,0.00026661332397933903,0.5004803626557206,0.0003656336630709618,-0.00782681017778739,0.0001126067049909854,42.577062557046716,0.0008315159295872372,19814,0.11846949479166667
30,0.6,0.3333333333333333,2450.0,0,4f9f288a,0.605,30.0,0.0816496580927723,0.6355892790252818,0.277,79.73,Scope_TrialNumber_0_30.00W_0.60Torr_0.33NitrogenFlow_2450.00MHz.csv,G:\My Drive\MiniChamberData\Data\NafisaData\LAS_0.6Torr_2Nitrogen_Freq_Sweep_4\LAS_DataFrame_4f9f288a_Laser_True_20260807_154812.csv,7f72a6df,4f9f288a|Scope_TrialNumber_0_30.00W_0.60Torr_0.33NitrogenFlow_2450.00MHz.csv,3,full 3,1.2128989025764643,0.0008380891120040689,0.5467600156137689,0.0003386591239113314,0.42348685457533125,0.00024969967748054815,0.5150707397518026,0.0003559036767045415,-0.00796608774041851,0.0001217969162697664,38.45897694329601,0.0008218543021301375,19798,0.11832494661458334
30,0.6,0.3333333333333333,2450.0,0,4f9f288a,0.605,30.0,0.0816496580927723,0.6355892790252818,0.277,79.73,Scope_TrialNumber_0_30.00W_0.60Torr_0.33NitrogenFlow_2450.00MHz.csv,G:\My Drive\MiniChamberData\Data\NafisaData\LAS_0.6Torr_2Nitrogen_Freq_Sweep_4\LAS_DataFrame_4f9f288a_Laser_True_20260807_154812.csv,7f72a6df,4f9f288a|Scope_TrialNumber_0_30.00W_0.60Torr_0.33NitrogenFlow_2450.00MHz.csv,4,trailing partial,1.239552082967452,0.0007807901932291051,0.5592967891489804,0.0003173603322578807,0.4238823529913486,0.0002262138615554623,0.5263893033283401,0.0003315710662802869,-0.007496771371812968,0.00011040192036642375,30.29194842059539,0.0008438073897447305,18968,0.11849805422843553
30,0.6,0.3333333333333333,2455.0,0,4f9f288a,0.605,30.066666666666663,0.0471404520791038,0.6457060218371758,0.271,79.72,Scope_TrialNumber_0_30.00W_0.60Torr_0.33NitrogenFlow_2455.00MHz.csv,G:\My Drive\MiniChamberData\Data\NafisaData\LAS_0.6Torr_2Nitrogen_Freq_Sweep_4\LAS_DataFrame_4f9f288a_Laser_True_20260807_154812.csv,7f72a6df,4f9f288a|Scope_TrialNumber_0_30.00W_0.60Torr_0.33NitrogenFlow_2455.00MHz.csv,1,full 1,1.2300449345651006,0.0010410246479095073,0.5587520971257756,0.0004244265696125977,0.4267425805685318,0.00031013060177349403,0.5223519891299949,0.00044208246405335195,-0.011061392249141303,0.00032483907583858975,56.534707886615166,0.0008370529104369935,19017,0.12071289258400203
30,0.6,0.3333333333333333,2455.0,0,4f9f288a,0.605,30.066666666666663,0.0471404520791038,0.6457060218371758,0.271,79.72,Scope_TrialNumber_0_30.00W_0.60Torr_0.33NitrogenFlow_2455.00MHz.csv,G:\My Drive\MiniChamberData\Data\NafisaData\LAS_0.6Torr_2Nitrogen_Freq_Sweep_4\LAS_DataFrame_4f9f288a_Laser_True_20260807_154812.csv,7f72a6df,4f9f288a|Scope_TrialNumber_0_30.00W_0.60Torr_0.33NitrogenFlow_2455.00MHz.csv,3,full 3,1.244578956892746,0.0013123254803941253,0.5703819803054594,0.000540323862734722,0.43053764683220164,0.0003935699737402988,0.528524020134366,0.000557293319786089,-0.010460080551298915,0.00031430170147458936,92.56476031264387,0.0008200502028798549,18905,0.12074127460506519
30,0.6,0.3333333333333333,2455.0,0,4f9f288a,0.605,30.066666666666663,0.0471404520791038,0.6457060218371758,0.271,79.72,Scope_TrialNumber_0_30.00W_0.60Torr_0.33NitrogenFlow_2455.00MHz.csv,G:\My Drive\MiniChamberData\Data\NafisaData\LAS_0.6Torr_2Nitrogen_Freq_Sweep_4\LAS_DataFrame_4f9f288a_Laser_True_20260807_154812.csv,7f72a6df,4f9f288a|Scope_TrialNumber_0_30.00W_0.60Torr_0.33NitrogenFlow_2455.00MHz.csv,5,full 5,1.2793731437828793,0.0009109593931234992,0.5793580468636511,0.0003714796984690719,0.4254197061922233,0.00025825391422093757,0.5432997508589088,0.0003868488358784658,-0.010185202813172225,0.0002893308882706248,40.887744966542904,0.0008259932966986007,18900,0.12082523310680911
30,0.6,0.3333333333333333,2455.0,0,4f9f288a,0.605,30.066666666666663,0.0471404520791038,0.6457060218371758,0.271,79.72,Scope_TrialNumber_0_30.00W_0.60Torr_0.33NitrogenFlow_2455.00MHz.csv,G:\My Drive\MiniChamberData\Data\NafisaData\LAS_0.6Torr_2Nitrogen_Freq_Sweep_4\LAS_DataFrame_4f9f288a_Laser_True_20260807_154812.csv,7f72a6df,4f9f288a|Scope_TrialNumber_0_30.00W_0.60Torr_0.33NitrogenFlow_2455.00MHz.csv,7,full 7,1.1841693320100655,0.0008528319870823165,0.5355890075346768,0.0003468901289874205,0.42489892799853984,0.0002605556670704923,0.5028704144543249,0.0003621643993059808,-0.010363214780876664,0.0002716462518125565,37.28071744964143,0.0008725130001028157,18991,0.1207831294301787
30,0.6,0.3333333333333333,2455.0,0,4f9f288a,0.605,30.066666666666663,0.0471404520791038,0.6457060218371758,0.271,79.72,Scope_TrialNumber_0_30.00W_0.60Torr_0.33NitrogenFlow_2455.00MHz.csv,G:\My Drive\MiniChamberData\Data\NafisaData\LAS_0.6Torr_2Nitrogen_Freq_Sweep_4\LAS_DataFrame_4f9f288a_Laser_True_20260807_154812.csv,7f72a6df,4f9f288a|Scope_TrialNumber_0_30.00W_0.60Torr_0.33NitrogenFlow_2455.00MHz.csv,9,trailing partial,1.240023769791946,0.0009441883934361287,0.5594287173494922,0.0003829477690497778,0.4238210626731945,0.00027584861807774906,0.5265896102798159,0.00040095989306211265,-0.010091737901229813,0.0002901345879322597,45.76597530125054,0.0008314897158791438,18986,0.12087448467018894
30,0.6,0.3333333333333333,2460.0,0,4f9f288a,0.605,30.0,0.0816496580927737,0.6419883444389675,0.273,79.73,Scope_TrialNumber_0_30.00W_0.60Torr_0.33NitrogenFlow_2460.00MHz.csv,G:\My Drive\MiniChamberData\Data\NafisaData\LAS_0.6Torr_2Nitrogen_Freq_Sweep_4\LAS_DataFrame_4f9f288a_Laser_True_20260807_154812.csv,7f72a6df,4f9f288a|Scope_TrialNumber_0_30.00W_0.60Torr_0.33NitrogenFlow_2460.00MHz.csv,1,full 1,1.1220403653399666,0.0007691362343073563,0.5063024538229436,0.00031183982661203046,0.4239057828140329,0.0002479135849256609,0.4764866715431835,0.00032662208559433576,-0.009269873808343838,0.00015138578438571274,37.96923476114671,0.0008202067109305632,19208,0.1258049683095655
30,0.6,0.3333333333333333,2460.0,0,4f9f288a,0.605,30.0,0.0816496580927737,0.6419883444389675,0.273,79.73,Scope_TrialNumber_0_30.00W_0.60Torr_0.33NitrogenFlow_2460.00MHz.csv,G:\My Drive\MiniChamberData\Data\NafisaData\LAS_0.6Torr_2Nitrogen_Freq_Sweep_4\LAS_DataFrame_4f9f288a_Laser_True_20260807_154812.csv,7f72a6df,4f9f288a|Scope_TrialNumber_0_30.00W_0.60Torr_0.33NitrogenFlow_2460.00MHz.csv,3,full 3,1.1978583048306546,0.0010910102206395259,0.5422128626205251,0.0004431971167047035,0.4252380887472214,0.0003337681579094372,0.5086835859743631,0.00046330938236309547,-0.009168441901316006,0.00015960071460497044,69.54917438118747,0.0008071123643712138,19115,0.12589527822950547
30,0.6,0.3333333333333333,2460.0,0,4f9f288a,0.605,30.0,0.0816496580927737,0.6419883444389675,0.273,79.73,Scope_TrialNumber_0_30.00W_0.60Torr_0.33NitrogenFlow_2460.00MHz.csv,G:\My Drive\MiniChamberData\Data\NafisaData\LAS_0.6Torr_2Nitrogen_Freq_Sweep_4\LAS_DataFrame_4f9f288a_Laser_True_20260807_154812.csv,7f72a6df,4f9f288a|Scope_TrialNumber_0_30.00W_0.60Torr_0.33NitrogenFlow_2460.00MHz.csv,5,full 5,1.2021169478876372,0.00074759462678708,0.5398024298156145,0.0003023219110086213,0.4218479130441812,0.00022247607802283406,0.5104920651683335,0.00031747420715422627,-0.009062435200100203,0.0001483079232618543,32.39260401782411,0.0008039133224740769,19129,0.12586392183355852
30,0.6,0.3333333333333333,2460.0,0,4f9f288a,0.605,30.0,0.0816496580927737,0.6419883444389675,0.273,79.73,Scope_TrialNumber_0_30.00W_0.60Torr_0.33NitrogenFlow_2460.00MHz.csv,G:\My Drive\MiniChamberData\Data\NafisaData\LAS_0.6Torr_2Nitrogen_Freq_Sweep_4\LAS_DataFrame_4f9f288a_Laser_True_20260807_154812.csv,7f72a6df,4f9f288a|Scope_TrialNumber_0_30.00W_0.60Torr_0.33NitrogenFlow_2460.00MHz.csv,7,full 7,1.183200558436905,0.0007374835165388781,0.5316281303106872,0.00029826769858627944,0.4221019678008276,0.0002234483893505467,0.5024590141967108,0.00031318041397476954,-0.009222435186956809,0.0001468041165665284,32.995414027698175,0.0007967084890846453,19088,0.125781857317419
30,0.6,0.3333333333333333,2460.0,0,4f9f288a,0.605,30.0,0.0816496580927737,0.6419883444389675,0.273,79.73,Scope_TrialNumber_0_30.00W_0.60Torr_0.33NitrogenFlow_2460.00MHz.csv,G:\My Drive\MiniChamberData\Data\NafisaData\LAS_0.6Torr_2Nitrogen_Freq_Sweep_4\LAS_DataFrame_4f9f288a_Laser_True_20260807_154812.csv,7f72a6df,4f9f288a|Scope_TrialNumber_0_30.00W_0.60Torr_0.33NitrogenFlow_2460.00MHz.csv,9,trailing partial,1.2721284257269885,0.0009664012174530371,0.5797111784152124,0.0003956041839632623,0.4281032330292667,0.0002795480127864461,0.5402232023680047,0.00041039281090387344,-0.009273106827076522,0.0001565197274380894,48.54941305588278,0.0008149291095228079,19137,0.12586156759502296
35,0.6,0.3333333333333333,2410.0,0,4f9f288a,0.605,34.93333333333333,0.0942809041582076,0.5366933573474068,0.279,79.73,Scope_TrialNumber_0_35.00W_0.60Torr_0.33NitrogenFlow_2410.00MHz.csv,G:\My Drive\MiniChamberData\Data\NafisaData\LAS_0.6Torr_2Nitrogen_Freq_Sweep_4\LAS_DataFrame_4f9f288a_Laser_True_20260807_154812.csv,7f72a6df,4f9f288a|Scope_TrialNumber_0_35.00W_0.60Torr_0.33NitrogenFlow_2410.00MHz.csv,2,full 2,1.1932371470438874,0.000885998241941933,0.5881805267448662,0.00039097935441726904,0.46307535329270255,0.000295670415180929,0.506721160948927,0.0003762488109490712,-0.009252802135437863,0.00021158677701830242,59.494819649337494,0.0007817389115975196,19815,0.14414113413625426
35,0.6,0.3333333333333333,2410.0,0,4f9f288a,0.605,34.93333333333333,0.0942809041582076,0.5366933573474068,0.279,79.73,Scope_TrialNumber_0_35.00W_0.60Torr_0.33NitrogenFlow_2410.00MHz.csv,G:\My Drive\MiniChamberData\Data\NafisaData\LAS_0.6Torr_2Nitrogen_Freq_Sweep_4\LAS_DataFrame_4f9f288a_Laser_True_20260807_154812.csv,7f72a6df,4f9f288a|Scope_TrialNumber_0_35.00W_0.60Torr_0.33NitrogenFlow_2410.00MHz.csv,5,full 5,1.213858651210862,0.0006874360044507895,0.5914414065574997,0.000301119785943972,0.4577321296284549,0.00021794083892279277,0.5154783074707979,0.0002919271924414736,-0.008906654559555215,0.00019329394580788428,34.49737475051206,0.0007690968704975208,19815,0.14416301655136687
35,0.6,0.3333333333333333,2410.0,0,4f9f288a,0.605,34.93333333333333,0.0942809041582076,0.5366933573474068,0.279,79.73,Scope_TrialNumber_0_35.00W_0.60Torr_0.33NitrogenFlow_2410.00MHz.csv,G:\My Drive\MiniChamberData\Data\NafisaData\LAS_0.6Torr_2Nitrogen_Freq_Sweep_4\LAS_DataFrame_4f9f288a_Laser_True_20260807_154812.csv,7f72a6df,4f9f288a|Scope_TrialNumber_0_35.00W_0.60Torr_0.33NitrogenFlow_2410.00MHz.csv,8,full 8,1.2339808653412836,0.0007652231946578122,0.6032787096874609,0.00033585847366905203,0.45927981968300674,0.00024224283753310295,0.5240234250363133,0.0003249603706544612,-0.008969870116305881,0.00020155279044527523,40.37848664838641,0.0007848436173476786,19827,0.14413667897679852
35,0.6,0.3333333333333333,2410.0,0,4f9f288a,0.605,34.93333333333333,0.0942809041582076,0.5366933573474068,0.279,79.73,Scope_TrialNumber_0_35.00W_0.60Torr_0.33NitrogenFlow_2410.00MHz.csv,G:\My Drive\MiniChamberData\Data\NafisaData\LAS_0.6Torr_2Nitrogen_Freq_Sweep_4\LAS_DataFrame_4f9f288a_Laser_True_20260807_154812.csv,7f72a6df,4f9f288a|Scope_TrialNumber_0_35.00W_0.60Torr_0.33NitrogenFlow_2410.00MHz.csv,10,full 10,1.1031521741632917,0.0007888805101765483,0.5429025371953563,0.00034759549148350284,0.4623323001912942,0.0002839335895623055,0.4684655952760046,0.00033500670755763845,-0.009352693033996905,0.00020046844808653696,56.25103246119539,0.0007717368554973915,19816,0.14406057171295603
35,0.6,0.3333333333333333,2410.0,0,4f9f288a,0.605,34.93333333333333,0.0942809041582076,0.5366933573474068,0.279,79.73,Scope_TrialNumber_0_35.00W_0.60Torr_0.33NitrogenFlow_2410.00MHz.csv,G:\My Drive\MiniChamberData\Data\NafisaData\LAS_0.6Torr_2Nitrogen_Freq_Sweep_4\LAS_DataFrame_4f9f288a_Laser_True_20260807_154812.csv,7f72a6df,4f9f288a|Scope_TrialNumber_0_35.00W_0.60Torr_0.33NitrogenFlow_2410.00MHz.csv,13,trailing partial,1.1769189353305973,0.0008726804771379396,0.5753981467675954,0.0003829960907130569,0.4592928645644837,0.00029203124365525314,0.49979145447402085,0.0003705932769595012,-0.00933096169305556,0.00023231738230517136,60.67031523237114,0.0007630983548090225,18937,0.14410712705436154
35,0.6,0.3333333333333333,2415.0,0,4f9f288a,0.605,35.03333333333333,0.0942809041582043,0.4949448124525107,0.259,79.73,Scope_TrialNumber_0_35.00W_0.60Torr_0.33NitrogenFlow_2415.00MHz.csv,G:\My Drive\MiniChamberData\Data\NafisaData\LAS_0.6Torr_2Nitrogen_Freq_Sweep_4\LAS_DataFrame_4f9f288a_Laser_True_20260807_154812.csv,7f72a6df,4f9f288a|Scope_TrialNumber_0_35.00W_0.60Torr_0.33NitrogenFlow_2415.00MHz.csv,1,full 1,1.1659564225835162,0.0009047709367296927,0.5747065856641395,0.00040005517805826075,0.4630540047892869,0.0003052132272085208,0.4951361039430051,0.00038422084041576997,-0.01189247671800806,0.0003382320995583933,67.25829851510801,0.0007680009366393699,19827,0.1438100124572596
35,0.6,0.3333333333333333,2415.0,0,4f9f288a,0.605,35.03333333333333,0.0942809041582043,0.4949448124525107,0.259,79.73,Scope_TrialNumber_0_35.00W_0.60Torr_0.33NitrogenFlow_2415.00MHz.csv,G:\My Drive\MiniChamberData\Data\NafisaData\LAS_0.6Torr_2Nitrogen_Freq_Sweep_4\LAS_DataFrame_4f9f288a_Laser_True_20260807_154812.csv,7f72a6df,4f9f288a|Scope_TrialNumber_0_35.00W_0.60Torr_0.33NitrogenFlow_2415.00MHz.csv,3,full 3,1.1456544330147602,0.0008628416156741147,0.5542146856074579,0.0003742594950528602,0.4544563535553877,0.000285928825461573,0.4865146427780229,0.00036641509719388107,-0.01213864229354882,0.0003259094585501509,60.46648303673382,0.000765257187900581,19822,0.1437294455216412
35,0.6,0.3333333333333333,2415.0,0,4f9f288a,0.605,35.03333333333333,0.0942809041582043,0.4949448124525107,0.259,79.73,Scope_TrialNumber_0_35.00W_0.60Torr_0.33NitrogenFlow_2415.00MHz.csv,G:\My Drive\MiniChamberData\Data\NafisaData\LAS_0.6Torr_2Nitrogen_Freq_Sweep_4\LAS_DataFrame_4f9f288a_Laser_True_20260807_154812.csv,7f72a6df,4f9f288a|Scope_TrialNumber_0_35.00W_0.60Torr_0.33NitrogenFlow_2415.00MHz.csv,5,full 5,1.2573628108951151,0.0010527345770681123,0.6201263676461757,0.00046539429024613875,0.46332675201097456,0.0003328643938106395,0.5339528230823216,0.00044705521311046777,-0.011561104270549065,0.00031415266802923,76.40644628188663,0.0007799550445628041,19825,0.143708517064882
35,0.6,0.3333333333333333,2415.0,0,4f9f288a,0.605,35.03333333333333,0.0942809041582043,0.4949448124525107,0.259,79.73,Scope_TrialNumber_0_35.00W_0.60Torr_0.33NitrogenFlow_2415.00MHz.csv,G:\My Drive\MiniChamberData\Data\NafisaData\LAS_0.6Torr_2Nitrogen_Freq_Sweep_4\LAS_DataFrame_4f9f288a_Laser_True_20260807_154812.csv,7f72a6df,4f9f288a|Scope_TrialNumber_0_35.00W_0.60Torr_0.33NitrogenFlow_2415.00MHz.csv,7,full 7,1.1993676791184027,0.0009268960545628647,0.5887211367330716,0.00040834875777210456,0.46113180489573874,0.0003029955194106125,0.5093245582180524,0.0003936165128705971,-0.011816221584336489,0.0003249038601840271,63.66058292003621,0.0007822192957425938,19826,0.14367170038987576
35,0.6,0.3333333333333333,2415.0,0,4f9f288a,0.605,35.03333333333333,0.0942809041582043,0.4949448124525107,0.259,79.73,Scope_TrialNumber_0_35.00W_0.60Torr_0.33NitrogenFlow_2415.00MHz.csv,G:\My Drive\MiniChamberData\Data\NafisaData\LAS_0.6Torr_2Nitrogen_Freq_Sweep_4\LAS_DataFrame_4f9f288a_Laser_True_20260807_154812.csv,7f72a6df,4f9f288a|Scope_TrialNumber_0_35.00W_0.60Torr_0.33NitrogenFlow_2415.00MHz.csv,9,trailing partial,1.177227823113698,0.0010687238196726834,0.581656016354139,0.0004739723319984568,0.4641661829719068,0.0003618704046731546,0.4999226270380358,0.0004538452192675459,-0.011973607977057925,0.0003583777666821673,92.86437142579858,0.0007646744848210655,19011,0.1437427439953208
35,0.6,0.3333333333333333,2420.0,0,4f9f288a,0.605,35.06666666666667,0.0942809041582076,0.4728771158689644,0.265,79.73,Scope_TrialNumber_0_35.00W_0.60Torr_0.33NitrogenFlow_2420.00MHz.csv,G:\My Drive\MiniChamberData\Data\NafisaData\LAS_0.6Torr_2Nitrogen_Freq_Sweep_4\LAS_DataFrame_4f9f288a_Laser_True_20260807_154812.csv,7f72a6df,4f9f288a|Scope_TrialNumber_0_35.00W_0.60Torr_0.33NitrogenFlow_2420.00MHz.csv,1,full 1,1.2042605742986496,0.0006701885369267141,0.5905822513435105,0.00029664478704888477,0.46071007794436863,0.00021350838933478818,0.5114023794896064,0.0002846028673574952,-0.009807497838677015,0.00022588621736429295,32.89205005947212,0.0007744328000885052,19054,0.14196335812225727
35,0.6,0.3333333333333333,2420.0,0,4f9f288a,0.605,35.06666666666667,0.0942809041582076,0.4728771158689644,0.265,79.73,Scope_TrialNumber_0_35.00W_0.60Torr_0.33NitrogenFlow_2420.00MHz.csv,G:\My Drive\MiniChamberData\Data\NafisaData\LAS_0.6Torr_2Nitrogen_Freq_Sweep_4\LAS_DataFrame_4f9f288a_Laser_True_20260807_154812.csv,7f72a6df,4f9f288a|Scope_TrialNumber_0_35.00W_0.60Torr_0.33NitrogenFlow_2420.00MHz.csv,3,full 3,1.1658140439505793,0.0006866068772492485,0.5761161623750066,0.0003052752569133053,0.464246423007927,0.00023031504928623325,0.4950756413045809,0.0002915750945377333,-0.009570238977306429,0.00021072909088236229,37.07007937690122,0.0007807652378801664,19109,0.14189415484056664
35,0.6,0.3333333333333333,2420.0,0,4f9f288a,0.605,35.06666666666667,0.0942809041582076,0.4728771158689644,0.265,79.73,Scope_TrialNumber_0_35.00W_0.60Torr_0.33NitrogenFlow_2420.00MHz.csv,G:\My Drive\MiniChamberData\Data\NafisaData\LAS_0.6Torr_2Nitrogen_Freq_Sweep_4\LAS_DataFrame_4f9f288a_Laser_True_20260807_154812.csv,7f72a6df,4f9f288a|Scope_TrialNumber_0_35.00W_0.60Torr_0.33NitrogenFlow_2420.00MHz.csv,5,full 5,1.2890195127741424,0.001074629873610686,0.6423933221381144,0.00048071932484404685,0.46817618230268,0.00033656915695524947,0.5473961865978599,0.00045635328944915713,-0.009573577562989946,0.00021693067118986302,80.8860713931469,0.0007581240199617752,19093,0.141942731537101
35,0.6,0.3333333333333333,2420.0,0,4f9f288a,0.605,35.06666666666667,0.0942809041582076,0.4728771158689644,0.265,79.73,Scope_TrialNumber_0_35.00W_0.60Torr_0.33NitrogenFlow_2420.00MHz.csv,G:\My Drive\MiniChamberData\Data\NafisaData\LAS_0.6Torr_2Nitrogen_Freq_Sweep_4\LAS_DataFrame_4f9f288a_Laser_True_20260807_154812.csv,7f72a6df,4f9f288a|Scope_TrialNumber_0_35.00W_0.60Torr_0.33NitrogenFlow_2420.00MHz.csv,7,full 7,1.1987119897732756,0.0009808942183627686,0.5957508536863386,0.00043775177020531235,0.46689327006393266,0.00032771864207555636,0.509046112590536,0.00041654742171598794,-0.009641238873763539,0.00021733500475799495,76.4615867537874,0.0007608307079182335,19003,0.1419291625473461
35,0.6,0.3333333333333333,2420.0,0,4f9f288a,0.605,35.06666666666667,0.0942809041582076,0.4728771158689644,0.265,79.73,Scope_TrialNumber_0_35.00W_0.60Torr_0.33NitrogenFlow_2420.00MHz.csv,G:\My Drive\MiniChamberData\Data\NafisaData\LAS_0.6Torr_2Nitrogen_Freq_Sweep_4\LAS_DataFrame_4f9f288a_Laser_True_20260807_154812.csv,7f72a6df,4f9f288a|Scope_TrialNumber_0_35.00W_0.60Torr_0.33NitrogenFlow_2420.00MHz.csv,9,trailing partial,1.1483385952419918,0.0006567892463807398,0.5663838472389924,0.00029206369680265113,0.4633494879944458,0.0002236257705714095,0.48765450152557166,0.0002789127125729506,-0.009615437301274548,0.00019071161100664373,35.63536121130266,0.0007738303295136426,19004,0.1419082911639998
35,0.6,0.3333333333333333,2425.0,0,4f9f288a,0.605,34.96666666666667,0.1247219128924665,0.4817307849960855,0.277,79.73,Scope_TrialNumber_0_35.00W_0.60Torr_0.33NitrogenFlow_2425.00MHz.csv,G:\My Drive\MiniChamberData\Data\NafisaData\LAS_0.6Torr_2Nitrogen_Freq_Sweep_4\LAS_DataFrame_4f9f288a_Laser_True_20260807_154812.csv,7f72a6df,4f9f288a|Scope_TrialNumber_0_35.00W_0.60Torr_0.33NitrogenFlow_2425.00MHz.csv,1,full 1,1.2978666039878195,0.0009726084489685218,0.669398017649435,0.00045081363644002145,0.48453165381966196,0.00031134775962578606,0.5511532003163162,0.0004130287794266414,-0.010084463147132705,0.00026079108218302494,65.77101416264784,0.000781698191182138,19113,0.1386424052155504
35,0.6,0.3333333333333333,2425.0,0,4f9f288a,0.605,34.96666666666667,0.1247219128924665,0.4817307849960855,0.277,79.73,Scope_TrialNumber_0_35.00W_0.60Torr_0.33NitrogenFlow_2425.00MHz.csv,G:\My Drive\MiniChamberData\Data\NafisaData\LAS_0.6Torr_2Nitrogen_Freq_Sweep_4\LAS_DataFrame_4f9f288a_Laser_True_20260807_154812.csv,7f72a6df,4f9f288a|Scope_TrialNumber_0_35.00W_0.60Torr_0.33NitrogenFlow_2425.00MHz.csv,3,full 3,1.1493038078922144,0.0006695056676120273,0.5846933680069698,0.00030775066084405274,0.47792650014931043,0.00023388204317420806,0.4880643895984456,0.00028431287945963955,-0.010193799078928135,0.000276750949201019,40.04814774846943,0.00076515582232605,18998,0.13869865014266827
35,0.6,0.3333333333333333,2425.0,0,4f9f288a,0.605,34.96666666666667,0.1247219128924665,0.4817307849960855,0.277,79.73,Scope_TrialNumber_0_35.00W_0.60Torr_0.33NitrogenFlow_2425.00MHz.csv,G:\My Drive\MiniChamberData\Data\NafisaData\LAS_0.6Torr_2Nitrogen_Freq_Sweep_4\LAS_DataFrame_4f9f288a_Laser_True_20260807_154812.csv,7f72a6df,4f9f288a|Scope_TrialNumber_0_35.00W_0.60Torr_0.33NitrogenFlow_2425.00MHz.csv,5,full 5,1.2208699067289448,0.0009446595381560765,0.633319193076851,0.00043977774618641455,0.48732764728917904,0.0003237326419594372,0.5184557135502467,0.00040115996980298374,-0.009736865322146232,0.00024804430631822214,71.06182040301964,0.0007799012973019964,19075,0.13875213505581216
35,0.6,0.3333333333333333,2425.0,0,4f9f288a,0.605,34.96666666666667,0.1247219128924665,0.4817307849960855,0.277,79.73,Scope_TrialNumber_0_35.00W_0.60Torr_0.33NitrogenFlow_2425.00MHz.csv,G:\My Drive\MiniChamberData\Data\NafisaData\LAS_0.6Torr_2Nitrogen_Freq_Sweep_4\LAS_DataFrame_4f9f288a_Laser_True_20260807_154812.csv,7f72a6df,4f9f288a|Scope_TrialNumber_0_35.00W_0.60Torr_0.33NitrogenFlow_2425.00MHz.csv,7,full 7,1.2396947360365742,0.0008389229060044668,0.6344776888468373,0.00038589977400098563,0.48080545643966655,0.00027776317718864444,0.5264498825090819,0.0003562577564152852,-0.010246689428205728,0.0002808708726561804,54.58116962170086,0.0007686264044656827,19083,0.13872292806757708
35,0.6,0.3333333333333333,2425.0,0,4f9f288a,0.605,34.96666666666667,0.1247219128924665,0.4817307849960855,0.277,79.73,Scope_TrialNumber_0_35.00W_0.60Torr_0.33NitrogenFlow_2425.00MHz.csv,G:\My Drive\MiniChamberData\Data\NafisaData\LAS_0.6Torr_2Nitrogen_Freq_Sweep_4\LAS_DataFrame_4f9f288a_Laser_True_20260807_154812.csv,7f72a6df,4f9f288a|Scope_TrialNumber_0_35.00W_0.60Torr_0.33NitrogenFlow_2425.00MHz.csv,9,trailing partial,1.1784158970978438,0.0009110150362028429,0.6059748459012105,0.00042040844568493974,0.48308526861854356,0.000320477200417562,0.5004271556055808,0.0003868724653186267,-0.009959468943661356,0.0002583402201786607,72.35181085681876,0.0007656496013198837,19104,0.1387873465045721
35,0.6,0.3333333333333333,2430.0,0,4f9f288a,0.605,35.0,0.0,0.50840394989731,0.267,79.73,Scope_TrialNumber_0_35.00W_0.60Torr_0.33NitrogenFlow_2430.00MHz.csv,G:\My Drive\MiniChamberData\Data\NafisaData\LAS_0.6Torr_2Nitrogen_Freq_Sweep_4\LAS_DataFrame_4f9f288a_Laser_True_20260807_154812.csv,7f72a6df,4f9f288a|Scope_TrialNumber_0_35.00W_0.60Torr_0.33NitrogenFlow_2430.00MHz.csv,1,full 1,1.1563211836652265,0.0007474411260284423,0.6023364000337819,0.0003508189837763694,0.48935994298389107,0.00026745494198664725,0.49104439471086164,0.00031740902138389037,-0.011150971804299283,0.00030212494333021334,50.776420813062906,0.0007738424022802953,18973,0.13668358147112428
35,0.6,0.3333333333333333,2430.0,0,4f9f288a,0.605,35.0,0.0,0.50840394989731,0.267,79.73,Scope_TrialNumber_0_35.00W_0.60Torr_0.33NitrogenFlow_2430.00MHz.csv,G:\My Drive\MiniChamberData\Data\NafisaData\LAS_0.6Torr_2Nitrogen_Freq_Sweep_4\LAS_DataFrame_4f9f288a_Laser_True_20260807_154812.csv,7f72a6df,4f9f288a|Scope_TrialNumber_0_35.00W_0.60Torr_0.33NitrogenFlow_2430.00MHz.csv,3,full 3,1.2824058991720537,0.0011860138731787232,0.6773691414386648,0.0005624577682899072,0.4962124888220616,0.0003992039679655381,0.5445876434923923,0.0005036537189673598,-0.011235724141903302,0.0003105701103245441,104.62820009057862,0.0007851651507269969,19113,0.1366414205143961
35,0.6,0.3333333333333333,2430.0,0,4f9f288a,0.605,35.0,0.0,0.50840394989731,0.267,79.73,Scope_TrialNumber_0_35.00W_0.60Torr_0.33NitrogenFlow_2430.00MHz.csv,G:\My Drive\MiniChamberData\Data\NafisaData\LAS_0.6Torr_2Nitrogen_Freq_Sweep_4\LAS_DataFrame_4f9f288a_Laser_True_20260807_154812.csv,7f72a6df,4f9f288a|Scope_TrialNumber_0_35.00W_0.60Torr_0.33NitrogenFlow_2430.00MHz.csv,5,full 5,1.1748396206671612,0.0007790494558396039,0.6162557716662831,0.000367315211890095,0.49277674580668746,0.00027897719721095294,0.49890845083736335,0.000330831843173547,-0.00906383114066242,0.00022197515705818743,54.98691569658215,0.0007689562058694814,18603,0.13662356258778088
35,0.6,0.3333333333333333,2430.0,0,4f9f288a,0.605,35.0,0.0,0.50840394989731,0.267,79.73,Scope_TrialNumber_0_35.00W_0.60Torr_0.33NitrogenFlow_2430.00MHz.csv,G:\My Drive\MiniChamberData\Data\NafisaData\LAS_0.6Torr_2Nitrogen_Freq_Sweep_4\LAS_DataFrame_4f9f288a_Laser_True_20260807_154812.csv,7f72a6df,4f9f288a|Scope_TrialNumber_0_35.00W_0.60Torr_0.33NitrogenFlow_2430.00MHz.csv,7,full 7,1.2114169625714117,0.0009623803242624403,0.642221025036704,0.00045808197966381377,0.4980336174289093,0.00034122250604350194,0.5144414177752976,0.0004086852947821717,-0.010678218979724026,0.0002952991700009205,77.16743828690288,0.0007872023923092424,19085,0.1365883888338517
35,0.6,0.3333333333333333,2430.0,0,4f9f288a,0.605,35.0,0.0,0.50840394989731,0.267,79.73,Scope_TrialNumber_0_35.00W_0.60Torr_0.33NitrogenFlow_2430.00MHz.csv,G:\My Drive\MiniChamberData\Data\NafisaData\LAS_0.6Torr_2Nitrogen_Freq_Sweep_4\LAS_DataFrame_4f9f288a_Laser_True_20260807_154812.csv,7f72a6df,4f9f288a|Scope_TrialNumber_0_35.00W_0.60Torr_0.33NitrogenFlow_2430.00MHz.csv,9,trailing partial,1.131836305257798,0.0007797525713659042,0.590572789649691,0.0003659539875365106,0.49018227442015067,0.00028671614943672207,0.48064662420644644,0.00033113042884585093,-0.010327746166840294,0.0002749720797094398,58.44940273316844,0.0007683179705070796,19072,0.13667896488887202
35,0.6,0.3333333333333333,2435.0,0,4f9f288a,0.605,34.93333333333334,0.0471404520791004,0.5459457445244312,0.271,79.73,Scope_TrialNumber_0_35.00W_0.60Torr_0.33NitrogenFlow_2435.00MHz.csv,G:\My Drive\MiniChamberData\Data\NafisaData\LAS_0.6Torr_2Nitrogen_Freq_Sweep_4\LAS_DataFrame_4f9f288a_Laser_True_20260807_154812.csv,7f72a6df,4f9f288a|Scope_TrialNumber_0_35.00W_0.60Torr_0.33NitrogenFlow_2435.00MHz.csv,1,full 1,1.2223366445147186,0.0008888899218934061,0.619480092552419,0.0004046180459327966,0.47610672147287086,0.0002964776584308109,0.5190785797386286,0.00037747679436019217,-0.010475415281306253,0.00022537237343522501,56.31894128963771,0.0008032990595416907,19003,0.13248178438041883
35,0.6,0.3333333333333333,2435.0,0,4f9f288a,0.605,34.93333333333334,0.0471404520791004,0.5459457445244312,0.271,79.73,Scope_TrialNumber_0_35.00W_0.60Torr_0.33NitrogenFlow_2435.00MHz.csv,G:\My Drive\MiniChamberData\Data\NafisaData\LAS_0.6Torr_2Nitrogen_Freq_Sweep_4\LAS_DataFrame_4f9f288a_Laser_True_20260807_154812.csv,7f72a6df,4f9f288a|Scope_TrialNumber_0_35.00W_0.60Torr_0.33NitrogenFlow_2435.00MHz.csv,3,full 3,1.1517312882336126,0.0006955152036992701,0.5842818545856804,0.0003166727138838214,0.4765835234947799,0.00024402501909804675,0.48909524558530565,0.0002953581124667762,-0.009955606181069809,0.0001689854998088164,40.47315750297009,0.0007867277590676391,19834,0.1325175395679105
35,0.6,0.3333333333333333,2435.0,0,4f9f288a,0.605,34.93333333333334,0.0471404520791004,0.5459457445244312,0.271,79.73,Scope_TrialNumber_0_35.00W_0.60Torr_0.33NitrogenFlow_2435.00MHz.csv,G:\My Drive\MiniChamberData\Data\NafisaData\LAS_0.6Torr_2Nitrogen_Freq_Sweep_4\LAS_DataFrame_4f9f288a_Laser_True_20260807_154812.csv,7f72a6df,4f9f288a|Scope_TrialNumber_0_35.00W_0.60Torr_0.33NitrogenFlow_2435.00MHz.csv,5,full 5,1.2076530457141532,0.0008443185046346065,0.6188525337052285,0.00038751987929095533,0.48140742263985725,0.0002890019352007524,0.512843029454627,0.0003585490561863761,-0.010216012338132867,0.00018761992625132567,54.62038507725191,0.0007956510252494417,19834,0.13249458637621717
35,0.6,0.3333333333333333,2435.0,0,4f9f288a,0.605,34.93333333333334,0.0471404520791004,0.5459457445244312,0.271,79.73,Scope_TrialNumber_0_35.00W_0.60Torr_0.33NitrogenFlow_2435.00MHz.csv,G:\My Drive\MiniChamberData\Data\NafisaData\LAS_0.6Torr_2Nitrogen_Freq_Sweep_4\LAS_DataFrame_4f9f288a_Laser_True_20260807_154812.csv,7f72a6df,4f9f288a|Scope_TrialNumber_0_35.00W_0.60Torr_0.33NitrogenFlow_2435.00MHz.csv,7,full 7,1.254812822600609,0.0007209065000601795,0.6390468706437424,0.00032961263417352,0.4784334701608063,0.00023374272603237859,0.53286994275782,0.0003061408032352233,-0.010378213184497116,0.00018790828362277206,37.30768200853423,0.0007841676194028028,19829,0.13250216883628452
35,0.6,0.3333333333333333,2435.0,0,4f9f288a,0.605,34.93333333333334,0.0471404520791004,0.5459457445244312,0.271,79.73,Scope_TrialNumber_0_35.00W_0.60Torr_0.33NitrogenFlow_2435.00MHz.csv,G:\My Drive\MiniChamberData\Data\NafisaData\LAS_0.6Torr_2Nitrogen_Freq_Sweep_4\LAS_DataFrame_4f9f288a_Laser_True_20260807_154812.csv,7f72a6df,4f9f288a|Scope_TrialNumber_0_35.00W_0.60Torr_0.33NitrogenFlow_2435.00MHz.csv,9,trailing partial,1.3102706577221472,0.0007921271956172948,0.6645741053817297,0.00036253070319270953,0.47648604917966536,0.00024537535797498276,0.5564207169405705,0.00033638544791939035,-0.009971037139515028,0.00019137933764288716,41.220137696654106,0.0007827277753353544,19075,0.1324848958333333
35,0.6,0.3333333333333333,2440.0,0,4f9f288a,0.605,35.0,0.0816496580927679,0.5791742788764623,0.276,79.74,Scope_TrialNumber_0_35.00W_0.60Torr_0.33NitrogenFlow_2440.00MHz.csv,G:\My Drive\MiniChamberData\Data\NafisaData\LAS_0.6Torr_2Nitrogen_Freq_Sweep_4\LAS_DataFrame_4f9f288a_Laser_True_20260807_154812.csv,7f72a6df,4f9f288a|Scope_TrialNumber_0_35.00W_0.60Torr_0.33NitrogenFlow_2440.00MHz.csv,1,full 1,1.2450410746414975,0.0009179719485358731,0.6102457432575573,0.0004031493983791759,0.46045677693725945,0.00029271091058252253,0.5287202634735233,0.00038982679397219427,-0.010066760964087082,0.00020040645009275116,55.75635050869573,0.000794914390413096,19845,0.1298658134042571
35,0.6,0.3333333333333333,2440.0,0,4f9f288a,0.605,35.0,0.0816496580927679,0.5791742788764623,0.276,79.74,Scope_TrialNumber_0_35.00W_0.60Torr_0.33NitrogenFlow_2440.00MHz.csv,G:\My Drive\MiniChamberData\Data\NafisaData\LAS_0.6Torr_2Nitrogen_Freq_Sweep_4\LAS_DataFrame_4f9f288a_Laser_True_20260807_154812.csv,7f72a6df,4f9f288a|Scope_TrialNumber_0_35.00W_0.60Torr_0.33NitrogenFlow_2440.00MHz.csv,3,full 3,1.221622942766382,0.0007298546300308869,0.5945511062764385,0.0003189214352936217,0.4572142956511402,0.00023175516606154566,0.5187754985117456,0.00030994072416318946,-0.009554746198122663,0.00018211687138098374,35.386772257478505,0.0007997029859243737,19841,0.12990450868003464
35,0.6,0.3333333333333333,2440.0,0,4f9f288a,0.605,35.0,0.0816496580927679,0.5791742788764623,0.276,79.74,Scope_TrialNumber_0_35.00W_0.60Torr_0.33NitrogenFlow_2440.00MHz.csv,G:\My Drive\MiniChamberData\Data\NafisaData\LAS_0.6Torr_2Nitrogen_Freq_Sweep_4\LAS_DataFrame_4f9f288a_Laser_True_20260807_154812.csv,7f72a6df,4f9f288a|Scope_TrialNumber_0_35.00W_0.60Torr_0.33NitrogenFlow_2440.00MHz.csv,5,full 5,1.2001316545624385,0.0008721980084076308,0.5881284059047319,0.0003826698958568607,0.46037428232867283,0.0002871847006346631,0.5096489887178046,0.0003703883913541969,-0.009585701945481688,0.00018723351594257615,54.063047425087944,0.000794596765625639,19844,0.1298433983847577
35,0.6,0.3333333333333333,2440.0,0,4f9f288a,0.605,35.0,0.0816496580927679,0.5791742788764623,0.276,79.74,Scope_TrialNumber_0_35.00W_0.60Torr_0.33NitrogenFlow_2440.00MHz.csv,G:\My Drive\MiniChamberData\Data\NafisaData\LAS_0.6Torr_2Nitrogen_Freq_Sweep_4\LAS_DataFrame_4f9f288a_Laser_True_20260807_154812.csv,7f72a6df,4f9f288a|Scope_TrialNumber_0_35.00W_0.60Torr_0.33NitrogenFlow_2440.00MHz.csv,7,full 7,1.1583021127816082,0.0006772566795793158,0.561584140742126,0.00029476007347771277,0.45547104776725555,0.000224976353313785,0.49188561785254575,0.0002876044311786953,-0.009589821003724398,0.00018120836294547766,33.72035718772117,0.0007995517760744364,19848,0.1298462178180894
35,0.6,0.3333333333333333,2440.0,0,4f9f288a,0.605,35.0,0.0816496580927679,0.5791742788764623,0.276,79.74,Scope_TrialNumber_0_35.00W_0.60Torr_0.33NitrogenFlow_2440.00MHz.csv,G:\My Drive\MiniChamberData\Data\NafisaData\LAS_0.6Torr_2Nitrogen_Freq_Sweep_4\LAS_DataFrame_4f9f288a_Laser_True_20260807_154812.csv,7f72a6df,4f9f288a|Scope_TrialNumber_0_35.00W_0.60Torr_0.33NitrogenFlow_2440.00MHz.csv,9,trailing partial,1.1698435132447516,0.0008729284742217628,0.5703842900378255,0.0003819951185847203,0.45804439583541157,0.0002936103886570647,0.4967867993621467,0.0003706985916243506,-0.009379110352592932,0.00019426671454005165,53.72341584709769,0.0008135703773084077,19101,0.12992952426314727
35,0.6,0.3333333333333333,2445.0,0,4f9f288a,0.605,34.96666666666667,0.0942809041582076,0.607940906859138,0.274,79.74,Scope_TrialNumber_0_35.00W_0.60Torr_0.33NitrogenFlow_2445.00MHz.csv,G:\My Drive\MiniChamberData\Data\NafisaData\LAS_0.6Torr_2Nitrogen_Freq_Sweep_4\LAS_DataFrame_4f9f288a_Laser_True_20260807_154812.csv,7f72a6df,4f9f288a|Scope_TrialNumber_0_35.00W_0.60Torr_0.33NitrogenFlow_2445.00MHz.csv,1,full 1,1.1837098508675143,0.00068903190173792,0.5585044048176644,0.00029344991716089724,0.4432503943590137,0.00021787752636461525,0.50267529077873,0.00029260490761996385,-0.010297028824087227,0.00014030490316969835,31.0884781643791,0.000805119260916981,19042,0.12826187248807616
35,0.6,0.3333333333333333,2445.0,0,4f9f288a,0.605,34.96666666666667,0.0942809041582076,0.607940906859138,0.274,79.74,Scope_TrialNumber_0_35.00W_0.60Torr_0.33NitrogenFlow_2445.00MHz.csv,G:\My Drive\MiniChamberData\Data\NafisaData\LAS_0.6Torr_2Nitrogen_Freq_Sweep_4\LAS_DataFrame_4f9f288a_Laser_True_20260807_154812.csv,7f72a6df,4f9f288a|Scope_TrialNumber_0_35.00W_0.60Torr_0.33NitrogenFlow_2445.00MHz.csv,3,full 3,1.1518854287712297,0.0007579896734342454,0.5422647608159653,0.00032119144071356614,0.44225208385446296,0.00024638741762833614,0.4891607030447587,0.00032188857702045046,-0.010069456763139648,0.00012717167477883614,38.57729531773121,0.0008132289378966525,19036,0.12820027302840037
35,0.6,0.3333333333333333,2445.0,0,4f9f288a,0.605,34.96666666666667,0.0942809041582076,0.607940906859138,0.274,79.74,Scope_TrialNumber_0_35.00W_0.60Torr_0.33NitrogenFlow_2445.00MHz.csv,G:\My Drive\MiniChamberData\Data\NafisaData\LAS_0.6Torr_2Nitrogen_Freq_Sweep_4\LAS_DataFrame_4f9f288a_Laser_True_20260807_154812.csv,7f72a6df,4f9f288a|Scope_TrialNumber_0_35.00W_0.60Torr_0.33NitrogenFlow_2445.00MHz.csv,5,full 5,1.1604568123147512,0.0008452046324345374,0.552207248964068,0.0003613151161617582,0.44703436589790163,0.0002783829377978216,0.4928006344958301,0.00035892536001553736,-0.010175928441688265,0.00014032428113691216,48.52175723083793,0.0008124495430971415,19050,0.12818733427556533
35,0.6,0.3333333333333333,2445.0,0,4f9f288a,0.605,34.96666666666667,0.0942809041582076,0.607940906859138,0.274,79.74,Scope_TrialNumber_0_35.00W_0.60Torr_0.33NitrogenFlow_2445.00MHz.csv,G:\My Drive\MiniChamberData\Data\NafisaData\LAS_0.6Torr_2Nitrogen_Freq_Sweep_4\LAS_DataFrame_4f9f288a_Laser_True_20260807_154812.csv,7f72a6df,4f9f288a|Scope_TrialNumber_0_35.00W_0.60Torr_0.33NitrogenFlow_2445.00MHz.csv,7,full 7,1.182826137690524,0.0006907814006407698,0.5601639407559913,0.0002950402436973415,0.44489961065365546,0.0002195110866061669,0.5023000123455201,0.000293347851398849,-0.009844346941605506,0.0001220768262769242,32.02704484877132,0.0007990303789619584,19157,0.12831829175630377
35,0.6,0.3333333333333333,2445.0,0,4f9f288a,0.605,34.96666666666667,0.0942809041582076,0.607940906859138,0.274,79.74,Scope_TrialNumber_0_35.00W_0.60Torr_0.33NitrogenFlow_2445.00MHz.csv,G:\My Drive\MiniChamberData\Data\NafisaData\LAS_0.6Torr_2Nitrogen_Freq_Sweep_4\LAS_DataFrame_4f9f288a_Laser_True_20260807_154812.csv,7f72a6df,4f9f288a|Scope_TrialNumber_0_35.00W_0.60Torr_0.33NitrogenFlow_2445.00MHz.csv,9,trailing partial,1.2434772737227149,0.0010312251702277182,0.5925306166355282,0.00044132214311564045,0.44765221029880625,0.0003190591202426372,0.528056178367707,0.0004379210090400623,-0.01023989929463804,0.00015709532158224293,65.7991491018757,0.0007958030371666357,18987,0.12823772944408018
35,0.6,0.3333333333333333,2455.0,0,4f9f288a,0.605,35.13333333333333,0.0942809041582076,0.636546929160854,0.266,79.73,Scope_TrialNumber_0_35.00W_0.60Torr_0.33NitrogenFlow_2455.00MHz.csv,G:\My Drive\MiniChamberData\Data\NafisaData\LAS_0.6Torr_2Nitrogen_Freq_Sweep_4\LAS_DataFrame_4f9f288a_Laser_True_20260807_154812.csv,7f72a6df,4f9f288a|Scope_TrialNumber_0_35.00W_0.60Torr_0.33NitrogenFlow_2455.00MHz.csv,1,full 1,1.150197295391897,0.0008915846858993865,0.5534967598416414,0.00038499610062321465,0.45207504131501125,0.000301217537297422,0.48844381880432824,0.0003786211552686475,-0.00974315587988426,0.00014912106971356833,61.30974185354235,0.0007795968312674482,18925,0.13152364600588995
35,0.6,0.3333333333333333,2455.0,0,4f9f288a,0.605,35.13333333333333,0.0942809041582076,0.636546929160854,0.266,79.73,Scope_TrialNumber_0_35.00W_0.60Torr_0.33NitrogenFlow_2455.00MHz.csv,G:\My Drive\MiniChamberData\Data\NafisaData\LAS_0.6Torr_2Nitrogen_Freq_Sweep_4\LAS_DataFrame_4f9f288a_Laser_True_20260807_154812.csv,7f72a6df,4f9f288a|Scope_TrialNumber_0_35.00W_0.60Torr_0.33NitrogenFlow_2455.00MHz.csv,3,full 3,1.1529743117125053,0.0007722544723903304,0.5502313897631125,0.00033130133459324676,0.4483255821080919,0.00025599095943718486,0.48962310905475237,0.00032794627938551485,-0.010211442945408624,0.00018500306614358442,43.262144487415306,0.0007941975551162524,18554,0.13150344117351553
35,0.6,0.3333333333333333,2455.0,0,4f9f288a,0.605,35.13333333333333,0.0942809041582076,0.636546929160854,0.266,79.73,Scope_TrialNumber_0_35.00W_0.60Torr_0.33NitrogenFlow_2455.00MHz.csv,G:\My Drive\MiniChamberData\Data\NafisaData\LAS_0.6Torr_2Nitrogen_Freq_Sweep_4\LAS_DataFrame_4f9f288a_Laser_True_20260807_154812.csv,7f72a6df,4f9f288a|Scope_TrialNumber_0_35.00W_0.60Torr_0.33NitrogenFlow_2455.00MHz.csv,5,full 5,1.1462942167168455,0.0007125030028228219,0.5478474002098604,0.0003064095033206497,0.4489844433394381,0.00023684583319829076,0.48678633390084797,0.00030257216653404933,-0.010152043578853225,0.0001799315191702516,37.59857189210059,0.0007911496519698446,18534,0.13157125207223955
35,0.6,0.3333333333333333,2455.0,0,4f9f288a,0.605,35.13333333333333,0.0942809041582076,0.636546929160854,0.266,79.73,Scope_TrialNumber_0_35.00W_0.60Torr_0.33NitrogenFlow_2455.00MHz.csv,G:\My Drive\MiniChamberData\Data\NafisaData\LAS_0.6Torr_2Nitrogen_Freq_Sweep_4\LAS_DataFrame_4f9f288a_Laser_True_20260807_154812.csv,7f72a6df,4f9f288a|Scope_TrialNumber_0_35.00W_0.60Torr_0.33NitrogenFlow_2455.00MHz.csv,7,full 7,1.164876466018383,0.0006856833039281993,0.5518939303907465,0.0002928246753967596,0.4450855925257878,0.00022013309674439818,0.4946774886159393,0.0002911828890598676,-0.009713434552315969,0.00015579829476629345,33.82208052826104,0.0007794006807860867,18920,0.13162666354784153
35,0.6,0.3333333333333333,2455.0,0,4f9f288a,0.605,35.13333333333333,0.0942809041582076,0.636546929160854,0.266,79.73,Scope_TrialNumber_0_35.00W_0.60Torr_0.33NitrogenFlow_2455.00MHz.csv,G:\My Drive\MiniChamberData\Data\NafisaData\LAS_0.6Torr_2Nitrogen_Freq_Sweep_4\LAS_DataFrame_4f9f288a_Laser_True_20260807_154812.csv,7f72a6df,4f9f288a|Scope_TrialNumber_0_35.00W_0.60Torr_0.33NitrogenFlow_2455.00MHz.csv,9,trailing partial,1.199411959037265,0.0009448460781167882,0.5726367515036138,0.00040495401932804525,0.44851671476393,0.000303862507123464,0.5093433621682548,0.0004012391860306124,-0.009844181014287584,0.00017076699074384957,62.31802256911732,0.0007781655470966689,18460,0.13160840864155193
35,0.6,0.3333333333333333,2460.0,0,4f9f288a,0.605,34.96666666666667,0.0471404520791038,0.6392813947036698,0.267,79.74,Scope_TrialNumber_0_35.00W_0.60Torr_0.33NitrogenFlow_2460.00MHz.csv,G:\My Drive\MiniChamberData\Data\NafisaData\LAS_0.6Torr_2Nitrogen_Freq_Sweep_4\LAS_DataFrame_4f9f288a_Laser_True_20260807_154812.csv,7f72a6df,4f9f288a|Scope_TrialNumber_0_35.00W_0.60Torr_0.33NitrogenFlow_2460.00MHz.csv,1,full 1,1.3172630891842982,0.000980867892695409,0.6475682501043221,0.0004332531234003233,0.46182858963049966,0.000294797509097012,0.5593901291794828,0.0004165362422343901,-0.010051842834217267,0.00018938094185210562,58.80854217375039,0.0007809311473213663,19050,0.13488961853358364
35,0.6,0.3333333333333333,2460.0,0,4f9f288a,0.605,34.96666666666667,0.0471404520791038,0.6392813947036698,0.267,79.74,Scope_TrialNumber_0_35.00W_0.60Torr_0.33NitrogenFlow_2460.00MHz.csv,G:\My Drive\MiniChamberData\Data\NafisaData\LAS_0.6Torr_2Nitrogen_Freq_Sweep_4\LAS_DataFrame_4f9f288a_Laser_True_20260807_154812.csv,7f72a6df,4f9f288a|Scope_TrialNumber_0_35.00W_0.60Torr_0.33NitrogenFlow_2460.00MHz.csv,3,full 3,1.182686178076907,0.0006648838675611637,0.5785187393760667,0.0002928743228453122,0.4595319369335385,0.000219485111259566,0.5022405769700177,0.0002823501816897542,-0.009426379119390255,0.00016912558026762096,34.73643672281411,0.0007629542994446145,19083,0.13498065289945765
35,0.6,0.3333333333333333,2460.0,0,4f9f288a,0.605,34.96666666666667,0.0471404520791038,0.6392813947036698,0.267,79.74,Scope_TrialNumber_0_35.00W_0.60Torr_0.33NitrogenFlow_2460.00MHz.csv,G:\My Drive\MiniChamberData\Data\NafisaData\LAS_0.6Torr_2Nitrogen_Freq_Sweep_4\LAS_DataFrame_4f9f288a_Laser_True_20260807_154812.csv,7f72a6df,4f9f288a|Scope_TrialNumber_0_35.00W_0.60Torr_0.33NitrogenFlow_2460.00MHz.csv,5,full 5,1.1746018103962073,0.001025126486121394,0.5770144393960249,0.00045224003310105707,0.4614916050008132,0.0003454633968696479,0.4988074621136366,0.0004353311363577766,-0.009390998422012615,0.00017905462207213195,83.17659778080315,0.0007686467030616548,19086,0.13502560753024614
35,0.6,0.3333333333333333,2460.0,0,4f9f288a,0.605,34.96666666666667,0.0471404520791038,0.6392813947036698,0.267,79.74,Scope_TrialNumber_0_35.00W_0.60Torr_0.33NitrogenFlow_2460.00MHz.csv,G:\My Drive\MiniChamberData\Data\NafisaData\LAS_0.6Torr_2Nitrogen_Freq_Sweep_4\LAS_DataFrame_4f9f288a_Laser_True_20260807_154812.csv,7f72a6df,4f9f288a|Scope_TrialNumber_0_35.00W_0.60Torr_0.33NitrogenFlow_2460.00MHz.csv,7,full 7,1.1955289308391337,0.0007823759975866634,0.5841473871393819,0.0003434532287722002,0.4590184457924868,0.00025653558705121884,0.5076943919183519,0.00033224449538621993,-0.009192570117172198,0.00015282208778641168,45.7234922518753,0.0007737227159873395,19101,0.1350640735815603
35,0.6,0.3333333333333333,2460.0,0,4f9f288a,0.605,34.96666666666667,0.0471404520791038,0.6392813947036698,0.267,79.74,Scope_TrialNumber_0_35.00W_0.60Torr_0.33NitrogenFlow_2460.00MHz.csv,G:\My Drive\MiniChamberData\Data\NafisaData\LAS_0.6Torr_2Nitrogen_Freq_Sweep_4\LAS_DataFrame_4f9f288a_Laser_True_20260807_154812.csv,7f72a6df,4f9f288a|Scope_TrialNumber_0_35.00W_0.60Torr_0.33NitrogenFlow_2460.00MHz.csv,9,trailing partial,1.2120721965842929,0.001072437383967728,0.5945722082558901,0.00047221091149634946,0.46083335537967746,0.00035054122919022453,0.5147196700410127,0.00045542222482382213,-0.009302892849702203,0.00017333221034621267,84.6270209679905,0.0007699666465885295,19032,0.13499111256627114
