row_uid,area_mean,area_err,area_err_int,area_err_ext,area_birge,area_method,area_std,fwhm_mean,fwhm_err,fwhm_err_int,fwhm_err_ext,fwhm_birge,fwhm_method,fwhm_std,rel_axis,inflate_mean,n_fits,chi2_median,power,pressure,n2_flow,freq,trial,run_id,Measured Pressure,delivered_power,delivered_power_error,gamma,gamma_error,forward_power,forward_power_error,reverse_power,reverse_power_error,Nitrogen_Gas_Flow,Argon_Gas_Flow,basename,df_source,run_id_off
df87d7b4|Scope_TrialNumber_0_30.00W_1.00Torr_0.00NitrogenFlow_2420.00MHz.csv,0.38634292632326117,0.0056869419432175085,0.003616222190993093,0.0056869419432175085,1.572619613192449,birge,0.010104643947897292,1.132294527371647,0.015605561160759346,0.01060439682481297,0.015605561160759344,1.4716123338806288,birge,0.02761009125424686,0.02792504811681157,102.90735979978707,3,28.320294219639994,30,1.0,0.0,2420,0,df87d7b4,1.0019999999999998,30.03333333333333,0.0942809041582076,0.4815425710415882,0.0013509790466734,39.1,0.0816496580927737,9.066666666666666,0.047140452079103,-0.003,80.0,Scope_TrialNumber_0_30.00W_1.00Torr_0.00NitrogenFlow_2420.00MHz.csv,D:\Data\NafisaData\LAS_1.0Torr_SmallAdmixture_1kHzLaserFreq_N1.3_very_fine\LAS_DataFrame_df87d7b4_Laser_True_20260730_151502.csv,fcb3d25a
df87d7b4|Scope_TrialNumber_0_30.00W_1.00Torr_0.07NitrogenFlow_2420.00MHz.csv,0.3411860178932818,0.011474224738923436,0.0025702062246674732,0.011474224738923434,4.464320655984693,birge,0.02085906597751007,1.1409723844082487,0.03551947523266977,0.008592132877532061,0.03551947523266977,4.133953203348516,birge,0.06422713501452432,0.03174940405388054,72.0503505689523,3,14.090159551927703,30,1.0,0.0652173913043478,2420,0,df87d7b4,1.0019999999999998,29.96666666666667,0.0471404520791038,0.4945079112955761,0.0002940256770811,39.66666666666667,0.0471404520791038,9.7,0.0,0.048,79.95,Scope_TrialNumber_0_30.00W_1.00Torr_0.07NitrogenFlow_2420.00MHz.csv,D:\Data\NafisaData\LAS_1.0Torr_SmallAdmixture_1kHzLaserFreq_N1.3_very_fine\LAS_DataFrame_df87d7b4_Laser_True_20260730_151502.csv,fcb3d25a
df87d7b4|Scope_TrialNumber_0_30.00W_1.00Torr_0.13NitrogenFlow_2420.00MHz.csv,0.33852233284753497,0.009166347937853344,0.003250571048890882,0.009166347937853344,2.8199192695637176,birge,0.01697349546715336,1.153743195270727,0.030822216541165175,0.011096619105463317,0.03082221654116517,2.7776222873136325,birge,0.05699237431847321,0.03772599513055207,90.46825690410611,3,21.00201775943128,30,1.0,0.1304347826086956,2420,0,df87d7b4,1.0019999999999998,30.0,0.0816496580927708,0.5031014078200075,0.0010118113084465,40.16666666666666,0.0942809041582043,10.166666666666666,0.047140452079103,0.106,79.89,Scope_TrialNumber_0_30.00W_1.00Torr_0.13NitrogenFlow_2420.00MHz.csv,D:\Data\NafisaData\LAS_1.0Torr_SmallAdmixture_1kHzLaserFreq_N1.3_very_fine\LAS_DataFrame_df87d7b4_Laser_True_20260730_151502.csv,fcb3d25a
df87d7b4|Scope_TrialNumber_0_30.00W_1.00Torr_0.20NitrogenFlow_2420.00MHz.csv,0.3553818211031826,0.006528295495111028,0.0030215534487270683,0.0065282954951110285,2.1605758779019095,birge,0.011876375093079542,1.2101965534690637,0.023807452005654706,0.010248743304065775,0.023807452005654706,2.3229630501341623,birge,0.04339352505983117,0.029194715446618245,80.017016987612,3,15.054959935631286,30,1.0,0.1956521739130434,2420,0,df87d7b4,1.001,30.0,0.0,0.4987445027579325,0.0008877706136269,39.93333333333334,0.0471404520791038,9.933333333333332,0.047140452079103,0.16,79.85,Scope_TrialNumber_0_30.00W_1.00Torr_0.20NitrogenFlow_2420.00MHz.csv,D:\Data\NafisaData\LAS_1.0Torr_SmallAdmixture_1kHzLaserFreq_N1.3_very_fine\LAS_DataFrame_df87d7b4_Laser_True_20260730_151502.csv,fcb3d25a
df87d7b4|Scope_TrialNumber_0_30.00W_1.00Torr_0.26NitrogenFlow_2420.00MHz.csv,0.33933801673171227,0.0035606747422152626,0.0035606747422152626,0.0009444860806548905,0.2652548039440641,birge,0.0017187191452005914,1.1535935429543127,0.012107799673787703,0.012107799673787703,0.002955852620884673,0.2441279753978609,birge,0.005371983111497021,0.029591776124928793,97.8000448783186,3,23.69596408990587,30,1.0,0.2608695652173913,2420,0,df87d7b4,1.001,30.03333333333333,0.0942809041582043,0.4940936643237386,0.0005869425199533,39.73333333333333,0.0942809041582043,9.7,0.0,0.201,79.79,Scope_TrialNumber_0_30.00W_1.00Torr_0.26NitrogenFlow_2420.00MHz.csv,D:\Data\NafisaData\LAS_1.0Torr_SmallAdmixture_1kHzLaserFreq_N1.3_very_fine\LAS_DataFrame_df87d7b4_Laser_True_20260730_151502.csv,fcb3d25a
df87d7b4|Scope_TrialNumber_0_30.00W_1.00Torr_0.33NitrogenFlow_2420.00MHz.csv,0.3328326412433608,0.0031169904370993116,0.003053165703277753,0.0031169904370993116,1.0209044447712219,birge,0.005463874145340175,1.119193821633637,0.010238982226514062,0.010238982226514062,0.009447704488205753,0.9227191022698255,birge,0.016531695534606858,0.025949722080876907,85.05168651001553,3,19.65270138720318,30,1.0,0.3260869565217391,2420,0,df87d7b4,1.001,30.1,0.0,0.4838353977459269,0.0,39.3,0.0,9.2,0.0,0.269,79.72,Scope_TrialNumber_0_30.00W_1.00Torr_0.33NitrogenFlow_2420.00MHz.csv,D:\Data\NafisaData\LAS_1.0Torr_SmallAdmixture_1kHzLaserFreq_N1.3_very_fine\LAS_DataFrame_df87d7b4_Laser_True_20260730_151502.csv,fcb3d25a
df87d7b4|Scope_TrialNumber_0_30.00W_1.00Torr_0.39NitrogenFlow_2420.00MHz.csv,0.35641585340835996,0.0038490100917168064,0.0038490100917168064,0.003848415217857073,0.9998454475707887,birge,0.00693591335338305,1.1798639329408016,0.012692221398430781,0.012692221398430781,0.010416814957084018,0.8207243342266243,birge,0.01880932847047803,0.044104445070421515,101.87156327296323,3,25.4877089171362,30,1.0,0.3913043478260869,2420,0,df87d7b4,1.001,29.96666666666667,0.0942809041582068,0.4833097324806765,0.0013435762749572,39.1,0.0816496580927737,9.133333333333333,0.047140452079103,0.314,79.71,Scope_TrialNumber_0_30.00W_1.00Torr_0.39NitrogenFlow_2420.00MHz.csv,D:\Data\NafisaData\LAS_1.0Torr_SmallAdmixture_1kHzLaserFreq_N1.3_very_fine\LAS_DataFrame_df87d7b4_Laser_True_20260730_151502.csv,fcb3d25a
df87d7b4|Scope_TrialNumber_0_30.00W_1.00Torr_0.46NitrogenFlow_2420.00MHz.csv,0.34364355025711746,0.004470483714301081,0.003218878716734246,0.004470483714301081,1.388832605298241,birge,0.008070427731026524,1.1561143059702612,0.014875137971500573,0.010777673379769055,0.014875137971500573,1.3801808096562784,birge,0.026926981582536997,0.034324969102334596,86.59391097421978,3,19.08491973888323,30,1.0,0.4565217391304347,2420,0,df87d7b4,1.0019999999999998,30.0,3.552713678800501e-15,0.4755388181464148,0.0009910063573569,38.766666666666666,0.0471404520791004,8.766666666666667,0.0471404520791038,0.364,79.6,Scope_TrialNumber_0_30.00W_1.00Torr_0.46NitrogenFlow_2420.00MHz.csv,D:\Data\NafisaData\LAS_1.0Torr_SmallAdmixture_1kHzLaserFreq_N1.3_very_fine\LAS_DataFrame_df87d7b4_Laser_True_20260730_151502.csv,fcb3d25a
df87d7b4|Scope_TrialNumber_0_30.00W_1.00Torr_0.52NitrogenFlow_2420.00MHz.csv,0.3440022030994125,0.0034235104652740093,0.0034235104652740093,0.001409193097382396,0.41162225489782683,birge,0.002518823020546835,1.1486026072159907,0.011409097714868567,0.011409097714868567,0.003893631021941581,0.341274228624348,birge,0.0069997908682317925,0.032545650334292756,93.39522873837636,3,21.237572280004283,30,1.0,0.5217391304347826,2420,0,df87d7b4,1.001,30.066666666666663,0.0471404520791021,0.4730222028886743,0.0007123743397696,38.73333333333333,0.0942809041582043,8.666666666666666,0.047140452079103,0.418,79.57,Scope_TrialNumber_0_30.00W_1.00Torr_0.52NitrogenFlow_2420.00MHz.csv,D:\Data\NafisaData\LAS_1.0Torr_SmallAdmixture_1kHzLaserFreq_N1.3_very_fine\LAS_DataFrame_df87d7b4_Laser_True_20260730_151502.csv,fcb3d25a
df87d7b4|Scope_TrialNumber_0_30.00W_1.00Torr_0.59NitrogenFlow_2420.00MHz.csv,0.36255024487861054,0.012802578959015196,0.0037170567679793358,0.012802578959015196,3.4442785671995337,birge,0.02168890614849083,1.2173176038071012,0.0417561517497964,0.012426792517663224,0.0417561517497964,3.3601713145564265,birge,0.07099888767148295,0.01777046139352959,96.6020615628335,3,23.684626917382356,30,1.0,0.5869565217391304,2420,0,df87d7b4,1.001,30.03333333333333,0.0942809041582076,0.4675053640279543,0.0005741672146875,38.43333333333333,0.0942809041582076,8.4,0.0,0.468,79.55,Scope_TrialNumber_0_30.00W_1.00Torr_0.59NitrogenFlow_2420.00MHz.csv,D:\Data\NafisaData\LAS_1.0Torr_SmallAdmixture_1kHzLaserFreq_N1.3_very_fine\LAS_DataFrame_df87d7b4_Laser_True_20260730_151502.csv,fcb3d25a
df87d7b4|Scope_TrialNumber_0_30.00W_1.00Torr_0.65NitrogenFlow_2420.00MHz.csv,0.32873607784039843,0.0032493940721967265,0.0032493940721967265,0.0016373287041530286,0.5038873918564534,birge,0.0031050746304951025,1.0951498244163995,0.010795424068048107,0.010795424068048107,0.0036269841730156654,0.3359742192759873,birge,0.006860998250422304,0.04234744637198903,94.14269850535828,3,20.581886527260004,30,1.0,0.6521739130434783,2420,0,df87d7b4,1.001,30.03333333333333,0.0471404520791038,0.4593809981897443,0.0007771534133764,38.06666666666667,0.0942809041582076,8.033333333333333,0.047140452079103,0.509,79.46,Scope_TrialNumber_0_30.00W_1.00Torr_0.65NitrogenFlow_2420.00MHz.csv,D:\Data\NafisaData\LAS_1.0Torr_SmallAdmixture_1kHzLaserFreq_N1.3_very_fine\LAS_DataFrame_df87d7b4_Laser_True_20260730_151502.csv,fcb3d25a
df87d7b4|Scope_TrialNumber_0_30.00W_1.00Torr_0.72NitrogenFlow_2420.00MHz.csv,0.3624751709899451,0.0075148149145476935,0.0037985299043945854,0.0075148149145476935,1.978348230417687,birge,0.013471503748521133,1.141731928554229,0.024824704243589124,0.011948526846581094,0.024824704243589124,2.077637231964907,birge,0.044476665781089095,0.023598498379832866,105.08345832072621,3,29.317089769722976,30,1.0,0.717391304347826,2420,0,df87d7b4,1.001,29.933333333333334,0.0471404520791038,0.4468126003772947,0.0014120570883635,37.4,0.0,7.466666666666666,0.047140452079103,0.575,79.41,Scope_TrialNumber_0_30.00W_1.00Torr_0.72NitrogenFlow_2420.00MHz.csv,D:\Data\NafisaData\LAS_1.0Torr_SmallAdmixture_1kHzLaserFreq_N1.3_very_fine\LAS_DataFrame_df87d7b4_Laser_True_20260730_151502.csv,fcb3d25a
df87d7b4|Scope_TrialNumber_0_30.00W_1.00Torr_0.78NitrogenFlow_2420.00MHz.csv,0.362623367786598,0.004121869359911513,0.0035259374389097365,0.004121869359911513,1.169013753456172,birge,0.00743364712516968,1.1397916784099273,0.011303427241945104,0.011006325283741021,0.011303427241945106,1.0269937468269246,birge,0.020401767598917195,0.05319025643673836,96.05307128135179,3,23.029772355846806,30,1.0,0.7826086956521738,2420,0,df87d7b4,1.001,29.96666666666667,0.1247219128924639,0.4401404446277573,0.0007392150411085,37.16666666666666,0.1247219128924639,7.2,0.0,0.63,79.39,Scope_TrialNumber_0_30.00W_1.00Torr_0.78NitrogenFlow_2420.00MHz.csv,D:\Data\NafisaData\LAS_1.0Torr_SmallAdmixture_1kHzLaserFreq_N1.3_very_fine\LAS_DataFrame_df87d7b4_Laser_True_20260730_151502.csv,fcb3d25a
df87d7b4|Scope_TrialNumber_0_30.00W_1.00Torr_0.85NitrogenFlow_2420.00MHz.csv,0.35688396127229893,0.012507070575600236,0.0035990236966324768,0.012507070575600236,3.475128709850622,birge,0.02111605020257517,1.1370196136755446,0.03980560746204149,0.011472675854963607,0.03980560746204149,3.469600986313908,birge,0.06725242039283229,0.026772364993782643,101.07422742239476,3,27.067080811931092,30,1.0,0.8478260869565217,2420,0,df87d7b4,1.001,29.933333333333334,0.1247219128924664,0.4378593393899478,0.0007366120398849,37.03333333333333,0.1247219128924665,7.099999999999999,8.881784197001252e-16,0.677,79.32,Scope_TrialNumber_0_30.00W_1.00Torr_0.85NitrogenFlow_2420.00MHz.csv,D:\Data\NafisaData\LAS_1.0Torr_SmallAdmixture_1kHzLaserFreq_N1.3_very_fine\LAS_DataFrame_df87d7b4_Laser_True_20260730_151502.csv,fcb3d25a
df87d7b4|Scope_TrialNumber_0_30.00W_1.00Torr_0.91NitrogenFlow_2420.00MHz.csv,0.3733952470122868,0.003516371528947127,0.003516371528947127,0.002248970708142631,0.6395714132107134,birge,0.004036421339740014,1.2125271806569868,0.011478018876601626,0.011478018876601626,0.009624053982355996,0.8384769258373492,birge,0.017543548212655986,0.041519612573137445,92.50768495594663,3,19.803951894662035,30,1.0,0.9130434782608696,2420,0,df87d7b4,1.001,29.96666666666667,0.0471404520791038,0.4351551616512795,0.0002776461146505,36.96666666666667,0.0471404520791038,7.0,0.0,0.736,79.25,Scope_TrialNumber_0_30.00W_1.00Torr_0.91NitrogenFlow_2420.00MHz.csv,D:\Data\NafisaData\LAS_1.0Torr_SmallAdmixture_1kHzLaserFreq_N1.3_very_fine\LAS_DataFrame_df87d7b4_Laser_True_20260730_151502.csv,fcb3d25a
df87d7b4|Scope_TrialNumber_0_30.00W_1.00Torr_0.98NitrogenFlow_2420.00MHz.csv,0.3904330126077898,0.004158730787617466,0.0036929131576129634,0.004158730787617466,1.126138257284555,birge,0.007587266647687998,1.2940507748121082,0.019281493837623863,0.012244181481711568,0.019281493837623863,1.5747474722114765,birge,0.035810711118087785,0.04734057666937832,92.67558792534514,3,18.50458449981075,30,1.0,0.9782608695652174,2420,0,df87d7b4,1.0,30.0,0.0,0.43495883620084,0.0,37.0,0.0,7.0,0.0,0.783,79.23,Scope_TrialNumber_0_30.00W_1.00Torr_0.98NitrogenFlow_2420.00MHz.csv,D:\Data\NafisaData\LAS_1.0Torr_SmallAdmixture_1kHzLaserFreq_N1.3_very_fine\LAS_DataFrame_df87d7b4_Laser_True_20260730_151502.csv,fcb3d25a
df87d7b4|Scope_TrialNumber_0_30.00W_1.00Torr_1.04NitrogenFlow_2420.00MHz.csv,0.36546545181635864,0.011130850037992511,0.0039724935531511825,0.011130850037992511,2.8019806424010327,birge,0.019195490489596154,1.2456516308106884,0.037679153875245605,0.01408860560474337,0.037679153875245605,2.674441668134974,birge,0.06501908064604485,0.03781201466463816,111.11359452704086,3,32.36691255913902,30,1.0,1.0434782608695652,2420,0,df87d7b4,1.0,30.0,0.0,0.4324255657551935,5.551115123125783e-17,36.9,0.0,6.900000000000001,8.881784197001252e-16,0.823,79.16,Scope_TrialNumber_0_30.00W_1.00Torr_1.04NitrogenFlow_2420.00MHz.csv,D:\Data\NafisaData\LAS_1.0Torr_SmallAdmixture_1kHzLaserFreq_N1.3_very_fine\LAS_DataFrame_df87d7b4_Laser_True_20260730_151502.csv,fcb3d25a
df87d7b4|Scope_TrialNumber_0_30.00W_1.00Torr_1.11NitrogenFlow_2420.00MHz.csv,0.3365768213993151,0.00498550618603834,0.003584993696194574,0.00498550618603834,1.3906596799125177,birge,0.009174026790476988,1.1695066314849807,0.01832835687845501,0.013023008816704193,0.01832835687845501,1.4073826668185787,birge,0.033716221209830415,0.01824604919930879,105.7104432299855,3,28.50015659413874,30,1.0,1.108695652173913,2420,0,df87d7b4,1.0,30.1,0.0816496580927737,0.4292813990011078,0.0004749430910643,36.9,0.0816496580927737,6.8,0.0,0.881,79.12,Scope_TrialNumber_0_30.00W_1.00Torr_1.11NitrogenFlow_2420.00MHz.csv,D:\Data\NafisaData\LAS_1.0Torr_SmallAdmixture_1kHzLaserFreq_N1.3_very_fine\LAS_DataFrame_df87d7b4_Laser_True_20260730_151502.csv,fcb3d25a
df87d7b4|Scope_TrialNumber_0_30.00W_1.00Torr_1.17NitrogenFlow_2420.00MHz.csv,0.3195356489286181,0.00903758289303712,0.003484916636871208,0.00903758289303712,2.593342634775663,birge,0.016302075726516287,1.1457047029962197,0.03119702980470356,0.013054650476420415,0.03119702980470356,2.3897253979378683,birge,0.056145408979590423,0.033823477958332716,106.05634659325013,3,29.704672613456538,30,1.0,1.1739130434782608,2420,0,df87d7b4,1.001,29.966666666666665,0.0471404520791004,0.4300585590324101,0.0002758879239358,36.766666666666666,0.0471404520791004,6.8,0.0,0.95,79.06,Scope_TrialNumber_0_30.00W_1.00Torr_1.17NitrogenFlow_2420.00MHz.csv,D:\Data\NafisaData\LAS_1.0Torr_SmallAdmixture_1kHzLaserFreq_N1.3_very_fine\LAS_DataFrame_df87d7b4_Laser_True_20260730_151502.csv,fcb3d25a
df87d7b4|Scope_TrialNumber_0_30.00W_1.00Torr_1.24NitrogenFlow_2420.00MHz.csv,0.3238721419482579,0.013783841513677411,0.003492320382817453,0.013783841513677411,3.9469006284461234,birge,0.02311271522568831,1.2022656796315734,0.04920907062265557,0.013569947619132801,0.04920907062265557,3.6263272345483317,birge,0.08259586953543763,0.035659188155171724,100.30285470005515,3,27.207078807151635,30,1.0,1.2391304347826086,2420,0,df87d7b4,1.0,29.933333333333337,0.0471404520791038,0.4276608078255586,0.0002749734011698,36.63333333333333,0.0471404520791038,6.7,0.0,0.983,79.02,Scope_TrialNumber_0_30.00W_1.00Torr_1.24NitrogenFlow_2420.00MHz.csv,D:\Data\NafisaData\LAS_1.0Torr_SmallAdmixture_1kHzLaserFreq_N1.3_very_fine\LAS_DataFrame_df87d7b4_Laser_True_20260730_151502.csv,fcb3d25a
df87d7b4|Scope_TrialNumber_0_30.00W_1.00Torr_1.30NitrogenFlow_2420.00MHz.csv,0.30531388749567295,0.009273570628157533,0.003631046454594661,0.009273570628157533,2.5539663962224783,birge,0.017499973545256897,1.1681821532368741,0.0332373377052975,0.014462703753115324,0.0332373377052975,2.2981413622703877,birge,0.06232074185826321,0.03373810808208386,107.5420027523525,3,31.437298728603743,30,1.0,1.3043478260869563,2420,0,df87d7b4,1.001,29.96666666666667,0.0471404520791038,0.4274663722689455,0.0002749734011698,36.66666666666667,0.0471404520791038,6.7,0.0,1.038,78.95,Scope_TrialNumber_0_30.00W_1.00Torr_1.30NitrogenFlow_2420.00MHz.csv,D:\Data\NafisaData\LAS_1.0Torr_SmallAdmixture_1kHzLaserFreq_N1.3_very_fine\LAS_DataFrame_df87d7b4_Laser_True_20260730_151502.csv,fcb3d25a
df87d7b4|Scope_TrialNumber_0_30.00W_1.00Torr_1.37NitrogenFlow_2420.00MHz.csv,0.3057856093326339,0.010090863665045486,0.003092134330119344,0.010090863665045486,3.263397571947018,birge,0.018371840943846147,1.1789181219091154,0.03985979782835074,0.012431341106391061,0.03985979782835074,3.2063956323954836,birge,0.0726025203399207,0.024715015508084925,90.10955719657913,3,22.49305867578939,30,1.0,1.3695652173913042,2420,0,df87d7b4,1.0,29.933333333333337,0.0942809041582076,0.4276616063294934,0.0005510760574339,36.63333333333333,0.0942809041582076,6.7,0.0,1.1,78.9,Scope_TrialNumber_0_30.00W_1.00Torr_1.37NitrogenFlow_2420.00MHz.csv,D:\Data\NafisaData\LAS_1.0Torr_SmallAdmixture_1kHzLaserFreq_N1.3_very_fine\LAS_DataFrame_df87d7b4_Laser_True_20260730_151502.csv,fcb3d25a
df87d7b4|Scope_TrialNumber_0_30.00W_1.00Torr_1.43NitrogenFlow_2420.00MHz.csv,0.3071732290528492,0.007345444165515972,0.003047616577279339,0.007345444165515972,2.4102258204912967,birge,0.013100263736226535,1.1980666884197724,0.026460399600174156,0.012398375156800203,0.026460399600174156,2.1341828477952838,birge,0.047074236438623185,0.02232574002112263,87.6742499863442,3,21.3195255267382,30,1.0,1.434782608695652,2420,0,df87d7b4,1.0,29.966666666666665,0.1247219128924633,0.4291969510460529,0.0018355246342528,36.73333333333333,0.0942809041582043,6.766666666666667,0.047140452079103,1.156,78.87,Scope_TrialNumber_0_30.00W_1.00Torr_1.43NitrogenFlow_2420.00MHz.csv,D:\Data\NafisaData\LAS_1.0Torr_SmallAdmixture_1kHzLaserFreq_N1.3_very_fine\LAS_DataFrame_df87d7b4_Laser_True_20260730_151502.csv,fcb3d25a
df87d7b4|Scope_TrialNumber_0_30.00W_1.00Torr_1.50NitrogenFlow_2420.00MHz.csv,0.293550121756302,0.00886423388099171,0.002689321967924814,0.00886423388099171,3.2960850306189626,birge,0.015919920361999858,1.163014457958714,0.03343086992219016,0.011126553091407173,0.03343086992219016,3.004602561777033,birge,0.05993408754753048,0.03919312721016542,79.35867318120944,3,17.524179311524744,30,1.0,1.5,2420,0,df87d7b4,1.0,30.066666666666663,0.0471404520791004,0.4268846517503502,0.0002738518228691,36.766666666666666,0.0471404520791004,6.7,0.0,1.194,78.8,Scope_TrialNumber_0_30.00W_1.00Torr_1.50NitrogenFlow_2420.00MHz.csv,D:\Data\NafisaData\LAS_1.0Torr_SmallAdmixture_1kHzLaserFreq_N1.3_very_fine\LAS_DataFrame_df87d7b4_Laser_True_20260730_151502.csv,fcb3d25a
df87d7b4|Scope_TrialNumber_0_35.00W_1.00Torr_0.00NitrogenFlow_2420.00MHz.csv,0.37225408149191797,0.004155199854630446,0.0027497959601352133,0.004155199854630446,1.5110938829170897,birge,0.007659127609246437,1.2287834134365379,0.013044555650117032,0.009039014175543826,0.013044555650117032,1.4431391960210325,birge,0.02402197702758365,0.03199846503572113,73.68407676409339,3,13.757473951191164,35,1.0,0.0,2420,0,df87d7b4,1.0019999999999998,35.0,0.0,0.4427374741473084,0.0009816788599471,43.53333333333333,0.0471404520791038,8.533333333333333,0.047140452079103,0.004,79.99,Scope_TrialNumber_0_35.00W_1.00Torr_0.00NitrogenFlow_2420.00MHz.csv,D:\Data\NafisaData\LAS_1.0Torr_SmallAdmixture_1kHzLaserFreq_N1.3_very_fine\LAS_DataFrame_df87d7b4_Laser_True_20260730_151502.csv,fcb3d25a
df87d7b4|Scope_TrialNumber_0_35.00W_1.00Torr_0.07NitrogenFlow_2420.00MHz.csv,0.38374245061660905,0.004567382630679611,0.0035226648105073886,0.004567382630679611,1.2965703171803467,birge,0.00813318180729959,1.262380932509112,0.016535219695321696,0.011532602585540208,0.016535219695321696,1.4337804127624985,birge,0.02943563314449333,0.031220245441973785,92.82180971533596,3,21.313501355423185,35,1.0,0.0652173913043478,2420,0,df87d7b4,1.0019999999999998,35.0,0.0816496580927737,0.4515980077427464,0.000619795349684,43.96666666666667,0.1247219128924664,8.966666666666667,0.047140452079103,0.061,79.94,Scope_TrialNumber_0_35.00W_1.00Torr_0.07NitrogenFlow_2420.00MHz.csv,D:\Data\NafisaData\LAS_1.0Torr_SmallAdmixture_1kHzLaserFreq_N1.3_very_fine\LAS_DataFrame_df87d7b4_Laser_True_20260730_151502.csv,fcb3d25a
df87d7b4|Scope_TrialNumber_0_35.00W_1.00Torr_0.13NitrogenFlow_2420.00MHz.csv,0.3819441317362036,0.0032883503624677704,0.0032883503624677704,0.0026583002595795837,0.8083993390487259,birge,0.00481225949560775,1.209013202873386,0.01035513097386338,0.01035513097386338,0.002958246690670075,0.28567931184422163,birge,0.005298970657882033,0.034860824726679965,89.44843909604116,3,19.60176419620432,35,1.0,0.1304347826086956,2420,0,df87d7b4,1.0019999999999998,35.03333333333333,0.0471404520791038,0.4718387635870392,0.0010067599436276,45.06666666666666,0.0471404520791038,10.033333333333331,0.047140452079103,0.098,79.91,Scope_TrialNumber_0_35.00W_1.00Torr_0.13NitrogenFlow_2420.00MHz.csv,D:\Data\NafisaData\LAS_1.0Torr_SmallAdmixture_1kHzLaserFreq_N1.3_very_fine\LAS_DataFrame_df87d7b4_Laser_True_20260730_151502.csv,fcb3d25a
df87d7b4|Scope_TrialNumber_0_35.00W_1.00Torr_0.20NitrogenFlow_2420.00MHz.csv,0.4157092496888628,0.011791048600221154,0.0032311050899109955,0.011791048600221154,3.6492309201078794,birge,0.020621330095041517,1.1824957227754453,0.03290929309467703,0.009160286002253215,0.03290929309467703,3.592605415003649,birge,0.05784407075118866,0.030651162668083466,89.13369720519097,3,19.808845099956507,35,1.0,0.1956521739130434,2420,0,df87d7b4,1.0019999999999998,35.166666666666664,0.0471404520791004,0.4812585566908945,0.0002479878233372,45.76666666666667,0.0471404520791004,10.6,0.0,0.154,79.83,Scope_TrialNumber_0_35.00W_1.00Torr_0.20NitrogenFlow_2420.00MHz.csv,D:\Data\NafisaData\LAS_1.0Torr_SmallAdmixture_1kHzLaserFreq_N1.3_very_fine\LAS_DataFrame_df87d7b4_Laser_True_20260730_151502.csv,fcb3d25a
df87d7b4|Scope_TrialNumber_0_35.00W_1.00Torr_0.26NitrogenFlow_2420.00MHz.csv,0.45111955445433666,0.00983010666525682,0.003561300460102178,0.00983010666525682,2.760257601228845,birge,0.01760010580997464,1.265176343363476,0.026015653694769887,0.009949884846553635,0.026015653694769887,2.614668822401597,birge,0.04668923168562506,0.03788033238246755,91.68059967270612,3,20.44269681656794,35,1.0,0.2608695652173913,2420,0,df87d7b4,1.001,35.1,0.0816496580927737,0.4890408855196118,0.0009036976206288,46.13333333333333,0.0942809041582076,11.033333333333331,0.047140452079103,0.205,79.81,Scope_TrialNumber_0_35.00W_1.00Torr_0.26NitrogenFlow_2420.00MHz.csv,D:\Data\NafisaData\LAS_1.0Torr_SmallAdmixture_1kHzLaserFreq_N1.3_very_fine\LAS_DataFrame_df87d7b4_Laser_True_20260730_151502.csv,fcb3d25a
df87d7b4|Scope_TrialNumber_0_35.00W_1.00Torr_0.33NitrogenFlow_2420.00MHz.csv,0.3768973172168621,0.005070792694474287,0.003967993750084281,0.005070792694474287,1.2779235588177484,birge,0.008977416872626945,1.2043325430433007,0.012752267713156995,0.012675622018545366,0.012752267713156996,1.006046700864028,birge,0.02268424396636293,0.025730601360504896,105.72414426731082,3,27.780339611359167,35,1.0,0.3260869565217391,2420,0,df87d7b4,1.001,35.1,0.0816496580927737,0.4951382203357697,0.0004347091832483,46.5,0.0816496580927737,11.4,0.0,0.259,79.74,Scope_TrialNumber_0_35.00W_1.00Torr_0.33NitrogenFlow_2420.00MHz.csv,D:\Data\NafisaData\LAS_1.0Torr_SmallAdmixture_1kHzLaserFreq_N1.3_very_fine\LAS_DataFrame_df87d7b4_Laser_True_20260730_151502.csv,fcb3d25a
df87d7b4|Scope_TrialNumber_0_35.00W_1.00Torr_0.39NitrogenFlow_2420.00MHz.csv,0.3436083196551791,0.004127826576369044,0.003483212684713936,0.004127826576369044,1.1850630294509414,birge,0.0075411703811851,1.1986752818197566,0.014973354853661146,0.01211741831038895,0.014973354853661146,1.2356885328307632,birge,0.027422117582612152,0.034541487199092086,93.45433763023276,3,21.156686022316546,35,1.0,0.3913043478260869,2420,0,df87d7b4,1.001,34.96666666666667,0.0471404520791038,0.499104615345384,0.0002527630151071,46.56666666666666,0.0471404520791038,11.6,0.0,0.304,79.7,Scope_TrialNumber_0_35.00W_1.00Torr_0.39NitrogenFlow_2420.00MHz.csv,D:\Data\NafisaData\LAS_1.0Torr_SmallAdmixture_1kHzLaserFreq_N1.3_very_fine\LAS_DataFrame_df87d7b4_Laser_True_20260730_151502.csv,fcb3d25a
df87d7b4|Scope_TrialNumber_0_35.00W_1.00Torr_0.46NitrogenFlow_2420.00MHz.csv,0.310195906582786,0.007935577445285561,0.003082447783980659,0.007935577445285561,2.574440185662316,birge,0.015167748729116767,1.1320231425096758,0.027788862780185386,0.011178077269804222,0.02778886278018539,2.4860145541534706,birge,0.05300045968927514,0.03859508607731856,86.15137371712314,3,18.24499264766227,35,1.0,0.4565217391304347,2420,0,df87d7b4,1.0019999999999998,34.96666666666667,0.0471404520791038,0.5044215341112673,0.0009956216316015,46.9,0.0,11.933333333333332,0.047140452079103,0.368,79.62,Scope_TrialNumber_0_35.00W_1.00Torr_0.46NitrogenFlow_2420.00MHz.csv,D:\Data\NafisaData\LAS_1.0Torr_SmallAdmixture_1kHzLaserFreq_N1.3_very_fine\LAS_DataFrame_df87d7b4_Laser_True_20260730_151502.csv,fcb3d25a
df87d7b4|Scope_TrialNumber_0_35.00W_1.00Torr_0.52NitrogenFlow_2420.00MHz.csv,0.30750449837226146,0.003079270181182347,0.003079270181182347,0.001871916789604456,0.6079092380538352,birge,0.0033725737813618687,1.1332337140879514,0.011315383882073898,0.011315383882073898,0.0062323792394151645,0.5507881397898173,birge,0.01121810460077367,0.049867312125463935,84.91971044696653,3,18.165068951803676,35,1.0,0.5217391304347826,2420,0,df87d7b4,1.001,34.96666666666667,0.0471404520791038,0.5059872955214716,0.0012246379812336,47.0,0.1414213562373115,12.033333333333331,0.094280904158206,0.413,79.59,Scope_TrialNumber_0_35.00W_1.00Torr_0.52NitrogenFlow_2420.00MHz.csv,D:\Data\NafisaData\LAS_1.0Torr_SmallAdmixture_1kHzLaserFreq_N1.3_very_fine\LAS_DataFrame_df87d7b4_Laser_True_20260730_151502.csv,fcb3d25a
df87d7b4|Scope_TrialNumber_0_35.00W_1.00Torr_0.59NitrogenFlow_2420.00MHz.csv,0.3407670897148767,0.0035704842273788766,0.0035704842273788766,0.0019104339405351415,0.5350629827421497,birge,0.00334229437142363,1.2534919150685104,0.013066621773343449,0.013066621773343449,0.004445498949465965,0.3402179252280036,birge,0.0077540956733176,0.03157980991832235,90.39283080953015,3,21.685330082741082,35,1.0,0.5869565217391304,2420,0,df87d7b4,1.001,34.900000000000006,0.0,0.5026695331218195,0.0,46.70000000000001,7.105427357601002e-15,11.800000000000002,1.7763568394002505e-15,0.471,79.51,Scope_TrialNumber_0_35.00W_1.00Torr_0.59NitrogenFlow_2420.00MHz.csv,D:\Data\NafisaData\LAS_1.0Torr_SmallAdmixture_1kHzLaserFreq_N1.3_very_fine\LAS_DataFrame_df87d7b4_Laser_True_20260730_151502.csv,fcb3d25a
df87d7b4|Scope_TrialNumber_0_35.00W_1.00Torr_0.65NitrogenFlow_2420.00MHz.csv,0.3192023705272426,0.0037215634039334533,0.0037215634039334533,0.00017230447178919676,0.046298948341732406,birge,0.000299524422849357,1.1807163063719912,0.013730469856819898,0.013730469856819898,0.00035197854336104287,0.025634850593711896,birge,0.0006134033110063555,0.04022055516288754,99.5904244539823,3,25.756257814871102,35,1.0,0.6521739130434783,2420,0,df87d7b4,1.001,35.03333333333333,0.1247219128924664,0.4982088297068713,0.0014103053883404,46.6,0.0816496580927737,11.566666666666668,0.047140452079103,0.529,79.5,Scope_TrialNumber_0_35.00W_1.00Torr_0.65NitrogenFlow_2420.00MHz.csv,D:\Data\NafisaData\LAS_1.0Torr_SmallAdmixture_1kHzLaserFreq_N1.3_very_fine\LAS_DataFrame_df87d7b4_Laser_True_20260730_151502.csv,fcb3d25a
df87d7b4|Scope_TrialNumber_0_35.00W_1.00Torr_0.72NitrogenFlow_2420.00MHz.csv,0.3020546366649568,0.004852721104676066,0.0032019924013847135,0.004852721104676066,1.5155317366079597,birge,0.00829578482435793,1.1286892883518653,0.01947296050427433,0.011945008246918933,0.01947296050427433,1.630217418166885,birge,0.03327986178981754,0.02294900615196458,88.81643017785687,3,20.94957962849695,35,1.0,0.717391304347826,2420,0,df87d7b4,1.001,35.0,0.0,0.4967600131121981,0.0007701092343652,46.46666666666667,0.0471404520791038,11.466666666666669,0.047140452079103,0.566,79.43,Scope_TrialNumber_0_35.00W_1.00Torr_0.72NitrogenFlow_2420.00MHz.csv,D:\Data\NafisaData\LAS_1.0Torr_SmallAdmixture_1kHzLaserFreq_N1.3_very_fine\LAS_DataFrame_df87d7b4_Laser_True_20260730_151502.csv,fcb3d25a
df87d7b4|Scope_TrialNumber_0_35.00W_1.00Torr_0.78NitrogenFlow_2420.00MHz.csv,0.2973063817669553,0.0059067558070525035,0.003153373358211101,0.0059067558070525035,1.8731545986052816,birge,0.010739428996360581,1.0798788963275754,0.021873545572155744,0.011399442111936407,0.021873545572155744,1.918825970373748,birge,0.03978041530214951,0.036999590661950216,90.54488533795156,3,20.914622126480147,35,1.0,0.7826086956521738,2420,0,df87d7b4,1.001,35.06666666666666,0.0471404520791038,0.4875241855213802,0.0007089627987373,46.0,0.0816496580927737,10.933333333333332,0.047140452079103,0.633,79.36,Scope_TrialNumber_0_35.00W_1.00Torr_0.78NitrogenFlow_2420.00MHz.csv,D:\Data\NafisaData\LAS_1.0Torr_SmallAdmixture_1kHzLaserFreq_N1.3_very_fine\LAS_DataFrame_df87d7b4_Laser_True_20260730_151502.csv,fcb3d25a
df87d7b4|Scope_TrialNumber_0_35.00W_1.00Torr_0.85NitrogenFlow_2420.00MHz.csv,0.32586742927512735,0.007263444726665919,0.0034095465162881857,0.007263444726665919,2.1303257462441936,birge,0.013057220033053572,1.1822956251341001,0.026429238638558956,0.01229548500110072,0.026429238638558953,2.1495076148840773,birge,0.04741371307933478,0.016478056634955315,91.38488745412081,3,22.03902958506475,35,1.0,0.8478260869565217,2420,0,df87d7b4,1.001,35.0,0.0816496580927708,0.4832969620950417,0.0012128589931224,45.66666666666666,0.0471404520791038,10.666666666666666,0.047140452079103,0.688,79.32,Scope_TrialNumber_0_35.00W_1.00Torr_0.85NitrogenFlow_2420.00MHz.csv,D:\Data\NafisaData\LAS_1.0Torr_SmallAdmixture_1kHzLaserFreq_N1.3_very_fine\LAS_DataFrame_df87d7b4_Laser_True_20260730_151502.csv,fcb3d25a
df87d7b4|Scope_TrialNumber_0_35.00W_1.00Torr_0.91NitrogenFlow_2420.00MHz.csv,0.33717953926032074,0.0038358680583426116,0.0038358680583426116,0.0014677998948091086,0.3826512988674878,birge,0.0027080773820616954,1.206293456074036,0.01420948524419857,0.01420948524419857,0.005858019939579559,0.41226123528797526,birge,0.010784625547110812,0.030326395395458287,110.8110647279634,3,28.977445853821887,35,1.0,0.9130434782608696,2420,0,df87d7b4,1.0,34.93333333333334,0.0942809041582043,0.4789702598503253,0.0004986139587592,45.333333333333336,0.0942809041582043,10.4,0.0,0.724,79.25,Scope_TrialNumber_0_35.00W_1.00Torr_0.91NitrogenFlow_2420.00MHz.csv,D:\Data\NafisaData\LAS_1.0Torr_SmallAdmixture_1kHzLaserFreq_N1.3_very_fine\LAS_DataFrame_df87d7b4_Laser_True_20260730_151502.csv,fcb3d25a
df87d7b4|Scope_TrialNumber_0_35.00W_1.00Torr_0.98NitrogenFlow_2420.00MHz.csv,0.31525626340543794,0.006494455607574786,0.003322700417461238,0.006494455607574786,1.9545715206359104,birge,0.012116574257246278,1.1434148948729927,0.01693140721364867,0.012158682048999314,0.01693140721364867,1.3925363904916128,birge,0.032026749455471855,0.021741612247154034,95.4406828647977,3,20.433765828598894,35,1.0,0.9782608695652174,2420,0,df87d7b4,1.001,34.96666666666667,0.0471404520791004,0.4746126757715023,0.0010009246083424,45.13333333333333,0.0471404520791038,10.166666666666666,0.047140452079103,0.775,79.24,Scope_TrialNumber_0_35.00W_1.00Torr_0.98NitrogenFlow_2420.00MHz.csv,D:\Data\NafisaData\LAS_1.0Torr_SmallAdmixture_1kHzLaserFreq_N1.3_very_fine\LAS_DataFrame_df87d7b4_Laser_True_20260730_151502.csv,fcb3d25a
df87d7b4|Scope_TrialNumber_0_35.00W_1.00Torr_1.04NitrogenFlow_2420.00MHz.csv,0.351056454321013,0.008877466970381566,0.0035510508890125476,0.008877466970381566,2.4999548719083977,birge,0.01622317669358789,1.1489175576673234,0.028588862899247704,0.012123400545935671,0.028588862899247704,2.358155435921155,birge,0.05221048597246331,0.038820122415620106,106.68585534339707,3,29.44884380990209,35,1.0,1.0434782608695652,2420,0,df87d7b4,1.0,34.900000000000006,4.1023203976182695e-15,0.4560881297363897,0.0009301701584911,44.06666666666666,0.0471404520791038,9.166666666666666,0.047140452079103,0.836,79.18,Scope_TrialNumber_0_35.00W_1.00Torr_1.04NitrogenFlow_2420.00MHz.csv,D:\Data\NafisaData\LAS_1.0Torr_SmallAdmixture_1kHzLaserFreq_N1.3_very_fine\LAS_DataFrame_df87d7b4_Laser_True_20260730_151502.csv,fcb3d25a
df87d7b4|Scope_TrialNumber_0_35.00W_1.00Torr_1.11NitrogenFlow_2420.00MHz.csv,0.37183444932338816,0.0038160996760403646,0.0038160996760403646,0.001300005740708044,0.3406634655981909,birge,0.002304955873143846,1.2084399643145394,0.012942814532843027,0.012942814532843027,0.00438201266895097,0.33856721486902236,birge,0.007745572834092377,0.029380112265438834,110.690799240087,3,32.003755408461096,35,1.0,1.108695652173913,2420,0,df87d7b4,1.0,34.96666666666667,0.0471404520791038,0.449079997098923,0.0011971726584236,43.79999999999999,7.105427357601002e-15,8.833333333333334,0.047140452079103,0.889,79.11,Scope_TrialNumber_0_35.00W_1.00Torr_1.11NitrogenFlow_2420.00MHz.csv,D:\Data\NafisaData\LAS_1.0Torr_SmallAdmixture_1kHzLaserFreq_N1.3_very_fine\LAS_DataFrame_df87d7b4_Laser_True_20260730_151502.csv,fcb3d25a
df87d7b4|Scope_TrialNumber_0_35.00W_1.00Torr_1.17NitrogenFlow_2420.00MHz.csv,0.3698165529047142,0.0072255065538799745,0.0035367782057065763,0.007225506553879974,2.042962870055479,birge,0.012853527861503707,1.221238191214316,0.023546117296381636,0.012151085104649765,0.023546117296381636,1.9377789797037483,birge,0.04185059373939766,0.02809886774384142,99.05931912292225,3,26.53520867405844,35,1.0,1.1739130434782608,2420,0,df87d7b4,1.0,35.03333333333333,0.0942809041582043,0.4453315983841264,0.0004918806791316,43.7,0.1414213562373081,8.666666666666666,0.047140452079103,0.944,79.06,Scope_TrialNumber_0_35.00W_1.00Torr_1.17NitrogenFlow_2420.00MHz.csv,D:\Data\NafisaData\LAS_1.0Torr_SmallAdmixture_1kHzLaserFreq_N1.3_very_fine\LAS_DataFrame_df87d7b4_Laser_True_20260730_151502.csv,fcb3d25a
df87d7b4|Scope_TrialNumber_0_35.00W_1.00Torr_1.24NitrogenFlow_2420.00MHz.csv,0.34978121897092046,0.005988773646064007,0.003453035900756772,0.005988773646064007,1.7343502408276439,birge,0.010644117506274815,1.1813360676911382,0.022185229734674575,0.012212228217463098,0.022185229734674575,1.8166406113300766,birge,0.03945351051858753,0.022023085423790424,101.69110317637357,3,27.77071083357413,35,1.0,1.2391304347826086,2420,0,df87d7b4,1.0,35.0,0.0816496580927737,0.4420439063888723,0.0004148600371055,43.5,0.0816496580927737,8.5,0.0,0.998,79.02,Scope_TrialNumber_0_35.00W_1.00Torr_1.24NitrogenFlow_2420.00MHz.csv,D:\Data\NafisaData\LAS_1.0Torr_SmallAdmixture_1kHzLaserFreq_N1.3_very_fine\LAS_DataFrame_df87d7b4_Laser_True_20260730_151502.csv,fcb3d25a
df87d7b4|Scope_TrialNumber_0_35.00W_1.00Torr_1.30NitrogenFlow_2420.00MHz.csv,0.3364839185764481,0.004860116745416544,0.0031730591040137275,0.004860116745416544,1.5316817576038186,birge,0.00835932953712161,1.162287191171073,0.015279459761714714,0.011481116453855276,0.015279459761714713,1.3308339675087941,birge,0.026336782281459598,0.02496169320598479,94.76665628195099,3,23.930454060800756,35,1.0,1.3043478260869563,2420,0,df87d7b4,1.0,34.96666666666667,0.0471404520791038,0.4401105858763185,0.0002393426520031,43.36666666666667,0.0471404520791038,8.4,0.0,1.036,78.96,Scope_TrialNumber_0_35.00W_1.00Torr_1.30NitrogenFlow_2420.00MHz.csv,D:\Data\NafisaData\LAS_1.0Torr_SmallAdmixture_1kHzLaserFreq_N1.3_very_fine\LAS_DataFrame_df87d7b4_Laser_True_20260730_151502.csv,fcb3d25a
df87d7b4|Scope_TrialNumber_0_35.00W_1.00Torr_1.37NitrogenFlow_2420.00MHz.csv,0.3584238541212604,0.008464618459356525,0.0032478642235991726,0.008464618459356525,2.6062106900442785,birge,0.014472451800573593,1.2528945490563825,0.02848608672558654,0.011818309392085195,0.028486086725586536,2.4103351655917784,birge,0.04884195754405259,0.036493731815521645,89.52822161859096,3,21.531533289474904,35,1.0,1.3695652173913042,2420,0,df87d7b4,1.0,34.96666666666667,0.0471404520791004,0.4379883115337599,0.0002387393398849,43.26666666666667,0.0471404520791004,8.3,0.0,1.099,78.9,Scope_TrialNumber_0_35.00W_1.00Torr_1.37NitrogenFlow_2420.00MHz.csv,D:\Data\NafisaData\LAS_1.0Torr_SmallAdmixture_1kHzLaserFreq_N1.3_very_fine\LAS_DataFrame_df87d7b4_Laser_True_20260730_151502.csv,fcb3d25a
df87d7b4|Scope_TrialNumber_0_35.00W_1.00Torr_1.43NitrogenFlow_2420.00MHz.csv,0.3343957729534964,0.002993781749048889,0.002993781749048889,0.0004560150819421139,0.15232075019730074,birge,0.0007903233794807715,1.1806217100545344,0.011025085532091618,0.011025085532091618,0.002093983289227534,0.18992898360129776,birge,0.0036315743310721643,0.031226283036482904,86.789556650477,3,20.719808748180267,35,1.0,1.434782608695652,2420,0,df87d7b4,1.0,34.93333333333333,0.0942809041582076,0.4360147632240339,0.0004770745235772,43.13333333333333,0.0942809041582076,8.2,0.0,1.152,78.84,Scope_TrialNumber_0_35.00W_1.00Torr_1.43NitrogenFlow_2420.00MHz.csv,D:\Data\NafisaData\LAS_1.0Torr_SmallAdmixture_1kHzLaserFreq_N1.3_very_fine\LAS_DataFrame_df87d7b4_Laser_True_20260730_151502.csv,fcb3d25a
df87d7b4|Scope_TrialNumber_0_35.00W_1.00Torr_1.50NitrogenFlow_2420.00MHz.csv,0.3441848104440049,0.008800545432137725,0.0030290637527461855,0.008800545432137725,2.9053681766054096,birge,0.014950556140382293,1.233983920868675,0.03178900901845695,0.011316830423100626,0.03178900901845695,2.809002859454996,birge,0.05408793810514649,0.03696866184302934,84.97751208150692,3,19.646700728773443,35,1.0,1.5,2420,0,df87d7b4,1.0,34.96666666666667,0.0471404520791038,0.434403568773277,0.000923932172292,43.1,0.0816496580927737,8.133333333333333,0.047140452079103,1.201,78.81,Scope_TrialNumber_0_35.00W_1.00Torr_1.50NitrogenFlow_2420.00MHz.csv,D:\Data\NafisaData\LAS_1.0Torr_SmallAdmixture_1kHzLaserFreq_N1.3_very_fine\LAS_DataFrame_df87d7b4_Laser_True_20260730_151502.csv,fcb3d25a
df87d7b4|Scope_TrialNumber_0_40.00W_1.00Torr_0.00NitrogenFlow_2420.00MHz.csv,0.3839193002426864,0.006734242480235998,0.002904608251731408,0.006734242480235998,2.3184684117804126,birge,0.012695749246139115,1.2422841505729743,0.02207775911694282,0.009393677290436737,0.02207775911694282,2.350278643212403,birge,0.04166161864522689,0.02252791994429948,79.12472747176979,3,14.568912115227414,40,1.0,0.0,2420,0,df87d7b4,1.0019999999999998,39.96666666666667,0.0942809041582009,0.5061649792129043,0.0005718989277238,53.73333333333334,0.1247219128924633,13.766666666666666,0.0471404520791038,0.002,80.0,Scope_TrialNumber_0_40.00W_1.00Torr_0.00NitrogenFlow_2420.00MHz.csv,D:\Data\NafisaData\LAS_1.0Torr_SmallAdmixture_1kHzLaserFreq_N1.3_very_fine\LAS_DataFrame_df87d7b4_Laser_True_20260730_151502.csv,fcb3d25a
df87d7b4|Scope_TrialNumber_0_40.00W_1.00Torr_0.07NitrogenFlow_2420.00MHz.csv,0.35266558524128316,0.01947042184390552,0.002850455939309883,0.01947042184390552,6.830634206757624,birge,0.033063814026351175,1.1515878869264091,0.06400282559090432,0.009294502322427631,0.06400282559090432,6.886094959217507,birge,0.10880495819419855,0.023002760330841195,82.00761837490143,3,17.24766156096949,40,1.0,0.0652173913043478,2420,0,df87d7b4,1.0019999999999998,40.06666666666666,0.0471404520791038,0.5020184742148871,0.0002209996854655,53.56666666666666,0.0471404520791038,13.5,0.0,0.05,79.94,Scope_TrialNumber_0_40.00W_1.00Torr_0.07NitrogenFlow_2420.00MHz.csv,D:\Data\NafisaData\LAS_1.0Torr_SmallAdmixture_1kHzLaserFreq_N1.3_very_fine\LAS_DataFrame_df87d7b4_Laser_True_20260730_151502.csv,fcb3d25a
df87d7b4|Scope_TrialNumber_0_40.00W_1.00Torr_0.13NitrogenFlow_2420.00MHz.csv,0.34293570687484315,0.0062022367278606605,0.002541762386601989,0.0062022367278606605,2.440132390247641,birge,0.011183641637464485,1.0969021565334098,0.01875334336338746,0.008125825775218334,0.01875334336338746,2.307869240881377,birge,0.0337918797812425,0.03445632534891705,76.10770128942532,3,15.20854469091456,40,1.0,0.1304347826086956,2420,0,df87d7b4,1.0019999999999998,39.93333333333334,0.0942809041582043,0.5012490294084898,0.0004434618702062,53.333333333333336,0.0942809041582043,13.4,0.0,0.097,79.9,Scope_TrialNumber_0_40.00W_1.00Torr_0.13NitrogenFlow_2420.00MHz.csv,D:\Data\NafisaData\LAS_1.0Torr_SmallAdmixture_1kHzLaserFreq_N1.3_very_fine\LAS_DataFrame_df87d7b4_Laser_True_20260730_151502.csv,fcb3d25a
df87d7b4|Scope_TrialNumber_0_40.00W_1.00Torr_0.20NitrogenFlow_2420.00MHz.csv,0.32970479964399163,0.014815504948118527,0.0026171540663682885,0.014815504948118527,5.66092196806639,birge,0.029277369516555633,1.0501936911928684,0.04683894639146391,0.00834201572669529,0.04683894639146391,5.61482355416504,birge,0.09233940565063496,0.03597971531556847,82.15359926527599,3,16.7535936891687,40,1.0,0.1956521739130434,2420,0,df87d7b4,1.0019999999999998,40.0,0.0816496580927708,0.4824272407582075,0.0010625389801202,52.13333333333333,0.0471404520791038,12.133333333333333,0.047140452079103,0.166,79.84,Scope_TrialNumber_0_40.00W_1.00Torr_0.20NitrogenFlow_2420.00MHz.csv,D:\Data\NafisaData\LAS_1.0Torr_SmallAdmixture_1kHzLaserFreq_N1.3_very_fine\LAS_DataFrame_df87d7b4_Laser_True_20260730_151502.csv,fcb3d25a
df87d7b4|Scope_TrialNumber_0_40.00W_1.00Torr_0.26NitrogenFlow_2420.00MHz.csv,0.3478150483532418,0.003958084836625361,0.002884205998341596,0.003958084836625361,1.3723308386783883,birge,0.0069981090481783075,1.118155719152906,0.009989333149904174,0.009236624911848004,0.009989333149904174,1.0814916969390687,birge,0.01764291517740857,0.030293156583625018,84.33895255984196,3,18.91613866725995,40,1.0,0.2608695652173913,2420,0,df87d7b4,1.001,40.0,0.0816496580927679,0.4682493625981271,0.0008518018536837,51.23333333333333,0.0942809041582043,11.233333333333334,0.0471404520791038,0.213,79.78,Scope_TrialNumber_0_40.00W_1.00Torr_0.26NitrogenFlow_2420.00MHz.csv,D:\Data\NafisaData\LAS_1.0Torr_SmallAdmixture_1kHzLaserFreq_N1.3_very_fine\LAS_DataFrame_df87d7b4_Laser_True_20260730_151502.csv,fcb3d25a
df87d7b4|Scope_TrialNumber_0_40.00W_1.00Torr_0.33NitrogenFlow_2420.00MHz.csv,0.36418663272081164,0.0033261449971314187,0.0033261449971314187,0.002857290199962407,0.8590395795813568,birge,0.005314985412386465,1.1940027196569147,0.010856113070987421,0.010856113070987421,0.006935150294086659,0.6388244345594192,birge,0.012844750054156301,0.02270964029603041,91.45117139509853,3,20.294485541683468,40,1.0,0.3260869565217391,2420,0,df87d7b4,1.001,39.96666666666667,0.0471404520791004,0.4520820073533073,0.0006147607224359,50.23333333333333,0.0942809041582043,10.266666666666667,0.0471404520791038,0.266,79.73,Scope_TrialNumber_0_40.00W_1.00Torr_0.33NitrogenFlow_2420.00MHz.csv,D:\Data\NafisaData\LAS_1.0Torr_SmallAdmixture_1kHzLaserFreq_N1.3_very_fine\LAS_DataFrame_df87d7b4_Laser_True_20260730_151502.csv,fcb3d25a
df87d7b4|Scope_TrialNumber_0_40.00W_1.00Torr_0.39NitrogenFlow_2420.00MHz.csv,0.3536298253227815,0.009863879849478646,0.003179617886165971,0.009863879849478646,3.1022217771496607,birge,0.01817495260590206,1.1694942893466658,0.035594499520772,0.010450796557329823,0.035594499520772,3.4059125852763117,birge,0.06574696002254372,0.037333201932958894,88.92766652801077,3,20.868542635370403,40,1.0,0.3913043478260869,2420,0,df87d7b4,1.001,39.766666666666666,0.5557777333511014,0.4598633273882738,0.0076630353588707,50.43333333333334,0.2867441755680858,10.666666666666666,0.3091206165165232,0.311,79.69,Scope_TrialNumber_0_40.00W_1.00Torr_0.39NitrogenFlow_2420.00MHz.csv,D:\Data\NafisaData\LAS_1.0Torr_SmallAdmixture_1kHzLaserFreq_N1.3_very_fine\LAS_DataFrame_df87d7b4_Laser_True_20260730_151502.csv,fcb3d25a
df87d7b4|Scope_TrialNumber_0_40.00W_1.00Torr_0.46NitrogenFlow_2420.00MHz.csv,0.3794800002127788,0.003673178168753946,0.0033466424898586306,0.0036731781687539466,1.097571126848721,birge,0.006582390234727134,1.2157967135543741,0.01372482771925476,0.010587971648226661,0.01372482771925476,1.296266005921302,birge,0.024639852603432533,0.05062810367530088,88.46418645857209,3,20.397235685009015,40,1.0,0.4565217391304347,2420,0,df87d7b4,1.001,40.0,0.1632993161855475,0.4725491030106095,0.0007491989409684,51.5,0.1632993161855475,11.5,0.0,0.369,79.62,Scope_TrialNumber_0_40.00W_1.00Torr_0.46NitrogenFlow_2420.00MHz.csv,D:\Data\NafisaData\LAS_1.0Torr_SmallAdmixture_1kHzLaserFreq_N1.3_very_fine\LAS_DataFrame_df87d7b4_Laser_True_20260730_151502.csv,fcb3d25a
df87d7b4|Scope_TrialNumber_0_40.00W_1.00Torr_0.52NitrogenFlow_2420.00MHz.csv,0.37038135542906103,0.006713523177333046,0.0035306593080909076,0.006713523177333046,1.9014927784021085,birge,0.012188511590557987,1.145490681402068,0.021475572478776534,0.010866903858244618,0.021475572478776534,1.9762365397650241,birge,0.03899713722346432,0.01785431819825689,100.21319955951309,3,25.72537757105009,40,1.0,0.5217391304347826,2420,0,df87d7b4,1.001,40.03333333333333,0.0471404520791038,0.4817544361885934,0.0023870257334253,52.13333333333333,0.0942809041582076,12.1,0.141421356237309,0.419,79.59,Scope_TrialNumber_0_40.00W_1.00Torr_0.52NitrogenFlow_2420.00MHz.csv,D:\Data\NafisaData\LAS_1.0Torr_SmallAdmixture_1kHzLaserFreq_N1.3_very_fine\LAS_DataFrame_df87d7b4_Laser_True_20260730_151502.csv,fcb3d25a
df87d7b4|Scope_TrialNumber_0_40.00W_1.00Torr_0.59NitrogenFlow_2420.00MHz.csv,0.4500093264575235,0.09120456534050848,0.0042843174348007225,0.09120456534050848,21.288003685177614,birge,0.24666154924973588,1.4148410300145238,0.269595707198065,0.012919111444001473,0.269595707198065,20.867975972391054,birge,0.6586813279464726,0.03037224375037452,91.29470216505631,3,21.258993158666076,40,1.0,0.5869565217391304,2420,0,df87d7b4,1.001,40.03333333333333,0.0471404520791004,0.4897676590925785,0.0004746306330067,52.66666666666666,0.0942809041582043,12.633333333333333,0.047140452079103,0.469,79.52,Scope_TrialNumber_0_40.00W_1.00Torr_0.59NitrogenFlow_2420.00MHz.csv,D:\Data\NafisaData\LAS_1.0Torr_SmallAdmixture_1kHzLaserFreq_N1.3_very_fine\LAS_DataFrame_df87d7b4_Laser_True_20260730_151502.csv,fcb3d25a
df87d7b4|Scope_TrialNumber_0_40.00W_1.00Torr_0.65NitrogenFlow_2420.00MHz.csv,0.3293998255539807,0.004110052159118867,0.0034055577031909348,0.004110052159118867,1.2068661045642644,birge,0.008042386239926307,1.122514874155502,0.017193052379597472,0.011535320719128085,0.017193052379597472,1.490470252039688,birge,0.0337957085028542,0.02634013649415374,98.53024400289274,3,22.267198224634676,40,1.0,0.6521739130434783,2420,0,df87d7b4,1.001,40.06666666666666,0.0942809041582043,0.4963824783729436,0.0004397065160832,53.16666666666666,0.0942809041582043,13.1,0.0,0.511,79.48,Scope_TrialNumber_0_40.00W_1.00Torr_0.65NitrogenFlow_2420.00MHz.csv,D:\Data\NafisaData\LAS_1.0Torr_SmallAdmixture_1kHzLaserFreq_N1.3_very_fine\LAS_DataFrame_df87d7b4_Laser_True_20260730_151502.csv,fcb3d25a
df87d7b4|Scope_TrialNumber_0_40.00W_1.00Torr_0.72NitrogenFlow_2420.00MHz.csv,0.3243236787781889,0.008972454169043423,0.0033132024428916954,0.008972454169043423,2.708091136505516,birge,0.015326514738090382,1.2072486842417915,0.03210237917865843,0.012254535231249412,0.03210237917865843,2.6196325338227804,birge,0.05490631637157289,0.03076687407924526,86.22379184749146,3,19.997637476397507,40,1.0,0.717391304347826,2420,0,df87d7b4,1.001,39.96666666666667,0.0471404520791004,0.4996871577599526,0.000221212869379,53.26666666666667,0.0471404520791004,13.300000000000002,1.7763568394002505e-15,0.573,79.43,Scope_TrialNumber_0_40.00W_1.00Torr_0.72NitrogenFlow_2420.00MHz.csv,D:\Data\NafisaData\LAS_1.0Torr_SmallAdmixture_1kHzLaserFreq_N1.3_very_fine\LAS_DataFrame_df87d7b4_Laser_True_20260730_151502.csv,fcb3d25a
df87d7b4|Scope_TrialNumber_0_40.00W_1.00Torr_0.78NitrogenFlow_2420.00MHz.csv,0.30884490998570097,0.004133237812113984,0.0034072200064275138,0.004133237812113984,1.2130821620901737,birge,0.007425207166398854,1.1812642266555788,0.01568903725427947,0.012932322912849101,0.01568903725427947,1.213164669642713,birge,0.028146252659464098,0.04931194626368816,90.56400768035799,3,21.201357643492514,40,1.0,0.7826086956521738,2420,0,df87d7b4,1.001,40.03333333333333,0.0942809041582076,0.5017101392559761,0.0009589279968905,53.5,0.0816496580927737,13.466666666666669,0.047140452079103,0.621,79.36,Scope_TrialNumber_0_40.00W_1.00Torr_0.78NitrogenFlow_2420.00MHz.csv,D:\Data\NafisaData\LAS_1.0Torr_SmallAdmixture_1kHzLaserFreq_N1.3_very_fine\LAS_DataFrame_df87d7b4_Laser_True_20260730_151502.csv,fcb3d25a
df87d7b4|Scope_TrialNumber_0_40.00W_1.00Torr_0.85NitrogenFlow_2420.00MHz.csv,0.3086391245660164,0.003567607667392955,0.003567607667392955,0.0016933292343367513,0.47463998068323443,birge,0.0029559333645196757,1.1825584461250247,0.014166079737809058,0.014166079737809058,0.007031714008055692,0.4963768479495531,birge,0.012263965565382978,0.04018287785100326,104.74428078036296,3,28.648707982197884,40,1.0,0.8478260869565217,2420,0,df87d7b4,1.001,40.06666666666666,0.188561808316412,0.5034068933961449,0.0008860327761181,53.66666666666666,0.188561808316412,13.6,0.0,0.686,79.33,Scope_TrialNumber_0_40.00W_1.00Torr_0.85NitrogenFlow_2420.00MHz.csv,D:\Data\NafisaData\LAS_1.0Torr_SmallAdmixture_1kHzLaserFreq_N1.3_very_fine\LAS_DataFrame_df87d7b4_Laser_True_20260730_151502.csv,fcb3d25a
df87d7b4|Scope_TrialNumber_0_40.00W_1.00Torr_0.91NitrogenFlow_2420.00MHz.csv,0.3112657859751474,0.0036002722450443926,0.0036002722450443926,0.003302367518973379,0.9172549446834012,birge,0.005858136614240382,1.1869144393569637,0.014247334020933245,0.014247334020933245,0.011867817469269452,0.832985136154762,birge,0.02105105749628377,0.040726533598112034,104.88158311533687,3,29.101592095932823,40,1.0,0.9130434782608696,2420,0,df87d7b4,1.0,39.833333333333336,0.0471404520791038,0.5054215593389962,0.0008722103967338,53.5,0.0,13.666666666666666,0.047140452079103,0.729,79.26,Scope_TrialNumber_0_40.00W_1.00Torr_0.91NitrogenFlow_2420.00MHz.csv,D:\Data\NafisaData\LAS_1.0Torr_SmallAdmixture_1kHzLaserFreq_N1.3_very_fine\LAS_DataFrame_df87d7b4_Laser_True_20260730_151502.csv,fcb3d25a
df87d7b4|Scope_TrialNumber_0_40.00W_1.00Torr_0.98NitrogenFlow_2420.00MHz.csv,0.29671897017616417,0.00867872280835443,0.0035237744112540117,0.00867872280835443,2.462905338275023,birge,0.015731849129344038,1.1467816851394839,0.03301145816108666,0.014200917771745222,0.03301145816108666,2.32460033159038,birge,0.059799573340759714,0.02693922833686196,106.62950590368992,3,29.713361288640424,40,1.0,0.9782608695652174,2420,0,df87d7b4,1.0,40.1,0.0816496580927708,0.5041669673251618,0.0009990400235922,53.76666666666667,0.0471404520791004,13.666666666666666,0.047140452079103,0.782,79.24,Scope_TrialNumber_0_40.00W_1.00Torr_0.98NitrogenFlow_2420.00MHz.csv,D:\Data\NafisaData\LAS_1.0Torr_SmallAdmixture_1kHzLaserFreq_N1.3_very_fine\LAS_DataFrame_df87d7b4_Laser_True_20260730_151502.csv,fcb3d25a
df87d7b4|Scope_TrialNumber_0_40.00W_1.00Torr_1.04NitrogenFlow_2420.00MHz.csv,0.31117551435629737,0.0036886119550241627,0.0036886119550241627,0.0008486655608143016,0.2300772136408538,birge,0.001502791058957754,1.2210115290571226,0.015055520328300912,0.015055520328300912,0.003246256201745831,0.21561899761402578,birge,0.005752996218134162,0.026964021861101344,104.95651278019899,3,27.830908405781038,40,1.0,1.0434782608695652,2420,0,df87d7b4,1.0,40.03333333333333,0.0471404520791038,0.502636914036691,0.0007877111400127,53.56666666666666,0.0471404520791038,13.533333333333331,0.047140452079103,0.826,79.16,Scope_TrialNumber_0_40.00W_1.00Torr_1.04NitrogenFlow_2420.00MHz.csv,D:\Data\NafisaData\LAS_1.0Torr_SmallAdmixture_1kHzLaserFreq_N1.3_very_fine\LAS_DataFrame_df87d7b4_Laser_True_20260730_151502.csv,fcb3d25a
df87d7b4|Scope_TrialNumber_0_40.00W_1.00Torr_1.11NitrogenFlow_2420.00MHz.csv,0.3030711454012144,0.013514068165240024,0.003497169035827567,0.013514068165240024,3.86428795027978,birge,0.022569571411154385,1.1961789663228657,0.05411005097097884,0.014299890878518151,0.05411005097097884,3.7839485231502743,birge,0.09053728613578124,0.03391700155939971,102.57777279336109,3,28.24536520641714,40,1.0,1.108695652173913,2420,0,df87d7b4,1.001,39.96666666666667,0.2054804667656324,0.4992187735737727,0.001550553115826,53.23333333333333,0.1699673171197586,13.266666666666666,0.0471404520791038,0.881,79.11,Scope_TrialNumber_0_40.00W_1.00Torr_1.11NitrogenFlow_2420.00MHz.csv,D:\Data\NafisaData\LAS_1.0Torr_SmallAdmixture_1kHzLaserFreq_N1.3_very_fine\LAS_DataFrame_df87d7b4_Laser_True_20260730_151502.csv,fcb3d25a
df87d7b4|Scope_TrialNumber_0_40.00W_1.00Torr_1.17NitrogenFlow_2420.00MHz.csv,0.29757732543953147,0.003720513175752802,0.0034333559668426297,0.003720513175752802,1.0836374706506902,birge,0.006425663045369446,1.1987230824327246,0.01818392997840262,0.014364140301100016,0.01818392997840262,1.2659253945751339,birge,0.03139441752754391,0.029637381971635148,99.6625155181842,3,26.24877221705612,40,1.0,1.1739130434782608,2420,0,df87d7b4,1.0,40.03333333333334,0.1247219128924664,0.4955836837628573,0.0011789272563015,53.06666666666666,0.0942809041582076,13.033333333333331,0.047140452079103,0.944,79.05,Scope_TrialNumber_0_40.00W_1.00Torr_1.17NitrogenFlow_2420.00MHz.csv,D:\Data\NafisaData\LAS_1.0Torr_SmallAdmixture_1kHzLaserFreq_N1.3_very_fine\LAS_DataFrame_df87d7b4_Laser_True_20260730_151502.csv,fcb3d25a
df87d7b4|Scope_TrialNumber_0_40.00W_1.00Torr_1.24NitrogenFlow_2420.00MHz.csv,0.2981809642401481,0.00327163931568045,0.00327163931568045,0.0008084600063942117,0.24711159403158858,birge,0.0013987921349666666,1.1824275424722013,0.013538345522344824,0.013538345522344824,0.00425241456890832,0.3141014950379112,birge,0.007364439647517368,0.02348766048971575,95.86897932702612,3,24.826127286572653,40,1.0,1.2391304347826086,2420,0,df87d7b4,1.0,40.06666666666666,0.0471404520791004,0.4905939186745713,0.0002192462408815,52.76666666666667,0.0471404520791004,12.699999999999998,1.7763568394002505e-15,0.981,79.02,Scope_TrialNumber_0_40.00W_1.00Torr_1.24NitrogenFlow_2420.00MHz.csv,D:\Data\NafisaData\LAS_1.0Torr_SmallAdmixture_1kHzLaserFreq_N1.3_very_fine\LAS_DataFrame_df87d7b4_Laser_True_20260730_151502.csv,fcb3d25a
df87d7b4|Scope_TrialNumber_0_40.00W_1.00Torr_1.30NitrogenFlow_2420.00MHz.csv,0.3047147732919703,0.008431201078056961,0.003317331999745957,0.008431201078056961,2.5415608322298238,birge,0.014282665701740712,1.2201804634072233,0.03237854530052848,0.013870855290371173,0.03237854530052848,2.334286143335726,birge,0.05492683174270592,0.03142227974872704,95.92109384328876,3,24.873088637391945,40,1.0,1.3043478260869563,2420,0,df87d7b4,1.0,40.13333333333333,0.1247219128924633,0.4853408398528056,0.0012661305819363,52.5,0.0816496580927737,12.366666666666667,0.047140452079103,1.04,78.95,Scope_TrialNumber_0_40.00W_1.00Torr_1.30NitrogenFlow_2420.00MHz.csv,D:\Data\NafisaData\LAS_1.0Torr_SmallAdmixture_1kHzLaserFreq_N1.3_very_fine\LAS_DataFrame_df87d7b4_Laser_True_20260730_151502.csv,fcb3d25a
df87d7b4|Scope_TrialNumber_0_40.00W_1.00Torr_1.37NitrogenFlow_2420.00MHz.csv,0.30004646091855497,0.0033640897924719624,0.0029966251733386648,0.003364089792471963,1.1226261537154112,birge,0.005879975654624154,1.1846722436855333,0.012335028471631187,0.012335028471631187,0.011812525090583805,0.9576406830151171,birge,0.020593163427213554,0.03248781986032509,87.87379415753146,3,21.116164633683777,40,1.0,1.3695652173913042,2420,0,df87d7b4,1.0,39.93333333333334,0.1247219128924658,0.4791447209615767,0.0015534790488526,51.833333333333336,0.1247219128924639,11.9,0.0816496580927723,1.102,78.91,Scope_TrialNumber_0_40.00W_1.00Torr_1.37NitrogenFlow_2420.00MHz.csv,D:\Data\NafisaData\LAS_1.0Torr_SmallAdmixture_1kHzLaserFreq_N1.3_very_fine\LAS_DataFrame_df87d7b4_Laser_True_20260730_151502.csv,fcb3d25a
df87d7b4|Scope_TrialNumber_0_40.00W_1.00Torr_1.43NitrogenFlow_2420.00MHz.csv,0.32679676932088925,0.0095382012134695,0.0035144860934035196,0.0095382012134695,2.7139675502976477,birge,0.020592312796270756,1.1586480945597186,0.03078696750921209,0.013026509491139553,0.030786967509212088,2.363408826451395,birge,0.06528979186635116,0.04216624184835041,110.6011858136523,3,25.802002042989272,40,1.0,1.434782608695652,2420,0,df87d7b4,1.0,40.0,0.0,0.4599548408405227,0.0015968264061711,50.73333333333333,0.0942809041582043,10.733333333333334,0.0942809041582068,1.141,78.84,Scope_TrialNumber_0_40.00W_1.00Torr_1.43NitrogenFlow_2420.00MHz.csv,D:\Data\NafisaData\LAS_1.0Torr_SmallAdmixture_1kHzLaserFreq_N1.3_very_fine\LAS_DataFrame_df87d7b4_Laser_True_20260730_151502.csv,fcb3d25a
df87d7b4|Scope_TrialNumber_0_40.00W_1.00Torr_1.50NitrogenFlow_2420.00MHz.csv,0.3529888615317664,0.004266375652667345,0.0030524294340127755,0.004266375652667345,1.3976983726888963,birge,0.007374046928805142,1.2294394245577278,0.014457667454278744,0.011080764026407442,0.014457667454278744,1.3047536631791397,birge,0.025033043651282425,0.015275102291595706,86.95380096297278,3,20.36796049638391,40,1.0,1.5,2420,0,df87d7b4,1.0,39.93333333333334,0.0471404520791038,0.4539776268448811,0.0010330250358232,50.29999999999999,7.105427357601002e-15,10.366666666666667,0.047140452079103,1.2,78.82,Scope_TrialNumber_0_40.00W_1.00Torr_1.50NitrogenFlow_2420.00MHz.csv,D:\Data\NafisaData\LAS_1.0Torr_SmallAdmixture_1kHzLaserFreq_N1.3_very_fine\LAS_DataFrame_df87d7b4_Laser_True_20260730_151502.csv,fcb3d25a
df87d7b4|Scope_TrialNumber_0_45.00W_1.00Torr_0.00NitrogenFlow_2420.00MHz.csv,0.34064274312258075,0.005428009347062337,0.0026110649854909867,0.005428009347062337,2.0788488135011507,birge,0.010020040040910222,1.2034401693284158,0.019393729289736174,0.00917314172428486,0.019393729289736174,2.1141861613664443,birge,0.035813659795855685,0.030359782242854082,71.50658819161336,3,13.154640724469512,45,1.0,0.0,2420,0,df87d7b4,1.0019999999999998,45.06666666666666,0.0471404520791021,0.507090280297375,0.0008209036101076,60.66666666666666,0.1247219128924639,15.6,0.0816496580927723,0.001,80.0,Scope_TrialNumber_0_45.00W_1.00Torr_0.00NitrogenFlow_2420.00MHz.csv,D:\Data\NafisaData\LAS_1.0Torr_SmallAdmixture_1kHzLaserFreq_N1.3_very_fine\LAS_DataFrame_df87d7b4_Laser_True_20260730_151502.csv,fcb3d25a
df87d7b4|Scope_TrialNumber_0_45.00W_1.00Torr_0.07NitrogenFlow_2420.00MHz.csv,0.3329313575906978,0.0036626741655858804,0.002461202047628217,0.0036626741655858804,1.4881647644960658,birge,0.0064284945230723345,1.1182851578694162,0.01179147461480591,0.008267292680170091,0.01179147461480591,1.4262800497058625,birge,0.0206453189175213,0.030456081650970957,72.71951708968213,3,14.551655711063146,45,1.0,0.0652173913043478,2420,0,df87d7b4,1.0019999999999998,44.96666666666667,0.618241233033047,0.5153752098139032,0.0077649393716979,61.23333333333333,0.2054804667656324,16.266666666666666,0.449691252107734,0.054,79.94,Scope_TrialNumber_0_45.00W_1.00Torr_0.07NitrogenFlow_2420.00MHz.csv,D:\Data\NafisaData\LAS_1.0Torr_SmallAdmixture_1kHzLaserFreq_N1.3_very_fine\LAS_DataFrame_df87d7b4_Laser_True_20260730_151502.csv,fcb3d25a
df87d7b4|Scope_TrialNumber_0_45.00W_1.00Torr_0.13NitrogenFlow_2420.00MHz.csv,0.3885914205891666,0.003236747270827602,0.003236747270827602,0.0006956496228346559,0.21492244053295692,birge,0.0012001494734457377,1.1743514392811436,0.009735101623201424,0.009735101623201424,0.002464466394799637,0.25315261105504394,birge,0.004238251396934503,0.020321453912098556,89.1651005408472,3,21.190344499418558,45,1.0,0.1304347826086956,2420,0,df87d7b4,1.0019999999999998,45.03333333333333,0.0471404520791004,0.5378855954503976,0.0006159003077449,63.36666666666667,0.0471404520791038,18.33333333333333,0.0471404520791021,0.102,79.9,Scope_TrialNumber_0_45.00W_1.00Torr_0.13NitrogenFlow_2420.00MHz.csv,D:\Data\NafisaData\LAS_1.0Torr_SmallAdmixture_1kHzLaserFreq_N1.3_very_fine\LAS_DataFrame_df87d7b4_Laser_True_20260730_151502.csv,fcb3d25a
df87d7b4|Scope_TrialNumber_0_45.00W_1.00Torr_0.20NitrogenFlow_2420.00MHz.csv,0.35946037005870934,0.0030167565436612282,0.0029834976265280537,0.0030167565436612282,1.0111476264762036,birge,0.00619619066665755,1.1381721134790923,0.009404810688878508,0.009404810688878508,0.009024130141757703,0.9595227846987955,birge,0.018526141183509728,0.028170300671197787,89.92669569456632,3,17.167156505509645,45,1.0,0.1956521739130434,2420,0,df87d7b4,1.0019999999999998,45.06666666666666,0.0942809041582076,0.5274099305057894,0.0012779075259974,62.43333333333334,0.0942809041582076,17.366666666666667,0.094280904158206,0.161,79.84,Scope_TrialNumber_0_45.00W_1.00Torr_0.20NitrogenFlow_2420.00MHz.csv,D:\Data\NafisaData\LAS_1.0Torr_SmallAdmixture_1kHzLaserFreq_N1.3_very_fine\LAS_DataFrame_df87d7b4_Laser_True_20260730_151502.csv,fcb3d25a
df87d7b4|Scope_TrialNumber_0_45.00W_1.00Torr_0.26NitrogenFlow_2420.00MHz.csv,0.3653307707567669,0.0059448102806335485,0.0034836209889409836,0.0059448102806335485,1.706503175720262,birge,0.01061219236914663,1.1724654937597456,0.019880273194758373,0.011148557955503017,0.019880273194758373,1.78321476859214,birge,0.03556223868812009,0.02854961599936133,98.60802495617406,3,23.35481908259789,45,1.0,0.2608695652173913,2420,0,df87d7b4,1.001,45.0,0.0,0.5198745572199783,0.0005369952614798,61.66666666666666,0.0471404520791038,16.666666666666668,0.0471404520791021,0.2,79.77,Scope_TrialNumber_0_45.00W_1.00Torr_0.26NitrogenFlow_2420.00MHz.csv,D:\Data\NafisaData\LAS_1.0Torr_SmallAdmixture_1kHzLaserFreq_N1.3_very_fine\LAS_DataFrame_df87d7b4_Laser_True_20260730_151502.csv,fcb3d25a
df87d7b4|Scope_TrialNumber_0_45.00W_1.00Torr_0.33NitrogenFlow_2420.00MHz.csv,0.3610064409904276,0.0031407174898106516,0.0031407174898106516,0.0009375756429755295,0.29852275666858985,birge,0.001637119851254968,1.161166300433815,0.01007138552645468,0.01007138552645468,0.001666293863509459,0.16544832477443905,birge,0.0029124092075835523,0.03659482628259135,87.9033654899872,3,20.46407276531275,45,1.0,0.3260869565217391,2420,0,df87d7b4,1.001,45.16666666666666,0.0471404520791038,0.5042451252429425,0.0011709097130919,60.56666666666666,0.0471404520791038,15.4,0.0816496580927723,0.264,79.74,Scope_TrialNumber_0_45.00W_1.00Torr_0.33NitrogenFlow_2420.00MHz.csv,D:\Data\NafisaData\LAS_1.0Torr_SmallAdmixture_1kHzLaserFreq_N1.3_very_fine\LAS_DataFrame_df87d7b4_Laser_True_20260730_151502.csv,fcb3d25a
df87d7b4|Scope_TrialNumber_0_45.00W_1.00Torr_0.39NitrogenFlow_2420.00MHz.csv,0.35713432035956016,0.007671928039566254,0.0034928742898483744,0.007671928039566254,2.196451232689308,birge,0.013570355497481994,1.178529518985065,0.02361470398030567,0.011468757910330496,0.023614703980305674,2.0590463383166107,birge,0.04159590883516443,0.02350829121509963,97.09485327060474,3,25.153752672150393,45,1.0,0.3913043478260869,2420,0,df87d7b4,1.001,44.96666666666667,0.0471404520791038,0.499303173619638,0.0005212892295761,59.9,0.0816496580927737,14.933333333333332,0.047140452079103,0.304,79.71,Scope_TrialNumber_0_45.00W_1.00Torr_0.39NitrogenFlow_2420.00MHz.csv,D:\Data\NafisaData\LAS_1.0Torr_SmallAdmixture_1kHzLaserFreq_N1.3_very_fine\LAS_DataFrame_df87d7b4_Laser_True_20260730_151502.csv,fcb3d25a
df87d7b4|Scope_TrialNumber_0_45.00W_1.00Torr_0.46NitrogenFlow_2420.00MHz.csv,0.34970741345272316,0.0067478986317838895,0.0032225598151193226,0.0067478986317838895,2.0939560532359067,birge,0.011907540994292962,1.169304512273886,0.024163028192051354,0.010712185595783527,0.024163028192051354,2.2556580985268098,birge,0.042662309033855816,0.03209828541581543,89.47557143241691,3,21.803099514914006,45,1.0,0.4565217391304347,2420,0,df87d7b4,1.001,45.03333333333333,0.0471404520791038,0.4865412105727227,0.0005563244709335,59.0,0.0816496580927737,13.966666666666669,0.047140452079103,0.376,79.62,Scope_TrialNumber_0_45.00W_1.00Torr_0.46NitrogenFlow_2420.00MHz.csv,D:\Data\NafisaData\LAS_1.0Torr_SmallAdmixture_1kHzLaserFreq_N1.3_very_fine\LAS_DataFrame_df87d7b4_Laser_True_20260730_151502.csv,fcb3d25a
df87d7b4|Scope_TrialNumber_0_45.00W_1.00Torr_0.52NitrogenFlow_2420.00MHz.csv,0.3423688057936992,0.0054304561531789445,0.0033215348851092746,0.0054304561531789445,1.6349237147934663,birge,0.009261918733391229,1.1526695162531797,0.021464503837582992,0.011094470132453776,0.021464503837582992,1.9347029268927929,birge,0.03663437631751965,0.02166440112971009,93.32205914153877,3,23.042742842873007,45,1.0,0.5217391304347826,2420,0,df87d7b4,1.001,44.96666666666667,0.0471404520791004,0.4773030384273762,0.0004623095575586,58.23333333333333,0.0942809041582043,13.266666666666666,0.0471404520791038,0.421,79.56,Scope_TrialNumber_0_45.00W_1.00Torr_0.52NitrogenFlow_2420.00MHz.csv,D:\Data\NafisaData\LAS_1.0Torr_SmallAdmixture_1kHzLaserFreq_N1.3_very_fine\LAS_DataFrame_df87d7b4_Laser_True_20260730_151502.csv,fcb3d25a
df87d7b4|Scope_TrialNumber_0_45.00W_1.00Torr_0.59NitrogenFlow_2420.00MHz.csv,0.38359460298346504,0.0036255235252042866,0.0036255235252042866,0.0031483418180922886,0.8683826752758113,birge,0.005458090712929735,1.332042016259577,0.012341683002660886,0.012341683002660886,0.009604518108852465,0.778217857870901,birge,0.016636519046205132,0.046447243037325066,87.49168763820899,3,20.466879022815395,45,1.0,0.5869565217391304,2420,0,df87d7b4,1.001,44.9,0.0816496580927737,0.4647019609181839,0.0004405874110409,57.26666666666666,0.1247219128924633,12.366666666666667,0.047140452079103,0.466,79.55,Scope_TrialNumber_0_45.00W_1.00Torr_0.59NitrogenFlow_2420.00MHz.csv,D:\Data\NafisaData\LAS_1.0Torr_SmallAdmixture_1kHzLaserFreq_N1.3_very_fine\LAS_DataFrame_df87d7b4_Laser_True_20260730_151502.csv,fcb3d25a
df87d7b4|Scope_TrialNumber_0_45.00W_1.00Torr_0.65NitrogenFlow_2420.00MHz.csv,0.3715188648528341,0.0033970611203338304,0.0033970611203338304,0.0005012331276747688,0.14754904604881305,birge,0.000879584734135949,1.2894436364119486,0.011675437642187755,0.011675437642187755,0.0013683451686227624,0.11719861906318747,birge,0.002403863747581765,0.04149324644795413,86.0280357902631,3,19.395484171450704,45,1.0,0.6521739130434783,2420,0,df87d7b4,1.001,45.0,0.0,0.4506312857042401,0.0007390592664097,56.46666666666667,0.0471404520791038,11.466666666666669,0.047140452079103,0.509,79.47,Scope_TrialNumber_0_45.00W_1.00Torr_0.65NitrogenFlow_2420.00MHz.csv,D:\Data\NafisaData\LAS_1.0Torr_SmallAdmixture_1kHzLaserFreq_N1.3_very_fine\LAS_DataFrame_df87d7b4_Laser_True_20260730_151502.csv,fcb3d25a
df87d7b4|Scope_TrialNumber_0_45.00W_1.00Torr_0.72NitrogenFlow_2420.00MHz.csv,0.33239883879069604,0.016734927513293838,0.0034168024981718237,0.016734927513293838,4.897832848766629,birge,0.03227436929826543,1.1638572475660447,0.054637521836787384,0.011895274897887687,0.054637521836787384,4.593212204493877,birge,0.104276064760019,0.025212283212490028,96.45755495853882,3,23.209038563243716,45,1.0,0.717391304347826,2420,0,df87d7b4,1.001,45.23333333333333,0.1247219128924633,0.4502259842863776,0.0004945758801757,56.73333333333333,0.1247219128924633,11.5,0.0,0.572,79.44,Scope_TrialNumber_0_45.00W_1.00Torr_0.72NitrogenFlow_2420.00MHz.csv,D:\Data\NafisaData\LAS_1.0Torr_SmallAdmixture_1kHzLaserFreq_N1.3_very_fine\LAS_DataFrame_df87d7b4_Laser_True_20260730_151502.csv,fcb3d25a
df87d7b4|Scope_TrialNumber_0_45.00W_1.00Torr_0.78NitrogenFlow_2420.00MHz.csv,0.4345318962220462,0.06299881975903034,0.004894736161638141,0.06299881975903034,12.870728406727089,birge,0.13685095731404245,1.4904409683950834,0.20550164113915617,0.017156634038649716,0.20550164113915617,11.977969610834563,birge,0.4295600556532292,0.01982543509345494,112.2624825114482,3,33.70503580237121,45,1.0,0.7826086956521738,2420,0,df87d7b4,1.001,45.0,0.0,0.4686706661018056,0.000681292260729,57.66666666666666,0.0471404520791038,12.666666666666666,0.047140452079103,0.628,79.36,Scope_TrialNumber_0_45.00W_1.00Torr_0.78NitrogenFlow_2420.00MHz.csv,D:\Data\NafisaData\LAS_1.0Torr_SmallAdmixture_1kHzLaserFreq_N1.3_very_fine\LAS_DataFrame_df87d7b4_Laser_True_20260730_151502.csv,fcb3d25a
df87d7b4|Scope_TrialNumber_0_45.00W_1.00Torr_0.85NitrogenFlow_2420.00MHz.csv,0.35645627605031,0.00752319208677766,0.0033207652466571134,0.0075231920867776594,2.2654995243493854,birge,0.012968522719964955,1.179499007043464,0.02619636721353818,0.010869981238388414,0.026196367213538182,2.40997354448259,birge,0.045149290906345306,0.02737412865735162,89.42196833105174,3,20.167323797787837,45,1.0,0.8478260869565217,2420,0,df87d7b4,1.001,45.06666666666666,0.3299831645537235,0.4745672568400264,0.0033302526709681,58.16666666666666,0.188561808316412,13.1,0.1414213562373098,0.688,79.31,Scope_TrialNumber_0_45.00W_1.00Torr_0.85NitrogenFlow_2420.00MHz.csv,D:\Data\NafisaData\LAS_1.0Torr_SmallAdmixture_1kHzLaserFreq_N1.3_very_fine\LAS_DataFrame_df87d7b4_Laser_True_20260730_151502.csv,fcb3d25a
df87d7b4|Scope_TrialNumber_0_45.00W_1.00Torr_0.91NitrogenFlow_2420.00MHz.csv,0.3506833114445702,0.010618763566297824,0.003280548810507278,0.010618763566297824,3.2368863198398268,birge,0.019273837391558243,1.1526461153861107,0.035251431857117835,0.010800288490088385,0.035251431857117835,3.263934281891516,birge,0.06377081454136609,0.020268451751085423,92.10689407641458,3,22.559291818364418,45,1.0,0.9130434782608696,2420,0,df87d7b4,1.0,45.0,0.2160246899469284,0.4840006164415601,0.0023396483124143,58.76666666666667,0.1699673171197586,13.766666666666666,0.124721912892465,0.721,79.26,Scope_TrialNumber_0_45.00W_1.00Torr_0.91NitrogenFlow_2420.00MHz.csv,D:\Data\NafisaData\LAS_1.0Torr_SmallAdmixture_1kHzLaserFreq_N1.3_very_fine\LAS_DataFrame_df87d7b4_Laser_True_20260730_151502.csv,fcb3d25a
df87d7b4|Scope_TrialNumber_0_45.00W_1.00Torr_0.98NitrogenFlow_2420.00MHz.csv,0.3182125238903697,0.013411471530918845,0.003270631431788955,0.013411471530918845,4.100575626029222,birge,0.024781630840123317,1.1033544122721708,0.035810681868628444,0.011335270934190829,0.035810681868628444,3.1592259308608046,birge,0.06534575885033778,0.02898859478170874,94.95766807345349,3,23.40399875073031,45,1.0,0.9782608695652174,2420,0,df87d7b4,1.0,45.3,0.2943920288775934,0.4915600381682517,0.0022558291225358,59.73333333333333,0.2357022603955158,14.433333333333332,0.094280904158206,0.782,79.2,Scope_TrialNumber_0_45.00W_1.00Torr_0.98NitrogenFlow_2420.00MHz.csv,D:\Data\NafisaData\LAS_1.0Torr_SmallAdmixture_1kHzLaserFreq_N1.3_very_fine\LAS_DataFrame_df87d7b4_Laser_True_20260730_151502.csv,fcb3d25a
df87d7b4|Scope_TrialNumber_0_45.00W_1.00Torr_1.04NitrogenFlow_2420.00MHz.csv,0.36323983825272,0.07353775023819316,0.004298750593171545,0.07353775023819316,17.10677292025408,birge,0.21392661466671214,1.3469012896406378,0.2611383866410059,0.01588493227568176,0.2611383866410059,16.439376769694046,birge,0.6663865609882396,0.018418333436958634,111.5282972796302,3,29.85703215222697,45,1.0,1.0434782608695652,2420,0,df87d7b4,1.0,45.13333333333333,0.0471404520791038,0.4981922938972651,0.0001955183629239,60.03333333333333,0.0471404520791038,14.9,0.0,0.832,79.16,Scope_TrialNumber_0_45.00W_1.00Torr_1.04NitrogenFlow_2420.00MHz.csv,D:\Data\NafisaData\LAS_1.0Torr_SmallAdmixture_1kHzLaserFreq_N1.3_very_fine\LAS_DataFrame_df87d7b4_Laser_True_20260730_151502.csv,fcb3d25a
df87d7b4|Scope_TrialNumber_0_45.00W_1.00Torr_1.11NitrogenFlow_2420.00MHz.csv,0.3215356435365329,0.013088244716026692,0.0038330773927576214,0.013088244716026692,3.414552688332402,birge,0.022156691884251303,1.2748008492223801,0.05383939327697614,0.015592905466344151,0.05383939327697614,3.4528134216668924,birge,0.09140316417486002,0.05202611670940797,100.94722916123806,3,26.524634733966586,45,1.0,1.108695652173913,2420,0,df87d7b4,1.001,45.03333333333333,0.0471404520791038,0.4998612844814468,0.0001961733676495,60.03333333333333,0.0471404520791038,15.0,0.0,0.897,79.13,Scope_TrialNumber_0_45.00W_1.00Torr_1.11NitrogenFlow_2420.00MHz.csv,D:\Data\NafisaData\LAS_1.0Torr_SmallAdmixture_1kHzLaserFreq_N1.3_very_fine\LAS_DataFrame_df87d7b4_Laser_True_20260730_151502.csv,fcb3d25a
df87d7b4|Scope_TrialNumber_0_45.00W_1.00Torr_1.17NitrogenFlow_2420.00MHz.csv,0.28816291339746347,0.0034444871954252055,0.0034444871954252055,0.0007714534433801344,0.22396757473935164,birge,0.0013574197713898913,1.1700185027939398,0.014644905877744831,0.014644905877744831,0.003280026612371342,0.22397048091349245,birge,0.0057870102910230325,0.027040257718608785,103.60356414390357,3,28.4671490006047,45,1.0,1.1739130434782608,2420,0,df87d7b4,1.001,45.1,0.0816496580927737,0.4999995401065067,0.0006781543200242,60.13333333333333,0.0942809041582076,15.033333333333331,0.047140452079103,0.939,79.07,Scope_TrialNumber_0_45.00W_1.00Torr_1.17NitrogenFlow_2420.00MHz.csv,D:\Data\NafisaData\LAS_1.0Torr_SmallAdmixture_1kHzLaserFreq_N1.3_very_fine\LAS_DataFrame_df87d7b4_Laser_True_20260730_151502.csv,fcb3d25a
df87d7b4|Scope_TrialNumber_0_45.00W_1.00Torr_1.24NitrogenFlow_2420.00MHz.csv,0.29107771735129195,0.0036325526943884827,0.0035870549275464473,0.0036325526943884827,1.0126838779335772,birge,0.006386037671012817,1.2335452141065733,0.01584444879241408,0.01584444879241408,0.013343733800574117,0.8421709063784383,birge,0.023374296427843264,0.014447044745738597,102.90037890921111,3,29.28480139200977,45,1.0,1.2391304347826086,2420,0,df87d7b4,1.0,45.03333333333333,0.0942809041582076,0.5011078834297349,0.0003931617506758,60.13333333333333,0.0942809041582076,15.1,0.0,0.988,79.03,Scope_TrialNumber_0_45.00W_1.00Torr_1.24NitrogenFlow_2420.00MHz.csv,D:\Data\NafisaData\LAS_1.0Torr_SmallAdmixture_1kHzLaserFreq_N1.3_very_fine\LAS_DataFrame_df87d7b4_Laser_True_20260730_151502.csv,fcb3d25a
df87d7b4|Scope_TrialNumber_0_45.00W_1.00Torr_1.30NitrogenFlow_2420.00MHz.csv,0.29609056389855176,0.010854337769588971,0.0035671744884511096,0.010854337769588971,3.0428390326098107,birge,0.01836595565400953,1.261323642188983,0.047193544075744234,0.015760386136533223,0.047193544075744234,2.9944408510618694,birge,0.07988211649666925,0.03549504453890125,99.17058473093694,3,27.091539208895146,45,1.0,1.3043478260869563,2420,0,df87d7b4,1.0,45.0,0.0816496580927679,0.5024858631938226,0.0003407628903119,60.20000000000001,0.0816496580927708,15.199999999999998,1.7763568394002505e-15,1.041,78.95,Scope_TrialNumber_0_45.00W_1.00Torr_1.30NitrogenFlow_2420.00MHz.csv,D:\Data\NafisaData\LAS_1.0Torr_SmallAdmixture_1kHzLaserFreq_N1.3_very_fine\LAS_DataFrame_df87d7b4_Laser_True_20260730_151502.csv,fcb3d25a
df87d7b4|Scope_TrialNumber_0_45.00W_1.00Torr_1.37NitrogenFlow_2420.00MHz.csv,0.2456617468587742,0.06887370199882713,0.0028434022883578208,0.06887370199882713,24.222285492568997,birge,0.2394324012019543,1.0612927660587994,0.2879826936999008,0.012440435140544695,0.2879826936999008,23.14892449069846,birge,0.8735370532014239,0.029622545075050626,88.37456232014726,3,20.2303871375431,45,1.0,1.3695652173913042,2420,0,df87d7b4,1.0,45.03333333333333,0.0471404520791004,0.5023465740452715,0.0001964943881416,60.23333333333333,0.0471404520791004,15.199999999999998,1.7763568394002505e-15,1.102,78.89,Scope_TrialNumber_0_45.00W_1.00Torr_1.37NitrogenFlow_2420.00MHz.csv,D:\Data\NafisaData\LAS_1.0Torr_SmallAdmixture_1kHzLaserFreq_N1.3_very_fine\LAS_DataFrame_df87d7b4_Laser_True_20260730_151502.csv,fcb3d25a
df87d7b4|Scope_TrialNumber_0_45.00W_1.00Torr_1.43NitrogenFlow_2420.00MHz.csv,0.2840083151007914,0.003136216394975437,0.003136216394975437,0.0015159236688159917,0.48336067346777084,birge,0.002716556432265231,1.196615900932972,0.013800459246319393,0.013800459246319393,0.0044853868780696474,0.32501721848611004,birge,0.008050972796301214,0.022798005246493235,91.74909016247146,3,21.64221156992078,45,1.0,1.434782608695652,2420,0,df87d7b4,1.0,44.93333333333333,0.1699673171197619,0.5015261144963338,0.0007107638634582,60.03333333333334,0.1699673171197619,15.1,0.0,1.155,78.87,Scope_TrialNumber_0_45.00W_1.00Torr_1.43NitrogenFlow_2420.00MHz.csv,D:\Data\NafisaData\LAS_1.0Torr_SmallAdmixture_1kHzLaserFreq_N1.3_very_fine\LAS_DataFrame_df87d7b4_Laser_True_20260730_151502.csv,fcb3d25a
df87d7b4|Scope_TrialNumber_0_45.00W_1.00Torr_1.50NitrogenFlow_2420.00MHz.csv,0.2809375178588945,0.00296051087533814,0.00296051087533814,2.72888949734894e-05,0.009217630376166934,birge,4.742119777831983e-05,1.1780578290504506,0.012942882372257434,0.012942882372257434,0.0003468979548689252,0.02680221799840254,birge,0.000603923795461849,0.037868006733584154,87.76348736754704,3,20.60139820278375,45,1.0,1.5,2420,0,df87d7b4,1.0,45.06666666666666,0.0471404520791038,0.4984691446813854,0.0001960077707326,59.96666666666667,0.0471404520791038,14.9,0.0,1.204,78.82,Scope_TrialNumber_0_45.00W_1.00Torr_1.50NitrogenFlow_2420.00MHz.csv,D:\Data\NafisaData\LAS_1.0Torr_SmallAdmixture_1kHzLaserFreq_N1.3_very_fine\LAS_DataFrame_df87d7b4_Laser_True_20260730_151502.csv,fcb3d25a
df87d7b4|Scope_TrialNumber_0_50.00W_1.00Torr_0.00NitrogenFlow_2420.00MHz.csv,0.3213414612226609,0.012335631364391088,0.0023246913336067094,0.012335631364391088,5.306352368618597,birge,0.020633110725725313,1.2072743483305908,0.04822819750824968,0.008659397553082905,0.04822819750824968,5.569463373474469,birge,0.08068355761987851,0.049149666167252255,63.004132307517814,3,11.159369037658237,50,1.0,0.0,2420,0,df87d7b4,1.0019999999999998,50.03333333333333,0.0471404520791004,0.5500085377739302,0.0001806595350045,71.73333333333333,0.0471404520791004,21.7,0.0,-0.0,80.0,Scope_TrialNumber_0_50.00W_1.00Torr_0.00NitrogenFlow_2420.00MHz.csv,D:\Data\NafisaData\LAS_1.0Torr_SmallAdmixture_1kHzLaserFreq_N1.3_very_fine\LAS_DataFrame_df87d7b4_Laser_True_20260730_151502.csv,fcb3d25a
df87d7b4|Scope_TrialNumber_0_50.00W_1.00Torr_0.07NitrogenFlow_2420.00MHz.csv,0.3169474231748053,0.0025949296764360722,0.0024416868420380415,0.0025949296764360722,1.0627610518104447,birge,0.004611566897622493,1.156441873773977,0.008863702902722995,0.008863702902722995,0.008535870620928641,0.9630140715012412,birge,0.015196106658174566,0.021127615620120315,69.17680740341764,3,12.486358886065563,50,1.0,0.0652173913043478,2420,0,df87d7b4,1.0019999999999998,49.96666666666666,0.1247219128924633,0.5454937841816889,0.0006991588246419,71.13333333333333,0.1247219128924639,21.166666666666668,0.0471404520791021,0.059,79.94,Scope_TrialNumber_0_50.00W_1.00Torr_0.07NitrogenFlow_2420.00MHz.csv,D:\Data\NafisaData\LAS_1.0Torr_SmallAdmixture_1kHzLaserFreq_N1.3_very_fine\LAS_DataFrame_df87d7b4_Laser_True_20260730_151502.csv,fcb3d25a
df87d7b4|Scope_TrialNumber_0_50.00W_1.00Torr_0.13NitrogenFlow_2420.00MHz.csv,0.3488680752700632,0.005009199532901564,0.0035284282495688527,0.005009199532901564,1.4196688096218621,birge,0.008677398719228315,1.237743970867579,0.018682896116720433,0.012448882702625471,0.018682896116720433,1.500768909388166,birge,0.03239182911393548,0.0287059102862923,93.41378672993346,3,22.846294762062087,50,1.0,0.1304347826086956,2420,0,df87d7b4,1.0019999999999998,50.0,0.0816496580927766,0.5401671446719885,0.0015941792205178,70.60000000000001,0.0816496580927737,20.6,0.1414213562373098,0.092,79.91,Scope_TrialNumber_0_50.00W_1.00Torr_0.13NitrogenFlow_2420.00MHz.csv,D:\Data\NafisaData\LAS_1.0Torr_SmallAdmixture_1kHzLaserFreq_N1.3_very_fine\LAS_DataFrame_df87d7b4_Laser_True_20260730_151502.csv,fcb3d25a
df87d7b4|Scope_TrialNumber_0_50.00W_1.00Torr_0.20NitrogenFlow_2420.00MHz.csv,0.3379669467184441,0.010993012816487312,0.0027304947046333026,0.01099301281648731,4.026015065267684,birge,0.01997425384094035,1.1714846625242157,0.03843171132201641,0.009429250688866134,0.03843171132201641,4.0757969631028885,birge,0.0696673807239657,0.03536092515912469,76.70742287786636,3,15.980892169178738,50,1.0,0.1956521739130434,2420,0,df87d7b4,1.001,50.16666666666666,0.0471404520791071,0.5261084495777392,0.0001788318234281,69.36666666666666,0.0471404520791071,19.2,0.0,0.158,79.86,Scope_TrialNumber_0_50.00W_1.00Torr_0.20NitrogenFlow_2420.00MHz.csv,D:\Data\NafisaData\LAS_1.0Torr_SmallAdmixture_1kHzLaserFreq_N1.3_very_fine\LAS_DataFrame_df87d7b4_Laser_True_20260730_151502.csv,fcb3d25a
df87d7b4|Scope_TrialNumber_0_50.00W_1.00Torr_0.26NitrogenFlow_2420.00MHz.csv,0.37483966434507643,0.008714531668494787,0.003262780869450704,0.008714531668494787,2.670890880257581,birge,0.015493590733438768,1.2599462734628408,0.029431842639805767,0.010864535985675928,0.029431842639805767,2.7089829403307637,birge,0.05245610822095395,0.039008396962128294,83.95778894339439,3,17.782051614153648,50,1.0,0.2608695652173913,2420,0,df87d7b4,1.001,50.0,0.0816496580927708,0.5183136814353132,0.0002678918103779,68.36666666666667,0.1247219128924639,18.366666666666667,0.0471404520791021,0.208,79.79,Scope_TrialNumber_0_50.00W_1.00Torr_0.26NitrogenFlow_2420.00MHz.csv,D:\Data\NafisaData\LAS_1.0Torr_SmallAdmixture_1kHzLaserFreq_N1.3_very_fine\LAS_DataFrame_df87d7b4_Laser_True_20260730_151502.csv,fcb3d25a
df87d7b4|Scope_TrialNumber_0_50.00W_1.00Torr_0.33NitrogenFlow_2420.00MHz.csv,0.35051788098644265,0.0035564721329057187,0.0035564721329057187,0.00032215977396958496,0.09058408499502936,birge,0.0005830610347184663,1.1513268823157405,0.011677325719013424,0.011677325719013424,0.0029413322993430656,0.2518840674756453,birge,0.00535166767787895,0.029027751745799007,101.79556594209286,3,25.88832202321113,50,1.0,0.3260869565217391,2420,0,df87d7b4,1.0019999999999998,49.9,0.0816496580927766,0.5294225743065827,0.0007482580814637,69.33333333333333,0.0471404520791071,19.433333333333334,0.0471404520791038,0.259,79.74,Scope_TrialNumber_0_50.00W_1.00Torr_0.33NitrogenFlow_2420.00MHz.csv,D:\Data\NafisaData\LAS_1.0Torr_SmallAdmixture_1kHzLaserFreq_N1.3_very_fine\LAS_DataFrame_df87d7b4_Laser_True_20260730_151502.csv,fcb3d25a
df87d7b4|Scope_TrialNumber_0_50.00W_1.00Torr_0.39NitrogenFlow_2420.00MHz.csv,0.3716275185879412,0.00617198219242131,0.003258995859481579,0.00617198219242131,1.893829405908822,birge,0.011034602643663995,1.1692272539489563,0.018677240317428883,0.010235711578326213,0.018677240317428883,1.824713423635083,birge,0.03325867146672907,0.02003502232353456,92.08601404100607,3,23.08171967555931,50,1.0,0.3913043478260869,2420,0,df87d7b4,1.001,50.0,5.801557143511545e-15,0.5357907443534057,0.0004468434308802,70.13333333333334,0.0471404520791071,20.133333333333333,0.0471404520791021,0.315,79.7,Scope_TrialNumber_0_50.00W_1.00Torr_0.39NitrogenFlow_2420.00MHz.csv,D:\Data\NafisaData\LAS_1.0Torr_SmallAdmixture_1kHzLaserFreq_N1.3_very_fine\LAS_DataFrame_df87d7b4_Laser_True_20260730_151502.csv,fcb3d25a
df87d7b4|Scope_TrialNumber_0_50.00W_1.00Torr_0.46NitrogenFlow_2420.00MHz.csv,0.34839171344276665,0.0033161411060848443,0.0033161411060848443,0.0020571352980703482,0.6203400978009275,birge,0.003987641293196292,1.164327141088535,0.011069598440008918,0.011069598440008918,0.008329655735770911,0.7524803885988298,birge,0.01615357415927433,0.0254940506739343,95.55857594559802,3,21.043177099610265,50,1.0,0.4565217391304347,2420,0,df87d7b4,1.001,50.06666666666666,0.1247219128924626,0.5271477573565871,0.0007254030383667,69.33333333333333,0.1247219128924639,19.266666666666666,0.0471404520791038,0.37,79.63,Scope_TrialNumber_0_50.00W_1.00Torr_0.46NitrogenFlow_2420.00MHz.csv,D:\Data\NafisaData\LAS_1.0Torr_SmallAdmixture_1kHzLaserFreq_N1.3_very_fine\LAS_DataFrame_df87d7b4_Laser_True_20260730_151502.csv,fcb3d25a
df87d7b4|Scope_TrialNumber_0_50.00W_1.00Torr_0.52NitrogenFlow_2420.00MHz.csv,0.3279506544928313,0.0030273020872274344,0.0030273020872274344,0.0024089438434882916,0.7957394981002809,birge,0.004346295134577117,1.1117262266327206,0.010254593703362265,0.010254593703362265,0.008887911389740016,0.8667248695407461,birge,0.016010327446643796,0.025527091294434843,89.62167385605278,3,21.101594437415468,50,1.0,0.5217391304347826,2420,0,df87d7b4,1.001,49.900000000000006,4.1023203976182695e-15,0.520406194448498,0.0004822063336295,68.43333333333334,0.0471404520791004,18.53333333333333,0.0471404520791038,0.427,79.58,Scope_TrialNumber_0_50.00W_1.00Torr_0.52NitrogenFlow_2420.00MHz.csv,D:\Data\NafisaData\LAS_1.0Torr_SmallAdmixture_1kHzLaserFreq_N1.3_very_fine\LAS_DataFrame_df87d7b4_Laser_True_20260730_151502.csv,fcb3d25a
df87d7b4|Scope_TrialNumber_0_50.00W_1.00Torr_0.59NitrogenFlow_2420.00MHz.csv,0.34939766239163095,0.003583950618042278,0.003583950618042278,0.002491115094543715,0.695075172632953,birge,0.004591202158614578,1.1947760926559197,0.012165981134915193,0.012165981134915193,0.007376336659187999,0.606308408453686,birge,0.013606582645173152,0.04188299747865849,98.00610057098716,3,23.23958790364725,50,1.0,0.5869565217391304,2420,0,df87d7b4,1.0019999999999998,50.0,0.0816496580927766,0.5109633012098215,0.0007862689063306,67.66666666666667,0.0471404520791071,17.666666666666668,0.0471404520791021,0.477,79.54,Scope_TrialNumber_0_50.00W_1.00Torr_0.59NitrogenFlow_2420.00MHz.csv,D:\Data\NafisaData\LAS_1.0Torr_SmallAdmixture_1kHzLaserFreq_N1.3_very_fine\LAS_DataFrame_df87d7b4_Laser_True_20260730_151502.csv,fcb3d25a
df87d7b4|Scope_TrialNumber_0_50.00W_1.00Torr_0.65NitrogenFlow_2420.00MHz.csv,0.3484905810523269,0.009261940237473688,0.0034932796987498863,0.009261940237473688,2.6513594776817295,birge,0.017176501426781666,1.191781528291148,0.03182322775318068,0.011941057191062742,0.03182322775318068,2.6650259892397723,birge,0.0587148826508712,0.027765973008753355,97.46454991861573,3,24.462621285054453,50,1.0,0.6521739130434783,2420,0,df87d7b4,1.001,49.9,0.0816496580927737,0.5003750471202236,0.0006134468880662,66.56666666666666,0.0942809041582076,16.666666666666668,0.0471404520791021,0.513,79.45,Scope_TrialNumber_0_50.00W_1.00Torr_0.65NitrogenFlow_2420.00MHz.csv,D:\Data\NafisaData\LAS_1.0Torr_SmallAdmixture_1kHzLaserFreq_N1.3_very_fine\LAS_DataFrame_df87d7b4_Laser_True_20260730_151502.csv,fcb3d25a
df87d7b4|Scope_TrialNumber_0_50.00W_1.00Torr_0.72NitrogenFlow_2420.00MHz.csv,0.3647728693674509,0.0035944358907796983,0.0035944358907796983,0.00026488473202958686,0.07369299107797651,birge,0.0004574669702381557,1.2641100502965577,0.012338357340897095,0.012338357340897095,0.0022287795379405282,0.18063827107300157,birge,0.0038476284573879015,0.03099697120739991,92.56116610255646,3,22.477068319218,50,1.0,0.717391304347826,2420,0,df87d7b4,1.001,50.0,0.0816496580927679,0.4923662464969844,0.0003045574162417,66.0,0.0816496580927679,16.0,0.0,0.569,79.44,Scope_TrialNumber_0_50.00W_1.00Torr_0.72NitrogenFlow_2420.00MHz.csv,D:\Data\NafisaData\LAS_1.0Torr_SmallAdmixture_1kHzLaserFreq_N1.3_very_fine\LAS_DataFrame_df87d7b4_Laser_True_20260730_151502.csv,fcb3d25a
df87d7b4|Scope_TrialNumber_0_50.00W_1.00Torr_0.78NitrogenFlow_2420.00MHz.csv,0.34783108340746716,0.0035138892730145733,0.0035138892730145733,0.0002856805868476641,0.08130039527471454,birge,0.0004971591554760975,1.2141957584749967,0.012224043818038136,0.012224043818038136,0.0016675062983998294,0.13641200270725562,birge,0.002891200583066411,0.030634919179588573,95.81871352240171,3,23.97098181379348,50,1.0,0.7826086956521738,2420,0,df87d7b4,1.001,50.1,0.0816496580927737,0.4800156438986301,0.0003010227077846,65.1,0.0816496580927737,15.0,0.0,0.622,79.38,Scope_TrialNumber_0_50.00W_1.00Torr_0.78NitrogenFlow_2420.00MHz.csv,D:\Data\NafisaData\LAS_1.0Torr_SmallAdmixture_1kHzLaserFreq_N1.3_very_fine\LAS_DataFrame_df87d7b4_Laser_True_20260730_151502.csv,fcb3d25a
df87d7b4|Scope_TrialNumber_0_50.00W_1.00Torr_0.85NitrogenFlow_2420.00MHz.csv,0.330560594159076,0.010639212914540156,0.003142049239519149,0.010639212914540156,3.386074534009643,birge,0.019260006615698835,1.1560279890133416,0.034476380569207835,0.010898406778164466,0.034476380569207835,3.163433084392031,birge,0.06208722887207248,0.024434274965074766,87.42010277679567,3,20.23219389419746,50,1.0,0.8478260869565217,2420,0,df87d7b4,1.001,49.9,0.0816496580927737,0.4715265420490231,0.0008789447602191,64.16666666666667,0.0471404520791071,14.266666666666666,0.0471404520791038,0.676,79.3,Scope_TrialNumber_0_50.00W_1.00Torr_0.85NitrogenFlow_2420.00MHz.csv,D:\Data\NafisaData\LAS_1.0Torr_SmallAdmixture_1kHzLaserFreq_N1.3_very_fine\LAS_DataFrame_df87d7b4_Laser_True_20260730_151502.csv,fcb3d25a
df87d7b4|Scope_TrialNumber_0_50.00W_1.00Torr_0.91NitrogenFlow_2420.00MHz.csv,0.3403158667381821,0.003168361313389153,0.003168361313389153,0.0025670411660098434,0.8102109930334664,birge,0.00442433646537994,1.2009734754699277,0.011069334895804365,0.011069334895804365,0.006235078229588907,0.5632748749838803,birge,0.010778246615184223,0.0357911937128657,85.5314440180371,3,19.42094307695274,50,1.0,0.9130434782608696,2420,0,df87d7b4,1.0,50.03333333333333,0.0471404520791038,0.4609630909556237,0.0001709454191308,63.53333333333333,0.0471404520791038,13.5,0.0,0.726,79.28,Scope_TrialNumber_0_50.00W_1.00Torr_0.91NitrogenFlow_2420.00MHz.csv,D:\Data\NafisaData\LAS_1.0Torr_SmallAdmixture_1kHzLaserFreq_N1.3_very_fine\LAS_DataFrame_df87d7b4_Laser_True_20260730_151502.csv,fcb3d25a
df87d7b4|Scope_TrialNumber_0_50.00W_1.00Torr_0.98NitrogenFlow_2420.00MHz.csv,0.3406058376506136,0.008005522739279628,0.0032231480567847582,0.008005522739279628,2.4837589208562494,birge,0.01384783916445107,1.2118657326517597,0.028905876191347983,0.01137252457361323,0.02890587619134798,2.5417290597389433,birge,0.050101716369655595,0.0370966853186897,85.62484846424297,3,18.534854535621367,50,1.0,0.9782608695652174,2420,0,df87d7b4,1.001,49.833333333333336,0.0471404520791038,0.4501843666598815,0.0008382611216224,62.5,0.0,12.666666666666666,0.047140452079103,0.782,79.23,Scope_TrialNumber_0_50.00W_1.00Torr_0.98NitrogenFlow_2420.00MHz.csv,D:\Data\NafisaData\LAS_1.0Torr_SmallAdmixture_1kHzLaserFreq_N1.3_very_fine\LAS_DataFrame_df87d7b4_Laser_True_20260730_151502.csv,fcb3d25a
df87d7b4|Scope_TrialNumber_0_50.00W_1.00Torr_1.04NitrogenFlow_2420.00MHz.csv,0.3383669635857204,0.003849776888164682,0.003849776888164682,0.0005477405192578306,0.1422785099421585,birge,0.0009512257065883551,1.2200883116051529,0.014382768151895618,0.014382768151895618,0.0029198354996351145,0.2030092864460369,birge,0.005065262978088284,0.03951931196768839,114.01582411764248,3,35.77291328504824,50,1.0,1.0434782608695652,2420,0,df87d7b4,1.001,50.0,0.0,0.4472135954999579,0.0,62.5,0.0,12.5,0.0,0.829,79.17,Scope_TrialNumber_0_50.00W_1.00Torr_1.04NitrogenFlow_2420.00MHz.csv,D:\Data\NafisaData\LAS_1.0Torr_SmallAdmixture_1kHzLaserFreq_N1.3_very_fine\LAS_DataFrame_df87d7b4_Laser_True_20260730_151502.csv,fcb3d25a
df87d7b4|Scope_TrialNumber_0_50.00W_1.00Torr_1.11NitrogenFlow_2420.00MHz.csv,0.326691543798682,0.006640925864017232,0.0036422211672428395,0.006640925864017232,1.8233175743812424,birge,0.011801315602050793,1.1778772696113942,0.02725340309289254,0.01369703182965935,0.02725340309289254,1.9897305804516292,birge,0.04850430714515581,0.018102315113307958,112.09708318782975,3,33.57836755491801,50,1.0,1.108695652173913,2420,0,df87d7b4,1.0,49.26666666666666,0.4027681991198215,0.4699788745697326,0.0027328478193227,63.23333333333333,0.3091206165165245,13.966666666666669,0.094280904158206,0.897,79.12,Scope_TrialNumber_0_50.00W_1.00Torr_1.11NitrogenFlow_2420.00MHz.csv,D:\Data\NafisaData\LAS_1.0Torr_SmallAdmixture_1kHzLaserFreq_N1.3_very_fine\LAS_DataFrame_df87d7b4_Laser_True_20260730_151502.csv,fcb3d25a
df87d7b4|Scope_TrialNumber_0_50.00W_1.00Torr_1.17NitrogenFlow_2420.00MHz.csv,0.3718438869972342,0.006557377355829616,0.003772727686102941,0.006557377355829616,1.7380998315844773,birge,0.01123925764309744,1.31743812160195,0.029326991283237392,0.013873296321285245,0.029326991283237396,2.1139165922839953,birge,0.05010179815083699,0.034885826806883465,102.05131574566714,3,27.142372673746863,50,1.0,1.1739130434782608,2420,0,df87d7b4,1.001,49.86666666666665,0.0471404520791004,0.4703595882051902,0.0004369037000013,64.03333333333333,0.0942809041582043,14.166666666666666,0.047140452079103,0.947,79.07,Scope_TrialNumber_0_50.00W_1.00Torr_1.17NitrogenFlow_2420.00MHz.csv,D:\Data\NafisaData\LAS_1.0Torr_SmallAdmixture_1kHzLaserFreq_N1.3_very_fine\LAS_DataFrame_df87d7b4_Laser_True_20260730_151502.csv,fcb3d25a
df87d7b4|Scope_TrialNumber_0_50.00W_1.00Torr_1.24NitrogenFlow_2420.00MHz.csv,0.355061456118521,0.0035448216018055213,0.0035448216018055213,0.0024482291934444533,0.6906494792847885,birge,0.004193405955858761,1.2611706298218068,0.013074088390205634,0.013074088390205634,0.011876454752406387,0.9083963942987836,birge,0.020340517531033747,0.01984744170649719,98.68896703758837,3,26.231810899328213,50,1.0,1.2391304347826086,2420,0,df87d7b4,1.0,49.66666666666666,0.5734883511361742,0.47830542798263,0.0052484761456758,64.39999999999999,0.3265986323710892,14.733333333333334,0.2494438257849293,0.98,79.0,Scope_TrialNumber_0_50.00W_1.00Torr_1.24NitrogenFlow_2420.00MHz.csv,D:\Data\NafisaData\LAS_1.0Torr_SmallAdmixture_1kHzLaserFreq_N1.3_very_fine\LAS_DataFrame_df87d7b4_Laser_True_20260730_151502.csv,fcb3d25a
df87d7b4|Scope_TrialNumber_0_50.00W_1.00Torr_1.30NitrogenFlow_2420.00MHz.csv,0.34529268250612555,0.007208113290010297,0.003416404114072359,0.007208113290010297,2.1098538256407307,birge,0.012739470708287019,1.2518318307382998,0.02873892365563465,0.012849121133483358,0.02873892365563465,2.2366450870125476,birge,0.050856854241619155,0.029835358816434687,95.3602086491871,3,24.763194010541653,50,1.0,1.3043478260869563,2420,0,df87d7b4,1.0,50.0,0.0816496580927766,0.4820113810426192,0.0023104081735699,65.13333333333333,0.1247219128924639,15.133333333333333,0.1699673171197594,1.034,78.96,Scope_TrialNumber_0_50.00W_1.00Torr_1.30NitrogenFlow_2420.00MHz.csv,D:\Data\NafisaData\LAS_1.0Torr_SmallAdmixture_1kHzLaserFreq_N1.3_very_fine\LAS_DataFrame_df87d7b4_Laser_True_20260730_151502.csv,fcb3d25a
df87d7b4|Scope_TrialNumber_0_50.00W_1.00Torr_1.37NitrogenFlow_2420.00MHz.csv,0.3395461930094732,0.0033419117332740577,0.0033419117332740577,0.002228967504617272,0.6669737810320805,birge,0.003893989086048152,1.241101265638172,0.018886274181321525,0.012750320631500982,0.018886274181321525,1.481239156814695,birge,0.03328355788103375,0.023364502696342708,95.48934934897521,3,24.93332020368398,50,1.0,1.3695652173913042,2420,0,df87d7b4,1.0,49.93333333333334,0.188561808316412,0.4922172373295836,0.0029126685010754,65.9,0.0,15.966666666666669,0.1885618083164137,1.097,78.89,Scope_TrialNumber_0_50.00W_1.00Torr_1.37NitrogenFlow_2420.00MHz.csv,D:\Data\NafisaData\LAS_1.0Torr_SmallAdmixture_1kHzLaserFreq_N1.3_very_fine\LAS_DataFrame_df87d7b4_Laser_True_20260730_151502.csv,fcb3d25a
df87d7b4|Scope_TrialNumber_0_50.00W_1.00Torr_1.43NitrogenFlow_2420.00MHz.csv,0.32114613706570333,0.0031774691262122373,0.0031774691262122373,0.0007935086919763873,0.24972978822371894,birge,0.0013795346522749911,1.2879346032767076,0.01315901537257629,0.01315901537257629,0.004005578137389229,0.30439801337544997,birge,0.00692057535699122,0.03943076651984341,86.59679536767071,3,20.62262160813386,50,1.0,1.434782608695652,2420,0,df87d7b4,1.0,49.96666666666667,0.1699673171197609,0.4959607518985124,0.0006354012291502,66.26666666666667,0.1699673171197609,16.3,0.0,1.155,78.84,Scope_TrialNumber_0_50.00W_1.00Torr_1.43NitrogenFlow_2420.00MHz.csv,D:\Data\NafisaData\LAS_1.0Torr_SmallAdmixture_1kHzLaserFreq_N1.3_very_fine\LAS_DataFrame_df87d7b4_Laser_True_20260730_151502.csv,fcb3d25a
df87d7b4|Scope_TrialNumber_0_50.00W_1.00Torr_1.50NitrogenFlow_2420.00MHz.csv,0.29081096123182154,0.003999378267115196,0.0029128975244019587,0.003999378267115196,1.3729896893425046,birge,0.007032529968241004,1.1947050797094283,0.01284995108702637,0.012493879047087306,0.01284995108702637,1.028499718830084,birge,0.022499199414749007,0.012255966395921537,86.55633210960598,3,20.513031351539546,50,1.0,1.5,2420,0,df87d7b4,0.999,50.06666666666666,0.1247219128924607,0.4971095883868839,0.0009890912853999,66.5,0.0816496580927679,16.433333333333334,0.0471404520791038,1.201,78.8,Scope_TrialNumber_0_50.00W_1.00Torr_1.50NitrogenFlow_2420.00MHz.csv,D:\Data\NafisaData\LAS_1.0Torr_SmallAdmixture_1kHzLaserFreq_N1.3_very_fine\LAS_DataFrame_df87d7b4_Laser_True_20260730_151502.csv,fcb3d25a
df87d7b4|Scope_TrialNumber_0_55.00W_1.00Torr_0.00NitrogenFlow_2420.00MHz.csv,0.3120552951231043,0.0032665905744084763,0.00226816517545223,0.0032665905744084763,1.4401907805313072,birge,0.00570678634631158,1.207589814729638,0.011898310076729786,0.008724066672793311,0.011898310076729786,1.363849053771632,birge,0.02082838502124746,0.04808945974345955,62.34749471540042,3,10.812937721657416,55,1.0,0.0,2420,0,df87d7b4,1.0019999999999998,54.96666666666667,0.0471404520790988,0.5700946381088018,0.0007533933320242,81.43333333333334,0.1699673171197563,26.46666666666667,0.1247219128924649,-0.005,80.02,Scope_TrialNumber_0_55.00W_1.00Torr_0.00NitrogenFlow_2420.00MHz.csv,D:\Data\NafisaData\LAS_1.0Torr_SmallAdmixture_1kHzLaserFreq_N1.3_very_fine\LAS_DataFrame_df87d7b4_Laser_True_20260730_151502.csv,fcb3d25a
df87d7b4|Scope_TrialNumber_0_55.00W_1.00Torr_0.07NitrogenFlow_2420.00MHz.csv,0.32384749284097225,0.01152036921104751,0.0027772131551806406,0.01152036921104751,4.148176091402023,birge,0.021681342446490812,1.2293820852125428,0.04357166392886481,0.010442397456031491,0.04357166392886481,4.17257283227598,birge,0.08205024999903884,0.044786953101789546,74.35219044654873,3,14.349726054680778,55,1.0,0.0652173913043478,2420,0,df87d7b4,1.0019999999999998,55.03333333333333,0.0471404520791055,0.5736998868526791,0.0009383507621218,82.03333333333335,0.1699673171197609,27.0,0.1414213562373098,0.046,79.96,Scope_TrialNumber_0_55.00W_1.00Torr_0.07NitrogenFlow_2420.00MHz.csv,D:\Data\NafisaData\LAS_1.0Torr_SmallAdmixture_1kHzLaserFreq_N1.3_very_fine\LAS_DataFrame_df87d7b4_Laser_True_20260730_151502.csv,fcb3d25a
df87d7b4|Scope_TrialNumber_0_55.00W_1.00Torr_0.13NitrogenFlow_2420.00MHz.csv,0.3052115094806664,0.0027963838690569236,0.0027963838690569236,0.0018660851600035262,0.6673208140886826,birge,0.0032078286681899264,1.1235315470544687,0.010272920707999678,0.010272920707999678,0.00800258594585735,0.7789981226688157,birge,0.013744358886319055,0.02613939306346762,81.98317772258692,3,18.056027250489905,55,1.0,0.1304347826086956,2420,0,df87d7b4,1.0019999999999998,55.0,0.2943920288775999,0.5711797344341457,0.0029231112728801,81.63333333333334,0.2054804667656331,26.633333333333336,0.2867441755680872,0.109,79.88,Scope_TrialNumber_0_55.00W_1.00Torr_0.13NitrogenFlow_2420.00MHz.csv,D:\Data\NafisaData\LAS_1.0Torr_SmallAdmixture_1kHzLaserFreq_N1.3_very_fine\LAS_DataFrame_df87d7b4_Laser_True_20260730_151502.csv,fcb3d25a
df87d7b4|Scope_TrialNumber_0_55.00W_1.00Torr_0.20NitrogenFlow_2420.00MHz.csv,0.32032311153840926,0.009752107693317958,0.002686644926315119,0.009752107693317958,3.6298461318048116,birge,0.017459358826262563,1.1639502569744409,0.03448563929090802,0.009731510077405687,0.03448563929090802,3.5437089430730477,birge,0.06154148458925548,0.03526461138235827,76.05603041358565,3,16.923132216782705,55,1.0,0.1956521739130434,2420,0,df87d7b4,1.0019999999999998,55.133333333333326,0.0471404520791055,0.558807507273467,0.0004659820629023,80.16666666666667,0.0471404520791071,25.03333333333333,0.0471404520791038,0.17,79.82,Scope_TrialNumber_0_55.00W_1.00Torr_0.20NitrogenFlow_2420.00MHz.csv,D:\Data\NafisaData\LAS_1.0Torr_SmallAdmixture_1kHzLaserFreq_N1.3_very_fine\LAS_DataFrame_df87d7b4_Laser_True_20260730_151502.csv,fcb3d25a
df87d7b4|Scope_TrialNumber_0_55.00W_1.00Torr_0.26NitrogenFlow_2420.00MHz.csv,0.32051419581045676,0.020928852396106656,0.0028519181965248183,0.020928852396106656,7.338517781333749,birge,0.03903391812117551,1.1533766454497925,0.0714467307135528,0.010206298888019983,0.0714467307135528,7.000258516573135,birge,0.13246163414582185,0.042413931738657894,81.09584614232394,3,17.91216809579377,55,1.0,0.2608695652173913,2420,0,df87d7b4,1.0019999999999998,55.0,0.0816496580927708,0.5525061014772233,0.0001912960926907,79.16666666666667,0.1247219128924639,24.166666666666668,0.0471404520791021,0.203,79.78,Scope_TrialNumber_0_55.00W_1.00Torr_0.26NitrogenFlow_2420.00MHz.csv,D:\Data\NafisaData\LAS_1.0Torr_SmallAdmixture_1kHzLaserFreq_N1.3_very_fine\LAS_DataFrame_df87d7b4_Laser_True_20260730_151502.csv,fcb3d25a
df87d7b4|Scope_TrialNumber_0_55.00W_1.00Torr_0.33NitrogenFlow_2420.00MHz.csv,0.3425993045532419,0.010724271404817645,0.0034485079709365867,0.010724271404817645,3.109829379894117,birge,0.02025640899035419,1.2158268254683997,0.039663067538676246,0.012153731517556833,0.039663067538676246,3.2634477305492915,birge,0.07499545759908194,0.032838348164411314,95.5577641640847,3,19.142875021289328,55,1.0,0.3260869565217391,2420,0,df87d7b4,1.001,54.93333333333334,0.0942809041582076,0.5390481043699514,0.0003283779703499,77.43333333333334,0.0942809041582076,22.5,0.0,0.26,79.74,Scope_TrialNumber_0_55.00W_1.00Torr_0.33NitrogenFlow_2420.00MHz.csv,D:\Data\NafisaData\LAS_1.0Torr_SmallAdmixture_1kHzLaserFreq_N1.3_very_fine\LAS_DataFrame_df87d7b4_Laser_True_20260730_151502.csv,fcb3d25a
df87d7b4|Scope_TrialNumber_0_55.00W_1.00Torr_0.39NitrogenFlow_2420.00MHz.csv,0.32187716053225957,0.006399569801038899,0.0030423287305578273,0.0063995698010389,2.103510293532778,birge,0.012095868146592742,1.1331917950913075,0.020432752612216786,0.010648250428065283,0.020432752612216786,1.9188835527724608,birge,0.038494223220248446,0.03175334821439518,88.77926940560354,3,19.570237849678403,55,1.0,0.3913043478260869,2420,0,df87d7b4,1.0019999999999998,55.13333333333333,0.0471404520791004,0.5331909544254189,0.000163089857999,77.03333333333333,0.0471404520791004,21.899999999999995,3.552713678800501e-15,0.308,79.68,Scope_TrialNumber_0_55.00W_1.00Torr_0.39NitrogenFlow_2420.00MHz.csv,D:\Data\NafisaData\LAS_1.0Torr_SmallAdmixture_1kHzLaserFreq_N1.3_very_fine\LAS_DataFrame_df87d7b4_Laser_True_20260730_151502.csv,fcb3d25a
df87d7b4|Scope_TrialNumber_0_55.00W_1.00Torr_0.46NitrogenFlow_2420.00MHz.csv,0.3500006337016706,0.0032908486831913254,0.0032908486831913254,0.0010296813860289737,0.31289235244643104,birge,0.0017987238692766722,1.221464318315936,0.01142655914330922,0.01142655914330922,0.0022307373136733143,0.1952238889849456,birge,0.0038893504168391597,0.029332774593703502,86.95611940907726,3,20.117359075242273,55,1.0,0.4565217391304347,2420,0,df87d7b4,1.001,55.03333333333334,0.1247219128924639,0.5231131042870031,0.000807825651883,75.76666666666667,0.0942809041582076,20.73333333333333,0.0471404520791038,0.36,79.62,Scope_TrialNumber_0_55.00W_1.00Torr_0.46NitrogenFlow_2420.00MHz.csv,D:\Data\NafisaData\LAS_1.0Torr_SmallAdmixture_1kHzLaserFreq_N1.3_very_fine\LAS_DataFrame_df87d7b4_Laser_True_20260730_151502.csv,fcb3d25a
df87d7b4|Scope_TrialNumber_0_55.00W_1.00Torr_0.52NitrogenFlow_2420.00MHz.csv,0.3503790760521478,0.009151109467825776,0.0033242254588134153,0.009151109467825776,2.7528546367286024,birge,0.01638389309436406,1.18193913064961,0.02166816521149488,0.011143696772139517,0.02166816521149488,1.94443241363743,birge,0.03838468032071223,0.029463617095915818,91.24749013887573,3,21.86279181333682,55,1.0,0.5217391304347826,2420,0,df87d7b4,1.001,54.76666666666666,1.0873004286866736,0.5258890277495593,0.0059780913548036,75.69999999999999,0.8981462390204998,20.933333333333334,0.2867441755680873,0.42,79.58,Scope_TrialNumber_0_55.00W_1.00Torr_0.52NitrogenFlow_2420.00MHz.csv,D:\Data\NafisaData\LAS_1.0Torr_SmallAdmixture_1kHzLaserFreq_N1.3_very_fine\LAS_DataFrame_df87d7b4_Laser_True_20260730_151502.csv,fcb3d25a
df87d7b4|Scope_TrialNumber_0_55.00W_1.00Torr_0.59NitrogenFlow_2420.00MHz.csv,0.3620292824730683,0.010559166290062408,0.003644598969651569,0.010559166290062408,2.8972093714529823,birge,0.018066714038553873,1.2643818148943067,0.035400240192832826,0.012594687466868317,0.035400240192832826,2.810727958590237,birge,0.06074948780940825,0.035403192355965216,94.30481999958658,3,22.964468730117495,55,1.0,0.5869565217391304,2420,0,df87d7b4,1.001,55.03333333333333,0.094280904158206,0.5338274131556152,0.0003753995914001,76.96666666666665,0.1247219128924639,21.933333333333334,0.0471404520791038,0.47,79.53,Scope_TrialNumber_0_55.00W_1.00Torr_0.59NitrogenFlow_2420.00MHz.csv,D:\Data\NafisaData\LAS_1.0Torr_SmallAdmixture_1kHzLaserFreq_N1.3_very_fine\LAS_DataFrame_df87d7b4_Laser_True_20260730_151502.csv,fcb3d25a
df87d7b4|Scope_TrialNumber_0_55.00W_1.00Torr_0.65NitrogenFlow_2420.00MHz.csv,0.3724432791644779,0.01617413213000094,0.0033885838508401563,0.01617413213000094,4.7731243616683035,birge,0.027074019969497626,1.263909097316998,0.05720987179665008,0.011373910286716853,0.05720987179665008,5.029921140090516,birge,0.09581885475432354,0.032630584659160376,85.78179689686034,3,19.869204944980073,55,1.0,0.6521739130434783,2420,0,df87d7b4,1.001,55.0,0.2943920288775967,0.5336548923294023,0.0017218360925853,76.89999999999999,0.2160246899469295,21.9,0.0816496580927723,0.525,79.48,Scope_TrialNumber_0_55.00W_1.00Torr_0.65NitrogenFlow_2420.00MHz.csv,D:\Data\NafisaData\LAS_1.0Torr_SmallAdmixture_1kHzLaserFreq_N1.3_very_fine\LAS_DataFrame_df87d7b4_Laser_True_20260730_151502.csv,fcb3d25a
df87d7b4|Scope_TrialNumber_0_55.00W_1.00Torr_0.72NitrogenFlow_2420.00MHz.csv,0.3667667823468495,0.00774154432326116,0.00400122048510553,0.00774154432326116,1.9347957334715538,birge,0.013927209803821936,1.2689752982879905,0.029472666640073468,0.013705525532287351,0.029472666640073468,2.150422219902625,birge,0.053010608292259634,0.04521062020857201,103.55205923374876,3,25.010977211540954,55,1.0,0.717391304347826,2420,0,df87d7b4,1.001,55.1,0.1414213562373081,0.5277133401513184,0.0009103880076228,76.36666666666667,0.0942809041582076,21.266666666666666,0.0471404520791038,0.582,79.44,Scope_TrialNumber_0_55.00W_1.00Torr_0.72NitrogenFlow_2420.00MHz.csv,D:\Data\NafisaData\LAS_1.0Torr_SmallAdmixture_1kHzLaserFreq_N1.3_very_fine\LAS_DataFrame_df87d7b4_Laser_True_20260730_151502.csv,fcb3d25a
df87d7b4|Scope_TrialNumber_0_55.00W_1.00Torr_0.78NitrogenFlow_2420.00MHz.csv,0.3517312026496027,0.005461803397464122,0.003774364009432373,0.005461803397464122,1.4470791327531558,birge,0.009551341690404839,1.2291814960399103,0.021525885619739043,0.013106816114081625,0.021525885619739043,1.6423428414939145,birge,0.037589978296807075,0.017596986328162922,100.17441440503104,3,25.035041444528247,55,1.0,0.7826086956521738,2420,0,df87d7b4,1.001,55.0,0.0,0.5192189455451474,0.0,75.3,0.0,20.3,0.0,0.621,79.37,Scope_TrialNumber_0_55.00W_1.00Torr_0.78NitrogenFlow_2420.00MHz.csv,D:\Data\NafisaData\LAS_1.0Torr_SmallAdmixture_1kHzLaserFreq_N1.3_very_fine\LAS_DataFrame_df87d7b4_Laser_True_20260730_151502.csv,fcb3d25a
df87d7b4|Scope_TrialNumber_0_55.00W_1.00Torr_0.85NitrogenFlow_2420.00MHz.csv,0.340997548853481,0.01644440543844283,0.003588398932504541,0.01644440543844283,4.582658101217685,birge,0.027878398190906,1.2259586881844744,0.05921719687234671,0.012772382550457399,0.059217196872346715,4.636346949240575,birge,0.1004899087276144,0.04061009232634976,96.47818985896156,3,24.252305395243305,55,1.0,0.8478260869565217,2420,0,df87d7b4,1.001,54.86666666666667,0.1247219128924664,0.5107731584637515,0.0008329992668642,74.23333333333333,0.0942809041582076,19.366666666666664,0.0471404520791021,0.679,79.32,Scope_TrialNumber_0_55.00W_1.00Torr_0.85NitrogenFlow_2420.00MHz.csv,D:\Data\NafisaData\LAS_1.0Torr_SmallAdmixture_1kHzLaserFreq_N1.3_very_fine\LAS_DataFrame_df87d7b4_Laser_True_20260730_151502.csv,fcb3d25a
df87d7b4|Scope_TrialNumber_0_55.00W_1.00Torr_0.91NitrogenFlow_2420.00MHz.csv,0.3682699880844485,0.0058831462601939746,0.00350478824130959,0.0058831462601939746,1.6786024875487753,birge,0.0100781756942731,1.2961723070409865,0.020212168212284408,0.012188240790998513,0.020212168212284408,1.6583335166147912,birge,0.03462310203586534,0.038583272151313276,88.1430706775136,3,20.589706550952638,55,1.0,0.9130434782608696,2420,0,df87d7b4,1.001,55.06666666666666,0.0471404520791055,0.5028183540412284,0.0004182813876199,73.7,0.0816496580927737,18.633333333333336,0.0471404520791021,0.73,79.25,Scope_TrialNumber_0_55.00W_1.00Torr_0.91NitrogenFlow_2420.00MHz.csv,D:\Data\NafisaData\LAS_1.0Torr_SmallAdmixture_1kHzLaserFreq_N1.3_very_fine\LAS_DataFrame_df87d7b4_Laser_True_20260730_151502.csv,fcb3d25a
df87d7b4|Scope_TrialNumber_0_55.00W_1.00Torr_0.98NitrogenFlow_2420.00MHz.csv,0.3635978146636331,0.005602126250224453,0.003419682197449903,0.005602126250224453,1.638200840534838,birge,0.009588418949457736,1.2783415448413569,0.019920216231185756,0.011894079507348122,0.019920216231185756,1.6748009981671228,birge,0.034132560575873105,0.03735357897574985,87.84094121225394,3,20.53841933031373,55,1.0,0.9782608695652174,2420,0,df87d7b4,1.001,54.96666666666667,0.0471404520791071,0.4956351884145651,0.0001603784665372,72.86666666666667,0.0471404520791071,17.9,0.0,0.776,79.23,Scope_TrialNumber_0_55.00W_1.00Torr_0.98NitrogenFlow_2420.00MHz.csv,D:\Data\NafisaData\LAS_1.0Torr_SmallAdmixture_1kHzLaserFreq_N1.3_very_fine\LAS_DataFrame_df87d7b4_Laser_True_20260730_151502.csv,fcb3d25a
df87d7b4|Scope_TrialNumber_0_55.00W_1.00Torr_1.04NitrogenFlow_2420.00MHz.csv,0.35173428880991653,0.003798296667209227,0.003694554693974606,0.003798296667209227,1.0280796961549419,birge,0.006643210775614244,1.2365019269136088,0.013492204325488952,0.013492204325488952,0.012795522841699603,0.9483641466596229,birge,0.022306718213513283,0.036578792360756895,107.92772213930432,3,31.121240797376664,55,1.0,1.0434782608695652,2420,0,df87d7b4,1.0,55.0,0.0,0.4884445697757878,0.000508248275779,72.23333333333333,0.0471404520791004,17.233333333333334,0.0471404520791038,0.832,79.19,Scope_TrialNumber_0_55.00W_1.00Torr_1.04NitrogenFlow_2420.00MHz.csv,D:\Data\NafisaData\LAS_1.0Torr_SmallAdmixture_1kHzLaserFreq_N1.3_very_fine\LAS_DataFrame_df87d7b4_Laser_True_20260730_151502.csv,fcb3d25a
df87d7b4|Scope_TrialNumber_0_55.00W_1.00Torr_1.11NitrogenFlow_2420.00MHz.csv,0.3525865185430886,0.007791865624283989,0.003750844537790454,0.0077918656242839885,2.0773629900625044,birge,0.013318678177747154,1.2575857103829438,0.028678359704447792,0.013891338589533524,0.02867835970444779,2.0644777693386294,birge,0.04900846090693208,0.051314375881094436,106.864928341977,3,30.882219006752727,55,1.0,1.108695652173913,2420,0,df87d7b4,1.0,54.93333333333334,0.1247219128924702,0.4779793781431241,0.0006140111001842,71.2,0.1414213562373148,16.266666666666666,0.0471404520791038,0.887,79.11,Scope_TrialNumber_0_55.00W_1.00Torr_1.11NitrogenFlow_2420.00MHz.csv,D:\Data\NafisaData\LAS_1.0Torr_SmallAdmixture_1kHzLaserFreq_N1.3_very_fine\LAS_DataFrame_df87d7b4_Laser_True_20260730_151502.csv,fcb3d25a
df87d7b4|Scope_TrialNumber_0_55.00W_1.00Torr_1.17NitrogenFlow_2420.00MHz.csv,0.3612577422740549,0.011645464826232117,0.00402289446642927,0.011645464826232117,2.8947974955377482,birge,0.01993734021211401,1.3226582483186389,0.0463504355834646,0.015207967049509979,0.0463504355834646,3.047773277820067,birge,0.0793037749395681,0.031500814319165585,109.64239370287187,3,31.448499683284904,55,1.0,1.1739130434782608,2420,0,df87d7b4,1.0,54.96666666666667,0.1247219128924633,0.4705689600267417,0.0006247160431799,70.60000000000001,0.1414213562373081,15.633333333333333,0.047140452079103,0.938,79.05,Scope_TrialNumber_0_55.00W_1.00Torr_1.17NitrogenFlow_2420.00MHz.csv,D:\Data\NafisaData\LAS_1.0Torr_SmallAdmixture_1kHzLaserFreq_N1.3_very_fine\LAS_DataFrame_df87d7b4_Laser_True_20260730_151502.csv,fcb3d25a
df87d7b4|Scope_TrialNumber_0_55.00W_1.00Torr_1.24NitrogenFlow_2420.00MHz.csv,0.3256370861443916,0.0035217954139270457,0.0035217954139270457,0.0005571093564306559,0.1581890175186072,birge,0.0009727283697800272,1.206082722963972,0.013610936239007915,0.013610936239007915,0.002959214876727329,0.21741449851527794,birge,0.005182195784729012,0.028925958601359134,106.53652574563175,3,30.232220346008496,55,1.0,1.2391304347826086,2420,0,df87d7b4,1.0,55.03333333333334,0.1247219128924658,0.4611776354156731,0.0009738976656321,69.89999999999999,0.0816496580927737,14.866666666666667,0.047140452079103,0.995,79.02,Scope_TrialNumber_0_55.00W_1.00Torr_1.24NitrogenFlow_2420.00MHz.csv,D:\Data\NafisaData\LAS_1.0Torr_SmallAdmixture_1kHzLaserFreq_N1.3_very_fine\LAS_DataFrame_df87d7b4_Laser_True_20260730_151502.csv,fcb3d25a
df87d7b4|Scope_TrialNumber_0_55.00W_1.00Torr_1.30NitrogenFlow_2420.00MHz.csv,0.3385956965925948,0.01422559020317851,0.0034369107920131075,0.01422559020317851,4.139062973713709,birge,0.023747210653841833,1.2711277016011728,0.05529278842258458,0.013412316833337098,0.05529278842258458,4.122538194531098,birge,0.09238261747841846,0.03918721295679663,98.03652302465753,3,25.810673916583635,55,1.0,1.3043478260869563,2420,0,df87d7b4,1.0,54.96666666666667,0.0942809041582026,0.4530996691935017,0.0010799949552356,69.16666666666667,0.1247219128924639,14.199999999999998,0.081649658092773,1.033,78.96,Scope_TrialNumber_0_55.00W_1.00Torr_1.30NitrogenFlow_2420.00MHz.csv,D:\Data\NafisaData\LAS_1.0Torr_SmallAdmixture_1kHzLaserFreq_N1.3_very_fine\LAS_DataFrame_df87d7b4_Laser_True_20260730_151502.csv,fcb3d25a
df87d7b4|Scope_TrialNumber_0_55.00W_1.00Torr_1.37NitrogenFlow_2420.00MHz.csv,0.34289876629057586,0.006249293691989241,0.0036192850402563485,0.006249293691989241,1.7266652453398952,birge,0.011110269290695555,1.2878022789514658,0.024299428037730737,0.014191707476849228,0.024299428037730737,1.7122272339230582,birge,0.0430995267127809,0.03172816255794395,103.55309725705149,3,28.82569633283168,55,1.0,1.3695652173913042,2420,0,df87d7b4,1.0,55.03333333333334,0.0471404520791004,0.4425054552648039,0.0001523547899516,68.43333333333334,0.0471404520791004,13.4,0.0,1.097,78.91,Scope_TrialNumber_0_55.00W_1.00Torr_1.37NitrogenFlow_2420.00MHz.csv,D:\Data\NafisaData\LAS_1.0Torr_SmallAdmixture_1kHzLaserFreq_N1.3_very_fine\LAS_DataFrame_df87d7b4_Laser_True_20260730_151502.csv,fcb3d25a
df87d7b4|Scope_TrialNumber_0_55.00W_1.00Torr_1.43NitrogenFlow_2420.00MHz.csv,0.31471811361692903,0.0030413897293870827,0.0030413897293870827,0.0028449643659241575,0.9354159180702862,birge,0.004992995845750837,1.172049434419234,0.011827844893229546,0.011827844893229546,0.011813838204836348,0.9988157869400861,birge,0.020742274978986702,0.02915297088878658,92.9352546666146,3,23.539173097109796,55,1.0,1.434782608695652,2420,0,df87d7b4,1.0,54.13333333333333,1.7987650084309426,0.4548660720304789,0.0182439762002804,68.26666666666667,0.8339997335464567,14.133333333333333,0.9672412085697938,1.149,78.86,Scope_TrialNumber_0_55.00W_1.00Torr_1.43NitrogenFlow_2420.00MHz.csv,D:\Data\NafisaData\LAS_1.0Torr_SmallAdmixture_1kHzLaserFreq_N1.3_very_fine\LAS_DataFrame_df87d7b4_Laser_True_20260730_151502.csv,fcb3d25a
df87d7b4|Scope_TrialNumber_0_55.00W_1.00Torr_1.50NitrogenFlow_2420.00MHz.csv,0.3392707296660573,0.006324818609672323,0.003122212698023069,0.0063248186096723225,2.0257487946535764,birge,0.010815911055941216,1.2636386348164785,0.02301977252770149,0.01211347390430001,0.02301977252770149,1.9003444189143786,birge,0.039465341095563836,0.022932747107434218,88.99188442941318,3,21.387638267160195,55,1.0,1.5,2420,0,df87d7b4,1.0,55.26666666666667,0.9428090415820634,0.4570160527082241,0.0119259626984763,69.86666666666667,0.2357022603955158,14.6,0.7071067811865476,1.208,78.79,Scope_TrialNumber_0_55.00W_1.00Torr_1.50NitrogenFlow_2420.00MHz.csv,D:\Data\NafisaData\LAS_1.0Torr_SmallAdmixture_1kHzLaserFreq_N1.3_very_fine\LAS_DataFrame_df87d7b4_Laser_True_20260730_151502.csv,fcb3d25a
df87d7b4|Scope_TrialNumber_0_60.00W_1.00Torr_0.00NitrogenFlow_2420.00MHz.csv,0.3165384727945316,0.012953920912066739,0.0030060192110373638,0.012953920912066739,4.3093273870317015,birge,0.023158696830620527,1.2697521260578866,0.05195869859808143,0.011970041918313329,0.05195869859808143,4.340728207358092,birge,0.0931907378727827,0.045299935689763,79.53285115016824,3,14.59223708893618,60,1.0,0.0,2420,0,df87d7b4,1.0019999999999998,60.13333333333333,0.3091206165165224,0.5915341422924288,0.000713248460573,92.5,0.3559026084010434,32.36666666666667,0.0471404520791038,-0.003,80.0,Scope_TrialNumber_0_60.00W_1.00Torr_0.00NitrogenFlow_2420.00MHz.csv,D:\Data\NafisaData\LAS_1.0Torr_SmallAdmixture_1kHzLaserFreq_N1.3_very_fine\LAS_DataFrame_df87d7b4_Laser_True_20260730_151502.csv,fcb3d25a
df87d7b4|Scope_TrialNumber_0_60.00W_1.00Torr_0.07NitrogenFlow_2420.00MHz.csv,0.33717563119210886,0.013536909127615529,0.0027666650120514668,0.013536909127615529,4.892861647018837,birge,0.023841945248485288,1.3247669780130558,0.05209362517852945,0.010745114048266599,0.05209362517852945,4.848122127371295,birge,0.09206733322398741,0.03481546184626056,68.80343946358475,3,11.724104910469489,60,1.0,0.0652173913043478,2420,0,df87d7b4,1.0019999999999998,60.0,0.1632993161855475,0.5943202070126291,0.0007750544717422,92.76666666666668,0.124721912892469,32.766666666666666,0.0471404520791004,0.044,79.94,Scope_TrialNumber_0_60.00W_1.00Torr_0.07NitrogenFlow_2420.00MHz.csv,D:\Data\NafisaData\LAS_1.0Torr_SmallAdmixture_1kHzLaserFreq_N1.3_very_fine\LAS_DataFrame_df87d7b4_Laser_True_20260730_151502.csv,fcb3d25a
df87d7b4|Scope_TrialNumber_0_60.00W_1.00Torr_0.13NitrogenFlow_2420.00MHz.csv,0.32111553861526254,0.002821054067612647,0.002821054067612647,0.0002791785973515443,0.09896251211796261,birge,0.000487463648671425,1.2142048265520782,0.010609396265685208,0.010609396265685208,0.0003057676854552329,0.028820460448272727,birge,0.0005341990878469922,0.03455598000598407,75.63895980699209,3,15.430754937309347,60,1.0,0.1304347826086956,2420,0,df87d7b4,1.0019999999999998,60.1,0.1632993161855504,0.5959436182100463,0.0013007335128957,93.2,0.0816496580927737,33.1,0.1414213562373115,0.093,79.91,Scope_TrialNumber_0_60.00W_1.00Torr_0.13NitrogenFlow_2420.00MHz.csv,D:\Data\NafisaData\LAS_1.0Torr_SmallAdmixture_1kHzLaserFreq_N1.3_very_fine\LAS_DataFrame_df87d7b4_Laser_True_20260730_151502.csv,fcb3d25a
df87d7b4|Scope_TrialNumber_0_60.00W_1.00Torr_0.20NitrogenFlow_2420.00MHz.csv,0.31096475621995506,0.007835738114472092,0.002884044193169044,0.007835738114472092,2.7169272000170115,birge,0.014447040133464768,1.1558342563440578,0.02695812257316875,0.010663593554776439,0.02695812257316875,2.5280523338301526,birge,0.0496520723116889,0.042180939403222456,81.66630813301433,3,16.65890605260765,60,1.0,0.1956521739130434,2420,0,df87d7b4,1.0019999999999998,59.96666666666667,0.0471404520791038,0.586641762603487,0.0001370817499707,91.43333333333334,0.0942809041582076,31.46666666666667,0.0471404520791038,0.159,79.86,Scope_TrialNumber_0_60.00W_1.00Torr_0.20NitrogenFlow_2420.00MHz.csv,D:\Data\NafisaData\LAS_1.0Torr_SmallAdmixture_1kHzLaserFreq_N1.3_very_fine\LAS_DataFrame_df87d7b4_Laser_True_20260730_151502.csv,fcb3d25a
df87d7b4|Scope_TrialNumber_0_60.00W_1.00Torr_0.26NitrogenFlow_2420.00MHz.csv,0.32455923387919056,0.011097572677479618,0.0029607695752011994,0.011097572677479618,3.74820545659163,birge,0.018805977082790304,1.2040820915101809,0.0422982128150823,0.010902891702972359,0.0422982128150823,3.879540764726748,birge,0.07174036288641852,0.020973438418097748,80.2171433936509,3,17.20691459555699,60,1.0,0.2608695652173913,2420,0,df87d7b4,1.001,60.1,0.0816496580927737,0.5814687712321605,0.0002614358664961,90.8,0.0816496580927737,30.7,0.0,0.209,79.77,Scope_TrialNumber_0_60.00W_1.00Torr_0.26NitrogenFlow_2420.00MHz.csv,D:\Data\NafisaData\LAS_1.0Torr_SmallAdmixture_1kHzLaserFreq_N1.3_very_fine\LAS_DataFrame_df87d7b4_Laser_True_20260730_151502.csv,fcb3d25a
df87d7b4|Scope_TrialNumber_0_60.00W_1.00Torr_0.33NitrogenFlow_2420.00MHz.csv,0.3267206667400148,0.004663678019866199,0.003285783149609319,0.004663678019866199,1.419350519349006,birge,0.00835854047077852,1.1989243831190521,0.017805999440512494,0.011975943034163135,0.017805999440512494,1.48681397278847,birge,0.03189126095262315,0.018009977093666134,90.23594138769268,3,20.827561630397323,60,1.0,0.3260869565217391,2420,0,df87d7b4,1.001,59.93333333333334,0.0471404520791021,0.5730199434521924,0.0006716295889533,89.23333333333333,0.0471404520791004,29.3,0.0816496580927723,0.254,79.76,Scope_TrialNumber_0_60.00W_1.00Torr_0.33NitrogenFlow_2420.00MHz.csv,D:\Data\NafisaData\LAS_1.0Torr_SmallAdmixture_1kHzLaserFreq_N1.3_very_fine\LAS_DataFrame_df87d7b4_Laser_True_20260730_151502.csv,fcb3d25a
df87d7b4|Scope_TrialNumber_0_60.00W_1.00Torr_0.39NitrogenFlow_2420.00MHz.csv,0.30821806074621705,0.004237665239952384,0.003073941681086558,0.004237665239952384,1.3785769801769565,birge,0.007239020687804195,1.135246250388831,0.015650968983852244,0.01120970716017586,0.015650968983852244,1.396197845333072,birge,0.026749889937536193,0.027674801974882823,86.82975201020304,3,20.298026482247106,60,1.0,0.3913043478260869,2420,0,df87d7b4,1.0019999999999998,59.900000000000006,0.1414213562373148,0.5675755972557934,0.0010909613949755,88.36666666666667,0.0471404520791071,28.46666666666667,0.0942809041582076,0.301,79.7,Scope_TrialNumber_0_60.00W_1.00Torr_0.39NitrogenFlow_2420.00MHz.csv,D:\Data\NafisaData\LAS_1.0Torr_SmallAdmixture_1kHzLaserFreq_N1.3_very_fine\LAS_DataFrame_df87d7b4_Laser_True_20260730_151502.csv,fcb3d25a
df87d7b4|Scope_TrialNumber_0_60.00W_1.00Torr_0.46NitrogenFlow_2420.00MHz.csv,0.31591391151516385,0.0034314445947361202,0.0034314445947361202,0.0008350188653906736,0.24334324577806188,birge,0.0014845302551959288,1.167667709819623,0.012622089844867374,0.012622089844867374,0.003412989076046313,0.270398097145075,birge,0.0060874564313248385,0.02664503452679704,96.67352140266371,3,23.854812261772285,60,1.0,0.4565217391304347,2420,0,df87d7b4,1.001,60.16666666666666,0.1699673171197595,0.5544074382758417,0.0011181226298331,86.86666666666667,0.0942809041582076,26.7,0.0816496580927723,0.361,79.64,Scope_TrialNumber_0_60.00W_1.00Torr_0.46NitrogenFlow_2420.00MHz.csv,D:\Data\NafisaData\LAS_1.0Torr_SmallAdmixture_1kHzLaserFreq_N1.3_very_fine\LAS_DataFrame_df87d7b4_Laser_True_20260730_151502.csv,fcb3d25a
df87d7b4|Scope_TrialNumber_0_60.00W_1.00Torr_0.52NitrogenFlow_2420.00MHz.csv,0.33295524679597,0.0066383677473077895,0.0036007928796833663,0.0066383677473077895,1.8435850017264894,birge,0.01292825140472001,1.223843287907308,0.023910071588589644,0.01315002990950448,0.023910071588589644,1.8182522589783696,birge,0.0466216751027044,0.024267540430691303,98.12524194419107,3,22.019411940020262,60,1.0,0.5217391304347826,2420,0,df87d7b4,1.001,59.9,0.2943920288775951,0.547190107877811,0.0015415278294189,85.5,0.2160246899469273,25.6,0.0816496580927723,0.419,79.57,Scope_TrialNumber_0_60.00W_1.00Torr_0.52NitrogenFlow_2420.00MHz.csv,D:\Data\NafisaData\LAS_1.0Torr_SmallAdmixture_1kHzLaserFreq_N1.3_very_fine\LAS_DataFrame_df87d7b4_Laser_True_20260730_151502.csv,fcb3d25a
df87d7b4|Scope_TrialNumber_0_60.00W_1.00Torr_0.59NitrogenFlow_2420.00MHz.csv,0.34551125140362,0.006240881029951658,0.003626040252903033,0.006240881029951658,1.721128447196681,birge,0.011726778889645023,1.2619272164013093,0.023466019002555998,0.013120434775906053,0.023466019002555998,1.788509253187878,birge,0.044127498430490866,0.054632190893102624,94.94405926014235,3,20.067014783653175,60,1.0,0.5869565217391304,2420,0,df87d7b4,1.001,60.16666666666666,0.169967317119753,0.5366265258431736,0.0012711224405648,84.5,0.0816496580927679,24.33333333333333,0.094280904158206,0.463,79.52,Scope_TrialNumber_0_60.00W_1.00Torr_0.59NitrogenFlow_2420.00MHz.csv,D:\Data\NafisaData\LAS_1.0Torr_SmallAdmixture_1kHzLaserFreq_N1.3_very_fine\LAS_DataFrame_df87d7b4_Laser_True_20260730_151502.csv,fcb3d25a
df87d7b4|Scope_TrialNumber_0_60.00W_1.00Torr_0.65NitrogenFlow_2420.00MHz.csv,0.34905131147568513,0.009056224005242846,0.003272809035362132,0.009056224005242846,2.767110426362162,birge,0.015420588682459031,1.2562116722880967,0.03225266588057801,0.01163515419390128,0.03225266588057801,2.772001586148611,birge,0.05489302387988604,0.02621983221149348,83.26177209817676,3,18.52214321762403,60,1.0,0.6521739130434783,2420,0,df87d7b4,1.001,60.0,0.0816496580927737,0.5269614981209073,0.0004676219005064,83.06666666666666,0.0942809041582076,23.066666666666663,0.0471404520791038,0.515,79.48,Scope_TrialNumber_0_60.00W_1.00Torr_0.65NitrogenFlow_2420.00MHz.csv,D:\Data\NafisaData\LAS_1.0Torr_SmallAdmixture_1kHzLaserFreq_N1.3_very_fine\LAS_DataFrame_df87d7b4_Laser_True_20260730_151502.csv,fcb3d25a
df87d7b4|Scope_TrialNumber_0_60.00W_1.00Torr_0.72NitrogenFlow_2420.00MHz.csv,0.36263948299307647,0.01149153079750731,0.00383414457420198,0.01149153079750731,2.99715636046382,birge,0.019757503230331888,1.2696580738702201,0.04088282174263128,0.013281552685351895,0.04088282174263128,3.0781658373211576,birge,0.07039012234852535,0.04189936009080699,98.47241676934466,3,24.363879806371447,60,1.0,0.717391304347826,2420,0,df87d7b4,1.001,59.86666666666667,0.1699673171197619,0.5226550129504819,0.0002277976115958,82.36666666666667,0.2494438257849329,22.5,0.0816496580927737,0.564,79.43,Scope_TrialNumber_0_60.00W_1.00Torr_0.72NitrogenFlow_2420.00MHz.csv,D:\Data\NafisaData\LAS_1.0Torr_SmallAdmixture_1kHzLaserFreq_N1.3_very_fine\LAS_DataFrame_df87d7b4_Laser_True_20260730_151502.csv,fcb3d25a
df87d7b4|Scope_TrialNumber_0_60.00W_1.00Torr_0.78NitrogenFlow_2420.00MHz.csv,0.3188867930265463,0.0030536969907780857,0.0030536969907780857,0.0012465864241161294,0.40822204294686676,birge,0.002177273808571913,1.1105491941602401,0.010581914970581875,0.010581914970581875,0.0024482525783258466,0.23136195907187704,birge,0.004265470282219096,0.026619774974709843,89.84090157918384,3,21.1362965676068,60,1.0,0.7826086956521738,2420,0,df87d7b4,1.001,59.333333333333336,0.4642796092394731,0.5307325981300008,0.0033907241803207,82.6,0.2449489742783212,23.26666666666667,0.2357022603955158,0.633,79.36,Scope_TrialNumber_0_60.00W_1.00Torr_0.78NitrogenFlow_2420.00MHz.csv,D:\Data\NafisaData\LAS_1.0Torr_SmallAdmixture_1kHzLaserFreq_N1.3_very_fine\LAS_DataFrame_df87d7b4_Laser_True_20260730_151502.csv,fcb3d25a
df87d7b4|Scope_TrialNumber_0_60.00W_1.00Torr_0.85NitrogenFlow_2420.00MHz.csv,0.33689736196340214,0.00381603263164554,0.003322347853221175,0.00381603263164554,1.1485951502476521,birge,0.007055015347804975,1.1722607451604663,0.017053446069160344,0.011451798415430101,0.017053446069160344,1.4891500400655506,birge,0.031476690428903636,0.042636682485458106,93.42295021136289,3,19.501538022198375,60,1.0,0.8478260869565217,2420,0,df87d7b4,1.001,59.93333333333334,0.1247219128924639,0.5344683581956282,0.0003967613955278,83.89999999999999,0.2160246899469295,23.96666666666667,0.0942809041582076,0.687,79.31,Scope_TrialNumber_0_60.00W_1.00Torr_0.85NitrogenFlow_2420.00MHz.csv,D:\Data\NafisaData\LAS_1.0Torr_SmallAdmixture_1kHzLaserFreq_N1.3_very_fine\LAS_DataFrame_df87d7b4_Laser_True_20260730_151502.csv,fcb3d25a
df87d7b4|Scope_TrialNumber_0_60.00W_1.00Torr_0.91NitrogenFlow_2420.00MHz.csv,0.33085937788320174,0.01039266973918935,0.003170521982889924,0.01039266973918935,3.277904961793217,birge,0.019064778299404547,1.1798671396887466,0.03274013714563801,0.01118766611027955,0.03274013714563801,2.9264492542868643,birge,0.05963892102212222,0.03991548646726923,86.73070951089473,3,19.352304139453754,60,1.0,0.9130434782608696,2420,0,df87d7b4,1.001,59.93333333333334,0.1247219128924633,0.5312585190854272,0.0004959401501819,83.50000000000001,0.1414213562373081,23.566666666666663,0.0471404520791038,0.72,79.26,Scope_TrialNumber_0_60.00W_1.00Torr_0.91NitrogenFlow_2420.00MHz.csv,D:\Data\NafisaData\LAS_1.0Torr_SmallAdmixture_1kHzLaserFreq_N1.3_very_fine\LAS_DataFrame_df87d7b4_Laser_True_20260730_151502.csv,fcb3d25a
df87d7b4|Scope_TrialNumber_0_60.00W_1.00Torr_0.98NitrogenFlow_2420.00MHz.csv,0.3347388789911537,0.004867683122136408,0.003181018430825111,0.004867683122136408,1.5302278902149586,birge,0.008936733439218258,1.187069058035384,0.015741140860232296,0.011168161337870746,0.015741140860232296,1.4094657467791745,birge,0.028830788033257188,0.02012873974116137,87.31275071189366,3,18.996483093139,60,1.0,0.9782608695652174,2420,0,df87d7b4,1.0,60.03333333333334,0.1247219128924639,0.5257518811052275,0.0005489777787643,82.96666666666665,0.2054804667656324,22.933333333333334,0.094280904158206,0.771,79.23,Scope_TrialNumber_0_60.00W_1.00Torr_0.98NitrogenFlow_2420.00MHz.csv,D:\Data\NafisaData\LAS_1.0Torr_SmallAdmixture_1kHzLaserFreq_N1.3_very_fine\LAS_DataFrame_df87d7b4_Laser_True_20260730_151502.csv,fcb3d25a
df87d7b4|Scope_TrialNumber_0_60.00W_1.00Torr_1.04NitrogenFlow_2420.00MHz.csv,0.35981789886839227,0.00525434346107878,0.0039156478277314844,0.00525434346107878,1.3418835636510404,birge,0.009296376388113438,1.2727180199182644,0.016892402896831353,0.014369274541048051,0.016892402896831353,1.1755919095689622,birge,0.02997971585363789,0.0451929677781884,111.5109623160946,3,30.86409734307695,60,1.0,1.0434782608695652,2420,0,df87d7b4,1.0,60.06666666666666,0.0471404520791038,0.5197590868655858,0.0003518947904737,82.30000000000001,0.0816496580927737,22.23333333333333,0.0471404520791038,0.828,79.18,Scope_TrialNumber_0_60.00W_1.00Torr_1.04NitrogenFlow_2420.00MHz.csv,D:\Data\NafisaData\LAS_1.0Torr_SmallAdmixture_1kHzLaserFreq_N1.3_very_fine\LAS_DataFrame_df87d7b4_Laser_True_20260730_151502.csv,fcb3d25a
df87d7b4|Scope_TrialNumber_0_60.00W_1.00Torr_1.11NitrogenFlow_2420.00MHz.csv,0.35425887012779317,0.0038977629022815506,0.0038977629022815506,0.003400138619758351,0.8723307971780644,birge,0.005890783390461962,1.2701179241335696,0.014468883227528645,0.014468883227528645,0.012524980538308752,0.8656494313589176,birge,0.021707600830455177,0.020037284796636686,110.72633883756508,3,31.744516016638954,60,1.0,1.108695652173913,2420,0,df87d7b4,1.0,59.96666666666667,0.0471404520791021,0.5119559349796066,0.0007392778139488,81.26666666666667,0.0942809041582076,21.3,0.0816496580927723,0.894,79.11,Scope_TrialNumber_0_60.00W_1.00Torr_1.11NitrogenFlow_2420.00MHz.csv,D:\Data\NafisaData\LAS_1.0Torr_SmallAdmixture_1kHzLaserFreq_N1.3_very_fine\LAS_DataFrame_df87d7b4_Laser_True_20260730_151502.csv,fcb3d25a
df87d7b4|Scope_TrialNumber_0_60.00W_1.00Torr_1.17NitrogenFlow_2420.00MHz.csv,0.3149523005421282,0.011366365842171787,0.003241566606574256,0.011366365842171787,3.5064421687709695,birge,0.021402459959306543,1.1411157385631383,0.04076410092865595,0.012160322339078223,0.04076410092865595,3.3522220704345203,birge,0.07693685923920683,0.04460710449963179,101.8278810030401,3,26.60211068563043,60,1.0,1.1739130434782608,2420,0,df87d7b4,1.0,59.93333333333334,0.0471404520791004,0.5048460386530834,0.0001478943933114,80.43333333333334,0.0471404520791004,20.5,0.0,0.935,79.05,Scope_TrialNumber_0_60.00W_1.00Torr_1.17NitrogenFlow_2420.00MHz.csv,D:\Data\NafisaData\LAS_1.0Torr_SmallAdmixture_1kHzLaserFreq_N1.3_very_fine\LAS_DataFrame_df87d7b4_Laser_True_20260730_151502.csv,fcb3d25a
df87d7b4|Scope_TrialNumber_0_60.00W_1.00Torr_1.24NitrogenFlow_2420.00MHz.csv,0.3258334101523142,0.00743286008712828,0.003620573203667501,0.007432860087128281,2.0529511955728665,birge,0.01264295920072413,1.2177283877120277,0.028030380225372444,0.014067205671305602,0.028030380225372444,1.9926047063169792,birge,0.04769402344800554,0.04649493933533527,106.073073813679,3,30.76816953497963,60,1.0,1.2391304347826086,2420,0,df87d7b4,1.0,59.93333333333334,0.1247219128924639,0.4992692331155306,0.0003898249936015,79.83333333333333,0.1247219128924639,19.9,0.0,0.988,79.02,Scope_TrialNumber_0_60.00W_1.00Torr_1.24NitrogenFlow_2420.00MHz.csv,D:\Data\NafisaData\LAS_1.0Torr_SmallAdmixture_1kHzLaserFreq_N1.3_very_fine\LAS_DataFrame_df87d7b4_Laser_True_20260730_151502.csv,fcb3d25a
df87d7b4|Scope_TrialNumber_0_60.00W_1.00Torr_1.30NitrogenFlow_2420.00MHz.csv,0.3465133075173499,0.003487469479383096,0.003487469479383096,0.0011833010376619641,0.33930075794420433,birge,0.00206012754627324,1.2985346522584396,0.013525175863320266,0.013525175863320266,0.004291294005337491,0.3172819376770773,birge,0.007479164834587341,0.022053890049163128,96.24476915330688,3,25.136401763837547,60,1.0,1.3043478260869563,2420,0,df87d7b4,1.0,59.96666666666666,0.2494438257849279,0.4918213839191408,0.0016709553792702,79.1,0.1632993161855417,19.133333333333336,0.094280904158206,1.034,78.97,Scope_TrialNumber_0_60.00W_1.00Torr_1.30NitrogenFlow_2420.00MHz.csv,D:\Data\NafisaData\LAS_1.0Torr_SmallAdmixture_1kHzLaserFreq_N1.3_very_fine\LAS_DataFrame_df87d7b4_Laser_True_20260730_151502.csv,fcb3d25a
df87d7b4|Scope_TrialNumber_0_60.00W_1.00Torr_1.37NitrogenFlow_2420.00MHz.csv,0.34152979852215043,0.00335916755685241,0.00335916755685241,0.002201573706567627,0.6553926439532938,birge,0.0038861285522514546,1.2678629368785643,0.012964926749883606,0.012964926749883606,0.009288690136226185,0.7164475600534785,birge,0.016409223332850376,0.026797114517780194,95.46068619144226,3,24.290287580286897,60,1.0,1.3695652173913042,2420,0,df87d7b4,1.0,59.96666666666666,0.0471404520791071,0.4828688842547335,0.0004246191695218,78.2,0.0816496580927737,18.23333333333333,0.0471404520791038,1.105,78.9,Scope_TrialNumber_0_60.00W_1.00Torr_1.37NitrogenFlow_2420.00MHz.csv,D:\Data\NafisaData\LAS_1.0Torr_SmallAdmixture_1kHzLaserFreq_N1.3_very_fine\LAS_DataFrame_df87d7b4_Laser_True_20260730_151502.csv,fcb3d25a
df87d7b4|Scope_TrialNumber_0_60.00W_1.00Torr_1.43NitrogenFlow_2420.00MHz.csv,0.34060341409044026,0.003198290329479244,0.003198290329479244,0.0018648991167495232,0.5830925040045292,birge,0.003228527296056579,1.2775703624864534,0.01241907635412739,0.01241907635412739,0.004403955084433659,0.3546121272513182,birge,0.007647187950785616,0.03782694103077193,89.66805250841719,3,21.97772655588587,60,1.0,1.434782608695652,2420,0,df87d7b4,1.0,59.96666666666667,0.1247219128924658,0.4766903992777118,0.0008634633996155,77.6,0.0816496580927737,17.633333333333333,0.0471404520791021,1.154,78.84,Scope_TrialNumber_0_60.00W_1.00Torr_1.43NitrogenFlow_2420.00MHz.csv,D:\Data\NafisaData\LAS_1.0Torr_SmallAdmixture_1kHzLaserFreq_N1.3_very_fine\LAS_DataFrame_df87d7b4_Laser_True_20260730_151502.csv,fcb3d25a
df87d7b4|Scope_TrialNumber_0_60.00W_1.00Torr_1.50NitrogenFlow_2420.00MHz.csv,0.3367185219302335,0.003100556560403332,0.003100556560403332,0.0029216326202383507,0.9422929604155629,birge,0.00516135589692689,1.2613471129579181,0.012045013682383632,0.012045013682383632,0.010965787240713712,0.910400563243167,birge,0.01939220305436525,0.024933070453022604,88.31324564414228,3,21.262428420086326,60,1.0,1.5,2420,0,df87d7b4,1.0,60.06666666666666,0.1247219128924607,0.4689493157705895,0.0008768575368933,77.0,0.0816496580927679,16.933333333333334,0.0471404520791038,1.198,78.78,Scope_TrialNumber_0_60.00W_1.00Torr_1.50NitrogenFlow_2420.00MHz.csv,D:\Data\NafisaData\LAS_1.0Torr_SmallAdmixture_1kHzLaserFreq_N1.3_very_fine\LAS_DataFrame_df87d7b4_Laser_True_20260730_151502.csv,fcb3d25a
df87d7b4|Scope_TrialNumber_0_65.00W_1.00Torr_0.00NitrogenFlow_2420.00MHz.csv,0.2552459253708108,0.0073528929899580086,0.002307341526827835,0.007352892989958008,3.186738029227458,birge,0.01455070873676279,1.0727097017794138,0.030534262585922078,0.009686390351688346,0.030534262585922078,3.1522849562427484,birge,0.06032907696889792,0.0346643705981138,72.66158039095298,3,13.554241167288039,65,1.0,0.0,2420,0,df87d7b4,1.0019999999999998,65.1,0.0,0.6014687904474786,0.0,102.0,0.0,36.9,0.0,0.008,79.98,Scope_TrialNumber_0_65.00W_1.00Torr_0.00NitrogenFlow_2420.00MHz.csv,D:\Data\NafisaData\LAS_1.0Torr_SmallAdmixture_1kHzLaserFreq_N1.3_very_fine\LAS_DataFrame_df87d7b4_Laser_True_20260730_151502.csv,fcb3d25a
df87d7b4|Scope_TrialNumber_0_65.00W_1.00Torr_0.07NitrogenFlow_2420.00MHz.csv,0.2789333914753995,0.00307079662803468,0.0024330140965889407,0.00307079662803468,1.2621368007443539,birge,0.005365813306568348,1.1430756975294265,0.01242797904046534,0.009914999261410243,0.01242797904046534,1.25345234152823,birge,0.021744185649773953,0.02933104809506278,70.15192719926587,3,13.632118672776674,65,1.0,0.0652173913043478,2420,0,df87d7b4,1.0019999999999998,65.06666666666666,0.0942809041582076,0.6041483101267758,0.0010041889022285,102.46666666666664,0.0471404520791004,37.4,0.1414213562373081,0.044,79.93,Scope_TrialNumber_0_65.00W_1.00Torr_0.07NitrogenFlow_2420.00MHz.csv,D:\Data\NafisaData\LAS_1.0Torr_SmallAdmixture_1kHzLaserFreq_N1.3_very_fine\LAS_DataFrame_df87d7b4_Laser_True_20260730_151502.csv,fcb3d25a
df87d7b4|Scope_TrialNumber_0_65.00W_1.00Torr_0.13NitrogenFlow_2420.00MHz.csv,0.29614412332100304,0.0026119420397471772,0.0026119420397471772,0.0020550871164016927,0.7868042571881169,birge,0.0036818415595015874,1.1785445635087488,0.0103357358917601,0.0103357358917601,0.004976556017610633,0.481490246047992,birge,0.00887409150144333,0.03480959497842222,72.42367326093195,3,13.880666362558834,65,1.0,0.1304347826086956,2420,0,df87d7b4,1.0019999999999998,64.83333333333333,0.3091206165165192,0.6115524854677861,0.0011452009259944,103.56666666666666,0.2624669291337254,38.73333333333333,0.0471404520791004,0.098,79.9,Scope_TrialNumber_0_65.00W_1.00Torr_0.13NitrogenFlow_2420.00MHz.csv,D:\Data\NafisaData\LAS_1.0Torr_SmallAdmixture_1kHzLaserFreq_N1.3_very_fine\LAS_DataFrame_df87d7b4_Laser_True_20260730_151502.csv,fcb3d25a
df87d7b4|Scope_TrialNumber_0_65.00W_1.00Torr_0.20NitrogenFlow_2420.00MHz.csv,0.31581133790038896,0.00921106053262302,0.003142263917903886,0.00921106053262302,2.931345289025708,birge,0.0166253610275474,1.2099537023859417,0.03642966284070349,0.01200792923679385,0.03642966284070349,3.0338005931179444,birge,0.06566656542906113,0.02456878122274451,86.37084856115122,3,20.45697925290247,65,1.0,0.1956521739130434,2420,0,df87d7b4,1.001,64.89999999999999,0.1414213562373081,0.608363338463972,0.0008151315400017,103.03333333333336,0.1699673171197609,38.13333333333333,0.1247219128924633,0.16,79.85,Scope_TrialNumber_0_65.00W_1.00Torr_0.20NitrogenFlow_2420.00MHz.csv,D:\Data\NafisaData\LAS_1.0Torr_SmallAdmixture_1kHzLaserFreq_N1.3_very_fine\LAS_DataFrame_df87d7b4_Laser_True_20260730_151502.csv,fcb3d25a
df87d7b4|Scope_TrialNumber_0_65.00W_1.00Torr_0.26NitrogenFlow_2420.00MHz.csv,0.34664630261012214,0.007479846447839427,0.0032463929087471013,0.007479846447839426,2.3040484186882253,birge,0.01317218015995179,1.299758898517223,0.028759158707967258,0.012090963389266343,0.028759158707967254,2.378566354232614,birge,0.05076647110454001,0.026665254653734576,82.85583450612089,3,16.948397021783748,65,1.0,0.2608695652173913,2420,0,df87d7b4,1.001,64.86666666666667,0.1247219128924639,0.6025034911264733,0.0008918306304556,101.83333333333331,0.1247219128924639,36.96666666666666,0.1247219128924664,0.208,79.8,Scope_TrialNumber_0_65.00W_1.00Torr_0.26NitrogenFlow_2420.00MHz.csv,D:\Data\NafisaData\LAS_1.0Torr_SmallAdmixture_1kHzLaserFreq_N1.3_very_fine\LAS_DataFrame_df87d7b4_Laser_True_20260730_151502.csv,fcb3d25a
df87d7b4|Scope_TrialNumber_0_65.00W_1.00Torr_0.33NitrogenFlow_2420.00MHz.csv,0.32328277849620224,0.006600057073824146,0.003204739114274837,0.006600057073824146,2.0594678189015694,birge,0.012665100159995548,1.2109675427662685,0.024669389575072278,0.011942004114587457,0.024669389575072274,2.065766293359253,birge,0.04737720167497903,0.05395202838805399,88.10264757399428,3,18.647521776271837,65,1.0,0.3260869565217391,2420,0,df87d7b4,1.001,65.06666666666666,0.1885618083164086,0.5935942922147303,0.0004898696871944,100.46666666666664,0.3399346342395173,35.400000000000006,0.1632993161855446,0.267,79.73,Scope_TrialNumber_0_65.00W_1.00Torr_0.33NitrogenFlow_2420.00MHz.csv,D:\Data\NafisaData\LAS_1.0Torr_SmallAdmixture_1kHzLaserFreq_N1.3_very_fine\LAS_DataFrame_df87d7b4_Laser_True_20260730_151502.csv,fcb3d25a
df87d7b4|Scope_TrialNumber_0_65.00W_1.00Torr_0.39NitrogenFlow_2420.00MHz.csv,0.3241678668474687,0.0032834912972264955,0.0032834912972264955,0.003170019253150925,0.9654416492069225,birge,0.0057103682608263505,1.2085732549554264,0.012088908954937506,0.012088908954937506,0.01043618561608203,0.8632859801479066,birge,0.01874339048037328,0.027234723689988968,88.42279946523901,3,20.350825893017088,65,1.0,0.3913043478260869,2420,0,df87d7b4,1.001,65.0,0.2943920288775974,0.591972806403385,0.0018870310863221,100.06666666666666,0.1247219128924626,35.06666666666667,0.1885618083164153,0.309,79.7,Scope_TrialNumber_0_65.00W_1.00Torr_0.39NitrogenFlow_2420.00MHz.csv,D:\Data\NafisaData\LAS_1.0Torr_SmallAdmixture_1kHzLaserFreq_N1.3_very_fine\LAS_DataFrame_df87d7b4_Laser_True_20260730_151502.csv,fcb3d25a
df87d7b4|Scope_TrialNumber_0_65.00W_1.00Torr_0.46NitrogenFlow_2420.00MHz.csv,0.33422320147207357,0.006401041264593218,0.0033491024349290677,0.006401041264593218,1.9112706729523454,birge,0.011228612449152225,1.2629662410748912,0.025016652310989897,0.012496338668265638,0.025016652310989897,2.001918559915434,birge,0.04388305683421604,0.03133128477473703,86.52344279599527,3,18.76531375709355,65,1.0,0.4565217391304347,2420,0,df87d7b4,1.001,65.13333333333333,0.0942809041582009,0.5827875526174167,0.000545757666583,98.63333333333333,0.1247219128924639,33.5,0.0816496580927737,0.371,79.64,Scope_TrialNumber_0_65.00W_1.00Torr_0.46NitrogenFlow_2420.00MHz.csv,D:\Data\NafisaData\LAS_1.0Torr_SmallAdmixture_1kHzLaserFreq_N1.3_very_fine\LAS_DataFrame_df87d7b4_Laser_True_20260730_151502.csv,fcb3d25a
df87d7b4|Scope_TrialNumber_0_65.00W_1.00Torr_0.52NitrogenFlow_2420.00MHz.csv,0.3244983347582968,0.022609856271813847,0.00359005101429456,0.022609856271813847,6.297920609425282,birge,0.05311471205938353,1.226021863699131,0.08560801629006408,0.013339616174024613,0.08560801629006408,6.417577175628421,birge,0.19623795563991034,0.029069596595668535,96.91812489717188,3,20.782443568953372,65,1.0,0.5217391304347826,2420,0,df87d7b4,1.001,65.03333333333333,0.0471404520791004,0.5770539640258551,0.0004190387812057,97.5,0.0,32.46666666666667,0.0471404520791038,0.425,79.59,Scope_TrialNumber_0_65.00W_1.00Torr_0.52NitrogenFlow_2420.00MHz.csv,D:\Data\NafisaData\LAS_1.0Torr_SmallAdmixture_1kHzLaserFreq_N1.3_very_fine\LAS_DataFrame_df87d7b4_Laser_True_20260730_151502.csv,fcb3d25a
df87d7b4|Scope_TrialNumber_0_65.00W_1.00Torr_0.59NitrogenFlow_2420.00MHz.csv,0.3321617016594497,0.005982844821015161,0.003139277623582387,0.005982844821015161,1.9058030344534604,birge,0.010780899975365231,1.2506321564116119,0.02421577675387202,0.011713187806773391,0.024215776753872018,2.067394218665968,birge,0.043588146169580906,0.030920430559909232,81.11803226449597,3,17.61281761351635,65,1.0,0.5869565217391304,2420,0,df87d7b4,1.001,64.83333333333333,0.0471404520791038,0.5695770477502039,0.0003808657721996,95.96666666666664,0.0471404520791004,31.133333333333336,0.0471404520791021,0.477,79.52,Scope_TrialNumber_0_65.00W_1.00Torr_0.59NitrogenFlow_2420.00MHz.csv,D:\Data\NafisaData\LAS_1.0Torr_SmallAdmixture_1kHzLaserFreq_N1.3_very_fine\LAS_DataFrame_df87d7b4_Laser_True_20260730_151502.csv,fcb3d25a
df87d7b4|Scope_TrialNumber_0_65.00W_1.00Torr_0.65NitrogenFlow_2420.00MHz.csv,0.31857151226678765,0.012816543135684972,0.0033747081120101127,0.012816543135684972,3.797822718377537,birge,0.024125966452173714,1.194084174230658,0.04712640709953746,0.012514211899051553,0.04712640709953746,3.765830999162572,birge,0.08829244246438873,0.028254704470444942,91.81807561329161,3,21.125581827009583,65,1.0,0.6521739130434783,2420,0,df87d7b4,1.001,65.03333333333335,0.0471404520791071,0.5601364710576687,0.0001652658454397,94.76666666666668,0.0942809041582076,29.73333333333333,0.0471404520791038,0.516,79.47,Scope_TrialNumber_0_65.00W_1.00Torr_0.65NitrogenFlow_2420.00MHz.csv,D:\Data\NafisaData\LAS_1.0Torr_SmallAdmixture_1kHzLaserFreq_N1.3_very_fine\LAS_DataFrame_df87d7b4_Laser_True_20260730_151502.csv,fcb3d25a
df87d7b4|Scope_TrialNumber_0_65.00W_1.00Torr_0.72NitrogenFlow_2420.00MHz.csv,0.3257270781121795,0.0032882843063027378,0.0032882843063027378,0.000527661424880776,0.16046709339256157,birge,0.000928176404595263,1.211867488125129,0.012165580486054662,0.012165580486054662,0.0018739531053145206,0.15403729460033763,birge,0.0032937891868798784,0.027600731008598563,89.27306160327991,3,20.815918501365125,65,1.0,0.717391304347826,2420,0,df87d7b4,1.001,65.06666666666666,0.1699673171197675,0.5530213947650001,0.0008111128979388,93.73333333333332,0.124721912892469,28.666666666666668,0.0471404520791021,0.562,79.43,Scope_TrialNumber_0_65.00W_1.00Torr_0.72NitrogenFlow_2420.00MHz.csv,D:\Data\NafisaData\LAS_1.0Torr_SmallAdmixture_1kHzLaserFreq_N1.3_very_fine\LAS_DataFrame_df87d7b4_Laser_True_20260730_151502.csv,fcb3d25a
df87d7b4|Scope_TrialNumber_0_65.00W_1.00Torr_0.78NitrogenFlow_2420.00MHz.csv,0.30771139532158015,0.003030633853184301,0.003030633853184301,0.0009746459243587821,0.32159804568101064,birge,0.0016786054671649282,1.1389640311980234,0.011142868754444098,0.011142868754444098,0.0005279777724679545,0.04738257123035589,birge,0.0009068645955264278,0.04292636915283081,85.9083861093798,3,19.64583676846409,65,1.0,0.7826086956521738,2420,0,df87d7b4,1.001,65.06666666666668,0.1247219128924626,0.5415396708551489,0.0004370312356845,92.06666666666666,0.1885618083164153,27.0,0.0816496580927737,0.626,79.37,Scope_TrialNumber_0_65.00W_1.00Torr_0.78NitrogenFlow_2420.00MHz.csv,D:\Data\NafisaData\LAS_1.0Torr_SmallAdmixture_1kHzLaserFreq_N1.3_very_fine\LAS_DataFrame_df87d7b4_Laser_True_20260730_151502.csv,fcb3d25a
df87d7b4|Scope_TrialNumber_0_65.00W_1.00Torr_0.85NitrogenFlow_2420.00MHz.csv,0.3144760524581068,0.005000567056802087,0.003040427938804708,0.005000567056802087,1.6446918517555704,birge,0.008579022125297188,1.161146435611361,0.02149492340570105,0.011080026931150663,0.02149492340570105,1.9399703213057804,birge,0.03680498033691676,0.03968440265845615,83.04011452993261,3,18.114748093129553,65,1.0,0.8478260869565217,2420,0,df87d7b4,1.001,64.93333333333334,0.0942809041582009,0.5339830008670429,0.0002772778523708,90.83333333333331,0.0942809041582076,25.899999999999995,3.552713678800501e-15,0.675,79.32,Scope_TrialNumber_0_65.00W_1.00Torr_0.85NitrogenFlow_2420.00MHz.csv,D:\Data\NafisaData\LAS_1.0Torr_SmallAdmixture_1kHzLaserFreq_N1.3_very_fine\LAS_DataFrame_df87d7b4_Laser_True_20260730_151502.csv,fcb3d25a
df87d7b4|Scope_TrialNumber_0_65.00W_1.00Torr_0.91NitrogenFlow_2420.00MHz.csv,0.34011446965429126,0.0037839687923385363,0.0037839687923385363,0.0014117758398745342,0.37309394378013366,birge,0.002433663580295093,1.2307302998756786,0.013594299012072356,0.013594299012072356,0.008216985110873066,0.6044434585097774,birge,0.014157505411465546,0.018502041346762654,101.7740121526362,3,27.80769136447557,65,1.0,0.9130434782608696,2420,0,df87d7b4,1.001,65.06666666666666,0.1247219128924576,0.5258337410718431,0.0001202832082873,89.93333333333334,0.1699673171197563,24.866666666666664,0.0471404520791021,0.719,79.28,Scope_TrialNumber_0_65.00W_1.00Torr_0.91NitrogenFlow_2420.00MHz.csv,D:\Data\NafisaData\LAS_1.0Torr_SmallAdmixture_1kHzLaserFreq_N1.3_very_fine\LAS_DataFrame_df87d7b4_Laser_True_20260730_151502.csv,fcb3d25a
df87d7b4|Scope_TrialNumber_0_65.00W_1.00Torr_0.98NitrogenFlow_2420.00MHz.csv,0.36549895101298646,0.003981501058623323,0.003426985009950003,0.003981501058623323,1.1618087173020375,birge,0.00805968309131135,1.2794446963636126,0.011979119987066819,0.011979119987066819,0.006162091987179184,0.5144027268974722,birge,0.012604236937711623,0.030357559967456208,93.94080423604935,3,17.33385574418786,65,1.0,0.9782608695652174,2420,0,df87d7b4,1.001,65.06666666666668,0.0471404520791038,0.5217131810519412,0.0003216504881401,89.39999999999999,0.0816496580927737,24.33333333333333,0.0471404520791021,0.785,79.2,Scope_TrialNumber_0_65.00W_1.00Torr_0.98NitrogenFlow_2420.00MHz.csv,D:\Data\NafisaData\LAS_1.0Torr_SmallAdmixture_1kHzLaserFreq_N1.3_very_fine\LAS_DataFrame_df87d7b4_Laser_True_20260730_151502.csv,fcb3d25a
df87d7b4|Scope_TrialNumber_0_65.00W_1.00Torr_1.04NitrogenFlow_2420.00MHz.csv,0.36356244613742666,0.00363540240912706,0.00363540240912706,0.0035215501519136358,0.9686823508375342,birge,0.006194045007238677,1.254538212970271,0.01257210345158157,0.01257210345158157,0.00550863143961145,0.4381630695950457,birge,0.00981326531223267,0.0359785181364078,96.29742776316954,3,22.002533674451243,65,1.0,1.0434782608695652,2420,0,df87d7b4,1.0,64.43333333333334,0.0942809041582009,0.5264143795619526,0.0004117648289166,89.13333333333334,0.1699673171197563,24.7,0.0816496580927723,0.83,79.18,Scope_TrialNumber_0_65.00W_1.00Torr_1.04NitrogenFlow_2420.00MHz.csv,D:\Data\NafisaData\LAS_1.0Torr_SmallAdmixture_1kHzLaserFreq_N1.3_very_fine\LAS_DataFrame_df87d7b4_Laser_True_20260730_151502.csv,fcb3d25a
df87d7b4|Scope_TrialNumber_0_65.00W_1.00Torr_1.11NitrogenFlow_2420.00MHz.csv,0.35595018296551556,0.00795275565699432,0.003370585730245833,0.00795275565699432,2.359458056690428,birge,0.015029879829130347,1.2600231413536485,0.022616062957306036,0.011944273722192802,0.022616062957306036,1.893464892326165,birge,0.04354402490039143,0.0259041417976955,90.37720346226008,3,17.967653878385992,65,1.0,1.108695652173913,2420,0,df87d7b4,1.0,65.03333333333335,0.0471404520791071,0.5361295462515342,0.0006296291381978,91.26666666666668,0.124721912892469,26.23333333333333,0.094280904158206,0.887,79.1,Scope_TrialNumber_0_65.00W_1.00Torr_1.11NitrogenFlow_2420.00MHz.csv,D:\Data\NafisaData\LAS_1.0Torr_SmallAdmixture_1kHzLaserFreq_N1.3_very_fine\LAS_DataFrame_df87d7b4_Laser_True_20260730_151502.csv,fcb3d25a
df87d7b4|Scope_TrialNumber_0_65.00W_1.00Torr_1.17NitrogenFlow_2420.00MHz.csv,0.3391269940619051,0.0036308807403119614,0.0036308807403119614,0.0020853618664078716,0.5743405018113318,birge,0.0036078721698632565,1.2218492716078606,0.013571946684391139,0.013571946684391139,0.006368058185526057,0.4692074271740141,birge,0.011065572244495716,0.04451429408178698,108.01764561346708,3,30.836062100585433,65,1.0,1.1739130434782608,2420,0,df87d7b4,1.0,64.93333333333334,0.0942809041582076,0.5329978121196776,0.0005437036497432,90.7,0.0816496580927737,25.766666666666666,0.0471404520791038,0.946,79.07,Scope_TrialNumber_0_65.00W_1.00Torr_1.17NitrogenFlow_2420.00MHz.csv,D:\Data\NafisaData\LAS_1.0Torr_SmallAdmixture_1kHzLaserFreq_N1.3_very_fine\LAS_DataFrame_df87d7b4_Laser_True_20260730_151502.csv,fcb3d25a
df87d7b4|Scope_TrialNumber_0_65.00W_1.00Torr_1.24NitrogenFlow_2420.00MHz.csv,0.34072403392008965,0.004378172079465993,0.0035042684170701944,0.004378172079465993,1.249382626667178,birge,0.00798804313535266,1.2467791138892248,0.017834734742858762,0.013330189343700779,0.017834734742858762,1.3379205863483568,birge,0.03263510191440836,0.04195020651295672,102.81638786374191,3,26.966373329853536,65,1.0,1.2391304347826086,2420,0,df87d7b4,1.001,64.96666666666667,0.0942809041582043,0.527903125133238,0.0006779026053886,90.06666666666666,0.1247219128924626,25.100000000000005,0.0816496580927723,0.983,79.01,Scope_TrialNumber_0_65.00W_1.00Torr_1.24NitrogenFlow_2420.00MHz.csv,D:\Data\NafisaData\LAS_1.0Torr_SmallAdmixture_1kHzLaserFreq_N1.3_very_fine\LAS_DataFrame_df87d7b4_Laser_True_20260730_151502.csv,fcb3d25a
df87d7b4|Scope_TrialNumber_0_65.00W_1.00Torr_1.30NitrogenFlow_2420.00MHz.csv,0.36117947090932706,0.008714984538506342,0.003573277136299508,0.008714984538506342,2.4389332833925095,birge,0.014917968768021346,1.3508683545447409,0.029624115989160843,0.013827021293502679,0.029624115989160843,2.142479957203886,birge,0.050877028483355215,0.03169904788045797,96.59941724243026,3,25.60095926004399,65,1.0,1.3043478260869563,2420,0,df87d7b4,1.0,65.13333333333334,0.1247219128924626,0.5212583520715534,0.000996986450489,89.43333333333334,0.0471404520791004,24.3,0.0816496580927723,1.036,78.96,Scope_TrialNumber_0_65.00W_1.00Torr_1.30NitrogenFlow_2420.00MHz.csv,D:\Data\NafisaData\LAS_1.0Torr_SmallAdmixture_1kHzLaserFreq_N1.3_very_fine\LAS_DataFrame_df87d7b4_Laser_True_20260730_151502.csv,fcb3d25a
df87d7b4|Scope_TrialNumber_0_65.00W_1.00Torr_1.37NitrogenFlow_2420.00MHz.csv,0.3282660120060888,0.003310776877214106,0.003310776877214106,0.001296283943281131,0.39153467338817016,birge,0.002287702010599371,1.2338962701683576,0.012891695060200341,0.012891695060200341,0.007162351103968433,0.5555786939205749,birge,0.012640069586585702,0.033871324826842394,97.19455406623429,3,24.717450433939828,65,1.0,1.3695652173913042,2420,0,df87d7b4,1.0,64.96666666666667,0.0471404520791004,0.5137828978810378,0.000137236528589,88.26666666666667,0.0471404520791004,23.3,0.0,1.107,78.89,Scope_TrialNumber_0_65.00W_1.00Torr_1.37NitrogenFlow_2420.00MHz.csv,D:\Data\NafisaData\LAS_1.0Torr_SmallAdmixture_1kHzLaserFreq_N1.3_very_fine\LAS_DataFrame_df87d7b4_Laser_True_20260730_151502.csv,fcb3d25a
df87d7b4|Scope_TrialNumber_0_65.00W_1.00Torr_1.43NitrogenFlow_2420.00MHz.csv,0.3408719424093523,0.004570524900167047,0.0033319920904430595,0.004570524900167047,1.3717094086976953,birge,0.007907456409312593,1.2685658101063744,0.01812739812181742,0.012892642574435079,0.01812739812181742,1.406026578116916,birge,0.0313251318103714,0.027636981011337436,95.13124634497967,3,24.285683417492073,65,1.0,1.434782608695652,2420,0,df87d7b4,0.999,64.96666666666665,0.1247219128924639,0.5080241197673365,0.0010384733734428,87.56666666666666,0.0471404520791004,22.6,0.0816496580927723,1.146,78.85,Scope_TrialNumber_0_65.00W_1.00Torr_1.43NitrogenFlow_2420.00MHz.csv,D:\Data\NafisaData\LAS_1.0Torr_SmallAdmixture_1kHzLaserFreq_N1.3_very_fine\LAS_DataFrame_df87d7b4_Laser_True_20260730_151502.csv,fcb3d25a
df87d7b4|Scope_TrialNumber_0_65.00W_1.00Torr_1.50NitrogenFlow_2420.00MHz.csv,0.3119018540545668,0.003083693044805729,0.003083693044805729,0.0027733133597558713,0.8993480607375396,birge,0.005271608204659593,1.1678961332607953,0.012069774458767672,0.012069774458767672,0.012048055079547098,0.9982005149064905,birge,0.02302636988239968,0.0400635427924447,97.5707712782259,3,23.269655706586132,65,1.0,1.5,2420,0,df87d7b4,1.0,65.0,0.0,0.5017234297035497,0.0004049460495207,86.86666666666667,0.0471404520791071,21.866666666666664,0.0471404520791021,1.199,78.81,Scope_TrialNumber_0_65.00W_1.00Torr_1.50NitrogenFlow_2420.00MHz.csv,D:\Data\NafisaData\LAS_1.0Torr_SmallAdmixture_1kHzLaserFreq_N1.3_very_fine\LAS_DataFrame_df87d7b4_Laser_True_20260730_151502.csv,fcb3d25a
df87d7b4|Scope_TrialNumber_0_70.00W_1.00Torr_0.00NitrogenFlow_2420.00MHz.csv,0.2829123771961883,0.015043646343809874,0.003180886792057224,0.015043646343809872,4.729387534751107,birge,0.02482497028782063,1.2235055301054902,0.059808491946148803,0.0128965466605456,0.05980849194614881,4.637558682986113,birge,0.10068472232634286,0.03687138869097949,78.7914083847039,3,16.601472485636034,70,1.0,0.0,2420,0,df87d7b4,1.0019999999999998,69.93333333333334,0.2494438257849215,0.6145144838273437,0.0019711200872695,112.36666666666667,0.0471404520791071,42.43333333333333,0.2867441755680858,0.01,80.0,Scope_TrialNumber_0_70.00W_1.00Torr_0.00NitrogenFlow_2420.00MHz.csv,D:\Data\NafisaData\LAS_1.0Torr_SmallAdmixture_1kHzLaserFreq_N1.3_very_fine\LAS_DataFrame_df87d7b4_Laser_True_20260730_151502.csv,fcb3d25a
df87d7b4|Scope_TrialNumber_0_70.00W_1.00Torr_0.07NitrogenFlow_2420.00MHz.csv,0.29762514014897434,0.002840813347571821,0.002840813347571821,6.618243478995916e-07,0.00023297002193589542,birge,1.1492806418003935e-06,1.251571907698944,0.011870900291348014,0.011870900291348014,0.0014221071039675925,0.11979774651161723,birge,0.002469766302076882,0.02727963944641287,75.37642101598931,3,15.304089001216697,70,1.0,0.0652173913043478,2420,0,df87d7b4,1.0019999999999998,70.06666666666668,0.2054804667656316,0.6132503306118107,0.0001711735482684,112.3,0.3265986323710892,42.23333333333334,0.1247219128924633,0.054,79.95,Scope_TrialNumber_0_70.00W_1.00Torr_0.07NitrogenFlow_2420.00MHz.csv,D:\Data\NafisaData\LAS_1.0Torr_SmallAdmixture_1kHzLaserFreq_N1.3_very_fine\LAS_DataFrame_df87d7b4_Laser_True_20260730_151502.csv,fcb3d25a
df87d7b4|Scope_TrialNumber_0_70.00W_1.00Torr_0.13NitrogenFlow_2420.00MHz.csv,0.919664277081061,0.08689454478036021,0.014851080959746478,0.08689454478036021,5.85105858730997,birge,0.5323592541686766,3.6998886168826863,0.05915266318729767,0.05915266318729767,0.0015350311298164055,0.025950329995387853,birge,0.15604421957082829,0.09147489886708496,26.924021410066285,3,1.144689560149093,70,1.0,0.1304347826086956,2420,0,df87d7b4,1.0019999999999998,70.03333333333333,0.0471404520791004,0.6178147033376248,0.0002943044823109,113.26666666666668,0.0471404520791004,43.23333333333333,0.0471404520791004,0.092,79.91,Scope_TrialNumber_0_70.00W_1.00Torr_0.13NitrogenFlow_2420.00MHz.csv,D:\Data\NafisaData\LAS_1.0Torr_SmallAdmixture_1kHzLaserFreq_N1.3_very_fine\LAS_DataFrame_df87d7b4_Laser_True_20260730_151502.csv,fcb3d25a
df87d7b4|Scope_TrialNumber_0_70.00W_1.00Torr_0.20NitrogenFlow_2420.00MHz.csv,0.3129469803752139,0.003163617326142146,0.003163617326142146,0.0006173389532225991,0.19513705027510686,birge,0.0011440524022918314,1.2450755957324182,0.012505038234412728,0.012505038234412728,0.001895834315154424,0.15160563923245435,birge,0.0035181390007969415,0.022802529946953743,84.52670640699199,3,17.206363691160554,70,1.0,0.1956521739130434,2420,0,df87d7b4,1.001,70.00000000000001,0.0816496580927737,0.6168694550781857,0.0010242977768901,113.0,0.2160246899469273,43.0,0.2160246899469284,0.152,79.85,Scope_TrialNumber_0_70.00W_1.00Torr_0.20NitrogenFlow_2420.00MHz.csv,D:\Data\NafisaData\LAS_1.0Torr_SmallAdmixture_1kHzLaserFreq_N1.3_very_fine\LAS_DataFrame_df87d7b4_Laser_True_20260730_151502.csv,fcb3d25a
df87d7b4|Scope_TrialNumber_0_70.00W_1.00Torr_0.26NitrogenFlow_2420.00MHz.csv,0.3191734335167032,0.01151898124067042,0.0032151339525106435,0.01151898124067042,3.5827375813301474,birge,0.019844754619151556,1.2589519279656696,0.04553635513258888,0.012549083649870622,0.04553635513258888,3.6286597813106733,birge,0.07863564674890322,0.03925793154039607,83.17758627138329,3,17.53284728755857,70,1.0,0.2608695652173913,2420,0,df87d7b4,1.001,70.03333333333333,0.0471404520791004,0.6143951355081291,0.0001852858268024,112.5,0.0816496580927679,42.46666666666667,0.0471404520791038,0.199,79.8,Scope_TrialNumber_0_70.00W_1.00Torr_0.26NitrogenFlow_2420.00MHz.csv,D:\Data\NafisaData\LAS_1.0Torr_SmallAdmixture_1kHzLaserFreq_N1.3_very_fine\LAS_DataFrame_df87d7b4_Laser_True_20260730_151502.csv,fcb3d25a
df87d7b4|Scope_TrialNumber_0_70.00W_1.00Torr_0.33NitrogenFlow_2420.00MHz.csv,0.3072985706730334,0.007966522048455701,0.002993021264009001,0.007966522048455701,2.6616991146213733,birge,0.01489963922398568,1.2120127558014682,0.029556821963572316,0.01173800413121697,0.029556821963572316,2.5180449447079836,birge,0.054906970613217,0.024836193991862845,81.73084994320095,3,17.632843363033288,70,1.0,0.3260869565217391,2420,0,df87d7b4,1.001,70.1,0.0,0.6120988540065171,0.0003720576158158,112.1,0.0816496580927737,42.0,0.0816496580927737,0.264,79.77,Scope_TrialNumber_0_70.00W_1.00Torr_0.33NitrogenFlow_2420.00MHz.csv,D:\Data\NafisaData\LAS_1.0Torr_SmallAdmixture_1kHzLaserFreq_N1.3_very_fine\LAS_DataFrame_df87d7b4_Laser_True_20260730_151502.csv,fcb3d25a
df87d7b4|Scope_TrialNumber_0_70.00W_1.00Torr_0.39NitrogenFlow_2420.00MHz.csv,0.30459572379361793,0.006444819799542445,0.00290875054926698,0.006444819799542445,2.2156660361152567,birge,0.011063267474739786,1.1742776209505452,0.023002092698899457,0.011069481373520294,0.023002092698899457,2.07797383840616,birge,0.03955968241664043,0.0306518590941939,79.27381681886267,3,17.01519116377941,70,1.0,0.3913043478260869,2420,0,df87d7b4,1.001,70.06666666666668,0.0471404520791071,0.608662160994085,0.0003095013659994,111.3,0.1414213562373148,41.23333333333333,0.0942809041582043,0.315,79.7,Scope_TrialNumber_0_70.00W_1.00Torr_0.39NitrogenFlow_2420.00MHz.csv,D:\Data\NafisaData\LAS_1.0Torr_SmallAdmixture_1kHzLaserFreq_N1.3_very_fine\LAS_DataFrame_df87d7b4_Laser_True_20260730_151502.csv,fcb3d25a
df87d7b4|Scope_TrialNumber_0_70.00W_1.00Torr_0.46NitrogenFlow_2420.00MHz.csv,0.3067935083286938,0.005608665282431938,0.0033363554778437,0.005608665282431938,1.681075448847807,birge,0.010523320458066539,1.1670906902916727,0.020997969750436177,0.012592439501495585,0.020997969750436177,1.6675061053850828,birge,0.039332572976272774,0.0239868355909495,93.82587905637621,3,21.707124941488175,70,1.0,0.4565217391304347,2420,0,df87d7b4,1.001,69.93333333333334,0.3299831645537264,0.6038414110622535,0.0021446207483615,110.06666666666666,0.0942809041582076,40.13333333333333,0.2624669291337274,0.37,79.63,Scope_TrialNumber_0_70.00W_1.00Torr_0.46NitrogenFlow_2420.00MHz.csv,D:\Data\NafisaData\LAS_1.0Torr_SmallAdmixture_1kHzLaserFreq_N1.3_very_fine\LAS_DataFrame_df87d7b4_Laser_True_20260730_151502.csv,fcb3d25a
df87d7b4|Scope_TrialNumber_0_70.00W_1.00Torr_0.52NitrogenFlow_2420.00MHz.csv,0.3526526055917489,0.006719739680346421,0.0037270425765093653,0.006719739680346421,1.8029683166753423,birge,0.011992077184564616,1.370730100064148,0.02432886637067867,0.014120046409746621,0.02432886637067867,1.7230018701556975,birge,0.043282781359624434,0.029446985851834754,86.89574825278494,3,20.132649726146866,70,1.0,0.5217391304347826,2420,0,df87d7b4,1.001,70.10000000000001,0.0816496580927679,0.5990333062224878,0.0006650525709197,109.33333333333331,0.0471404520791071,39.23333333333333,0.0942809041582043,0.413,79.58,Scope_TrialNumber_0_70.00W_1.00Torr_0.52NitrogenFlow_2420.00MHz.csv,D:\Data\NafisaData\LAS_1.0Torr_SmallAdmixture_1kHzLaserFreq_N1.3_very_fine\LAS_DataFrame_df87d7b4_Laser_True_20260730_151502.csv,fcb3d25a
df87d7b4|Scope_TrialNumber_0_70.00W_1.00Torr_0.59NitrogenFlow_2420.00MHz.csv,0.31165937782620295,0.005760137914080753,0.0031545910054652524,0.005760137914080753,1.8259539522243784,birge,0.010492020580507456,1.206682667509888,0.019463606933726656,0.012052854705086819,0.019463606933726656,1.6148545228469555,birge,0.03528582369747173,0.03378382935181908,83.98672727578935,3,18.13316648459056,70,1.0,0.5869565217391304,2420,0,df87d7b4,1.001,70.0,0.0,0.5921560652937093,0.0004152880046017,107.8,0.0816496580927737,37.8,0.0816496580927708,0.467,79.52,Scope_TrialNumber_0_70.00W_1.00Torr_0.59NitrogenFlow_2420.00MHz.csv,D:\Data\NafisaData\LAS_1.0Torr_SmallAdmixture_1kHzLaserFreq_N1.3_very_fine\LAS_DataFrame_df87d7b4_Laser_True_20260730_151502.csv,fcb3d25a
df87d7b4|Scope_TrialNumber_0_70.00W_1.00Torr_0.65NitrogenFlow_2420.00MHz.csv,0.3274386014264987,0.003530735350694631,0.003530735350694631,0.0014992134753776735,0.4246179128330082,birge,0.002645292817167067,1.2549104053450082,0.013437930602535888,0.013437930602535888,0.006258070347795096,0.465701939747637,birge,0.01105672588398723,0.027549580154870655,91.19410717470826,3,21.296351384404545,70,1.0,0.6521739130434783,2420,0,df87d7b4,1.001,69.93333333333334,0.0942809041582009,0.585958929553041,0.0004199688493192,106.5,0.2160246899469273,36.56666666666666,0.1247219128924664,0.519,79.47,Scope_TrialNumber_0_70.00W_1.00Torr_0.65NitrogenFlow_2420.00MHz.csv,D:\Data\NafisaData\LAS_1.0Torr_SmallAdmixture_1kHzLaserFreq_N1.3_very_fine\LAS_DataFrame_df87d7b4_Laser_True_20260730_151502.csv,fcb3d25a
df87d7b4|Scope_TrialNumber_0_70.00W_1.00Torr_0.72NitrogenFlow_2420.00MHz.csv,0.3219393287097267,0.003371947263287383,0.003371947263287383,0.003304502866590137,0.9799983832987076,birge,0.006126954793514041,1.2350991770583282,0.01280291023803883,0.01280291023803883,0.01092575453419326,0.853380546380124,birge,0.020171161121238335,0.032790853769489536,89.6149789091537,3,19.5966371732657,70,1.0,0.717391304347826,2420,0,df87d7b4,1.001,69.96666666666665,0.2054804667656385,0.5790847761796517,0.0010088234401888,105.26666666666664,0.124721912892469,35.3,0.0816496580927708,0.568,79.42,Scope_TrialNumber_0_70.00W_1.00Torr_0.72NitrogenFlow_2420.00MHz.csv,D:\Data\NafisaData\LAS_1.0Torr_SmallAdmixture_1kHzLaserFreq_N1.3_very_fine\LAS_DataFrame_df87d7b4_Laser_True_20260730_151502.csv,fcb3d25a
df87d7b4|Scope_TrialNumber_0_70.00W_1.00Torr_0.78NitrogenFlow_2420.00MHz.csv,0.32053399720280396,0.0032188999155967238,0.0032188999155967238,0.0028423995229659143,0.8830344519857452,birge,0.005060731079049515,1.2137522065578943,0.012107614829554372,0.012107614829554372,0.011439114002882495,0.9447867448640599,birge,0.020310484068447626,0.03814868013272355,86.53282574321874,3,19.923779329052053,70,1.0,0.7826086956521738,2420,0,df87d7b4,1.001,69.9,0.1414213562373014,0.5690044884962431,0.0001524911625663,103.36666666666667,0.2357022603955158,33.46666666666667,0.0942809041582076,0.631,79.37,Scope_TrialNumber_0_70.00W_1.00Torr_0.78NitrogenFlow_2420.00MHz.csv,D:\Data\NafisaData\LAS_1.0Torr_SmallAdmixture_1kHzLaserFreq_N1.3_very_fine\LAS_DataFrame_df87d7b4_Laser_True_20260730_151502.csv,fcb3d25a
df87d7b4|Scope_TrialNumber_0_70.00W_1.00Torr_0.85NitrogenFlow_2420.00MHz.csv,0.32703231970188484,0.00893296369153307,0.0035230858061377946,0.00893296369153307,2.5355509865727313,birge,0.015119023061086928,1.2265060802022696,0.03125818764191665,0.013644355122543889,0.03125818764191665,2.2909245150230886,birge,0.05304983747573877,0.027002545064298875,101.72666935069837,3,28.104797225092653,70,1.0,0.8478260869565217,2420,0,df87d7b4,1.001,69.96666666666667,0.0471404520791004,0.5625910248519634,0.0005016430332697,102.36666666666667,0.0942809041582076,32.4,0.0816496580927737,0.686,79.32,Scope_TrialNumber_0_70.00W_1.00Torr_0.85NitrogenFlow_2420.00MHz.csv,D:\Data\NafisaData\LAS_1.0Torr_SmallAdmixture_1kHzLaserFreq_N1.3_very_fine\LAS_DataFrame_df87d7b4_Laser_True_20260730_151502.csv,fcb3d25a
df87d7b4|Scope_TrialNumber_0_70.00W_1.00Torr_0.91NitrogenFlow_2420.00MHz.csv,0.30840989405572,0.004499114076340661,0.003080058706647951,0.004499114076340661,1.4607234812212644,birge,0.0079416627047049,1.170536576773692,0.015899936177895143,0.01156994049134536,0.015899936177895143,1.374245285858535,birge,0.02812794846418646,0.038732026288515686,84.2931852835073,3,18.745295185220918,70,1.0,0.9130434782608696,2420,0,df87d7b4,1.001,69.96666666666665,0.0471404520791071,0.5557486245718205,0.0005258779565861,101.23333333333336,0.124721912892469,31.266666666666666,0.094280904158206,0.731,79.28,Scope_TrialNumber_0_70.00W_1.00Torr_0.91NitrogenFlow_2420.00MHz.csv,D:\Data\NafisaData\LAS_1.0Torr_SmallAdmixture_1kHzLaserFreq_N1.3_very_fine\LAS_DataFrame_df87d7b4_Laser_True_20260730_151502.csv,fcb3d25a
df87d7b4|Scope_TrialNumber_0_70.00W_1.00Torr_0.98NitrogenFlow_2420.00MHz.csv,0.33611322304527286,0.004546271789326962,0.0036337612529217735,0.004546271789326962,1.2511201129880154,birge,0.00800416463124691,1.2472827774267607,0.013927174413087608,0.013927174413087608,0.01387703317458215,0.9963997551105312,birge,0.02437115277943907,0.025744267159788656,104.1602670126673,3,29.004623665205173,70,1.0,0.9782608695652174,2420,0,df87d7b4,1.0,69.86666666666666,0.0471404520791071,0.5493615544220369,0.0005345246637548,100.06666666666666,0.0942809041582076,30.2,0.0816496580927723,0.778,79.23,Scope_TrialNumber_0_70.00W_1.00Torr_0.98NitrogenFlow_2420.00MHz.csv,D:\Data\NafisaData\LAS_1.0Torr_SmallAdmixture_1kHzLaserFreq_N1.3_very_fine\LAS_DataFrame_df87d7b4_Laser_True_20260730_151502.csv,fcb3d25a
df87d7b4|Scope_TrialNumber_0_70.00W_1.00Torr_1.04NitrogenFlow_2420.00MHz.csv,0.3425167924055579,0.008793710476061973,0.003870707089763003,0.008793710476061973,2.271861515772922,birge,0.016499736690620794,1.264102214345016,0.03018658125828283,0.014756963095892868,0.03018658125828283,2.0455822151296363,birge,0.05637690635410194,0.023119436457720795,109.90844041592216,3,29.6755878486666,70,1.0,1.0434782608695652,2420,0,df87d7b4,1.0,70.06666666666666,0.0471404520791004,0.540386495038299,0.0001287327480827,98.96666666666664,0.0471404520791004,28.899999999999995,3.552713678800501e-15,0.843,79.16,Scope_TrialNumber_0_70.00W_1.00Torr_1.04NitrogenFlow_2420.00MHz.csv,D:\Data\NafisaData\LAS_1.0Torr_SmallAdmixture_1kHzLaserFreq_N1.3_very_fine\LAS_DataFrame_df87d7b4_Laser_True_20260730_151502.csv,fcb3d25a
df87d7b4|Scope_TrialNumber_0_70.00W_1.00Torr_1.11NitrogenFlow_2420.00MHz.csv,0.35042108473520467,0.008127671311733602,0.003974932887897495,0.008127671311733602,2.0447317076673115,birge,0.01388016120938454,1.2819568140620312,0.03155321482118714,0.015025491587893203,0.03155321482118714,2.0999788683527107,birge,0.05392760887995562,0.030303439106703894,111.22125311874528,3,32.685166992510865,70,1.0,1.108695652173913,2420,0,df87d7b4,1.0,70.0,0.1414213562373014,0.5320074230128508,0.0003591827746649,97.63333333333334,0.1699673171197563,27.633333333333336,0.0471404520791021,0.891,79.1,Scope_TrialNumber_0_70.00W_1.00Torr_1.11NitrogenFlow_2420.00MHz.csv,D:\Data\NafisaData\LAS_1.0Torr_SmallAdmixture_1kHzLaserFreq_N1.3_very_fine\LAS_DataFrame_df87d7b4_Laser_True_20260730_151502.csv,fcb3d25a
df87d7b4|Scope_TrialNumber_0_70.00W_1.00Torr_1.17NitrogenFlow_2420.00MHz.csv,0.3480731473758412,0.008164158144010947,0.003293265749647725,0.008164158144010947,2.4790462612633837,birge,0.015444106257612224,1.2656001470527969,0.02536394718658124,0.011995973787033525,0.025363947186581238,2.114371674769512,birge,0.04874814612371216,0.023717792847903516,89.36086024599702,3,18.14784676498466,70,1.0,1.1739130434782608,2420,0,df87d7b4,1.0,70.06666666666666,0.0942809041582009,0.5255187333371402,0.0009272592946183,96.8,0.0,26.73333333333333,0.094280904158206,0.944,79.09,Scope_TrialNumber_0_70.00W_1.00Torr_1.17NitrogenFlow_2420.00MHz.csv,D:\Data\NafisaData\LAS_1.0Torr_SmallAdmixture_1kHzLaserFreq_N1.3_very_fine\LAS_DataFrame_df87d7b4_Laser_True_20260730_151502.csv,fcb3d25a
df87d7b4|Scope_TrialNumber_0_70.00W_1.00Torr_1.24NitrogenFlow_2420.00MHz.csv,0.36898065193289115,0.006038601938079914,0.0037353937237380387,0.006038601938079914,1.6165904814009904,birge,0.010325371275798903,1.3227418121470793,0.02361668377860735,0.013840681155439476,0.02361668377860735,1.706323808299409,birge,0.040348402347967195,0.033556465499183535,102.64374350787205,3,28.306696474128888,70,1.0,1.2391304347826086,2420,0,df87d7b4,1.0,69.96666666666665,0.2494438257849279,0.5219626881662611,0.0006764518642927,96.16666666666669,0.2494438257849279,26.2,0.0,0.984,79.02,Scope_TrialNumber_0_70.00W_1.00Torr_1.24NitrogenFlow_2420.00MHz.csv,D:\Data\NafisaData\LAS_1.0Torr_SmallAdmixture_1kHzLaserFreq_N1.3_very_fine\LAS_DataFrame_df87d7b4_Laser_True_20260730_151502.csv,fcb3d25a
df87d7b4|Scope_TrialNumber_0_70.00W_1.00Torr_1.30NitrogenFlow_2420.00MHz.csv,0.3535238940702498,0.00678468914545093,0.0033893891092118995,0.006784689145450929,2.001743950557658,birge,0.011639554709223584,1.2843050125088036,0.02514249260098258,0.012770291049830337,0.02514249260098258,1.9688269047960825,birge,0.04320850150281849,0.03181782011851152,95.70887596897461,3,24.42021227289948,70,1.0,1.3043478260869563,2420,0,df87d7b4,1.0,70.53333333333333,0.0942809041582009,0.5225910097325324,0.0006381514023689,97.03333333333336,0.1247219128924639,26.5,0.0816496580927737,1.044,78.95,Scope_TrialNumber_0_70.00W_1.00Torr_1.30NitrogenFlow_2420.00MHz.csv,D:\Data\NafisaData\LAS_1.0Torr_SmallAdmixture_1kHzLaserFreq_N1.3_very_fine\LAS_DataFrame_df87d7b4_Laser_True_20260730_151502.csv,fcb3d25a
df87d7b4|Scope_TrialNumber_0_70.00W_1.00Torr_1.37NitrogenFlow_2420.00MHz.csv,0.33640684455349673,0.009367951185605648,0.003240012248038002,0.009367951185605648,2.8913320285373723,birge,0.01589778619359826,1.2776961034679262,0.03625501238177686,0.012805238017821009,0.03625501238177686,2.831264231974515,birge,0.0615963820715168,0.029792737934851318,93.00440944852409,3,23.659181906616915,70,1.0,1.3695652173913042,2420,0,df87d7b4,1.0,70.2,0.0816496580927737,0.5355621482466882,0.0001682797028182,98.43333333333332,0.1247219128924626,28.23333333333333,0.0471404520791038,1.104,78.91,Scope_TrialNumber_0_70.00W_1.00Torr_1.37NitrogenFlow_2420.00MHz.csv,D:\Data\NafisaData\LAS_1.0Torr_SmallAdmixture_1kHzLaserFreq_N1.3_very_fine\LAS_DataFrame_df87d7b4_Laser_True_20260730_151502.csv,fcb3d25a
df87d7b4|Scope_TrialNumber_0_70.00W_1.00Torr_1.43NitrogenFlow_2420.00MHz.csv,0.3393150884492566,0.0032505674682275047,0.0032505674682275047,0.0016641194462227128,0.5119473638029538,birge,0.0028937153484825317,1.2574040710725356,0.012562551385470966,0.012562551385470966,0.0041045765284968725,0.3267311235235193,birge,0.00711836512993706,0.03733584412308307,94.60795077858636,3,24.23445155989632,70,1.0,1.434782608695652,2420,0,df87d7b4,1.0,70.06666666666668,0.0471404520791038,0.5325144926234223,0.0002826457652529,97.8,0.0816496580927737,27.73333333333333,0.0471404520791038,1.156,78.87,Scope_TrialNumber_0_70.00W_1.00Torr_1.43NitrogenFlow_2420.00MHz.csv,D:\Data\NafisaData\LAS_1.0Torr_SmallAdmixture_1kHzLaserFreq_N1.3_very_fine\LAS_DataFrame_df87d7b4_Laser_True_20260730_151502.csv,fcb3d25a
df87d7b4|Scope_TrialNumber_0_70.00W_1.00Torr_1.50NitrogenFlow_2420.00MHz.csv,0.330891458947464,0.00309408013406382,0.00309408013406382,0.0022133730773090765,0.7153573861715058,birge,0.003831160220494122,1.229792236089799,0.012006825891441008,0.012006825891441008,0.006893624987539046,0.5741421629552507,birge,0.011950348471229166,0.023742054750734105,92.60507284763138,3,23.36012514827152,70,1.0,1.5,2420,0,df87d7b4,1.0,70.0,0.0816496580927679,0.5289940221025117,0.0004989809261278,97.2,0.1414213562373081,27.2,0.0816496580927723,1.199,78.79,Scope_TrialNumber_0_70.00W_1.00Torr_1.50NitrogenFlow_2420.00MHz.csv,D:\Data\NafisaData\LAS_1.0Torr_SmallAdmixture_1kHzLaserFreq_N1.3_very_fine\LAS_DataFrame_df87d7b4_Laser_True_20260730_151502.csv,fcb3d25a
df87d7b4|Scope_TrialNumber_0_75.00W_1.00Torr_0.00NitrogenFlow_2420.00MHz.csv,0.28475396089747956,0.007015491242071085,0.002353682746366674,0.007015491242071085,2.980644376520471,birge,0.012967940326749371,1.214431282322106,0.029513738165481376,0.009966903070482072,0.029513738165481376,2.961174394570878,birge,0.05442511248981833,0.03514195160642919,64.07051072417521,3,10.746231595518417,75,1.0,0.0,2420,0,df87d7b4,1.0019999999999998,75.0,0.2828427124746163,0.6246933226648038,0.001634174774418,123.0,0.1414213562373081,48.0,0.2449489742783155,0.007,80.01,Scope_TrialNumber_0_75.00W_1.00Torr_0.00NitrogenFlow_2420.00MHz.csv,D:\Data\NafisaData\LAS_1.0Torr_SmallAdmixture_1kHzLaserFreq_N1.3_very_fine\LAS_DataFrame_df87d7b4_Laser_True_20260730_151502.csv,fcb3d25a
df87d7b4|Scope_TrialNumber_0_75.00W_1.00Torr_0.07NitrogenFlow_2420.00MHz.csv,0.002489355728037772,0.001125705108869253,0.001125705108869253,0.00022583454222678513,0.20061607649061053,birge,0.002236613022302337,0.34976999526596686,0.12143435004556037,0.12143435004556037,0.10687813164518571,0.8801309646330434,birge,1.3527605208524869,0.04212168486739833,3.627258893112026,3,1.0056330023506825,75,1.0,0.0652173913043478,2420,0,df87d7b4,1.0019999999999998,75.0,0.0,0.6228331624548478,0.0003783595294842,122.53333333333336,0.0942809041582009,47.53333333333333,0.0942809041582076,0.048,79.94,Scope_TrialNumber_0_75.00W_1.00Torr_0.07NitrogenFlow_2420.00MHz.csv,D:\Data\NafisaData\LAS_1.0Torr_SmallAdmixture_1kHzLaserFreq_N1.3_very_fine\LAS_DataFrame_df87d7b4_Laser_True_20260730_151502.csv,fcb3d25a
df87d7b4|Scope_TrialNumber_0_75.00W_1.00Torr_0.13NitrogenFlow_2420.00MHz.csv,0.2973261954611232,0.005583172698099297,0.0031959822115988318,0.005583172698099297,1.7469348477087556,birge,0.009726765045124873,1.2320097984679335,0.026177389866452485,0.013158284021461897,0.026177389866452485,1.9894227715221602,birge,0.0455676251954619,0.028620241902771324,85.67723080028067,3,18.68831700924516,75,1.0,0.1304347826086956,2420,0,df87d7b4,1.0019999999999998,75.0,0.1414213562373014,0.626536934941396,0.0003646364841147,123.46666666666664,0.2054804667656324,48.46666666666667,0.0942809041582076,0.102,79.89,Scope_TrialNumber_0_75.00W_1.00Torr_0.13NitrogenFlow_2420.00MHz.csv,D:\Data\NafisaData\LAS_1.0Torr_SmallAdmixture_1kHzLaserFreq_N1.3_very_fine\LAS_DataFrame_df87d7b4_Laser_True_20260730_151502.csv,fcb3d25a
df87d7b4|Scope_TrialNumber_0_75.00W_1.00Torr_0.20NitrogenFlow_2420.00MHz.csv,0.288031954350794,0.004803701773264914,0.0028202835046511475,0.004803701773264914,1.7032691094149786,birge,0.008702085539010362,1.1803295203632638,0.020252294781761826,0.011448447995027748,0.020252294781761826,1.7689991508506424,birge,0.036653790138068736,0.02961389685374938,77.83096396618527,3,16.02850696290303,75,1.0,0.1956521739130434,2420,0,df87d7b4,1.001,75.06666666666666,0.124721912892469,0.6234646149052737,0.0002136707215957,122.8,0.1632993161855475,47.73333333333333,0.0471404520791004,0.158,79.85,Scope_TrialNumber_0_75.00W_1.00Torr_0.20NitrogenFlow_2420.00MHz.csv,D:\Data\NafisaData\LAS_1.0Torr_SmallAdmixture_1kHzLaserFreq_N1.3_very_fine\LAS_DataFrame_df87d7b4_Laser_True_20260730_151502.csv,fcb3d25a
df87d7b4|Scope_TrialNumber_0_75.00W_1.00Torr_0.26NitrogenFlow_2420.00MHz.csv,0.32152315275598614,0.003499938239035825,0.0031928156941727188,0.003499938239035825,1.0961917549527342,birge,0.006765029310520742,1.2987819180616786,0.012761562540258248,0.012761562540258248,0.011456638612366557,0.8977457561505408,birge,0.022034327184811776,0.01922102121136321,82.20256058691332,3,16.65202281184954,75,1.0,0.2608695652173913,2420,0,df87d7b4,1.001,74.76666666666667,0.0471404520791105,0.6226234087981072,0.0004522519747766,122.1,0.0816496580927737,47.333333333333336,0.0942809041582043,0.208,79.8,Scope_TrialNumber_0_75.00W_1.00Torr_0.26NitrogenFlow_2420.00MHz.csv,D:\Data\NafisaData\LAS_1.0Torr_SmallAdmixture_1kHzLaserFreq_N1.3_very_fine\LAS_DataFrame_df87d7b4_Laser_True_20260730_151502.csv,fcb3d25a
df87d7b4|Scope_TrialNumber_0_75.00W_1.00Torr_0.33NitrogenFlow_2420.00MHz.csv,0.300427251728293,0.003819694115016458,0.0035003823260606128,0.0038196941150164584,1.0912219749764318,birge,0.006501317639898865,1.2185746558328594,0.01674851105797958,0.014127395253491293,0.01674851105797958,1.1855342586129267,birge,0.028512730250110807,0.02972310721248229,93.61628935636458,3,23.603038159170694,75,1.0,0.3260869565217391,2420,0,df87d7b4,1.0019999999999998,75.06666666666666,0.0942809041582076,0.6211876266437331,0.0002191823881454,122.23333333333336,0.124721912892469,47.16666666666666,0.0471404520791038,0.251,79.73,Scope_TrialNumber_0_75.00W_1.00Torr_0.33NitrogenFlow_2420.00MHz.csv,D:\Data\NafisaData\LAS_1.0Torr_SmallAdmixture_1kHzLaserFreq_N1.3_very_fine\LAS_DataFrame_df87d7b4_Laser_True_20260730_151502.csv,fcb3d25a
df87d7b4|Scope_TrialNumber_0_75.00W_1.00Torr_0.39NitrogenFlow_2420.00MHz.csv,0.3071791900287473,0.005649174908790972,0.0029496906799947368,0.005649174908790972,1.9151753596078935,birge,0.009699693343418268,1.218223980953867,0.023271153860712587,0.011558369130992804,0.023271153860712587,2.013359635514056,birge,0.03992546827113571,0.03178329380035183,78.54659726397772,3,16.756850270707403,75,1.0,0.3913043478260869,2420,0,df87d7b4,1.001,74.83333333333333,0.2054804667656316,0.621512249568215,0.0005235249690166,121.93333333333334,0.2054804667656324,47.1,0.0,0.315,79.69,Scope_TrialNumber_0_75.00W_1.00Torr_0.39NitrogenFlow_2420.00MHz.csv,D:\Data\NafisaData\LAS_1.0Torr_SmallAdmixture_1kHzLaserFreq_N1.3_very_fine\LAS_DataFrame_df87d7b4_Laser_True_20260730_151502.csv,fcb3d25a
df87d7b4|Scope_TrialNumber_0_75.00W_1.00Torr_0.46NitrogenFlow_2420.00MHz.csv,0.31819215640942133,0.0034968231007363234,0.0034968231007363234,0.0018068476270921726,0.5167111904264491,birge,0.0031641954779000146,1.2510972164726013,0.01370200050955459,0.01370200050955459,0.0054235222902018175,0.39581974080499577,birge,0.009505250599229107,0.013119218745394831,92.67904758619261,3,22.58616575045963,75,1.0,0.4565217391304347,2420,0,df87d7b4,1.0019999999999998,75.0,0.2449489742783155,0.616160109624825,0.0009641546827324,120.90000000000002,0.1632993161855417,45.9,0.0816496580927737,0.375,79.64,Scope_TrialNumber_0_75.00W_1.00Torr_0.46NitrogenFlow_2420.00MHz.csv,D:\Data\NafisaData\LAS_1.0Torr_SmallAdmixture_1kHzLaserFreq_N1.3_very_fine\LAS_DataFrame_df87d7b4_Laser_True_20260730_151502.csv,fcb3d25a
df87d7b4|Scope_TrialNumber_0_75.00W_1.00Torr_0.52NitrogenFlow_2420.00MHz.csv,0.303769332083312,0.009429161699474988,0.0035690133216905754,0.009429161699474988,2.6419519485033947,birge,0.016311645987564075,1.1971294697526655,0.03958286701893931,0.01395508026558405,0.03958286701893931,2.83644853813979,birge,0.06848869644005509,0.024927108125483665,97.03830056439254,3,23.7184819956479,75,1.0,0.5217391304347826,2420,0,df87d7b4,1.001,74.86666666666666,0.2054804667656331,0.6146869296989116,0.0005822181570012,120.33333333333331,0.2054804667656324,45.46666666666667,0.0471404520791038,0.404,79.57,Scope_TrialNumber_0_75.00W_1.00Torr_0.52NitrogenFlow_2420.00MHz.csv,D:\Data\NafisaData\LAS_1.0Torr_SmallAdmixture_1kHzLaserFreq_N1.3_very_fine\LAS_DataFrame_df87d7b4_Laser_True_20260730_151502.csv,fcb3d25a
df87d7b4|Scope_TrialNumber_0_75.00W_1.00Torr_0.59NitrogenFlow_2420.00MHz.csv,0.2996359556946768,0.0033976705743267617,0.0033976705743267617,0.0018645834650928706,0.5487828864816691,birge,0.0034424028497115275,1.1738573773848322,0.01313895561943377,0.01313895561943377,0.006723367841174963,0.511712501047683,birge,0.012427103806304234,0.036055544966665486,94.24605907740765,3,21.618237925754137,75,1.0,0.5869565217391304,2420,0,df87d7b4,1.001,74.96666666666667,0.188561808316412,0.609167945782804,0.0004192756751685,119.2,0.2160246899469273,44.23333333333333,0.0471404520791004,0.47,79.53,Scope_TrialNumber_0_75.00W_1.00Torr_0.59NitrogenFlow_2420.00MHz.csv,D:\Data\NafisaData\LAS_1.0Torr_SmallAdmixture_1kHzLaserFreq_N1.3_very_fine\LAS_DataFrame_df87d7b4_Laser_True_20260730_151502.csv,fcb3d25a
df87d7b4|Scope_TrialNumber_0_75.00W_1.00Torr_0.65NitrogenFlow_2420.00MHz.csv,0.322720942153887,0.008575482475524941,0.003255536015333789,0.008575482475524941,2.6341230553536663,birge,0.014958628340458139,1.2539105056548654,0.03382870142806487,0.012549322956281113,0.03382870142806487,2.6956594826602283,birge,0.05895940347603559,0.04361522364566662,85.08107909167502,3,18.108800600071838,75,1.0,0.6521739130434783,2420,0,df87d7b4,1.001,75.0,0.0816496580927737,0.6044028613003626,0.0002597435251646,118.16666666666669,0.1699673171197628,43.16666666666666,0.0942809041582043,0.52,79.48,Scope_TrialNumber_0_75.00W_1.00Torr_0.65NitrogenFlow_2420.00MHz.csv,D:\Data\NafisaData\LAS_1.0Torr_SmallAdmixture_1kHzLaserFreq_N1.3_very_fine\LAS_DataFrame_df87d7b4_Laser_True_20260730_151502.csv,fcb3d25a
df87d7b4|Scope_TrialNumber_0_75.00W_1.00Torr_0.72NitrogenFlow_2420.00MHz.csv,0.2991210612411437,0.012754457071896357,0.0032022430348223603,0.012754457071896357,3.9829759744028586,birge,0.02366576538206897,1.1731966424509421,0.05228965882102916,0.012435167800908491,0.05228965882102916,4.204982164953895,birge,0.09693508077953497,0.040856949077369226,89.04342347900274,3,20.986687200643697,75,1.0,0.717391304347826,2420,0,df87d7b4,1.001,75.06666666666666,0.0471404520791004,0.5986689021668847,0.0001873337136802,117.0,0.0816496580927679,41.93333333333334,0.0471404520791038,0.566,79.42,Scope_TrialNumber_0_75.00W_1.00Torr_0.72NitrogenFlow_2420.00MHz.csv,D:\Data\NafisaData\LAS_1.0Torr_SmallAdmixture_1kHzLaserFreq_N1.3_very_fine\LAS_DataFrame_df87d7b4_Laser_True_20260730_151502.csv,fcb3d25a
df87d7b4|Scope_TrialNumber_0_75.00W_1.00Torr_0.78NitrogenFlow_2420.00MHz.csv,0.3043940326462273,0.0032138151679714944,0.0032138151679714944,0.001347932085007815,0.41941804819429207,birge,0.002389964235481159,1.1659855174065479,0.012266335711828431,0.012266335711828431,0.0046736204707186505,0.38101194851628567,birge,0.008286527283653542,0.027106806277198383,89.78235352051597,3,20.488317614341213,75,1.0,0.7826086956521738,2420,0,df87d7b4,1.001,74.83333333333333,0.1885618083164153,0.5919502874001462,0.0008079470864841,115.2,0.1632993161855475,40.36666666666667,0.0942809041582076,0.634,79.37,Scope_TrialNumber_0_75.00W_1.00Torr_0.78NitrogenFlow_2420.00MHz.csv,D:\Data\NafisaData\LAS_1.0Torr_SmallAdmixture_1kHzLaserFreq_N1.3_very_fine\LAS_DataFrame_df87d7b4_Laser_True_20260730_151502.csv,fcb3d25a
df87d7b4|Scope_TrialNumber_0_75.00W_1.00Torr_0.85NitrogenFlow_2420.00MHz.csv,0.31838188712064314,0.003509809154398299,0.0034305074503647986,0.003509809154398299,1.023116610350188,birge,0.006073056497178314,1.2132554747779638,0.012962683034524228,0.012962683034524228,0.010403382614879012,0.8025639898137684,birge,0.01805045546395935,0.040028856277626916,93.49097976693743,3,23.416679462789627,75,1.0,0.8478260869565217,2420,0,df87d7b4,1.001,74.96666666666667,0.0471404520791004,0.5862940888745877,0.0003098153787738,114.23333333333332,0.0471404520791004,39.266666666666666,0.0471404520791004,0.684,79.32,Scope_TrialNumber_0_75.00W_1.00Torr_0.85NitrogenFlow_2420.00MHz.csv,D:\Data\NafisaData\LAS_1.0Torr_SmallAdmixture_1kHzLaserFreq_N1.3_very_fine\LAS_DataFrame_df87d7b4_Laser_True_20260730_151502.csv,fcb3d25a
df87d7b4|Scope_TrialNumber_0_75.00W_1.00Torr_0.91NitrogenFlow_2420.00MHz.csv,0.30182977897024627,0.003321614073963553,0.003321614073963553,0.001802811435945992,0.5427516249034817,birge,0.0032676684414982603,1.166970639449406,0.012759337684673617,0.012759337684673617,0.011026241646816537,0.8641703761834866,birge,0.0199474094753737,0.03220098965798962,92.53998257517351,3,20.411826308697652,75,1.0,0.9130434782608696,2420,0,df87d7b4,1.0,74.96666666666667,0.0471404520791004,0.5808264858671247,0.0004274889402618,113.13333333333333,0.1247219128924639,38.16666666666666,0.0942809041582043,0.725,79.28,Scope_TrialNumber_0_75.00W_1.00Torr_0.91NitrogenFlow_2420.00MHz.csv,D:\Data\NafisaData\LAS_1.0Torr_SmallAdmixture_1kHzLaserFreq_N1.3_very_fine\LAS_DataFrame_df87d7b4_Laser_True_20260730_151502.csv,fcb3d25a
df87d7b4|Scope_TrialNumber_0_75.00W_1.00Torr_0.98NitrogenFlow_2420.00MHz.csv,0.322057247910704,0.010172412057843543,0.0036937939936037244,0.010172412057843543,2.753919703009527,birge,0.01820237315255311,1.2204195392929538,0.03600284450831861,0.014465797884294206,0.03600284450831861,2.4888253517911783,birge,0.06395562085018142,0.029126076988083983,108.09895284552987,3,31.662997761995616,75,1.0,0.9782608695652174,2420,0,df87d7b4,1.001,74.96666666666667,0.0942809041582009,0.5750254089213019,0.0004246918598534,112.0,0.1632993161855475,37.03333333333333,0.0942809041582076,0.782,79.21,Scope_TrialNumber_0_75.00W_1.00Torr_0.98NitrogenFlow_2420.00MHz.csv,D:\Data\NafisaData\LAS_1.0Torr_SmallAdmixture_1kHzLaserFreq_N1.3_very_fine\LAS_DataFrame_df87d7b4_Laser_True_20260730_151502.csv,fcb3d25a
df87d7b4|Scope_TrialNumber_0_75.00W_1.00Torr_1.04NitrogenFlow_2420.00MHz.csv,0.31732180187196485,0.01225416087341391,0.003312577939793855,0.01225416087341391,3.699282279883956,birge,0.023316507512553323,1.2176449988691376,0.039374083322024724,0.012711309192143553,0.039374083322024724,3.09756317990916,birge,0.07593371055593699,0.029564332871806556,90.96541372482433,3,18.567597925551112,75,1.0,1.0434782608695652,2420,0,df87d7b4,1.0,75.0,0.0,0.5680642422466136,0.0002536714640973,110.73333333333332,0.0471404520791004,35.733333333333334,0.0471404520791004,0.833,79.16,Scope_TrialNumber_0_75.00W_1.00Torr_1.04NitrogenFlow_2420.00MHz.csv,D:\Data\NafisaData\LAS_1.0Torr_SmallAdmixture_1kHzLaserFreq_N1.3_very_fine\LAS_DataFrame_df87d7b4_Laser_True_20260730_151502.csv,fcb3d25a
df87d7b4|Scope_TrialNumber_0_75.00W_1.00Torr_1.11NitrogenFlow_2420.00MHz.csv,0.3250522363316411,0.0035459628127526106,0.0035459628127526106,0.00045020018625940774,0.12696133886128733,birge,0.0007908370122859213,1.233997584349435,0.013980234262202369,0.013980234262202369,0.0007435405446566635,0.05318512771040864,birge,0.001306689384896817,0.021403161132784832,103.93648808353169,3,28.472270231704353,75,1.0,1.108695652173913,2420,0,df87d7b4,1.0,75.0,0.1414213562373081,0.558315596585487,0.0003250754754414,108.96666666666664,0.1699673171197609,33.96666666666667,0.0471404520791038,0.894,79.1,Scope_TrialNumber_0_75.00W_1.00Torr_1.11NitrogenFlow_2420.00MHz.csv,D:\Data\NafisaData\LAS_1.0Torr_SmallAdmixture_1kHzLaserFreq_N1.3_very_fine\LAS_DataFrame_df87d7b4_Laser_True_20260730_151502.csv,fcb3d25a
df87d7b4|Scope_TrialNumber_0_75.00W_1.00Torr_1.17NitrogenFlow_2420.00MHz.csv,0.32282628721502793,0.015019794397932551,0.003475185539512712,0.01501979439793255,4.322012228457481,birge,0.025104689565673233,1.2270337408617316,0.05683029364901652,0.013696892372133082,0.056830293649016525,4.149137782862352,birge,0.09514582112638534,0.022818497534871935,102.02587740161407,3,27.935109010954786,75,1.0,1.1739130434782608,2420,0,df87d7b4,1.0,75.06666666666666,0.0471404520791004,0.5531804924676552,0.0003739123860599,108.16666666666669,0.1247219128924639,33.1,0.0816496580927737,0.935,79.07,Scope_TrialNumber_0_75.00W_1.00Torr_1.17NitrogenFlow_2420.00MHz.csv,D:\Data\NafisaData\LAS_1.0Torr_SmallAdmixture_1kHzLaserFreq_N1.3_very_fine\LAS_DataFrame_df87d7b4_Laser_True_20260730_151502.csv,fcb3d25a
df87d7b4|Scope_TrialNumber_0_75.00W_1.00Torr_1.24NitrogenFlow_2420.00MHz.csv,0.3256405720163826,0.003510726266369805,0.003510726266369805,0.00017555181322604648,0.0500044150145526,birge,0.0003023281631412165,1.2467296041433082,0.013963720983977574,0.013963720983977574,0.0012601824591469027,0.09024689483504267,birge,0.0021689169361728037,0.023764143772076047,101.71937455405288,3,27.93765534851812,75,1.0,1.2391304347826086,2420,0,df87d7b4,1.0,74.83333333333333,0.1699673171197628,0.5470951758438356,0.0009932121143218,106.8,0.0816496580927737,31.96666666666667,0.0942809041582076,0.99,79.02,Scope_TrialNumber_0_75.00W_1.00Torr_1.24NitrogenFlow_2420.00MHz.csv,D:\Data\NafisaData\LAS_1.0Torr_SmallAdmixture_1kHzLaserFreq_N1.3_very_fine\LAS_DataFrame_df87d7b4_Laser_True_20260730_151502.csv,fcb3d25a
df87d7b4|Scope_TrialNumber_0_75.00W_1.00Torr_1.30NitrogenFlow_2420.00MHz.csv,0.33809482310851957,0.0035493049997432267,0.003542992188606342,0.0035493049997432262,1.0017817739359363,birge,0.006079253904643913,1.3059393187653747,0.01603766449903881,0.014178105954084511,0.01603766449903881,1.1311570495365488,birge,0.027454224953969902,0.018813580763954525,97.7783040957355,3,25.735289859674705,75,1.0,1.3043478260869563,2420,0,df87d7b4,1.0,74.96666666666665,0.0471404520791071,0.5390142122266405,0.0001202620891266,105.66666666666669,0.0471404520791071,30.7,0.0,1.037,78.98,Scope_TrialNumber_0_75.00W_1.00Torr_1.30NitrogenFlow_2420.00MHz.csv,D:\Data\NafisaData\LAS_1.0Torr_SmallAdmixture_1kHzLaserFreq_N1.3_very_fine\LAS_DataFrame_df87d7b4_Laser_True_20260730_151502.csv,fcb3d25a
df87d7b4|Scope_TrialNumber_0_75.00W_1.00Torr_1.37NitrogenFlow_2420.00MHz.csv,0.32599208645634536,0.004628413031393575,0.0032112571472803935,0.004628413031393575,1.4413087520298296,birge,0.007877576175639556,1.2386946746767133,0.01894629546023316,0.012659232327325527,0.01894629546023316,1.4966385773122057,birge,0.032259854027931856,0.017985134970670807,93.51387272641087,3,23.773208614882023,75,1.0,1.3695652173913042,2420,0,df87d7b4,1.0,74.96666666666667,0.0471404520791004,0.5311849846133988,0.000379601642699,104.43333333333334,0.0471404520791004,29.46666666666667,0.0471404520791038,1.103,78.9,Scope_TrialNumber_0_75.00W_1.00Torr_1.37NitrogenFlow_2420.00MHz.csv,D:\Data\NafisaData\LAS_1.0Torr_SmallAdmixture_1kHzLaserFreq_N1.3_very_fine\LAS_DataFrame_df87d7b4_Laser_True_20260730_151502.csv,fcb3d25a
df87d7b4|Scope_TrialNumber_0_75.00W_1.00Torr_1.43NitrogenFlow_2420.00MHz.csv,0.34771271622381744,0.007553594433971602,0.0031714626024510013,0.007553594433971602,2.381738453461175,birge,0.013016818571642155,1.2940053868025152,0.02631671228875316,0.012233235783255922,0.02631671228875316,2.1512470416677334,birge,0.045478353359537836,0.028943977557699608,90.39052039053524,3,22.153707521323096,75,1.0,1.434782608695652,2420,0,df87d7b4,1.0,75.03333333333333,0.0471404520791004,0.5255526537683899,0.0003867909240225,103.66666666666669,0.0471404520791071,28.633333333333336,0.0471404520791021,1.153,78.86,Scope_TrialNumber_0_75.00W_1.00Torr_1.43NitrogenFlow_2420.00MHz.csv,D:\Data\NafisaData\LAS_1.0Torr_SmallAdmixture_1kHzLaserFreq_N1.3_very_fine\LAS_DataFrame_df87d7b4_Laser_True_20260730_151502.csv,fcb3d25a
df87d7b4|Scope_TrialNumber_0_75.00W_1.00Torr_1.50NitrogenFlow_2420.00MHz.csv,0.34094514018843397,0.005801587546949468,0.003304839641670912,0.005801587546949468,1.755482315630967,birge,0.010032987385977413,1.2395615605394978,0.02179554510786252,0.012446628949302577,0.02179554510786252,1.7511203392211505,birge,0.03771955442848252,0.03376996307343468,97.22527477909803,3,25.28025564134867,75,1.0,1.5,2420,0,df87d7b4,0.999,74.89999999999999,0.3265986323710892,0.521642501588505,0.0008278373875962,102.9,0.3265986323710892,28.0,0.0,1.198,78.79,Scope_TrialNumber_0_75.00W_1.00Torr_1.50NitrogenFlow_2420.00MHz.csv,D:\Data\NafisaData\LAS_1.0Torr_SmallAdmixture_1kHzLaserFreq_N1.3_very_fine\LAS_DataFrame_df87d7b4_Laser_True_20260730_151502.csv,fcb3d25a
df87d7b4|Scope_TrialNumber_0_80.00W_1.00Torr_0.00NitrogenFlow_2420.00MHz.csv,0.2779231323675362,0.006248031858390146,0.0021562230927270436,0.006248031858390146,2.8976741226196876,birge,0.011489926706440529,1.1538002310017164,0.027902485036426897,0.00889398589645978,0.027902485036426897,3.1372306366635216,birge,0.051335788587919505,0.04220026790355346,60.582642310509556,3,9.964809981751467,80,1.0,0.0,2420,0,df87d7b4,1.0019999999999998,77.63333333333334,13.32474723545963,0.5947157348434078,0.038039272042111,119.66666666666669,12.87124270957894,42.03333333333333,3.3727667508375894,-0.009,80.0,Scope_TrialNumber_0_80.00W_1.00Torr_0.00NitrogenFlow_2420.00MHz.csv,D:\Data\NafisaData\LAS_1.0Torr_SmallAdmixture_1kHzLaserFreq_N1.3_very_fine\LAS_DataFrame_df87d7b4_Laser_True_20260730_151502.csv,fcb3d25a
df87d7b4|Scope_TrialNumber_0_80.00W_1.00Torr_0.07NitrogenFlow_2420.00MHz.csv,0.29383435202737485,0.010195504961405144,0.0025552807795768385,0.010195504961405144,3.989974425860765,birge,0.018071322756913203,1.1886287886504792,0.03991984012414983,0.010280822600053344,0.03991984012414983,3.8829422194234433,birge,0.07082018550356889,0.019588180777934703,70.05499388914025,3,12.274917275173976,80,1.0,0.0652173913043478,2420,0,df87d7b4,1.0019999999999998,80.06666666666666,0.1247219128924639,0.6293024877117892,0.0010044261324441,132.5666666666667,0.4784233364802433,52.5,0.3559026084010434,0.046,79.96,Scope_TrialNumber_0_80.00W_1.00Torr_0.07NitrogenFlow_2420.00MHz.csv,D:\Data\NafisaData\LAS_1.0Torr_SmallAdmixture_1kHzLaserFreq_N1.3_very_fine\LAS_DataFrame_df87d7b4_Laser_True_20260730_151502.csv,fcb3d25a
df87d7b4|Scope_TrialNumber_0_80.00W_1.00Torr_0.13NitrogenFlow_2420.00MHz.csv,0.3073126174703867,0.0027491669789253812,0.0027491669789253812,0.0004140809819849703,0.1506205280214845,birge,0.0007395999259616662,1.2649119552220576,0.01122063570069899,0.01122063570069899,0.0017519393229135402,0.15613547838509748,birge,0.003129326284862119,0.03537156534153826,70.0259844317993,3,13.099787880957711,80,1.0,0.1304347826086956,2420,0,df87d7b4,1.001,79.86666666666666,0.3091206165165233,0.6327731522661243,0.0008462111053289,133.20000000000002,0.2828427124746163,53.333333333333336,0.0471404520791038,0.102,79.9,Scope_TrialNumber_0_80.00W_1.00Torr_0.13NitrogenFlow_2420.00MHz.csv,D:\Data\NafisaData\LAS_1.0Torr_SmallAdmixture_1kHzLaserFreq_N1.3_very_fine\LAS_DataFrame_df87d7b4_Laser_True_20260730_151502.csv,fcb3d25a
df87d7b4|Scope_TrialNumber_0_80.00W_1.00Torr_0.20NitrogenFlow_2420.00MHz.csv,0.29687963207720475,0.009176768377430098,0.0033218271505459037,0.009176768377430098,2.7625664917339248,birge,0.016456227394435818,1.2207281487641162,0.03555431437266317,0.013576313606513875,0.03555431437266317,2.618848930802859,birge,0.06348212682472427,0.021969396892267946,87.04904660994458,3,23.969796883531295,80,1.0,0.1956521739130434,2420,0,df87d7b4,1.001,80.23333333333333,0.4109609335312648,0.6291537508685555,0.0012526009803682,132.79999999999998,0.4320493798938591,52.56666666666666,0.1885618083164153,0.159,79.84,Scope_TrialNumber_0_80.00W_1.00Torr_0.20NitrogenFlow_2420.00MHz.csv,D:\Data\NafisaData\LAS_1.0Torr_SmallAdmixture_1kHzLaserFreq_N1.3_very_fine\LAS_DataFrame_df87d7b4_Laser_True_20260730_151502.csv,fcb3d25a
df87d7b4|Scope_TrialNumber_0_80.00W_1.00Torr_0.26NitrogenFlow_2420.00MHz.csv,0.30203891784034187,0.011411817969134503,0.0029783773416833456,0.011411817969134503,3.8315554612313396,birge,0.01953665546594872,1.223433996852225,0.044717545998181785,0.011987671236606812,0.044717545998181785,3.7302946598691817,birge,0.07678760028415106,0.020906880157070783,79.34116165301928,3,16.110656490806317,80,1.0,0.2608695652173913,2420,0,df87d7b4,1.0019999999999998,79.9,0.0816496580927679,0.6278836007881031,0.000492947334619,131.9,0.0,52.0,0.0816496580927737,0.208,79.79,Scope_TrialNumber_0_80.00W_1.00Torr_0.26NitrogenFlow_2420.00MHz.csv,D:\Data\NafisaData\LAS_1.0Torr_SmallAdmixture_1kHzLaserFreq_N1.3_very_fine\LAS_DataFrame_df87d7b4_Laser_True_20260730_151502.csv,fcb3d25a
df87d7b4|Scope_TrialNumber_0_80.00W_1.00Torr_0.33NitrogenFlow_2420.00MHz.csv,0.2866518247964189,0.005419903118445469,0.00309553708954431,0.005419903118445469,1.7508764914341006,birge,0.009661097847627259,1.1732602667025427,0.02409993302328886,0.012620491289491238,0.02409993302328886,1.9095875485731892,birge,0.042891749378691314,0.03929229461081826,86.25472395395059,3,18.431018572971105,80,1.0,0.3260869565217391,2420,0,df87d7b4,1.001,80.0,1.1603114287023092e-14,0.6277666839441096,0.00062182767909,132.03333333333333,0.1699673171197498,52.03333333333334,0.1699673171197619,0.258,79.73,Scope_TrialNumber_0_80.00W_1.00Torr_0.33NitrogenFlow_2420.00MHz.csv,D:\Data\NafisaData\LAS_1.0Torr_SmallAdmixture_1kHzLaserFreq_N1.3_very_fine\LAS_DataFrame_df87d7b4_Laser_True_20260730_151502.csv,fcb3d25a
df87d7b4|Scope_TrialNumber_0_80.00W_1.00Torr_0.39NitrogenFlow_2420.00MHz.csv,0.29919826470588734,0.003315988936702038,0.0030567124076391543,0.003315988936702038,1.0848220226459366,birge,0.005643499352490545,1.2158964764488753,0.014612894128906205,0.01226790460175846,0.014612894128906205,1.191148334069342,birge,0.024889777079098473,0.031194521653912708,79.5124258446672,3,17.2742622333558,80,1.0,0.3913043478260869,2420,0,df87d7b4,1.0019999999999998,79.8,0.1414213562373148,0.6276325342661957,0.0009092680840239,131.66666666666666,0.1699673171197628,51.86666666666667,0.188561808316412,0.306,79.68,Scope_TrialNumber_0_80.00W_1.00Torr_0.39NitrogenFlow_2420.00MHz.csv,D:\Data\NafisaData\LAS_1.0Torr_SmallAdmixture_1kHzLaserFreq_N1.3_very_fine\LAS_DataFrame_df87d7b4_Laser_True_20260730_151502.csv,fcb3d25a
df87d7b4|Scope_TrialNumber_0_80.00W_1.00Torr_0.46NitrogenFlow_2420.00MHz.csv,0.2972594891981116,0.00346051382303139,0.00346051382303139,0.0024659829995122345,0.7126060248914271,birge,0.004427367263845255,1.2037885653557239,0.013910658327827707,0.013910658327827707,0.011650528723322416,0.8375253312070793,birge,0.020900862585561997,0.03415543669342184,94.09531213811306,3,21.83015852684162,80,1.0,0.4565217391304347,2420,0,df87d7b4,1.0019999999999998,80.13333333333334,0.2494438257849279,0.6236327661413293,0.000750849796886,131.13333333333335,0.2357022603955158,51.0,0.0816496580927737,0.364,79.63,Scope_TrialNumber_0_80.00W_1.00Torr_0.46NitrogenFlow_2420.00MHz.csv,D:\Data\NafisaData\LAS_1.0Torr_SmallAdmixture_1kHzLaserFreq_N1.3_very_fine\LAS_DataFrame_df87d7b4_Laser_True_20260730_151502.csv,fcb3d25a
df87d7b4|Scope_TrialNumber_0_80.00W_1.00Torr_0.52NitrogenFlow_2420.00MHz.csv,0.3022457608564137,0.004308241623616913,0.0036063250078141257,0.004308241623616913,1.194634874638832,birge,0.007689859545405794,1.2230139653339418,0.018616443803139975,0.014440414209537351,0.018616443803139975,1.2891904299285621,birge,0.033303242781268776,0.018753469556069227,95.24961274308447,3,23.735875816221572,80,1.0,0.5217391304347826,2420,0,df87d7b4,1.001,79.93333333333334,0.124721912892469,0.6233595729940857,0.0005490492289886,130.73333333333332,0.0942809041582143,50.79999999999999,0.0816496580927708,0.423,79.57,Scope_TrialNumber_0_80.00W_1.00Torr_0.52NitrogenFlow_2420.00MHz.csv,D:\Data\NafisaData\LAS_1.0Torr_SmallAdmixture_1kHzLaserFreq_N1.3_very_fine\LAS_DataFrame_df87d7b4_Laser_True_20260730_151502.csv,fcb3d25a
df87d7b4|Scope_TrialNumber_0_80.00W_1.00Torr_0.59NitrogenFlow_2420.00MHz.csv,0.2863042283183915,0.0056893593532446095,0.0030856672120157013,0.0056893593532446095,1.8438019923503208,birge,0.01025153728737114,1.1582137595565114,0.022186282790137152,0.012385390512755643,0.022186282790137152,1.7913268675127867,birge,0.03993303218907745,0.024484710880156985,86.55677780700255,3,19.334705903020645,80,1.0,0.5869565217391304,2420,0,df87d7b4,1.001,79.96666666666665,0.2494438257849253,0.6192309280014121,0.0014815920977597,129.7,0.0816496580927795,49.73333333333333,0.2357022603955158,0.473,79.52,Scope_TrialNumber_0_80.00W_1.00Torr_0.59NitrogenFlow_2420.00MHz.csv,D:\Data\NafisaData\LAS_1.0Torr_SmallAdmixture_1kHzLaserFreq_N1.3_very_fine\LAS_DataFrame_df87d7b4_Laser_True_20260730_151502.csv,fcb3d25a
df87d7b4|Scope_TrialNumber_0_80.00W_1.00Torr_0.65NitrogenFlow_2420.00MHz.csv,0.3051140207739868,0.013132348759719142,0.003572383686084077,0.013132348759719142,3.676074552371044,birge,0.0224080482067231,1.2298033985059187,0.05338638285920962,0.01431353366880783,0.05338638285920962,3.729783580664617,birge,0.09136769639755209,0.022958091002767782,94.2467144735993,3,22.02331969525733,80,1.0,0.6521739130434783,2420,0,df87d7b4,1.001,79.96666666666667,0.0471404520791004,0.6166550208312628,0.0002590572803473,129.03333333333333,0.0471404520791004,49.06666666666666,0.0471404520791038,0.516,79.47,Scope_TrialNumber_0_80.00W_1.00Torr_0.65NitrogenFlow_2420.00MHz.csv,D:\Data\NafisaData\LAS_1.0Torr_SmallAdmixture_1kHzLaserFreq_N1.3_very_fine\LAS_DataFrame_df87d7b4_Laser_True_20260730_151502.csv,fcb3d25a
df87d7b4|Scope_TrialNumber_0_80.00W_1.00Torr_0.72NitrogenFlow_2420.00MHz.csv,0.28512660706570614,0.01406438620854418,0.0031881767272836765,0.01406438620854418,4.411419884031028,birge,0.025865291626638497,1.1444948082188222,0.05414463878163861,0.012684231353333148,0.05414463878163861,4.268657459279986,birge,0.09935530935493304,0.03905713055169558,90.35702659768094,3,21.465088847503473,80,1.0,0.717391304347826,2420,0,df87d7b4,1.001,80.03333333333335,0.0471404520791071,0.6122918858298504,0.0004505286787693,128.03333333333333,0.1885618083164153,48.0,0.1414213562373115,0.563,79.42,Scope_TrialNumber_0_80.00W_1.00Torr_0.72NitrogenFlow_2420.00MHz.csv,D:\Data\NafisaData\LAS_1.0Torr_SmallAdmixture_1kHzLaserFreq_N1.3_very_fine\LAS_DataFrame_df87d7b4_Laser_True_20260730_151502.csv,fcb3d25a
df87d7b4|Scope_TrialNumber_0_80.00W_1.00Torr_0.78NitrogenFlow_2420.00MHz.csv,0.3098839826580498,0.012712172613733174,0.004221364655415974,0.012712172613733174,3.0113893613581966,birge,0.024955069994715615,1.2051496832650521,0.04988991232757524,0.016923801303164985,0.04988991232757524,2.947914090568124,birge,0.09726610843993222,0.03290727963029182,126.11323317335507,3,38.5905837543948,80,1.0,0.7826086956521738,2420,0,df87d7b4,1.001,79.76666666666667,0.2054804667656331,0.6075369506243322,0.0008627202197919,126.43333333333332,0.1247219128924626,46.66666666666666,0.0942809041582043,0.631,79.36,Scope_TrialNumber_0_80.00W_1.00Torr_0.78NitrogenFlow_2420.00MHz.csv,D:\Data\NafisaData\LAS_1.0Torr_SmallAdmixture_1kHzLaserFreq_N1.3_very_fine\LAS_DataFrame_df87d7b4_Laser_True_20260730_151502.csv,fcb3d25a
df87d7b4|Scope_TrialNumber_0_80.00W_1.00Torr_0.85NitrogenFlow_2420.00MHz.csv,0.3034825666567888,0.005974229564705973,0.0031755564285786547,0.005974229564705973,1.8813174002957254,birge,0.010634645219944148,1.1883768949589357,0.02341757584382579,0.012336723162346725,0.02341757584382579,1.898200643368513,birge,0.04162865200753063,0.03410978782729839,86.47642449293842,3,20.202109177196775,80,1.0,0.8478260869565217,2420,0,df87d7b4,1.0,79.96666666666667,0.0942809041582009,0.6022008840441364,0.000186800310613,125.46666666666668,0.1699673171197609,45.5,0.0816496580927737,0.677,79.31,Scope_TrialNumber_0_80.00W_1.00Torr_0.85NitrogenFlow_2420.00MHz.csv,D:\Data\NafisaData\LAS_1.0Torr_SmallAdmixture_1kHzLaserFreq_N1.3_very_fine\LAS_DataFrame_df87d7b4_Laser_True_20260730_151502.csv,fcb3d25a
df87d7b4|Scope_TrialNumber_0_80.00W_1.00Torr_0.91NitrogenFlow_2420.00MHz.csv,0.2945219547014399,0.006747288662163922,0.0031394576999499526,0.006747288662163922,2.1491892253466207,birge,0.012103478970306945,1.1413140602475145,0.028566765070830204,0.012118519512987928,0.0285667650708302,2.3572817653356086,birge,0.051257432869820124,0.028553321860093954,91.18997884808739,3,22.460512186029614,80,1.0,0.9130434782608696,2420,0,df87d7b4,1.0,79.76666666666667,0.2054804667656324,0.5998488671366909,0.0006846996523594,124.59999999999998,0.1632993161855417,44.833333333333336,0.0471404520791038,0.732,79.27,Scope_TrialNumber_0_80.00W_1.00Torr_0.91NitrogenFlow_2420.00MHz.csv,D:\Data\NafisaData\LAS_1.0Torr_SmallAdmixture_1kHzLaserFreq_N1.3_very_fine\LAS_DataFrame_df87d7b4_Laser_True_20260730_151502.csv,fcb3d25a
df87d7b4|Scope_TrialNumber_0_80.00W_1.00Torr_0.98NitrogenFlow_2420.00MHz.csv,0.3001602481569477,0.003194949401442898,0.003194949401442898,0.002033897735295539,0.6365977922457844,birge,0.0036373628017685538,1.1698822527429091,0.01231593017294188,0.01231593017294188,0.0073900133794036985,0.6000369664030387,birge,0.01327284564933538,0.02433922083112403,89.39256302906169,3,19.31986564581859,80,1.0,0.9782608695652174,2420,0,df87d7b4,1.0,79.9,0.0816496580927679,0.5940216739412013,0.0002861703379337,123.46666666666664,0.0942809041582009,43.56666666666666,0.0471404520791038,0.776,79.21,Scope_TrialNumber_0_80.00W_1.00Torr_0.98NitrogenFlow_2420.00MHz.csv,D:\Data\NafisaData\LAS_1.0Torr_SmallAdmixture_1kHzLaserFreq_N1.3_very_fine\LAS_DataFrame_df87d7b4_Laser_True_20260730_151502.csv,fcb3d25a
df87d7b4|Scope_TrialNumber_0_80.00W_1.00Torr_1.04NitrogenFlow_2420.00MHz.csv,0.3194112152372424,0.0035497225957487827,0.0035497225957487827,0.0017195105087948726,0.4844070099602127,birge,0.0029773165435866746,1.2437440610227617,0.013807341273417192,0.013807341273417192,0.01241759239592149,0.8993471045601416,birge,0.021815981363776698,0.027039701635406768,95.45066175906368,3,21.64797313783824,80,1.0,1.0434782608695652,2420,0,df87d7b4,1.0,80.03333333333333,0.0471404520791004,0.588935000297348,0.0001132630583307,122.53333333333336,0.0471404520791004,42.5,0.0,0.829,79.19,Scope_TrialNumber_0_80.00W_1.00Torr_1.04NitrogenFlow_2420.00MHz.csv,D:\Data\NafisaData\LAS_1.0Torr_SmallAdmixture_1kHzLaserFreq_N1.3_very_fine\LAS_DataFrame_df87d7b4_Laser_True_20260730_151502.csv,fcb3d25a
df87d7b4|Scope_TrialNumber_0_80.00W_1.00Torr_1.11NitrogenFlow_2420.00MHz.csv,0.3325848085125613,0.0033460424170241327,0.0033460424170241327,0.0026550192727245983,0.7934804589494389,birge,0.004816004334669078,1.290574415482572,0.013009672330765498,0.013009672330765498,0.008060391975600432,0.6195691767377628,birge,0.014865743637642925,0.03965091105351154,87.82724214015923,3,18.484208153604555,80,1.0,1.108695652173913,2420,0,df87d7b4,1.0,80.1,0.2943920288776007,0.5818627119070556,0.001012018694352,121.1,0.2449489742783212,41.0,0.0816496580927737,0.892,79.12,Scope_TrialNumber_0_80.00W_1.00Torr_1.11NitrogenFlow_2420.00MHz.csv,D:\Data\NafisaData\LAS_1.0Torr_SmallAdmixture_1kHzLaserFreq_N1.3_very_fine\LAS_DataFrame_df87d7b4_Laser_True_20260730_151502.csv,fcb3d25a
df87d7b4|Scope_TrialNumber_0_80.00W_1.00Torr_1.17NitrogenFlow_2420.00MHz.csv,0.32047265535113334,0.0058805275977966785,0.0035835097637652758,0.0058805275977966785,1.640996672384638,birge,0.010459328310270317,1.2432754553275431,0.022511900358388,0.014416136591329624,0.022511900358388,1.5615765164106072,birge,0.04000344402499991,0.03572833659724155,104.06257288167534,3,28.249380678996403,80,1.0,1.1739130434782608,2420,0,df87d7b4,1.0,79.73333333333333,0.124721912892469,0.5776715212354654,0.0007456232948033,119.66666666666669,0.0471404520791071,39.93333333333333,0.0942809041582076,0.941,79.05,Scope_TrialNumber_0_80.00W_1.00Torr_1.17NitrogenFlow_2420.00MHz.csv,D:\Data\NafisaData\LAS_1.0Torr_SmallAdmixture_1kHzLaserFreq_N1.3_very_fine\LAS_DataFrame_df87d7b4_Laser_True_20260730_151502.csv,fcb3d25a
df87d7b4|Scope_TrialNumber_0_80.00W_1.00Torr_1.24NitrogenFlow_2420.00MHz.csv,0.3321289140385109,0.0037971007762190923,0.0037971007762190923,0.003730550347927668,0.9824733573814465,birge,0.0065844020911225475,1.2966505868032256,0.015303229243771047,0.015303229243771047,0.012496807141756855,0.8166124249130945,birge,0.021970691448728305,0.030641032248950338,106.44124340901662,3,30.257440427283512,80,1.0,1.2391304347826086,2420,0,df87d7b4,1.0,80.1,0.0816496580927679,0.5699208721724213,0.0003168191059934,118.63333333333333,0.1699673171197563,38.53333333333333,0.0942809041582076,0.988,79.0,Scope_TrialNumber_0_80.00W_1.00Torr_1.24NitrogenFlow_2420.00MHz.csv,D:\Data\NafisaData\LAS_1.0Torr_SmallAdmixture_1kHzLaserFreq_N1.3_very_fine\LAS_DataFrame_df87d7b4_Laser_True_20260730_151502.csv,fcb3d25a
df87d7b4|Scope_TrialNumber_0_80.00W_1.00Torr_1.30NitrogenFlow_2420.00MHz.csv,0.3339973224947381,0.0061361853799679735,0.0036405342999327986,0.0061361853799679735,1.6855178043731776,birge,0.011028285279470418,1.3387379156823156,0.022746638382390126,0.015054394134060654,0.022746638382390126,1.5109633891493333,birge,0.04074027353435699,0.023998097742249196,98.16337417367733,3,26.079983460819076,80,1.0,1.3043478260869563,2420,0,df87d7b4,1.0,79.76666666666667,0.1885618083164153,0.5641219487163204,0.0008162429260107,117.0,0.1632993161855475,37.23333333333333,0.0942809041582043,1.036,78.95,Scope_TrialNumber_0_80.00W_1.00Torr_1.30NitrogenFlow_2420.00MHz.csv,D:\Data\NafisaData\LAS_1.0Torr_SmallAdmixture_1kHzLaserFreq_N1.3_very_fine\LAS_DataFrame_df87d7b4_Laser_True_20260730_151502.csv,fcb3d25a
df87d7b4|Scope_TrialNumber_0_80.00W_1.00Torr_1.37NitrogenFlow_2420.00MHz.csv,0.33043394955893596,0.00432228113366507,0.003478844264895545,0.00432228113366507,1.2424474349945784,birge,0.007655829177703501,1.3123023325330354,0.01693548619864335,0.014342581528152648,0.01693548619864335,1.1807836800788731,birge,0.029943099924248928,0.023670470731881072,97.30326743984757,3,25.371765478315883,80,1.0,1.3695652173913042,2420,0,df87d7b4,1.0,79.96666666666667,0.1247219128924576,0.5562743436168226,0.0007580755946274,115.8,0.0816496580927737,35.833333333333336,0.0942809041582043,1.105,78.89,Scope_TrialNumber_0_80.00W_1.00Torr_1.37NitrogenFlow_2420.00MHz.csv,D:\Data\NafisaData\LAS_1.0Torr_SmallAdmixture_1kHzLaserFreq_N1.3_very_fine\LAS_DataFrame_df87d7b4_Laser_True_20260730_151502.csv,fcb3d25a
df87d7b4|Scope_TrialNumber_0_80.00W_1.00Torr_1.43NitrogenFlow_2420.00MHz.csv,0.32063243988401696,0.00708174862973479,0.003171696429914167,0.007081748629734791,2.2327952205458823,birge,0.012582608988677501,1.2450069762772091,0.02684740053875154,0.01279565320612135,0.02684740053875154,2.09816569004136,birge,0.04764353128841033,0.03384770212923511,94.02513933913234,3,24.319564511475996,80,1.0,1.434782608695652,2420,0,df87d7b4,1.0,80.10000000000001,0.1414213562373148,0.5499694887724346,0.000969940167225,114.83333333333331,0.0942809041582076,34.73333333333334,0.1247219128924633,1.156,78.85,Scope_TrialNumber_0_80.00W_1.00Torr_1.43NitrogenFlow_2420.00MHz.csv,D:\Data\NafisaData\LAS_1.0Torr_SmallAdmixture_1kHzLaserFreq_N1.3_very_fine\LAS_DataFrame_df87d7b4_Laser_True_20260730_151502.csv,fcb3d25a
df87d7b4|Scope_TrialNumber_0_80.00W_1.00Torr_1.50NitrogenFlow_2420.00MHz.csv,0.3421645397349945,0.025830023139879525,0.0031827426102456154,0.02583002313987952,8.115649395188195,birge,0.04271896198247936,1.3226598187073135,0.09904529412020911,0.012674014313142858,0.09904529412020911,7.814832118147435,birge,0.16414452976844754,0.047190619031791746,86.80665933345524,3,20.49381585691003,80,1.0,1.5,2420,0,df87d7b4,1.0,80.0,0.2449489742783212,0.5438521337288248,0.0009126525759344,113.6,0.2160246899469295,33.6,0.0816496580927737,1.198,78.79,Scope_TrialNumber_0_80.00W_1.00Torr_1.50NitrogenFlow_2420.00MHz.csv,D:\Data\NafisaData\LAS_1.0Torr_SmallAdmixture_1kHzLaserFreq_N1.3_very_fine\LAS_DataFrame_df87d7b4_Laser_True_20260730_151502.csv,fcb3d25a
