trial,power,pressure,n2_flow,area_mean,area_err,area_err_int,area_err_ext,area_birge,area_method,area_std,area_sem,fwhm_mean,fwhm_err,fwhm_err_int,fwhm_err_ext,fwhm_birge,fwhm_method,fwhm_std,fwhm_sem,n_fits,chi2_median,fwhm_wavelength_m,T_gas_K,T_gas_K_err,N_s_m3,N_s_m3_err,N_s_cm3,N_s_cm3_err
0,30.0,1.0,0.0,0.3990794795396459,0.003225498157236428,0.00011359456648836221,0.003225498157236428,28.39482782450586,birge,0.005380275453880428,0.0031063034816122014,1.0064710247431279,0.010617547495753683,0.00030625535068491016,0.010617547495753683,34.66893712063667,birge,0.017911051183828373,0.010340950222452476,3,92.9741742690833,1.6248922986729255e-12,425.6367325357764,8.980324544940396,1.3491617947336274e+17,1090439149551610.2,134916179473.36273,1090439149.5516102
0,30.0,1.0,0.13,0.4223342421845934,0.0018356714732452137,0.00010542059483597364,0.0018356714732452137,17.412835472057218,birge,0.0031603611924837564,0.0018246353852169434,1.0854787957854473,0.007758059078418385,0.00028928652584012723,0.007758059078418385,26.817906765231914,birge,0.01360731004542671,0.00785618411767381,3,59.51539384273955,1.7524460141261286e-12,495.08439304618594,7.076865959921338,1.4277788094254216e+17,620582602303108.1,142777880942.54214,620582602.3031081
0,30.0,1.0,0.26,0.4000567604887597,0.007601314455129628,0.00015140256906494317,0.007601314455129627,50.20598066515696,birge,0.013231120344640373,0.007638990892658453,1.1073071158350771,0.02078803398340845,0.00044934033570223826,0.02078803398340845,46.26344962092149,birge,0.034937955173762525,0.020171437824506873,3,116.90444599156739,1.7876866403037809e-12,515.1962926621014,19.344078777835563,1.3524656732512256e+17,2569764565305981.5,135246567325.12256,2569764565.305981
0,30.0,1.0,0.39,0.40415948705146143,0.006682568879654031,0.0001558066086841527,0.006682568879654031,42.89015039920912,birge,0.011450091926954072,0.006610713656272894,1.108346230877314,0.02340315122379456,0.0004632225243114627,0.02340315122379456,50.52248108742375,birge,0.04041698867083283,0.02333475928893939,3,133.9765577584956,1.7893642345792812e-12,516.1636835503133,21.797984070008493,1.3663356971848568e+17,2259165676347298.0,136633569718.48567,2259165676.3472977
0,30.0,1.0,0.52,0.4341763193215023,0.004078878091021949,0.0001636961289130111,0.004078878091021949,24.91737659348978,birge,0.007106831990224162,0.004103131362641364,1.0879415547437414,0.00880664726441052,0.00044527745147584033,0.00880664726441052,19.777887326702746,birge,0.015352967240888164,0.008864039769386288,3,140.88510642936845,1.7564220034655546e-12,497.3334589635757,8.05160962330011,1.467813135574779e+17,1378939977603171.0,146781313557.47787,1378939977.6031709
0,30.0,1.0,0.65,0.4229991808705424,0.004290525962740086,0.00015719843817940473,0.004290525962740086,27.293693324379397,birge,0.007389751070975298,0.0042664747700719135,1.1049296400224433,0.012854178268123916,0.0004465610294699407,0.012854178268123916,28.784818691818177,birge,0.022128237214854823,0.012775743712688328,3,128.27624655762753,1.7838483359281373e-12,512.9863334479363,11.935633800387677,1.4300267573077771e+17,1450491444691427.2,143002675730.7777,1450491444.6914272
0,30.0,1.0,0.78,0.36478145736824175,0.01900851433659612,0.0001779052757396405,0.01900851433659612,106.84626556221166,birge,0.03182641348120781,0.018374988390715663,1.1163537380113837,0.03463204574140827,0.0005889750732879724,0.03463204574140827,58.800528769534765,birge,0.06040312013134684,0.03487375766772641,3,147.90482296660716,1.802291915907255e-12,523.6489166705809,32.48976129533865,1.2332110041744038e+17,6426178902299132.0,123321100417.44038,6426178902.299131
0,30.0,1.0,0.91,0.3526200671007671,0.0030979150318293635,0.00013757750832171548,0.0030979150318293635,22.517598040699383,birge,0.005480484189860693,0.0031641590223055595,1.077876972996355,0.0007599732456198138,0.0004584621532301053,0.0007599732456198138,1.6576575411196004,birge,0.0013114618722377628,0.000757172864968403,3,105.35861428395884,1.740173287935104e-12,488.17432641916577,0.6883891883239895,1.1920971810867094e+17,1047307320611049.2,119209718108.67094,1047307320.6110492
0,30.0,1.0,1.04,0.3636577218951736,0.0009726194569428248,0.0001370315137385149,0.0009726194569428248,7.097779411521269,birge,0.001726937174243093,0.0009970476424228216,1.102336649857584,0.0041075059953693295,0.0004518584731174777,0.0041075059953693295,9.090248915840132,birge,0.007167761873337512,0.004138309247058549,3,98.1485471733458,1.7796620954444733e-12,510.58146044097435,3.805037980287927,1.229412009123595e+17,328811948345609.5,122941200912.3595,328811948.3456095
0,30.0,1.0,1.17,0.36381497128052126,0.006416095176814899,0.00013396231153785663,0.006416095176814899,47.89477803988,birge,0.010779152794607545,0.006223346767602773,1.1260310212483513,0.016230936655750018,0.0004518824706422192,0.016230936655750018,35.918491444650364,birge,0.027236503935788327,0.015725002879111695,3,94.72442110641413,1.8179153592228121e-12,532.7669281124496,15.358913030451031,1.2299436196769645e+17,2169079325732008.0,122994361967.69644,2169079325.732008
0,30.0,1.0,1.3,0.3391616570528507,0.005058233496563603,0.00010572239892784753,0.005058233496563603,47.84448279513314,birge,0.009455960320570243,0.00545940123652765,1.0804437233448854,0.014081647784799069,0.0003670756296849459,0.014081647784799069,38.36170708713374,birge,0.026556466806267734,0.015332383259324038,3,54.09795504767764,1.744317165673668e-12,490.5020754391659,12.785631152845317,1.1465985433831285e+17,1710029137623836.5,114659854338.31284,1710029137.6238365
0,30.0,1.0,1.43,0.2994174176687562,0.0085663298589459,7.921525376956333e-05,0.0085663298589459,108.13990300233462,birge,0.014462811949904184,0.008350108372516117,1.0874347110640157,0.01915639084248881,0.00030972030775514963,0.01915639084248881,61.85061283625275,birge,0.03210210825322038,0.018534160841551295,3,30.53554004107937,1.7556037321278101e-12,496.8701774521943,17.505858918072885,1.0122358109278736e+17,2896005823227892.5,101223581092.78735,2896005823.2278924
0,30.0,1.0,1.57,0.32626848109031914,0.003461414813470435,8.637157584786023e-05,0.0034614148134704346,40.07585573716481,birge,0.005966159626123479,0.0034445638661706676,1.130716443207852,0.017004424583545365,0.0003224187620825416,0.017004424583545365,52.740183213010745,birge,0.02934481977704906,0.01694223959760033,3,35.1726673729326,1.8254797161400606e-12,537.2098453102429,16.157798632874186,1.1030107837681984e+17,1170195126907145.8,110301078376.81984,1170195126.9071457
0,30.0,1.0,1.7,0.3192353931436151,0.005395508872345178,7.555296322891275e-05,0.005395508872345178,71.41359705505785,birge,0.009419479003942443,0.005438338738552198,1.1340957344766218,0.017041857134458688,0.00028937708737210435,0.017041857134458688,58.8915220939552,birge,0.02944769840343557,0.01700163660023844,3,25.51483393711893,1.830935396654061e-12,540.4256848101356,16.24176342851095,1.0792341326418605e+17,1824051299784074.2,107923413264.18605,1824051299.784074
0,30.0,1.0,1.83,0.31381852728259235,0.002434909755023513,8.510027041209705e-05,0.002434909755023513,28.612244628982864,birge,0.004229576611237248,0.0024419471950559704,1.1485218734568265,0.010257285667714115,0.0003350189034540181,0.010257285667714115,30.617035522361036,birge,0.01798047576329744,0.010381032522097319,3,33.94237516956628,1.8542256072535187e-12,554.2619801140596,9.900069987646605,1.0609214184042878e+17,823166156999958.8,106092141840.42877,823166156.9999588
0,30.0,1.0,1.96,0.27217600091796945,0.0010293495836761356,9.849558897031188e-05,0.0010293495836761356,10.45071758478847,birge,0.0018384366739185908,0.0010614219085749786,1.1296827010356953,0.0034166797198565226,0.00043987506243085855,0.0034166797198565226,7.7673867233461795,birge,0.005976659984372611,0.0034506262508323914,3,48.088001221964525,1.823810796068785e-12,536.2280206957508,3.2435999982123915,9.201411766535824e+16,347990614130998.75,92014117665.35823,347990614.13099873
0,30.0,1.0,2.09,0.2895051527987298,0.0032747172439350036,0.00010358701204260817,0.0032747172439350036,31.613203039276996,birge,0.005624411118370688,0.0032472552732244414,1.1697292387045708,0.008987350654793778,0.0004499977745133643,0.008987350654793778,19.971989115974765,birge,0.015426554190010162,0.008906525214270718,3,50.00730617176164,1.888463735941822e-12,574.919764516245,8.83453255866497,9.787255711196368e+16,1107078569704708.6,97872557111.96367,1107078569.7047086
0,30.0,1.0,2.22,0.27637032528614364,0.002761666654239531,0.0001200933580862589,0.002761666654239531,22.995998265415487,birge,0.0048087134898402205,0.0027763120278150363,1.1579535369052423,0.013567497437963705,0.0005418353650357565,0.013567497437963705,25.039889076026565,birge,0.023834841838966603,0.013761052351819524,3,67.46704060817711,1.8694525108843677e-12,563.4025583841018,13.202537966847663,9.343208638647328e+16,933632354133525.5,93432086386.47328,933632354.1335255
0,30.0,1.0,2.35,0.2648263630044068,0.0030288410934027994,0.0001386655933955497,0.0030288410934028,21.84277310062704,birge,0.005283549815628248,0.003050458908329767,1.16968370538766,0.014701357319120797,0.0006435993196891568,0.014701357319120797,22.842406555403453,birge,0.025587513436526738,0.014772957770471879,3,87.90453335802225,1.8883902248976262e-12,574.8750063047503,14.45081750321033,8.952943699735126e+16,1023955601588962.9,89529436997.35126,1023955601.5889628
0,30.0,1.0,2.48,0.24836221212627463,0.00383236522560121,0.000144365437568446,0.00383236522560121,26.546279290596985,birge,0.006790212272455543,0.003920330883356908,1.1540744270075072,0.02457950040738182,0.0007041878282661538,0.024579500407381823,34.90475043838984,birge,0.04359230277312188,0.025168027740657586,3,93.18692630340001,1.863189900591991e-12,559.6341174400185,23.83819742591389,8.396342709548174e+16,1295601756274521.2,83963427095.48174,1295601756.274521
0,30.0,1.0,2.61,0.2316825397382382,0.002889121109484128,0.0001530497441870727,0.002889121109484128,18.877007111836498,birge,0.004931607856765845,0.002847265123641434,1.173589546022214,0.008346932916958386,0.0008098233985942097,0.008346932916958386,10.30710267380272,birge,0.014330649725178514,0.008273804476494052,3,102.13277473188415,1.8946959904993243e-12,578.7206939048438,8.23208220634219,7.832455617168208e+16,976720683752216.1,78324556171.68208,976720683.7522161
0,30.0,1.0,2.74,0.21935296822790196,0.0024764170061769256,0.00014069100896108507,0.0024764170061769256,17.60181424857006,birge,0.004282130801094791,0.0024722893707172654,1.1511985795839934,0.016330667198156415,0.0007706816590497439,0.016330667198156415,21.189899884593398,birge,0.02821411236455533,0.01628942536862237,3,81.98095732925293,1.8585470025693497e-12,556.8484789563126,15.798676876271553,7.41563170914942e+16,837198448894594.8,74156317091.4942,837198448.8945947
0,30.0,1.0,2.87,0.21289610375017098,0.002937690035271395,0.0001447656104957118,0.002937690035271395,20.292734063097218,birge,0.005006130235925509,0.0028902906393099177,1.1457070011106159,0.011177236451053563,0.0008152784561331081,0.011177236451053563,13.709716437335477,birge,0.01895920092715789,0.010946099758914812,3,97.1082089479338,1.8496811501507695e-12,551.5484665712368,10.761543080572528,7.197345495155752e+16,993140305016386.8,71973454951.55751,993140305.0163867
0,30.0,1.0,3.0,0.22008790926400157,0.0009316849339790312,0.00015862726469415548,0.0009316849339790312,5.873422426941454,birge,0.0015990691937445571,0.0009232230294612579,1.173877008480645,0.005076632296440884,0.0008851709693975466,0.005076632296440884,5.735199720677774,birge,0.008668123818564591,0.005004543620017274,3,108.14062723593655,1.8951600828809017e-12,579.0042357076643,5.008006088430114,7.440477746546064e+16,314973277780010.94,74404777465.46063,314973277.78001094
0,35.0,1.0,0.0,0.36129441369372,0.02009789192805676,0.00011395319489206475,0.02009789192805676,176.36970992426555,birge,0.03606728812674623,0.020823458508916728,1.0050396785733346,0.03737489118719906,0.00033538900675365065,0.03737489118719906,111.43743663205873,birge,0.07126419599718171,0.04114440274255512,3,55.44956329306687,1.6225814687425501e-12,424.42696040492984,31.566736717430864,1.2214224098130522e+17,6794463091737548.0,122142240981.3052,6794463091.737548
0,35.0,1.0,0.13,0.38583618275728565,0.005875898726418783,0.00010338373371006466,0.005875898726418783,56.835814644666385,birge,0.01047572288417731,0.006048161427135693,1.083447837588084,0.004262412799157401,0.0003086734515143819,0.004262412799157401,13.808809206770425,birge,0.007416921365474731,0.004282161546915123,3,45.40617984062939,1.7491671434456091e-12,493.2334954396475,3.8808786006999165,1.3043903871040246e+17,1986455951218772.8,130439038710.40245,1986455951.2187726
0,35.0,1.0,0.26,0.37956499473521726,0.004480785970279412,0.00013800561469759831,0.004480785970279412,32.46814254693791,birge,0.007857350828937777,0.004536443616204555,1.0734372438807123,0.018525231308844852,0.00041975893156814684,0.018525231308844852,44.13302473311953,birge,0.03227838576968345,0.018635934713133327,3,113.46514253337992,1.733005588646351e-12,484.1610703806438,16.71116941520255,1.2831894792128803e+17,1514812349773766.8,128318947921.28802,1514812349.7737668
0,35.0,1.0,0.39,0.360640408439324,0.009196634578602843,0.00015482942801223974,0.009196634578602843,59.398492241900044,birge,0.015386409629413933,0.008883347741403985,1.1050563789253236,0.038275918597918034,0.0005148309152487306,0.038275918597918034,74.34658149739465,birge,0.0683734335677373,0.03947542027575213,3,124.4974931000622,1.7840529489395104e-12,513.1040224870745,35.54484308950675,1.2192114244128406e+17,3109091960300735.0,121921142441.28406,3109091960.300735
0,35.0,1.0,0.52,0.3892962712179042,0.004441729536856176,0.00015901734085189604,0.004441729536856176,27.932359534253997,birge,0.007790187794407103,0.004497667020138678,1.1055751616170797,0.00968933799246858,0.0004889454720211342,0.00968933799246858,19.816806877086222,birge,0.016908467446881275,0.009762108232040928,3,133.72820655697427,1.7848904951577283e-12,513.5859019169837,9.00220548472133,1.3160878543926214e+17,1501608602020569.5,131608785439.26213,1501608602.0205693
0,35.0,1.0,0.65,0.392409468770417,0.0015991796165858063,0.0001627672213464899,0.0015991796165858063,9.824948803307029,birge,0.0027275686403034015,0.0015747624887123505,1.1001161196078346,0.002025779377238351,0.0004952530804607396,0.002025779377238351,4.090392280556327,birge,0.0035177329197102233,0.0020309640481319057,3,141.37643161608827,1.7760771710769698e-12,508.5265171313378,1.8728250824117325,1.326612592978914e+17,540632167833626.25,132661259297.89139,540632167.8336263
0,35.0,1.0,0.78,0.37586949331889535,0.009637538841265074,0.0001758976255260583,0.009637538841265074,54.790613644965454,birge,0.016519003135474913,0.009537250907010714,1.068927586345123,0.02334699451870115,0.0005423774698033332,0.023346994518701154,43.04565697975398,birge,0.04300728074902279,0.02483026511756212,3,174.60945238954105,1.7257249937567944e-12,480.10156108242643,20.97228784849092,1.2706961550032845e+17,3258147779208103.5,127069615500.32845,3258147779.208103
0,35.0,1.0,0.91,0.39644052480606895,0.004561018123906441,0.00014969753644328168,0.004561018123906441,30.46822434272021,birge,0.008276227491400084,0.004778282170034421,1.08416711191342,0.005639060992078198,0.0004446781603939348,0.005639060992078198,12.68121867528332,birge,0.009619131388558917,0.00555360809655487,3,122.13330618418878,1.7503283724160804e-12,493.8886039533155,5.137709731979974,1.3402403214755171e+17,1541936309268665.5,134024032147.55171,1541936309.2686653
0,35.0,1.0,1.04,0.4027816932932513,0.002034152630277813,0.0001414110092363618,0.002034152630277813,14.38468363434012,birge,0.0034884909305216033,0.0020140811778022157,1.1020987365206025,0.008321348021428046,0.0004204532311234494,0.008321348021428046,19.791376080505877,birge,0.01420928327340948,0.00820373352289461,3,98.0626468544374,1.779277997403388e-12,510.36109032009006,7.706917916550122,1.3616778112375667e+17,687682818618867.4,136167781123.75667,687682818.6188674
0,35.0,1.0,1.17,0.3891684116218072,0.0008583730322935077,0.00013051232629888055,0.0008583730322935077,6.5769499068447015,birge,0.0014636729508739675,0.000845051972192659,1.1082844275134187,0.0033522993414709665,0.00040502346776301416,0.0033522993414709665,8.27680272450892,birge,0.005598892002871473,0.003232521805021488,3,81.77906953403603,1.789264456436089e-12,516.10612073888,3.1221988971980474,1.3156556014430507e+17,290188837104817.06,131565560144.30507,290188837.10481703
0,35.0,1.0,1.3,0.369675490456121,0.008698698809598834,0.00010999584728072195,0.008698698809598834,79.08206559288335,birge,0.01501596569310537,0.00866947183505657,1.1169702345392838,0.02397841112718354,0.0003621384519062437,0.02397841112718354,66.21338054814312,birge,0.04154735014815375,0.023987373792152208,3,59.38705522210522,1.8032872157576395e-12,524.2274373802086,22.507566681644487,1.2497561857806986e+17,2940755588672091.0,124975618578.06985,2940755588.672091
0,35.0,1.0,1.43,0.3136377550313471,0.006306515689949633,0.00012171294732489147,0.006306515689949633,51.81466580638698,birge,0.011168388667736133,0.006448072203731823,1.0358171001512748,0.015244600786054836,0.00043478733536790885,0.015244600786054835,35.06220063460483,birge,0.02724449724069754,0.015729617815852744,3,80.15444225976938,1.6722699287831839e-12,450.81950774654024,13.269839667945366,1.0603102844637269e+17,2132033958895389.5,106031028446.37268,2132033958.8953893
0,35.0,1.0,1.57,0.34703600322734585,0.0022430745801095883,8.527560341728597e-05,0.0022430745801095883,26.303825364135754,birge,0.0039855073343110685,0.0023010337323217233,1.1480793363667408,0.007574057304739941,0.00030376062130096297,0.007574057304739941,24.934296197780164,birge,0.013456118410512884,0.007768893586557093,3,31.11621054388042,1.8535111553797146e-12,553.8349369122286,7.3074698179225415,1.1732192231268997e+17,758312737531118.6,117321922312.68996,758312737.5311186
0,35.0,1.0,1.7,0.3325983484429022,0.0014040047209991277,7.587181252935778e-05,0.0014040047209991277,18.504958220892156,birge,0.0025181378505541355,0.001453847565874016,1.1615533588242086,0.0052480146438873675,0.0002848818448806856,0.005248014643887368,18.421723736327756,birge,0.009416129925979917,0.005436405147488996,3,25.59757147736419,1.8752642260444894e-12,566.9109917498638,5.122721507164546,1.1244100679601294e+17,474649694186916.94,112441006796.01294,474649694.1869169
0,35.0,1.0,1.83,0.3205847162560294,0.0005653120116496679,8.320180979523212e-05,0.0005653120116496679,6.7944677290188356,birge,0.0009760730265454244,0.0005635360246247336,1.1416490656485085,0.004618280260406196,0.0003188544721522575,0.004618280260406196,14.483975179124672,birge,0.007976093677744059,0.0046049998319272045,3,29.138430140667527,1.8431298357872264e-12,547.6483691218926,4.430772518212654,1.0837957683193461e+17,191114153276321.03,108379576831.9346,191114153.27632102
0,35.0,1.0,1.96,0.2822231168665776,0.00611012558509835,0.00011904129582135168,0.00611012558509835,51.327781195090246,birge,0.010590169865426774,0.006114237422568011,1.1060859402352294,0.0142955828330951,0.0005025115254753445,0.014295582833095101,28.44826856373567,birge,0.0248953617992685,0.014373343836380795,3,61.77645672595685,1.7857151192378603e-12,514.0605676017137,13.287928465694673,9.541073054075776e+16,2065640661341045.8,95410730540.75775,2065640661.3410456
0,35.0,1.0,2.09,0.300542266385165,0.0018100798383957983,0.00010637427951077837,0.0018100798383957981,17.0161419350661,birge,0.0031597416579566304,0.001824277696790935,1.1824733143184931,0.004745074908596858,0.00045029120040165866,0.004745074908596858,10.53779177644214,birge,0.008316322336954108,0.004801430939908152,3,46.99186311420896,1.9090383474405016e-12,587.5153860918667,4.715209186037041,1.0160385695031443e+17,611930878079293.4,101603856950.31442,611930878.0792934
0,35.0,1.0,2.22,0.28795149411012855,0.001042393817511607,0.00012976615820611438,0.001042393817511607,8.032863359150376,birge,0.001791557493123592,0.001034356200923597,1.1661487960271422,0.004864513356596786,0.0005651319446750504,0.004864513356596786,8.607747982453674,birge,0.008367440920707302,0.004830944267998651,3,72.64841264810882,1.8826833075048692e-12,571.4055891062272,4.767162011762008,9.734731413351368e+16,352400457992850.7,97347314133.51367,352400457.99285066
0,35.0,1.0,2.35,0.27510803466041023,0.0014866307591474789,0.00014030445444480663,0.0014866307591474789,10.595748830856214,birge,0.0026040090092335853,0.0015034253024532212,1.1631185201832173,0.005263340954348549,0.0006223731646632319,0.005263340954348549,8.456889295984604,birge,0.009133445015520065,0.0052731969383391555,3,80.84345078752052,1.8777910932626317e-12,568.4398151699974,5.144604797102323,9.300534575624734e+16,502582950501812.0,93005345756.24734,502582950.501812
0,35.0,1.0,2.48,0.2633591937026851,0.0025651920567640813,0.00014634804123467776,0.0025651920567640813,17.52802453058216,birge,0.00451039606453818,0.002604078382012947,1.1569082430440363,0.007672960028968143,0.0006735737762597054,0.007672960028968143,11.391417390943277,birge,0.013516194512387452,0.007803578540146239,3,87.71220287205213,1.8677649412443406e-12,562.3858415557224,7.45982079228805,8.903343335151803e+16,867210492289032.6,89033433351.51802,867210492.2890326
0,35.0,1.0,2.61,0.23952573402786573,0.005308640374232994,0.000150162685826412,0.005308640374232994,35.352593389077896,birge,0.00929518039295072,0.00536657490203623,1.14416599289757,0.01938992340457159,0.0007516409768753256,0.01938992340457159,25.79678862796725,birge,0.03376974534249275,0.019496971563953303,3,97.78721618693694,1.847193276862804e-12,550.06576790754,18.643681377373174,8.09760926767524e+16,1794683801622043.2,80976092676.7524,1794683801.6220431
0,35.0,1.0,2.74,0.2408151621438393,0.002397936043805368,0.0001458115856510894,0.002397936043805368,16.445442473572417,birge,0.004126560615843837,0.0023824708823847475,1.1651602927910865,0.01591524721621715,0.0007382217996522204,0.01591524721621715,21.558896287965073,birge,0.02721583510187888,0.015713069722290238,3,92.0905017271549,1.8810874232161092e-12,570.4372789215345,15.583521634838686,8.141200763613184e+16,810666511906059.6,81412007636.13184,810666511.9060596
0,35.0,1.0,2.87,0.23401114265470904,0.001405852424238389,0.0001457578081601575,0.001405852424238389,9.645125993481253,birge,0.002399925858587589,0.0013855978404906882,1.1588452832137426,0.0016156481814228482,0.0007542895514561233,0.0016156481814228482,2.141946919858441,birge,0.0028370031973740818,0.0016379445596957551,3,89.31130303071622,1.8708921864174237e-12,564.2706512579236,1.5733987353461047,7.91117833409747e+16,475274344349659.5,79111783340.9747,475274344.3496595
0,35.0,1.0,3.0,0.238299672370056,0.0019769309232976597,0.00015889578459856506,0.0019769309232976597,12.44168263048756,birge,0.003426961993771098,0.00197855742960636,1.1803465827983075,0.010807578010825651,0.0008230136051069503,0.010807578010825651,13.13171245744013,birge,0.018670042515342662,0.010779154072014845,3,104.89556376959064,1.905604855980202e-12,585.4039407927428,10.720239038542504,8.056159991741213e+16,668337965063349.9,80561599917.41212,668337965.0633498
0,40.0,1.0,0.0,0.3410069208380587,0.002340210851327874,0.00011004117645770355,0.002340210851327874,21.26668331492602,birge,0.004002492262801194,0.002310839985357664,1.0082592708167768,0.003784541592617612,0.00034540635138600545,0.003784541592617612,10.95678054972485,birge,0.007420912310951522,0.0042844657203604695,3,57.257386079167844,1.6277793239342297e-12,427.1505752140743,3.206653615788014,1.1528367979861467e+17,791151445790879.2,115283679798.61467,791151445.7908792
0,40.0,1.0,0.13,0.4374170002173052,0.00426875145870896,0.00012112406980598085,0.00426875145870896,35.24280075419145,birge,0.007786654233781537,0.00449562691796031,1.099746010641037,0.006199724768151962,0.0003242428166580616,0.006199724768151962,19.12062334040861,birge,0.011080859080806605,0.0063975369731560025,3,21.663739438644633,1.7754796504379897e-12,508.1844104010153,5.729692939036721,1.4787688551186253e+17,1443130171951481.8,147876885511.86252,1443130171.9514816
0,40.0,1.0,0.26,0.3980458134673443,0.0037460021972166007,0.00013987653138091753,0.0037460021972166007,26.780777019808514,birge,0.006648324147255501,0.0038384117360778527,1.08426926872018,0.027064196167946107,0.00041018667120984285,0.02706419616794611,65.98019406169499,birge,0.045712829296999435,0.026392314300042036,3,81.9200599679057,1.7504932989807612e-12,493.9816827031975,24.660326636079684,1.3456672959063e+17,1266405141477784.8,134566729590.62999,1266405141.4777846
0,40.0,1.0,0.39,0.34359012370548975,0.007268668537067049,0.00014266665244718022,0.0072686685370670495,50.948616319136974,birge,0.012739279930131573,0.007355026696943461,1.0698246331209795,0.006743657548792963,0.0004807536984596576,0.006743657548792963,14.02726088306704,birge,0.011874001254066995,0.006855457820393534,3,92.7135109270335,1.7271732266038461e-12,480.9077041254807,6.062819585182895,1.1615697917767685e+17,2457307476722568.0,116156979177.67685,2457307476.722568
0,40.0,1.0,0.52,0.36091846046154913,0.0024868109715555746,0.00015878491887891206,0.0024868109715555746,15.661506074465384,birge,0.004330954489304886,0.0025004777402481944,1.1054066878793922,0.007799598231281544,0.0005251166553975089,0.007799598231281544,14.853077218389338,birge,0.01367463954758177,0.007895056823867437,3,121.8678433123908,1.784618503543298e-12,513.4293876484201,7.245374915313536,1.2201514305634133e+17,840712320617799.8,122015143056.34132,840712320.6177998
0,40.0,1.0,0.65,0.35612212002404614,0.0016637326591515823,0.00015796968440557658,0.0016637326591515823,10.531974317806828,birge,0.002866539310806408,0.001654997242736724,1.089401355133994,0.009344971669233768,0.0005239214680418245,0.009344971669233768,17.836588571491333,birge,0.01623459994867829,0.009373050650555296,3,143.46836887307137,1.7587787711751134e-12,498.668998824029,8.555244849612917,1.2039365169820896e+17,562455514617585.94,120393651698.20895,562455514.6175859
0,40.0,1.0,0.78,0.32132838160830896,0.00456265689469043,0.00016407696338087196,0.00456265689469043,27.808028626780054,birge,0.008214728169286064,0.00474277551985691,1.0793526934028583,0.02618211356434638,0.0005980583269870913,0.02618211356434638,43.77852858641244,birge,0.04616920260313721,0.02665580155119164,3,153.0334360120955,1.7425557576382267e-12,489.51195954246816,23.74841475670086,1.0863098662191432e+17,1542490325960938.0,108630986621.91432,1542490325.960938
0,40.0,1.0,0.91,0.3548264963472052,0.00604458629411644,0.00014294324018489072,0.00604458629411644,42.28661870472529,birge,0.010731868469302044,0.006196047149659193,1.117690533061987,0.019347408143276162,0.000489712723248669,0.019347408143276162,39.50766893481718,birge,0.03403345760972046,0.019649225912425825,3,105.97500149366745,1.8044500982386182e-12,524.903770532537,18.172342314854955,1.1995564221519506e+17,2043483895087686.2,119955642215.19505,2043483895.087686
0,40.0,1.0,1.04,0.3950486126581988,0.002389402663584487,0.00013613433331324362,0.002389402663584487,17.551800529896433,birge,0.00401910161353324,0.002320429398473875,1.1091886384509118,0.005869407924713084,0.00041504564035382477,0.005869407924713084,14.141596378917358,birge,0.009969290877053507,0.005755772771496523,3,100.34572366361604,1.7907242554293915e-12,516.94861054954,5.470994141567144,1.335534705707705e+17,807781645315768.2,133553470570.7705,807781645.3157682
0,40.0,1.0,1.17,0.41179422966092527,0.0014952725717480022,0.00014716673305379123,0.0014952725717480022,10.160397942661824,birge,0.002849475920692108,0.0016451456898609453,1.1172803657727792,0.004010432330076945,0.000435040893824326,0.004010432330076945,9.218518045102213,birge,0.008068102105005007,0.004658120922174027,3,92.33090704161779,1.803787905633946e-12,524.5185854648292,3.765476163933907,1.3921463528797966e+17,505504474658183.8,139214635287.97964,505504474.6581838
0,40.0,1.0,1.3,0.38159643312984415,0.0026376777813041058,0.00012541332632403488,0.0026376777813041058,21.031878019797066,birge,0.004404404961556313,0.0025428843901746604,1.0728932916884824,0.007405862789423121,0.00038392219096729236,0.007405862789423121,19.290009704216477,birge,0.013235573763474933,0.007641562075221401,3,75.6208950566834,1.7321274076493108e-12,483.67050840386406,6.677266878782168,1.2900571314247835e+17,891715628540537.5,129005713142.47835,891715628.5405375
0,40.0,1.0,1.43,0.37009354282449053,0.007619251948736312,9.097288672329017e-05,0.007619251948736313,83.75299743880383,birge,0.013593620752242063,0.007848280600568639,1.1160786644765197,0.019100246397813613,0.00029548313808846295,0.019100246397813613,64.64073219668902,birge,0.03299115896317228,0.01904745450826525,3,46.338969789449045,1.801847824763664e-12,523.3908905496362,17.914319644409733,1.2511694889258581e+17,2575828665894499.0,125116948892.5858,2575828665.894499
0,40.0,1.0,1.57,0.3716622769366587,0.0013142581746769673,8.645916598021721e-05,0.0013142581746769673,15.200912011777719,birge,0.0023342315964410176,0.0013476692405561515,1.1363384866120196,0.006768368082295245,0.0002845287843926378,0.006768368082295244,23.78799071856006,birge,0.011718010048104563,0.006765396255639909,3,35.75416696939166,1.834556197037827e-12,542.5652560451423,6.463358242009656,1.2564728839605366e+17,444309218739062.75,125647288396.05367,444309218.7390627
0,40.0,1.0,1.7,0.36095100068760494,0.0031774253789494437,7.960593030727985e-05,0.0031774253789494432,39.91443057928653,birge,0.005470299915530319,0.0031582791287794168,1.1480077614223418,0.006353164683125141,0.0002725372230230971,0.006353164683125141,23.311181543031722,birge,0.010962643513469346,0.006329285183531432,3,30.012484438532738,1.853395601555439e-12,553.7658833757773,6.129167364903001,1.2202614387999608e+17,1074187260101840.4,122026143879.99608,1074187260.1018403
0,40.0,1.0,1.83,0.3437258718181237,0.0020887727475061807,9.3539067410413e-05,0.0020887727475061807,22.330485061834743,birge,0.003495245747913809,0.0020179810734419325,1.1352216814575948,0.008526632589078102,0.00033264785000197054,0.008526632589078102,25.632609947809947,birge,0.01439249706259248,0.008309512053398667,3,42.97609165804767,1.832753176334866e-12,541.4993026873613,8.134385867840018,1.1620287133116069e+17,706148156769902.2,116202871331.16069,706148156.7699022
0,40.0,1.0,1.96,0.28537137218316905,0.012867737516199573,0.00011928034530204605,0.012867737516199573,107.87810417227932,birge,0.02266709988998975,0.01308685622323372,1.1076797085824908,0.019946813923692068,0.0004982726698003278,0.019946813923692068,40.03192455184293,birge,0.035652344624418485,0.02058389076614932,3,69.42453772059734,1.7882881708704139e-12,515.5430631199093,18.567536211100034,9.64750563232089e+16,4350176025473236.0,96475056323.2089,4350176025.473236
0,40.0,1.0,2.09,0.3196425019592641,0.0007525104445708588,0.00010238272794572865,0.0007525104445708588,7.349974548145971,birge,0.0012860131360925612,0.0007424800303044351,1.1731430566084977,0.002375387349448018,0.0004044802381864646,0.002375387349448018,5.872690740339628,birge,0.004056866372844466,0.0023422328924280933,3,45.62004039701328,1.893975157815669e-12,578.2804317846521,2.341811621961485,1.0806104390884021e+17,254400036585233.75,108061043908.84021,254400036.58523375
0,40.0,1.0,2.22,0.3066411063078945,0.00207290635442066,0.00012940762901720955,0.00207290635442066,16.018424649021195,birge,0.003637066884728236,0.0020998615449585208,1.1723648061848315,0.008322198283529439,0.0005320287209902974,0.008322198283529439,15.642385373554315,birge,0.01455835341864007,0.008405269265209554,3,72.93861384372343,1.892718715167281e-12,577.5134363012878,8.199122496592647,1.0366568228531648e+17,700784229916057.6,103665682285.31648,700784229.9160576
0,40.0,1.0,2.35,0.29358969129925305,0.0008635167172576254,0.0001446424579531057,0.0008635167172576253,5.970008595523071,birge,0.0015166809678792152,0.0008756561650798471,1.1697684294563748,0.004153083736127524,0.0006048448315750948,0.004153083736127524,6.8663622789209455,birge,0.007141012883716483,0.004122865710700298,3,79.5842437498027,1.888527007262327e-12,574.9582895261404,4.08260278026552,9.92534106954106e+16,291927754687284.25,99253410695.41058,291927754.68728423
0,40.0,1.0,2.48,0.2785642751852004,0.0026924313427616592,0.00015266784586779336,0.0026924313427616592,17.635876942242568,birge,0.004628415305195519,0.002672216822376017,1.1656539916791242,0.010559961071088971,0.0006694067701463258,0.010559961071088971,15.775103482715997,birge,0.01823136299640049,0.010525882333665606,3,89.05049706427671,1.8818844730082188e-12,570.9207899313296,10.3442382720546,9.417379161942126e+16,910226079974759.2,94173791619.42126,910226079.9747592
0,40.0,1.0,2.61,0.24685434446012916,0.0045074613654380235,0.00015762401976406035,0.0045074613654380235,28.59628483136657,birge,0.008029825508544534,0.00463602191890391,1.1148802015806816,0.011896576863215056,0.000747175165289557,0.011896576863215056,15.922072113578224,birge,0.02107871770465781,0.012169803340956319,3,106.08945448133815,1.7999129721133457e-12,522.2674432533097,11.145941551403844,8.345366461683354e+16,1523830459161134.2,83453664616.83353,1523830459.1611342
0,40.0,1.0,2.74,0.2423204846164386,0.007418370732449302,0.00014915820112452606,0.007418370732449301,49.734916863579016,birge,0.012829117605436514,0.007406894502964139,1.1396102565414052,0.03162377922639876,0.0007347291150940366,0.03162377922639876,43.04141291903383,birge,0.05492666364293691,0.03171192403993766,3,93.24317036091222,1.8398382902432877e-12,545.6940847054855,30.285633462532854,8.192090966515315e+16,2507917065276324.0,81920909665.15315,2507917065.276324
0,40.0,1.0,2.87,0.2529370114343247,0.0014750375436933258,0.00015399205914938449,0.0014750375436933258,9.578659781816558,birge,0.0025024924681646735,0.0014448147001398853,1.195626345586567,0.009478273141200323,0.0007602735258322674,0.009478273141200323,12.466925151476907,birge,0.01608932177935695,0.009289174260390245,3,85.17374550339044,1.9302731954254713e-12,600.658323841929,9.523382750680875,8.55100223882577e+16,498663650169231.3,85510022388.25769,498663650.1692313
0,40.0,1.0,3.0,0.2536699626440067,0.003652505942402724,0.0001606736573959131,0.003652505942402724,22.732450369276457,birge,0.006280536393831753,0.0036260693776340044,1.2025988362010969,0.01693547203670187,0.0007950659483589384,0.01693547203670187,21.30071357182087,birge,0.029201989695824184,0.01685977661175677,3,99.79490055001148,1.9415298993181746e-12,607.6844257524965,17.115304438478137,8.575781006469936e+16,1234797007907231.0,85757810064.69936,1234797007.9072309
0,45.0,1.0,0.0,0.3497140076288244,0.016328148709817303,0.00011879182213549546,0.016328148709817303,137.4517910095967,birge,0.027026237062818422,0.015603605243400858,1.0628583147964015,0.050099915501659355,0.00038491691215050277,0.05009991550165935,130.1577403335041,birge,0.0838296159601342,0.04839905134064643,3,109.84683665692579,1.7159264875349293e-12,474.6650947587424,44.7485441999962,1.1822727109904478e+17,5520031860176416.0,118227271099.04478,5520031860.176415
0,45.0,1.0,0.13,0.41130210232955783,0.0007703840235776365,0.0001207927049404145,0.0007703840235776365,6.377736337286735,birge,0.00134146560601965,0.0007744955287440695,1.095615429042532,0.00304639537709586,0.0003433384430896785,0.00304639537709586,8.872864191034253,birge,0.005286350751251584,0.0030520760292658826,3,67.8545688927717,1.7688110528694072e-12,504.3741576499966,2.8048584593854238,1.3904826256583643e+17,260442529664285.2,139048262565.83643,260442529.66428518
0,45.0,1.0,0.26,0.3816776148424805,0.001712074701175857,0.00013774093545426209,0.001712074701175857,12.429672381195381,birge,0.003015288073885704,0.0017408773811421795,1.0881382021184611,0.01376023966981296,0.00042131357537973673,0.01376023966981296,32.66032825410535,birge,0.024214133455851387,0.013980036468929322,3,93.41400397082506,1.7567394798726055e-12,497.5132630299607,12.582779880119805,1.2903315811791189e+17,578798433640582.1,129033158117.91188,578798433.6405821
0,45.0,1.0,0.39,0.393030844837121,0.004880001889702604,0.0001619986637510479,0.004880001889702604,30.12371692893694,birge,0.008455519701225959,0.004881796575640992,1.1042301744378231,0.021841670954735874,0.0004935129827915607,0.021841670954735874,44.257540766583816,birge,0.03835600772825018,0.02214485138694461,3,123.79197570226303,1.7827190870837147e-12,512.3370564262084,20.26805219315132,1.3287132693913566e+17,1649774655266530.8,132871326939.13565,1649774655.2665308
0,45.0,1.0,0.52,0.40741282110055355,0.0008480985233840707,0.00016144669300220785,0.0008480985233840707,5.253117964902958,birge,0.0014507959760676281,0.000837617447321871,1.1125189025285485,0.003934573881233779,0.0004783000473357652,0.003934573881233779,8.22616243328891,birge,0.006731134339978025,0.0038862222231378467,3,110.02896020687204,1.7961007842307846e-12,520.0574773102026,3.6785075063702903,1.3773341930473963e+17,286715349844521.7,137733419304.73962,286715349.8445217
0,45.0,1.0,0.65,0.36682501374706566,0.001705349754934375,0.0001547383560790667,0.001705349754934375,11.02085997387094,birge,0.0029735585132922115,0.0017167848081003619,1.1233667082713197,0.014326687717264417,0.0005122309372939992,0.014326687717264417,27.969196458435498,birge,0.024803632908033658,0.014320384136333894,3,104.82882133086905,1.8136139719685311e-12,530.2487407498768,13.524894525112453,1.240119623467167e+17,576524941515376.6,124011962346.7167,576524941.5153766
0,45.0,1.0,0.78,0.31840618506630264,0.010841044432281522,0.00015494071562629713,0.010841044432281522,69.96898386883105,birge,0.019577658949594942,0.011303166664651327,1.1356985337801229,0.021978713435180024,0.0005973001076201079,0.021978713435180024,36.796767914126725,birge,0.037478991425481854,0.021638505788457624,3,111.54805837861164,1.8335230282704223e-12,541.9543141380389,20.976444383973487,1.0764308417808896e+17,3665015044099983.5,107643084178.08896,3665015044.099983
0,45.0,1.0,0.91,0.3334832036955429,0.0027297674219865084,0.00013874817832885045,0.0027297674219865084,19.674257744246702,birge,0.004718645949690587,0.002724311509264398,1.1223957865392844,0.009204005269081605,0.0005070859660832325,0.009204005269081605,18.150778930393177,birge,0.015974578194016802,0.009222927020506326,3,106.95863836266972,1.8120464720542631e-12,529.3325527604406,8.681393253845737,1.1274014843619682e+17,922848230257560.2,112740148436.19681,922848230.2575603
0,45.0,1.0,1.04,0.3439254742894067,0.0010467192497543858,0.0001305428237184684,0.0010467192497543858,8.018205979761586,birge,0.0018540390533156508,0.00107042994651987,1.1348464851979236,0.003262348488491622,0.00046740349426578186,0.003262348488491622,6.979726357451101,birge,0.005775041665440774,0.003334221860123536,3,93.30125317697966,1.8321474425404066e-12,541.1414255569073,3.111243564221611,1.1627035062844254e+17,353862750149389.94,116270350628.44254,353862750.1493899
0,45.0,1.0,1.17,0.35586844612401336,0.002243528278723337,0.00012097852074289975,0.002243528278723337,18.544848002326148,birge,0.0038424373465349754,0.0022184322363662393,1.1513549827487655,0.005705081150492317,0.00042602170109620285,0.005705081150492317,13.391527088438188,birge,0.009823134145166036,0.005671389142997416,3,72.86922770693874,1.8587995069054688e-12,556.9997973860263,5.519981400190741,1.2030789255703736e+17,758466118716415.2,120307892557.03735,758466118.7164152
0,45.0,1.0,1.3,0.31693868975521805,0.000706936754687178,0.00011328394498142981,0.000706936754687178,6.240396684658743,birge,0.0012342324194392095,0.0007125844196057908,1.0529020482031826,0.004846855692881802,0.0004104683817383994,0.004846855692881802,11.808109731508651,birge,0.007967820609137491,0.0046002233735401785,3,77.60150509490254,1.6998526408834726e-12,465.8139480101038,4.288590737551374,1.0714697031877704e+17,238993010068353.62,107146970318.77704,238993010.06835362
0,45.0,1.0,1.43,0.3268638252274307,0.0036124065421648476,8.413392265008425e-05,0.0036124065421648476,42.93638556696049,birge,0.006097195832668543,0.003520217655293048,1.1302840603045379,0.0020705474753222666,0.0003131922360157279,0.0020705474753222666,6.611107292002883,birge,0.004182683897719303,0.002414873674283353,3,30.94775510270893,1.824781657644186e-12,536.7990686874905,1.9667055308676287,1.1050234544408075e+17,1221240665983792.0,110502345444.08075,1221240665.9837918
0,45.0,1.0,1.57,0.37751954758961226,0.000692690333753043,7.5316780987811e-05,0.000692690333753043,9.197025213612696,birge,0.0011950704887659087,0.0006899742683895751,1.134055448655256,0.0013145371374833313,0.00024359359229355517,0.0013145371374833313,5.3964356168251735,birge,0.002263872535369507,0.0013070474177065857,3,25.43598296639297,1.8308703574037754e-12,540.387291039222,1.2527767730182906,1.2762744678342432e+17,234176744682270.6,127627446783.42432,234176744.6822706
0,45.0,1.0,1.7,0.3846403232782805,0.0004977102688235449,8.575892520136458e-05,0.0004977102688235449,5.8035973241841115,birge,0.0008545955932353276,0.0004934009958026843,1.1572285142999406,0.004288237957256552,0.00027798041535254537,0.004288237957256552,15.426403157999621,birge,0.007386561552346839,0.004264633300633188,3,35.194199496913505,1.8682820016309903e-12,562.6972594265143,4.170273574319477,1.3003475635471608e+17,168260137133064.9,130034756354.71608,168260137.1330649
0,45.0,1.0,1.83,0.36945883047364714,0.0023406767339229713,9.429367277435984e-05,0.0023406767339229713,24.823264011829263,birge,0.004038622221157342,0.002331699626540396,1.149523507207045,0.004272226868765709,0.00031576557790505635,0.004272226868765709,13.529742212909198,birge,0.007437882056567757,0.004294263207560082,3,40.2838207028009,1.855842690037632e-12,555.2291529668596,4.127040274957686,1.2490237267448728e+17,791308945995816.2,124902372674.48727,791308945.9958162
0,45.0,1.0,1.96,0.3004768319282402,0.001098953335100214,0.00012753429048705504,0.001098953335100214,8.616924365229913,birge,0.0018713072533384726,0.0010803997464514665,1.1615351397428617,0.03832839841470893,0.0005310071881043097,0.03832839841470893,72.18056416814417,birge,0.06972620380399921,0.04025644253580966,3,65.61247039430994,1.875234812336353e-12,566.893207777403,37.41274453581283,1.0158173562514784e+17,371521446209818.75,101581735625.14784,371521446.2098187
0,45.0,1.0,2.09,0.34005323868552867,0.0016317394105069584,0.00010706557130405463,0.0016317394105069584,15.240561374048013,birge,0.002900131016432128,0.0016743914230222723,1.1596022464503721,0.004790697533870355,0.0003929498972341007,0.004790697533870355,12.19162434598192,birge,0.008385401075641239,0.004841313568284447,3,51.05021116960896,1.872114262069221e-12,565.0080605515889,4.668467538049414,1.1496126995534307e+17,551639606766214.7,114961269955.34306,551639606.7662146
0,45.0,1.0,2.22,0.32978864831373944,0.0009892297284345096,0.00013404482585295077,0.0009892297284345096,7.379842691725452,birge,0.0017111779922124805,0.0009879490744352391,1.1802502203780254,0.003225997125062226,0.0005157762360257722,0.003225997125062226,6.254644746566087,birge,0.005623548554155685,0.0032467572715427157,3,79.51123536719287,1.905449284134864e-12,585.308361005025,3.199665727276572,1.1149113583965674e+17,334427357016229.44,111491135839.65674,334427357.01622945
0,45.0,1.0,2.35,0.31535633519959133,0.0014648815993928241,0.0001509382276875428,0.0014648815993928241,9.705172916335519,birge,0.002558657726701582,0.0014772417272752743,1.1683644193309985,0.006784453850651711,0.000586250406816641,0.006784453850651711,11.572621138962646,birge,0.011801374791847999,0.006813526912881106,3,87.2070752401275,1.8862603098772085e-12,573.5789347887145,6.6613117421158945,1.066120261731555e+17,495230245862027.75,106612026173.1555,495230245.8620277
0,45.0,1.0,2.48,0.29393610181565355,0.0029159414149525476,0.00015102157923381734,0.002915941414952548,19.30811099808443,birge,0.005057774138098359,0.0029201072601314155,1.135684692140001,0.008837842997711563,0.0006112925906322138,0.008837842997711563,14.457631473287202,birge,0.015466868353642617,0.008929800607496069,3,94.57288644782598,1.83350068170119e-12,541.9411037822233,8.434718584096867,9.937052116036374e+16,985787782742827.6,99370521160.36374,985787782.7428275
0,45.0,1.0,2.61,0.27527286638279974,0.0017946198272210947,0.00015002032535531382,0.0017946198272210947,11.962511232865607,birge,0.0031716823917520612,0.0018311716826620488,1.1617247345562633,0.016523954481786306,0.0006636446600306888,0.016523954481786306,24.89879822286552,birge,0.028354248059493825,0.016370332749818185,3,83.07798221842965,1.8755409027697497e-12,567.0782883318035,16.13183492659843,9.306107016048496e+16,606704336126516.1,93061070160.48495,606704336.1265161
0,45.0,1.0,2.74,0.2646955198471271,0.0035652190538784374,0.00014840101907361085,0.0035652190538784374,24.02422217943122,birge,0.0060975451866655175,0.0035204193549172435,1.169451941142903,0.004440511739602574,0.0006843969471339749,0.004440511739602574,6.4882109106388475,birge,0.007666805774271685,0.004426432377600335,3,83.08333641326577,1.8880160542288684e-12,574.6472143448613,4.363971894278058,8.948520305450163e+16,1205288065148764.5,89485203054.50163,1205288065.1487644
0,45.0,1.0,2.87,0.26365872594585876,0.0019644820752972437,0.0001506055965362121,0.0019644820752972437,13.043884958318246,birge,0.003400890239173107,0.001963504895070964,1.1687572319392427,0.006866727430593861,0.0006996887127462691,0.006866727430593861,9.813974851247844,birge,0.011709692087094128,0.0067605938786114254,3,88.21338783862846,1.88689448430078e-12,573.9646824355066,6.74435874511341,8.913469575149082e+16,664129402365518.0,89134695751.49081,664129402.365518
0,45.0,1.0,3.0,0.2664411821886915,0.0017743253532231697,0.0001602112149334078,0.0017743253532231697,11.074913538110753,birge,0.0030384177737081694,0.0017542313195609551,1.1896394438189557,0.008620370003055435,0.0007463279825859938,0.008620370003055435,11.550377587593903,birge,0.014775762469690151,0.008530790439357578,3,92.22250324728356,1.920607670700022e-12,594.6579893741989,8.618026109192668,9.007535640953275e+16,599843414839909.2,90075356409.53275,599843414.8399092
0,50.0,1.0,0.0,0.34756138860353475,0.004625180876687017,0.00011108729792458642,0.004625180876687017,41.635551166497024,birge,0.007811079934281046,0.004509729102718846,1.061182916226485,0.03748150816995473,0.0003624531181374383,0.03748150816995473,103.41063794005531,birge,0.0669394355403664,0.03864750112863214,3,65.97807858983131,1.713221648382546e-12,473.16983160758696,33.425187379082764,1.1749953853036256e+17,1563627711391458.0,117499538530.36255,1563627711.391458
0,50.0,1.0,0.13,0.41114203456374376,0.002180278648771515,0.00012382296914764676,0.002180278648771515,17.60803075374284,birge,0.0037622419558808223,0.002172131405984297,1.0984535421606767,0.008962462754403794,0.00035252914450762383,0.008962462754403794,25.423324267052113,birge,0.015519817846779325,0.008960371011612003,3,72.4566960965568,1.7733930309244765e-12,506.99063225706254,8.273239575517515,1.38994148704995e+17,737083414609335.2,138994148704.995,737083414.6093352
0,50.0,1.0,0.26,0.3675253196833414,0.006377004395536901,0.00016091662295602394,0.006377004395536901,39.62924574473353,birge,0.012552421314629915,0.007247143824983178,1.1045895822996146,0.022789429860260772,0.0005176837789851093,0.022789429860260772,44.02191218920979,birge,0.0480697437039021,0.027753079467324197,3,110.3023540892462,1.7832993313752548e-12,512.6706244396441,21.154411419959015,1.2424871368630907e+17,2155863966052928.5,124248713686.30907,2155863966.0529284
0,50.0,1.0,0.39,0.39814855558467327,0.0016053141487682567,0.00016114907376579593,0.0016053141487682567,9.961671583054338,birge,0.002795087995448524,0.0016137448065808968,1.1185039106648171,0.007725156278155963,0.0004893547845722622,0.007725156278155963,15.786412070964849,birge,0.013390897298356672,0.0077312381598968576,3,120.84166683837273,1.8057632517922324e-12,525.6680255895822,7.261248904700761,1.3460146345857283e+17,542706059595405.94,134601463458.57283,542706059.5954059
0,50.0,1.0,0.52,0.3919927080024394,0.000734029683443795,0.00016911973095315553,0.000734029683443795,4.340295950725666,birge,0.001252392264828839,0.0007230690112299353,1.1141943504567724,0.0038420632262876095,0.0005204767695355286,0.0038420632262876095,7.381815003417446,birge,0.006594460026204041,0.0038073132712891297,3,131.29146492095583,1.79880570306945e-12,521.6250647546418,3.597427106648135,1.3252036563271277e+17,248152274390346.0,132520365632.71277,248152274.390346
0,50.0,1.0,0.65,0.3837786302808975,0.002081701432211324,0.0001529915268634796,0.002081701432211324,13.606645249503972,birge,0.0035635898519146892,0.0020574395602843644,1.1056419567117823,0.0011113893547344232,0.00047932792111974703,0.0011113893547344232,2.3186409674156514,birge,0.001896675400040906,0.0010950460527789582,3,116.32947132051397,1.7849983321766818e-12,513.6479620218846,1.032636060176153,1.297434451421727e+17,703757568197084.2,129743445142.1727,703757568.1970842
0,50.0,1.0,0.78,0.3384760730141819,0.0032128616585534865,0.000149497329366986,0.003212861658553487,21.49109734707404,birge,0.005660886541528707,0.003268314368603529,1.1333818928053419,0.0014018340451829629,0.000541533134345913,0.0014018340451829629,2.588639468711657,birge,0.0024913295034035897,0.0014383697594301192,3,86.80211555235357,1.8297829384057664e-12,539.7455712169758,1.3351787641425357,1.1442808000776645e+17,1086167148079148.5,114428080007.76645,1086167148.0791485
0,50.0,1.0,0.91,0.370924235735759,0.008204022792156132,0.00014583119781310562,0.008204022792156132,56.256980091943326,birge,0.01455710919997352,0.008404550915227491,1.1130230619768338,0.015215992274553574,0.0004762091765693551,0.015215992274553574,31.9523289831806,birge,0.026651987018723823,0.015387531879698612,3,52.4889973853564,1.7969147220240075e-12,520.5289323100295,14.232165501842731,1.2539777995419096e+17,2773521236188082.5,125397779954.19095,2773521236.188082
0,50.0,1.0,1.04,0.3583827767102564,0.0020789935096024582,0.00013660940132027068,0.0020789935096024582,15.218524417132983,birge,0.003550740488220361,0.002050020976696529,1.1454390521910418,0.005890122643671575,0.0004747330465495237,0.005890122643671575,12.407231151238431,birge,0.010072928366618791,0.005815607903995177,3,83.980998183329,1.8492485613080206e-12,551.2905131259671,5.669736383430032,1.2115790839102672e+17,702842105008851.2,121157908391.02672,702842105.0088512
0,50.0,1.0,1.17,0.34799624254867256,0.003568137518552378,0.00011669512079488123,0.003568137518552378,30.576578474298067,birge,0.006150501678915984,0.003550993799973389,1.1499144738884646,0.012782833702996712,0.00041939869093094004,0.012782833702996712,30.47895470208224,birge,0.02212750538108944,0.012775321188266882,3,66.86458924659988,1.8564738843135313e-12,555.6068973332676,12.35262401530221,1.1764654892782674e+17,1206274705965752.2,117646548927.82674,1206274705.9657521
0,50.0,1.0,1.3,0.3117035487393109,0.008013135664578713,0.00011344758623729298,0.008013135664578713,70.63293217907707,birge,0.013739233657917507,0.00793235025085784,1.0760236431286527,0.026068771887798225,0.000422410451391093,0.026068771887798225,61.714315547704544,birge,0.04526172966453329,0.026131871805806367,3,75.58561972287276,1.7371811884559378e-12,486.49701025284537,23.572678287071643,1.0537713433100528e+17,2708988321609017.0,105377134331.00528,2708988321.609017
0,50.0,1.0,1.43,0.30719371550404845,0.005218480818715812,8.376109460844597e-05,0.005218480818715812,62.301965406617455,birge,0.009103878535218005,0.005256126722977771,1.123983617031905,0.018538536626805123,0.0003300544799519614,0.018538536626805123,56.16811088128045,birge,0.03147364529293557,0.018171317582255153,3,35.61945661764041,1.8146099373459898e-12,530.8312841177959,17.510638151930316,1.0385250201749851e+17,1764203700797449.8,103852502017.4985,1764203700.7974496
0,50.0,1.0,1.57,0.32796628099988595,0.002631950131606212,7.494979341308659e-05,0.002631950131606212,35.116175932603184,birge,0.004427917306494022,0.0025564592488537263,1.167563151710538,0.011854034751194549,0.0002868118261653395,0.011854034751194549,41.33035554942915,birge,0.020030531061126847,0.011564632500152746,3,25.422169756209545,1.8849667072263083e-12,572.7924804488113,11.630894583330397,1.1087505095384437e+17,889779290908011.4,110875050953.84436,889779290.9080113
0,50.0,1.0,1.7,0.32364121353640024,0.0004277984539617399,8.548243636998385e-05,0.0004277984539617399,5.004518730726728,birge,0.0007532385194893149,0.00043488246199115116,1.173793244504151,0.0030668770515977686,0.00033332710389169393,0.003066877051597768,9.200803102391191,birge,0.0051335113312738516,0.0029638341489989523,3,35.89051352007278,1.8950248505324637e-12,578.9216070055936,3.0252029469629105,1.094128821176738e+17,144625158526587.22,109412882117.67378,144625158.52658722
0,50.0,1.0,1.83,0.31286343115164444,0.000891505101181514,8.731460241833479e-05,0.000891505101181514,10.210263535418802,birge,0.0015619163504095308,0.0009017728253606205,1.1491981629045234,0.005894242226458028,0.0003443682938977139,0.005894242226458028,17.11610020697424,birge,0.010389116545797814,0.005998159234358763,3,36.09967045144558,1.8553174394953034e-12,554.9149095826431,5.692321825308896,1.057692539756708e+17,301389744146127.4,105769253975.67079,301389744.14612734
0,50.0,1.0,1.96,0.2799145148081103,0.009217005177723373,0.00012662219218703634,0.009217005177723373,72.7913884487858,birge,0.0165197544770573,0.009537684694275558,1.1573471139496279,0.010424733701338503,0.0005624955983075876,0.010424733701338503,18.533004938534614,birge,0.017375783286019384,0.010031913157563892,3,80.51235791156796,1.868473474264245e-12,562.8126024495361,10.139000535925767,9.46302650304488e+16,3115978617089241.5,94630265030.44879,3115978617.0892415
0,50.0,1.0,2.09,0.3485842885600613,0.0029484601404780857,0.00011553466146528421,0.0029484601404780857,25.52013485030237,birge,0.005118251783033421,0.002955024044714628,1.1872636335532807,0.009797618872995373,0.00042337259868728143,0.009797618872995373,23.141835119641872,birge,0.016971878033645978,0.009798718351379002,3,61.8793987429657,1.916772055258645e-12,592.2851967971958,9.775393532384424,1.178453487290659e+17,996781337746731.9,117845348729.0659,996781337.7467319
0,50.0,1.0,2.22,0.3356225479655838,0.003566317355546903,0.00013319295458967295,0.003566317355546903,26.775570573786307,birge,0.006049307132140415,0.003492569101151992,1.1632813564968318,0.013104983013755596,0.0004966730696781566,0.013104983013755596,26.38553167830824,birge,0.022251042268143034,0.012846645243262123,3,81.76150195468287,1.8780539835649176e-12,568.5989891867149,12.811139890301842,1.1346339322900123e+17,1205659366287047.8,113463393229.00122,1205659366.2870476
0,50.0,1.0,2.35,0.3245885083452285,0.0007282987483166025,0.000146634831069331,0.0007282987483166025,4.966751371454526,birge,0.0012720225929166388,0.0007344025864357072,1.157272660516054,0.004378283007808463,0.0005483140020867516,0.004378283007808463,7.9849921598678275,birge,0.007612318231342712,0.004394973980022811,3,88.54375534341347,1.8683532732769837e-12,562.7401920510274,4.2580040205377445,1.0973313260158614e+17,246214826057842.38,109733132601.58614,246214826.05784237
0,50.0,1.0,2.48,0.3069229770078475,0.0022210881421058644,0.00015186173896523,0.0022210881421058644,14.625725724202333,birge,0.0038354618010301754,0.0022144049032912986,1.1564107162005879,0.005131306411839345,0.0005987156970979792,0.005131306411839345,8.570522598139952,birge,0.009031061447110274,0.005214085757557168,3,99.46945499129943,1.866961711428054e-12,561.9022390055948,4.986623734012794,1.0376097387481893e+17,750879816602405.0,103760973874.81892,750879816.602405
0,50.0,1.0,2.61,0.27295104988572894,0.007053634013295212,0.00015151953970421022,0.007053634013295212,46.552636228073325,birge,0.01218898817789118,0.00703731560565464,1.0946370672981114,0.014848663579638509,0.0006386753328880469,0.014848663579638509,23.249157772375288,birge,0.024977885010427112,0.014420988634557612,3,103.27257160270717,1.7672315414629753e-12,503.4737686216454,13.659162173063148,9.227613726545272e+16,2384611089437417.5,92276137265.45271,2384611089.4374175
0,50.0,1.0,2.74,0.2802028687688198,0.008506471567872454,0.00015545365442236266,0.008506471567872454,54.720306186952925,birge,0.0147141630567705,0.008495226001726496,1.1658014856380718,0.035412734699303415,0.0006753720655953394,0.035412734699303415,52.43440838508348,birge,0.06126041101950553,0.03536871479277864,3,97.45176497065624,1.882122593919902e-12,571.065279969829,34.69369957868333,9.472774840584011e+16,2875769623785241.0,94727748405.8401,2875769623.7852407
0,50.0,1.0,2.87,0.28147056975259516,0.004243873758061763,0.00015394082629150728,0.004243873758061763,27.568214750422527,birge,0.007514397303532542,0.004338439305992312,1.1741056636246567,0.01716323263513242,0.0006710878336146435,0.01716323263513242,25.575240341770233,birge,0.030458021204959586,0.017584946741666746,3,92.84600651034977,1.895529234076935e-12,579.2298218466627,16.93451703634522,9.515631810740155e+16,1434719806353948.2,95156318107.40155,1434719806.353948
0,50.0,1.0,3.0,0.28069364709461586,0.0033000582312279906,0.00015638269223942815,0.0033000582312279906,21.10245183767184,birge,0.005736144714847577,0.003311764695227898,1.1724265315812679,0.012477056510284763,0.0006833600176997953,0.012477056510284763,18.258394092593836,birge,0.02167611001236733,0.012514707950624222,3,93.57836150741245,1.8928183674362846e-12,577.5742504506628,12.293182331926381,9.48936650717662e+16,1115645557898631.1,94893665071.7662,1115645557.898631
0,55.0,1.0,0.0,0.3411760554084128,0.004046239123088916,0.00010898392550734316,0.004046239123088916,37.12693504342791,birge,0.008016721592465545,0.004628456369428268,1.0851597559777657,0.02906584700620133,0.0003692201409734343,0.02906584700620133,78.72226831821898,birge,0.05211336312846459,0.03008766423059575,3,74.80988640895525,1.7519309418451314e-12,494.7934091635249,26.50593970371762,1.1534085885997698e+17,1367905772435423.2,115340858859.97697,1367905772.4354231
0,55.0,1.0,0.13,0.3964710697851235,0.0022506437588746546,0.00012616875731036718,0.0022506437588746546,17.838360358406423,birge,0.0038720182980785923,0.002235510806702832,1.134712150260662,0.0036048113874450976,0.00038690788291148256,0.0036048113874450976,9.316975814291725,birge,0.0063791465897557525,0.003683002000795567,3,77.41729875957986,1.83193056614791e-12,541.0133203058579,3.437437375373188,1.3403435844115339e+17,760871638033624.2,134034358441.15338,760871638.0336242
0,55.0,1.0,0.26,0.36908695667783037,0.0043816258079612605,0.00017185753078448427,0.0043816258079612605,25.49568696792218,birge,0.008495800216168595,0.004905052541786219,1.0835744234909437,0.02310996115284754,0.0005411042802959281,0.02310996115284754,42.70888624316329,birge,0.041424728334035335,0.02391657805476242,3,143.4214579588899,1.7493715094468359e-12,493.3487572041557,21.043816403606613,1.2477665387823214e+17,1481289427795027.5,124776653878.23213,1481289427.7950275
0,55.0,1.0,0.39,0.3966670557439691,0.002461771695029443,0.0001702318771228286,0.002461771695029443,14.461285022740974,birge,0.004356920066294841,0.002515468973113009,1.1261933037287695,0.013439907837394299,0.0005234792192610468,0.013439907837394299,25.674195541833214,birge,0.024248110571735232,0.013999653165931148,3,136.27359240098656,1.8181773553917615e-12,532.9205028668239,12.719667963703179,1.3410061510969566e+17,832247331313965.9,134100615109.69566,832247331.3139658
0,55.0,1.0,0.52,0.3974878466116757,0.002045212091155967,0.00016676949242261014,0.002045212091155967,12.26370639764976,birge,0.0035735926367622332,0.00206321467080874,1.138952536836921,0.004093418604720733,0.0005182939828113435,0.004093418604720733,7.897870205857123,birge,0.0070760308424933464,0.004085348311707628,3,133.73630864887826,1.8387764378340004e-12,545.0643778780219,3.9179449415386722,1.3437809860282174e+17,691421673371401.5,134378098602.82173,691421673.3714014
0,55.0,1.0,0.65,0.39006554406992316,0.001549395661502861,0.0001578825840010804,0.001549395661502861,9.813594522194153,birge,0.0027046030557113013,0.0015615033022660042,1.1050962392809744,0.005495828088607836,0.0004863413522370882,0.005495828088607836,11.30035121078632,birge,0.009391093732005943,0.005421950494158639,3,120.30841972591226,1.7841173012987212e-12,513.1410393815648,5.103872110696044,1.3186885231688435e+17,523801783503636.6,131868852316.88435,523801783.5036366
0,55.0,1.0,0.78,0.34455164334297755,0.009324458443653271,0.00016267921681937383,0.009324458443653271,57.31806819556068,birge,0.016816541842419243,0.009709034959559356,1.110753932314136,0.04181822755565334,0.0005677106707487951,0.04181822755565334,73.66116176836385,birge,0.07098786986112113,0.040984865773516406,3,139.42576781473178,1.7932513365683267e-12,518.408682203821,39.03462613733006,1.1648203862730854e+17,3152305175718415.5,116482038627.30853,3152305175.7184153
0,55.0,1.0,0.91,0.3723577542240114,0.001454800898749539,0.00014472682752594712,0.0014548008987495392,10.052047181706635,birge,0.002459835057114145,0.0014201864323869302,1.1357227530249812,0.014560530261092925,0.00047916456030865735,0.014560530261092925,30.387327167338196,birge,0.02488282032586904,0.014366103013337583,3,97.55070013651505,1.833562128913643e-12,541.9774291880307,13.896840117894667,1.2588240732180842e+17,491822279061089.8,125882407321.80841,491822279.0610898
0,55.0,1.0,1.04,0.3854627672220638,0.0036245438357249294,0.0001441485529077905,0.0036245438357249294,25.14450379563291,birge,0.006363699460569504,0.00367408359660168,1.1501915889459247,0.008013131110147502,0.0004676510502166643,0.008013131110147502,17.13485109556579,birge,0.014092837736199923,0.008136503660640742,3,45.64157043014896,1.8569212713834457e-12,555.8747182762072,7.7453131133494475,1.303127987007025e+17,1225343901956139.8,130312798700.70248,1225343901.9561398
0,55.0,1.0,1.17,0.3715286180973531,0.00585263620968361,0.0001313630889229388,0.00585263620968361,44.55312567381031,birge,0.01019343409208492,0.005885181917031938,1.1129992672001774,0.019972676922689232,0.00042769993675149286,0.019972676922689232,46.697872051110416,birge,0.03468200833506136,0.02002366684828452,3,59.65999533269559,1.7968763066614315e-12,520.5066762800964,18.680895824121702,1.2560210255995718e+17,1978591628336361.0,125602102559.95718,1978591628.336361
0,55.0,1.0,1.3,0.33668961695924954,0.00925495313563697,0.00011906245670177552,0.00925495313563697,77.73191812107935,birge,0.016071780227212236,0.00927904664053749,1.055869388203167,0.01951083103057754,0.0004030498352718437,0.01951083103057754,48.407986613908754,birge,0.034139803990161775,0.01971062502380096,3,38.888861741460204,1.704643248655563e-12,468.443207008309,17.312209940880187,1.1382413558545098e+17,3128807624249480.5,113824135585.45097,3128807624.2494802
0,55.0,1.0,1.43,0.32570081493744557,0.005560611011862585,8.076183324321775e-05,0.005560611011862585,68.85196618948167,birge,0.00956525704316736,0.005522503728740639,1.1529857289773047,0.014900059886433939,0.00030750241252379374,0.01490005988643394,48.45509914586771,birge,0.025936030400666287,0.014974174133534999,3,26.183666860814018,1.8614322573003642e-12,558.5787519143684,14.437050946321715,1.1010916836267832e+17,1879867123519891.8,110109168362.67831,1879867123.5198917
0,55.0,1.0,1.57,0.32647787173622955,0.0019965516048891666,7.691035975698868e-05,0.0019965516048891666,25.959462563919995,birge,0.0035746796233072117,0.002063842242783089,1.1661774455944376,0.009664446860837365,0.00029525607740772756,0.009664446860837365,32.73242314159533,birge,0.017401875154579055,0.010046977304900478,3,27.55332391521657,1.8827295606608117e-12,571.4336656673433,9.4712692604349,1.1037186674708702e+17,674971098398201.0,110371866747.08702,674971098.398201
0,55.0,1.0,1.7,0.3141702156085858,0.00206880607739265,8.307220428570109e-05,0.00206880607739265,24.903709913337956,birge,0.003469935128572624,0.0020033679805519433,1.1690858255637253,0.005973540627562083,0.00033187925499412595,0.005973540627562083,17.999138354302413,birge,0.010293541831375116,0.005942979147259097,3,35.20705911145969,1.8874249806952994e-12,574.2874657177431,5.868738519193709,1.0621103656626925e+17,699398055633081.1,106211036566.26924,699398055.6330811
0,55.0,1.0,1.83,0.30662218754896464,0.002093963405793235,9.127615785698327e-05,0.002093963405793235,22.940967882041846,birge,0.0036555014963568825,0.002110504772944726,1.1640300348634838,0.002303792803757121,0.00037241533042104704,0.002303792803757121,6.186084770335551,birge,0.0040154704199418054,0.002318332927876381,3,39.26986726616188,1.8792626837482793e-12,569.3311160241733,2.253586056661032,1.0365928644988507e+17,707902954550657.4,103659286449.88507,707902954.5506574
0,55.0,1.0,1.96,0.2715975487984958,0.005563877204834489,0.00010359940324813223,0.005563877204834489,53.7056877780307,birge,0.009546144745483733,0.005511469238528165,1.1844554089864376,0.007716979694621835,0.00048429323249625863,0.007716979694621835,15.934518958369818,birge,0.013260589545796047,0.007656004943878485,3,45.106676970171584,1.9122383306312798e-12,589.4866561289309,7.681262664822822,9.181856125624978e+16,1880971320302197.8,91818561256.24977,1880971320.3021977
0,55.0,1.0,2.09,0.2978848971271717,0.0011294593136392396,0.0001223450402535845,0.0011294593136392396,9.231753990993095,birge,0.001967375650902826,0.0011358648616458617,1.1828010007347831,0.005589731092149769,0.0005219064117390394,0.005589731092149769,10.710217323301853,birge,0.009644767802146858,0.005568409286840924,3,68.4750942738613,1.909567379197124e-12,587.8410551529573,5.5560883380879,1.0070548425485037e+17,381834554967827.06,100705484254.85036,381834554.967827
0,55.0,1.0,2.22,0.2932831310406087,0.0011217552817754,0.0001380531970596622,0.0011217552817754,8.12552918488815,birge,0.0019283825411315944,0.0011133521792229006,1.2068540012348965,0.005734333279176895,0.0005948496781451819,0.005734333279176895,9.639970382193509,birge,0.009821262862530699,0.005670308757464174,3,72.13805654267908,1.9483996300138675e-12,611.9923830131278,5.81572963245602,9.914977234516926e+16,379230064887782.7,99149772345.16927,379230064.8877827
0,55.0,1.0,2.35,0.2875736671428098,0.0016216454632047579,0.00014784477299073785,0.001621645463204758,10.968568116414575,birge,0.002801022911302304,0.0016171713318466944,1.1897837702921343,0.008787698736398734,0.0006407540805724471,0.008787698736398734,13.714620012326474,birge,0.015169387627352631,0.008758050030093821,3,87.16506343117086,1.920840677879561e-12,594.8022853571821,8.78637517497316,9.721958275782016e+16,548227161687882.75,97219582757.82016,548227161.6878828
0,55.0,1.0,2.48,0.2752248849506163,0.007323805106808671,0.0001534985514761494,0.0073238051068086705,47.71253563227692,birge,0.012730911743843498,0.007350195322337412,1.169814464256761,0.02574528456389874,0.0006814597661385404,0.02574528456389874,37.77961054074135,birge,0.044571590416854344,0.0257334197253806,3,98.78285124584772,1.888601327924104e-12,575.0035439717756,25.30936369334274,9.304484915227046e+16,2475947411172185.0,93044849152.27046,2475947411.172185
0,55.0,1.0,2.61,0.2746476763707968,0.003192620260681894,0.00015355448881608266,0.0031926202606818934,20.7914485945494,birge,0.0054195778079088285,0.003128994706290284,1.1093040348159047,0.0053678603845515585,0.0006515506481015367,0.005367860384551558,8.238592656138435,birge,0.00932559012531166,0.005384131969200803,3,107.67151988825903,1.7909105565350986e-12,517.0561794365278,5.004012056344008,9.284971314468038e+16,1079324170156089.9,92849713144.68037,1079324170.1560898
0,55.0,1.0,2.74,0.2789065157476089,0.005352981041036131,0.00015792662535979443,0.005352981041036131,33.895367730683574,birge,0.009233452638291438,0.005330936366267223,1.141809622425975,0.011110937755175035,0.0006754352681612878,0.011110937755175035,16.450040853540155,birge,0.01905527821708694,0.011001570008118357,3,102.42646921851801,1.8433890459033563e-12,547.8024179324022,10.66131944982081,9.42894923545085e+16,1809673981942217.5,94289492354.5085,1809673981.9422174
0,55.0,1.0,2.87,0.2832010545598806,0.002925156364462161,0.00015296498573987737,0.0029251563644621613,19.12304538397106,birge,0.0050828200079914955,0.002934567499856306,1.1543456185632563,0.009261142044755278,0.000651234289700839,0.009261142044755278,14.22090665559029,birge,0.016337395589312752,0.009432399741347124,3,94.27702218191581,1.8636277244930955e-12,559.897160923358,8.983942164947504,9.574134041700506e+16,988903066403393.5,95741340417.00505,988903066.4033935
0,55.0,1.0,3.0,0.2956335768244606,0.0010706295594529916,0.00016039588366272028,0.0010706295594529916,6.674919175010167,birge,0.0018917029815270466,0.001092175225611458,1.2054626063257827,0.004560629564945977,0.0006834354048591294,0.004560629564945977,6.673095266239565,birge,0.007830187733146633,0.004520760995537514,3,98.66634204882428,1.9461532992038884e-12,610.5820513239173,4.620033073577822,9.994438389869333e+16,361946071392271.1,99944383898.69333,361946071.3922711
0,60.0,1.0,0.0,0.3366005284780927,0.005819361265747048,0.00010302376795205281,0.005819361265747048,56.485618623999216,birge,0.009883212385326396,0.0057060753311264385,1.101055535726559,0.011502436082282944,0.0003594098119821152,0.011502436082282944,32.0036785274391,birge,0.02027774345134314,0.011707360640191134,3,54.224130159216735,1.777593806905561e-12,509.39537445654423,10.643037603785515,1.1379401758107091e+17,1967342419749414.8,113794017581.0709,1967342419.7494147
0,60.0,1.0,0.13,0.3702513300193,0.002728908325152954,0.00012571152909226477,0.002728908325152954,21.707701313139687,birge,0.004727715142125241,0.0027295476099578777,1.1049039112847245,0.005149789128637345,0.0004019247597315199,0.005149789128637345,12.812818827278349,birge,0.008926194762777166,0.005153540949128425,3,78.35089766579219,1.7838067982914383e-12,512.9624435337147,4.781679905608446,1.2517029176433173e+17,922557796726088.0,125170291764.33173,922557796.7260879
0,60.0,1.0,0.26,0.3438078959905349,0.0011504607916110081,0.00015374587029871572,0.0011504607916110081,7.482872804165448,birge,0.001957370088954677,0.0011300881477617046,1.1768006238033866,0.019793324013485707,0.0005616439937747031,0.019793324013485707,35.24176209997105,birge,0.03451205942566637,0.01992554679969684,3,114.36130070905422,1.899880099558399e-12,581.8919209393406,19.57438685706589,1.1623060111566115e+17,388934491989178.0,116230601115.66115,388934491.989178
0,60.0,1.0,0.39,0.38111574748272575,0.0005769269063560916,0.00016057262120448463,0.0005769269063560916,3.592934474311108,birge,0.0009915821742464107,0.0005724902352247996,1.1232082687618474,0.01129705796862857,0.0005117162410621774,0.01129705796862857,22.07680167660712,birge,0.019374471573589642,0.011185856378418733,3,134.64149740414416,1.8133581800655182e-12,530.0991788566537,10.663313864787384,1.2884320849274866e+17,195040782680027.06,128843208492.74866,195040782.68002707
0,60.0,1.0,0.52,0.39212714646487984,0.0022570780886481947,0.00016228810779401142,0.0022570780886481947,13.907846479503306,birge,0.003946072367011306,0.0022782659433357214,1.1296071963194942,0.005819928843986589,0.0005062757369248148,0.005819928843986589,11.495571325099638,birge,0.010080060904840439,0.00581972587685745,3,72.61195430084763,1.8236888978433496e-12,536.1563432389875,5.524737762064321,1.3256581503479091e+17,763046881901134.4,132565815034.79091,763046881.9011344
0,60.0,1.0,0.65,0.36458121907107893,0.0029951976981852785,0.00015619715728431424,0.0029951976981852785,19.175750380228365,birge,0.0051135576145637605,0.002952313865285048,1.1371179576636505,0.010443075928973899,0.0005281006743381541,0.010443075928973899,19.774782416367405,birge,0.01826878889857668,0.010547490188361694,3,118.99410792643744,1.8358146103231545e-12,543.3098562932706,9.979309611622174,1.2325340616749144e+17,1012581831250041.1,123253406167.49144,1012581831.2500411
0,60.0,1.0,0.78,0.3487939794443036,0.012112989317653007,0.00013689709435593471,0.012112989317653007,88.48244277675488,birge,0.020668561112580232,0.011932999322110428,1.1366116206443933,0.040247343601296726,0.00048285616365829453,0.040247343601296726,83.35265578131624,birge,0.06840089072144036,0.03949127267083377,3,86.8140553080666,1.8349971569609633e-12,542.8261129078411,38.44287474304021,1.179162386004394e+17,4095019474878933.5,117916238600.43939,4095019474.8789334
0,60.0,1.0,0.91,0.3750789389020232,0.005603694102010351,0.0001405603255614767,0.005603694102010351,39.866826429335994,birge,0.009677323545699007,0.005587205354144425,1.1456232902544479,0.01183075187124596,0.00046421575508888354,0.01183075187124596,25.485459598373005,birge,0.02043656028960464,0.011799053584513254,3,85.98870952202762,1.8495460035621855e-12,551.467871955707,11.38992130060997,1.2680235399714814e+17,1894432156854475.2,126802353997.14813,1894432156.8544753
0,60.0,1.0,1.04,0.3842331435413741,0.0018885834862696453,0.0001276808646194735,0.0018885834862696453,14.791437165609576,birge,0.0033740576014867443,0.001948013064479675,1.1476427467208967,0.007043491960559715,0.00041502358271460843,0.007043491960559716,16.971305376165052,birge,0.012595320694574684,0.007271911793542358,3,76.95550411131332,1.8528063053286227e-12,553.4137941986094,6.792994808599138,1.2989710173382264e+17,638470484320334.0,129897101733.82263,638470484.320334
0,60.0,1.0,1.17,0.38228998773188705,0.008367510883223758,0.00012395071248505485,0.008367510883223758,67.5067590614508,birge,0.014215871721556516,0.008207537365205844,1.1377887024285764,0.023179624175418426,0.00040117259634712363,0.023179624175418426,57.77967983476552,birge,0.03937099335797158,0.022730853613487863,3,72.06118690317389,1.836897490978543e-12,543.9510030083253,22.163306407705115,1.2924018206899827e+17,2828791401072734.0,129240182068.99826,2828791401.072734
0,60.0,1.0,1.3,0.34130274859402554,0.0057399709523252036,0.0001116026535884449,0.0057399709523252036,51.432208534148224,birge,0.010807217411545441,0.006239549881746571,1.0820179470838291,0.009446623415006024,0.0003853513032673933,0.009446623415006024,24.514315469827437,birge,0.019370582829761004,0.01118361121112246,3,67.88589127350971,1.7468586636074518e-12,491.9324554195164,8.589692369691122,1.1538368982835426e+17,1940503059864452.2,115383689828.35425,1940503059.8644521
0,60.0,1.0,1.43,0.352449820887294,0.007674494750298272,8.672810220608515e-05,0.007674494750298273,88.48913506791577,birge,0.013184024001288095,0.00761179980614617,1.1507790798894253,0.02014680349236125,0.0003043952863006207,0.02014680349236125,66.18631890529433,birge,0.03481759854714624,0.020101949893731208,3,7.95668829636365,1.857869743307789e-12,556.4427188916732,19.48339574150572,1.1915216323584688e+17,2594504513970532.0,119152163235.84688,2594504513.970532
0,60.0,1.0,1.57,0.36529247350028676,0.002009244023035299,8.588615283420251e-05,0.002009244023035299,23.394272030253937,birge,0.0034693325046651143,0.0020030200554767225,1.163864734583794,0.0026154157245372256,0.0002940631813357683,0.0026154157245372256,8.894060496308384,birge,0.004777123943933215,0.0027580737949820483,3,14.480552733322526,1.8789958155078306e-12,569.1694296282554,2.5580544404207965,1.2349385884707525e+17,679262004476684.1,123493858847.07524,679262004.4766841
0,60.0,1.0,1.7,0.3623840442656511,0.0025265879010795468,9.085360294231503e-05,0.0025265879010795468,27.80944089453154,birge,0.004379763794265099,0.002528657805605932,1.1842438995249636,0.00626652801725089,0.0003188596206916128,0.00626652801725089,19.65293693713449,birge,0.010760577109853326,0.006212622091009544,3,15.058151696174852,1.911896860199845e-12,589.2761444086264,6.2364103717409884,1.2251061069545813e+17,854159645368112.9,122510610695.45813,854159645.3681128
0,60.0,1.0,1.83,0.31440074232570364,0.003101769198948738,0.00010243485041031545,0.003101769198948738,30.28040931893997,birge,0.005541734310096471,0.0031995217957115824,1.161269022897841,0.006717086894596407,0.00040615187557970184,0.006717086894596408,16.53836236754807,birge,0.01125588869183039,0.006498590366196741,3,27.718861891703465,1.8748051812775438e-12,566.6334781400143,6.5551155417132,1.062889703752838e+17,1048610292899671.5,106288970375.2838,1048610292.8996714
0,60.0,1.0,1.96,0.2703530913576933,0.003218031209363388,0.00010756314345726314,0.003218031209363388,29.917601010256565,birge,0.0056145046080732074,0.0032415357468374606,1.1713323340271986,0.024899950365310407,0.0005001873580015134,0.024899950365310407,49.78124690075647,birge,0.042970000453070055,0.02480874132865834,3,57.352218652901584,1.891051845464837e-12,576.4966811376523,24.510104142246625,9.139784946314042e+16,1087914810087903.9,91397849463.14041,1087914810.0879037
0,60.0,1.0,2.09,0.30018459101932526,0.0023475198150054674,0.00011851057114498819,0.0023475198150054674,19.808526718966405,birge,0.004090066935995483,0.0023614012465005803,1.199748058364963,0.005668399886562613,0.0005085450638132198,0.005668399886562613,11.14630794773484,birge,0.009846414279616595,0.005684829934889216,3,64.37829729845379,1.9369274747701416e-12,604.8067911958834,5.715011118716328,1.0148293819521707e+17,793622375783140.2,101482938195.21707,793622375.7831402
0,60.0,1.0,2.22,0.2879909499076346,0.0004947563518488623,0.00014640904296431273,0.0004947563518488623,3.3792745436459097,birge,0.000848097771273509,0.000489649476543882,1.1937631494778007,0.005469891925380411,0.0006352102211944177,0.0054698919253804105,8.611152249872646,birge,0.009547155710181221,0.005512052919268401,3,93.7947822018607,1.9272651674409358e-12,598.7877189486413,5.487360051827494,9.736065289366174e+16,167261511011858.66,97360652893.66174,167261511.01185864
0,60.0,1.0,2.35,0.2817793833693513,0.0010845699826525133,0.00014507943333325076,0.0010845699826525133,7.475697676329017,birge,0.001884805446235048,0.0010881929317538778,1.1873062565312067,0.007465831332352302,0.00063937265320026,0.007465831332352303,11.676807406421721,birge,0.012994215270316538,0.0075022136842252,3,85.65592925140993,1.916840867720083e-12,592.3277238506738,7.449162935711441,9.5260718246918e+16,366658888599737.8,95260718246.918,366658888.5997378
0,60.0,1.0,2.48,0.2654154861345498,0.0030391154792606284,0.00015173752428542124,0.003039115479260628,20.028766737646205,birge,0.005199158174343577,0.0030017353715167073,1.1746261145710024,0.014690244114176678,0.0007011660672866244,0.014690244114176678,20.951162355909563,birge,0.025270950800178774,0.014590190247161005,3,101.29361777996824,1.8963694736007404e-12,579.7434511275294,14.500908357156847,8.972860093845384e+16,1027429047249392.2,89728600938.45384,1027429047.2493922
0,60.0,1.0,2.61,0.24249184387700976,0.0009712011067040917,0.0001549827572101598,0.0009712011067040917,6.266510702136516,birge,0.0016644981775095124,0.0009609984708507586,1.122379486645208,0.027488628262970397,0.0007532471834661008,0.027488628262970393,36.493502885042645,birge,0.047645344461513785,0.02750805245048743,3,101.66600877776172,1.8120201567687728e-12,529.3171785012096,25.927421743094488,8.197884082407997e+16,328332448884535.4,81978840824.07997,328332448.8845354
0,60.0,1.0,2.74,0.25444424071902344,0.0027078020786896017,0.0001514447205885397,0.0027078020786896017,17.879805041513674,birge,0.004682217690473242,0.002703279643999154,1.1738539677363629,0.015373545083097925,0.0007298065120751099,0.015373545083097925,21.065234180201063,birge,0.026657189148614584,0.015390535330791402,3,99.0388459350506,1.8951228848622613e-12,578.9815066525557,15.165426943127411,8.601956905028226e+16,915422440783598.9,86019569050.28226,915422440.7835988
0,60.0,1.0,2.87,0.25545061123869794,0.004017225859419167,0.00015346846044207499,0.004017225859419167,26.176230919677632,birge,0.006959585238374219,0.004018118410823501,1.1815824515289082,0.018594070683348687,0.0007430787801080555,0.018594070683348687,25.023013953708666,birge,0.032079273921451205,0.018520977433957597,3,94.78829059490918,1.907600098300304e-12,586.6304639052747,18.463118332108106,8.635979116795598e+16,1358097303473573.5,86359791167.95598,1358097303.4735734
0,60.0,1.0,3.0,0.2686127857926531,0.002818956439945803,0.00015443999162671724,0.002818956439945803,18.25276219102138,birge,0.004881370492265408,0.002818260567723729,1.2043917546541085,0.011068536646933353,0.0007229215201735618,0.011068536646933353,15.310841271229517,birge,0.01926030740657397,0.011119943665860424,3,97.79344209441453,1.9444244678798386e-12,609.4977333334643,11.202746899511496,9.080950706522434e+16,953000222958186.6,90809507065.22433,953000222.9581866
0,65.0,1.0,0.0,0.3302104825624121,0.0023012546642755083,0.00011016414794279832,0.0023012546642755083,20.88932476898394,birge,0.0038206613579481914,0.0022058598634937896,1.0899788597982225,0.0034062857546053407,0.00038769447827782523,0.0034062857546053407,8.786005335274254,birge,0.006312391001593655,0.0036444606440002685,3,70.23692362898477,1.7597111207989807e-12,499.1978397386488,3.1200797610814215,1.116337446885697e+17,777981588172497.8,111633744688.56969,777981588.1724977
0,65.0,1.0,0.13,0.35799369008826315,0.0014099070603867747,0.00013201713718137981,0.0014099070603867747,10.679727575441117,birge,0.0024546458849894113,0.001417190462463844,1.123609294126921,0.014432038697228452,0.0004421054584134027,0.014432038697228452,32.64388263610485,birge,0.026082458792646323,0.015058714605061677,3,79.60083012696033,1.8140056135347993e-12,530.4777750129145,13.627291652041526,1.2102637048137502e+17,476645088891388.0,121026370481.37502,476645088.891388
0,65.0,1.0,0.26,0.34511469224475577,0.003458086063842207,0.00015399043222911587,0.0034580860638422067,22.456499496650977,birge,0.006027947267812764,0.0034802369777325684,1.1183338276631718,0.0032098700898352743,0.0005325701467289812,0.0032098700898352743,6.027131091650806,birge,0.005523417494287951,0.0031889465771738367,3,117.0062251662379,1.8054886621093561e-12,525.5081684857349,3.0166537222810783,1.1667238769454754e+17,1169069781693250.2,116672387694.54753,1169069781.6932502
0,65.0,1.0,0.39,0.36622574123612417,0.002628703693432733,0.00015774817563983816,0.002628703693432733,16.663924528892448,birge,0.004569311161555201,0.002638093029135057,1.1377099104072956,0.005404165183841112,0.0005290296746084957,0.005404165183841112,10.215240171244501,birge,0.009398588938780412,0.00542627785380751,3,115.23964828970438,1.8367702855792533e-12,543.8756682560686,5.1668600648394545,1.2380936722021984e+17,888681772599709.8,123809367220.21983,888681772.5997097
0,65.0,1.0,0.52,0.3773813255862498,0.0017462681009896297,0.0001616383282359054,0.0017462681009896295,10.803552103316816,birge,0.0029815254839188027,0.0017213845407362501,1.130423435087161,0.0038205009788081393,0.0005242971437636827,0.0038205009788081393,7.286900232533329,birge,0.006525029988688716,0.003767227820439811,3,135.34465144447014,1.8250066705907548e-12,536.9314617184399,3.629342972511918,1.2758071828554634e+17,590358143178644.5,127580718285.54633,590358143.1786444
0,65.0,1.0,0.65,0.3730683732337494,0.0029746001884292566,0.00015071794807839636,0.0029746001884292566,19.736204124023836,birge,0.005274557283358805,0.0030452670674033077,1.118396665609809,0.01135944386318672,0.0004890241448520269,0.01135944386318672,23.22879960584351,birge,0.02067112908495395,0.011934481941651667,3,119.78835010624881,1.8055901105296732e-12,525.5672255958083,10.676268231238213,1.2612264518611954e+17,1005618463135615.9,126122645186.11954,1005618463.1356158
0,65.0,1.0,0.78,0.33990244159428024,0.005510201443914493,0.00016357910207650715,0.005510201443914493,33.685240803787586,birge,0.00910651713708447,0.005257650120475659,1.0873442721260118,0.04476255310721008,0.0005689296158574304,0.04476255310721008,78.6785427574353,birge,0.07780269471406837,0.04491940673684565,3,66.74536027026107,1.7554577234199091e-12,496.78753425145993,40.9023691115813,1.1491029021704531e+17,1862825239220792.5,114910290217.0453,1862825239.2207925
0,65.0,1.0,0.91,0.3737797931609841,0.0014779699507576742,0.00013794322130149754,0.0014779699507576742,10.71433548392587,birge,0.0025575466458471544,0.001476600244444879,1.1435700125550992,0.007185995090624008,0.00045778419243738475,0.007185995090624008,15.697342130499408,birge,0.012531071169154619,0.007234817312745778,3,84.81837284355156,1.8462310992691784e-12,549.4928737538539,6.9058353223263085,1.2636315381536411e+17,499655004468477.5,126363153815.3641,499655004.4684775
0,65.0,1.0,1.04,0.3819340203257211,0.00248758891504346,0.00012778827801220884,0.00248758891504346,19.466487488044848,birge,0.004442416537973032,0.0025648303840511756,1.1443253847831976,0.0063615429929973375,0.0004166439821733552,0.0063615429929973375,15.268534444715579,birge,0.011276210440584605,0.006510323133310391,3,73.303105939898,1.8474506063249147e-12,550.2190361002872,6.117564287679736,1.2911984072117366e+17,840975318763815.1,129119840721.17366,840975318.763815
0,65.0,1.0,1.17,0.38058484109641066,0.0036294193197493395,0.00011780266985168909,0.0036294193197493395,30.80931293253962,birge,0.006347489353030218,0.0036647246866502803,1.1470058813860569,0.007857778430369292,0.0003857300482706173,0.007857778430369292,20.371185666242148,birge,0.013669879549656925,0.007892308637784187,3,61.624666836510144,1.8517781211559715e-12,552.7997489842916,7.57411625236524,1.2866372579576242e+17,1226992149263707.8,128663725795.7624,1226992149.2637076
0,65.0,1.0,1.3,0.3398397989392852,0.005202031054067043,0.00011786261757665624,0.005202031054067043,44.13639507610386,birge,0.008754335427507197,0.005054317915647558,1.0835875604272425,0.020755506492085816,0.0004057558292400388,0.020755506492085816,51.15270070416458,birge,0.036240770657667794,0.020923618694843993,3,62.32818193034029,1.7493927183103754e-12,493.36071970593395,18.900090762871404,1.1488911271201862e+17,1758642554425784.5,114889112712.01862,1758642554.4257843
0,65.0,1.0,1.43,0.3608264667634794,0.0036949168494080013,7.913910601615106e-05,0.0036949168494080013,46.68888790143682,birge,0.006269611356951475,0.003619761804650269,1.167609238635534,0.010810953353365557,0.0002751300769017586,0.010810953353365557,39.29397132842678,birge,0.01843356189183778,0.010642621920376169,3,26.13892922569753,1.88504111204041e-12,572.8377007267061,10.607866838810965,1.2198404288979427e+17,1249134797331414.5,121984042889.79427,1249134797.3314145
0,65.0,1.0,1.57,0.37163928154955966,0.00012698464574914994,8.01895314446662e-05,0.00012698464574914994,1.5835564002113434,birge,0.0002241363685598479,0.00012940519272321336,1.1770645895818974,0.0015349231619564737,0.0002729721175269987,0.0015349231619564737,5.623003462266288,birge,0.0027336128792349577,0.0015782521316865309,3,25.692085726096206,1.900306257838241e-12,582.1529962270589,1.5182856159638136,1.2563951438127222e+17,42929501852654.695,125639514381.27222,42929501.852654696
0,65.0,1.0,1.7,0.3615336314067424,0.0056534961457102,8.185424778486048e-05,0.0056534961457102,69.0678406888476,birge,0.009569500475400113,0.005524953675482508,1.1771847252984042,0.01528461894147093,0.0002862729559509031,0.01528461894147093,53.39176692643053,birge,0.025853734160541656,0.01492666037714575,3,26.539039110013658,1.9005002103671745e-12,582.2718358166192,15.12048693725913,1.222231129417993e+17,1911268656375071.5,122223112941.79929,1911268656.3750715
0,65.0,1.0,1.83,0.3322900196144229,0.010231279322219768,9.981728142853612e-05,0.010231279322219768,102.5000799039475,birge,0.0173698969766927,0.010028514695289599,1.13614159051007,0.02648087377141299,0.0003666729629685054,0.02648087377141299,72.2193247002166,birge,0.04559251445767009,0.02632285049516773,3,1.8498026933427643,1.834238319074298e-12,542.3772491616837,25.283157647786958,1.1233677054811587e+17,3458872700924170.0,112336770548.11586,3458872700.92417
0,65.0,1.0,1.96,0.31837126624701145,0.00443920165120646,0.00012005853560963405,0.00443920165120646,36.97531065713114,birge,0.007794708459267188,0.004500277027212564,1.1501218093585208,0.004119203947482292,0.0004666943614857617,0.004119203947482292,8.826341793306549,birge,0.006656490124815257,0.0038431263654201747,3,30.741812557846554,1.8568086160646234e-12,555.8072729353618,3.9812887540871293,1.0763127922711549e+17,1500754003647336.5,107631279227.11548,1500754003.6473365
0,65.0,1.0,2.09,0.33830635102204043,0.001379748133388424,0.00013576588085787643,0.001379748133388424,10.162701590930519,birge,0.002455754835719155,0.0014178307154661795,1.198737786260037,0.005707351298984681,0.000516516532035948,0.005707351298984681,11.049697241031321,birge,0.009697687089747501,0.005598962251782478,3,50.27662929152434,1.935296445835874e-12,603.7886404847815,5.749437318288521,1.1437070235763333e+17,466449307308413.06,114370702357.63332,466449307.308413
0,65.0,1.0,2.22,0.30366735407671724,0.0027600602028067657,0.0001653094073938992,0.0027600602028067657,16.696328698524066,birge,0.0054883915736864885,0.0031687243524859683,1.180861821739884,0.01180984563181971,0.0006724243054414446,0.01180984563181971,17.563085593800153,birge,0.02321020253378637,0.013400416680827294,3,42.20950324907403,1.9064366810080093e-12,585.9151274945152,11.719520576696917,1.0266035048977133e+17,933089263594096.6,102660350489.77132,933089263.5940965
0,65.0,1.0,2.35,0.2821808964832942,0.002877381616427771,0.00014747715409156687,0.002877381616427771,19.5106939386777,birge,0.005004406898213494,0.002889295669817981,1.1662657829770993,0.008139296963739547,0.0006375942180714756,0.008139296963739547,12.76563797638942,birge,0.014125341867288749,0.008155269929474651,3,99.7495280972941,1.8828721765228117e-12,571.5202405989007,7.977209015166092,9.539645716139216e+16,972751931577975.5,95396457161.39215,972751931.5779755
0,65.0,1.0,2.48,0.2681531406466249,0.007567678578493121,0.00016506959096011377,0.007567678578493121,45.845382753275985,birge,0.013028385646390538,0.007521941960049834,1.185959656322808,0.0191033112194061,0.0007618327915106191,0.0191033112194061,25.075464632503703,birge,0.03351403478820216,0.019349337006599,3,116.88469749772406,1.9146668554989398e-12,590.9848920226018,19.039042783765474,9.065411554500101e+16,2558393336762059.0,90654115545.001,2558393336.7620587
0,65.0,1.0,2.61,0.2523108580293487,0.0036446978823802827,0.0001580208548905329,0.0036446978823802827,23.064663742675638,birge,0.006393774566364153,0.0036914474670281267,1.191337986400515,0.018584820897073275,0.0007784978899352706,0.018584820897073275,23.87266701341803,birge,0.03308878246725997,0.019103817464629514,3,104.88681005663886,1.9233498745905397e-12,596.357282361299,18.606295459169637,8.529833967968786e+16,1232157349189269.2,85298339679.68785,1232157349.1892693
0,65.0,1.0,2.74,0.2528611843713704,0.0028126688610550735,0.0001591061352279736,0.0028126688610550735,17.67794093562118,birge,0.004893087482876939,0.0028250253754073893,1.176548869497705,0.013486913012535275,0.0007728851876430707,0.013486913012535276,17.450086025925653,birge,0.022900993831839456,0.01322189495352247,3,106.67434772407356,1.8994736560320545e-12,581.642977959906,13.334878731295277,8.548438765092098e+16,950874590933575.6,85484387650.92097,950874590.9335756
0,65.0,1.0,2.87,0.24847945471645405,0.00216916975063799,0.00014943407277612962,0.00216916975063799,14.515897949777957,birge,0.003685463049745872,0.0021278030838591984,1.1821533072285173,0.013785818275079674,0.0007401615097997603,0.013785818275079674,18.625419037000754,birge,0.023643652611141115,0.01365066919966832,3,85.97383048509518,1.908521713535263e-12,587.1974361698797,13.695342384328917,8.400306311574722e+16,733327846680703.9,84003063115.74721,733327846.6807039
0,65.0,1.0,3.0,0.26279541924133476,0.0019460536522477097,0.00016199766273329526,0.0019460536522477097,12.01285018199055,birge,0.003377339120675363,0.001949907650466575,1.2068188284801111,0.008944587199247303,0.0007764879113643557,0.008944587199247303,11.519287123904991,birge,0.015549481441525254,0.008977497296023696,3,101.80377811223092,1.948342845529298e-12,611.9567115162848,9.071287320261169,8.884283899548203e+16,657899334023166.8,88842838995.48203,657899334.0231668
0,70.0,1.0,0.0,0.31519255833880594,0.009247348350624622,0.00010773616892441817,0.009247348350624622,85.83327626130885,birge,0.015342450269381821,0.00885796779305604,1.096078779155728,0.01783379918726911,0.00039743786413146907,0.01783379918726911,44.87191784366535,birge,0.029921192167046494,0.017275008352118815,3,67.45085240168667,1.7695591062281353e-12,504.8008607332589,16.426770321768057,1.065566583843411e+17,3126236686398289.0,106556658384.3411,3126236686.3982887
0,70.0,1.0,0.13,0.3544989785247803,0.0017219501752852567,0.00013780166597681987,0.0017219501752852567,12.495858907648564,birge,0.002970882749371889,0.0017152399550806757,1.1332405574464819,0.011639581838906109,0.0004700758261489389,0.011639581838906109,24.761072983187656,birge,0.019993671279519055,0.011543351495319217,3,82.53185469934594,1.829554760216334e-12,539.6109645534698,11.084753262350112,1.1984491877393475e+17,582137019826134.1,119844918773.93475,582137019.8261341
0,70.0,1.0,0.26,0.3322624719034532,0.002352545663790498,0.00015281681263537835,0.002352545663790498,15.39454738794797,birge,0.004122175614014157,0.0023799392003979844,1.1283302753415827,0.006717920030301992,0.0005554097792324996,0.006717920030301992,12.095429863667938,birge,0.011483976915072672,0.006630277163284655,3,111.54472745116847,1.821627378920287e-12,534.9448737512917,6.369973333194903,1.1232745753627784e+17,795321456671662.5,112327457536.27783,795321456.6716624
0,70.0,1.0,0.39,0.35593657494284386,0.002300554047856067,0.00015362816904653854,0.002300554047856067,14.974819150250765,birge,0.003976063375088019,0.00229558125992208,1.131622427725052,0.013288754651741687,0.0005279616697486672,0.013288754651741687,25.169923146253616,birge,0.023506270052781886,0.01357135134261766,3,111.68558128458876,1.8269423784805794e-12,538.0710670436607,12.637244048827482,1.2033092476094632e+17,777744731868344.2,120330924760.94632,777744731.8683442
0,70.0,1.0,0.52,0.368789006191894,0.0020631109191974013,0.00016175768856711408,0.0020631109191974013,12.754329871259294,birge,0.003552533016871727,0.002051055893595925,1.1372835651472148,0.004022827735272121,0.0005400244650696337,0.004022827735272121,7.449343493638562,birge,0.006945139793333955,0.004009778329240941,3,129.47784063093826,1.8360819745274197e-12,543.4681208417483,3.8447379294985313,1.2467592622047048e+17,697472702352361.9,124675926220.47047,697472702.3523618
0,70.0,1.0,0.65,0.34917817240882776,0.0026054736108444493,0.0001428024190056789,0.0026054736108444493,18.245304449225305,birge,0.004572101965504,0.0026397043005461514,1.1282781733763678,0.008598328475868774,0.000499791114138876,0.008598328475868774,17.203844231371377,birge,0.015005117969499555,0.00866320889891266,3,103.26660456248682,1.8215432631534717e-12,534.8954714861753,8.152611780709588,1.1804612211891531e+17,880828414678933.5,118046122118.91531,880828414.6789335
0,70.0,1.0,0.78,0.3349529499099738,0.0047877796464252,0.00015049691961281473,0.0047877796464252,31.813140486481576,birge,0.008480156109810866,0.0048960204127693535,1.1042593882908858,0.020085004149185716,0.000537732562096596,0.020085004149185716,37.3512886608078,birge,0.03684470659780688,0.021272301272456582,3,125.09428246070071,1.7827662512480961e-12,512.3641658782444,18.638440400287166,1.132370232549051e+17,1618597224796282.0,113237023254.9051,1618597224.7962818
0,70.0,1.0,0.91,0.39216974328482934,0.00315934110954916,0.0001412936152352309,0.00315934110954916,22.360112339749897,birge,0.005430678243670513,0.003135403545865415,1.152767921613763,0.010961495191748718,0.00045057140326071966,0.010961495191748718,24.32798689047279,birge,0.01874082776212185,0.010820021953297463,3,106.26427916582635,1.861080619251267e-12,558.3677326957308,10.618868034779661,1.3258021567551523e+17,1068073539248872.1,132580215675.51523,1068073539.248872
0,70.0,1.0,1.04,0.39041845831976074,0.0019678354862704486,0.00013180034647543743,0.0019678354862704486,14.930427262853806,birge,0.0033745684009239677,0.0019483079746722579,1.1774378471874174,0.00670594266789535,0.0004309528483152932,0.00670594266789535,15.56073406664006,birge,0.011781851175416793,0.006802254947678995,3,60.354164614983496,1.9009088617818424e-12,582.5222665085953,6.635358174209095,1.3198816148889368e+17,665263084801986.0,131988161488.89368,665263084.801986
0,70.0,1.0,1.17,0.3816914423027272,0.007779172063270264,0.00011079631503168634,0.007779172063270264,70.21146922662112,birge,0.01452834965500448,0.008387946584197843,1.1373050838746839,0.020743787794135687,0.00035872808229256556,0.020743787794135687,57.82593785679096,birge,0.0389915678844963,0.022511792214239507,3,56.77205292285621,1.8361167153333466e-12,543.4886871338815,19.82583944144382,1.2903783274590946e+17,2629892610497093.0,129037832745.90945,2629892610.4970927
0,70.0,1.0,1.3,0.3369956637655729,0.0056904766555650015,8.851909761393634e-05,0.0056904766555650015,64.28529898015024,birge,0.0104920828440567,0.00605760685437599,1.0811634935835717,0.016807097077856107,0.00030622718697897045,0.016807097077856107,54.88440541045202,birge,0.030717071536716867,0.017734509520440474,3,33.33561847857409,1.7454791952690593e-12,491.15581868436544,15.270407434162845,1.1392760035366406e+17,1923770599873499.8,113927600353.66406,1923770599.8734996
0,70.0,1.0,1.43,0.35572560103575995,0.0016277975459102099,9.210229485414974e-05,0.0016277975459102099,17.673800077272105,birge,0.002888749813241906,0.0016678204822966956,1.1471058261057607,0.0035052276627118273,0.0003193445384924558,0.0035052276627118273,10.976319429977146,birge,0.00594744892378978,0.00343376123714158,3,34.11085079091277,1.851939476427358e-12,552.8960899428673,3.3789849636667495,1.2025960114003461e+17,550306986727699.9,120259601140.0346,550306986.7276999
0,70.0,1.0,1.57,0.3696261519645626,0.0017744274137390555,7.620202795473264e-05,0.0017744274137390552,23.285829279939154,birge,0.0031022153570533823,0.0017910648714789615,1.176611606366765,0.006438564398942834,0.00026052670775579025,0.006438564398942834,24.713644349193356,birge,0.011043184028451395,0.006375785271536989,3,24.24133091777663,1.899574941268164e-12,581.7050092671992,6.366323675693929,1.2495893879090134e+17,599877918279911.4,124958938790.90134,599877918.2799114
0,70.0,1.0,1.7,0.36541883416527543,0.0036420008490488315,7.947133681590888e-05,0.0036420008490488315,45.82785435565697,birge,0.006161003286471861,0.0035570569059226982,1.1833111361174953,0.010970022257039521,0.00027636863945252607,0.010970022257039521,39.693440901147994,birge,0.01857024515304693,0.010721536038028988,3,24.37598798679966,1.9103909648089015e-12,588.3482295456289,10.908700131365087,1.2353657740072189e+17,1231245567322129.8,123536577400.72188,1231245567.3221297
0,70.0,1.0,1.83,0.3507134678938781,0.002268611266095085,9.882581822897994e-05,0.002268611266095085,22.955653762852748,birge,0.003945905633320612,0.002278169679594516,1.1814338708415688,0.0016103993606036053,0.0003576831497421867,0.0016103993606036053,4.502307032814825,birge,0.0027623013059400944,0.0015948154025673684,3,37.95860426093689,1.907360222925202e-12,586.4829389022715,1.5988567335391652,1.1856515707767749e+17,766945885277899.6,118565157077.67749,766945885.2778996
0,70.0,1.0,1.96,0.3348929966637459,0.003113771719080296,0.0001037206134097616,0.003113771719080296,30.020760740962274,birge,0.0052897286526157545,0.0030540262615277826,1.2090723576413327,0.012287423681079341,0.00040164770370909397,0.012287423681079341,30.592540596171055,birge,0.02165769065220651,0.012504073528077071,3,40.41022775073212,1.9519810448305034e-12,614.2442957742027,12.484744784981308,1.1321675495412093e+17,1052667966228477.6,113216754954.12093,1052667966.2284776
0,70.0,1.0,2.09,0.34211348249901924,0.0011677177540013982,0.00012591360971924402,0.0011677177540013982,9.273959793584806,birge,0.002043772660049107,0.0011799726954417496,1.1960161633377842,0.00588467329565561,0.00047285457433381405,0.00588467329565561,12.444996020068732,birge,0.0101331906870548,0.0058504003709208986,3,58.51990099992116,1.930902534816539e-12,601.0500606887895,5.914607761849408,1.1565777337972464e+17,394768526446957.3,115657773379.72464,394768526.4469573
0,70.0,1.0,2.22,0.33149438456648234,0.001025764145637108,0.00014318590426262186,0.001025764145637108,7.163862608680538,birge,0.0017825724594447538,0.0010291686893104419,1.1953113246636244,0.0063360558844084485,0.000540662710375613,0.0063360558844084485,11.719054713439771,birge,0.010860479394939004,0.0062703007021964186,3,73.17948590842539,1.929764611413586e-12,600.3418453490831,6.364533495825653,1.1206779144388563e+17,346778490664961.2,112067791443.88562,346778490.66496116
0,70.0,1.0,2.35,0.318960838603668,0.001600140061534281,0.00015185172892498707,0.001600140061534281,10.537516252611987,birge,0.0027701162255588585,0.0015993273485129572,1.1702525346324713,0.006271629169907108,0.0005825307992286637,0.006271629169907108,10.766176102982797,birge,0.010763128425210074,0.00621409509361755,3,79.47585056828368,1.889308568532397e-12,575.4342775458836,6.167746351525055,1.0783059503752738e+17,540956863964813.44,107830595037.52737,540956863.9648135
0,70.0,1.0,2.48,0.2913457946438703,0.003461933039837138,0.00015534485983729885,0.003461933039837138,22.28546888170622,birge,0.0058457334906081805,0.003375035804413444,1.1802373337276906,0.014018877793179266,0.0006565979251873248,0.014018877793179266,21.350779914785345,birge,0.023734530592361892,0.013703137626589547,3,74.71350728766137,1.905428479344294e-12,585.2955796085404,13.904300379152877,9.849482004016939e+16,1170370322889606.5,98494820040.16939,1170370322.8896065
0,70.0,1.0,2.61,0.2755946237986094,0.0057396058646017765,0.00016982660609399344,0.005739605864601776,33.79685902352128,birge,0.009957616307621153,0.005749032455692081,1.1683419309332772,0.019325643420523606,0.0007537055345607157,0.019325643420523606,25.64084053301695,birge,0.033274987664942524,0.019211323085636042,3,24.579842077818324,1.886224003591813e-12,573.5568547820668,18.974505602244413,9.31698461900326e+16,1940379635225144.5,93169846190.03261,1940379635.2251444
0,70.0,1.0,2.74,0.26857380584397117,0.0012593545475870944,0.0001562531840671308,0.0012593545475870944,8.059704863652826,birge,0.0021828908103362797,0.0012602925969592115,1.1900084408399831,0.0101871557144553,0.0007226326930878855,0.0101871557144553,14.09728041908056,birge,0.017742780655068287,0.010243799187376161,3,69.1197076966575,1.921203396163509e-12,595.026943275643,10.187544755845016,9.079632917454877e+16,425748034849726.7,90796329174.54877,425748034.8497267
0,70.0,1.0,2.87,0.25476176689281416,0.007985973538136534,0.00016348620401867583,0.007985973538136534,48.847996600522066,birge,0.013923171708514254,0.008038546933884087,1.174234310213949,0.03770144486074129,0.0007870900644127508,0.03770144486074129,47.89978499966252,birge,0.0657786200825682,0.037977304011592876,3,115.7871007281225,1.8957369269434483e-12,579.3567610577683,37.203114900870744,8.612691463041597e+16,2699805663733001.0,86126914630.41597,2699805663.7330008
0,70.0,1.0,3.0,0.26678005102889524,0.0020205304396223385,0.00016316941682993242,0.0020205304396223385,12.38302176276262,birge,0.0035472045382475594,0.0020479794950278908,1.2183790030630104,0.005366573715974107,0.0007761492092000249,0.005366573715974107,6.914358286218473,birge,0.009385728234856179,0.0054188527229348865,3,100.0333107490534,1.9670061137101797e-12,623.7367880416004,5.494726097503262,9.018991727173394e+16,683077585793029.2,90189917271.73393,683077585.7930292
0,75.0,1.0,0.0,0.3174026216541906,0.006197079872807815,0.00010741388750255819,0.006197079872807815,57.69346978211011,birge,0.01059274125017608,0.006115722012245213,1.1519885093806546,0.027032751611384145,0.0004129327998796535,0.02703275161138415,65.46525637891362,birge,0.04627048682711712,0.026714278025171102,3,46.9124477947003,1.8598223009252207e-12,557.61293806708,26.17007362020592,1.073038110549066e+17,2095037162258911.5,107303811054.90659,2095037162.2589114
0,75.0,1.0,0.13,0.34000900985324023,0.0021193969535285885,0.00013450580635415325,0.0021193969535285885,15.756917942621932,birge,0.0037339292853952053,0.002155785078057949,1.1311510680810644,0.013052313240142843,0.00047869839736484036,0.013052313240142843,27.26625639858788,birge,0.022407590713623814,0.012937028530401668,3,77.494081911954,1.8261813941734393e-12,537.6229102050789,12.407224511537986,1.1494631758274349e+17,716501234509490.5,114946317582.74348,716501234.5094905
0,75.0,1.0,0.26,0.31862485217073555,0.003407985285361742,0.00014977783258796125,0.003407985285361742,22.753602629149455,birge,0.005970097332212622,0.003446837301841224,1.1701371720587503,0.01976249880201241,0.0005934571114882131,0.01976249880201241,33.30063524296468,birge,0.033620568890242335,0.01941084449908977,3,91.30744597385821,1.889122321980846e-12,575.3208314215985,19.43323827878749,1.0771700862627312e+17,1152132289369608.8,107717008626.27312,1152132289.3696086
0,75.0,1.0,0.39,0.3557242628569899,0.001728456143281442,0.00015731342193252865,0.0017284561432814422,10.987340571758542,birge,0.0029643612853445713,0.0017114747860689935,1.141097457918427,0.005135641586080778,0.0005446702460356206,0.005135641586080778,9.428900556732293,birge,0.00900022260336056,0.005196280942816774,3,113.67371192603711,1.8422392953439712e-12,547.1192851791418,4.924747722492346,1.2025914874401736e+17,584336482316247.1,120259148744.01735,584336482.3162471
0,75.0,1.0,0.52,0.3680792940384259,0.0037131235415027238,0.00015772976758812317,0.0037131235415027238,23.541044904083893,birge,0.00649304181976222,0.003748759442499215,1.1522617214083763,0.010192140080438563,0.0005350806666765597,0.010192140080438563,19.04785710861687,birge,0.017858721795609,0.010310737836077494,3,116.88894256354648,1.860263386767571e-12,557.8774626277561,9.869225265718152,1.2443599493564926e+17,1255289905434445.2,124435994935.64926,1255289905.4344451
0,75.0,1.0,0.65,0.32073160828445224,0.006140170024031846,0.00015694330474189162,0.0061401700240318454,39.12349134058281,birge,0.01059483474929351,0.0061169306945242094,1.1294322954604734,0.020055780412762896,0.0005977282735809554,0.0200557804127629,33.55334070548459,birge,0.035382156208766384,0.020427897411640663,3,124.31544723830089,1.8234065299938358e-12,535.9903263339593,19.03558864311795,1.0842923639171142e+17,2075797738121851.0,108429236391.71143,2075797738.121851
0,75.0,1.0,0.78,0.32716493519997475,0.008189583582955703,0.00014787908290526096,0.008189583582955703,55.38027029963647,birge,0.014029888754327967,0.008100160049011755,1.159410631735368,0.044292045153796304,0.0005660828818123436,0.044292045153796304,78.24303927367143,birge,0.07817198307322122,0.04513261547041114,3,98.29773486705287,1.87180491061541e-12,564.8213501274346,43.15484446822393,1.1060414122456998e+17,2768639795172408.5,110604141224.56998,2768639795.1724086
0,75.0,1.0,0.91,0.3699472422905203,0.004179578694100423,0.0001354113292822083,0.004179578694100423,30.8657976866163,birge,0.007002080505499666,0.004042653064737663,1.1575597891453842,0.01024842254906569,0.0004594321923393124,0.01024842254906569,22.306714069998705,birge,0.017207265333826237,0.009934619272501895,3,88.9457526901611,1.8688168267097774e-12,563.0194674025097,9.969353564969321,1.250674892984194e+17,1412983673995888.0,125067489298.41939,1412983673.995888
0,75.0,1.0,1.04,0.39048849388527335,0.003025855392606632,0.00012209762130622215,0.003025855392606632,24.782263243423508,birge,0.005357434641882613,0.003093116332656753,1.167500437097694,0.008342866794663699,0.0003974102234678873,0.008342866794663699,20.993085486986327,birge,0.014539133185690157,0.008394172458542034,3,74.72187902161598,1.884865457921639e-12,572.7309480274986,8.185381104358502,1.3201183830369037e+17,1022946230360619.8,132011838303.69037,1022946230.3606197
0,75.0,1.0,1.17,0.3974031701823986,0.006096185612515675,0.00011438508542390536,0.006096185612515675,53.295283995492234,birge,0.010327496750558529,0.005962583028989952,1.135342320358244,0.01495393230826676,0.00035537775611658404,0.01495393230826676,42.07897666887464,birge,0.02531643924064119,0.014616453010506998,3,71.11445013877018,1.8329479412270143e-12,541.6143980078685,14.267529536706938,1.3434947217396429e+17,2060927996472916.0,134349472173.96428,2060927996.472916
0,75.0,1.0,1.3,0.33057348253284613,0.010800117807208406,0.00010109287853604604,0.010800117807208406,106.8336164090676,birge,0.018564083700927048,0.010717978721988975,1.0947371510971449,0.04719903224180284,0.00036084174941690157,0.04719903224180284,130.80258123699272,birge,0.08178524373650373,0.047218732487009585,3,30.865506740944685,1.767393121270315e-12,503.56583908512187,43.4219670923364,1.1175646352446774e+17,3651179043562012.5,111756463524.46774,3651179043.562012
0,75.0,1.0,1.43,0.3692260805323742,0.003044487807848859,8.050637993277376e-05,0.0030444878078488592,37.81672720088936,birge,0.005170065461426802,0.002984938685882751,1.1704744026474045,0.008939880402516247,0.00027420968726490555,0.008939880402516247,32.602350747294,birge,0.015376723054218765,0.008877755194607529,3,26.28083395841421,1.8896667622805763e-12,575.6524912384283,8.7934676972724,1.2482368726353752e+17,1029245262026548.1,124823687263.53752,1029245262.026548
0,75.0,1.0,1.57,0.37543996895479115,0.004495973613709417,7.802551932447543e-05,0.004495973613709417,57.6218351718051,birge,0.008001400334879533,0.00461961063723666,1.1961826621014535,0.01251616978404074,0.0002671256236241108,0.01251616978404074,46.854995092694764,birge,0.021193002729550287,0.012235785830842333,3,27.093679106215976,1.931171337943677e-12,601.2174180553363,12.581588949439173,1.269244068660421e+17,1519946812786357.0,126924406866.04208,1519946812.786357
0,75.0,1.0,1.7,0.36570902278869866,0.0019689568658175357,8.768889567003787e-05,0.0019689568658175357,22.453890549910323,birge,0.0034742566175578423,0.002005862993380859,1.1880749347639346,0.006420524061236078,0.000305769131028501,0.006420524061236077,20.99794717550352,birge,0.011273213838580166,0.006508593044336474,3,32.04472207830458,1.9180818565909114e-12,593.0949341845211,6.410336897285987,1.2363468101768576e+17,665642187842831.6,123634681017.68576,665642187.8428316
0,75.0,1.0,1.83,0.34504517480471725,0.0030536460183455357,0.00010457667885358832,0.0030536460183455357,29.200066896566554,birge,0.005215197356769967,0.0030109955978081656,1.1859919355092459,0.006750779570186923,0.0003854464809472316,0.006750779570186922,17.514181355598154,birge,0.011763479968829925,0.006791648326610728,3,43.071310016927484,1.9147189684760257e-12,591.0170630513883,6.728251340370239,1.1664888604162469e+17,1032341364017183.8,116648886041.62468,1032341364.0171837
0,75.0,1.0,1.96,0.3455860829562025,0.0018293164820027909,0.00010170073940551448,0.001829316482002791,17.987248595201468,birge,0.0031228528657999345,0.0018029799427091867,1.2162229821410948,0.010023306289997494,0.00038418333586043014,0.010023306289997494,26.089903841219336,birge,0.017086246002344204,0.009864748728893594,3,39.78474072507527,1.963525336116317e-12,621.531235083034,10.244499618105328,1.1683175001981915e+17,618434180289519.8,116831750019.81915,618434180.2895197
0,75.0,1.0,2.09,0.3460466931971997,0.0022769141925059067,0.00012520503918490457,0.0022769141925059067,18.185483646096127,birge,0.004042880437542609,0.0023341581089166975,1.2114402433767206,0.00926661804041919,0.0004662818251268409,0.00926661804041919,19.87342748754667,birge,0.01660264028276231,0.009585538836511344,3,56.54249316601412,1.955803866552124e-12,616.6525627856064,9.433868148629532,1.1698746780819888e+17,769752842706752.5,116987467808.19887,769752842.7067524
0,75.0,1.0,2.22,0.334644889441096,0.0003277543141862053,0.00014996156293027973,0.0003277543141862053,2.18558881210504,birge,0.0005668098590101183,0.00032724782467882563,1.2107451187081686,0.003162977784139787,0.0005673002660286873,0.003162977784139787,5.575491452316437,birge,0.0054290448423202015,0.003134460501156118,3,73.50548668093387,1.954681625878741e-12,615.9450950738253,3.2182176444321753,1.1313287773092147e+17,110803391662542.47,113132877730.92146,110803391.66254246
0,75.0,1.0,2.35,0.33138667831054064,0.001464622193392057,0.0001547498272706841,0.001464622193392057,9.464451232182512,birge,0.0025625025299257378,0.001479461525451722,1.2416514112438033,0.006343403936229147,0.0006035466054436747,0.006343403936229147,10.510213923854366,birge,0.011098588515207352,0.006407773066879854,3,80.3363155217135,2.0045781410163747e-12,647.7925074588354,6.618942328681114,1.1203137935731632e+17,495142548878468.6,112031379357.31631,495142548.8784686
0,75.0,1.0,2.48,0.2948595321018808,0.00026300082893237364,0.00017034164070258277,0.00026300082893237364,1.5439608767862827,birge,0.00045717786759218306,0.000263951764921886,1.1780405490433028,0.033749825296305595,0.0007112098721129868,0.033749825296305595,47.454101271170074,birge,0.05994503347613046,0.03460928121402505,3,104.26606540117425,1.9018818908904286e-12,583.1187771583578,33.41167988160061,9.968270380220616e+16,88912281530522.27,99682703802.20616,88912281.53052226
0,75.0,1.0,2.61,0.28953192479824885,0.004398778756840011,0.00016326590536075612,0.004398778756840011,26.94242099794423,birge,0.0077410715620093344,0.004469309750142246,1.1705184683688028,0.036245903871415984,0.0006893969764398883,0.036245903871415984,52.576244326735065,birge,0.06189714140283856,0.03573633125099717,3,94.30430895473812,1.8897379039722647e-12,575.695836090294,35.653629563286266,9.788160788023704e+16,1487088298566565.0,97881607880.23703,1487088298.566565
0,75.0,1.0,2.74,0.2916709354548693,0.0025220238529646824,0.00015344662716300673,0.0025220238529646824,16.43583765634373,birge,0.00444824163753567,0.0025681935068517206,1.1792113692064976,0.006715192928748561,0.0006468720580569044,0.006715192928748561,10.381021788017678,birge,0.011479958727529303,0.006627957261624837,3,33.48068653806698,1.9037721158641598e-12,584.2784426617767,6.654519400067814,9.860473988887085e+16,852616684714509.6,98604739888.87085,852616684.7145096
0,75.0,1.0,2.87,0.2902952746154244,0.0032248140511707355,0.00016310437412788898,0.003224814051170736,19.771474973701086,birge,0.005697003069416497,0.003289166255701739,1.173578925034339,0.017936734700567204,0.0006889598837120476,0.017936734700567204,26.03451249429191,birge,0.03140056172178638,0.018129122762778827,3,37.6647306772784,1.8946788434966005e-12,578.7102191052331,17.68977176936602,9.813967236667422e+16,1090207874877091.0,98139672366.67422,1090207874.877091
0,75.0,1.0,3.0,0.2948101132220561,0.002138119421839481,0.00016572934742493516,0.002138119421839481,12.901272195064383,birge,0.0038147066045262266,0.00220242188500266,1.2045168301168747,0.008327125229534977,0.0007070565285075928,0.008327125229534977,11.777170415371613,birge,0.01487225538490621,0.008586500649932462,3,77.18173686765559,1.944626395358331e-12,609.6243319574534,8.428970070411966,9.966599683830138e+16,722830710276399.1,99665996838.30138,722830710.2763991
0,80.0,1.0,0.0,0.3113576500404786,0.009097847992806931,9.163157541431523e-05,0.009097847992806931,99.28725934996433,birge,0.015619463939303297,0.009017901709954411,1.1509504719321586,0.009651289205583112,0.00035761096536747835,0.009651289205583112,26.988236212683017,birge,0.0173604127615807,0.010023038981141633,3,41.37011488562445,1.8581464463657457e-12,556.6084795626965,9.334875029889428,1.0526019689542205e+17,3075695332756326.5,105260196895.42204,3075695332.756326
0,80.0,1.0,0.13,0.3276673914865464,0.0009544553341836716,0.0001328412025567932,0.0009544553341836717,7.184934461697727,birge,0.0016438544419920707,0.0009490798045926842,1.1487335766173117,0.027393417258438003,0.00049877123932057,0.027393417258438003,54.92180602825761,birge,0.047543119707123174,0.027449032961022166,3,77.3343576657746,1.854567390401389e-12,554.4663294259726,26.444299752161193,1.1077400584054778e+17,322671231591701.2,110774005840.54778,322671231.59170115
0,80.0,1.0,0.26,0.3045414884613389,0.0012884510898633263,0.00016740201518018185,0.0012884510898633263,7.696747786915899,birge,0.002235067174367596,0.001290416634778028,1.1369833569818404,0.03135071711443902,0.0006718462877019074,0.03135071711443902,46.66352659575768,birge,0.05358200990879347,0.030935587844563107,3,124.06980284852365,1.835597304900651e-12,543.1812407025913,29.954917659201822,1.0295586774276437e+17,435584657680654.3,102955867742.76436,435584657.6806543
0,80.0,1.0,0.39,0.3454617418577621,0.0009483157191610512,0.00015551651799226157,0.0009483157191610512,6.097845626972171,birge,0.0016346753614319709,0.0009437802599603973,1.1435271122246076,0.004767655349721246,0.0005551624604608438,0.004767655349721246,8.58785614892546,birge,0.008358828829367556,0.004825972074745363,3,104.73560382496028,1.8461618390372264e-12,549.4516467481494,4.58160730082879,1.1678971421789704e+17,320595621482044.0,116789714217.89703,320595621.482044
0,80.0,1.0,0.52,0.353640860255592,0.0018537579214367324,0.00015821190340984916,0.0018537579214367324,11.716930783864967,birge,0.0032324935325980576,0.001866281011199213,1.138378624235699,0.009397951981318858,0.0005507886727438655,0.009397951981318858,17.06271832806774,birge,0.016319472684747007,0.00942205194757143,3,109.87694925919058,1.8378498873989537e-12,544.5152057382409,8.990554895673117,1.1955481606419701e+17,626697059736643.5,119554816064.197,626697059.7366434
0,80.0,1.0,0.65,0.3098337417117506,0.005142294194448066,0.00014892675518780326,0.0051422941944480665,34.52901520592055,birge,0.009000780276226096,0.005196602915395811,1.1301545749391944,0.01238849661366117,0.000587471690190147,0.012388496613661168,21.08781890349709,birge,0.021284683315022382,0.012288717641544109,3,105.90705266775619,1.8245726106197167e-12,536.6760843076015,11.765841594607307,1.0474501157490195e+17,1738447407126239.2,104745011574.90195,1738447407.126239
0,80.0,1.0,0.78,0.33749655523731786,0.004065575017217318,0.00013713329239946513,0.004065575017217318,29.646885494256356,birge,0.007026228059699268,0.004056594661655075,1.169752439128514,0.014617630440207537,0.0005133392850227659,0.014617630440207537,28.475573303452244,birge,0.025245599713125445,0.014575553790226516,3,84.87125169991354,1.888501191754522e-12,574.9425706736112,14.369361826184525,1.1409693595512515e+17,1374442628115185.8,114096935955.12515,1374442628.1151857
0,80.0,1.0,0.91,0.36402840324105024,0.0010277926243039844,0.00012760520209407442,0.0010277926243039844,8.054472760023252,birge,0.0017519549642690763,0.0010114916702288524,1.1682802278916635,0.004557148625698443,0.0004446679684021031,0.004557148625698443,10.24843017605783,birge,0.007890008841450993,0.004555298728520258,3,78.0763541965803,1.886124387413445e-12,573.4962744553334,4.474111084964205,1.230665165789165e+17,347464255295590.3,123066516578.91649,347464255.2955903
0,80.0,1.0,1.04,0.36922948013037277,0.0012201115868028301,0.0001314261782318644,0.0012201115868028301,9.283626772211907,birge,0.0020783491508054256,0.0011999354416875427,1.1551174391849919,0.0021684346883382665,0.00044603532641011395,0.0021684346883382665,4.861576112795304,birge,0.0037294708813801402,0.002153211017299695,3,84.32575762800691,1.864873786578723e-12,560.6461301004684,2.1049366499915974,1.2482483656034989e+17,412481228081452.5,124824836560.34988,412481228.0814525
0,80.0,1.0,1.17,0.37390340182913007,0.0020111733790552063,0.0001136799534205532,0.0020111733790552063,17.691539436288938,birge,0.0034094541721495088,0.0019684492840802118,1.1480994835535263,0.006690465890602969,0.00037772615075779925,0.006690465890602969,17.712477352125255,birge,0.011330159543967867,0.006541470662671255,3,72.04131227269524,1.8535436819083906e-12,553.854375140014,6.455091842331145,1.2640494200571477e+17,679914258868090.5,126404942005.71477,679914258.8680905
0,80.0,1.0,1.3,0.3231638812807399,0.0035380139921095143,0.00010520823779303059,0.0035380139921095143,33.6286783841929,birge,0.006068092033744232,0.003503414569149656,1.0851574248728346,0.0076891024243215065,0.0003810305742421246,0.0076891024243215065,20.179751820743636,birge,0.014534142261082213,0.008391290946876132,3,63.03299648774546,1.7519271784040023e-12,494.79128336755656,7.011887435448295,1.0925151114378312e+17,1196090892193558.0,109251511143.78311,1196090892.193558
0,80.0,1.0,1.43,0.38110059760520976,0.005476698970127082,9.12413245809001e-05,0.005476698970127082,60.0243255485743,birge,0.00935405595261953,0.005400566722259708,1.1592283163935493,0.016195539864208356,0.00029835561519770613,0.016195539864208356,54.2826715477647,birge,0.02787614717241726,0.016094301073964732,3,39.5428660062243,1.871510572489852e-12,564.6437297083559,15.77723715724419,1.2883808679719994e+17,1851499109970754.5,128838086797.19994,1851499109.9707544
0,80.0,1.0,1.57,0.368904289639044,0.00041193390682379803,8.594325800852112e-05,0.0004119339068237981,4.793091585880483,birge,0.0007019133862363233,0.000405249882491343,1.1832915988226829,0.0016704539574020159,0.0002960149764369469,0.0016704539574020159,5.643140011052222,birge,0.0028575707286027305,0.0016498192293871816,3,19.17099654823425,1.9103594229173842e-12,588.328801624148,1.6610887390808111,1.2471489991629653e+17,139261855729371.95,124714899916.29652,139261855.72937194
0,80.0,1.0,1.7,0.36778511695503596,0.0023578986840276837,9.093032906671924e-05,0.0023578986840276837,25.930827571267212,birge,0.00415743951397196,0.002400298822531298,1.1910045805657106,0.00793748840666412,0.0003162032227462058,0.00793748840666412,25.102490536710903,birge,0.014122815534836243,0.008153811350753134,3,33.85394505334287,1.922811609146242e-12,596.0235379867165,7.944436150902742,1.2433654294622258e+17,797131143904586.1,124336542946.22256,797131143.9045861
0,80.0,1.0,1.83,0.33438206285424327,0.003801611476443472,0.00010372457578089163,0.003801611476443472,36.65101975903972,birge,0.0065475776205352765,0.0037802457017560116,1.1608177628586371,0.006601193885568961,0.00038668535137890807,0.006601193885568961,17.071228227367047,birge,0.011287419649686948,0.006516794773203031,3,45.810174073436485,1.8740766466805457e-12,566.1931850482388,6.439513782055044,1.1304402435514005e+17,1285204884088483.5,113044024355.14005,1285204884.0884833
0,80.0,1.0,1.96,0.3496959432148827,0.0005649943046409118,0.00010350912906427679,0.0005649943046409118,5.458400720288771,birge,0.0010016178602472846,0.0005782843412389068,1.2101447913590444,0.0063089842615516555,0.0003845678743785566,0.0063089842615516555,16.405385581795343,birge,0.01092027038737978,0.006304821047777216,3,41.76847752380337,1.9537124302811596e-12,615.3344347314192,6.415984751628777,1.1822116409069584e+17,191006746561591.6,118221164090.69583,191006746.5615916
0,80.0,1.0,2.09,0.34351251814927747,0.0013332649209101054,0.00012716132397055374,0.0013332649209101054,10.484830444348349,birge,0.002320564326469412,0.0013397784385589578,1.2080463694653654,0.005358363484631945,0.00047968741208960714,0.005358363484631945,11.170531787127626,birge,0.009330202836615226,0.005386795119313611,3,63.382800982550684,1.9503246431610326e-12,613.2022737783695,5.439792305259685,1.1613074318788818e+17,450734799901373.44,116130743187.88817,450734799.90137345
0,80.0,1.0,2.22,0.33128053349133807,0.0023520930168314945,0.00014844977750123181,0.0023520930168314945,15.844368758396941,birge,0.004011097666466715,0.0023158083174804377,1.2024641443631083,0.008522937828117595,0.0005627413204803336,0.008522937828117595,15.145391884219118,birge,0.014769999745704575,0.008527463329113241,3,79.6190189211481,1.9413124467290182e-12,607.548311287516,8.612475488695656,1.119954951432389e+17,795168431017651.4,111995495143.23889,795168431.0176513
0,80.0,1.0,2.35,0.32220491662678213,0.0014958816536668259,0.00015334009266342022,0.0014958816536668259,9.755319875476202,birge,0.002587493230831173,0.0014938899133467123,1.1947398440462944,0.011807727349554167,0.0005933971089914655,0.011807727349554167,19.89852523822119,birge,0.02051864262226865,0.011846443841372534,3,82.78637066604409,1.928841987283222e-12,599.7679334203324,11.855126898334914,1.0892731545346293e+17,505710386035959.5,108927315453.46292,505710386.0359595
0,80.0,1.0,2.48,0.29491134883950776,0.00550770317625706,0.0001583153720277937,0.005507703176257061,34.7894402527768,birge,0.009557669727345378,0.005518123189908392,1.1585231591985288,0.0022941226805868577,0.0006494835831063425,0.0022941226805868577,3.532225817956098,birge,0.003987785011640522,0.0023023487499410104,3,89.66647038633121,1.8703721348524298e-12,563.9569944344062,2.23351000199705,9.970022140617182e+16,1861980653756184.0,99700221406.17181,1861980653.7561839
0,80.0,1.0,2.61,0.2952446412705329,0.0018919045067427643,0.00016024694875756113,0.0018919045067427643,11.806181156092036,birge,0.0033132782278728406,0.001912922076762511,1.2000699568326525,0.005039761307074789,0.0006790446987924822,0.005039761307074789,7.421840294220385,birge,0.008814207799807943,0.005088885245912415,3,88.84567607374717,1.9374471622010214e-12,605.1313801721215,5.0825665589318625,9.98128970603878e+16,639593216550773.1,99812897060.3878,639593216.5507731
0,80.0,1.0,2.74,0.298004539559636,0.0006310122530137851,0.00015141888697357502,0.0006310122530137852,4.1673285653189795,birge,0.0010846765107867414,0.0006262382754863892,1.1994328560485763,0.014218706236280892,0.0006352333873216088,0.014218706236280894,22.383436576330617,birge,0.024383778867169192,0.014077981292820441,3,81.48237783606208,1.9364185979084843e-12,604.4890387180138,14.331860297539107,1.0074593158606773e+17,213325331775274.4,100745931586.06772,213325331.7752744
0,80.0,1.0,2.87,0.3023857175378376,0.0013004751146339728,0.0001674756159096801,0.0013004751146339728,7.765160961314639,birge,0.0022479681424181696,0.0012978650121548334,1.2045444205941918,0.0046763845857531825,0.0006947880356539208,0.0046763845857531825,6.730663663993381,birge,0.008051707299239982,0.004648655376652279,3,94.96012343603964,1.9446709386715577e-12,609.6522601997466,4.733687497985876,1.0222706961675182e+17,439649601049378.8,102227069616.75182,439649601.0493788
0,80.0,1.0,3.0,0.3223154400499119,0.004080809793313035,0.00016758013213684402,0.004080809793313035,24.35139381547147,birge,0.006886305434816666,0.003975810296513385,1.243808510455452,0.009409829682607406,0.0006725031358772444,0.009409829682607406,13.99224654965034,birge,0.016195884538497303,0.009350698298065516,3,17.930389253601685,2.0080606594499046e-12,650.045259709036,9.835622008420735,1.089646799353656e+17,1379593025194828.8,108964679935.3656,1379593025.1948287
