row_uid,area_mean,area_err,area_err_int,area_err_ext,area_birge,area_method,area_std,area_sem,fwhm_mean,fwhm_err,fwhm_err_int,fwhm_err_ext,fwhm_birge,fwhm_method,fwhm_std,fwhm_sem,n_fits,chi2_median,power,pressure,n2_flow,freq,trial,run_id,Measured Pressure,delivered_power,delivered_power_error,gamma,Nitrogen_Gas_Flow,Argon_Gas_Flow,basename,df_source,run_id_off,fwhm_wavelength_m,T_gas_K,T_gas_K_err,N_s_m3,N_s_m3_err,N_s_cm3,N_s_cm3_err
4f9f288a|Scope_TrialNumber_0_30.00W_0.60Torr_0.00NitrogenFlow_2410.00MHz.csv,0.609906022617195,0.02441598495332775,0.00018850689965248097,0.024415984953327745,129.52303071314347,birge,0.04275711845691745,0.024685833850874007,1.1978546619736241,0.045688171704788595,0.00041154486530502714,0.045688171704788595,111.0162598455107,birge,0.08015003282618499,0.04627464302775525,3,43.99607754785455,30,0.6,0.0,2410.0,0,4f9f288a,0.605,30.066666666666663,0.0942809041582076,0.5254362089074616,-0.006,79.99,Scope_TrialNumber_0_30.00W_0.60Torr_0.00NitrogenFlow_2410.00MHz.csv,G:\My Drive\MiniChamberData\Data\NafisaData\LAS_0.6Torr_2Nitrogen_Freq_Sweep_4\LAS_DataFrame_4f9f288a_Laser_True_20260807_154812.csv,7f72a6df,1.933886546031203e-12,602.9092182124591,45.99192332516417,2.0618998126445062e+17,8254274090419230.0,206189981264.45062,8254274090.4192295
4f9f288a|Scope_TrialNumber_0_30.00W_0.60Torr_0.00NitrogenFlow_2415.00MHz.csv,0.6102890702412073,0.016218578109760653,0.00021804787807402443,0.016218578109760653,74.38081146680389,birge,0.026667944018859368,0.015396744658022328,1.193564231889349,0.028083563106679938,0.0004753800298747538,0.028083563106679938,59.07602621439312,birge,0.046355358140771644,0.02676327850095602,3,59.443028400136214,30,0.6,0.0,2415.0,0,4f9f288a,0.605,30.100000000000005,0.0816496580927737,0.4878272708301934,0.001,80.0,Scope_TrialNumber_0_30.00W_0.60Torr_0.00NitrogenFlow_2415.00MHz.csv,G:\My Drive\MiniChamberData\Data\NafisaData\LAS_0.6Torr_2Nitrogen_Freq_Sweep_4\LAS_DataFrame_4f9f288a_Laser_True_20260807_154812.csv,7f72a6df,1.926959825052386e-12,598.5979985179948,28.169015487841595,2.063194775794396e+17,5482989497689376.0,206319477579.4396,5482989497.689376
4f9f288a|Scope_TrialNumber_0_30.00W_0.60Torr_0.00NitrogenFlow_2420.00MHz.csv,0.637207869011066,0.010680668563096183,0.0001974993487646939,0.010680668563096183,54.07951281814819,birge,0.017761920051512985,0.010254849323065635,1.1970819284880394,0.01572071451350974,0.00041233862430058236,0.01572071451350974,38.125738378682215,birge,0.026001005945951217,0.015011687782095997,3,51.58405281931209,30,0.6,0.0,2420.0,0,4f9f288a,0.605,29.96666666666667,0.1247219128924664,0.4707913085976287,0.005,80.02,Scope_TrialNumber_0_30.00W_0.60Torr_0.00NitrogenFlow_2420.00MHz.csv,G:\My Drive\MiniChamberData\Data\NafisaData\LAS_0.6Torr_2Nitrogen_Freq_Sweep_4\LAS_DataFrame_4f9f288a_Laser_True_20260807_154812.csv,7f72a6df,1.932638999948294e-12,602.1315982144034,15.815022731230822,2.1541987404740883e+17,3610797023230643.5,215419874047.4088,3610797023.2306433
4f9f288a|Scope_TrialNumber_0_30.00W_0.60Torr_0.00NitrogenFlow_2425.00MHz.csv,0.6386541074921755,0.011543778781708066,0.0002046987361946672,0.011543778781708066,56.39399146426583,birge,0.02010965941617472,0.011610317277240169,1.1843165032540577,0.019043072464912544,0.00042246664752334005,0.019043072464912544,45.0759191916102,birge,0.03315657030626561,0.019142954791727205,3,50.27241395513274,30,0.6,0.0,2425.0,0,4f9f288a,0.605,30.03333333333333,0.1247219128924633,0.4822241182761088,0.004,80.0,Scope_TrialNumber_0_30.00W_0.60Torr_0.00NitrogenFlow_2425.00MHz.csv,G:\My Drive\MiniChamberData\Data\NafisaData\LAS_0.6Torr_2Nitrogen_Freq_Sweep_4\LAS_DataFrame_4f9f288a_Laser_True_20260807_154812.csv,7f72a6df,1.912029751682991e-12,589.3580656712302,18.95302196924692,2.1590880164324448e+17,3902587353552465.5,215908801643.24448,3902587353.5524654
4f9f288a|Scope_TrialNumber_0_30.00W_0.60Torr_0.00NitrogenFlow_2430.00MHz.csv,0.646266261468602,0.018696103760444432,0.00019416269925557258,0.018696103760444432,96.29091391974889,birge,0.031093755224950625,0.017951987949241577,1.2304797707546848,0.03486002781052426,0.00041094240105522177,0.03486002781052426,84.82947420614265,birge,0.05812236698123081,0.033556964222551826,3,40.41654719278525,30,0.6,0.0,2430.0,0,4f9f288a,0.605,30.066666666666663,0.0942809041582043,0.510545577813997,-0.003,80.01,Scope_TrialNumber_0_30.00W_0.60Torr_0.00NitrogenFlow_2430.00MHz.csv,G:\My Drive\MiniChamberData\Data\NafisaData\LAS_0.6Torr_2Nitrogen_Freq_Sweep_4\LAS_DataFrame_4f9f288a_Laser_True_20260807_154812.csv,7f72a6df,1.98655842763539e-12,636.1984777845636,36.04755991231097,2.1848223070867053e+17,6320562744309554.0,218482230708.67053,6320562744.309554
4f9f288a|Scope_TrialNumber_0_30.00W_0.60Torr_0.00NitrogenFlow_2435.00MHz.csv,0.5955531702276394,0.003849269125030818,0.00017453686495210794,0.003849269125030818,22.054189675556728,birge,0.006302060618780862,0.00363849639470247,1.192019674095681,0.007382658458630532,0.00038856194233009313,0.007382658458630533,18.99995252844083,birge,0.012169957564979107,0.00702632827616701,3,33.035715790215505,30,0.6,0.0,2435.0,0,4f9f288a,0.605,30.03333333333333,0.0471404520791038,0.5491351290144938,-0.004,80.0,Scope_TrialNumber_0_30.00W_0.60Torr_0.00NitrogenFlow_2435.00MHz.csv,G:\My Drive\MiniChamberData\Data\NafisaData\LAS_0.6Torr_2Nitrogen_Freq_Sweep_4\LAS_DataFrame_4f9f288a_Laser_True_20260807_154812.csv,7f72a6df,1.9244662007158396e-12,597.0497433847733,7.3955395770908705,2.0133773476162944e+17,1301316431285813.5,201337734761.62943,1301316431.2858133
4f9f288a|Scope_TrialNumber_0_30.00W_0.60Torr_0.00NitrogenFlow_2440.00MHz.csv,0.5604729779486806,0.006840248065143861,0.00018439167488136987,0.006840248065143861,37.096295532564575,birge,0.012610097956152736,0.007280443449492332,1.1700664007822008,0.013557351742236106,0.00042883432673540485,0.013557351742236106,31.61442752366494,birge,0.024861624830029586,0.014353865788109066,3,38.1581658268183,30,0.6,0.0,2440.0,0,4f9f288a,0.605,30.0,0.0816496580927723,0.585308116875196,0.011,80.0,Scope_TrialNumber_0_30.00W_0.60Torr_0.00NitrogenFlow_2440.00MHz.csv,G:\My Drive\MiniChamberData\Data\NafisaData\LAS_0.6Torr_2Nitrogen_Freq_Sweep_4\LAS_DataFrame_4f9f288a_Laser_True_20260807_154812.csv,7f72a6df,1.8890235537486904e-12,575.2606744531031,13.330886694674728,1.894782286729484e+17,2312472033550378.0,189478228672.9484,2312472033.550378
4f9f288a|Scope_TrialNumber_0_30.00W_0.60Torr_0.00NitrogenFlow_2445.00MHz.csv,0.5789677182378047,0.012875975501540465,0.0001810848568659324,0.012875975501540465,71.1046507388152,birge,0.02139283806998573,0.012351160818436336,1.234793949118013,0.03355355193668777,0.00043061487930542286,0.03355355193668777,77.92009414725587,birge,0.055704465499662216,0.0321609881512942,3,40.311819969413584,30,0.6,0.0,2445.0,0,4f9f288a,0.605,30.03333333333333,0.0471404520791038,0.6128668912289955,0.003,79.99,Scope_TrialNumber_0_30.00W_0.60Torr_0.00NitrogenFlow_2445.00MHz.csv,G:\My Drive\MiniChamberData\Data\NafisaData\LAS_0.6Torr_2Nitrogen_Freq_Sweep_4\LAS_DataFrame_4f9f288a_Laser_True_20260807_154812.csv,7f72a6df,1.993523489223307e-12,640.6674423554433,34.81822747280693,1.9573071678143008e+17,4352961028375497.0,195730716781.43008,4352961028.375497
4f9f288a|Scope_TrialNumber_0_30.00W_0.60Torr_0.00NitrogenFlow_2450.00MHz.csv,0.563526253726673,0.013803755411250845,0.0002712853950630673,0.013803755411250845,50.882781242395325,birge,0.025066025593801562,0.014471876624095381,1.2363175675678355,0.028244413663794668,0.0006611521355516181,0.02824441366379467,42.719991579894916,birge,0.049857417009977346,0.02878519313180985,3,72.53028143832506,30,0.6,0.0,2450.0,0,4f9f288a,0.605,30.0,0.0,0.6315042321238875,-0.004,79.99,Scope_TrialNumber_0_30.00W_0.60Torr_0.00NitrogenFlow_2450.00MHz.csv,G:\My Drive\MiniChamberData\Data\NafisaData\LAS_0.6Torr_2Nitrogen_Freq_Sweep_4\LAS_DataFrame_4f9f288a_Laser_True_20260807_154812.csv,7f72a6df,1.995983307859853e-12,642.2494633292439,29.345145605764376,1.9051044487038477e+17,4666614140669462.0,190510444870.38477,4666614140.669462
4f9f288a|Scope_TrialNumber_0_30.00W_0.60Torr_0.00NitrogenFlow_2455.00MHz.csv,0.5599492733202946,0.008112528630925282,0.00014716378400470782,0.008112528630925282,55.12584964970566,birge,0.014327551584722016,0.008272015764267506,1.185785803003494,0.016180810261980143,0.0003464023625278608,0.016180810261980143,46.71102744190648,birge,0.028828862749824838,0.016644351669042146,3,23.48992392956933,30,0.6,0.0,2455.0,0,4f9f288a,0.605,30.1,0.0816496580927708,0.6386461844814207,-0.003,79.99,Scope_TrialNumber_0_30.00W_0.60Torr_0.00NitrogenFlow_2455.00MHz.csv,G:\My Drive\MiniChamberData\Data\NafisaData\LAS_0.6Torr_2Nitrogen_Freq_Sweep_4\LAS_DataFrame_4f9f288a_Laser_True_20260807_154812.csv,7f72a6df,1.914401875036287e-12,590.8213245451967,16.124274260971987,1.8930118066307366e+17,2742589947283863.0,189301180663.07367,2742589947.283863
4f9f288a|Scope_TrialNumber_0_30.00W_0.60Torr_0.00NitrogenFlow_2460.00MHz.csv,0.5666793967986165,0.004348242257549607,0.00019226040406802603,0.004348242257549607,22.616421091110897,birge,0.007856760007260185,0.004536102505149954,1.1729446593870119,0.00797590959857543,0.00044352389714248544,0.00797590959857543,17.983043641982405,birge,0.01438947946077333,0.008307769840176072,3,46.6497444762036,30,0.6,0.0,2460.0,0,4f9f288a,0.605,30.03333333333333,0.0471404520791038,0.6405783149771315,-0.012,79.98,Scope_TrialNumber_0_30.00W_0.60Torr_0.00NitrogenFlow_2460.00MHz.csv,G:\My Drive\MiniChamberData\Data\NafisaData\LAS_0.6Torr_2Nitrogen_Freq_Sweep_4\LAS_DataFrame_4f9f288a_Laser_True_20260807_154812.csv,7f72a6df,1.8936703825907398e-12,578.0943349740611,7.861970500145065,1.915764230486921e+17,1470003502785823.2,191576423048.69208,1470003502.785823
4f9f288a|Scope_TrialNumber_0_30.00W_0.60Torr_0.33NitrogenFlow_2410.00MHz.csv,0.6201579438539027,0.012793821420089963,0.00017659984748768755,0.012793821420089963,72.44525746819765,birge,0.02251123958427581,0.0129968702337738,1.1825554051830873,0.025877250395693645,0.00037460938506548056,0.025877250395693642,69.07795540458865,birge,0.04556305097240647,0.026305839744019517,3,36.86081000629951,30,0.6,0.3333333333333333,2410.0,0,4f9f288a,0.605,30.0,0.0816496580927737,0.5345193904563064,0.27,79.7,Scope_TrialNumber_0_30.00W_0.60Torr_0.33NitrogenFlow_2410.00MHz.csv,G:\My Drive\MiniChamberData\Data\NafisaData\LAS_0.6Torr_2Nitrogen_Freq_Sweep_4\LAS_DataFrame_4f9f288a_Laser_True_20260807_154812.csv,7f72a6df,1.9091865320722915e-12,587.606598644217,25.71658464479991,2.0965583234532797e+17,4325187325728017.0,209655832345.32797,4325187325.728017
4f9f288a|Scope_TrialNumber_0_30.00W_0.60Torr_0.33NitrogenFlow_2415.00MHz.csv,0.6202509818697833,0.0034270314767030135,0.00021176110658183925,0.003427031476703013,16.183479261233316,birge,0.0055408161120276125,0.0031989916738093577,1.1903487945658635,0.010749995673871538,0.00045216452773502415,0.010749995673871538,23.774522357426527,birge,0.017426353544406428,0.010061109909856642,3,48.12541368998574,30,0.6,0.3333333333333333,2415.0,0,4f9f288a,0.605,29.96666666666667,0.0942809041582076,0.4906225517267792,0.271,79.72,Scope_TrialNumber_0_30.00W_0.60Torr_0.33NitrogenFlow_2415.00MHz.csv,G:\My Drive\MiniChamberData\Data\NafisaData\LAS_0.6Torr_2Nitrogen_Freq_Sweep_4\LAS_DataFrame_4f9f288a_Laser_True_20260807_154812.csv,7f72a6df,1.9217686351886254e-12,595.3771216340064,10.753657266014931,2.0968728556277446e+17,1158571205678327.8,209687285562.77444,1158571205.6783278
4f9f288a|Scope_TrialNumber_0_30.00W_0.60Torr_0.33NitrogenFlow_2420.00MHz.csv,0.6464308614812764,0.009995506646310463,0.00021793233331150082,0.009995506646310463,45.86518436446702,birge,0.01644215103701805,0.009492880327278857,1.2338015189908367,0.023663415105171337,0.0004622119631185376,0.023663415105171337,51.19602475348022,birge,0.03826585818410765,0.022092803523366598,3,51.66561446432265,30,0.6,0.3333333333333333,2420.0,0,4f9f288a,0.605,29.96666666666667,0.0471404520791038,0.4612860645599091,0.264,79.73,Scope_TrialNumber_0_30.00W_0.60Torr_0.33NitrogenFlow_2420.00MHz.csv,G:\My Drive\MiniChamberData\Data\NafisaData\LAS_0.6Torr_2Nitrogen_Freq_Sweep_4\LAS_DataFrame_4f9f288a_Laser_True_20260807_154812.csv,7f72a6df,1.991921252047337e-12,639.6380201402399,24.535583324631737,2.1853787677916483e+17,3379165398773259.5,218537876779.16483,3379165398.773259
4f9f288a|Scope_TrialNumber_0_30.00W_0.60Torr_0.33NitrogenFlow_2425.00MHz.csv,0.5991584459497497,0.013961207522965782,0.0001950816331443869,0.013961207522965782,71.56597624253325,birge,0.024604814355847226,0.014205596191709165,1.1909586516864796,0.02726488648541172,0.00043196285824814257,0.02726488648541172,63.11858986206937,birge,0.047781599837189555,0.02758671952831237,3,43.038892420254705,30,0.6,0.3333333333333333,2425.0,0,4f9f288a,0.605,30.0,0.0816496580927723,0.4669789574601976,0.274,79.73,Scope_TrialNumber_0_30.00W_0.60Torr_0.33NitrogenFlow_2425.00MHz.csv,G:\My Drive\MiniChamberData\Data\NafisaData\LAS_0.6Torr_2Nitrogen_Freq_Sweep_4\LAS_DataFrame_4f9f288a_Laser_True_20260807_154812.csv,7f72a6df,1.9227532241525465e-12,595.9873427588329,27.288146778313912,2.0255656472235875e+17,4719843731394339.0,202556564722.35873,4719843731.394339
4f9f288a|Scope_TrialNumber_0_30.00W_0.60Torr_0.33NitrogenFlow_2430.00MHz.csv,0.5543822417001711,0.01365651804538509,0.0001619366382356615,0.01365651804538509,84.33247839510642,birge,0.025330657523784456,0.014624661940107175,1.1682023768002623,0.028853181425536285,0.0003785808717526603,0.028853181425536285,76.21404983289025,birge,0.05343228182484875,0.030849142294992377,3,27.675885149560898,30,0.6,0.3333333333333333,2430.0,0,4f9f288a,0.605,30.0,0.0816496580927708,0.503718302554264,0.275,79.73,Scope_TrialNumber_0_30.00W_0.60Torr_0.33NitrogenFlow_2430.00MHz.csv,G:\My Drive\MiniChamberData\Data\NafisaData\LAS_0.6Torr_2Nitrogen_Freq_Sweep_4\LAS_DataFrame_4f9f288a_Laser_True_20260807_154812.csv,7f72a6df,1.8860141645343004e-12,573.4292475254641,28.32601344105955,1.874191429344967e+17,4616837833199972.0,187419142934.4967,4616837833.199972
4f9f288a|Scope_TrialNumber_0_30.00W_0.60Torr_0.33NitrogenFlow_2435.00MHz.csv,0.535864809393026,0.002616072674173856,0.00017215189171394192,0.002616072674173856,15.19630512408706,birge,0.004622641613390369,0.002668883379858096,1.1730522927868554,0.008787989499934049,0.00041849725321730833,0.008787989499934049,20.99891799139434,birge,0.015354808939242483,0.00886510307442692,3,30.54988715638025,30,0.6,0.3333333333333333,2435.0,0,4f9f288a,0.605,30.066666666666663,0.188561808316412,0.5454457192938462,0.272,79.73,Scope_TrialNumber_0_30.00W_0.60Torr_0.33NitrogenFlow_2435.00MHz.csv,G:\My Drive\MiniChamberData\Data\NafisaData\LAS_0.6Torr_2Nitrogen_Freq_Sweep_4\LAS_DataFrame_4f9f288a_Laser_True_20260807_154812.csv,7f72a6df,1.8938441522394872e-12,578.2004356550592,8.663244407156562,1.8115898337074634e+17,884411623547626.4,181158983370.74634,884411623.5476264
4f9f288a|Scope_TrialNumber_0_30.00W_0.60Torr_0.33NitrogenFlow_2440.00MHz.csv,0.5357798751228317,0.005161469871583743,0.00018990101899559717,0.005161469871583743,27.179790286977926,birge,0.009125333628835252,0.0052685138270531775,1.1956097127403642,0.008653922773471318,0.00047114711934191124,0.008653922773471318,18.367771802486963,birge,0.015142331495793238,0.008742429165254775,3,39.42505881070058,30,0.6,0.3333333333333333,2440.0,0,4f9f288a,0.605,30.0,0.0816496580927708,0.5865348170717012,0.277,79.72,Scope_TrialNumber_0_30.00W_0.60Torr_0.33NitrogenFlow_2440.00MHz.csv,G:\My Drive\MiniChamberData\Data\NafisaData\LAS_0.6Torr_2Nitrogen_Freq_Sweep_4\LAS_DataFrame_4f9f288a_Laser_True_20260807_154812.csv,7f72a6df,1.930262168837086e-12,600.6514614006999,8.695130702510658,1.8113026977401066e+17,1744930098496250.5,181130269774.01065,1744930098.4962504
4f9f288a|Scope_TrialNumber_0_30.00W_0.60Torr_0.33NitrogenFlow_2445.00MHz.csv,0.5358877054586882,0.012479760760834015,0.00015705302718100825,0.012479760760834013,79.46208350667906,birge,0.021877267836768924,0.01263084647469208,1.1905465823307135,0.026528295799589995,0.00038788089812342964,0.02652829579959,68.39289051854337,birge,0.046492073317052046,0.026842211044783817,3,25.205754471842884,30,0.6,0.3333333333333333,2445.0,0,4f9f288a,0.605,30.03333333333333,0.094280904158206,0.6160170182491167,0.259,79.73,Scope_TrialNumber_0_30.00W_0.60Torr_0.33NitrogenFlow_2445.00MHz.csv,G:\My Drive\MiniChamberData\Data\NafisaData\LAS_0.6Torr_2Nitrogen_Freq_Sweep_4\LAS_DataFrame_4f9f288a_Laser_True_20260807_154812.csv,7f72a6df,1.9220879553111377e-12,595.574993205767,26.541741121411295,1.8116672380808397e+17,4219013326707632.5,181166723808.08395,4219013326.7076325
4f9f288a|Scope_TrialNumber_0_30.00W_0.60Torr_0.33NitrogenFlow_2450.00MHz.csv,0.5498540463702266,0.010848629488989577,0.00018285084506827013,0.010848629488989577,59.330485921129196,birge,0.01896205223094254,0.01094774595992242,1.2192898933694591,0.02258385629947831,0.00045123502173305695,0.02258385629947831,50.048988247278686,birge,0.039585846170088625,0.022854898942399785,3,30.590589691624306,30,0.6,0.3333333333333333,2450.0,0,4f9f288a,0.605,30.0,0.0816496580927723,0.6355892790252818,0.277,79.73,Scope_TrialNumber_0_30.00W_0.60Torr_0.33NitrogenFlow_2450.00MHz.csv,G:\My Drive\MiniChamberData\Data\NafisaData\LAS_0.6Torr_2Nitrogen_Freq_Sweep_4\LAS_DataFrame_4f9f288a_Laser_True_20260807_154812.csv,7f72a6df,1.9684928358620336e-12,624.6800222721479,23.140819804817827,1.8588830297617568e+17,3667579312434000.0,185888302976.17566,3667579312.434
4f9f288a|Scope_TrialNumber_0_30.00W_0.60Torr_0.33NitrogenFlow_2455.00MHz.csv,0.5570289625390336,0.012921794327787462,0.00021140270530589306,0.012921794327787462,61.12407269854959,birge,0.021913613511239376,0.012651830659631474,1.2320876114577528,0.028282772667812137,0.0005197584604140729,0.028282772667812137,54.41522326597679,birge,0.04783976245321747,0.02762029973033286,3,40.887744966542904,30,0.6,0.3333333333333333,2455.0,0,4f9f288a,0.605,30.066666666666663,0.0471404520791038,0.6457060218371758,0.271,79.72,Scope_TrialNumber_0_30.00W_0.60Torr_0.33NitrogenFlow_2455.00MHz.csv,G:\My Drive\MiniChamberData\Data\NafisaData\LAS_0.6Torr_2Nitrogen_Freq_Sweep_4\LAS_DataFrame_4f9f288a_Laser_True_20260807_154812.csv,7f72a6df,1.9891542195979147e-12,637.862176995778,29.284461230841508,1.8831391573545296e+17,4368450927761778.0,188313915735.45294,4368450927.761778
4f9f288a|Scope_TrialNumber_0_30.00W_0.60Torr_0.33NitrogenFlow_2460.00MHz.csv,0.5263609778934153,0.00994831999135991,0.0001755060070438581,0.00994831999135991,56.683643818948454,birge,0.017466431869291626,0.010084249141517778,1.1701248701491591,0.02385739007078368,0.0004336248466523224,0.02385739007078368,55.01850333293374,birge,0.041854227349258394,0.024164549426818133,3,32.995414027698175,30,0.6,0.3333333333333333,2460.0,0,4f9f288a,0.605,30.0,0.0816496580927737,0.6419883444389675,0.273,79.73,Scope_TrialNumber_0_30.00W_0.60Torr_0.33NitrogenFlow_2460.00MHz.csv,G:\My Drive\MiniChamberData\Data\NafisaData\LAS_0.6Torr_2Nitrogen_Freq_Sweep_4\LAS_DataFrame_4f9f288a_Laser_True_20260807_154812.csv,7f72a6df,1.889117950110541e-12,575.3181685711104,23.460043133106332,1.7794603782474838e+17,3363213079662790.0,177946037824.74838,3363213079.66279
4f9f288a|Scope_TrialNumber_0_35.00W_0.60Torr_0.00NitrogenFlow_2410.00MHz.csv,0.4830320873111189,0.005757522941976293,0.00015708291251225422,0.005757522941976294,36.65276413516424,birge,0.01003991957960697,0.005796550271928279,1.196220169291122,0.014141003026162361,0.0004327196198510182,0.014141003026162361,32.6793664475648,birge,0.024642580789951567,0.014227400652605639,3,27.586295525865197,35,0.6,0.0,2410.0,0,4f9f288a,0.605,34.833333333333336,0.2867441755680888,0.6052059055186559,0.005,80.0,Scope_TrialNumber_0_35.00W_0.60Torr_0.00NitrogenFlow_2410.00MHz.csv,G:\My Drive\MiniChamberData\Data\NafisaData\LAS_0.6Torr_2Nitrogen_Freq_Sweep_4\LAS_DataFrame_4f9f288a_Laser_True_20260807_154812.csv,7f72a6df,1.931247725556047e-12,601.2649813869501,14.215593650050023,1.6329790711924048e+17,1946436833729780.2,163297907119.24048,1946436833.7297802
4f9f288a|Scope_TrialNumber_0_35.00W_0.60Torr_0.00NitrogenFlow_2415.00MHz.csv,0.47119863056583855,0.005343162637765762,0.0001659520900436367,0.005343162637765762,32.19701925031972,birge,0.009122796002832102,0.005267048727997156,1.1711772014359842,0.013531590848016996,0.000459483658595186,0.013531590848016996,29.449558422574047,birge,0.02331873804781507,0.0134630796890684,3,28.671269786827768,35,0.6,0.0,2415.0,0,4f9f288a,0.605,35.03333333333334,0.1247219128924664,0.5646683593463796,0.003,80.01,Scope_TrialNumber_0_35.00W_0.60Torr_0.00NitrogenFlow_2415.00MHz.csv,G:\My Drive\MiniChamberData\Data\NafisaData\LAS_0.6Torr_2Nitrogen_Freq_Sweep_4\LAS_DataFrame_4f9f288a_Laser_True_20260807_154812.csv,7f72a6df,1.890816895218126e-12,576.3534385041514,13.318187724493866,1.5929738878670643e+17,1806354689606528.0,159297388786.70642,1806354689.6065278
4f9f288a|Scope_TrialNumber_0_35.00W_0.60Torr_0.00NitrogenFlow_2420.00MHz.csv,0.5170487649708484,0.012697358107158573,0.00020065935041286293,0.012697358107158573,63.27817807160922,birge,0.024316804103486533,0.014039313394979347,1.1684634978630577,0.02239181677957528,0.0005040904182584383,0.02239181677957528,44.420238847101814,birge,0.041933270106584736,0.024210184784037986,3,41.111959024621704,35,0.6,0.0,2420.0,0,4f9f288a,0.605,35.1,0.2160246899469317,0.5231741111240256,-0.001,79.99,Scope_TrialNumber_0_35.00W_0.60Torr_0.00NitrogenFlow_2420.00MHz.csv,G:\My Drive\MiniChamberData\Data\NafisaData\LAS_0.6Torr_2Nitrogen_Freq_Sweep_4\LAS_DataFrame_4f9f288a_Laser_True_20260807_154812.csv,7f72a6df,1.886435733633003e-12,573.6856263723739,21.987616144277013,1.7479787247331395e+17,4292576123430521.0,174797872473.31393,4292576123.430521
4f9f288a|Scope_TrialNumber_0_35.00W_0.60Torr_0.00NitrogenFlow_2425.00MHz.csv,0.6049184002560161,0.006779367437905863,0.0001778118788115497,0.006779367437905863,38.12662845259533,birge,0.011872063774765712,0.006854339216197389,1.2121978939862685,0.013861624586420925,0.00039601527943680323,0.013861624586420923,35.00275192950727,birge,0.024144328099073624,0.013939734327402803,3,34.942426101485594,35,0.6,0.0,2425.0,0,4f9f288a,0.605,35.06666666666666,0.0471404520791038,0.4985695727961622,0.006,80.0,Scope_TrialNumber_0_35.00W_0.60Torr_0.00NitrogenFlow_2425.00MHz.csv,G:\My Drive\MiniChamberData\Data\NafisaData\LAS_0.6Torr_2Nitrogen_Freq_Sweep_4\LAS_DataFrame_4f9f288a_Laser_True_20260807_154812.csv,7f72a6df,1.957043097736862e-12,617.4342538296899,14.120865703271116,2.045038235236357e+17,2291890214509299.5,204503823523.6357,2291890214.5092993
4f9f288a|Scope_TrialNumber_0_35.00W_0.60Torr_0.00NitrogenFlow_2430.00MHz.csv,0.6179844220526677,0.01853072270535259,0.00020014576340957656,0.01853072270535259,92.58613517305123,birge,0.031099567304831544,0.01795534355512538,1.1912409523223264,0.035192717981985026,0.00042983534967948377,0.035192717981985026,81.87488071473706,birge,0.059195957532629094,0.03417680201640107,3,45.26128779508699,35,0.6,0.0,2430.0,0,4f9f288a,0.605,34.93333333333333,0.0942809041582076,0.527009780660749,0.009,79.98,Scope_TrialNumber_0_35.00W_0.60Torr_0.00NitrogenFlow_2430.00MHz.csv,G:\My Drive\MiniChamberData\Data\NafisaData\LAS_0.6Torr_2Nitrogen_Freq_Sweep_4\LAS_DataFrame_4f9f288a_Laser_True_20260807_154812.csv,7f72a6df,1.9232089867913135e-12,596.2699177180705,35.231090762090446,2.089210332076651e+17,6264652628018925.0,208921033207.66507,6264652628.018925
4f9f288a|Scope_TrialNumber_0_35.00W_0.60Torr_0.00NitrogenFlow_2435.00MHz.csv,0.6407861104652646,0.01466732799641482,0.00023816071120948053,0.01466732799641482,61.58584227401716,birge,0.026608032553203993,0.015362154757198652,1.2267380615028514,0.029133578907863632,0.0005079133334166294,0.029133578907863632,57.35935048581613,birge,0.05262124151195705,0.030380887952020715,3,65.32133702572793,35,0.6,0.0,2435.0,0,4f9f288a,0.605,34.96666666666667,0.0471404520791038,0.5602953463811375,0.001,80.0,Scope_TrialNumber_0_35.00W_0.60Torr_0.00NitrogenFlow_2435.00MHz.csv,G:\My Drive\MiniChamberData\Data\NafisaData\LAS_0.6Torr_2Nitrogen_Freq_Sweep_4\LAS_DataFrame_4f9f288a_Laser_True_20260807_154812.csv,7f72a6df,1.9805175936252276e-12,632.3351872917846,30.034426506038784,2.1662956457519686e+17,4958560782533027.0,216629564575.19687,4958560782.533027
4f9f288a|Scope_TrialNumber_0_35.00W_0.60Torr_0.00NitrogenFlow_2440.00MHz.csv,0.637878934708009,0.006010784253813441,0.0002075187091073982,0.006010784253813441,28.965023344968138,birge,0.010376831214745521,0.005991066295168638,1.2127927948767268,0.007867450916900255,0.00043927469593467927,0.007867450916900255,17.910093592256803,birge,0.014048604062222149,0.008110965337062428,3,51.9233457082918,35,0.6,0.0,2440.0,0,4f9f288a,0.605,35.1,0.1414213562373064,0.5892200020368262,-0.002,80.0,Scope_TrialNumber_0_35.00W_0.60Torr_0.00NitrogenFlow_2440.00MHz.csv,G:\My Drive\MiniChamberData\Data\NafisaData\LAS_0.6Torr_2Nitrogen_Freq_Sweep_4\LAS_DataFrame_4f9f288a_Laser_True_20260807_154812.csv,7f72a6df,1.9580035404890603e-12,618.0404293076243,8.018521816386501,2.1564674018472973e+17,2032056491851253.2,215646740184.7297,2032056491.8512533
4f9f288a|Scope_TrialNumber_0_35.00W_0.60Torr_0.00NitrogenFlow_2445.00MHz.csv,0.723213651744823,0.1444924432342855,0.00034091703934998664,0.1444924432342855,423.83461826895973,birge,0.33303054606489124,0.19227527541893302,1.4114932703053293,0.2709030179667576,0.0007489963433560503,0.2709030179667576,361.6880380923014,birge,0.5891465984923752,0.3401439472317252,3,87.21161236855356,35,0.6,0.0,2445.0,0,4f9f288a,0.605,34.96666666666667,0.0471404520791004,0.6146681419821666,0.008,80.02,Scope_TrialNumber_0_35.00W_0.60Torr_0.00NitrogenFlow_2445.00MHz.csv,G:\My Drive\MiniChamberData\Data\NafisaData\LAS_0.6Torr_2Nitrogen_Freq_Sweep_4\LAS_DataFrame_4f9f288a_Laser_True_20260807_154812.csv,7f72a6df,2.2787971962805334e-12,837.1461666219072,321.3411325271417,2.4449571536212586e+17,4.8848335741113704e+16,244495715362.12585,48848335741.1137
4f9f288a|Scope_TrialNumber_0_35.00W_0.60Torr_0.00NitrogenFlow_2450.00MHz.csv,0.5807370815104722,0.014153427778036274,0.00017735995570965313,0.014153427778036274,79.80058250130668,birge,0.02546675548098923,0.014703238132335511,1.1285682615882193,0.02554536007928669,0.0003824817471180746,0.025545360079286695,66.78844225055444,birge,0.04574511459099341,0.026410954223220325,3,39.99736154909246,35,0.6,0.0,2450.0,0,4f9f288a,0.605,35.06666666666666,0.0471404520791004,0.6318232761448255,-0.002,80.01,Scope_TrialNumber_0_35.00W_0.60Torr_0.00NitrogenFlow_2450.00MHz.csv,G:\My Drive\MiniChamberData\Data\NafisaData\LAS_0.6Torr_2Nitrogen_Freq_Sweep_4\LAS_DataFrame_4f9f288a_Laser_True_20260807_154812.csv,7f72a6df,1.82202653347551e-12,535.1793334212223,24.227774685065555,1.963288826734077e+17,4784827334313291.0,196328882673.4077,4784827334.313291
4f9f288a|Scope_TrialNumber_0_35.00W_0.60Torr_0.00NitrogenFlow_2455.00MHz.csv,0.6084224721605103,0.019521362340964018,0.00017491226089828718,0.019521362340964018,111.60659773482568,birge,0.033798881300530825,0.019513793217169683,1.1811530017778178,0.038330612345650036,0.0003764341380499616,0.038330612345650036,101.82554787462627,birge,0.06679145662013719,0.03856206545920342,3,35.554502767796194,35,0.6,0.0,2455.0,0,4f9f288a,0.605,34.96666666666666,0.1247219128924639,0.6431484699534972,-0.006,80.01,Scope_TrialNumber_0_35.00W_0.60Torr_0.00NitrogenFlow_2455.00MHz.csv,G:\My Drive\MiniChamberData\Data\NafisaData\LAS_0.6Torr_2Nitrogen_Freq_Sweep_4\LAS_DataFrame_4f9f288a_Laser_True_20260807_154812.csv,7f72a6df,1.9069224100851632e-12,586.2137288298998,38.047452205863564,2.056884396670156e+17,6599556630163442.0,205688439667.0156,6599556630.163442
4f9f288a|Scope_TrialNumber_0_35.00W_0.60Torr_0.00NitrogenFlow_2460.00MHz.csv,0.6258398592171973,0.01554844080184044,0.00020706316534989912,0.015548440801840438,75.09032702927341,birge,0.02682974040322351,0.015490157844088874,1.2057416580861275,0.029214268246802143,0.00044416181550075844,0.029214268246802143,65.77393019223251,birge,0.05049735459592461,0.02915466126932106,3,45.53575076951652,35,0.6,0.0,2460.0,0,4f9f288a,0.605,34.96666666666667,0.0942809041582043,0.6481682390850353,-0.005,80.0,Scope_TrialNumber_0_35.00W_0.60Torr_0.00NitrogenFlow_2460.00MHz.csv,G:\My Drive\MiniChamberData\Data\NafisaData\LAS_0.6Torr_2Nitrogen_Freq_Sweep_4\LAS_DataFrame_4f9f288a_Laser_True_20260807_154812.csv,7f72a6df,1.9466197733205975e-12,610.8747876233365,29.602128766395598,2.1157670864242797e+17,5256437219402719.0,211576708642.42795,5256437219.402719
4f9f288a|Scope_TrialNumber_0_35.00W_0.60Torr_0.33NitrogenFlow_2410.00MHz.csv,0.5809056374899271,0.017681967496180426,0.000188409808729235,0.017681967496180426,93.84844459765522,birge,0.031993295623568216,0.018471337840530386,1.1874300370332682,0.03908444259938004,0.0004291133204775298,0.03908444259938004,91.08186750270474,birge,0.07044734913056361,0.04067279598422645,3,40.37848664838641,35,0.6,0.3333333333333333,2410.0,0,4f9f288a,0.605,34.93333333333333,0.0942809041582076,0.5366933573474068,0.279,79.73,Scope_TrialNumber_0_35.00W_0.60Torr_0.33NitrogenFlow_2410.00MHz.csv,G:\My Drive\MiniChamberData\Data\NafisaData\LAS_0.6Torr_2Nitrogen_Freq_Sweep_4\LAS_DataFrame_4f9f288a_Laser_True_20260807_154812.csv,7f72a6df,1.9170564225115772e-12,592.4609495765212,39.00188685465934,1.9638586613144387e+17,5977715273430522.0,196385866131.44388,5977715273.430522
4f9f288a|Scope_TrialNumber_0_35.00W_0.60Torr_0.33NitrogenFlow_2415.00MHz.csv,0.5714951990708373,0.010126801800528417,0.00022712845465737842,0.010126801800528417,44.586231239959,birge,0.0173542539399859,0.010019483183835984,1.16907273618019,0.015608190213133788,0.0005178683268711079,0.015608190213133788,30.139302605039422,birge,0.027121933469304683,0.01565885558944618,3,63.66058292003621,35,0.6,0.3333333333333333,2415.0,0,4f9f288a,0.605,35.03333333333333,0.0942809041582043,0.4949448124525107,0.259,79.73,Scope_TrialNumber_0_35.00W_0.60Torr_0.33NitrogenFlow_2415.00MHz.csv,G:\My Drive\MiniChamberData\Data\NafisaData\LAS_0.6Torr_2Nitrogen_Freq_Sweep_4\LAS_DataFrame_4f9f288a_Laser_True_20260807_154812.csv,7f72a6df,1.8874193235644293e-12,574.2840231284853,15.334433849925254,1.9320449383904362e+17,3423552147525378.0,193204493839.0436,3423552147.5253778
4f9f288a|Scope_TrialNumber_0_35.00W_0.60Torr_0.33NitrogenFlow_2420.00MHz.csv,0.5776034809301039,0.00710437408759906,0.00017196081072523827,0.00710437408759906,41.313913662285195,birge,0.012176127252106346,0.007029890346690737,1.172577904644148,0.016645746897253563,0.00038732325675280567,0.016645746897253563,42.97636820676915,birge,0.02860884113051082,0.01651732212790366,3,35.63536121130266,35,0.6,0.3333333333333333,2420.0,0,4f9f288a,0.605,35.06666666666667,0.0942809041582076,0.4728771158689644,0.265,79.73,Scope_TrialNumber_0_35.00W_0.60Torr_0.33NitrogenFlow_2420.00MHz.csv,G:\My Drive\MiniChamberData\Data\NafisaData\LAS_0.6Torr_2Nitrogen_Freq_Sweep_4\LAS_DataFrame_4f9f288a_Laser_True_20260807_154812.csv,7f72a6df,1.8930782723077206e-12,577.7328759903036,16.402825244904236,1.952695111948579e+17,2401764707506596.5,195269511194.85788,2401764707.5065966
4f9f288a|Scope_TrialNumber_0_35.00W_0.60Torr_0.33NitrogenFlow_2425.00MHz.csv,0.6185354162329587,0.02444682753300046,0.00021226670663665174,0.02444682753300046,115.17033415347326,birge,0.04256913129687045,0.024577299413416676,1.2099293458699063,0.04327029210632828,0.00046082691711087163,0.04327029210632828,93.8970587430286,birge,0.07486141695991809,0.04322125923372553,3,54.58116962170086,35,0.6,0.3333333333333333,2425.0,0,4f9f288a,0.605,34.96666666666667,0.1247219128924665,0.4817307849960855,0.277,79.73,Scope_TrialNumber_0_35.00W_0.60Torr_0.33NitrogenFlow_2425.00MHz.csv,G:\My Drive\MiniChamberData\Data\NafisaData\LAS_0.6Torr_2Nitrogen_Freq_Sweep_4\LAS_DataFrame_4f9f288a_Laser_True_20260807_154812.csv,7f72a6df,1.9533806211271964e-12,615.1254415785929,43.99704433981347,2.091073069539441e+17,8264700993399422.0,209107306953.9441,8264700993.399422
4f9f288a|Scope_TrialNumber_0_35.00W_0.60Torr_0.33NitrogenFlow_2430.00MHz.csv,0.6030027272172324,0.007310932847375093,0.0002084963533740706,0.007310932847375093,35.06503940746768,birge,0.012856561237859358,0.007422739091531009,1.1544012020719507,0.012277993407545502,0.0004435761578704926,0.012277993407545502,27.679561197538955,birge,0.021570531270765202,0.012453752035739531,3,54.98691569658215,35,0.6,0.3333333333333333,2430.0,0,4f9f288a,0.605,35.0,0.0,0.50840394989731,0.267,79.73,Scope_TrialNumber_0_35.00W_0.60Torr_0.33NitrogenFlow_2430.00MHz.csv,G:\My Drive\MiniChamberData\Data\NafisaData\LAS_0.6Torr_2Nitrogen_Freq_Sweep_4\LAS_DataFrame_4f9f288a_Laser_True_20260807_154812.csv,7f72a6df,1.8637327417759395e-12,559.9602642292675,11.911263467769453,2.0385619491639446e+17,2471595706429130.5,203856194916.39444,2471595706.4291306
4f9f288a|Scope_TrialNumber_0_35.00W_0.60Torr_0.33NitrogenFlow_2435.00MHz.csv,0.6259095223676722,0.023760370210743786,0.0001932211132690659,0.023760370210743786,122.96984428226948,birge,0.04102375782215263,0.023685077621789837,1.232484053620348,0.04643267815460537,0.00042314052498783897,0.04643267815460537,109.73347011832497,birge,0.0804529944353058,0.046449557994335276,3,40.47315750297009,35,0.6,0.3333333333333333,2435.0,0,4f9f288a,0.605,34.93333333333334,0.0471404520791004,0.5459457445244312,0.271,79.73,Scope_TrialNumber_0_35.00W_0.60Torr_0.33NitrogenFlow_2435.00MHz.csv,G:\My Drive\MiniChamberData\Data\NafisaData\LAS_0.6Torr_2Nitrogen_Freq_Sweep_4\LAS_DataFrame_4f9f288a_Laser_True_20260807_154812.csv,7f72a6df,1.9897942589857145e-12,638.2727259562873,48.09264991645913,2.1160025955545162e+17,8032631433227549.0,211600259555.4516,8032631433.227549
4f9f288a|Scope_TrialNumber_0_35.00W_0.60Torr_0.33NitrogenFlow_2440.00MHz.csv,0.5752191416577745,0.010293168833782234,0.00018832921962501405,0.010293168833782234,54.65518762450756,birge,0.017069946549799306,0.009855338235579153,1.1832596326112563,0.020142034592842053,0.00043154043366806316,0.020142034592842053,46.674733168422215,birge,0.033723979490852846,0.01947054863718931,3,35.386772257478505,35,0.6,0.3333333333333333,2440.0,0,4f9f288a,0.605,35.0,0.0816496580927679,0.5791742788764623,0.276,79.74,Scope_TrialNumber_0_35.00W_0.60Torr_0.33NitrogenFlow_2440.00MHz.csv,G:\My Drive\MiniChamberData\Data\NafisaData\LAS_0.6Torr_2Nitrogen_Freq_Sweep_4\LAS_DataFrame_4f9f288a_Laser_True_20260807_154812.csv,7f72a6df,1.910323477973924e-12,588.3066620766854,20.028897821178507,1.9446344132235517e+17,3479795591921002.5,194463441322.35516,3479795591.9210024
4f9f288a|Scope_TrialNumber_0_35.00W_0.60Torr_0.33NitrogenFlow_2445.00MHz.csv,0.5542855745881626,0.0055280799710955885,0.00017462409507412589,0.0055280799710955885,31.657028594759407,birge,0.009889900061493278,0.00570993646276164,1.1740770806606482,0.010102585653366244,0.000410220280719907,0.010102585653366244,24.6272213446808,birge,0.01812411956100755,0.010463965307372671,3,32.02704484877132,35,0.6,0.3333333333333333,2445.0,0,4f9f288a,0.605,34.96666666666667,0.0942809041582076,0.607940906859138,0.274,79.74,Scope_TrialNumber_0_35.00W_0.60Torr_0.33NitrogenFlow_2445.00MHz.csv,G:\My Drive\MiniChamberData\Data\NafisaData\LAS_0.6Torr_2Nitrogen_Freq_Sweep_4\LAS_DataFrame_4f9f288a_Laser_True_20260807_154812.csv,7f72a6df,1.8954986296519626e-12,579.2111179910858,9.967880350060723,1.8738646283416192e+17,1868869405121446.0,187386462834.16193,1868869405.121446
4f9f288a|Scope_TrialNumber_0_35.00W_0.60Torr_0.33NitrogenFlow_2455.00MHz.csv,0.5500403551271783,0.0012074113870148401,0.00017838898608568896,0.0012074113870148401,6.768418911439192,birge,0.0020339556711561884,0.0011743048542617914,1.1550798555564616,0.0056115217880278465,0.000416177787731692,0.0056115217880278465,13.483472576978496,birge,0.00941262392903323,0.005434380959208049,3,37.59857189210059,35,0.6,0.3333333333333333,2455.0,0,4f9f288a,0.605,35.13333333333333,0.0942809041582076,0.636546929160854,0.266,79.73,Scope_TrialNumber_0_35.00W_0.60Torr_0.33NitrogenFlow_2455.00MHz.csv,G:\My Drive\MiniChamberData\Data\NafisaData\LAS_0.6Torr_2Nitrogen_Freq_Sweep_4\LAS_DataFrame_4f9f288a_Laser_True_20260807_154812.csv,7f72a6df,1.8648283996088778e-12,560.6188406189675,5.447112290598632,1.8595128808811216e+17,408187691275399.3,185951288088.11215,408187691.27539927
4f9f288a|Scope_TrialNumber_0_35.00W_0.60Torr_0.33NitrogenFlow_2460.00MHz.csv,0.5948392227215353,0.019257678194895104,0.00019817249453245433,0.019257678194895104,97.17634246028685,birge,0.03834432262772124,0.022138104991008718,1.2152806738576332,0.03746019340602492,0.00045014180406173954,0.03746019340602492,83.218650363091,birge,0.0742687536470576,0.0428790849105067,3,45.7234922518753,35,0.6,0.3333333333333333,2460.0,0,4f9f288a,0.605,34.96666666666667,0.0471404520791038,0.6392813947036698,0.267,79.74,Scope_TrialNumber_0_35.00W_0.60Torr_0.33NitrogenFlow_2460.00MHz.csv,G:\My Drive\MiniChamberData\Data\NafisaData\LAS_0.6Torr_2Nitrogen_Freq_Sweep_4\LAS_DataFrame_4f9f288a_Laser_True_20260807_154812.csv,7f72a6df,1.9620201176599513e-12,620.5786813458938,38.25782459467698,2.0109637163772438e+17,6510413340670453.0,201096371637.72437,6510413340.670453
4f9f288a|Scope_TrialNumber_0_40.00W_0.60Torr_0.00NitrogenFlow_2410.00MHz.csv,0.47409042457531037,0.009346274224007023,0.00018942079866303231,0.009346274224007023,49.341330466214835,birge,0.015812601068204084,0.009129409483315792,1.1887889944888101,0.02084262598823777,0.0005280539479051902,0.02084262598823777,39.47063755686563,birge,0.03420309409559204,0.019747165583208163,3,36.073064502535814,40,0.6,0.0,2410.0,0,4f9f288a,0.605,43.29999999999999,0.8164965809277231,0.5433372530373827,-0.007,80.0,Scope_TrialNumber_0_40.00W_0.60Torr_0.00NitrogenFlow_2410.00MHz.csv,G:\My Drive\MiniChamberData\Data\NafisaData\LAS_0.6Torr_2Nitrogen_Freq_Sweep_4\LAS_DataFrame_4f9f288a_Laser_True_20260807_154812.csv,7f72a6df,1.9192504028193144e-12,593.8178125757015,20.82240436283804,1.6027501309360374e+17,3159680402680607.0,160275013093.60373,3159680402.680607
4f9f288a|Scope_TrialNumber_0_40.00W_0.60Torr_0.00NitrogenFlow_2415.00MHz.csv,0.47459306071422086,0.0015506883057832656,0.0001946833352994061,0.0015506883057832656,7.965182553496124,birge,0.002858317050371163,0.0016502501184610882,1.2209716662542431,0.00903236427931343,0.0005583816646233269,0.00903236427931343,16.175968609940803,birge,0.017248706408228356,0.009958545287963465,3,31.646248635980605,40,0.6,0.0,2415.0,0,4f9f288a,0.605,41.20000000000001,1.7146428199482235,0.517936034852588,-0.004,80.0,Scope_TrialNumber_0_40.00W_0.60Torr_0.00NitrogenFlow_2415.00MHz.csv,G:\My Drive\MiniChamberData\Data\NafisaData\LAS_0.6Torr_2Nitrogen_Freq_Sweep_4\LAS_DataFrame_4f9f288a_Laser_True_20260807_154812.csv,7f72a6df,1.9712079882579055e-12,626.4044595156897,9.267886259621037,1.6044493851198224e+17,524238785746727.25,160444938511.98224,524238785.7467272
4f9f288a|Scope_TrialNumber_0_40.00W_0.60Torr_0.00NitrogenFlow_2420.00MHz.csv,0.4518564805323893,0.0021932565002105507,0.0001922483177146581,0.0021932565002105507,11.408456137784576,birge,0.00391497987665367,0.0022603146856579642,1.2004278549877316,0.007561411961329375,0.0005690489863871623,0.007561411961329375,13.28780499080766,birge,0.014128554762820988,0.008157124895575067,3,35.40489993385086,40,0.6,0.0,2420.0,0,4f9f288a,0.605,40.03333333333333,0.0471404520791004,0.5383017199035353,0.002,80.0,Scope_TrialNumber_0_40.00W_0.60Torr_0.00NitrogenFlow_2420.00MHz.csv,G:\My Drive\MiniChamberData\Data\NafisaData\LAS_0.6Torr_2Nitrogen_Freq_Sweep_4\LAS_DataFrame_4f9f288a_Laser_True_20260807_154812.csv,7f72a6df,1.9380408591614164e-12,605.5023009520622,7.628034158001397,1.5275841818284627e+17,741470816677583.1,152758418182.84625,741470816.6775831
4f9f288a|Scope_TrialNumber_0_40.00W_0.60Torr_0.00NitrogenFlow_2425.00MHz.csv,0.47960446561330133,0.009791002162706496,0.0001769976520925023,0.009791002162706496,55.31713018198418,birge,0.017726993686566134,0.010234684576861754,1.2317134986826614,0.026600741481776987,0.0005053979988256364,0.026600741481776987,52.63325447189653,birge,0.04744489010871032,0.02739232007593612,3,34.21233865738326,40,0.6,0.0,2425.0,0,4f9f288a,0.605,40.06666666666666,0.0471404520791004,0.5318048328256593,0.002,80.02,Scope_TrialNumber_0_40.00W_0.60Torr_0.00NitrogenFlow_2425.00MHz.csv,G:\My Drive\MiniChamberData\Data\NafisaData\LAS_0.6Torr_2Nitrogen_Freq_Sweep_4\LAS_DataFrame_4f9f288a_Laser_True_20260807_154812.csv,7f72a6df,1.9885502300778047e-12,637.4748731099025,27.534494537668426,1.6213913637842717e+17,3310028885803844.5,162139136378.42715,3310028885.8038445
4f9f288a|Scope_TrialNumber_0_40.00W_0.60Torr_0.00NitrogenFlow_2430.00MHz.csv,0.559278203491503,0.0033171848925858147,0.0001917670279864154,0.0033171848925858147,17.29799396390917,birge,0.006187760853771271,0.003572505394605872,1.1692566809172242,0.007226158904384595,0.00044709218189028523,0.007226158904384596,16.16257048788625,birge,0.013475091178695645,0.0077798475193746825,3,47.96574851533387,40,0.6,0.0,2430.0,0,4f9f288a,0.605,39.96666666666667,0.0471404520791038,0.5500008141002024,0.003,80.0,Scope_TrialNumber_0_40.00W_0.60Torr_0.00NitrogenFlow_2430.00MHz.csv,G:\My Drive\MiniChamberData\Data\NafisaData\LAS_0.6Torr_2Nitrogen_Freq_Sweep_4\LAS_DataFrame_4f9f288a_Laser_True_20260807_154812.csv,7f72a6df,1.8877162946941132e-12,574.4647558252647,7.1005343451285095,1.8907431312890515e+17,1121435541688820.4,189074313128.90515,1121435541.6888204
4f9f288a|Scope_TrialNumber_0_40.00W_0.60Torr_0.00NitrogenFlow_2435.00MHz.csv,0.5859736864819298,0.012631320146894285,0.0001761716074374202,0.012631320146894283,71.6989549600448,birge,0.021859859991269638,0.012620796050407057,1.1801422654630729,0.022980342837852573,0.0003945039183217241,0.022980342837852573,58.25124104118972,birge,0.04010256542473638,0.023153226943166128,3,35.141981063737795,40,0.6,0.0,2435.0,0,4f9f288a,0.605,39.833333333333336,0.1247219128924639,0.5709654836828096,0.004,80.02,Scope_TrialNumber_0_40.00W_0.60Torr_0.00NitrogenFlow_2435.00MHz.csv,G:\My Drive\MiniChamberData\Data\NafisaData\LAS_0.6Torr_2Nitrogen_Freq_Sweep_4\LAS_DataFrame_4f9f288a_Laser_True_20260807_154812.csv,7f72a6df,1.905290618330519e-12,585.2108883972693,22.791060436322173,1.9809921357835744e+17,4270250772827807.0,198099213578.35742,4270250772.827807
4f9f288a|Scope_TrialNumber_0_40.00W_0.60Torr_0.00NitrogenFlow_2440.00MHz.csv,0.5963100701520719,0.01897393139697605,0.00017996354181658153,0.01897393139697605,105.43208477367178,birge,0.03305723084364044,0.01908560112623941,1.1704138638539157,0.028916388195039364,0.00039158768981422613,0.028916388195039364,73.84396636359443,birge,0.050543656200113175,0.02918139351296324,3,37.73158915679411,40,0.6,0.0,2440.0,0,4f9f288a,0.605,39.93333333333334,0.0471404520791038,0.5997502341311262,0.001,80.0,Scope_TrialNumber_0_40.00W_0.60Torr_0.00NitrogenFlow_2440.00MHz.csv,G:\My Drive\MiniChamberData\Data\NafisaData\LAS_0.6Torr_2Nitrogen_Freq_Sweep_4\LAS_DataFrame_4f9f288a_Laser_True_20260807_154812.csv,7f72a6df,1.88958451843077e-12,575.6023841531975,28.4418059289863,2.0159361874285018e+17,6414487501644105.0,201593618742.85016,6414487501.644105
4f9f288a|Scope_TrialNumber_0_40.00W_0.60Torr_0.00NitrogenFlow_2445.00MHz.csv,0.6119103296772727,0.010630396039761686,0.00020708846415932525,0.010630396039761686,51.3326325679981,birge,0.01805781994507874,0.010425687206269005,1.173895563083018,0.01972329766646794,0.0004422733704682056,0.01972329766646794,44.59526388755486,birge,0.03353680932115569,0.01936248588933039,3,52.433450686371444,40,0.6,0.0,2445.0,0,4f9f288a,0.605,39.86666666666667,0.1885618083164137,0.6235883332053115,0.002,80.0,Scope_TrialNumber_0_40.00W_0.60Torr_0.00NitrogenFlow_2445.00MHz.csv,G:\My Drive\MiniChamberData\Data\NafisaData\LAS_0.6Torr_2Nitrogen_Freq_Sweep_4\LAS_DataFrame_4f9f288a_Laser_True_20260807_154812.csv,7f72a6df,1.895205577070217e-12,579.0320345672112,19.45730358873843,2.0686757423753238e+17,3593801469391092.5,206867574237.53238,3593801469.3910923
4f9f288a|Scope_TrialNumber_0_40.00W_0.60Torr_0.00NitrogenFlow_2450.00MHz.csv,0.6100953774751003,0.010510179955203659,0.0002139590946778249,0.010510179955203659,49.12238000927077,birge,0.0173535456051358,0.010019074226519603,1.182975100923573,0.014388509407853647,0.00046229609607148785,0.014388509407853647,31.124012359448216,birge,0.02378616895955992,0.013732951051791842,3,62.860692500938086,40,0.6,0.0,2450.0,0,4f9f288a,0.605,39.93333333333334,0.0471404520791004,0.640650622342649,0.002,79.99,Scope_TrialNumber_0_40.00W_0.60Torr_0.00NitrogenFlow_2450.00MHz.csv,G:\My Drive\MiniChamberData\Data\NafisaData\LAS_0.6Torr_2Nitrogen_Freq_Sweep_4\LAS_DataFrame_4f9f288a_Laser_True_20260807_154812.csv,7f72a6df,1.9098641133947324e-12,588.0237626065478,14.304249402544997,2.0625399616700285e+17,3553160204501890.5,206253996167.00284,3553160204.50189
4f9f288a|Scope_TrialNumber_0_40.00W_0.60Torr_0.00NitrogenFlow_2455.00MHz.csv,0.6125404455207881,0.008906489861949208,0.00022708452966860011,0.008906489861949208,39.22103313223078,birge,0.014371114038715787,0.00829716655880737,1.1981484730475185,0.016953770501397708,0.0004951373872697307,0.016953770501397708,34.24053795429103,birge,0.027803817894400715,0.016052541745831587,3,51.7610454479857,40,0.6,0.0,2455.0,0,4f9f288a,0.605,40.06666666666666,0.2054804667656293,0.6518296660305993,-0.002,80.0,Scope_TrialNumber_0_40.00W_0.60Torr_0.00NitrogenFlow_2455.00MHz.csv,G:\My Drive\MiniChamberData\Data\NafisaData\LAS_0.6Torr_2Nitrogen_Freq_Sweep_4\LAS_DataFrame_4f9f288a_Laser_True_20260807_154812.csv,7f72a6df,1.934360891793604e-12,603.2050189221858,17.07067143371039,2.0708059652154157e+17,3011003186830234.0,207080596521.54156,3011003186.830234
4f9f288a|Scope_TrialNumber_0_40.00W_0.60Torr_0.00NitrogenFlow_2460.00MHz.csv,0.5796171313773022,0.016193375579484106,0.00018496739885968762,0.016193375579484106,87.5471876628814,birge,0.029094892051063064,0.016797943757724365,1.1709350136677514,0.03371184888771579,0.00041573090747625875,0.03371184888771579,81.09055228144418,birge,0.060471524424624765,0.03491325090486414,3,38.65122300144487,40,0.6,0.0,2460.0,0,4f9f288a,0.605,40.1,0.1632993161855417,0.6562535302467439,0.004,80.0,Scope_TrialNumber_0_40.00W_0.60Torr_0.00NitrogenFlow_2460.00MHz.csv,G:\My Drive\MiniChamberData\Data\NafisaData\LAS_0.6Torr_2Nitrogen_Freq_Sweep_4\LAS_DataFrame_4f9f288a_Laser_True_20260807_154812.csv,7f72a6df,1.8904258931362654e-12,576.1150948609481,33.17332694501734,1.959502628723037e+17,5474469317443836.0,195950262872.3037,5474469317.443836
4f9f288a|Scope_TrialNumber_0_45.00W_0.60Torr_0.00NitrogenFlow_2410.00MHz.csv,0.49715517732194464,0.004821337815276569,0.00018746412858689125,0.004821337815276569,25.71872203829031,birge,0.00880866335756544,0.0050856841606912,1.2298092409001409,0.011828419946253894,0.0005164796960445427,0.011828419946253894,22.902003770606655,birge,0.02164199241400508,0.012495010146025672,3,38.81036523987537,45,0.6,0.0,2410.0,0,4f9f288a,0.605,45.0,4.1023203976182695e-15,0.5609993460821366,0.01,80.01,Scope_TrialNumber_0_45.00W_0.60Torr_0.00NitrogenFlow_2410.00MHz.csv,G:\My Drive\MiniChamberData\Data\NafisaData\LAS_0.6Torr_2Nitrogen_Freq_Sweep_4\LAS_DataFrame_4f9f288a_Laser_True_20260807_154812.csv,7f72a6df,1.98547588506526e-12,635.5052947656147,12.224698358996854,1.680724782117382e+17,1629942182790041.5,168072478211.7382,1629942182.7900414
4f9f288a|Scope_TrialNumber_0_45.00W_0.60Torr_0.00NitrogenFlow_2415.00MHz.csv,0.47625126597331735,0.013173020737654565,0.00017611963048871858,0.013173020737654565,74.79586858716677,birge,0.023590101878998532,0.0136197516700505,1.1797743342977534,0.031198277313407012,0.0004857398681520906,0.031198277313407012,64.22836451966607,birge,0.056260824970603744,0.032482202441608495,3,37.730473820457306,45,0.6,0.0,2415.0,0,4f9f288a,0.605,45.03333333333333,0.0471404520791004,0.5212468048747665,0.002,80.0,Scope_TrialNumber_0_45.00W_0.60Torr_0.00NitrogenFlow_2415.00MHz.csv,G:\My Drive\MiniChamberData\Data\NafisaData\LAS_0.6Torr_2Nitrogen_Freq_Sweep_4\LAS_DataFrame_4f9f288a_Laser_True_20260807_154812.csv,7f72a6df,1.904696608762359e-12,584.8460446562252,30.931659651156867,1.6100552538705283e+17,4453382649736502.0,161005525387.05283,4453382649.736502
4f9f288a|Scope_TrialNumber_0_45.00W_0.60Torr_0.00NitrogenFlow_2420.00MHz.csv,0.49062734046863277,0.0020717590638079987,0.00020177854733667924,0.0020717590638079987,10.267489240821762,birge,0.003666069041765138,0.0021166059481308556,1.2431139187889337,0.009086152085283863,0.0005697769397624937,0.009086152085283863,15.946858237315366,birge,0.016123404012145334,0.0093088516466652,3,40.18772210371022,45,0.6,0.0,2420.0,0,4f9f288a,0.605,45.1,0.0816496580927737,0.4697037819468261,0.002,80.0,Scope_TrialNumber_0_45.00W_0.60Torr_0.00NitrogenFlow_2420.00MHz.csv,G:\My Drive\MiniChamberData\Data\NafisaData\LAS_0.6Torr_2Nitrogen_Freq_Sweep_4\LAS_DataFrame_4f9f288a_Laser_True_20260807_154812.csv,7f72a6df,2.0069557343201123e-12,649.3300883495378,9.492150071077187,1.6586562255108086e+17,700396367161539.5,165865622551.08087,700396367.1615394
4f9f288a|Scope_TrialNumber_0_45.00W_0.60Torr_0.00NitrogenFlow_2425.00MHz.csv,0.46955031014951143,0.015130588049085254,0.0001925992626505992,0.015130588049085254,78.55994795023781,birge,0.025418750912092673,0.01467552268156075,1.2316894071454703,0.04059692745928653,0.0005622003904684749,0.04059692745928653,72.21077777170804,birge,0.0679557713229661,0.03923428286630313,3,35.96530743312932,45,0.6,0.0,2425.0,0,4f9f288a,0.605,46.4,1.2083045973594524,0.4367859389588467,-0.015,79.99,Scope_TrialNumber_0_45.00W_0.60Torr_0.00NitrogenFlow_2425.00MHz.csv,G:\My Drive\MiniChamberData\Data\NafisaData\LAS_0.6Torr_2Nitrogen_Freq_Sweep_4\LAS_DataFrame_4f9f288a_Laser_True_20260807_154812.csv,7f72a6df,1.9885113352927137e-12,637.4499361429266,42.02115998788453,1.5874014366506966e+17,5115174388627285.0,158740143665.06967,5115174388.627285
4f9f288a|Scope_TrialNumber_0_45.00W_0.60Torr_0.00NitrogenFlow_2430.00MHz.csv,0.4547448975988833,0.004910230927026187,0.0001653701442725095,0.004910230927026187,29.69236647054462,birge,0.008909236529562652,0.005143750108617044,1.2052884474522878,0.012216673731749275,0.00048760290678804224,0.012216673731749275,25.05455476511296,birge,0.022230147424898775,0.012834581599890375,3,30.34054220865123,45,0.6,0.0,2430.0,0,4f9f288a,0.605,44.9,0.1414213562373081,0.5528748999433241,0.003,80.0,Scope_TrialNumber_0_45.00W_0.60Torr_0.00NitrogenFlow_2430.00MHz.csv,G:\My Drive\MiniChamberData\Data\NafisaData\LAS_0.6Torr_2Nitrogen_Freq_Sweep_4\LAS_DataFrame_4f9f288a_Laser_True_20260807_154812.csv,7f72a6df,1.945888083596356e-12,610.4156462871699,12.374214333852107,1.537349008518789e+17,1659994138938204.5,153734900851.8789,1659994138.9382045
4f9f288a|Scope_TrialNumber_0_45.00W_0.60Torr_0.00NitrogenFlow_2435.00MHz.csv,0.5176231476356915,0.009862802291243375,0.00019651169523951506,0.009862802291243375,50.18939091244549,birge,0.01691680113117152,0.009766919686909244,1.1917517463562048,0.02288142472520805,0.0005050946667989087,0.02288142472520805,45.30125980189322,birge,0.039359758949752494,0.022724367424878385,3,42.23385083000912,45,0.6,0.0,2435.0,0,4f9f288a,0.605,44.93333333333334,0.0471404520791038,0.5905860951191585,0.004,80.02,Scope_TrialNumber_0_45.00W_0.60Torr_0.00NitrogenFlow_2435.00MHz.csv,G:\My Drive\MiniChamberData\Data\NafisaData\LAS_0.6Torr_2Nitrogen_Freq_Sweep_4\LAS_DataFrame_4f9f288a_Laser_True_20260807_154812.csv,7f72a6df,1.924033642520651e-12,596.781378333516,22.916195805871844,1.7499205312821946e+17,3334302243679991.0,174992053128.21945,3334302243.679991
4f9f288a|Scope_TrialNumber_0_45.00W_0.60Torr_0.00NitrogenFlow_2440.00MHz.csv,0.5985608996237001,0.011921306557954144,0.0002278107442564471,0.011921306557954144,52.32986967697318,birge,0.020530447754193975,0.01185325953746744,1.1959826689428044,0.022949372875877967,0.0005076488480036365,0.022949372875877967,45.20718005394463,birge,0.03942954390436821,0.022764657787211155,3,57.048058197830684,45,0.6,0.0,2440.0,0,4f9f288a,0.605,45.06666666666667,0.2357022603955175,0.6087526911198284,0.0,79.99,Scope_TrialNumber_0_45.00W_0.60Torr_0.00NitrogenFlow_2440.00MHz.csv,G:\My Drive\MiniChamberData\Data\NafisaData\LAS_0.6Torr_2Nitrogen_Freq_Sweep_4\LAS_DataFrame_4f9f288a_Laser_True_20260807_154812.csv,7f72a6df,1.93086429111874e-12,601.0262519787868,23.065845221729045,2.023545531645058e+17,4030217582184994.0,202354553164.50577,4030217582.1849937
4f9f288a|Scope_TrialNumber_0_45.00W_0.60Torr_0.00NitrogenFlow_2445.00MHz.csv,0.6060857135876906,0.004549144652844019,0.00019509017856090486,0.004549144652844019,23.318163356049364,birge,0.008157458704970975,0.004709710979218249,1.2132596546400427,0.008194467880599346,0.00043515892113494967,0.008194467880599346,18.83097756384526,birge,0.014643620282358171,0.008454498111930154,3,41.580281020164975,45,0.6,0.0,2445.0,0,4f9f288a,0.605,44.96666666666666,0.0942809041582043,0.6289749874790433,0.001,80.01,Scope_TrialNumber_0_45.00W_0.60Torr_0.00NitrogenFlow_2445.00MHz.csv,G:\My Drive\MiniChamberData\Data\NafisaData\LAS_0.6Torr_2Nitrogen_Freq_Sweep_4\LAS_DataFrame_4f9f288a_Laser_True_20260807_154812.csv,7f72a6df,1.9587572661653226e-12,618.516345301821,8.355033163457817,2.048984553276551e+17,1537922263358118.2,204898455327.6551,1537922263.3581183
4f9f288a|Scope_TrialNumber_0_45.00W_0.60Torr_0.00NitrogenFlow_2450.00MHz.csv,0.5778134306299392,0.0039057021575981533,0.00023306408169318147,0.0039057021575981533,16.75806125604475,birge,0.006794080710335445,0.003922564327008213,1.1667286372580425,0.006396106662063021,0.0005251875714307608,0.006396106662063021,12.178709112704633,birge,0.011228159564470494,0.006482580947051111,3,64.49813561394683,45,0.6,0.0,2450.0,0,4f9f288a,0.606,44.9,0.0816496580927737,0.6470270328984099,-0.005,80.0,Scope_TrialNumber_0_45.00W_0.60Torr_0.00NitrogenFlow_2450.00MHz.csv,G:\My Drive\MiniChamberData\Data\NafisaData\LAS_0.6Torr_2Nitrogen_Freq_Sweep_4\LAS_DataFrame_4f9f288a_Laser_True_20260807_154812.csv,7f72a6df,1.8836348733201582e-12,571.9833468544326,6.271323731287837,1.953404885636167e+17,1320394658908199.5,195340488563.6167,1320394658.9081995
4f9f288a|Scope_TrialNumber_0_45.00W_0.60Torr_0.00NitrogenFlow_2455.00MHz.csv,0.5904265942650272,0.011266802909542297,0.00019482588053686053,0.011266802909542297,57.830114143437164,birge,0.018928004359764786,0.01092808841233261,1.1872868620569959,0.024668088731049035,0.0004359414277545342,0.024668088731049035,56.585786898277796,birge,0.04141238488191946,0.023909451559360587,3,40.265295994521985,45,0.6,0.0,2455.0,0,4f9f288a,0.605,44.96666666666667,0.1247219128924607,0.6613989338884286,-0.005,80.0,Scope_TrialNumber_0_45.00W_0.60Torr_0.00NitrogenFlow_2455.00MHz.csv,G:\My Drive\MiniChamberData\Data\NafisaData\LAS_0.6Torr_2Nitrogen_Freq_Sweep_4\LAS_DataFrame_4f9f288a_Laser_True_20260807_154812.csv,7f72a6df,1.916825272465473e-12,592.3180856337057,24.613015708946556,1.9960460119271363e+17,3808950550873425.0,199604601192.71362,3808950550.873425
4f9f288a|Scope_TrialNumber_0_45.00W_0.60Torr_0.00NitrogenFlow_2460.00MHz.csv,0.5405355192551432,0.014896387478683057,0.00019407355737226866,0.014896387478683056,76.75639937958707,birge,0.024696675007336476,0.014258631963574419,1.1759896772748315,0.029392283666278992,0.0004695498832306344,0.029392283666278992,62.59672234194132,birge,0.048879417613663656,0.02822054491708085,3,38.86095571107288,45,0.6,0.0,2460.0,0,4f9f288a,0.605,45.0,0.0816496580927737,0.6756641710750569,0.0,80.0,Scope_TrialNumber_0_45.00W_0.60Torr_0.00NitrogenFlow_2460.00MHz.csv,G:\My Drive\MiniChamberData\Data\NafisaData\LAS_0.6Torr_2Nitrogen_Freq_Sweep_4\LAS_DataFrame_4f9f288a_Laser_True_20260807_154812.csv,7f72a6df,1.8985864373615053e-12,581.099749587913,29.04761667274402,1.8273800299548954e+17,5035998565742090.0,182738002995.48953,5035998565.74209
4f9f288a|Scope_TrialNumber_0_50.00W_0.60Torr_0.00NitrogenFlow_2410.00MHz.csv,0.5115152469745298,0.0050597604633536835,0.00019805412443155553,0.0050597604633536835,25.547362257039282,birge,0.008825084971785,0.005095165184081391,1.2521172692187286,0.015155230032004379,0.0005399961883564229,0.015155230032004379,28.06543890269317,birge,0.02629569669401738,0.015181827564819686,3,38.1893297515603,50,0.6,0.0,2410.0,0,4f9f288a,0.605,49.9,0.0816496580927737,0.5955980870459466,0.001,80.02,Scope_TrialNumber_0_50.00W_0.60Torr_0.00NitrogenFlow_2410.00MHz.csv,G:\My Drive\MiniChamberData\Data\NafisaData\LAS_0.6Torr_2Nitrogen_Freq_Sweep_4\LAS_DataFrame_4f9f288a_Laser_True_20260807_154812.csv,7f72a6df,2.0214912692377597e-12,658.7697975006892,15.947081099663112,1.729271646434561e+17,1710545356913633.2,172927164643.4561,1710545356.913633
4f9f288a|Scope_TrialNumber_0_50.00W_0.60Torr_0.00NitrogenFlow_2415.00MHz.csv,0.5155340261273478,0.01611807763548837,0.00021020770008146333,0.01611807763548837,76.67691349670831,birge,0.02848483663175666,0.016445728097167222,1.2802826310665696,0.03894491706540276,0.0005813688383872454,0.03894491706540276,66.98831188379216,birge,0.06825567008433339,0.039407429496908175,3,41.294251553599715,50,0.6,0.0,2415.0,0,4f9f288a,0.605,49.96666666666667,0.0471404520790988,0.5574981943299745,0.004,79.99,Scope_TrialNumber_0_50.00W_0.60Torr_0.00NitrogenFlow_2415.00MHz.csv,G:\My Drive\MiniChamberData\Data\NafisaData\LAS_0.6Torr_2Nitrogen_Freq_Sweep_4\LAS_DataFrame_4f9f288a_Laser_True_20260807_154812.csv,7f72a6df,2.0669630748505506e-12,688.7401114269136,41.90157058803795,1.742857870664152e+17,5449013458531164.0,174285787066.4152,5449013458.531164
4f9f288a|Scope_TrialNumber_0_50.00W_0.60Torr_0.00NitrogenFlow_2420.00MHz.csv,0.4994730383242611,0.0008447875063702496,0.00020239365084508774,0.0008447875063702496,4.173982251137169,birge,0.0015006420879043142,0.000866396113408838,1.2450705439249485,0.007567236031820971,0.0005621082549588518,0.007567236031820971,13.462239639898042,birge,0.012593647485952219,0.007270945766093767,3,45.5929184610613,50,0.6,0.0,2420.0,0,4f9f288a,0.605,50.0,0.0816496580927737,0.5123838002115292,0.0,79.99,Scope_TrialNumber_0_50.00W_0.60Torr_0.00NitrogenFlow_2420.00MHz.csv,G:\My Drive\MiniChamberData\Data\NafisaData\LAS_0.6Torr_2Nitrogen_Freq_Sweep_4\LAS_DataFrame_4f9f288a_Laser_True_20260807_154812.csv,7f72a6df,2.010114624247485e-12,651.3757503194478,7.917806861823674,1.6885607387880576e+17,285595999468021.94,168856073878.80576,285595999.4680219
4f9f288a|Scope_TrialNumber_0_50.00W_0.60Torr_0.00NitrogenFlow_2425.00MHz.csv,0.4761583444907236,0.012338692781391157,0.00017476740322539021,0.012338692781391157,70.60065294600996,birge,0.022349190458786673,0.012903311127550702,1.2016118021161917,0.027785788509427582,0.0004904969056397144,0.027785788509427582,56.64824423956128,birge,0.0501783481295597,0.02897048280009205,3,30.27575515086055,50,0.6,0.0,2425.0,0,4f9f288a,0.605,50.06666666666667,0.0471404520791021,0.4721957563087639,0.008,79.99,Scope_TrialNumber_0_50.00W_0.60Torr_0.00NitrogenFlow_2425.00MHz.csv,G:\My Drive\MiniChamberData\Data\NafisaData\LAS_0.6Torr_2Nitrogen_Freq_Sweep_4\LAS_DataFrame_4f9f288a_Laser_True_20260807_154812.csv,7f72a6df,1.9399522925728525e-12,606.6972686093123,28.058249702836495,1.6097411156583354e+17,4171322694118825.5,160974111565.83353,4171322694.1188254
4f9f288a|Scope_TrialNumber_0_50.00W_0.60Torr_0.00NitrogenFlow_2430.00MHz.csv,0.446401810769872,0.003972216431060827,0.0001661371976442925,0.003972216431060827,23.909253841909194,birge,0.007178373887327441,0.004144436096192279,1.1481366947041718,0.011668583905078947,0.00047490375374911997,0.011668583905078947,24.570418348900173,birge,0.020225907335775065,0.011677433044914162,3,33.52151844288563,50,0.6,0.0,2430.0,0,4f9f288a,0.605,50.03333333333334,0.1247219128924639,0.451347016673871,-0.006,80.0,Scope_TrialNumber_0_50.00W_0.60Torr_0.00NitrogenFlow_2430.00MHz.csv,G:\My Drive\MiniChamberData\Data\NafisaData\LAS_0.6Torr_2Nitrogen_Freq_Sweep_4\LAS_DataFrame_4f9f288a_Laser_True_20260807_154812.csv,7f72a6df,1.8536189551032723e-12,553.8993605754856,11.258626596739756,1.5091436645285846e+17,1342881035973695.8,150914366452.85846,1342881035.9736958
4f9f288a|Scope_TrialNumber_0_50.00W_0.60Torr_0.00NitrogenFlow_2435.00MHz.csv,0.45402758587726516,0.01111508210699825,0.00019425674772293014,0.01111508210699825,57.218512289991466,birge,0.01872490037259814,0.01081082627066846,1.2027057962531147,0.029763933646997292,0.000573355159997838,0.029763933646997292,51.911861484092206,birge,0.049514489976844926,0.028587204116918445,3,38.45772782807881,50,0.6,0.0,2435.0,0,4f9f288a,0.605,50.1,0.0816496580927737,0.5800198030751134,-0.017,80.0,Scope_TrialNumber_0_50.00W_0.60Torr_0.00NitrogenFlow_2435.00MHz.csv,G:\My Drive\MiniChamberData\Data\NafisaData\LAS_0.6Torr_2Nitrogen_Freq_Sweep_4\LAS_DataFrame_4f9f288a_Laser_True_20260807_154812.csv,7f72a6df,1.941718500619617e-12,607.8024930974773,30.08315604928805,1.5349240039286304e+17,3757658534933423.0,153492400392.86304,3757658534.933423
4f9f288a|Scope_TrialNumber_0_50.00W_0.60Torr_0.00NitrogenFlow_2440.00MHz.csv,0.48421137330525993,0.009314748296169306,0.0002096252700296289,0.009314748296169306,44.43523576548161,birge,0.016050310733672163,0.009266651222662764,1.2158698820322311,0.021239317396181474,0.0005871983587960771,0.021239317396181474,36.17060074848998,birge,0.037089134029114686,0.021413421515719473,3,53.01069493433905,50,0.6,0.0,2440.0,0,4f9f288a,0.605,50.03333333333334,0.1247219128924639,0.6172775776287276,-0.007,79.99,Scope_TrialNumber_0_50.00W_0.60Torr_0.00NitrogenFlow_2440.00MHz.csv,G:\My Drive\MiniChamberData\Data\NafisaData\LAS_0.6Torr_2Nitrogen_Freq_Sweep_4\LAS_DataFrame_4f9f288a_Laser_True_20260807_154812.csv,7f72a6df,1.9629713697590907e-12,621.1805812682717,21.702078028036198,1.6369658650265427e+17,3149022481248204.5,163696586502.65427,3149022481.248204
4f9f288a|Scope_TrialNumber_0_50.00W_0.60Torr_0.00NitrogenFlow_2445.00MHz.csv,0.5133421000192098,0.007556344965932623,0.00019245361283259368,0.007556344965932623,39.26320142664992,birge,0.012832736839875654,0.007408984068941837,1.1492915050132642,0.014425916852849963,0.00047987181140059384,0.014425916852849963,30.062021794414804,birge,0.024501433446006783,0.014145909195583718,3,47.73755440862304,50,0.6,0.0,2445.0,0,4f9f288a,0.605,49.866666666666674,0.1247219128924658,0.6436234571942164,-0.002,79.98,Scope_TrialNumber_0_50.00W_0.60Torr_0.00NitrogenFlow_2445.00MHz.csv,G:\My Drive\MiniChamberData\Data\NafisaData\LAS_0.6Torr_2Nitrogen_Freq_Sweep_4\LAS_DataFrame_4f9f288a_Laser_True_20260807_154812.csv,7f72a6df,1.8554833483313227e-12,555.0141588013215,13.933084986876196,1.735447660133181e+17,2554561799976310.0,173544766013.3181,2554561799.97631
4f9f288a|Scope_TrialNumber_0_50.00W_0.60Torr_0.00NitrogenFlow_2450.00MHz.csv,0.5572087225340596,0.015341884835808886,0.0001954576908295851,0.015341884835808886,78.49210113295112,birge,0.02763008651674772,0.015952237888176946,1.2361558547145703,0.034394785726567914,0.0004825414196869808,0.034394785726567914,71.27841118567484,birge,0.06201642876877133,0.03580520184382938,3,39.612110563639284,50,0.6,0.0,2450.0,0,4f9f288a,0.605,49.96666666666666,0.1247219128924664,0.6614541741853986,-0.002,79.99,Scope_TrialNumber_0_50.00W_0.60Torr_0.00NitrogenFlow_2450.00MHz.csv,G:\My Drive\MiniChamberData\Data\NafisaData\LAS_0.6Torr_2Nitrogen_Freq_Sweep_4\LAS_DataFrame_4f9f288a_Laser_True_20260807_154812.csv,7f72a6df,1.995722229182132e-12,642.0814592445356,35.73053369523073,1.8837468691762208e+17,5186607164957040.0,188374686917.62207,5186607164.95704
4f9f288a|Scope_TrialNumber_0_50.00W_0.60Torr_0.00NitrogenFlow_2455.00MHz.csv,0.5370840352959818,0.009968944667493256,0.00016680245608274584,0.009968944667493256,59.764975298373024,birge,0.0174055896039316,0.010049121843234062,1.210713765416545,0.021730999347191745,0.0004182129381306297,0.021730999347191745,51.96156638368758,birge,0.03752832109666837,0.021666986287396196,3,27.48578351717268,50,0.6,0.0,2455.0,0,4f9f288a,0.605,49.93333333333334,0.1247219128924614,0.6770697277144685,0.006,80.0,Scope_TrialNumber_0_50.00W_0.60Torr_0.00NitrogenFlow_2455.00MHz.csv,G:\My Drive\MiniChamberData\Data\NafisaData\LAS_0.6Torr_2Nitrogen_Freq_Sweep_4\LAS_DataFrame_4f9f288a_Laser_True_20260807_154812.csv,7f72a6df,1.9546470338697816e-12,615.9232945008499,22.110310616833846,1.81571165177066e+17,3370185631872180.5,181571165177.06598,3370185631.8721805
4f9f288a|Scope_TrialNumber_0_50.00W_0.60Torr_0.00NitrogenFlow_2460.00MHz.csv,0.48860802886165833,0.00619950821032644,0.0002190622675908911,0.00619950821032644,28.30021015716092,birge,0.010747316260521224,0.006204965936077971,1.154839404925716,0.017519516513422647,0.0005772213981632628,0.017519516513422647,30.351467511721353,birge,0.030395639327247193,0.017548930547776943,3,54.675904408871716,50,0.6,0.0,2460.0,0,4f9f288a,0.605,50.16666666666666,0.2357022603955108,0.6885814854685615,0.005,80.0,Scope_TrialNumber_0_50.00W_0.60Torr_0.00NitrogenFlow_2460.00MHz.csv,G:\My Drive\MiniChamberData\Data\NafisaData\LAS_0.6Torr_2Nitrogen_Freq_Sweep_4\LAS_DataFrame_4f9f288a_Laser_True_20260807_154812.csv,7f72a6df,1.864440202063261e-12,560.3854591388127,17.002679789742498,1.65182957014147e+17,2095858106550165.5,165182957014.147,2095858106.5501654
4f9f288a|Scope_TrialNumber_0_55.00W_0.60Torr_0.00NitrogenFlow_2410.00MHz.csv,0.45485740496383725,0.03457479698174757,0.00020558420621877486,0.03457479698174757,168.17827408859605,birge,0.06357374812041058,0.03670432059071252,1.148100791081999,0.07887195201498726,0.0005791387335992591,0.07887195201498727,136.1883559830476,birge,0.14404823871394878,0.0831662893977898,3,45.27625787627317,55,0.6,0.0,2410.0,0,4f9f288a,0.605,54.96666666666667,0.1247219128924696,0.6222654680347425,-0.002,80.0,Scope_TrialNumber_0_55.00W_0.60Torr_0.00NitrogenFlow_2410.00MHz.csv,G:\My Drive\MiniChamberData\Data\NafisaData\LAS_0.6Torr_2Nitrogen_Freq_Sweep_4\LAS_DataFrame_4f9f288a_Laser_True_20260807_154812.csv,7f72a6df,1.8535609901981147e-12,553.8647189121532,76.09853049864114,1.53772936041911e+17,1.1688647885943552e+16,153772936041.911,11688647885.943552
4f9f288a|Scope_TrialNumber_0_55.00W_0.60Torr_0.00NitrogenFlow_2415.00MHz.csv,0.48066552364287835,0.0059952168317120155,0.00018240898749680636,0.005995216831712015,32.866893862984575,birge,0.010392624567926573,0.006000184591879126,1.2081206267459186,0.012352303764589938,0.0005104565133183123,0.012352303764589938,24.19854275987511,birge,0.021168513043981343,0.012221646704286734,3,33.13684577367346,55,0.6,0.0,2415.0,0,4f9f288a,0.605,55.06666666666667,0.0471404520791004,0.5866722095592563,0.002,80.01,Scope_TrialNumber_0_55.00W_0.60Torr_0.00NitrogenFlow_2415.00MHz.csv,G:\My Drive\MiniChamberData\Data\NafisaData\LAS_0.6Torr_2Nitrogen_Freq_Sweep_4\LAS_DataFrame_4f9f288a_Laser_True_20260807_154812.csv,7f72a6df,1.950460519306441e-12,613.2877184903382,12.540993053466336,1.6249784661758858e+17,2026793637653397.2,162497846617.58856,2026793637.653397
4f9f288a|Scope_TrialNumber_0_55.00W_0.60Torr_0.00NitrogenFlow_2420.00MHz.csv,0.47734668796183005,0.0028701786601423047,0.00016782048177590934,0.0028701786601423047,17.102672032457,birge,0.00489262423873403,0.0028247579212767803,1.2494321877845034,0.00636415098720106,0.0004879516929782449,0.00636415098720106,13.0425840893328,birge,0.011177069703933017,0.006453084202316939,3,26.601709930718517,55,0.6,0.0,2420.0,0,4f9f288a,0.605,54.96666666666667,0.2357022603955192,0.5445212760085121,0.004,80.0,Scope_TrialNumber_0_55.00W_0.60Torr_0.00NitrogenFlow_2420.00MHz.csv,G:\My Drive\MiniChamberData\Data\NafisaData\LAS_0.6Torr_2Nitrogen_Freq_Sweep_4\LAS_DataFrame_4f9f288a_Laser_True_20260807_154812.csv,7f72a6df,2.0171563169054874e-12,655.9474516941139,6.682313234867809,1.613758529964096e+17,970316839340034.0,161375852996.4096,970316839.340034
4f9f288a|Scope_TrialNumber_0_55.00W_0.60Torr_0.00NitrogenFlow_2425.00MHz.csv,0.4686012479825056,0.15894030426378605,0.00022399682020883335,0.15894030426378605,709.5650023763964,birge,0.3593194906980454,0.20745320467959577,1.2292138252950178,0.39942887822889656,0.000631808900095738,0.3994288782288966,632.1988787564896,birge,0.8335014491376554,0.48122228602956857,3,49.533938265184815,55,0.6,0.0,2425.0,0,4f9f288a,0.605,54.96666666666667,0.0471404520791055,0.50549980320233,0.007,80.01,Scope_TrialNumber_0_55.00W_0.60Torr_0.00NitrogenFlow_2425.00MHz.csv,G:\My Drive\MiniChamberData\Data\NafisaData\LAS_0.6Torr_2Nitrogen_Freq_Sweep_4\LAS_DataFrame_4f9f288a_Laser_True_20260807_154812.csv,7f72a6df,1.984514611327637e-12,634.8900803765458,412.610771836371,1.584192956931247e+17,5.373270166719649e+16,158419295693.1247,53732701667.19649
4f9f288a|Scope_TrialNumber_0_55.00W_0.60Torr_0.00NitrogenFlow_2430.00MHz.csv,0.48028431914117786,0.01304432219343126,0.0001824047830457986,0.01304432219343126,71.51304903093501,birge,0.02193919736555974,0.012666601504810245,1.2262553757384203,0.03386792543815584,0.0005191938402442131,0.03386792543815584,65.23175510369188,birge,0.05707716654578033,0.03295351746978738,3,32.62715795031563,55,0.6,0.0,2430.0,0,4f9f288a,0.605,54.96666666666667,0.1885618083164103,0.48566170507848,0.005,80.01,Scope_TrialNumber_0_55.00W_0.60Torr_0.00NitrogenFlow_2430.00MHz.csv,G:\My Drive\MiniChamberData\Data\NafisaData\LAS_0.6Torr_2Nitrogen_Freq_Sweep_4\LAS_DataFrame_4f9f288a_Laser_True_20260807_154812.csv,7f72a6df,1.9797383175281963e-12,631.8376741626315,34.901426996267965,1.6236897340409536e+17,4409873732890109.5,162368973404.09537,4409873732.890109
4f9f288a|Scope_TrialNumber_0_55.00W_0.60Torr_0.00NitrogenFlow_2435.00MHz.csv,0.46813634303158225,0.008323655118462656,0.0001962847279848801,0.008323655118462656,42.40602518553471,birge,0.014348633000386206,0.008284187125276125,1.2165603445314803,0.022498803110699336,0.0005673365761096622,0.022498803110699336,39.65688809450296,birge,0.038718511653062435,0.02235414312551726,3,39.608583372290276,55,0.6,0.0,2435.0,0,4f9f288a,0.605,54.93333333333334,0.0471404520790988,0.4868639351339938,0.011,80.01,Scope_TrialNumber_0_55.00W_0.60Torr_0.00NitrogenFlow_2435.00MHz.csv,G:\My Drive\MiniChamberData\Data\NafisaData\LAS_0.6Torr_2Nitrogen_Freq_Sweep_4\LAS_DataFrame_4f9f288a_Laser_True_20260807_154812.csv,7f72a6df,1.964086092755316e-12,621.8862878317268,23.002060210269597,1.5826212599883427e+17,2813965150832366.5,158262125998.83426,2813965150.8323665
4f9f288a|Scope_TrialNumber_0_55.00W_0.60Torr_0.00NitrogenFlow_2440.00MHz.csv,0.43711705861594446,0.005976738752980032,0.00015987140996606046,0.005976738752980032,37.38466280023958,birge,0.010344221668734286,0.0059722391650009,1.1837877827337009,0.014118829930335444,0.00048089276050418807,0.014118829930335444,29.359622539404985,birge,0.024876458759956598,0.014362430161545568,3,28.408323257680035,55,0.6,0.0,2440.0,0,4f9f288a,0.605,55.06666666666666,0.0471404520791071,0.609805869550792,0.005,80.01,Scope_TrialNumber_0_55.00W_0.60Torr_0.00NitrogenFlow_2440.00MHz.csv,G:\My Drive\MiniChamberData\Data\NafisaData\LAS_0.6Torr_2Nitrogen_Freq_Sweep_4\LAS_DataFrame_4f9f288a_Laser_True_20260807_154812.csv,7f72a6df,1.911176154386601e-12,588.8319628153936,14.045791757265224,1.4777548472080355e+17,2020546782291645.8,147775484720.80356,2020546782.2916458
4f9f288a|Scope_TrialNumber_0_55.00W_0.60Torr_0.00NitrogenFlow_2445.00MHz.csv,0.455913379330201,0.004314973642142654,0.00019641461190313743,0.004314973642142654,21.968699784263496,birge,0.007667247967347455,0.004426687677891664,1.1912399861101985,0.015043976471578284,0.0005709181233926683,0.015043976471578284,26.350497304551812,birge,0.026674033376449517,0.015400260350266192,3,39.89542878156352,55,0.6,0.0,2445.0,0,4f9f288a,0.605,54.900000000000006,5.801557143511545e-15,0.6413774681287618,-0.001,80.01,Scope_TrialNumber_0_55.00W_0.60Torr_0.00NitrogenFlow_2445.00MHz.csv,G:\My Drive\MiniChamberData\Data\NafisaData\LAS_0.6Torr_2Nitrogen_Freq_Sweep_4\LAS_DataFrame_4f9f288a_Laser_True_20260807_154812.csv,7f72a6df,1.9232074268820075e-12,596.2689504528145,15.060367626905705,1.5412992765494992e+17,1458756433675047.5,154129927654.94992,1458756433.6750474
4f9f288a|Scope_TrialNumber_0_55.00W_0.60Torr_0.00NitrogenFlow_2450.00MHz.csv,0.4715306388404607,0.007140861392079807,0.0001833433915147115,0.007140861392079807,38.948016250189326,birge,0.01198791333434149,0.006921224990603964,1.1989388472810742,0.021200510017601506,0.0005199842993031592,0.021200510017601506,40.77144261088789,birge,0.0355811875345189,0.020542808201141044,3,38.36963472188782,55,0.6,0.0,2450.0,0,4f9f288a,0.605,55.13333333333333,0.3091206165165204,0.6653758826534436,-0.001,79.99,Scope_TrialNumber_0_55.00W_0.60Torr_0.00NitrogenFlow_2450.00MHz.csv,G:\My Drive\MiniChamberData\Data\NafisaData\LAS_0.6Torr_2Nitrogen_Freq_Sweep_4\LAS_DataFrame_4f9f288a_Laser_True_20260807_154812.csv,7f72a6df,1.9356369181306264e-12,604.0011054923366,21.36077501646034,1.594096303081628e+17,2414099913830666.0,159409630308.1628,2414099913.830666
4f9f288a|Scope_TrialNumber_0_55.00W_0.60Torr_0.00NitrogenFlow_2455.00MHz.csv,0.4818160781890749,0.007843900491610583,0.00019079489818239813,0.007843900491610583,41.111688867654564,birge,0.01297009134394753,0.007488285728842142,1.2465233670753169,0.021139932263520823,0.000548948492487937,0.021139932263520823,38.50986486493606,birge,0.03539268326794331,0.020433975212090234,3,34.16851451715036,55,0.6,0.0,2455.0,0,4f9f288a,0.605,54.6,0.2160246899469317,0.6843648857411324,0.004,80.01,Scope_TrialNumber_0_55.00W_0.60Torr_0.00NitrogenFlow_2455.00MHz.csv,G:\My Drive\MiniChamberData\Data\NafisaData\LAS_0.6Torr_2Nitrogen_Freq_Sweep_4\LAS_DataFrame_4f9f288a_Laser_True_20260807_154812.csv,7f72a6df,2.0124601468166683e-12,652.8967659660482,22.145101764081275,1.6288681280504477e+17,2651775249677300.5,162886812805.04477,2651775249.6773005
4f9f288a|Scope_TrialNumber_0_55.00W_0.60Torr_0.00NitrogenFlow_2460.00MHz.csv,0.44872768211173214,0.014601637319246553,0.00015165795368834065,0.014601637319246552,96.28006289240282,birge,0.025156437536297555,0.0145240759834334,1.1746511264185409,0.03859306455322865,0.00044216470934519173,0.03859306455322865,87.28210039734218,birge,0.06677636476171156,0.03855335217067881,3,24.69144528415112,55,0.6,0.0,2460.0,0,4f9f288a,0.605,54.96666666666667,0.1699673171197609,0.6931570651050806,-0.003,80.0,Scope_TrialNumber_0_55.00W_0.60Torr_0.00NitrogenFlow_2460.00MHz.csv,G:\My Drive\MiniChamberData\Data\NafisaData\LAS_0.6Torr_2Nitrogen_Freq_Sweep_4\LAS_DataFrame_4f9f288a_Laser_True_20260807_154812.csv,7f72a6df,1.896425402659771e-12,579.7776480330324,38.09709230906624,1.517006701629674e+17,4936352837386901.0,151700670162.96738,4936352837.386901
4f9f288a|Scope_TrialNumber_0_60.00W_0.60Torr_0.00NitrogenFlow_2410.00MHz.csv,0.46851284152111133,0.003210422172316302,0.0001702128024513858,0.003210422172316302,18.861226218475696,birge,0.005581187113693684,0.0032222998824887193,1.1865371547035932,0.008459583896404896,0.00048011263114230025,0.008459583896404896,17.619998616319606,birge,0.01467792347592961,0.008474303069972688,3,30.392961702394366,60,0.6,0.0,2410.0,0,4f9f288a,0.605,60.19999999999999,0.1632993161855417,0.6422553851979188,0.005,80.01,Scope_TrialNumber_0_60.00W_0.60Torr_0.00NitrogenFlow_2410.00MHz.csv,G:\My Drive\MiniChamberData\Data\NafisaData\LAS_0.6Torr_2Nitrogen_Freq_Sweep_4\LAS_DataFrame_4f9f288a_Laser_True_20260807_154812.csv,7f72a6df,1.915614901115566e-12,591.5702882193323,8.435367512890089,1.5838940825810592e+17,1085342434757936.2,158389408258.10593,1085342434.7579362
4f9f288a|Scope_TrialNumber_0_60.00W_0.60Torr_0.00NitrogenFlow_2415.00MHz.csv,0.48339965319266603,0.008222965011100683,0.00017693640985180114,0.008222965011100683,46.474126031991354,birge,0.014522845508478396,0.00838476876371935,1.258893759475112,0.018473215959843546,0.0005125737368129971,0.018473215959843546,36.04011410085794,birge,0.03316607451091821,0.019148442046841813,3,32.16213457002822,60,0.6,0.0,2415.0,0,4f9f288a,0.605,60.03333333333334,0.1247219128924633,0.6117336879912195,0.001,80.01,Scope_TrialNumber_0_60.00W_0.60Torr_0.00NitrogenFlow_2415.00MHz.csv,G:\My Drive\MiniChamberData\Data\NafisaData\LAS_0.6Torr_2Nitrogen_Freq_Sweep_4\LAS_DataFrame_4f9f288a_Laser_True_20260807_154812.csv,7f72a6df,2.032431630996288e-12,665.9196504136987,19.543630940111868,1.634221695456131e+17,2779925002710216.5,163422169545.61307,2779925002.7102165
4f9f288a|Scope_TrialNumber_0_60.00W_0.60Torr_0.00NitrogenFlow_2420.00MHz.csv,0.38619707085249766,0.025499656227970683,0.00016702175761594223,0.025499656227970683,152.67266128647626,birge,0.051318807650104104,0.029628927411278233,1.0409237771307385,0.06213013954146389,0.0005025900069635097,0.06213013954146389,123.61992614384556,birge,0.12259360986616107,0.07077945365715606,3,46.28849794293269,60,0.6,0.0,2420.0,0,4f9f288a,0.605,60.0,0.0816496580927708,0.5721482402310526,-0.002,80.02,Scope_TrialNumber_0_60.00W_0.60Torr_0.00NitrogenFlow_2420.00MHz.csv,G:\My Drive\MiniChamberData\Data\NafisaData\LAS_0.6Torr_2Nitrogen_Freq_Sweep_4\LAS_DataFrame_4f9f288a_Laser_True_20260807_154812.csv,7f72a6df,1.6805281574981615e-12,455.2830972394517,54.349421127315125,1.3056104358792608e+17,8620629154198773.0,130561043587.92607,8620629154.198772
4f9f288a|Scope_TrialNumber_0_60.00W_0.60Torr_0.00NitrogenFlow_2425.00MHz.csv,0.45850931178840765,0.011568741109880014,0.00017320905586518887,0.011568741109880014,66.79062507496221,birge,0.02096495111786581,0.012104120171447172,1.2264778629548083,0.024406398701532977,0.0005142068315514014,0.024406398701532977,47.46416656483735,birge,0.04475196319032709,0.025837557994699573,3,28.20825562371255,60,0.6,0.0,2425.0,0,4f9f288a,0.605,59.93333333333333,0.094280904158206,0.532601324098468,0.005,80.0,Scope_TrialNumber_0_60.00W_0.60Torr_0.00NitrogenFlow_2425.00MHz.csv,G:\My Drive\MiniChamberData\Data\NafisaData\LAS_0.6Torr_2Nitrogen_Freq_Sweep_4\LAS_DataFrame_4f9f288a_Laser_True_20260807_154812.csv,7f72a6df,1.980097513888235e-12,632.0669715192682,25.155739013184565,1.550075305069837e+17,3911026329045779.5,155007530506.9837,3911026329.045779
4f9f288a|Scope_TrialNumber_0_60.00W_0.60Torr_0.00NitrogenFlow_2430.00MHz.csv,0.45602332148537345,0.01521655205669584,0.00018049581230303226,0.01521655205669584,84.30418336326248,birge,0.025490718441524524,0.014717073154051142,1.1770923066552654,0.03950927453013331,0.0005182152147230313,0.03950927453013331,76.24105469626109,birge,0.06621267055197376,0.03822790316694606,3,36.03476276541994,60,0.6,0.0,2430.0,0,4f9f288a,0.605,60.0,0.0816496580927737,0.5103688403034751,-0.002,80.01,Scope_TrialNumber_0_60.00W_0.60Torr_0.00NitrogenFlow_2430.00MHz.csv,G:\My Drive\MiniChamberData\Data\NafisaData\LAS_0.6Torr_2Nitrogen_Freq_Sweep_4\LAS_DataFrame_4f9f288a_Laser_True_20260807_154812.csv,7f72a6df,1.9003665866498724e-12,582.189959906771,39.08258141624314,1.541670956284976e+17,5144236107091031.0,154167095628.4976,5144236107.091031
4f9f288a|Scope_TrialNumber_0_60.00W_0.60Torr_0.00NitrogenFlow_2435.00MHz.csv,0.4595133318968856,0.003622939624799058,0.00018669733933441416,0.003622939624799058,19.40541647628739,birge,0.006361886431471415,0.0036730368437638493,1.2019729335140785,0.012864959779883377,0.0005438408135789428,0.012864959779883377,23.655745318599422,birge,0.02260247162510054,0.013049543077102675,3,36.281329488816056,60,0.6,0.0,2435.0,0,4f9f288a,0.605,59.93333333333334,0.0471404520791038,0.5105784875217516,-0.008,80.0,Scope_TrialNumber_0_60.00W_0.60Torr_0.00NitrogenFlow_2435.00MHz.csv,G:\My Drive\MiniChamberData\Data\NafisaData\LAS_0.6Torr_2Nitrogen_Freq_Sweep_4\LAS_DataFrame_4f9f288a_Laser_True_20260807_154812.csv,7f72a6df,1.9405353241992204e-12,607.061995979666,12.995015019749863,1.5534695802479677e+17,1224801568861394.8,155346958024.79675,1224801568.8613946
4f9f288a|Scope_TrialNumber_0_60.00W_0.60Torr_0.00NitrogenFlow_2440.00MHz.csv,0.46580948024859453,0.014809897365850009,0.00018607599652701096,0.014809897365850007,79.59058471950836,birge,0.025595198238384066,0.014777394592892876,1.2485090711110243,0.03470151750117732,0.0005547026050011552,0.03470151750117732,62.55877868304775,birge,0.0603078088650642,0.034818729682481314,3,37.78776264846074,60,0.6,0.0,2440.0,0,4f9f288a,0.605,59.96666666666667,0.0942809041582043,0.5226194855912615,0.004,80.01,Scope_TrialNumber_0_60.00W_0.60Torr_0.00NitrogenFlow_2440.00MHz.csv,G:\My Drive\MiniChamberData\Data\NafisaData\LAS_0.6Torr_2Nitrogen_Freq_Sweep_4\LAS_DataFrame_4f9f288a_Laser_True_20260807_154812.csv,7f72a6df,2.0156659834185206e-12,654.9785438188145,36.409426134162324,1.574754871137641e+17,5006758987703362.0,157475487113.7641,5006758987.7033615
4f9f288a|Scope_TrialNumber_0_60.00W_0.60Torr_0.00NitrogenFlow_2445.00MHz.csv,0.452668216483614,0.003363946590675113,0.00017544539124827343,0.003363946590675113,19.17375296518778,birge,0.005765308792619721,0.0033286025833803123,1.2626073937418243,0.008762236699088233,0.000544222753159136,0.008762236699088233,16.100460056520404,birge,0.015279176681615665,0.008821436770126657,3,28.464827602279666,60,0.6,0.0,2445.0,0,4f9f288a,0.605,60.13333333333333,0.0942809041582076,0.6340776922110666,0.001,80.0,Scope_TrialNumber_0_60.00W_0.60Torr_0.00NitrogenFlow_2445.00MHz.csv,G:\My Drive\MiniChamberData\Data\NafisaData\LAS_0.6Torr_2Nitrogen_Freq_Sweep_4\LAS_DataFrame_4f9f288a_Laser_True_20260807_154812.csv,7f72a6df,2.038427139110305e-12,669.8542629447537,9.297302763958609,1.5303284049442877e+17,1137244196293593.5,153032840494.42877,1137244196.2935934
4f9f288a|Scope_TrialNumber_0_60.00W_0.60Torr_0.00NitrogenFlow_2450.00MHz.csv,0.4460970124958192,0.011283330260333997,0.00024223630983402048,0.011283330260333997,46.57984704301885,birge,0.020620433914847518,0.011905213071544104,1.192151332543917,0.026433098250903123,0.0007201286388806995,0.026433098250903123,36.706078363982655,birge,0.048077894468461724,0.027757785313436797,3,59.51614084893431,60,0.6,0.0,2450.0,0,4f9f288a,0.605,60.1,0.1632993161855504,0.6608613353456222,0.0,79.98,Scope_TrialNumber_0_60.00W_0.60Torr_0.00NitrogenFlow_2450.00MHz.csv,G:\My Drive\MiniChamberData\Data\NafisaData\LAS_0.6Torr_2Nitrogen_Freq_Sweep_4\LAS_DataFrame_4f9f288a_Laser_True_20260807_154812.csv,7f72a6df,1.9246787578062762e-12,597.1816388316183,26.482142831962992,1.5081132377400986e+17,3814537926671860.5,150811323774.00986,3814537926.67186
4f9f288a|Scope_TrialNumber_0_60.00W_0.60Torr_0.00NitrogenFlow_2455.00MHz.csv,0.4511837957445894,0.001939767648655477,0.00016959834592968024,0.001939767648655477,11.437420795717864,birge,0.003277028022353925,0.0018919930108479857,1.2046256592875049,0.003563000597003249,0.0005050287934039702,0.003563000597003249,7.055044471797515,birge,0.005978856886114714,0.003451894632644578,3,28.455158380838494,60,0.6,0.0,2455.0,0,4f9f288a,0.605,59.93333333333334,0.0471404520791055,0.6801776231201945,-0.005,80.0,Scope_TrialNumber_0_60.00W_0.60Torr_0.00NitrogenFlow_2455.00MHz.csv,G:\My Drive\MiniChamberData\Data\NafisaData\LAS_0.6Torr_2Nitrogen_Freq_Sweep_4\LAS_DataFrame_4f9f288a_Laser_True_20260807_154812.csv,7f72a6df,1.9448180396624527e-12,609.7444956948611,3.6069628526179773,1.5253100468199552e+17,655774234557270.4,152531004681.9955,655774234.5572703
4f9f288a|Scope_TrialNumber_0_60.00W_0.60Torr_0.00NitrogenFlow_2460.00MHz.csv,0.432255091624972,0.014344309433505403,0.00015666604923772254,0.014344309433505403,91.55978275637486,birge,0.026132752213715752,0.01508775152525458,1.1665984815221437,0.036274999755177235,0.0004702343134242057,0.036274999755177235,77.14239203648458,birge,0.06585278680183242,0.038020124186924985,3,27.01539742472041,60,0.6,0.0,2460.0,0,4f9f288a,0.605,60.0,0.2160246899469262,0.6931957572574298,0.004,79.99,Scope_TrialNumber_0_60.00W_0.60Torr_0.00NitrogenFlow_2460.00MHz.csv,G:\My Drive\MiniChamberData\Data\NafisaData\LAS_0.6Torr_2Nitrogen_Freq_Sweep_4\LAS_DataFrame_4f9f288a_Laser_True_20260807_154812.csv,7f72a6df,1.883424742296309e-12,571.8557374711545,35.56333574118247,1.4613180709572426e+17,4849358398945211.0,146131807095.72424,4849358398.94521
4f9f288a|Scope_TrialNumber_0_65.00W_0.60Torr_0.00NitrogenFlow_2410.00MHz.csv,0.4405343752245283,0.007711086881031891,0.00017745996163241883,0.0077110868810318905,43.45254450693632,birge,0.01388797652226237,0.008018226983627382,1.1824321428514746,0.021023681547341154,0.0005307048008422759,0.02102368154734115,39.61464360973312,birge,0.03792261137741985,0.021894629887126916,3,34.551066972610386,65,0.6,0.0,2410.0,0,4f9f288a,0.605,64.9,8.204640795236539e-15,0.6252922474930179,-0.004,79.99,Scope_TrialNumber_0_65.00W_0.60Torr_0.00NitrogenFlow_2410.00MHz.csv,G:\My Drive\MiniChamberData\Data\NafisaData\LAS_0.6Torr_2Nitrogen_Freq_Sweep_4\LAS_DataFrame_4f9f288a_Laser_True_20260807_154812.csv,7f72a6df,1.9089875301630406e-12,587.48410800355,20.890972687879362,1.489307716361139e+17,2606875158743008.5,148930771636.1139,2606875158.7430086
4f9f288a|Scope_TrialNumber_0_65.00W_0.60Torr_0.00NitrogenFlow_2415.00MHz.csv,0.47194200927502494,0.0035459071770199808,0.0002081909872905358,0.0035459071770199803,17.03199174550038,birge,0.00620293867610934,0.0035812683144184686,1.2947020148610662,0.0028079868423775836,0.0006362974119693809,0.0028079868423775836,4.413010000601269,birge,0.004930475970691098,0.002846611628911487,3,41.607527789399256,65,0.6,0.0,2415.0,0,4f9f288a,0.605,65.26666666666667,0.1699673171197563,0.5992341359353123,-0.009,80.0,Scope_TrialNumber_0_65.00W_0.60Torr_0.00NitrogenFlow_2415.00MHz.csv,G:\My Drive\MiniChamberData\Data\NafisaData\LAS_0.6Torr_2Nitrogen_Freq_Sweep_4\LAS_DataFrame_4f9f288a_Laser_True_20260807_154812.csv,7f72a6df,2.0902425704416876e-12,704.3415632506237,3.0551923445637716,1.5954870167170106e+17,1198759328950129.2,159548701671.70105,1198759328.9501293
4f9f288a|Scope_TrialNumber_0_65.00W_0.60Torr_0.00NitrogenFlow_2420.00MHz.csv,0.4569537198759054,0.010905427377091131,0.0001836415528763098,0.010905427377091131,59.38431257132959,birge,0.01884224107157125,0.010878572954807486,1.2501755746692544,0.031892469400551154,0.0005585487325277845,0.031892469400551154,57.09881258922147,birge,0.054644775095568525,0.03154917561123305,3,37.363700716667495,65,0.6,0.0,2420.0,0,4f9f288a,0.605,65.23333333333333,0.1247219128924626,0.5567254485629155,0.003,80.0,Scope_TrialNumber_0_65.00W_0.60Torr_0.00NitrogenFlow_2420.00MHz.csv,G:\My Drive\MiniChamberData\Data\NafisaData\LAS_0.6Torr_2Nitrogen_Freq_Sweep_4\LAS_DataFrame_4f9f288a_Laser_True_20260807_154812.csv,7f72a6df,2.0183564841215564e-12,656.7282348374913,33.50678985961436,1.5448163396653376e+17,3686780886199849.5,154481633966.53375,3686780886.199849
4f9f288a|Scope_TrialNumber_0_65.00W_0.60Torr_0.00NitrogenFlow_2425.00MHz.csv,0.45960528456652355,0.0062102719580331076,0.00017316535627515505,0.006210271958033108,35.8632470813917,birge,0.010662999961019996,0.006156285897863864,1.2263023920952139,0.013192078075653996,0.0005141295528877263,0.013192078075653996,25.65905422389682,birge,0.022639955748038818,0.013071184545571428,3,30.66891639775564,65,0.6,0.0,2425.0,0,4f9f288a,0.605,64.96666666666667,0.0471404520791004,0.5094096444786383,-0.004,80.01,Scope_TrialNumber_0_65.00W_0.60Torr_0.00NitrogenFlow_2425.00MHz.csv,G:\My Drive\MiniChamberData\Data\NafisaData\LAS_0.6Torr_2Nitrogen_Freq_Sweep_4\LAS_DataFrame_4f9f288a_Laser_True_20260807_154812.csv,7f72a6df,1.9798142234813415e-12,631.886126182676,13.59516407251237,1.5537804432092566e+17,2099496990010357.5,155378044320.92566,2099496990.0103574
4f9f288a|Scope_TrialNumber_0_65.00W_0.60Torr_0.00NitrogenFlow_2430.00MHz.csv,0.44040661483903815,0.008825359739281266,0.00016545260339936846,0.008825359739281266,53.34071243338896,birge,0.015000699297317491,0.008660657777338885,1.2000362649213452,0.021377016854797502,0.0005013003932798629,0.021377016854797502,42.64312803533604,birge,0.03648625603248865,0.02106534974207893,3,31.037298914578276,65,0.6,0.0,2430.0,0,4f9f288a,0.605,65.03333333333333,0.1699673171197498,0.5354016242086724,0.007,80.0,Scope_TrialNumber_0_65.00W_0.60Torr_0.00NitrogenFlow_2430.00MHz.csv,G:\My Drive\MiniChamberData\Data\NafisaData\LAS_0.6Torr_2Nitrogen_Freq_Sweep_4\LAS_DataFrame_4f9f288a_Laser_True_20260807_154812.csv,7f72a6df,1.9374086532812e-12,605.1073250911169,21.558330969742933,1.4888757988113248e+17,2983575652337129.0,148887579881.13248,2983575652.3371286
4f9f288a|Scope_TrialNumber_0_65.00W_0.60Torr_0.00NitrogenFlow_2435.00MHz.csv,0.4678018387493874,0.010461082115749485,0.00017464414395636362,0.010461082115749485,59.89941534119391,birge,0.017516427376766227,0.010113114061216512,1.2202998492277237,0.028102100729577716,0.0005071463063501546,0.028102100729577716,55.412216115352855,birge,0.04715176650618648,0.027223085085113147,3,30.93441164512151,65,0.6,0.0,2435.0,0,4f9f288a,0.605,64.96666666666665,0.0942809041582043,0.5321580991907802,-0.002,80.0,Scope_TrialNumber_0_65.00W_0.60Torr_0.00NitrogenFlow_2435.00MHz.csv,G:\My Drive\MiniChamberData\Data\NafisaData\LAS_0.6Torr_2Nitrogen_Freq_Sweep_4\LAS_DataFrame_4f9f288a_Laser_True_20260807_154812.csv,7f72a6df,1.970123367602141e-12,625.7153142778598,28.819006740030183,1.581490406559766e+17,3536561774216287.5,158149040655.9766,3536561774.216287
4f9f288a|Scope_TrialNumber_0_65.00W_0.60Torr_0.00NitrogenFlow_2440.00MHz.csv,0.4434432350897722,0.014472749641571957,0.00015380841539057902,0.014472749641571957,94.09595440418556,birge,0.026021626504582254,0.015023593067172466,1.1771457709759203,0.03501942659289091,0.00045365187605823904,0.03501942659289091,77.19449304866355,birge,0.06271397150958492,0.03620792833300938,3,26.403515482560636,65,0.6,0.0,2440.0,0,4f9f288a,0.605,65.19999999999999,0.2160246899469339,0.5416205010737536,-0.001,80.0,Scope_TrialNumber_0_65.00W_0.60Torr_0.00NitrogenFlow_2440.00MHz.csv,G:\My Drive\MiniChamberData\Data\NafisaData\LAS_0.6Torr_2Nitrogen_Freq_Sweep_4\LAS_DataFrame_4f9f288a_Laser_True_20260807_154812.csv,7f72a6df,1.9004529025725714e-12,582.2428480233841,34.64279646298407,1.4991416537035152e+17,4892779980488547.0,149914165370.3515,4892779980.488546
4f9f288a|Scope_TrialNumber_0_65.00W_0.60Torr_0.00NitrogenFlow_2445.00MHz.csv,0.4467675831079442,0.010895691633088135,0.00016803679656468158,0.010895691633088135,64.84110537595323,birge,0.018693414713998477,0.010792648017200332,1.2059053093735685,0.030479696029580925,0.0005042435981432628,0.030479696029580925,60.44637183657651,birge,0.051914543796001265,0.029972875835477947,3,29.541882560683383,65,0.6,0.0,2445.0,0,4f9f288a,0.605,64.96666666666665,0.205480466765627,0.5586032409271904,-0.005,80.0,Scope_TrialNumber_0_65.00W_0.60Torr_0.00NitrogenFlow_2445.00MHz.csv,G:\My Drive\MiniChamberData\Data\NafisaData\LAS_0.6Torr_2Nitrogen_Freq_Sweep_4\LAS_DataFrame_4f9f288a_Laser_True_20260807_154812.csv,7f72a6df,1.9468839815196968e-12,611.0406228652668,30.888548714216885,1.5103802253877565e+17,3683489538354227.5,151038022538.77563,3683489538.3542275
4f9f288a|Scope_TrialNumber_0_65.00W_0.60Torr_0.00NitrogenFlow_2450.00MHz.csv,0.4157007561965963,0.0011029625564591239,0.00018235889566429342,0.0011029625564591239,6.04830684262083,birge,0.0019305967170887056,0.001114630534307772,1.1823153154885857,0.0035496805196349487,0.0005786955678589828,0.0035496805196349487,6.133934173312935,birge,0.00608396969877139,0.0035125815433271887,3,32.50306172378339,65,0.6,0.0,2450.0,0,4f9f288a,0.605,65.03333333333332,0.2494438257849329,0.6546223037355704,0.004,80.0,Scope_TrialNumber_0_65.00W_0.60Torr_0.00NitrogenFlow_2450.00MHz.csv,G:\My Drive\MiniChamberData\Data\NafisaData\LAS_0.6Torr_2Nitrogen_Freq_Sweep_4\LAS_DataFrame_4f9f288a_Laser_True_20260807_154812.csv,7f72a6df,1.9087989172432332e-12,587.3680238309861,3.526925186091707,1.4053530864310187e+17,372876837444244.25,140535308643.10187,372876837.4442442
4f9f288a|Scope_TrialNumber_0_65.00W_0.60Torr_0.00NitrogenFlow_2455.00MHz.csv,0.4248461409742496,0.005323813178775478,0.00014582026709076046,0.005323813178775478,36.50941864934225,birge,0.009628043511327072,0.005558753513034115,1.2114199572916404,0.017989859137550378,0.00046165121754713736,0.017989859137550378,38.9685079422833,birge,0.03238982255644042,0.01870027277196509,3,21.525151234443737,65,0.6,0.0,2455.0,0,4f9f288a,0.605,65.06666666666666,0.1247219128924626,0.6769265326661257,0.018,79.99,Scope_TrialNumber_0_65.00W_0.60Torr_0.00NitrogenFlow_2455.00MHz.csv,G:\My Drive\MiniChamberData\Data\NafisaData\LAS_0.6Torr_2Nitrogen_Freq_Sweep_4\LAS_DataFrame_4f9f288a_Laser_True_20260807_154812.csv,7f72a6df,1.955787151289297e-12,616.6420223978001,18.314545760054664,1.4362707466283843e+17,1799813248074988.8,143627074662.83844,1799813248.0749886
4f9f288a|Scope_TrialNumber_0_65.00W_0.60Torr_0.00NitrogenFlow_2460.00MHz.csv,0.41533453553169974,0.013948553259690258,0.0001776143326003707,0.013948553259690258,78.53281351496712,birge,0.02573486509032849,0.014858031287459857,1.2115938043284085,0.03917399285854394,0.000575291376818816,0.03917399285854394,68.0941770328004,birge,0.07097409129372872,0.040976910713923356,3,27.501657564951795,65,0.6,0.0,2460.0,0,4f9f288a,0.605,65.16666666666667,0.3299831645537211,0.6907496905279874,0.011,80.0,Scope_TrialNumber_0_65.00W_0.60Torr_0.00NitrogenFlow_2460.00MHz.csv,G:\My Drive\MiniChamberData\Data\NafisaData\LAS_0.6Torr_2Nitrogen_Freq_Sweep_4\LAS_DataFrame_4f9f288a_Laser_True_20260807_154812.csv,7f72a6df,1.956067820101755e-12,616.8190197796922,39.886740571866056,1.4041150099203187e+17,4715565724273670.0,140411500992.03186,4715565724.27367
4f9f288a|Scope_TrialNumber_0_70.00W_0.60Torr_0.00NitrogenFlow_2410.00MHz.csv,0.42865603775533223,0.004170997926133612,0.00015623687104078366,0.004170997926133612,26.696629920633942,birge,0.007098629418449593,0.0040983956056192695,1.209793817213392,0.01633435090567821,0.0004890780822155065,0.01633435090567821,33.39824764112138,birge,0.02814070132611127,0.0162470414858152,3,24.185727896811297,70,0.6,0.0,2410.0,0,4f9f288a,0.605,69.96666666666668,0.124721912892469,0.6497994994171218,-0.005,79.99,Scope_TrialNumber_0_70.00W_0.60Torr_0.00NitrogenFlow_2410.00MHz.csv,G:\My Drive\MiniChamberData\Data\NafisaData\LAS_0.6Torr_2Nitrogen_Freq_Sweep_4\LAS_DataFrame_4f9f288a_Laser_True_20260807_154812.csv,7f72a6df,1.953161815746415e-12,614.9876443496235,16.606836375807493,1.4491508054699082e+17,1410082787103971.2,144915080546.9908,1410082787.1039712
4f9f288a|Scope_TrialNumber_0_70.00W_0.60Torr_0.00NitrogenFlow_2415.00MHz.csv,0.4248577587968355,0.010810365415614651,0.00017413729103048228,0.010810365415614651,62.0795543082287,birge,0.020964522841855716,0.012103872906177456,1.206949618852263,0.029489773312645948,0.0005493032717167706,0.029489773312645948,53.68577765881456,birge,0.05639096912881572,0.032557341206385634,3,32.78972838780085,70,0.6,0.0,2415.0,0,4f9f288a,0.605,70.1,0.0816496580927679,0.6258339969525247,-0.002,79.99,Scope_TrialNumber_0_70.00W_0.60Torr_0.00NitrogenFlow_2415.00MHz.csv,G:\My Drive\MiniChamberData\Data\NafisaData\LAS_0.6Torr_2Nitrogen_Freq_Sweep_4\LAS_DataFrame_4f9f288a_Laser_True_20260807_154812.csv,7f72a6df,1.948569975751595e-12,612.0993988938409,29.911227836256046,1.4363100228206581e+17,3654643436610997.5,143631002282.0658,3654643436.610997
4f9f288a|Scope_TrialNumber_0_70.00W_0.60Torr_0.00NitrogenFlow_2420.00MHz.csv,0.4454860264370996,0.01506971384357037,0.0001790742020856679,0.01506971384357037,84.15346078918235,birge,0.02514572025972572,0.014517888360919672,1.2572827479495312,0.03964231299908461,0.0005626405131954052,0.03964231299908462,70.45762270822618,birge,0.06583059213980863,0.038007310092830975,3,31.205696115577798,70,0.6,0.0,2420.0,0,4f9f288a,0.605,69.96666666666667,0.0942809041582009,0.5874400566501244,0.009,80.0,Scope_TrialNumber_0_70.00W_0.60Torr_0.00NitrogenFlow_2420.00MHz.csv,G:\My Drive\MiniChamberData\Data\NafisaData\LAS_0.6Torr_2Nitrogen_Freq_Sweep_4\LAS_DataFrame_4f9f288a_Laser_True_20260807_154812.csv,7f72a6df,2.0298307198726564e-12,664.2163807170114,41.88568356075124,1.506047686666187e+17,5094594740568161.0,150604768666.61868,5094594740.568161
4f9f288a|Scope_TrialNumber_0_70.00W_0.60Torr_0.00NitrogenFlow_2425.00MHz.csv,0.4351000237029016,0.007595196711229962,0.00018477106610305757,0.007595196711229962,41.10598521412265,birge,0.01498098923855524,0.008649278169606756,1.2402831840874138,0.02141734028015428,0.000586356477748888,0.021417340280154278,36.52614253086914,birge,0.04238713170967383,0.02447222190275631,3,40.10729838943644,70,0.6,0.0,2425.0,0,4f9f288a,0.605,69.89999999999999,0.1414213562373081,0.539513468651678,0.005,80.01,Scope_TrialNumber_0_70.00W_0.60Torr_0.00NitrogenFlow_2425.00MHz.csv,G:\My Drive\MiniChamberData\Data\NafisaData\LAS_0.6Torr_2Nitrogen_Freq_Sweep_4\LAS_DataFrame_4f9f288a_Laser_True_20260807_154812.csv,7f72a6df,2.0023856308439246e-12,646.3762344683346,22.323385401373667,1.4709358886224915e+17,2567696349132873.0,147093588862.24915,2567696349.132873
4f9f288a|Scope_TrialNumber_0_70.00W_0.60Torr_0.00NitrogenFlow_2430.00MHz.csv,0.45904575702731576,0.01844613043985606,0.00020442557413764804,0.01844613043985606,90.233966653485,birge,0.035658307296463,0.02058733331645931,1.2267810329397302,0.044692753658149065,0.00060868821970021,0.044692753658149065,73.42470613306934,birge,0.0858817153128458,0.04958383145433833,3,52.63255798731487,70,0.6,0.0,2430.0,0,4f9f288a,0.605,70.03333333333333,0.0471404520791004,0.4993741288831632,-0.004,80.0,Scope_TrialNumber_0_70.00W_0.60Torr_0.00NitrogenFlow_2430.00MHz.csv,G:\My Drive\MiniChamberData\Data\NafisaData\LAS_0.6Torr_2Nitrogen_Freq_Sweep_4\LAS_DataFrame_4f9f288a_Laser_True_20260807_154812.csv,7f72a6df,1.9805869692233547e-12,632.3794882364609,46.07632483279031,1.551888857152586e+17,6236054652279974.0,155188885715.25858,6236054652.279974
4f9f288a|Scope_TrialNumber_0_70.00W_0.60Torr_0.00NitrogenFlow_2435.00MHz.csv,0.4495795858495098,0.00834451648113148,0.0001627907341191172,0.00834451648113148,51.25916119418463,birge,0.014913593174742988,0.00861036703402243,1.1940918453110219,0.01967990496847372,0.000481745827055062,0.01967990496847372,40.85122042214258,birge,0.03470822186812572,0.020038801238655642,3,28.319791388146943,70,0.6,0.0,2435.0,0,4f9f288a,0.605,70.03333333333333,0.1247219128924639,0.5503782508653234,0.01,79.98,Scope_TrialNumber_0_70.00W_0.60Torr_0.00NitrogenFlow_2435.00MHz.csv,G:\My Drive\MiniChamberData\Data\NafisaData\LAS_0.6Torr_2Nitrogen_Freq_Sweep_4\LAS_DataFrame_4f9f288a_Laser_True_20260807_154812.csv,7f72a6df,1.927811634983982e-12,599.1273343266674,19.7485127293415,1.519886719357286e+17,2821017719290992.0,151988671935.7286,2821017719.290992
4f9f288a|Scope_TrialNumber_0_70.00W_0.60Torr_0.00NitrogenFlow_2440.00MHz.csv,0.4807351163975702,0.0028914497741915316,0.00020356412829420544,0.0028914497741915316,14.204122300038058,birge,0.0049556671213878845,0.002861155746547473,1.2670500680058807,0.00999913069827685,0.0005957783682729207,0.00999913069827685,16.78330605937062,birge,0.017268930155312723,0.009970221473786647,3,39.50728610831634,70,0.6,0.0,2440.0,0,4f9f288a,0.605,69.93333333333334,0.0942809041582009,0.5628797162721285,0.009,80.0,Scope_TrialNumber_0_70.00W_0.60Torr_0.00NitrogenFlow_2440.00MHz.csv,G:\My Drive\MiniChamberData\Data\NafisaData\LAS_0.6Torr_2Nitrogen_Freq_Sweep_4\LAS_DataFrame_4f9f288a_Laser_True_20260807_154812.csv,7f72a6df,2.0455996519872028e-12,674.5765225537486,10.64705963138424,1.625213737320192e+17,977507931811073.4,162521373732.0192,977507931.8110733
4f9f288a|Scope_TrialNumber_0_70.00W_0.60Torr_0.00NitrogenFlow_2445.00MHz.csv,0.45872089639412433,0.020410003473132435,0.00016703628737832355,0.020410003473132435,122.18903924094916,birge,0.033886250249201555,0.019564235703203543,1.2097117389417151,0.04810395536848829,0.0004908306636147221,0.04810395536848829,98.00519595541718,birge,0.08005214130903836,0.04621812533397926,3,30.599091864195948,70,0.6,0.0,2445.0,0,4f9f288a,0.605,70.06666666666666,0.0942809041582009,0.5791727202405471,-0.001,80.0,Scope_TrialNumber_0_70.00W_0.60Torr_0.00NitrogenFlow_2445.00MHz.csv,G:\My Drive\MiniChamberData\Data\NafisaData\LAS_0.6Torr_2Nitrogen_Freq_Sweep_4\LAS_DataFrame_4f9f288a_Laser_True_20260807_154812.csv,7f72a6df,1.9530293037895335e-12,614.9041996999212,48.90309521859764,1.5507906058583315e+17,6899978156755957.0,155079060585.83313,6899978156.755957
4f9f288a|Scope_TrialNumber_0_70.00W_0.60Torr_0.00NitrogenFlow_2450.00MHz.csv,0.44924697756247606,0.009388739260585803,0.00016364646776013554,0.009388739260585803,57.3720862362109,birge,0.015518350197142044,0.008959523663698841,1.2008281581078284,0.02650546246830389,0.0004859466847582041,0.02650546246830389,54.543972208581685,birge,0.043826677807505765,0.025303344229850453,3,26.066214747613675,70,0.6,0.0,2450.0,0,4f9f288a,0.605,70.16666666666667,0.0471404520791071,0.5963873488536491,0.005,79.99,Scope_TrialNumber_0_70.00W_0.60Torr_0.00NitrogenFlow_2450.00MHz.csv,G:\My Drive\MiniChamberData\Data\NafisaData\LAS_0.6Torr_2Nitrogen_Freq_Sweep_4\LAS_DataFrame_4f9f288a_Laser_True_20260807_154812.csv,7f72a6df,1.9386871319045667e-12,605.9061984006316,26.747913750334526,1.518762275690086e+17,3174036491605586.5,151876227569.0086,3174036491.6055865
4f9f288a|Scope_TrialNumber_0_70.00W_0.60Torr_0.00NitrogenFlow_2455.00MHz.csv,0.44101329263014755,0.004636005841741581,0.00017746615461067912,0.004636005841741581,26.1233239200564,birge,0.00817692188819121,0.004720948053289738,1.210103929420374,0.008049304814884627,0.0005423374924308881,0.008049304814884627,14.841874159954703,birge,0.014237599930150514,0.008220082152286597,3,32.329112059899494,70,0.6,0.0,2455.0,0,4f9f288a,0.605,70.0,0.0816496580927679,0.6108464607096674,-0.015,79.98,Scope_TrialNumber_0_70.00W_0.60Torr_0.00NitrogenFlow_2455.00MHz.csv,G:\My Drive\MiniChamberData\Data\NafisaData\LAS_0.6Torr_2Nitrogen_Freq_Sweep_4\LAS_DataFrame_4f9f288a_Laser_True_20260807_154812.csv,7f72a6df,1.9536624790103988e-12,615.3029701785475,8.185678998403569,1.490926784991878e+17,1567287290505320.8,149092678499.1878,1567287290.5053208
4f9f288a|Scope_TrialNumber_0_70.00W_0.60Torr_0.00NitrogenFlow_2460.00MHz.csv,0.4413634441678145,0.012103326217433038,0.00016672799100904745,0.012103326217433036,72.5932469058315,birge,0.020471068756451702,0.011818977057136729,1.2225678707170022,0.0316583846151659,0.0005147424136962844,0.0316583846151659,61.50335346922749,birge,0.0534362571451028,0.030851437447211166,3,30.01017061173697,70,0.6,0.0,2460.0,0,4f9f288a,0.605,69.8,0.2160246899469251,0.6243872254367644,-0.003,80.0,Scope_TrialNumber_0_70.00W_0.60Torr_0.00NitrogenFlow_2460.00MHz.csv,G:\My Drive\MiniChamberData\Data\NafisaData\LAS_0.6Torr_2Nitrogen_Freq_Sweep_4\LAS_DataFrame_4f9f288a_Laser_True_20260807_154812.csv,7f72a6df,1.9737849939942767e-12,628.0433561383259,32.52635473229965,1.492110536853869e+17,4091752685604149.5,149211053685.3869,4091752685.6041493
4f9f288a|Scope_TrialNumber_0_75.00W_0.60Torr_0.00NitrogenFlow_2410.00MHz.csv,0.43988997821607234,0.008419124072095625,0.00015387039651677798,0.008419124072095625,54.71568451555661,birge,0.014845305151003551,0.008570940925134038,1.2300782863136719,0.02094287396039496,0.000478183669002508,0.02094287396039496,43.79671519121896,birge,0.036872817847805536,0.021288531310210565,3,24.507587896662432,75,0.6,0.0,2410.0,0,4f9f288a,0.605,75.06666666666668,0.1247219128924677,0.667525108452289,0.007,80.0,Scope_TrialNumber_0_75.00W_0.60Torr_0.00NitrogenFlow_2410.00MHz.csv,G:\My Drive\MiniChamberData\Data\NafisaData\LAS_0.6Torr_2Nitrogen_Freq_Sweep_4\LAS_DataFrame_4f9f288a_Laser_True_20260807_154812.csv,7f72a6df,1.985910247698738e-12,635.783384215216,21.649242052122936,1.4871292134086637e+17,2846240191627091.5,148712921340.86636,2846240191.6270914
4f9f288a|Scope_TrialNumber_0_75.00W_0.60Torr_0.00NitrogenFlow_2415.00MHz.csv,0.4499324429779789,0.004053883977194757,0.00019238669888186686,0.004053883977194757,21.07153977252868,birge,0.007199538562011364,0.004156655526818352,1.273154448011783,0.012194454615955624,0.0006061376867153781,0.012194454615955622,20.118291410053388,birge,0.020803232278254865,0.012010751755864758,3,34.08634527109415,75,0.6,0.0,2415.0,0,4f9f288a,0.605,75.10000000000001,0.1414213562373115,0.642358053352885,0.003,80.01,Scope_TrialNumber_0_75.00W_0.60Torr_0.00NitrogenFlow_2415.00MHz.csv,G:\My Drive\MiniChamberData\Data\NafisaData\LAS_0.6Torr_2Nitrogen_Freq_Sweep_4\LAS_DataFrame_4f9f288a_Laser_True_20260807_154812.csv,7f72a6df,2.055454919692072e-12,681.0921150453454,13.047194547646624,1.5210796179680566e+17,1370490256382784.0,152107961796.80566,1370490256.382784
4f9f288a|Scope_TrialNumber_0_75.00W_0.60Torr_0.00NitrogenFlow_2420.00MHz.csv,0.44051488336909306,0.015064982408216448,0.00017655670234371462,0.015064982408216448,85.32659597871537,birge,0.02733070287808874,0.015779388663806213,1.253984316749102,0.04366731073490373,0.0005599987438056501,0.04366731073490373,77.9775155175324,birge,0.07952106527153434,0.045911508440766156,3,33.25824893483401,75,0.6,0.0,2420.0,0,4f9f288a,0.605,75.10000000000001,0.0816496580927737,0.6026603787366905,-0.011,80.0,Scope_TrialNumber_0_75.00W_0.60Torr_0.00NitrogenFlow_2420.00MHz.csv,G:\My Drive\MiniChamberData\Data\NafisaData\LAS_0.6Torr_2Nitrogen_Freq_Sweep_4\LAS_DataFrame_4f9f288a_Laser_True_20260807_154812.csv,7f72a6df,2.024505539845382e-12,660.7358617886922,46.01741473963595,1.4892418205483747e+17,5092995191570771.0,148924182054.83746,5092995191.570771
4f9f288a|Scope_TrialNumber_0_75.00W_0.60Torr_0.00NitrogenFlow_2425.00MHz.csv,0.4509164320105936,0.005231648641547844,0.00019374216094736007,0.005231648641547844,27.003150042128865,birge,0.009132737728834642,0.005272788586180932,1.2837325444267322,0.0156610132042145,0.0006144000909426978,0.0156610132042145,25.489926572415058,birge,0.02735476923187115,0.0157932833796409,3,38.34187360084465,75,0.6,0.0,2425.0,0,4f9f288a,0.605,75.0,0.0816496580927737,0.5588780799605649,0.005,80.01,Scope_TrialNumber_0_75.00W_0.60Torr_0.00NitrogenFlow_2425.00MHz.csv,G:\My Drive\MiniChamberData\Data\NafisaData\LAS_0.6Torr_2Nitrogen_Freq_Sweep_4\LAS_DataFrame_4f9f288a_Laser_True_20260807_154812.csv,7f72a6df,2.0725328165262227e-12,692.4569392969527,16.895384193165132,1.524406174399302e+17,1768655326199310.0,152440617439.9302,1768655326.1993098
4f9f288a|Scope_TrialNumber_0_75.00W_0.60Torr_0.00NitrogenFlow_2430.00MHz.csv,0.4345591953086027,0.01138012214942218,0.00016429395620530423,0.01138012214942218,69.26683374281527,birge,0.01958844582044511,0.011309394467440385,1.2329450216178666,0.03040583120974828,0.0005178134604297663,0.03040583120974828,58.71966167992726,birge,0.051704458415087695,0.029851582984254693,3,25.23134449531376,75,0.6,0.0,2430.0,0,4f9f288a,0.605,75.10000000000001,0.0816496580927737,0.520908130357086,0.004,80.0,Scope_TrialNumber_0_75.00W_0.60Torr_0.00NitrogenFlow_2430.00MHz.csv,G:\My Drive\MiniChamberData\Data\NafisaData\LAS_0.6Torr_2Nitrogen_Freq_Sweep_4\LAS_DataFrame_4f9f288a_Laser_True_20260807_154812.csv,7f72a6df,1.9905384726510713e-12,638.7502628810221,31.504620786509303,1.4691075184744278e+17,3847260210200072.0,146910751847.44278,3847260210.200072
4f9f288a|Scope_TrialNumber_0_75.00W_0.60Torr_0.00NitrogenFlow_2435.00MHz.csv,0.4585799992018668,0.014482459249446255,0.00017101959721131194,0.014482459249446253,84.68303916978425,birge,0.02463197932898462,0.014221279896262567,1.2594360062914718,0.03551009620688984,0.0005230218044749448,0.03551009620688984,67.89410289029534,birge,0.06014280539162362,0.03472346488267317,3,27.849453982805343,75,0.6,0.0,2435.0,0,4f9f288a,0.605,74.93333333333334,0.2054804667656377,0.5640634051922728,-0.004,80.01,Scope_TrialNumber_0_75.00W_0.60Torr_0.00NitrogenFlow_2435.00MHz.csv,G:\My Drive\MiniChamberData\Data\NafisaData\LAS_0.6Torr_2Nitrogen_Freq_Sweep_4\LAS_DataFrame_4f9f288a_Laser_True_20260807_154812.csv,7f72a6df,2.0333070659351634e-12,666.4934408148758,37.5838805407632,1.550314276910027e+17,4896062492533756.0,155031427691.0027,4896062492.533755
4f9f288a|Scope_TrialNumber_0_75.00W_0.60Torr_0.00NitrogenFlow_2440.00MHz.csv,0.4625305436244225,0.01274199697352297,0.00015857681942053068,0.01274199697352297,80.35220418775334,birge,0.022319788642909715,0.012886335981239477,1.2257787500583177,0.033969534749757585,0.00046597740555127693,0.033969534749757585,72.8995319195139,birge,0.05924259217295685,0.034203726538547856,3,26.521927813380938,75,0.6,0.0,2440.0,0,4f9f288a,0.605,74.93333333333334,0.249443825784933,0.5744179592934322,0.001,80.01,Scope_TrialNumber_0_75.00W_0.60Torr_0.00NitrogenFlow_2440.00MHz.csv,G:\My Drive\MiniChamberData\Data\NafisaData\LAS_0.6Torr_2Nitrogen_Freq_Sweep_4\LAS_DataFrame_4f9f288a_Laser_True_20260807_154812.csv,7f72a6df,1.97896882518534e-12,631.3465993978893,34.99253066080244,1.5636698210473965e+17,4307667115612965.0,156366982104.73965,4307667115.612965
4f9f288a|Scope_TrialNumber_0_75.00W_0.60Torr_0.00NitrogenFlow_2445.00MHz.csv,0.46945287553427023,0.0010631984798428421,0.0001669316544852446,0.0010631984798428421,6.369064531956821,birge,0.0018903817675769673,0.0010914124223817226,1.2307157868984244,0.0016189981090777817,0.00048753358690222887,0.0016189981090777817,3.320792972161853,birge,0.0028633576956807838,0.0016531603363874872,3,30.16232614146253,75,0.6,0.0,2445.0,0,4f9f288a,0.605,75.0,0.0,0.590886198302757,-0.002,80.0,Scope_TrialNumber_0_75.00W_0.60Torr_0.00NitrogenFlow_2445.00MHz.csv,G:\My Drive\MiniChamberData\Data\NafisaData\LAS_0.6Torr_2Nitrogen_Freq_Sweep_4\LAS_DataFrame_4f9f288a_Laser_True_20260807_154812.csv,7f72a6df,1.9869394658861173e-12,636.4425573952159,1.674471568380921,1.5870720409610973e+17,359433857856460.5,158707204096.1097,359433857.8564605
4f9f288a|Scope_TrialNumber_0_75.00W_0.60Torr_0.00NitrogenFlow_2450.00MHz.csv,0.47629576846394034,0.015350444757100628,0.00017557156765016552,0.015350444757100628,87.43126784450145,birge,0.026220629758056377,0.015138487649135363,1.2556337896707854,0.0390245488952051,0.0005150854258985681,0.0390245488952051,75.76325582717983,birge,0.06670187907493806,0.03851034783936936,3,33.3914061309861,75,0.6,0.0,2450.0,0,4f9f288a,0.605,74.93333333333332,0.1699673171197563,0.6070747248759285,0.009,80.01,Scope_TrialNumber_0_75.00W_0.60Torr_0.00NitrogenFlow_2450.00MHz.csv,G:\My Drive\MiniChamberData\Data\NafisaData\LAS_0.6Torr_2Nitrogen_Freq_Sweep_4\LAS_DataFrame_4f9f288a_Laser_True_20260807_154812.csv,7f72a6df,2.027168545293831e-12,662.4752499051247,41.17888192315069,1.6102057027490032e+17,5189501004245913.0,161020570274.9003,5189501004.245913
4f9f288a|Scope_TrialNumber_0_75.00W_0.60Torr_0.00NitrogenFlow_2455.00MHz.csv,0.46544413863936923,0.010048768875579712,0.00019465016585714886,0.010048768875579712,51.62476400330616,birge,0.017400436348832083,0.010046146610015152,1.2467696236731016,0.028801448990116482,0.0005803672558548726,0.028801448990116482,49.6262473452131,birge,0.04984863032894246,0.028780120139149074,3,39.73302214877999,75,0.6,0.0,2455.0,0,4f9f288a,0.605,74.89999999999999,0.0816496580927737,0.6234871081486327,-0.002,79.99,Scope_TrialNumber_0_75.00W_0.60Torr_0.00NitrogenFlow_2455.00MHz.csv,G:\My Drive\MiniChamberData\Data\NafisaData\LAS_0.6Torr_2Nitrogen_Freq_Sweep_4\LAS_DataFrame_4f9f288a_Laser_True_20260807_154812.csv,7f72a6df,2.0128577178546627e-12,653.1547571469237,30.176871594284886,1.5735197664367885e+17,3397171677852130.5,157351976643.67883,3397171677.8521304
4f9f288a|Scope_TrialNumber_0_75.00W_0.60Torr_0.00NitrogenFlow_2460.00MHz.csv,0.4331947565953646,0.011263131965292236,0.00018816789599524758,0.011263131965292236,59.856820451330876,birge,0.019066439722731903,0.011008014106407038,1.1790799922788322,0.03149015773379987,0.0005705435670552408,0.03149015773379987,55.19325701336135,birge,0.05343562723404286,0.030851073767891146,3,41.38330304319504,75,0.6,0.0,2460.0,0,4f9f288a,0.605,74.8,0.294392028877591,0.6386835935645738,0.001,80.0,Scope_TrialNumber_0_75.00W_0.60Torr_0.00NitrogenFlow_2460.00MHz.csv,G:\My Drive\MiniChamberData\Data\NafisaData\LAS_0.6Torr_2Nitrogen_Freq_Sweep_4\LAS_DataFrame_4f9f288a_Laser_True_20260807_154812.csv,7f72a6df,1.9035756224429312e-12,584.1578389987335,31.202670916250494,1.4644947817201354e+17,3807709520455501.0,146449478172.01352,3807709520.4555006
4f9f288a|Scope_TrialNumber_0_80.00W_0.60Torr_0.00NitrogenFlow_2410.00MHz.csv,0.44610899481067107,0.007310823729491457,0.0001840922234868917,0.007310823729491456,39.712833008462326,birge,0.012225287114393319,0.0070582728064154466,1.2505258101756744,0.01587369118676149,0.0005748157446980807,0.01587369118676149,27.6152686024616,birge,0.026429214322491824,0.015258914003560968,3,37.01770496365084,80,0.6,0.0,2410.0,0,4f9f288a,0.605,80.13333333333333,0.0942809041582043,0.6798470184081667,-0.0,79.99,Scope_TrialNumber_0_80.00W_0.60Torr_0.00NitrogenFlow_2410.00MHz.csv,G:\My Drive\MiniChamberData\Data\NafisaData\LAS_0.6Torr_2Nitrogen_Freq_Sweep_4\LAS_DataFrame_4f9f288a_Laser_True_20260807_154812.csv,7f72a6df,2.0189219247841922e-12,657.0962499692025,16.68185153335599,1.5081537461657117e+17,2471558817115780.5,150815374616.57117,2471558817.1157804
4f9f288a|Scope_TrialNumber_0_80.00W_0.60Torr_0.00NitrogenFlow_2415.00MHz.csv,0.4467183049383388,0.00115228692786251,0.0002057086041087275,0.00115228692786251,5.601549496945045,birge,0.0021041299478753756,0.0012148199918158014,1.2710957213168377,0.00341598000047461,0.0006516648107688808,0.00341598000047461,5.241927972824238,birge,0.005710637124166665,0.0032970378808818944,3,45.25732998473459,80,0.6,0.0,2415.0,0,4f9f288a,0.605,79.96666666666667,0.0942809041582009,0.6577173533896362,0.001,79.98,Scope_TrialNumber_0_80.00W_0.60Torr_0.00NitrogenFlow_2415.00MHz.csv,G:\My Drive\MiniChamberData\Data\NafisaData\LAS_0.6Torr_2Nitrogen_Freq_Sweep_4\LAS_DataFrame_4f9f288a_Laser_True_20260807_154812.csv,7f72a6df,2.0521311910430972e-12,678.8912055849357,3.648944358610071,1.5102136314455606e+17,389551851033884.2,151021363144.55606,389551851.03388417
4f9f288a|Scope_TrialNumber_0_80.00W_0.60Torr_0.00NitrogenFlow_2420.00MHz.csv,0.4336637532364375,0.02044870225808829,0.00017282820196574126,0.02044870225808829,118.31808712643853,birge,0.03507331301892602,0.020249586712848947,1.2531218301329206,0.054730081806694864,0.0005547069932405097,0.054730081806694864,98.66484914309528,birge,0.09416381911394266,0.05436550631335802,3,31.72829806073701,80,0.6,0.0,2420.0,0,4f9f288a,0.605,80.06666666666668,0.0471404520791038,0.6220372863542416,0.003,80.0,Scope_TrialNumber_0_80.00W_0.60Torr_0.00NitrogenFlow_2420.00MHz.csv,G:\My Drive\MiniChamberData\Data\NafisaData\LAS_0.6Torr_2Nitrogen_Freq_Sweep_4\LAS_DataFrame_4f9f288a_Laser_True_20260807_154812.csv,7f72a6df,2.0231130910649784e-12,659.8272701092319,57.63589716976827,1.466080311376343e+17,6913060994847576.0,146608031137.6343,6913060994.847576
4f9f288a|Scope_TrialNumber_0_80.00W_0.60Torr_0.00NitrogenFlow_2425.00MHz.csv,0.41816186379828196,0.007022571458037448,0.0001708694102339667,0.007022571458037448,41.09905598914187,birge,0.01192118298428882,0.006882698205037937,1.2114976375509767,0.019533327302499782,0.0005500036720646613,0.019533327302499785,35.51490343541442,birge,0.033221338385634645,0.019180348659785813,3,31.36195131968723,80,0.6,0.0,2425.0,0,4f9f288a,0.605,79.96666666666667,0.0471404520791004,0.579820807245325,-0.002,80.01,Scope_TrialNumber_0_80.00W_0.60Torr_0.00NitrogenFlow_2425.00MHz.csv,G:\My Drive\MiniChamberData\Data\NafisaData\LAS_0.6Torr_2Nitrogen_Freq_Sweep_4\LAS_DataFrame_4f9f288a_Laser_True_20260807_154812.csv,7f72a6df,1.95591256283812e-12,616.7211071903392,19.88714607064524,1.413673314654111e+17,2374109819653033.0,141367331465.4111,2374109819.653033
4f9f288a|Scope_TrialNumber_0_80.00W_0.60Torr_0.00NitrogenFlow_2430.00MHz.csv,0.428532412761047,0.015286155741861773,0.0001840198783687691,0.015286155741861773,83.0679591648728,birge,0.026893740178537025,0.015527108131594206,1.2273658597403756,0.040440866422388595,0.0005858556659840971,0.0404408664223886,69.02871947898231,birge,0.07034715204388112,0.0406149471692583,3,35.435726921972886,80,0.6,0.0,2430.0,0,4f9f288a,0.605,80.0,0.0816496580927679,0.5421341953871245,-0.005,80.0,Scope_TrialNumber_0_80.00W_0.60Torr_0.00NitrogenFlow_2430.00MHz.csv,G:\My Drive\MiniChamberData\Data\NafisaData\LAS_0.6Torr_2Nitrogen_Freq_Sweep_4\LAS_DataFrame_4f9f288a_Laser_True_20260807_154812.csv,7f72a6df,1.9815311477764216e-12,632.9825634643844,41.712685901462336,1.448732868372876e+17,5167766916770062.0,144873286837.2876,5167766916.7700615
4f9f288a|Scope_TrialNumber_0_80.00W_0.60Torr_0.00NitrogenFlow_2435.00MHz.csv,0.44969966147037815,0.009817726120288072,0.0001994257908503106,0.009817726120288072,49.229972103544405,birge,0.017414367358555397,0.010054189682228992,1.2569091346218937,0.025014711542674366,0.0006200437762302881,0.025014711542674366,40.34346041622672,birge,0.04468536986814719,0.025799110322212774,3,40.446743930877865,80,0.6,0.0,2435.0,0,4f9f288a,0.605,79.93333333333334,0.2357022603955158,0.5242827752718519,0.001,80.01,Scope_TrialNumber_0_80.00W_0.60Torr_0.00NitrogenFlow_2435.00MHz.csv,G:\My Drive\MiniChamberData\Data\NafisaData\LAS_0.6Torr_2Nitrogen_Freq_Sweep_4\LAS_DataFrame_4f9f288a_Laser_True_20260807_154812.csv,7f72a6df,2.029227536689693e-12,663.8216831501678,26.422447673227033,1.520292657142765e+17,3319063412614077.0,152029265714.27652,3319063412.6140766
4f9f288a|Scope_TrialNumber_0_80.00W_0.60Torr_0.00NitrogenFlow_2440.00MHz.csv,0.44555795204879756,0.010146729081309237,0.0001817980048659624,0.010146729081309237,55.8132037190964,birge,0.019801090611464907,0.011432164994777436,1.2226208835599564,0.027266167180983347,0.0005549012881257486,0.027266167180983347,49.136968618469744,birge,0.053277878826377925,0.03075999768226156,3,40.02775652319364,80,0.6,0.0,2440.0,0,4f9f288a,0.605,80.13333333333333,0.0942809041582043,0.5867234572334704,-0.001,79.98,Scope_TrialNumber_0_80.00W_0.60Torr_0.00NitrogenFlow_2440.00MHz.csv,G:\My Drive\MiniChamberData\Data\NafisaData\LAS_0.6Torr_2Nitrogen_Freq_Sweep_4\LAS_DataFrame_4f9f288a_Laser_True_20260807_154812.csv,7f72a6df,1.9738705810249993e-12,628.0978236021908,28.01493168427347,1.5062908444639206e+17,3430288932371701.0,150629084446.39206,3430288932.371701
4f9f288a|Scope_TrialNumber_0_80.00W_0.60Torr_0.00NitrogenFlow_2445.00MHz.csv,0.4646095373893459,0.015108595977588051,0.00017437645872397145,0.015108595977588051,86.6435531960432,birge,0.027695459791230042,0.015989981165797123,1.2281513323493414,0.037776049120516464,0.0005120726877648028,0.037776049120516464,73.77087281379703,birge,0.0688819812176824,0.03976903039834368,3,31.880974444668183,80,0.6,0.0,2445.0,0,4f9f288a,0.605,79.76666666666667,0.4496912521077358,0.6035249195134421,0.006,80.0,Scope_TrialNumber_0_80.00W_0.60Torr_0.00NitrogenFlow_2445.00MHz.csv,G:\My Drive\MiniChamberData\Data\NafisaData\LAS_0.6Torr_2Nitrogen_Freq_Sweep_4\LAS_DataFrame_4f9f288a_Laser_True_20260807_154812.csv,7f72a6df,1.9827992606443487e-12,633.7929975401613,38.98899879303517,1.5706982429606445e+17,5107739563192186.0,157069824296.06445,5107739563.192185
4f9f288a|Scope_TrialNumber_0_80.00W_0.60Torr_0.00NitrogenFlow_2450.00MHz.csv,0.4702773114620361,0.013161444726153314,0.0001936384151279135,0.013161444726153314,67.96918223824099,birge,0.02184616427531811,0.012612888825115697,1.2396572341411254,0.03245992338982611,0.0005680110053160235,0.03245992338982611,57.14664519883101,birge,0.05414272329328987,0.03125931586804033,3,36.50826573868296,80,0.6,0.0,2450.0,0,4f9f288a,0.605,79.89999999999999,0.1414213562373115,0.6193873959811357,0.007,80.0,Scope_TrialNumber_0_80.00W_0.60Torr_0.00NitrogenFlow_2450.00MHz.csv,G:\My Drive\MiniChamberData\Data\NafisaData\LAS_0.6Torr_2Nitrogen_Freq_Sweep_4\LAS_DataFrame_4f9f288a_Laser_True_20260807_154812.csv,7f72a6df,2.001375060682081e-12,645.7239687966587,33.81604201686586,1.5898591986902557e+17,4449469165517543.5,158985919869.02557,4449469165.517543
4f9f288a|Scope_TrialNumber_0_80.00W_0.60Torr_0.00NitrogenFlow_2455.00MHz.csv,0.44840070454859277,0.006649009312772181,0.00017847621352272747,0.006649009312772181,37.254316312159354,birge,0.011293470913837856,0.006520288472189496,1.1984052278442796,0.02030878911357884,0.0005299674564741841,0.02030878911357884,38.32082303447651,birge,0.03452310672828093,0.01993192496283518,3,33.847905936655096,80,0.6,0.0,2455.0,0,4f9f288a,0.605,80.13333333333334,0.1699673171197563,0.6337921490393713,0.001,80.0,Scope_TrialNumber_0_80.00W_0.60Torr_0.00NitrogenFlow_2455.00MHz.csv,G:\My Drive\MiniChamberData\Data\NafisaData\LAS_0.6Torr_2Nitrogen_Freq_Sweep_4\LAS_DataFrame_4f9f288a_Laser_True_20260807_154812.csv,7f72a6df,1.9347754117373396e-12,603.4635718142831,20.453205865513475,1.5159012936632416e+17,2247820245723546.5,151590129366.32416,2247820245.7235465
4f9f288a|Scope_TrialNumber_0_80.00W_0.60Torr_0.00NitrogenFlow_2460.00MHz.csv,0.456456265945281,0.007552601964697328,0.00019529222107323818,0.007552601964697329,38.67333743859139,birge,0.013272130863119508,0.007662668326541989,1.2326201676285051,0.023121186447431812,0.0005873349017634908,0.023121186447431812,39.36627361665338,birge,0.040599711364279534,0.023440254285187898,3,42.14374493739573,80,0.6,0.0,2460.0,0,4f9f288a,0.605,80.10000000000001,0.2160246899469295,0.6489240306886669,0.013,80.0,Scope_TrialNumber_0_80.00W_0.60Torr_0.00NitrogenFlow_2460.00MHz.csv,G:\My Drive\MiniChamberData\Data\NafisaData\LAS_0.6Torr_2Nitrogen_Freq_Sweep_4\LAS_DataFrame_4f9f288a_Laser_True_20260807_154812.csv,7f72a6df,1.9900140093923856e-12,638.4137138353817,23.950415376675824,1.543134604892573e+17,2553296409365365.5,154313460489.2573,2553296409.3653655
