folder_label,trial,power,pressure,n2_flow,period,fwhm,fwhm_err,area,area_err,A,A_err,sigma,sigma_err,offset,slope,Chi^2,sigma_noise,n_points,Fluctuations
LAS_1.0Torr_SmallAdmixture_1kHzLaserFreq_CapCoupling_3%_N2_Trial,0,30.0,1.0,0.0,0,0.9888524259827228,0.0005588198317375181,0.40087902857497393,0.00021360335797851812,0.38084621506385746,0.0001808749286598058,0.41992696132741064,0.00023730893276397835,0.004114263945485643,-0.0006424572711094392,95.41144095542758,0.00046778848777116126,17986,0.11267194293478261
LAS_1.0Torr_SmallAdmixture_1kHzLaserFreq_CapCoupling_3%_N2_Trial,0,30.0,1.0,0.0,2,1.0009405398104023,0.0005553795094109207,0.40462709175517114,0.00020942819394294547,0.3797645902509201,0.00017800019634267206,0.4250603106265162,0.00023584796238797998,0.002840880173164646,-0.0006856249968328655,92.9741742690833,0.0004680604114073899,18859,0.11268761614766447
LAS_1.0Torr_SmallAdmixture_1kHzLaserFreq_CapCoupling_3%_N2_Trial,0,30.0,1.0,0.0,4,1.0028248644931994,0.0007367653494345412,0.4001307646435971,0.0002737247017142113,0.3748388875965497,0.0002340659046391645,0.42586050964247646,0.000312875436485788,0.0006855762250657848,-0.0006549754885739823,159.64398395541363,0.00046493909606603446,18877,0.11265741775489703
LAS_1.0Torr_SmallAdmixture_1kHzLaserFreq_CapCoupling_3%_N2_Trial,0,30.0,1.0,0.0,6,0.9993409414332696,0.0006161395771082174,0.3908931270070302,0.0002334131180824772,0.36746175431500877,0.00018854582560916969,0.4243810237398142,0.00026165038742912496,-0.0009700788138963124,-0.0006415844508193148,105.9884106092136,0.0004546318886595267,16611,0.11269531171395514
LAS_1.0Torr_SmallAdmixture_1kHzLaserFreq_CapCoupling_3%_N2_Trial,0,30.0,1.0,0.0,8,1.0240996572376502,0.00048693440633556937,0.39401772338411084,0.00017466048531692362,0.3614442551556325,0.00014558460824077375,0.4348950822797122,0.0002067820033055518,-6.842465476520338e-05,-0.0005188147137391381,69.36029796039708,0.00044936270348040053,19017,0.11269241016031123
LAS_1.0Torr_SmallAdmixture_1kHzLaserFreq_CapCoupling_3%_N2_Trial,0,30.0,1.0,0.13,0,1.082787986043189,0.0004870178317694342,0.42584689168098294,0.000178887893341963,0.36946886206726975,0.0001399886765957444,0.4598177208182199,0.00020681743082539173,0.0004886313235662544,-0.0005587886942287877,59.51539384273955,0.00046582954856086634,18699,0.10998691728182829
LAS_1.0Torr_SmallAdmixture_1kHzLaserFreq_CapCoupling_3%_N2_Trial,0,30.0,1.0,0.13,2,1.073329093870919,0.0005124312842080915,0.41992960970094356,0.00018792725200405505,0.3675457341420993,0.00014753129263355634,0.4558008991539786,0.00021760953041375888,0.0018281771079015736,-0.000554651466922517,62.83791681088712,0.0004778809141222465,18613,0.1100060597055389
LAS_1.0Torr_SmallAdmixture_1kHzLaserFreq_CapCoupling_3%_N2_Trial,0,30.0,1.0,0.13,4,1.0916163400048602,0.0005281953062402393,0.42119676957101027,0.00019139970899633674,0.362478952084129,0.00014723963670314585,0.4635667775583731,0.0002243038941998208,0.003811893579402428,-0.0007335626857112433,66.15112569972804,0.0004653114187950965,18579,0.11001197447447446
LAS_1.0Torr_SmallAdmixture_1kHzLaserFreq_CapCoupling_3%_N2_Trial,0,30.0,1.0,0.13,6,1.1001577182035893,0.0005047571479438518,0.4209639380663105,0.0001813206299301165,0.3594659291700936,0.00013853770319719377,0.46719396691271586,0.0002143506247999591,0.002687610142259457,-0.000609128594043125,57.6158468677424,0.00047196819832510923,18588,0.11000091237070404
LAS_1.0Torr_SmallAdmixture_1kHzLaserFreq_CapCoupling_3%_N2_Trial,0,30.0,1.0,0.13,8,1.0700221250542121,0.0005143028548237869,0.41664837360404566,0.00018783786297756693,0.3658008606629414,0.00014779121866903582,0.4543965587995277,0.00021840431327610317,0.003363643831149099,-0.0007523430466870383,64.59451174506076,0.00047169173195172617,18591,0.1100029458698373
LAS_1.0Torr_SmallAdmixture_1kHzLaserFreq_CapCoupling_3%_N2_Trial,0,30.0,1.0,0.26,0,1.1355185597382598,0.0008293510122182237,0.41133226454877836,0.0002802918170230175,0.34030343223816667,0.00020920465715334465,0.4822103337086786,0.0003521929473839363,0.012268840954056559,-0.0004461075413048949,134.7588769670836,0.00047120845296750387,17441,0.10795371648431433
LAS_1.0Torr_SmallAdmixture_1kHzLaserFreq_CapCoupling_3%_N2_Trial,0,30.0,1.0,0.26,2,1.0597313053102058,0.0008359043911008814,0.36854095537089515,0.00027063546939228825,0.3267065061380414,0.00021751110632788515,0.4500264500238182,0.0003549759111592305,0.013177625136607826,-0.0005125073645567446,143.23363667364694,0.00046969360192056605,17374,0.10797254599241743
LAS_1.0Torr_SmallAdmixture_1kHzLaserFreq_CapCoupling_3%_N2_Trial,0,30.0,1.0,0.26,4,1.1261321610179291,0.0007993145707345882,0.38583928854751565,0.00025614261622093734,0.3218732434751206,0.000192039166089928,0.4782242971789925,0.00033943764510637283,0.014100936322469261,-0.0006179384700699392,116.42934998334378,0.0004684849753695975,17368,0.10797776789591476
LAS_1.0Torr_SmallAdmixture_1kHzLaserFreq_CapCoupling_3%_N2_Trial,0,30.0,1.0,0.26,6,1.0708595053064893,0.0007191195775984154,0.40473140651360634,0.0002527441596027104,0.355060369035621,0.00020111513762320103,0.45475216145122255,0.000305381967134123,0.012969013652654125,-0.0006233865582452379,116.90444599156739,0.00047688483415779406,17426,0.10804035871162773
LAS_1.0Torr_SmallAdmixture_1kHzLaserFreq_CapCoupling_3%_N2_Trial,0,30.0,1.0,0.26,8,0.9855123260695445,0.0007931257981789465,0.3879919542597749,0.000289570752770836,0.36985240673838243,0.000251459090305921,0.4185085514917094,0.00033680951538210747,0.011310997600082756,-0.0006939004875577545,194.2167211409287,0.0004540177599963078,17480,0.1080092047466346
LAS_1.0Torr_SmallAdmixture_1kHzLaserFreq_CapCoupling_3%_N2_Trial,0,30.0,1.0,0.39,0,1.0534105129891527,0.0007722184932983432,0.42217302520327105,0.00029030777407782203,0.37649622160306295,0.00023195775847574497,0.44734225666713645,0.00032793100047192523,0.015503524256711905,-0.000815866682973959,153.07279893196687,0.0004747381739476886,16588,0.10669282152363624
LAS_1.0Torr_SmallAdmixture_1kHzLaserFreq_CapCoupling_3%_N2_Trial,0,30.0,1.0,0.39,2,1.069914425062785,0.0007720376341921021,0.4101432159176281,0.00027243730641322796,0.36012583587343405,0.00022026008876325695,0.45435082282422273,0.00032785419668106963,0.013466215742038953,-0.0005871063546072138,145.4213410018369,0.0004703965123981129,18774,0.10672780699445057
LAS_1.0Torr_SmallAdmixture_1kHzLaserFreq_CapCoupling_3%_N2_Trial,0,30.0,1.0,0.39,4,1.1100717036241696,0.00081004240127237,0.39129730906434607,0.00026366995014872084,0.33114913026768006,0.00020442502853474612,0.4714040488854341,0.00034399333527913964,0.013046011462196059,-0.000718198834850482,128.38531581901682,0.0004746750247800943,18708,0.10677227859817146
LAS_1.0Torr_SmallAdmixture_1kHzLaserFreq_CapCoupling_3%_N2_Trial,0,30.0,1.0,0.39,6,1.0794036581625672,0.0008296681779911512,0.4010963716590634,0.0002840997844898992,0.3490861653453323,0.00022689740570477416,0.4583805290940526,0.0003523276352865626,0.010517093992194092,-0.0006030923450070154,151.23987286953957,0.00047638053745063016,18706,0.10674263891674605
LAS_1.0Torr_SmallAdmixture_1kHzLaserFreq_CapCoupling_3%_N2_Trial,0,30.0,1.0,0.39,8,1.1507478473120816,0.0008279914260688894,0.41198692400028786,0.0002738296794067272,0.33633421574214495,0.00020450003962312247,0.48867761667832976,0.0003516155843059367,0.00975543559895893,-0.0006810440738803935,133.9765577584956,0.00046519782604722144,18710,0.10671772102575673
LAS_1.0Torr_SmallAdmixture_1kHzLaserFreq_CapCoupling_3%_N2_Trial,0,30.0,1.0,0.52,0,1.0703152470109758,0.0007786880371797107,0.42592037822150774,0.0002864222673803186,0.3738389060387144,0.0002299983134790325,0.45452103623353884,0.00033067836280010793,0.007777044740826042,-0.0008022373061467287,151.50643609684337,0.0004766627434729665,18009,0.10389084299375982
LAS_1.0Torr_SmallAdmixture_1kHzLaserFreq_CapCoupling_3%_N2_Trial,0,30.0,1.0,0.52,2,1.0940682887680033,0.0007599317352150061,0.43763134542785764,0.0002795401088878814,0.37577837182848195,0.00022116257695461392,0.46460802432723647,0.0003227132947244036,0.005428102968285875,-0.0009066848363766407,137.57702171331107,0.00048325509098633693,18789,0.1039014914725179
LAS_1.0Torr_SmallAdmixture_1kHzLaserFreq_CapCoupling_3%_N2_Trial,0,30.0,1.0,0.52,4,1.084397840025607,0.0007988494662304298,0.43319950241650657,0.0002935175107128605,0.3752900888059644,0.00023408839709713333,0.4605013628594939,0.00033924013340897585,0.0017312285948589627,-0.0008968779510645193,151.61653712878172,0.00048707240996941433,18829,0.10377904950205037
LAS_1.0Torr_SmallAdmixture_1kHzLaserFreq_CapCoupling_3%_N2_Trial,0,30.0,1.0,0.52,6,1.0990436391436273,0.000775505037477071,0.4387516139798749,0.0002847651749975951,0.3750348098857141,0.00022410683049565677,0.46672086109628075,0.0003293266672812268,-0.0018998044926491256,-0.000748236646494294,140.88510642936845,0.000484360330412662,18874,0.10379129320445225
LAS_1.0Torr_SmallAdmixture_1kHzLaserFreq_CapCoupling_3%_N2_Trial,0,30.0,1.0,0.52,8,1.0827160247130136,0.0008308669613580387,0.4294164133081289,0.0003038779816491358,0.37259057549654523,0.00024129433783578877,0.459787161654972,0.0003528367117102227,-0.002700291787058702,-0.0006026287079941978,164.75916109057775,0.00048307177536373075,18737,0.10390421112645408
LAS_1.0Torr_SmallAdmixture_1kHzLaserFreq_CapCoupling_3%_N2_Trial,0,30.0,1.0,0.65,0,1.1100273199316204,0.0007807337939352659,0.42469883109301526,0.0002747805716526994,0.3594307157895203,0.0002142063455211389,0.47138520086660435,0.00033154711570539764,-0.005032877871615226,-0.0007340278669347322,128.27624655762753,0.00048717139845274953,18678,0.10147064657719254
LAS_1.0Torr_SmallAdmixture_1kHzLaserFreq_CapCoupling_3%_N2_Trial,0,30.0,1.0,0.65,2,1.107405290468514,0.0008146176022142159,0.426832075313875,0.00028873377851788845,0.36209142826556884,0.0002257612175789025,0.47027172747459756,0.0003459362442294436,-0.00746219911695733,-0.0005839246539567674,142.6844857744263,0.0004840501379965008,18644,0.10150682015674872
LAS_1.0Torr_SmallAdmixture_1kHzLaserFreq_CapCoupling_3%_N2_Trial,0,30.0,1.0,0.65,4,1.0811203510886533,0.0007627997605111256,0.4150192474237831,0.0002691444047391888,0.36063011117603594,0.00021582579837518365,0.45910954145731514,0.0003239312329282895,-0.007704860225956261,-0.000752803881709695,129.38930985478993,0.0004883912186870421,18793,0.1014170703608075
LAS_1.0Torr_SmallAdmixture_1kHzLaserFreq_CapCoupling_3%_N2_Trial,0,30.0,1.0,0.65,6,1.1245956723049446,0.0007772186860765648,0.42953139717494115,0.00027299390526334526,0.35881145269841325,0.00021011471655524799,0.4775718104990753,0.00033005438683801836,-0.010784122051893746,-0.0005429514140465662,121.91512822863794,0.0004908362571753685,18776,0.10137766709699522
LAS_1.0Torr_SmallAdmixture_1kHzLaserFreq_CapCoupling_3%_N2_Trial,0,30.0,1.0,0.65,8,1.1083174671818894,0.0008510016025457651,0.4247213920010255,0.0002999613466906644,0.36000434940496184,0.00023424246804153116,0.4706590932587899,0.00036138710656107926,-0.009785223518413102,-0.0005543965244636427,147.0385097429227,0.000496494792254994,18723,0.10142592238627628
LAS_1.0Torr_SmallAdmixture_1kHzLaserFreq_CapCoupling_3%_N2_Trial,0,30.0,1.0,0.78,0,1.1750523461414306,0.001336930296573797,0.33166168894027825,0.0003506336581006064,0.26515870167837075,0.00025270573075911076,0.4989987870287502,0.0005677420231728263,-0.018456869765269234,-0.00039503142324232065,203.85319686764257,0.00047527960642423803,17425,0.09897601150705271
LAS_1.0Torr_SmallAdmixture_1kHzLaserFreq_CapCoupling_3%_N2_Trial,0,30.0,1.0,0.78,2,0.9350241785523262,0.0012792547131696625,0.3398540619399853,0.0004250176603320015,0.34145809533849963,0.0003978835788498213,0.39706820932044395,0.0005432494580080956,-0.018503878990047642,-0.0003966111081268795,406.24941886623327,0.00047779019555080907,17507,0.09891479614920572
LAS_1.0Torr_SmallAdmixture_1kHzLaserFreq_CapCoupling_3%_N2_Trial,0,30.0,1.0,0.78,4,1.0700541853988208,0.0010152482875024405,0.37565501477334673,0.0003282450816983893,0.3298004247112205,0.0002643316941418762,0.4544101735743281,0.00043113625164045054,-0.01998666045520426,-0.0005921271944742825,191.90706122353356,0.0004856783564989968,17423,0.09887510106659293
LAS_1.0Torr_SmallAdmixture_1kHzLaserFreq_CapCoupling_3%_N2_Trial,0,30.0,1.0,0.78,6,1.096385705456772,0.0010111246112458555,0.3327852677172249,0.00028334942174981407,0.2851468098677532,0.00022283120556754795,0.46559214058429776,0.00042938508756942676,-0.0237594202469594,-0.00041657794874895126,135.91220300540687,0.0004992632360316724,17440,0.09892925390860648
LAS_1.0Torr_SmallAdmixture_1kHzLaserFreq_CapCoupling_3%_N2_Trial,0,30.0,1.0,0.78,8,1.185325768246008,0.0010344846858016175,0.39496815194198753,0.0003184847490119486,0.31303445497727694,0.0002309139930087304,0.5033615077072394,0.0004393051978577078,-0.024346644985797188,-0.0004929628167115316,147.90482296660716,0.0004968653532508632,17488,0.09895649737750518
LAS_1.0Torr_SmallAdmixture_1kHzLaserFreq_CapCoupling_3%_N2_Trial,0,30.0,1.0,0.91,0,1.024758362859369,0.0009069181818424341,0.3390622573041407,0.00027609059593899877,0.3108320320731801,0.00023306648841905177,0.43517480880196124,0.0003851326914581766,-0.006101711517872134,-0.0005808180524313338,140.39263660724262,0.0004912564456955634,16879,0.09668105876598185
LAS_1.0Torr_SmallAdmixture_1kHzLaserFreq_CapCoupling_3%_N2_Trial,0,30.0,1.0,0.91,1,1.0765298073069194,0.0008231850196894628,0.34688044853559213,0.00024345570502666382,0.30270636483499125,0.00019678946955504093,0.4571601170028135,0.00034957449144639146,-0.007953781274081868,-0.0005522879391810866,112.75622600049896,0.00047433123713906347,18433,0.09669377604166667
LAS_1.0Torr_SmallAdmixture_1kHzLaserFreq_CapCoupling_3%_N2_Trial,0,30.0,1.0,0.91,2,1.0791505083914439,0.0007623196471354334,0.3531095809589619,0.00022888184709595337,0.30739391886431283,0.00018418112299596728,0.45827302628437605,0.00032372734754999686,-0.01104057433930842,-0.0005978176957601475,89.25845973888433,0.0004980302151678295,18441,0.0966666171875
LAS_1.0Torr_SmallAdmixture_1kHzLaserFreq_CapCoupling_3%_N2_Trial,0,30.0,1.0,0.91,3,1.0728888539293857,0.0008486178655341487,0.36513262070477104,0.00026523875567092454,0.31971549923654863,0.00021455718352155512,0.45561394646412773,0.0003603748266560196,-0.014220522768826687,-0.0003807936666239075,128.94284783852007,0.0004854641600318958,18392,0.09667222760416666
LAS_1.0Torr_SmallAdmixture_1kHzLaserFreq_CapCoupling_3%_N2_Trial,0,30.0,1.0,0.91,4,1.0777466640195499,0.0008003457401411167,0.35780561989700976,0.0002434503421101724,0.31188770894065265,0.00019644782797031146,0.4576768684697454,0.0003398755424347502,-0.012999038260999261,-0.0004220888272567659,105.35861428395884,0.0004836106099629559,18465,0.09672753749999999
LAS_1.0Torr_SmallAdmixture_1kHzLaserFreq_CapCoupling_3%_N2_Trial,0,30.0,1.0,1.04,0,1.1222663361102874,0.0008532685754113267,0.3706553418391264,0.00025917477117087855,0.31027166588610827,0.00019938132491168696,0.47658263249391414,0.00036234980129877065,-0.010952945956417779,-0.0007647520787351244,108.04277803551541,0.0004943965609704861,18223,0.09498966231129533
LAS_1.0Torr_SmallAdmixture_1kHzLaserFreq_CapCoupling_3%_N2_Trial,0,30.0,1.0,1.04,2,1.110648761613341,0.0008154826939187145,0.3657002748488032,0.0002469060609570697,0.3093259389445733,0.00019213089498653038,0.47164910285055084,0.0003463036148513831,-0.016053066765020062,-0.0006946256632686739,102.44941403879837,0.0004893070548085879,18266,0.09494299913542502
LAS_1.0Torr_SmallAdmixture_1kHzLaserFreq_CapCoupling_3%_N2_Trial,0,30.0,1.0,1.04,4,1.0835915802318443,0.0008669061905677514,0.3560880433182844,0.00026390451477943113,0.3087162991067526,0.0002082342665105055,0.4601589758497247,0.0003681411632269156,-0.020786591121945357,-0.0007041938100785052,113.88277814090418,0.0005004102576150278,16535,0.09490987309761273
LAS_1.0Torr_SmallAdmixture_1kHzLaserFreq_CapCoupling_3%_N2_Trial,0,30.0,1.0,1.04,6,1.1009255896704269,0.0007943908280281431,0.3625096215340706,0.0002405098823912292,0.30933521352551757,0.0001886928595716129,0.467520051901018,0.0003373467240965763,-0.02358315724326849,-0.0003902374024670324,98.1485471733458,0.0004899537141764091,18266,0.09495412291802402
LAS_1.0Torr_SmallAdmixture_1kHzLaserFreq_CapCoupling_3%_N2_Trial,0,30.0,1.0,1.04,8,1.0966643813142116,0.0007434260598437845,0.362959638372987,0.00022608606494615015,0.3109226676463316,0.00017865394034994532,0.4657104833247664,0.00031570397976377583,-0.02248063251183408,-0.0003846880299607218,78.44232753477048,0.0005178777098307378,18129,0.09497751337680796
LAS_1.0Torr_SmallAdmixture_1kHzLaserFreq_CapCoupling_3%_N2_Trial,0,30.0,1.0,1.17,0,1.1172759104341372,0.0008297709314802878,0.3605884469595852,0.0002456380413037979,0.30319299483564355,0.00019024793693547712,0.47446339383417846,0.0003523712706757523,-0.023885918775065046,-0.0006390088882786994,97.26309526004725,0.0004976045128404601,19172,0.09267376248289146
LAS_1.0Torr_SmallAdmixture_1kHzLaserFreq_CapCoupling_3%_N2_Trial,0,30.0,1.0,1.17,2,1.1533922431301293,0.000722228055554952,0.37467462968081017,0.00021517409384911806,0.3051722574012734,0.00016259102283814152,0.489800588186759,0.00030670201618122363,-0.026956041577031808,-0.0005633543757615611,71.4278905060184,0.0004934512999795321,18630,0.09273467964824121
LAS_1.0Torr_SmallAdmixture_1kHzLaserFreq_CapCoupling_3%_N2_Trial,0,30.0,1.0,1.17,4,1.0811487347862363,0.0009086511240518877,0.3469595512598971,0.0002691327656676602,0.3014818647675667,0.00021234127316698478,0.4591215949038801,0.0003858686042567407,-0.029124440678597478,-0.0005427966817154197,120.97340560753905,0.000500586136009503,17874,0.09274179857621441
LAS_1.0Torr_SmallAdmixture_1kHzLaserFreq_CapCoupling_3%_N2_Trial,0,30.0,1.0,1.17,6,1.1479058144178211,0.0008298523611807816,0.36866102557407004,0.00024449723450912586,0.3017093443363868,0.00018455961047224382,0.4874707164312143,0.00035240585068566245,-0.030876125707735874,-0.00032568935092835565,99.2976466740241,0.0004784596489675931,19153,0.09278010783082076
LAS_1.0Torr_SmallAdmixture_1kHzLaserFreq_CapCoupling_3%_N2_Trial,0,30.0,1.0,1.17,8,1.100018509048102,0.000809062193069331,0.35349806750915186,0.00023869531835458746,0.3018942498101743,0.0001878036830454899,0.46713485022743834,0.0003435770791813085,-0.028860703902422798,-0.0003327349578181121,94.72442110641413,0.0004967378099210321,18618,0.09273447018191251
LAS_1.0Torr_SmallAdmixture_1kHzLaserFreq_CapCoupling_3%_N2_Trial,0,30.0,1.0,1.3,0,1.0492583724965543,0.0007432397362209198,0.32866616330792586,0.00021339975354488702,0.2942661732819931,0.00017722524590439126,0.44557900494802516,0.000315624855406372,-0.040256793863294296,-0.0002356947206044987,76.9730224290862,0.0005145117337803339,18785,0.09097653610463546
LAS_1.0Torr_SmallAdmixture_1kHzLaserFreq_CapCoupling_3%_N2_Trial,0,30.0,1.0,1.3,2,1.1020109938329044,0.0006273646950120334,0.34757278306477624,0.00018168012544924012,0.29629725229578574,0.00014299036904643123,0.4679809806096757,0.0002664172561023821,-0.04011260470388808,-0.00017105141326940768,54.09795504767764,0.0005022421472601253,18793,0.09094310736729509
LAS_1.0Torr_SmallAdmixture_1kHzLaserFreq_CapCoupling_3%_N2_Trial,0,30.0,1.0,1.3,4,1.0681116420042305,0.0008233953255955827,0.33206905646294094,0.00023500449860363535,0.2920650224901027,0.00019109070641161577,0.4535852513478126,0.00034966380014178996,-0.03798332894877595,-0.00027406065955211747,92.62586324801453,0.0005079968074538999,18812,0.09097029860693276
LAS_1.0Torr_SmallAdmixture_1kHzLaserFreq_CapCoupling_3%_N2_Trial,0,30.0,1.0,1.3,6,1.0809833740611028,0.0005706883784797298,0.3385072279800068,0.0001639285473440982,0.2941824238045355,0.0001316954892365708,0.45905137266949647,0.0002423490405069273,-0.03817229434559235,-0.00021649639534154351,44.87788612106018,0.0005032449853782432,18704,0.09092570029415697
LAS_1.0Torr_SmallAdmixture_1kHzLaserFreq_CapCoupling_3%_N2_Trial,0,30.0,1.0,1.3,8,1.065141677642662,0.00093101896656415,0.33035486964489924,0.00026524229819833447,0.2913675112509295,0.00021633827964576908,0.4523240236086333,0.00039536735239227745,-0.037984151767734356,-0.00036549082597552766,124.45578735763398,0.0004953933542611087,18706,0.09097123266933933
LAS_1.0Torr_SmallAdmixture_1kHzLaserFreq_CapCoupling_3%_N2_Trial,0,30.0,1.0,1.43,0,1.0649304117943639,0.0005576932445139748,0.2899819271533175,0.00014106464600591078,0.255809984858989,0.00011338866877353025,0.4522343072633253,0.00023683051521953774,-0.03587754306022133,-0.00039972845457010087,33.41904752049045,0.0005022194435693419,17025,0.08912056624202208
LAS_1.0Torr_SmallAdmixture_1kHzLaserFreq_CapCoupling_3%_N2_Trial,0,30.0,1.0,1.43,2,1.1316993585163295,0.0006402713218331739,0.3188567696881204,0.00016761948697296516,0.26468684793060004,0.0001263999746180418,0.4805884682799426,0.00027189819586607045,-0.04192081233939036,-0.000119577069293198,46.306186375963975,0.00048470424088937526,18386,0.08911581850087741
LAS_1.0Torr_SmallAdmixture_1kHzLaserFreq_CapCoupling_3%_N2_Trial,0,30.0,1.0,1.43,4,1.1318281652762003,0.0006308366471933633,0.3197505750222018,0.00016553554071873896,0.2653985996082743,0.00012482133334969434,0.48064316747453406,0.00026789165844096264,-0.04369844992270497,-0.00016471333265113792,42.852179381128316,0.0004919503819454337,17152,0.08908246627769154
LAS_1.0Torr_SmallAdmixture_1kHzLaserFreq_CapCoupling_3%_N2_Trial,0,30.0,1.0,1.43,6,1.1214750661198416,0.0004974890297883833,0.3151240145857485,0.00012970446762728256,0.2639730972705459,9.883075124797663e-05,0.47624661106751454,0.00021126413920170484,-0.04406938868185117,0.00010994029374858361,24.260974533302363,0.0005163506737548704,17167,0.08912601886863324
LAS_1.0Torr_SmallAdmixture_1kHzLaserFreq_CapCoupling_3%_N2_Trial,0,30.0,1.0,1.43,8,1.0668652635026554,0.0005617498585452577,0.29016647143870633,0.00014189554550184713,0.2555085535387102,0.00011349919624952116,0.45305596313141355,0.00023855320058559917,-0.03985144665283378,5.4246949209238854e-05,30.53554004107937,0.0005296026597449417,17053,0.08910088781906812
LAS_1.0Torr_SmallAdmixture_1kHzLaserFreq_CapCoupling_3%_N2_Trial,0,30.0,1.0,1.57,0,1.115259708656522,0.0005672880823565674,0.32171491975276006,0.00015191645893595466,0.27099606162020046,0.00011637456646727463,0.47360719177242444,0.00024090506769450893,-0.022190599548362906,-0.00019339319580572456,35.1726673729326,0.0005033131792226075,17402,0.0877407938118184
LAS_1.0Torr_SmallAdmixture_1kHzLaserFreq_CapCoupling_3%_N2_Trial,0,30.0,1.0,1.57,2,1.1120007561400824,0.0005531433647568574,0.32382385676674,0.0001494895884291456,0.27357193877721553,0.00011490462256386092,0.4722232420632666,0.00023489835918633328,-0.02418753435799505,-0.00013184030389892416,35.56333257564562,0.0004933374737927306,17524,0.08773908797200114
LAS_1.0Torr_SmallAdmixture_1kHzLaserFreq_CapCoupling_3%_N2_Trial,0,30.0,1.0,1.57,4,1.1643785305433056,0.0005552159716929475,0.33294039954459564,0.00014749206634385632,0.2686210838767409,0.00010803981942881697,0.49446603488887925,0.00023577851431345802,-0.025143145773824403,-0.00026603839226668535,29.353068815993343,0.0005124653585236014,17438,0.08776405418314395
LAS_1.0Torr_SmallAdmixture_1kHzLaserFreq_CapCoupling_3%_N2_Trial,0,30.0,1.0,1.57,6,1.1183917454819174,0.0005829227352204811,0.3214964430924064,0.00015565723216398995,0.270053623723952,0.00011876311947937267,0.47493724534998105,0.00024754449345313766,-0.028175744714305846,-0.00018587678165887117,38.621437824408446,0.0004916093797945843,17457,0.08779800833458477
LAS_1.0Torr_SmallAdmixture_1kHzLaserFreq_CapCoupling_3%_N2_Trial,0,30.0,1.0,1.57,8,1.1289073047619196,0.0005815823007913109,0.3265664385691121,0.00015621960309368142,0.2717571983721937,0.00011812211165892862,0.4794027922193445,0.0002469752633618622,-0.029829589683690132,-0.0001326900829044103,35.64813380631431,0.0005075771929678165,17425,0.08779184603961222
LAS_1.0Torr_SmallAdmixture_1kHzLaserFreq_CapCoupling_3%_N2_Trial,0,30.0,1.0,1.7,0,1.1053843454739951,0.00047276248128869905,0.31066063181081544,0.00012325983199475905,0.2640223554299763,9.531559485494779e-05,0.46941351115408353,0.0002007637408583744,-0.03697102333032633,-0.0001709637010633797,23.72302801797939,0.0005039747422774766,17255,0.08592087959918386
LAS_1.0Torr_SmallAdmixture_1kHzLaserFreq_CapCoupling_3%_N2_Trial,0,30.0,1.0,1.7,1,1.1639199169135122,0.0005360408508140095,0.32949941869955135,0.00014065639732520056,0.26594960077414415,0.0001034256333893098,0.4942712796120329,0.000227635590220638,-0.03946093760895443,-0.00015697261420461923,30.444786025784342,0.00048325245045130623,18464,0.08597605260416667
LAS_1.0Torr_SmallAdmixture_1kHzLaserFreq_CapCoupling_3%_N2_Trial,0,30.0,1.0,1.7,2,1.1263249083272526,0.000546759774061941,0.3170916046005136,0.00014311891356088975,0.264477569413622,0.00010805222671741643,0.4783061494248701,0.00023218749781567913,-0.0419125391345905,-0.00023159905336153462,31.470878555160887,0.0004980544371015058,17354,0.08596155625000002
LAS_1.0Torr_SmallAdmixture_1kHzLaserFreq_CapCoupling_3%_N2_Trial,0,30.0,1.0,1.7,3,1.1262777067521361,0.0005628296533515953,0.3158584385743778,0.00014663266819401883,0.2634600598144812,0.00011062190696303555,0.47828610476149297,0.00023901174722002933,-0.04494620387754327,-5.764320646306602e-05,33.72537576214897,0.0004920222180546616,17193,0.08593967604166666
LAS_1.0Torr_SmallAdmixture_1kHzLaserFreq_CapCoupling_3%_N2_Trial,0,30.0,1.0,1.7,4,1.1402816055001168,0.0005007851474664337,0.3200104872243553,0.00013038811725452158,0.26364520818657294,9.771354653810888e-05,0.48423301300933597,0.00021266387150184628,-0.04432821131983949,1.5494283553584978e-05,25.51483393711893,0.0004966021117065785,17114,0.0859344859375
LAS_1.0Torr_SmallAdmixture_1kHzLaserFreq_CapCoupling_3%_N2_Trial,0,30.0,1.0,1.83,0,1.1693889085861475,0.0005962030270684329,0.31820810483275525,0.00015096174800816758,0.2556348481410577,0.00010981381438173906,0.49659374653861427,0.000253184114143464,-0.04348466498536135,2.1084225740322848e-05,33.94237516956628,0.0004870557590547649,16779,0.08467969026548673
LAS_1.0Torr_SmallAdmixture_1kHzLaserFreq_CapCoupling_3%_N2_Trial,0,30.0,1.0,1.83,3,1.1484720737974858,0.0006553886283393984,0.3139863641611283,0.00016649392475274859,0.2568373251958944,0.00012376917341800066,0.4877111846490977,0.0002783179248547567,-0.0428636690916143,0.00014206610459155164,43.13667202097692,0.00048387499008027327,16841,0.08470172492725266
LAS_1.0Torr_SmallAdmixture_1kHzLaserFreq_CapCoupling_3%_N2_Trial,0,30.0,1.0,1.83,6,1.152817422611398,0.0006183853749136062,0.31524250738371046,0.00015720795715834437,0.2568928587114499,0.00011633917938229686,0.4895564843878533,0.0002626040899467028,-0.04109265501141592,-8.956181920280132e-05,37.09119699776471,0.0004930299599559781,16791,0.08471497779951837
LAS_1.0Torr_SmallAdmixture_1kHzLaserFreq_CapCoupling_3%_N2_Trial,0,30.0,1.0,1.83,9,1.13519733383015,0.0005705898731183947,0.30975004273367684,0.00014459106800119548,0.25633493715231415,0.00010879582558094374,0.4820739216253912,0.00024230720913151368,-0.043520709721786094,7.215970979263452e-05,34.500172281147066,0.0004779782794710525,18355,0.08470170559067497
LAS_1.0Torr_SmallAdmixture_1kHzLaserFreq_CapCoupling_3%_N2_Trial,0,30.0,1.0,1.83,12,1.1426445623622716,0.0005749706123524047,0.313861412927042,0.0001468516785225435,0.2580444710115601,0.00010952993678623967,0.4852364683974201,0.00024416753779792457,-0.044362964784897006,-0.0001749121005805719,32.74579654793359,0.0004939325358944668,16919,0.08464510641900365
LAS_1.0Torr_SmallAdmixture_1kHzLaserFreq_CapCoupling_3%_N2_Trial,0,30.0,1.0,1.96,0,1.1230281786315266,0.0008034348752593392,0.2701360093322284,0.0001796980040634633,0.22597459468478562,0.00013631429046491022,0.47690615722475166,0.000341187377334721,-0.055738375969247,-7.216056143628121e-05,55.29999100765322,0.0004717402561858933,16679,0.08338927947653521
LAS_1.0Torr_SmallAdmixture_1kHzLaserFreq_CapCoupling_3%_N2_Trial,0,30.0,1.0,1.96,2,1.1413395442657066,0.0008383492119407509,0.27704438043409807,0.00018945430904265,0.22803539940560363,0.00014029032285853635,0.48468227823782856,0.0003560141309777803,-0.059069626020808924,-0.00011669361945727087,59.18965235172893,0.00047209203229498984,19160,0.08342364308113158
LAS_1.0Torr_SmallAdmixture_1kHzLaserFreq_CapCoupling_3%_N2_Trial,0,30.0,1.0,1.96,4,1.1349322339885104,0.0007282143549313122,0.2723979516847969,0.00016240144386459897,0.22547671375480147,0.0001222502923430607,0.4819613440880125,0.0003092441634629203,-0.06341435034579126,2.4271679686514128e-05,43.0908074806841,0.00048056693254154874,19129,0.08338023960835336
LAS_1.0Torr_SmallAdmixture_1kHzLaserFreq_CapCoupling_3%_N2_Trial,0,30.0,1.0,1.96,6,1.12991908502945,0.0007595581785128907,0.27377741091130603,0.0001710106849402599,0.22762400359778864,0.00012955031710527127,0.47983245573850186,0.0003225546597990284,-0.06579143110116291,0.0003242082043748266,48.088001221964525,0.00048307794728927924,19032,0.08341651966671672
LAS_1.0Torr_SmallAdmixture_1kHzLaserFreq_CapCoupling_3%_N2_Trial,0,30.0,1.0,1.96,8,1.0928680579989978,0.0008331473353065829,0.26001486102236077,0.00018424793638122122,0.22351065315932092,0.00014387568735442876,0.46409833324849004,0.0003538050973638764,-0.06342703795859084,0.00027253026333395365,61.72508349630577,0.00047208126909407613,19093,0.08336450409931775
LAS_1.0Torr_SmallAdmixture_1kHzLaserFreq_CapCoupling_3%_N2_Trial,0,30.0,1.0,2.09,0,1.170501906568678,0.0007953742527897983,0.288828881386464,0.00018243884869665713,0.23181219681648058,0.00013286032950645792,0.49706639326373414,0.0003377643461410847,-0.057733531580082174,-8.188315907832191e-05,50.50481776976381,0.00048560093620118834,18647,0.08228384573553217
LAS_1.0Torr_SmallAdmixture_1kHzLaserFreq_CapCoupling_3%_N2_Trial,0,30.0,1.0,2.09,2,1.1844597293161283,0.0007641500451591809,0.2953772023811751,0.00017721622158621675,0.23427419972741562,0.00012746906771680816,0.502993734835717,0.0003245046460223833,-0.06101324755497306,-4.112727279373973e-05,46.35850828857242,0.0004869590516185182,18711,0.082286023957498
LAS_1.0Torr_SmallAdmixture_1kHzLaserFreq_CapCoupling_3%_N2_Trial,0,30.0,1.0,2.09,4,1.153651841660468,0.0007796704304171945,0.28418208105838777,0.00017871876078133598,0.23141404646001337,0.00013178568106861759,0.48991082953232873,0.00033109554679663315,-0.063169617178606,3.763083901171772e-05,50.00730617176164,0.0004840224191828376,18697,0.08226671877088346
LAS_1.0Torr_SmallAdmixture_1kHzLaserFreq_CapCoupling_3%_N2_Trial,0,30.0,1.0,2.09,6,1.1953958125705668,0.0008554142542056144,0.2905061932779262,0.00019344854450240053,0.22830291422181084,0.0001377254558823782,0.5076378617945966,0.0003632609871869728,-0.06431258301786073,0.00032934813653351716,56.500246974630144,0.00047818496286640704,18685,0.08233476541616547
LAS_1.0Torr_SmallAdmixture_1kHzLaserFreq_CapCoupling_3%_N2_Trial,0,30.0,1.0,2.09,8,1.171124619969856,0.0008131287980457674,0.288151791366498,0.00018624248254919826,0.23114579790897083,0.00013535896678977183,0.4973308352972101,0.0003453040073111321,-0.06181206336381063,0.00032378826399989886,54.22288657732189,0.00047799167916829163,18676,0.08238765291286473
LAS_1.0Torr_SmallAdmixture_1kHzLaserFreq_CapCoupling_3%_N2_Trial,0,30.0,1.0,2.22,0,1.1642561245637204,0.000985618891300655,0.2808209615307986,0.00022095108642501408,0.22659419550072918,0.00016180514144198679,0.4944140538554056,0.0004185538055786768,-0.04220451348806286,1.4523070736364662e-05,81.5223851289174,0.00046298244747893636,18682,0.081181890294396
LAS_1.0Torr_SmallAdmixture_1kHzLaserFreq_CapCoupling_3%_N2_Trial,0,30.0,1.0,2.22,2,1.1856072398173374,0.0009769415901402325,0.28160142967920565,0.00021564635897398712,0.22313197144150546,0.00015514340859719173,0.503481037678085,0.00041486889505707114,-0.043645531705310416,-7.285671843320508e-05,70.2914334458446,0.00047863987131980645,18739,0.08123436428165103
LAS_1.0Torr_SmallAdmixture_1kHzLaserFreq_CapCoupling_3%_N2_Trial,0,30.0,1.0,2.22,4,1.1394360455704138,0.0009084832502931808,0.27201378089149275,0.00020136112325171406,0.22426873985856857,0.00015097192030637228,0.4838739367684626,0.00038579731483525764,-0.04618639212238818,-0.00017624223275395303,66.77827382748359,0.00047584625040640957,18738,0.08123264516304439
LAS_1.0Torr_SmallAdmixture_1kHzLaserFreq_CapCoupling_3%_N2_Trial,0,30.0,1.0,2.22,6,1.1498388761480547,0.0009514536391680466,0.2735090553521456,0.00021031761689623823,0.22346139793124153,0.00015589728612241157,0.4882916121656092,0.00040404515885439634,-0.050110079487629834,0.00010449725392954121,76.97620718490009,0.00045958337000810153,18773,0.08122330921966237
LAS_1.0Torr_SmallAdmixture_1kHzLaserFreq_CapCoupling_3%_N2_Trial,0,30.0,1.0,2.22,8,1.1522520432457328,0.0009338128810640431,0.27615268595847414,0.00020775017341069334,0.2251487678612881,0.00015404674517703886,0.4893163898775071,0.00039655381863872745,-0.04926720857556707,8.121132276886951e-05,67.46704060817711,0.00048261790801244254,18720,0.08121605315882816
LAS_1.0Torr_SmallAdmixture_1kHzLaserFreq_CapCoupling_3%_N2_Trial,0,30.0,1.0,2.35,0,1.1732727568176011,0.0011458076175064346,0.26495613358989734,0.0002462639533263675,0.21214987535346852,0.000173107746731835,0.4982430650246061,0.0004865796942421455,-0.052115690273190574,0.00020474191984022052,90.70488843790494,0.0004670579954757798,17387,0.08019367225264509
LAS_1.0Torr_SmallAdmixture_1kHzLaserFreq_CapCoupling_3%_N2_Trial,0,30.0,1.0,2.35,2,1.147169835473908,0.001076831826994456,0.2603702978554655,0.00023236135724337523,0.2132217536651918,0.00016720108760010907,0.4871581749504051,0.0004572883729551841,-0.05447566255256882,0.00011541600678822187,81.82397612673397,0.0004743751583896358,17365,0.08015271255947909
LAS_1.0Torr_SmallAdmixture_1kHzLaserFreq_CapCoupling_3%_N2_Trial,0,30.0,1.0,2.35,4,1.1673639480345628,0.0011178490218101986,0.2640148317079549,0.00024059653462289702,0.21246619398659397,0.00016974682762770804,0.49573382496802215,0.0004747067718270195,-0.05743548468920741,2.9182425769119464e-05,87.90453335802225,0.00046518308662682494,17441,0.08015541263898628
LAS_1.0Torr_SmallAdmixture_1kHzLaserFreq_CapCoupling_3%_N2_Trial,0,30.0,1.0,2.35,6,1.1979892553276947,0.0011535324127813157,0.2707824265798546,0.0002483704968912322,0.2123417257830776,0.00017046236959039127,0.5087391955303106,0.0004898601127570047,-0.061272395575875084,0.0003549134652272164,88.06584362966211,0.0004696513487961874,17372,0.08024473897292063
LAS_1.0Torr_SmallAdmixture_1kHzLaserFreq_CapCoupling_3%_N2_Trial,0,30.0,1.0,2.35,8,1.1594200462367654,0.0011375903602326746,0.26339470331331355,0.0002457702558500895,0.2134194626940502,0.00017491085884623303,0.492360360479914,0.00048309014637155565,-0.0596431907207025,0.00022199606753357971,89.80909762618433,0.00047303423758894477,18566,0.08028048359294133
LAS_1.0Torr_SmallAdmixture_1kHzLaserFreq_CapCoupling_3%_N2_Trial,0,30.0,1.0,2.48,0,1.1157057741291045,0.001214948677859999,0.24361703579625457,0.0002524811217027487,0.2051283864081051,0.00018662148917244315,0.4737966183375345,0.0005159411991688015,-0.06479711641565158,0.0004260316790859795,101.1770727989364,0.0004741566812559898,17418,0.07944875170265363
LAS_1.0Torr_SmallAdmixture_1kHzLaserFreq_CapCoupling_3%_N2_Trial,0,30.0,1.0,2.48,2,1.1565274813173472,0.0012733925332290925,0.2504786158551048,0.0002624786036925872,0.20346161509568753,0.000187061385445864,0.4911320012575088,0.000540760019397727,-0.06341932549244604,0.0005274299584341154,102.30911924497647,0.0004745859857043684,17281,0.07943361306719461
LAS_1.0Torr_SmallAdmixture_1kHzLaserFreq_CapCoupling_3%_N2_Trial,0,30.0,1.0,2.48,4,1.2021537397160076,0.0012751326586325617,0.25632613228542067,0.00025916386727490236,0.20030909210556438,0.00017738946399111608,0.5105076892192871,0.0005414989826179276,-0.060901043871697313,0.0001651273925624102,93.18692630340001,0.00047475837403693964,17300,0.07941573524366569
LAS_1.0Torr_SmallAdmixture_1kHzLaserFreq_CapCoupling_3%_N2_Trial,0,30.0,1.0,2.48,6,1.1286917049665492,0.0012606737232983745,0.24524109160377114,0.00026112484536326756,0.20412006459142595,0.0001901281517462597,0.4793112354161716,0.0005353588381237877,-0.06309182201133488,0.0004150364302240475,104.41411642405238,0.0004778137501442946,17285,0.0793759052741239
LAS_1.0Torr_SmallAdmixture_1kHzLaserFreq_CapCoupling_3%_N2_Trial,0,30.0,1.0,2.48,8,1.14913544645143,0.0011751423917519355,0.24582669587143943,0.00023969114733385464,0.20096739937344965,0.00017152958180189701,0.4879928930774525,0.0004990370258787612,-0.06338087303149499,0.000115182747162893,84.55200295596838,0.0004812693093939405,17196,0.07941579015630752
LAS_1.0Torr_SmallAdmixture_1kHzLaserFreq_CapCoupling_3%_N2_Trial,0,30.0,1.0,2.61,0,1.1574612064135674,0.0013721895747400307,0.22701071787378585,0.0002574951820890247,0.18425008963868794,0.000182231329100344,0.4915285177973568,0.0005827152599773271,-0.07223200087335056,0.0003928740813104503,102.13277473188415,0.00046527371208001983,17225,0.07837886934885291
LAS_1.0Torr_SmallAdmixture_1kHzLaserFreq_CapCoupling_3%_N2_Trial,0,30.0,1.0,2.61,2,1.0955612525522636,0.0015347172622692993,0.22896144314647027,0.00030484674899705085,0.1963330800314188,0.00023077432098322584,0.4652420276717428,0.0006517344140618306,-0.07236045521764925,0.0004479788593218485,145.50655178438507,0.0004809234166526856,17066,0.07838492110787708
LAS_1.0Torr_SmallAdmixture_1kHzLaserFreq_CapCoupling_3%_N2_Trial,0,30.0,1.0,2.61,4,1.0921622175132082,0.0014461705673707627,0.22555357704729015,0.0002837636023530262,0.194012789697805,0.000215191757354147,0.4637985903924365,0.0006141320949014411,-0.0712530927230922,0.000313429407949195,136.08462981065418,0.0004621311111678289,17072,0.07842353287415735
LAS_1.0Torr_SmallAdmixture_1kHzLaserFreq_CapCoupling_3%_N2_Trial,0,30.0,1.0,2.61,6,1.1829554993374845,0.0014647043927801331,0.2314204883996685,0.0002740498179559235,0.18378124450098648,0.00019050630727900775,0.5023549471789625,0.0006220026858828962,-0.07318946642610533,0.00038417359825742046,112.81516708727901,0.00046425622535910244,17095,0.07847099517405197
LAS_1.0Torr_SmallAdmixture_1kHzLaserFreq_CapCoupling_3%_N2_Trial,0,30.0,1.0,2.61,8,1.1815500165925215,0.001376718707125909,0.23685613394881977,0.00026450069855055435,0.18832167813081788,0.00018280528739926467,0.5017580936113496,0.0005846386054131855,-0.0736613338036685,0.0002393470781025317,90.32403538739327,0.0004985818869556299,17044,0.07843445555444038
LAS_1.0Torr_SmallAdmixture_1kHzLaserFreq_CapCoupling_3%_N2_Trial,0,30.0,1.0,2.74,0,1.142977308086092,0.001366091008140102,0.2173880615063093,0.00024803245291155697,0.1786758560108676,0.00017854417802596882,0.48537777249601677,0.0005801254371954131,-0.06328804933066244,6.592964745968864e-05,90.52907579390029,0.0004799312005087205,17132,0.07763693984854618
LAS_1.0Torr_SmallAdmixture_1kHzLaserFreq_CapCoupling_3%_N2_Trial,0,30.0,1.0,2.74,2,1.149631029238569,0.001345001292982741,0.21906476762452645,0.00024502240977561656,0.1790118776564876,0.00017507782191500984,0.48820334770993484,0.0005711694597729074,-0.06848560791030565,0.00016904478657811615,81.98095732925293,0.0004985776139006337,17079,0.07772943535157235
LAS_1.0Torr_SmallAdmixture_1kHzLaserFreq_CapCoupling_3%_N2_Trial,0,30.0,1.0,2.74,4,1.1245525638196983,0.0013126055330663152,0.2153153575834446,0.00024044349918619527,0.17987178198534148,0.0001747394345665988,0.4775535040109268,0.0005574122472059488,-0.07147906625596066,0.00015196453499479267,87.74026611740321,0.00047884951697791734,17023,0.07766402932254803
LAS_1.0Torr_SmallAdmixture_1kHzLaserFreq_CapCoupling_3%_N2_Trial,0,30.0,1.0,2.74,6,1.180868632170088,0.0013478431067327143,0.22385837392327246,0.0002456872009945648,0.17809000585114798,0.00016725592279434376,0.5014687362891749,0.0005723762669580128,-0.07416295315486555,0.0005301588481333113,81.11757823025039,0.0004811397267245761,16999,0.07762536442534547
LAS_1.0Torr_SmallAdmixture_1kHzLaserFreq_CapCoupling_3%_N2_Trial,0,30.0,1.0,2.74,8,1.1345507789337717,0.001470966873193472,0.2127792354223704,0.0002629768355743763,0.17618668956962807,0.0001912078810730183,0.4817993550411026,0.0006246621164523589,-0.06971690524830035,0.00027617800508598325,101.52625435238852,0.0004822323846265929,18712,0.07765530365267947
LAS_1.0Torr_SmallAdmixture_1kHzLaserFreq_CapCoupling_3%_N2_Trial,0,30.0,1.0,2.87,0,1.1245713987328194,0.0014317278847380504,0.21190171214027392,0.0002575176358711078,0.17701710005177834,0.0001882030640025799,0.47756150246208695,0.0006079988522941392,-0.06510530603563856,-1.3422147392909633e-05,107.59000891925902,0.0004616976476911669,17028,0.07670762123590574
LAS_1.0Torr_SmallAdmixture_1kHzLaserFreq_CapCoupling_3%_N2_Trial,0,30.0,1.0,2.87,2,1.1404550040040478,0.001477096119232049,0.21650477781695135,0.0002678111601348535,0.17834343186161122,0.000192877722056604,0.4843066485740989,0.0006272649675923051,-0.06938254050987003,0.00023913881032560117,102.46025641831058,0.00048608672628073346,16972,0.07671168297156192
LAS_1.0Torr_SmallAdmixture_1kHzLaserFreq_CapCoupling_3%_N2_Trial,0,30.0,1.0,2.87,4,1.1656795666870516,0.0013529478819435054,0.21847371238647667,0.00024257973378633577,0.17607098528378262,0.00017035156069115275,0.4950185340688023,0.0005745440653940601,-0.07046198665222056,0.00015761096866536627,86.63644361976603,0.00047039136367459046,16959,0.07671846671031426
LAS_1.0Torr_SmallAdmixture_1kHzLaserFreq_CapCoupling_3%_N2_Trial,0,30.0,1.0,2.87,6,1.1404288925766113,0.0014662643704574975,0.21010162207597616,0.0002578488340572781,0.17307286528623117,0.00018582758357833942,0.4842955600718197,0.0006226651474075703,-0.07186809335178629,0.0005013759080190626,102.32055760076159,0.0004673673390247223,16978,0.07668756610092667
LAS_1.0Torr_SmallAdmixture_1kHzLaserFreq_CapCoupling_3%_N2_Trial,0,30.0,1.0,2.87,8,1.1285561380303355,0.0014241515513430598,0.2095321338550676,0.0002525220902701808,0.17441958888503667,0.00018355012961720829,0.4792536654390093,0.0006047814797348314,-0.06862618163431311,0.00043609166223109683,97.1082089479338,0.0004760445034122923,17050,0.07675373942385173
LAS_1.0Torr_SmallAdmixture_1kHzLaserFreq_CapCoupling_3%_N2_Trial,0,30.0,1.0,3.0,0,1.1639314620277936,0.001607889773722717,0.218773223977967,0.00028895522396822783,0.17657716875197155,0.00020389231577149227,0.49427618237065585,0.0006828079186414368,-0.07533219111297225,0.00035377231884133845,119.960093591674,0.00047815636375561524,16834,0.07602471412470874
LAS_1.0Torr_SmallAdmixture_1kHzLaserFreq_CapCoupling_3%_N2_Trial,0,30.0,1.0,3.0,2,1.1669921342189165,0.0016048949508606287,0.21863554814469371,0.0002870800793800949,0.17600322945923788,0.00020238087240227813,0.49557593017838386,0.0006815361344690505,-0.07414643392864526,0.00042049212380740954,119.15969630822173,0.0004752243941317963,18678,0.07603287171585577
LAS_1.0Torr_SmallAdmixture_1kHzLaserFreq_CapCoupling_3%_N2_Trial,0,30.0,1.0,3.0,4,1.183259743088283,0.0014691864359871443,0.2217579207824574,0.0002633013166424947,0.1760624907987099,0.0001821181895019,0.5024841476040397,0.0006239060343856699,-0.07044684436129461,-6.387496271295033e-06,90.79528685220957,0.0004925986600135175,19300,0.07600468611681784
LAS_1.0Torr_SmallAdmixture_1kHzLaserFreq_CapCoupling_3%_N2_Trial,0,30.0,1.0,3.0,6,1.1699362577523418,0.0015343803575773676,0.21959743596336295,0.0002754129616661114,0.17633269871230275,0.00019308603102079135,0.4968261843282234,0.0006515913438120922,-0.07280669409958121,0.00014219582402937521,108.14062723593655,0.0004770959832526011,19268,0.07604259204746634
LAS_1.0Torr_SmallAdmixture_1kHzLaserFreq_CapCoupling_3%_N2_Trial,0,30.0,1.0,3.0,8,1.159531900133184,0.0015874405970980792,0.21873109870505472,0.00028558939249208944,0.1772130185559013,0.0002032114221308264,0.49240786045625173,0.0006741239528888143,-0.07417677336073239,0.00011778813561597616,123.07130404645872,0.0004676456429721781,18708,0.0760412814827805
LAS_1.0Torr_SmallAdmixture_1kHzLaserFreq_CapCoupling_3%_N2_Trial,0,35.0,1.0,0.0,0,0.9190302548542371,0.001052430733326581,0.328756929415985,0.0003612427580263526,0.3360569616646527,0.00032194637575907304,0.3902762152859788,0.0004469261825536859,0.002945463384162707,-0.0007081001964103173,198.49814233681255,0.0005438674178716992,16579,0.1242979540382348
LAS_1.0Torr_SmallAdmixture_1kHzLaserFreq_CapCoupling_3%_N2_Trial,0,35.0,1.0,0.0,2,0.9141564790963388,0.0008165582476103606,0.323171059070062,0.0002781567929505375,0.332108284773496,0.00024805329944831497,0.3882065132855297,0.00034676036045023075,0.0022420429677204954,-0.0007451956411805372,81.41892563387464,0.0006636962302418087,16539,0.12434666256343263
LAS_1.0Torr_SmallAdmixture_1kHzLaserFreq_CapCoupling_3%_N2_Trial,0,35.0,1.0,0.0,4,1.0566568524253424,0.0004960667305170368,0.39328008771053075,0.00017463395622350507,0.3496518046682004,0.00013752229554937106,0.4487208500942817,0.00021066014431286064,0.001308630420876424,-0.0007421983106015316,31.385321399340054,0.0006281903657557132,17937,0.12416813158401582
LAS_1.0Torr_SmallAdmixture_1kHzLaserFreq_CapCoupling_3%_N2_Trial,0,35.0,1.0,0.0,6,0.9079324326386229,0.0008453953794866729,0.3110543491909342,0.0002690956419275824,0.32184779486551374,0.00024919432901987086,0.3855634041142579,0.000359006362830397,0.0011390833178464112,-0.0007225061169511707,127.67831258003035,0.000542201571707683,18652,0.12422349307928054
LAS_1.0Torr_SmallAdmixture_1kHzLaserFreq_CapCoupling_3%_N2_Trial,0,35.0,1.0,0.0,8,0.9829593010158245,0.0005482802302711685,0.34352554292193893,0.0001787562655757727,0.3283154255449801,0.0001552427518426676,0.41742438157430645,0.00023283317611811925,-0.001112688699527585,-0.0005728477372119194,55.44956329306687,0.000521768452974414,18647,0.12440859929746115
LAS_1.0Torr_SmallAdmixture_1kHzLaserFreq_CapCoupling_3%_N2_Trial,0,35.0,1.0,0.13,0,1.0912286530858337,0.0005916096614670552,0.39126607815436776,0.00019900392478187375,0.3368404400575359,0.00015341577684792595,0.46340214208236524,0.0002512334913724924,0.007035085036549723,-0.0008429551526766199,57.92190179832122,0.0005198714903764611,18680,0.11811691893954729
LAS_1.0Torr_SmallAdmixture_1kHzLaserFreq_CapCoupling_3%_N2_Trial,0,35.0,1.0,0.13,2,1.092167167719183,0.0005442322880708417,0.39716099330233234,0.00018638913466555287,0.34162155188456156,0.00014280374560932975,0.4638006925513617,0.00023111417333959754,0.0049416771114582595,-0.0007222746482807241,55.01174838134564,0.000497249333286619,16690,0.11812469783316634
LAS_1.0Torr_SmallAdmixture_1kHzLaserFreq_CapCoupling_3%_N2_Trial,0,35.0,1.0,0.13,4,1.078722982743267,0.0005081727721490919,0.38470911532148167,0.00017015287387176243,0.3350351203878797,0.00013261291590224928,0.4580914728577866,0.00021580110684951004,0.005394904828960085,-0.0008281266486789113,45.40617984062939,0.0005073926498967686,18536,0.11818767221943886
LAS_1.0Torr_SmallAdmixture_1kHzLaserFreq_CapCoupling_3%_N2_Trial,0,35.0,1.0,0.13,6,1.0968361711321324,0.0006178555445328353,0.39480005089121795,0.00020886734493701494,0.3381451990746298,0.00015984448709044534,0.46578343574348025,0.000262379091700281,0.0033433139836259434,-0.0005759411247685873,67.40947669082973,0.0005010025505777565,18591,0.11808993496047068
LAS_1.0Torr_SmallAdmixture_1kHzLaserFreq_CapCoupling_3%_N2_Trial,0,35.0,1.0,0.13,8,1.0800162092930277,0.0005549682851395259,0.3763427494596661,0.00018185810747791046,0.3273565761037656,0.0001413085529824531,0.4586406556084981,0.0002356733315187284,0.005790756481938529,-0.0007529472959242528,41.974150535620375,0.0005666552008242189,18525,0.11819208755369469
LAS_1.0Torr_SmallAdmixture_1kHzLaserFreq_CapCoupling_3%_N2_Trial,0,35.0,1.0,0.26,0,1.0584557479624255,0.0007443109383469125,0.38791042993710684,0.0002531898826691234,0.3442916903997616,0.00020438980391703784,0.44948477069232445,0.00031607975306543226,0.015702931159870998,-0.0007694900233118386,116.17008059417078,0.00048248712644079845,17483,0.1138636458438669
LAS_1.0Torr_SmallAdmixture_1kHzLaserFreq_CapCoupling_3%_N2_Trial,0,35.0,1.0,0.26,2,1.0528340857836858,0.0006992485979371461,0.38000633837083103,0.00023470587826517422,0.339077282193027,0.00018993375026170263,0.44709747057119537,0.00029694353902442506,0.011045048539191025,-0.0006269843619462044,113.46514253337992,0.0004559161204042867,17404,0.11387040441176471
LAS_1.0Torr_SmallAdmixture_1kHzLaserFreq_CapCoupling_3%_N2_Trial,0,35.0,1.0,0.26,4,1.111340340827368,0.0007401957800276802,0.3721958211453822,0.0002309205724534882,0.31462425731787075,0.00017664296314445053,0.4719427895021005,0.0003143322062293519,0.009394056512811787,-0.0006736880290280225,91.7063142135651,0.0004812225238169309,17550,0.11382112749273475
LAS_1.0Torr_SmallAdmixture_1kHzLaserFreq_CapCoupling_3%_N2_Trial,0,35.0,1.0,0.26,6,1.1505972575921946,0.0009402843713147101,0.3649132008924959,0.0002801920081452756,0.2979435785597262,0.00020411585334242742,0.4886136671123302,0.0003993020075138489,0.006030862938339549,-0.00030945199917316524,132.20469699440986,0.00047490866446181637,17237,0.11386805729532017
LAS_1.0Torr_SmallAdmixture_1kHzLaserFreq_CapCoupling_3%_N2_Trial,0,35.0,1.0,0.26,8,1.164005620824229,0.0008993292075555276,0.36716553849770883,0.0002650376378345496,0.29632932019205926,0.00019270597449375573,0.4943076747119038,0.0003819099508063291,0.009536756103686206,-0.00037307169267506243,125.76727241725621,0.000456853789397588,17539,0.11386097888900024
LAS_1.0Torr_SmallAdmixture_1kHzLaserFreq_CapCoupling_3%_N2_Trial,0,35.0,1.0,0.39,0,1.0353411141090592,0.0009067345692766069,0.363406515532494,0.0002987995990085926,0.32974410400706555,0.0002424023302699815,0.43966888947365473,0.0003850547183806947,0.011820739475293305,-0.0008428841996872895,160.15343026471191,0.00048454643218052404,16666,0.11118210520327669
LAS_1.0Torr_SmallAdmixture_1kHzLaserFreq_CapCoupling_3%_N2_Trial,0,35.0,1.0,0.39,2,1.0604019306674726,0.0007667687482784796,0.3766235136911475,0.0002504917043204542,0.3336604343728451,0.0002040717456028694,0.4503112383916945,0.0003256167068462346,0.008750218795787676,-0.0006139853999264498,116.52710087929381,0.00048354620762452175,18874,0.11112601638729046
LAS_1.0Torr_SmallAdmixture_1kHzLaserFreq_CapCoupling_3%_N2_Trial,0,35.0,1.0,0.39,4,1.0951859384705336,0.000962443137049723,0.35528804332888037,0.00028746080686475016,0.3047617951026016,0.00022641514458474914,0.4650826464559586,0.0004087119689169597,0.009121088702391717,-0.0006438202006027216,149.66363765604794,0.0004753534091969506,18815,0.11116838827036944
LAS_1.0Torr_SmallAdmixture_1kHzLaserFreq_CapCoupling_3%_N2_Trial,0,35.0,1.0,0.39,6,1.1923248642534896,0.0010038102844648542,0.34675101133704406,0.0002704063425194789,0.27320643579866644,0.00019434818204757217,0.5063337501179709,0.00042627897897465925,0.00877482704255373,-0.0003723043214852616,124.4974931000622,0.0004684255037943486,18790,0.11107236677508131
LAS_1.0Torr_SmallAdmixture_1kHzLaserFreq_CapCoupling_3%_N2_Trial,0,35.0,1.0,0.39,8,1.0616137591466361,0.0009556715144456594,0.3461753631512805,0.0002869516324711757,0.30633555594938616,0.000233544175646554,0.45082585456447627,0.00040583632556648254,0.01336751387138963,-0.00043910429037293317,157.60347483113935,0.0004807666942370574,18864,0.11113031699771521
LAS_1.0Torr_SmallAdmixture_1kHzLaserFreq_CapCoupling_3%_N2_Trial,0,35.0,1.0,0.52,0,1.1201428656162205,0.0009201945989697186,0.3876933015966914,0.0002952227663284319,0.32514918534227816,0.00022551854036487244,0.47568087760247446,0.00039077066670613656,0.0054790190550302815,-0.0007433487609619103,155.60342420021743,0.00046788205105227084,17910,0.10781022227557624
LAS_1.0Torr_SmallAdmixture_1kHzLaserFreq_CapCoupling_3%_N2_Trial,0,35.0,1.0,0.52,2,1.095387630397022,0.0008561726603601396,0.3838355774999755,0.0002757517166506336,0.32918890116003124,0.00021808473275646134,0.465168297131013,0.0003635830526272282,0.002260790201426797,-0.0007495564066640724,140.97348632792742,0.00047387821635351486,19027,0.10776622034244973
LAS_1.0Torr_SmallAdmixture_1kHzLaserFreq_CapCoupling_3%_N2_Trial,0,35.0,1.0,0.52,4,1.1253223098622527,0.0008581166534279693,0.39835514171799935,0.0002813838924072181,0.3325533200682564,0.00021421644586278098,0.4778803850582402,0.0003644085904732865,0.0005519615076835212,-0.000823017187910942,133.72820655697427,0.00047759465303217144,17929,0.10782280918152674
LAS_1.0Torr_SmallAdmixture_1kHzLaserFreq_CapCoupling_3%_N2_Trial,0,35.0,1.0,0.52,6,1.0967305421345928,0.000827409061591956,0.38620171385092533,0.00026952631888967597,0.33081260451004185,0.00021098897525885363,0.4657385792383037,0.0003513682768829503,-0.0019439031698502273,-0.0006422362100260444,126.73595538072446,0.00048156511584530995,17951,0.10785858660171642
LAS_1.0Torr_SmallAdmixture_1kHzLaserFreq_CapCoupling_3%_N2_Trial,0,35.0,1.0,0.52,8,1.0971479378210913,0.0009633895368581056,0.38943998188984,0.00031365178458237473,0.3334595310182241,0.0002484434896068944,0.46591583086624844,0.0004091138679114836,-0.0037309847090313147,-0.00037660409289399995,182.41438671730654,0.00047308841407572866,19232,0.10784082129082348
LAS_1.0Torr_SmallAdmixture_1kHzLaserFreq_CapCoupling_3%_N2_Trial,0,35.0,1.0,0.65,0,1.0755825652533229,0.0008699778833858933,0.3820738800847166,0.00028485144767566946,0.33371166265089686,0.00022806991657026542,0.4567578603396789,0.0003694455910640336,-0.008346455014125856,-0.0007153299822284195,159.92527701306253,0.000464206616208201,18688,0.10607010515852916
LAS_1.0Torr_SmallAdmixture_1kHzLaserFreq_CapCoupling_3%_N2_Trial,0,35.0,1.0,0.65,3,1.096068337849245,0.0008850029032576762,0.3922676827446166,0.0002916770414157938,0.33621159527564637,0.0002293737047778952,0.46545736697040874,0.00037582612952746655,-0.00933772545063251,-0.0005676224370617828,141.37643161608827,0.0004955272207918912,18665,0.10610770837512958
LAS_1.0Torr_SmallAdmixture_1kHzLaserFreq_CapCoupling_3%_N2_Trial,0,35.0,1.0,0.65,6,1.1029281663021482,0.0008172560149443471,0.39504561188836995,0.00026981668391206503,0.3364866234570168,0.000210994380616312,0.4683704678960521,0.00034705667495437255,-0.009908086631215177,-0.0005812945742506598,126.39597750194305,0.00048346370320900026,18576,0.10604317446584412
LAS_1.0Torr_SmallAdmixture_1kHzLaserFreq_CapCoupling_3%_N2_Trial,0,35.0,1.0,0.65,9,1.1003807454447956,0.0009497249452407656,0.39184392140496255,0.0003119934805525492,0.3345321959908338,0.00024306807591962295,0.4672886778617231,0.0004033110501351637,-0.008149252187665568,-0.000425670605971505,164.9244302265829,0.0004890781145913427,18745,0.10606185790533988
LAS_1.0Torr_SmallAdmixture_1kHzLaserFreq_CapCoupling_3%_N2_Trial,0,35.0,1.0,0.65,12,1.100851174793665,0.0008760246931934704,0.38959078648305173,0.00028565311547767855,0.33246647379805405,0.00022385586453031094,0.46748845081246815,0.0003720134347599189,-0.006634884611095859,-0.0005467532883862704,148.36300830966556,0.00047344645885359155,18663,0.10606627576737887
LAS_1.0Torr_SmallAdmixture_1kHzLaserFreq_CapCoupling_3%_N2_Trial,0,35.0,1.0,0.78,0,1.0795536074203422,0.0008272554438122319,0.38918361871794016,0.00027539808664010736,0.338671092542148,0.00021944347365191732,0.4584442066808352,0.0003513030414183345,-0.019375532732332758,-0.0006480034047932551,150.830819597906,0.00046665449382269746,17447,0.10496090062427041
LAS_1.0Torr_SmallAdmixture_1kHzLaserFreq_CapCoupling_3%_N2_Trial,0,35.0,1.0,0.78,2,0.967502064062158,0.0011438614486683491,0.38200890713142627,0.0004125283922249186,0.37092779590340885,0.0003734394703636891,0.4108602974158232,0.00048575323243153193,-0.02378703177389943,-0.0005690143760436327,379.708831301318,0.00046247907109906757,17557,0.10496968906160914
LAS_1.0Torr_SmallAdmixture_1kHzLaserFreq_CapCoupling_3%_N2_Trial,0,35.0,1.0,0.78,4,1.1079203884363684,0.0010782646562004982,0.3565415290062813,0.0003199988715543752,0.30232172568445415,0.0002482852762854774,0.4704904694412889,0.0004578968394955745,-0.026997784706719766,-0.0005617684420743187,174.60945238954105,0.00048206671329635966,17322,0.10493555008468325
LAS_1.0Torr_SmallAdmixture_1kHzLaserFreq_CapCoupling_3%_N2_Trial,0,35.0,1.0,0.78,6,1.0234136526341544,0.000963134313978303,0.3772787801765281,0.00032668553365081425,0.3463211084275633,0.00027694637404948613,0.4346037629472887,0.00040900548473360925,-0.028778248873713264,-0.00017429070017881764,202.49250347913647,0.0004898493396599612,17413,0.10493451302947983
LAS_1.0Torr_SmallAdmixture_1kHzLaserFreq_CapCoupling_3%_N2_Trial,0,35.0,1.0,0.78,8,1.1174536535235067,0.0010833114787228368,0.402214095592941,0.00035973410916130733,0.3381392277228126,0.0002778007007900807,0.47453887437450454,0.0004600400276907779,-0.02697540823250202,-0.00010832499563072697,237.05664078220676,0.00047027396629501265,17551,0.10494765307961901
LAS_1.0Torr_SmallAdmixture_1kHzLaserFreq_CapCoupling_3%_N2_Trial,0,35.0,1.0,0.91,0,1.075874972870897,0.000705483628234009,0.39225669093764914,0.00023616122074779264,0.3425124364617177,0.00019046329060722753,0.4568820344217669,0.00029959131260271605,-0.006823431725141495,-0.00047393219756911877,97.57608271571972,0.0004956742995396888,18434,0.10277942430636276
LAS_1.0Torr_SmallAdmixture_1kHzLaserFreq_CapCoupling_3%_N2_Trial,0,35.0,1.0,0.91,2,1.065285005946558,0.0009279366891214038,0.3926960425195047,0.0003130673834991245,0.34630479118857826,0.0002563882305111335,0.4523848895351818,0.0003940584296789473,-0.00823077242526414,-0.0003939011026269201,160.54475637779757,0.0005078437779992128,18508,0.10275170464974634
LAS_1.0Torr_SmallAdmixture_1kHzLaserFreq_CapCoupling_3%_N2_Trial,0,35.0,1.0,0.91,4,1.0840283749388366,0.0008173500617316281,0.4067652423658591,0.0002825879060207597,0.35250962169633937,0.00022495375499404,0.4603444654831742,0.0003470966129477149,-0.008475176885620717,-0.0005087236855749369,134.1110949121825,0.0004891866829241138,16863,0.10276629246762782
LAS_1.0Torr_SmallAdmixture_1kHzLaserFreq_CapCoupling_3%_N2_Trial,0,35.0,1.0,0.91,6,1.060599049374919,0.0009928273939958318,0.39468340373935373,0.00033888063721606817,0.3495951679150944,0.00027769422788277714,0.4503949469994339,0.0004216149748219011,-0.009235956685394382,-0.0003132592146012126,207.14551018203784,0.000486083137485382,18462,0.10273401884344546
LAS_1.0Torr_SmallAdmixture_1kHzLaserFreq_CapCoupling_3%_N2_Trial,0,35.0,1.0,0.91,8,1.095042220351234,0.0008029351966293864,0.3926106567993301,0.000265638513285054,0.3368208824804421,0.00020902512673765113,0.4650216149900499,0.0003409751833579425,-0.008390084729567546,-0.00045325213159815936,122.13330618418878,0.0004837459016784795,17028,0.10274575480159526
LAS_1.0Torr_SmallAdmixture_1kHzLaserFreq_CapCoupling_3%_N2_Trial,0,35.0,1.0,1.04,0,1.087687635528289,0.0007196132943144951,0.39881410882869855,0.00024227960203521013,0.3444562840167681,0.0001931935668287063,0.4618984103789525,0.00030559162931918956,-0.012313907831615538,-0.0004583302353511367,98.0626468544374,0.000498756212959802,18227,0.10096491949373257
LAS_1.0Torr_SmallAdmixture_1kHzLaserFreq_CapCoupling_3%_N2_Trial,0,35.0,1.0,1.04,1,1.1023986712905172,0.0007503541563459527,0.40433748216817916,0.00025442493195094356,0.34456654730876446,0.00019826992366709663,0.4681456120677911,0.00031864607146067116,-0.01339773185836868,-0.000526403383052134,105.42884180247994,0.0004949198138023989,16703,0.1008800953125
LAS_1.0Torr_SmallAdmixture_1kHzLaserFreq_CapCoupling_3%_N2_Trial,0,35.0,1.0,1.04,2,1.086870796008712,0.0007980578114907862,0.39818272281261957,0.0002704526795694834,0.34416942190183436,0.00021326771783401917,0.4615515305732958,0.0003389039485946355,-0.014826114720498974,-0.0007438907506427296,120.93673041905025,0.0004965256148307787,16662,0.10089567239583332
LAS_1.0Torr_SmallAdmixture_1kHzLaserFreq_CapCoupling_3%_N2_Trial,0,35.0,1.0,1.04,3,1.1048151583084387,0.0008103869234062662,0.3994804315830804,0.0002713844536317796,0.33968289330385887,0.00021030725759630653,0.469171799620008,0.0003441396403586395,-0.01956267341765898,-0.0005717213687148749,121.81234422497619,0.0004889574659227747,16462,0.1008889265625
LAS_1.0Torr_SmallAdmixture_1kHzLaserFreq_CapCoupling_3%_N2_Trial,0,35.0,1.0,1.04,4,1.1161002249896066,0.0007162006495452938,0.4052674031606276,0.0002388883080151944,0.3411192810882552,0.0001855646164917525,0.47396412619501793,0.0003041424125196288,-0.021672902212635365,-0.0005487185252363149,94.60107590570927,0.0004892624184314855,18197,0.10091270364583334
LAS_1.0Torr_SmallAdmixture_1kHzLaserFreq_CapCoupling_3%_N2_Trial,0,35.0,1.0,1.17,0,1.0882315961151188,0.0007765740483421001,0.38146182576688725,0.0002502818826688514,0.3293044061627632,0.00019821650409223597,0.4621294091713986,0.0003297806343974338,-0.02264042003152381,-0.00038679224458906163,109.73656559215053,0.0004884640274820203,18651,0.09870754585528983
LAS_1.0Torr_SmallAdmixture_1kHzLaserFreq_CapCoupling_3%_N2_Trial,0,35.0,1.0,1.17,2,1.1077511306034828,0.0007674591045762892,0.39032104355020836,0.0002482218410673355,0.3310149083506275,0.00019377527719288942,0.4704185922576193,0.00032590987417308254,-0.0223851541098973,-0.0004759477020930868,104.26405827655569,0.0004910900753943174,19279,0.09865039222573468
LAS_1.0Torr_SmallAdmixture_1kHzLaserFreq_CapCoupling_3%_N2_Trial,0,35.0,1.0,1.17,4,1.114275121203201,0.0006876145980021553,0.3899223316341033,0.0002206663903740769,0.32874069174139314,0.00017196316106173973,0.4731890759782266,0.00029200303413975655,-0.023730439331921583,-0.0006674875281510949,81.77906953403603,0.000490751391919199,19305,0.09866998887718065
LAS_1.0Torr_SmallAdmixture_1kHzLaserFreq_CapCoupling_3%_N2_Trial,0,35.0,1.0,1.17,6,1.103131442392153,0.0006618140744719434,0.38761015675871435,0.00021348551649288329,0.3300925137915751,0.00016782738110243596,0.4684567913034113,0.00028104656059323006,-0.029392069422521965,-0.0004354629613139678,77.80793839645918,0.0004902566082424356,18617,0.09861752241289912
LAS_1.0Torr_SmallAdmixture_1kHzLaserFreq_CapCoupling_3%_N2_Trial,0,35.0,1.0,1.17,8,1.086956196700472,0.0007489718962067885,0.38564018431086555,0.00024388941169429447,0.3333020837509102,0.000194136031818349,0.4615877969079315,0.0003180590796257405,-0.029718960710643692,-0.0004863224312789037,108.88402174356082,0.0004796511634505894,19264,0.09857908083253876
LAS_1.0Torr_SmallAdmixture_1kHzLaserFreq_CapCoupling_3%_N2_Trial,0,35.0,1.0,1.3,0,1.1647488802830301,0.0006264909033180282,0.3868752609212075,0.00019091741239042064,0.31203725409696964,0.00014240154349473268,0.49462330794271875,0.0002660461909350675,-0.035264624497421744,-0.0003505249455091909,52.23335356166201,0.0005050926362167484,18655,0.0966105408876537
LAS_1.0Torr_SmallAdmixture_1kHzLaserFreq_CapCoupling_3%_N2_Trial,0,35.0,1.0,1.3,2,1.0672077354816805,0.000742444690679342,0.3495022367964385,0.0002235572208054917,0.3076584054999323,0.00018126815023648143,0.4532013975903005,0.0003152872306510301,-0.03734839395341679,-0.0003492701105318115,90.91943360140908,0.0004885350372582827,18746,0.09668858018110671
LAS_1.0Torr_SmallAdmixture_1kHzLaserFreq_CapCoupling_3%_N2_Trial,0,35.0,1.0,1.3,4,1.0705231606260632,0.0006527132143698491,0.3566190569604193,0.0001998182554118836,0.31295094653291317,0.00016183915313697147,0.4546093290164741,0.00027718178115019,-0.038837767611948765,-0.000556378602903494,72.83068426249939,0.0004912227586758054,18786,0.09670975789728925
LAS_1.0Torr_SmallAdmixture_1kHzLaserFreq_CapCoupling_3%_N2_Trial,0,35.0,1.0,1.3,6,1.0955011633362604,0.0006193073361729564,0.35869293782770917,0.00018613823630059755,0.30759393844496974,0.0001473718802596206,0.4652165101311859,0.00026299561084499636,-0.04386885821314366,-0.000275027108657166,59.38705522210522,0.0004924500922802074,18747,0.09671356283131824
LAS_1.0Torr_SmallAdmixture_1kHzLaserFreq_CapCoupling_3%_N2_Trial,0,35.0,1.0,1.3,8,1.0903492479486012,0.0006362742644120345,0.3637977110076112,0.00019479651391355812,0.3134455609238548,0.00015513514055672735,0.4630286931051968,0.0002702008018636821,-0.04481387048907115,-0.000233413499913428,70.80545396670493,0.00047375851519272026,18721,0.09666467980233782
LAS_1.0Torr_SmallAdmixture_1kHzLaserFreq_CapCoupling_3%_N2_Trial,0,35.0,1.0,1.43,0,1.066135315476944,0.0007575037263104073,0.3265857213609057,0.0002149540045096806,0.28777472885812755,0.00017274652518302542,0.4527459827457566,0.000321682214277419,-0.029547312774661418,-0.00027485445468121173,80.15444225976938,0.0004899342909447322,17187,0.09493892134351584
LAS_1.0Torr_SmallAdmixture_1kHzLaserFreq_CapCoupling_3%_N2_Trial,0,35.0,1.0,1.43,2,1.0150100897187002,0.0008847050010984772,0.3064679202392993,0.0002463904237458611,0.2836497803466562,0.0002094779383152025,0.4310350983551951,0.00037569962212838625,-0.033497108832698685,-0.00012298604949994188,109.66094262481857,0.0004943397759463981,18351,0.0949529822165422
LAS_1.0Torr_SmallAdmixture_1kHzLaserFreq_CapCoupling_3%_N2_Trial,0,35.0,1.0,1.43,4,1.0242495179186124,0.0006637920815612185,0.3081212110765625,0.0001844631662811687,0.28260745744027527,0.00015507602176919016,0.43495872225138577,0.0002818865428642528,-0.03528018661711799,-0.0003476305511493095,58.33616523761204,0.0005049886436428212,17132,0.09499548417948846
LAS_1.0Torr_SmallAdmixture_1kHzLaserFreq_CapCoupling_3%_N2_Trial,0,35.0,1.0,1.43,6,1.0363409252611047,0.0009323915011670303,0.3258127974169164,0.000271141673195427,0.29534748682606754,0.00022420763394077791,0.4400934701774564,0.0003959502141722154,-0.040036716324321646,-4.241119461645453e-05,133.03127959617763,0.0004877351824407679,18356,0.09493156939641491
LAS_1.0Torr_SmallAdmixture_1kHzLaserFreq_CapCoupling_3%_N2_Trial,0,35.0,1.0,1.43,8,1.035229908012039,0.0008726491306458966,0.32698489856189816,0.0002545521745658043,0.2967280996264444,0.00021177328773426554,0.43962166459239266,0.00037057996532997384,-0.041809852257749594,3.9569871408174616e-05,114.192245962138,0.0004946201846197833,18389,0.0948568182102942
LAS_1.0Torr_SmallAdmixture_1kHzLaserFreq_CapCoupling_3%_N2_Trial,0,35.0,1.0,1.57,0,1.1291530596834245,0.0005404356739633831,0.3427459873952129,0.00015225290070436013,0.2851591774228184,0.00011520280137294965,0.4795071547255255,0.0002295018997752247,-0.025297725447945434,-6.629423080386911e-05,36.39108052348962,0.0004914207609305867,17491,0.09353722364918705
LAS_1.0Torr_SmallAdmixture_1kHzLaserFreq_CapCoupling_3%_N2_Trial,0,35.0,1.0,1.57,2,1.1530805744239958,0.000506727488774959,0.3476027639365941,0.00014187680386190137,0.28319876499887703,0.00010504159908339688,0.48966823467346565,0.00021518735151088757,-0.024848624744612764,-3.969652036910525e-05,27.957692881913275,0.0005112090600204128,17483,0.09352728876922563
LAS_1.0Torr_SmallAdmixture_1kHzLaserFreq_CapCoupling_3%_N2_Trial,0,35.0,1.0,1.57,4,1.1321280302434302,0.0005498851617146867,0.34259587414119547,0.00015451380376449276,0.2842852814338757,0.00011652401506982771,0.48077050840143953,0.00023351472774959313,-0.02355698245198452,-0.00010678406393600985,35.217912502849416,0.000505599691958185,17577,0.09347606630014561
LAS_1.0Torr_SmallAdmixture_1kHzLaserFreq_CapCoupling_3%_N2_Trial,0,35.0,1.0,1.57,6,1.1572311453732864,0.000524427910538852,0.35047064076339535,0.00014752225401718552,0.2845111681786641,0.00010879223476450685,0.49143081986890297,0.000222704028550071,-0.023614478750402672,-0.00012341831743430782,31.11621054388042,0.0005011181790665444,17409,0.09352829816655789
LAS_1.0Torr_SmallAdmixture_1kHzLaserFreq_CapCoupling_3%_N2_Trial,0,35.0,1.0,1.57,8,1.1420214115239318,0.0005988875340208018,0.3447194915026098,0.00016796291876259908,0.28356941274839925,0.00012526066510200023,0.4849718406014852,0.00025432411928229986,-0.02470925816685236,-0.00023102780661576417,43.43900763785189,0.0004895031403755033,17400,0.09356428867299293
LAS_1.0Torr_SmallAdmixture_1kHzLaserFreq_CapCoupling_3%_N2_Trial,0,35.0,1.0,1.7,0,1.1701677184284391,0.0005280842308161576,0.3365176812837248,0.0001413288299839405,0.27016405405891586,0.00010283006947443071,0.49692447662728284,0.0002242567248102464,-0.03562378791083829,1.1292018208281345e-05,28.347575758657282,0.0005019466509568226,17094,0.0917410925363053
LAS_1.0Torr_SmallAdmixture_1kHzLaserFreq_CapCoupling_3%_N2_Trial,0,35.0,1.0,1.7,2,1.1585944381492486,0.00047456527524948974,0.3318176999858159,0.00012641009250802574,0.2690517983126177,9.296648984149158e-05,0.49200975700630284,0.00020152931696453796,-0.03543945217714222,-5.310932689842161e-06,22.926580807047166,0.0005033048075696088,17195,0.09172752149015087
LAS_1.0Torr_SmallAdmixture_1kHzLaserFreq_CapCoupling_3%_N2_Trial,0,35.0,1.0,1.7,4,1.172870048875463,0.0005268475048531173,0.3356203758821538,0.00014022879574668664,0.26882286993106014,0.00010191733885275114,0.49807205070740257,0.00022373153564955023,-0.03553234250908196,-0.00015773741238429422,27.444013265154492,0.0005043852590926008,17028,0.09172668057996483
LAS_1.0Torr_SmallAdmixture_1kHzLaserFreq_CapCoupling_3%_N2_Trial,0,35.0,1.0,1.7,6,1.1550952461849144,0.0004834404704922585,0.33085935320945,0.0001287976465128723,0.2690874293163304,9.50135628067928e-05,0.49052378699695204,0.00020529826536528598,-0.03800636533722889,-0.0001905015918090032,25.59757147736419,0.0004867937962080872,17425,0.09176711492593523
LAS_1.0Torr_SmallAdmixture_1kHzLaserFreq_CapCoupling_3%_N2_Trial,0,35.0,1.0,1.7,8,1.180941842797445,0.0005507176586618188,0.33847245645686164,0.00014695793080800142,0.2692542781407392,0.00010591142778819709,0.5014998259800884,0.00023386825665252937,-0.041505956640362864,-0.00016758669015688193,31.64232274382298,0.0004888677909799537,17164,0.09170531828529342
LAS_1.0Torr_SmallAdmixture_1kHzLaserFreq_CapCoupling_3%_N2_Trial,0,35.0,1.0,1.83,0,1.1417286646048033,0.0005564405466833194,0.32159881356513226,0.00014572408303960816,0.26461796363257684,0.00010882731268852308,0.48484752243129375,0.00023629854343116318,-0.05051794629634244,3.362906230604087e-05,31.490788619823856,0.0005020476369072593,16782,0.09038709713150032
LAS_1.0Torr_SmallAdmixture_1kHzLaserFreq_CapCoupling_3%_N2_Trial,0,35.0,1.0,1.83,3,1.1528850916797784,0.000593483649441797,0.3232414278059474,0.00015455455754299075,0.2633957620690216,0.00011444718930800448,0.4895852207953436,0.00025202930079270533,-0.05033586415691048,0.0001798801630156982,35.12543373853384,0.0004986772661868949,17107,0.09044769424673785
LAS_1.0Torr_SmallAdmixture_1kHzLaserFreq_CapCoupling_3%_N2_Trial,0,35.0,1.0,1.83,6,1.1427124830652757,0.0006441300662819607,0.3168716622223173,0.00016618682595246682,0.2605038944325283,0.00012385234290215278,0.4852653116642962,0.00027353685375711796,-0.047971926839381666,9.366216593983419e-05,43.47132161657476,0.00048673739186542157,16906,0.09046725258132424
LAS_1.0Torr_SmallAdmixture_1kHzLaserFreq_CapCoupling_3%_N2_Trial,0,35.0,1.0,1.83,9,1.1498991908707445,0.0005613756341633052,0.3205653906482663,0.00014529284911685,0.2618934604240009,0.00010799631716974445,0.4883172254700386,0.00023839428212270338,-0.04723207191216759,0.0001378501812875156,29.08000720843826,0.0005171461841586574,18243,0.09042942500793612
LAS_1.0Torr_SmallAdmixture_1kHzLaserFreq_CapCoupling_3%_N2_Trial,0,35.0,1.0,1.83,12,1.1339485964540879,0.0005397092662197504,0.3196478136191136,0.00014143012688305615,0.26481718228467493,0.0001063700283593892,0.4815436316872292,0.0002291934228089421,-0.045333039972563646,1.6366734302011915e-05,29.138430140667527,0.0005086964403806075,16736,0.09049054349823736
LAS_1.0Torr_SmallAdmixture_1kHzLaserFreq_CapCoupling_3%_N2_Trial,0,35.0,1.0,1.96,0,1.1347877137589721,0.0008796673166652637,0.29339474951766387,0.00021097004367743368,0.2428876887983145,0.00015933750274673466,0.4818999719972477,0.00037356031452233634,-0.05863470029035862,0.00021783383272396732,62.90917194135667,0.0005087088901116478,16696,0.08893401566292476
LAS_1.0Torr_SmallAdmixture_1kHzLaserFreq_CapCoupling_3%_N2_Trial,0,35.0,1.0,1.96,2,1.0883798043374957,0.0008672401429258336,0.2722333657232482,0.00020124137755628382,0.2349787925566753,0.00015901166711165972,0.4621923474085219,0.000368282979735904,-0.05864659418835496,0.00035290854119533885,61.23610439444699,0.0005191975971431973,19172,0.08896449390733126
LAS_1.0Torr_SmallAdmixture_1kHzLaserFreq_CapCoupling_3%_N2_Trial,0,35.0,1.0,1.96,4,1.095961128837688,0.000864443939129886,0.28203819019308124,0.0002066923843600263,0.24175783512081395,0.00016061286584597348,0.46541183949505743,0.00036709554131493077,-0.056700868471592995,0.00017933634446134456,61.77645672595685,0.0005238772292640034,19096,0.08888970723431285
LAS_1.0Torr_SmallAdmixture_1kHzLaserFreq_CapCoupling_3%_N2_Trial,0,35.0,1.0,1.96,6,1.0844296606490156,0.0009377677580842393,0.28521904762390915,0.00022843003026282424,0.24708417305069835,0.00017992233637621698,0.46051487583407374,0.00039823330027408284,-0.056750167917646296,0.00020636052489154534,78.33364320411467,0.0005090644511467732,19126,0.08890590427713062
LAS_1.0Torr_SmallAdmixture_1kHzLaserFreq_CapCoupling_3%_N2_Trial,0,35.0,1.0,1.96,8,1.073264596163239,0.0009321625961272644,0.27399757390844987,0.00022006723498914626,0.23983231732700402,0.00017782690334978052,0.45577350949937795,0.0003958530071519809,-0.05778388849600431,1.812870793129904e-05,75.75389986218048,0.0005105748342096316,19125,0.0889257151553949
LAS_1.0Torr_SmallAdmixture_1kHzLaserFreq_CapCoupling_3%_N2_Trial,0,35.0,1.0,2.09,0,1.1855123923442787,0.0007835591162268162,0.3007596691412951,0.00018482841472796069,0.23833141428575916,0.0001328003575172247,0.5034407596647996,0.00033274691961292436,-0.048508045268328616,-2.7685621829797675e-05,48.834704071600996,0.0004959902776336638,18692,0.08757145308513695
LAS_1.0Torr_SmallAdmixture_1kHzLaserFreq_CapCoupling_3%_N2_Trial,0,35.0,1.0,2.09,2,1.1879517856693549,0.0007678208211524886,0.30327526507701413,0.0001821854840388775,0.23983135776872738,0.00013074353599683817,0.5044766746300318,0.00032606348105992835,-0.05100032589493691,-5.788149169276348e-06,46.99186311420896,0.0004956224458638542,18608,0.08753607552541237
LAS_1.0Torr_SmallAdmixture_1kHzLaserFreq_CapCoupling_3%_N2_Trial,0,35.0,1.0,2.09,4,1.1844768039168376,0.0007904020584867656,0.30135112797172803,0.0001868668482065161,0.23900888785552543,0.00013444474962257636,0.5030009857510237,0.00033565284963266796,-0.05409056735750344,-0.00012514829091690117,51.41746165330895,0.00048742245929653987,18698,0.08759899836724441
LAS_1.0Torr_SmallAdmixture_1kHzLaserFreq_CapCoupling_3%_N2_Trial,0,35.0,1.0,2.09,6,1.1860718146175455,0.0007738237536156466,0.301089000751514,0.00018258981091614406,0.23847985259105692,0.00013116464871035965,0.5036783244309256,0.00032861269176323674,-0.05891360452900433,0.0001084090443979849,44.10182199314385,0.0005136833826091877,18606,0.08761545256635686
LAS_1.0Torr_SmallAdmixture_1kHzLaserFreq_CapCoupling_3%_N2_Trial,0,35.0,1.0,2.09,8,1.1726998144926177,0.0007991880701587418,0.2970472436010107,0.00018813938751789037,0.2379613697598335,0.00013678240063723571,0.497999758821148,0.00033938392525796515,-0.05911640803597286,0.00016554510082616088,47.26884309664393,0.0005177523196418749,18695,0.08758735085405678
LAS_1.0Torr_SmallAdmixture_1kHzLaserFreq_CapCoupling_3%_N2_Trial,0,35.0,1.0,2.22,0,1.159866351418523,0.0009746300899471336,0.2865979542967833,0.00022397304883715953,0.23213088468009627,0.0001647390394367459,0.49254988884013806,0.00041388729130438674,-0.04357380432814103,9.434495597057867e-06,74.13656399891022,0.0004950496335931333,18785,0.08640396346615296
LAS_1.0Torr_SmallAdmixture_1kHzLaserFreq_CapCoupling_3%_N2_Trial,0,35.0,1.0,2.22,2,1.1755817190385283,0.0009683205113767093,0.28996660744365454,0.00022196608522829397,0.23171969774540968,0.00016117291067461304,0.49922359099974356,0.00041120785998914096,-0.04550427649835212,0.00013788461772274135,67.00089188489538,0.0005079403517784673,18777,0.08640003829810325
LAS_1.0Torr_SmallAdmixture_1kHzLaserFreq_CapCoupling_3%_N2_Trial,0,35.0,1.0,2.22,4,1.1677329225813704,0.0009930374293404683,0.28787977619057026,0.0002276142814843779,0.23159832895632756,0.0001664186051276244,0.49589051403119977,0.0004217041686204165,-0.0447974755562753,0.00012819727129819252,82.71491602533679,0.0004731347601905449,18751,0.08640531759249984
LAS_1.0Torr_SmallAdmixture_1kHzLaserFreq_CapCoupling_3%_N2_Trial,0,35.0,1.0,2.22,6,1.1780453656934826,0.000986221642782447,0.28856754727722794,0.0002247192350343559,0.2301194157964946,0.00016259260683759447,0.5002698054058732,0.00041880977056549777,-0.04393671542756957,0.0001406980505685301,77.14194067528207,0.0004795085306543075,18770,0.08639454716406197
LAS_1.0Torr_SmallAdmixture_1kHzLaserFreq_CapCoupling_3%_N2_Trial,0,35.0,1.0,2.22,8,1.1627428086616398,0.0009941105335396392,0.2872248468365517,0.00022849374757129956,0.23206312391442643,0.00016739586022274623,0.4937714077622258,0.00042215987401558475,-0.043053222162544584,0.00016944768538971547,72.64841264810882,0.0005075413959906705,18741,0.08633335316068924
LAS_1.0Torr_SmallAdmixture_1kHzLaserFreq_CapCoupling_3%_N2_Trial,0,35.0,1.0,2.35,0,1.1876307345913115,0.0010808791008340896,0.27990886968056755,0.00024274749763004126,0.2214129519872157,0.00016824442399506896,0.5043403367902376,0.0004590070919070521,-0.05358317502342326,0.0003142213354058135,83.64083298279039,0.00047310772788432774,17337,0.0853100576279353
LAS_1.0Torr_SmallAdmixture_1kHzLaserFreq_CapCoupling_3%_N2_Trial,0,35.0,1.0,2.35,2,1.155216854143092,0.0010500750009067002,0.273570541440304,0.00023695279881958222,0.22247110060881745,0.0001688972104343689,0.49057542914193647,0.00044592579510376094,-0.053380472175910916,0.0003624724064565393,78.56172596217992,0.0004889898614439247,17402,0.08533651807329493
LAS_1.0Torr_SmallAdmixture_1kHzLaserFreq_CapCoupling_3%_N2_Trial,0,35.0,1.0,2.35,4,1.1617090932088379,0.0010851102333560814,0.2737808692856949,0.0002438291123599426,0.22139790099374035,0.0001726549814484798,0.49333242922754617,0.00046080388845246977,-0.053348870543156554,0.00022132497167239005,80.84345078752052,0.0004953689767425388,17372,0.08530716467230762
LAS_1.0Torr_SmallAdmixture_1kHzLaserFreq_CapCoupling_3%_N2_Trial,0,35.0,1.0,2.35,6,1.1732497102154955,0.0011006483971645687,0.2781823016849035,0.0002486931011086408,0.22274441851706978,0.0001744333003527121,0.4982332780338107,0.00046740233908196705,-0.055598328613512764,0.0003565414877644267,82.29086245611275,0.0004948164481717424,17418,0.08527869133747226
LAS_1.0Torr_SmallAdmixture_1kHzLaserFreq_CapCoupling_3%_N2_Trial,0,35.0,1.0,2.35,8,1.1716220766596288,0.0011224139631716855,0.2786542158168259,0.0002542056217496854,0.223432251252461,0.00017866272224347103,0.49754208570287173,0.00047664532393469313,-0.05541019401709485,0.0002690406876232473,89.33510587958081,0.0004849353277794611,17381,0.08530447301774063
LAS_1.0Torr_SmallAdmixture_1kHzLaserFreq_CapCoupling_3%_N2_Trial,0,35.0,1.0,2.48,0,1.1380508400156772,0.001168345958010302,0.2595148144629121,0.00025399247289183233,0.21422407726347675,0.0001840607207892652,0.48328569413070366,0.00049615084620827,-0.06651507734384637,0.00023911322517801813,101.12770730091354,0.00046967652584316576,17414,0.08440281610213829
LAS_1.0Torr_SmallAdmixture_1kHzLaserFreq_CapCoupling_3%_N2_Trial,0,35.0,1.0,2.48,2,1.1468775425917084,0.001156528782270045,0.2619432607701989,0.00025191673267355613,0.21456455020958917,0.00018090985821767925,0.48703404959194446,0.0004911325537212525,-0.06853893687290182,0.00043411116595271597,95.69656773278804,0.0004745229492073179,17301,0.08440127959493755
LAS_1.0Torr_SmallAdmixture_1kHzLaserFreq_CapCoupling_3%_N2_Trial,0,35.0,1.0,2.48,4,1.145908966213787,0.0012383330755254911,0.2617398824188432,0.0002696972792608965,0.21457917698224085,0.0001943559945355952,0.48662273307543813,0.0005258716385307548,-0.06814336142380434,0.00040781739786640095,109.70917203324046,0.0004747394861746166,17464,0.08439476891738462
LAS_1.0Torr_SmallAdmixture_1kHzLaserFreq_CapCoupling_3%_N2_Trial,0,35.0,1.0,2.48,6,1.1525806124768647,0.0011414910047257382,0.26006852916573425,0.00024642816602707634,0.2119748229929405,0.00017468759549275366,0.48945592038295915,0.0004847465975731218,-0.06759274786680212,0.0006460540601493984,86.3044108240179,0.0004853734260137355,17298,0.08440469355256128
LAS_1.0Torr_SmallAdmixture_1kHzLaserFreq_CapCoupling_3%_N2_Trial,0,35.0,1.0,2.48,8,1.1726128881370652,0.0012047298064642462,0.26864756062640915,0.00026292481676535066,0.21522664115105083,0.00018496315077220964,0.4979628445967529,0.0005116016440434251,-0.06433837668411974,0.00041891786577879413,87.71220287205213,0.000502679673652737,17553,0.08442117478127296
LAS_1.0Torr_SmallAdmixture_1kHzLaserFreq_CapCoupling_3%_N2_Trial,0,35.0,1.0,2.61,0,1.1320984496287196,0.0012674187598228674,0.23777756122885577,0.00025379899846008486,0.19731243791556666,0.0001844342161845283,0.4807579466709697,0.000538223191405783,-0.07639311820468482,0.00013515020922835204,97.78721618693694,0.00047865741123489315,18619,0.08330684653477886
LAS_1.0Torr_SmallAdmixture_1kHzLaserFreq_CapCoupling_3%_N2_Trial,0,35.0,1.0,2.61,2,1.117256457567977,0.001345806977036638,0.23116860876660045,0.0002651907337861336,0.19437650798027845,0.0001962677401253429,0.4744551329625245,0.0005715116022884671,-0.07877191176805132,0.0005353622452132217,103.98579296531327,0.0004891410430773023,17093,0.08327610040033713
LAS_1.0Torr_SmallAdmixture_1kHzLaserFreq_CapCoupling_3%_N2_Trial,0,35.0,1.0,2.61,4,1.1817385923465549,0.0012960009139610176,0.24952108972015638,0.00026167489918754434,0.1983597853391698,0.00018159042787376054,0.5018381743608027,0.0005503609147101448,-0.07736211504499774,0.0005155874197624582,97.49424592094505,0.00047677942724122686,16947,0.08330270490939738
LAS_1.0Torr_SmallAdmixture_1kHzLaserFreq_CapCoupling_3%_N2_Trial,0,35.0,1.0,2.61,6,1.1282172035790274,0.001311728020004999,0.24192714898480644,0.0002682177560896085,0.2014464783597247,0.00019491355950821676,0.4791097332298271,0.0005570396017194422,-0.07507609015696506,0.0006889895755533305,105.33356007886597,0.00048400149365012985,17049,0.08332473231442153
LAS_1.0Torr_SmallAdmixture_1kHzLaserFreq_CapCoupling_3%_N2_Trial,0,35.0,1.0,2.61,8,1.1602180466812853,0.0014659959911427708,0.2459145512928181,0.00029600976004150946,0.1991188617691214,0.00021034263284330985,0.4926992400669991,0.0006225511772061984,-0.07099112943926703,0.0006064941235722206,116.56347351896287,0.0004968687022416671,17027,0.08333048002208064
LAS_1.0Torr_SmallAdmixture_1kHzLaserFreq_CapCoupling_3%_N2_Trial,0,35.0,1.0,2.74,0,1.1764608429867,0.001302567655511244,0.24412454036021697,0.00025852145336912496,0.1949403545617184,0.00018044015766603284,0.49959692056691235,0.000553149553087877,-0.06664485634578023,0.00029393421138261365,99.94993176618871,0.00046540539344833495,17085,0.08227029130989173
LAS_1.0Torr_SmallAdmixture_1kHzLaserFreq_CapCoupling_3%_N2_Trial,0,35.0,1.0,2.74,3,1.1222015816445496,0.0013796226889063858,0.22701703118403221,0.0002657988808207906,0.19004452095091817,0.00019514427482352598,0.47655513380420567,0.0005858718129300846,-0.06630013063298569,0.00030586886302814417,102.67828831883133,0.0004844064807367524,18643,0.0822569021766356
LAS_1.0Torr_SmallAdmixture_1kHzLaserFreq_CapCoupling_3%_N2_Trial,0,35.0,1.0,2.74,6,1.1350657102047548,0.0012453529686791579,0.2362711230499417,0.0002472321743173431,0.1955498248936689,0.00017918754079415742,0.4820180262181506,0.0005288527126763057,-0.06633705597841541,0.00029388062900490393,92.0905017271549,0.0004772179649082078,17036,0.08227212276241526
LAS_1.0Torr_SmallAdmixture_1kHzLaserFreq_CapCoupling_3%_N2_Trial,0,35.0,1.0,2.74,9,1.1863727077788093,0.0012901476358759478,0.24239519033800702,0.0002522841262341487,0.1919422762239379,0.00017430974067293305,0.5038061019916351,0.0005478752563697458,-0.06638392467593489,0.00045249313590741514,83.66802388807008,0.000491427573220165,17042,0.0822938979895134
LAS_1.0Torr_SmallAdmixture_1kHzLaserFreq_CapCoupling_3%_N2_Trial,0,35.0,1.0,2.74,12,1.1715111829148457,0.0014606164917273941,0.24276944461201605,0.0002887114670859126,0.1946773276464026,0.00020299222651574514,0.4974949934653918,0.0006202667141421405,-0.06506099148809748,0.0004174706792577782,117.67621988616243,0.000476141430253863,17275,0.08223624104548642
LAS_1.0Torr_SmallAdmixture_1kHzLaserFreq_CapCoupling_3%_N2_Trial,0,35.0,1.0,2.87,0,1.162158675665949,0.0013327347444404352,0.23189094222824344,0.00025441578602987863,0.1874503028574534,0.00017869803217730133,0.49352334931847197,0.0005659603362272717,-0.06303673246758372,6.521966107256717e-05,89.31130303071622,0.0004864058242542731,18880,0.08140003939386259
LAS_1.0Torr_SmallAdmixture_1kHzLaserFreq_CapCoupling_3%_N2_Trial,0,35.0,1.0,2.87,2,1.157003536929276,0.0013402224177325012,0.2333393596144756,0.000258649994385042,0.18946155825203997,0.00018304156416242467,0.49133416346218906,0.0005691400583074647,-0.06448202290848618,5.218841178334168e-05,95.90110480978636,0.00048128806712424666,18858,0.08136960943260273
LAS_1.0Torr_SmallAdmixture_1kHzLaserFreq_CapCoupling_3%_N2_Trial,0,35.0,1.0,2.87,4,1.1575282619586593,0.0012520776378801438,0.236578167157334,0.00024490967857258427,0.19200425325077264,0.00017283595944921716,0.49155699366549516,0.0005317084167523671,-0.06667039789106925,9.654261188571213e-05,88.0733737557248,0.00047645278229716567,18914,0.08140288181178364
LAS_1.0Torr_SmallAdmixture_1kHzLaserFreq_CapCoupling_3%_N2_Trial,0,35.0,1.0,2.87,6,1.14586633812967,0.001348628120484051,0.23086504251270012,0.00025939065573427316,0.1892744555521336,0.00018572830901557617,0.4866046305948657,0.0005727096316042808,-0.0675711523316285,0.0002116780498782552,96.21561731863937,0.00048539461056947697,18916,0.0813740139461425
LAS_1.0Torr_SmallAdmixture_1kHzLaserFreq_CapCoupling_3%_N2_Trial,0,35.0,1.0,2.87,8,1.1513181445330238,0.0013767989346378795,0.2310421920399904,0.0002635556764994499,0.18852273733850208,0.00018848790022693628,0.4889197996095248,0.0005846726749006352,-0.06658541176738832,0.00017983716393568135,98.0517444855886,0.0004867467712064306,18914,0.08135582091209197
LAS_1.0Torr_SmallAdmixture_1kHzLaserFreq_CapCoupling_3%_N2_Trial,0,35.0,1.0,3.0,0,1.179237249283736,0.001484377556301848,0.2400418733183183,0.0002887311793262974,0.19122893580668165,0.00020074441636543647,0.5007759517641771,0.0006303571092127079,-0.07531648000598833,0.00035638610383302165,110.50041241599546,0.0004905886575253366,16909,0.08052139568351396
LAS_1.0Torr_SmallAdmixture_1kHzLaserFreq_CapCoupling_3%_N2_Trial,0,35.0,1.0,3.0,2,1.1972653781142155,0.0014339977751909611,0.2419760379599642,0.0002768896305987055,0.18986710445906385,0.00018965976617802958,0.5084317931812407,0.0006089627860171006,-0.07330589252504507,0.00020093729320181365,96.11285441825218,0.0004988110179295113,19234,0.08052743693761373
LAS_1.0Torr_SmallAdmixture_1kHzLaserFreq_CapCoupling_3%_N2_Trial,0,35.0,1.0,3.0,4,1.1893021288618348,0.001441060827166742,0.2408223664521701,0.0002787336576962175,0.19022711142907545,0.0001923443435507921,0.5050501125856536,0.0006119621880268997,-0.0718332973603655,0.00020291351731716126,110.91078772054168,0.0004708573448447403,19250,0.08046894094005108
LAS_1.0Torr_SmallAdmixture_1kHzLaserFreq_CapCoupling_3%_N2_Trial,0,35.0,1.0,3.0,6,1.1603963776781188,0.0014130768139814928,0.23517655899231546,0.00027350857846561243,0.19039496403441325,0.00019361725512035162,0.492774970268638,0.0006000784717980098,-0.07092204157111785,0.00025590105254471343,109.77633131765624,0.0004760795175776382,19287,0.08048719084405935
LAS_1.0Torr_SmallAdmixture_1kHzLaserFreq_CapCoupling_3%_N2_Trial,0,35.0,1.0,3.0,8,1.183951333706584,0.0014296876256296967,0.2378296259598172,0.00027527969424600375,0.18871216260753654,0.00018930859465674522,0.5027778390985386,0.0006071324340246587,-0.06977735912711101,0.00013647549207906312,104.89556376959064,0.0004794061645714093,19224,0.08050397955903961
LAS_1.0Torr_SmallAdmixture_1kHzLaserFreq_CapCoupling_3%_N2_Trial,0,40.0,1.0,0.0,0,1.0130564611480528,0.0005409329929378059,0.33864255528951975,0.00017115021848072444,0.31403327730870584,0.00014126984796502583,0.43020546868783693,0.00022971309169856182,-0.0014809784056222044,-0.0007692623255449346,54.15901680846174,0.00048714878531942463,17884,0.1351104903737307
LAS_1.0Torr_SmallAdmixture_1kHzLaserFreq_CapCoupling_3%_N2_Trial,0,40.0,1.0,0.0,2,0.9505323217585802,0.0007960766300730539,0.3272346460220812,0.000254412316091043,0.32341501526899835,0.00022845039950181306,0.40365391137397394,0.0003380626183104328,-0.0033278810025926587,-0.0007456955698540159,123.9494283647833,0.0004943605358167628,18557,0.13506969176364364
LAS_1.0Torr_SmallAdmixture_1kHzLaserFreq_CapCoupling_3%_N2_Trial,0,40.0,1.0,0.0,4,1.0083068411510154,0.0005531915040286213,0.34523724060420036,0.00017886776220556373,0.32165678202555364,0.00014804175976740352,0.42818849078455307,0.0002349188020528128,-0.0052809499527384385,-0.0007408094069924317,57.257386079167844,0.0004955018778312766,17925,0.13507982121653037
LAS_1.0Torr_SmallAdmixture_1kHzLaserFreq_CapCoupling_3%_N2_Trial,0,40.0,1.0,0.0,6,0.9985041862658524,0.0007677437589612338,0.3380102125724818,0.0002412051310900331,0.3180150856044964,0.0002069110605391462,0.4240256865372186,0.00032603075576042304,-0.007086827973358639,-0.00043260207686427685,113.94465446674448,0.0004917315878708024,19087,0.1351198698008128
LAS_1.0Torr_SmallAdmixture_1kHzLaserFreq_CapCoupling_3%_N2_Trial,0,40.0,1.0,0.0,8,0.9330293482477189,0.0009534120328378376,0.3544111879037137,0.00033857457060086567,0.3568452402170079,0.0003067734119780168,0.39622108288765484,0.0004048768120730461,-0.006073818890585046,-0.0003368453848113566,258.0379858922235,0.00046733246998617237,18174,0.13509155649490742
LAS_1.0Torr_SmallAdmixture_1kHzLaserFreq_CapCoupling_3%_N2_Trial,0,40.0,1.0,0.13,0,1.0803761523189361,0.0005398062845726635,0.41890393959931727,0.00019629899600045585,0.3642564455065565,0.00015295323116859736,0.45879350933788093,0.00022923462271002065,0.006351949941286351,-0.0008894676341523895,54.16340284957261,0.0005367635484578216,18681,0.13204886064256016
LAS_1.0Torr_SmallAdmixture_1kHzLaserFreq_CapCoupling_3%_N2_Trial,0,40.0,1.0,0.13,2,1.1134183922045402,0.0006130946745166051,0.4472205687890263,0.00023123372078401436,0.3773385432315476,0.00017446846742272818,0.47282525667047587,0.00026035733635372006,0.005969275127479563,-0.001129624366304261,10.74122731459636,0.0013843393253624146,18704,0.13287401957705194
LAS_1.0Torr_SmallAdmixture_1kHzLaserFreq_CapCoupling_3%_N2_Trial,0,40.0,1.0,0.13,4,1.0907608545647538,0.0005395856794215888,0.4299948255917783,0.00019960278265182261,0.3703407278674855,0.0001538099212531488,0.4632034863413174,0.0002291409403279889,0.00042105260696445433,-0.000690893194517668,42.633584307332804,0.0006106921786155977,18752,0.13155185684994558
LAS_1.0Torr_SmallAdmixture_1kHzLaserFreq_CapCoupling_3%_N2_Trial,0,40.0,1.0,0.13,6,1.0971560667492568,0.0005720993371934584,0.43412560104496456,0.0002125753533123274,0.37171901575305977,0.00016285837915597232,0.46591928290420037,0.0002429482195043653,0.0025314113133627276,-0.0006653314301049639,21.663739438644633,0.0009088360843343006,18679,0.13275205299606663
LAS_1.0Torr_SmallAdmixture_1kHzLaserFreq_CapCoupling_3%_N2_Trial,0,40.0,1.0,0.13,8,1.0922484836784747,0.0005132584187205243,0.4333732686654798,0.00019128661339578798,0.37274210974882643,0.00014717672466034137,0.46383522425983054,0.00021796078210034882,0.004034856484181406,-0.0005263606917210012,27.850260853524937,0.0007193088409159539,16890,0.13276736808519543
LAS_1.0Torr_SmallAdmixture_1kHzLaserFreq_CapCoupling_3%_N2_Trial,0,40.0,1.0,0.26,0,1.037602596158221,0.0006722036385909911,0.3926016722735689,0.000235995380819172,0.35545848476016434,0.00019510297898242234,0.4406292524763113,0.00028545860224412874,0.017618420405406086,-0.0006959442839077747,70.44304001871083,0.0005949754820999419,17485,0.1258500732921039
LAS_1.0Torr_SmallAdmixture_1kHzLaserFreq_CapCoupling_3%_N2_Trial,0,40.0,1.0,0.26,2,1.127977745654415,0.0007196134177524792,0.39703765273358826,0.00023590990977255828,0.3306731657271676,0.00017804945966542847,0.4790080448120146,0.000305591681738475,0.014315796509175858,-0.0004613422866242665,81.9200599679057,0.0005157471693302742,17510,0.12579738659333134
LAS_1.0Torr_SmallAdmixture_1kHzLaserFreq_CapCoupling_3%_N2_Trial,0,40.0,1.0,0.26,4,1.0518225604028508,0.0006943418997491011,0.39955050912962753,0.000244874891203241,0.3568592813373735,0.00019926198503621555,0.4466679152924515,0.00029485985615515487,0.01414760835120445,-0.0005961440286207187,97.90585992573621,0.000515225907248892,17471,0.12566494082222446
LAS_1.0Torr_SmallAdmixture_1kHzLaserFreq_CapCoupling_3%_N2_Trial,0,40.0,1.0,0.26,6,1.0088534415133685,0.0007615391980248402,0.39535393080103465,0.00027684093585163006,0.36815081912967107,0.00023563914691551372,0.4284206105864489,0.0003233959213281758,0.011115477388658425,-0.0005700568236792048,111.23542178290268,0.0005662730293985027,17428,0.1255877476529351
LAS_1.0Torr_SmallAdmixture_1kHzLaserFreq_CapCoupling_3%_N2_Trial,0,40.0,1.0,0.26,8,1.0947583600828494,0.0007455102273512984,0.40567517722742685,0.0002566053664650932,0.34811918175412804,0.0002003390124398856,0.4649010706329626,0.0003165890442135676,0.012556889900905265,-0.000747181818577618,87.91414251550245,0.0005486107122944883,17454,0.12587574684352923
LAS_1.0Torr_SmallAdmixture_1kHzLaserFreq_CapCoupling_3%_N2_Trial,0,40.0,1.0,0.39,0,1.048291155081715,0.0009404354175025392,0.3387091961979561,0.0002804381458232243,0.3035378520597653,0.00023071472353407483,0.44516826553000466,0.0003993661509239357,0.014141901513551531,-0.0008278459069671061,129.73122033036765,0.0005165294046291719,18288,0.12030403629352099
LAS_1.0Torr_SmallAdmixture_1kHzLaserFreq_CapCoupling_3%_N2_Trial,0,40.0,1.0,0.39,3,1.141135610361139,0.0009426887547673838,0.3501336069783711,0.0002679010522172616,0.28824669034467965,0.00020116495626300364,0.484595675482345,0.00040032305515515264,0.01152021238225436,-0.0007535943476747559,110.43211678212764,0.0005035488043279638,18385,0.1203157341817118
LAS_1.0Torr_SmallAdmixture_1kHzLaserFreq_CapCoupling_3%_N2_Trial,0,40.0,1.0,0.39,6,1.0595970903138452,0.0008235136539313005,0.35691555730817964,0.00025582877133905994,0.31644082731847856,0.00020817009309860574,0.44996945416265083,0.0003497140495593484,0.010259073734187739,-0.0009989654334954107,100.16849391709415,0.0005305692122943778,18396,0.12041510939067201
LAS_1.0Torr_SmallAdmixture_1kHzLaserFreq_CapCoupling_3%_N2_Trial,0,40.0,1.0,0.39,9,1.0830447611490437,0.0008631442153854869,0.3314452849642291,0.00024395186677993356,0.28749694169083034,0.00019336708742406626,0.45992676316580666,0.00036654359945969574,0.004674422911420422,-0.0007553705023417393,92.7135109270335,0.00052606788516036,18847,0.12035861072801739
LAS_1.0Torr_SmallAdmixture_1kHzLaserFreq_CapCoupling_3%_N2_Trial,0,40.0,1.0,0.39,12,1.0680604400854263,0.0008138197797982388,0.3436176783366058,0.00024219019614101184,0.3022368814856714,0.0001947140914429212,0.45356350789488414,0.0003455974402441197,0.0032604280409194394,-0.0005889874816718388,90.44085796467698,0.0005294755886781597,18204,0.12032489917669674
LAS_1.0Torr_SmallAdmixture_1kHzLaserFreq_CapCoupling_3%_N2_Trial,0,40.0,1.0,0.52,0,1.1085885067440802,0.000901560967525419,0.36008570943160584,0.0002699351714489726,0.305142924456778,0.00020996532198695405,0.4707741931632445,0.0003828576920040486,0.0007214753761511021,-0.000685606457964232,121.8678433123908,0.0004916774866480458,18689,0.11511905078408532
LAS_1.0Torr_SmallAdmixture_1kHzLaserFreq_CapCoupling_3%_N2_Trial,0,40.0,1.0,0.52,2,1.089757996317786,0.0009393419094350257,0.35672891593757344,0.0002891189372456254,0.3075218930755564,0.00022258805674815228,0.4627776116554432,0.0003989017808036707,0.0020462502963136467,-0.0008482683049203923,117.460028976552,0.0005266261915777736,16581,0.115147684276318
LAS_1.0Torr_SmallAdmixture_1kHzLaserFreq_CapCoupling_3%_N2_Trial,0,40.0,1.0,0.52,4,1.092385257231967,0.00089002452807861,0.3593806591044827,0.0002711629239588853,0.3090627470219601,0.00021279683489715847,0.46389330664017253,0.00037795861724410984,0.0012648412074326007,-0.0007053176328640885,133.1901713854992,0.00047456332949750686,17870,0.11518811086361959
LAS_1.0Torr_SmallAdmixture_1kHzLaserFreq_CapCoupling_3%_N2_Trial,0,40.0,1.0,0.52,6,1.112536260155868,0.0009105924871664296,0.3661472413830443,0.0002764141493868894,0.3091785682563555,0.00021406829172238533,0.4724506496806409,0.00038669302526446843,0.00012906952738850653,-0.0005224154870535321,138.4057724894434,0.00047022502938494663,18607,0.11512417677606632
LAS_1.0Torr_SmallAdmixture_1kHzLaserFreq_CapCoupling_3%_N2_Trial,0,40.0,1.0,0.52,8,1.1163501606848751,0.0008898510790861888,0.3653225461184013,0.00026749606965165406,0.30742828787926973,0.00020774495593927313,0.47407026411234876,0.0003778849602388591,0.001761518430908592,-0.0005782529623294786,125.06006602600824,0.0004814543622433037,19135,0.11522336949226485
LAS_1.0Torr_SmallAdmixture_1kHzLaserFreq_CapCoupling_3%_N2_Trial,0,40.0,1.0,0.65,0,1.0865417777625304,0.0009376872745638127,0.35724656954046685,0.0002846915487026313,0.3088797430366562,0.0002254101515027245,0.46141180938870846,0.00039819912206985175,-0.00777457306548554,-0.0005404883745716159,159.39073914264512,0.00045926833868381855,17096,0.11157055118559049
LAS_1.0Torr_SmallAdmixture_1kHzLaserFreq_CapCoupling_3%_N2_Trial,0,40.0,1.0,0.65,2,1.08560941877367,0.0009077485862888413,0.35694955582392585,0.00027568091076360303,0.3088879974301225,0.00021838328370842177,0.4610158729812417,0.0003854853317578714,-0.011189730941193299,-0.0006095361450248847,149.72927868988785,0.0004602157620970063,17088,0.11162959136102889
LAS_1.0Torr_SmallAdmixture_1kHzLaserFreq_CapCoupling_3%_N2_Trial,0,40.0,1.0,0.65,4,1.0758279831378164,0.000896512581538624,0.35297753648125707,0.00027050913833646126,0.308227952341318,0.00021755401650049407,0.4568620797194194,0.0003807138398666218,-0.01329435650581253,-0.0006634795342701478,143.1370965348039,0.00047104227706719175,18767,0.11166331572652147
LAS_1.0Torr_SmallAdmixture_1kHzLaserFreq_CapCoupling_3%_N2_Trial,0,40.0,1.0,0.65,6,1.0565335023010904,0.0009419643520131295,0.35009362706030334,0.0002889787031453701,0.31129254640700904,0.00023435320112977708,0.4486684681194841,0.0004000154296294642,-0.016986283823499954,-0.00018999432405417845,182.96280732858145,0.0004452450117603294,16786,0.11159286547726588
LAS_1.0Torr_SmallAdmixture_1kHzLaserFreq_CapCoupling_3%_N2_Trial,0,40.0,1.0,0.65,8,1.1075315587698054,0.0009185148895883588,0.3585438310040096,0.0002747281242753963,0.30412626911244767,0.00021321164435158006,0.4703253486850836,0.00039005735980826795,-0.013209463717086508,-0.0001714222953562346,143.46836887307137,0.0004604654988244035,17071,0.11160503498360601
LAS_1.0Torr_SmallAdmixture_1kHzLaserFreq_CapCoupling_3%_N2_Trial,0,40.0,1.0,0.78,0,0.9792256342279069,0.00113816236241193,0.3021040495446263,0.0003211463569780773,0.28982881602371774,0.00028723656572261037,0.41583883927531157,0.0004833330533318826,-0.018162924625084544,-0.0005175824239551153,209.36597727017593,0.0004845724765499122,17496,0.10886528934186254
LAS_1.0Torr_SmallAdmixture_1kHzLaserFreq_CapCoupling_3%_N2_Trial,0,40.0,1.0,0.78,2,1.1346576381679803,0.0011336858468535226,0.3301637016445721,0.0003052103535306218,0.2733583055935518,0.00023127739192731455,0.48184473397969035,0.0004814320522053406,-0.022330960614771116,-0.00046733760460510764,166.65189830088107,0.0004766237034510077,17524,0.10892558769000267
LAS_1.0Torr_SmallAdmixture_1kHzLaserFreq_CapCoupling_3%_N2_Trial,0,40.0,1.0,0.78,4,1.0435049912381695,0.0009430269804215159,0.3212361679042936,0.0002667187733544679,0.2891996051095412,0.0002222321135518796,0.4431357688839679,0.0004004666863658882,-0.02429176671303199,-0.0005864203185397169,145.52900173696327,0.00046515607740475545,17439,0.10890760335057587
LAS_1.0Torr_SmallAdmixture_1kHzLaserFreq_CapCoupling_3%_N2_Trial,0,40.0,1.0,0.78,6,1.0763070426965946,0.0010580374589368386,0.31375549537055425,0.00028451619620867996,0.27385643413564853,0.00022873074661892574,0.4570655175828727,0.00044930713969819835,-0.028918771737776176,-0.00030621375705749043,153.0334360120955,0.0004784556247958971,17467,0.10889620057419312
LAS_1.0Torr_SmallAdmixture_1kHzLaserFreq_CapCoupling_3%_N2_Trial,0,40.0,1.0,0.78,8,1.0225328728820577,0.0011327460182063735,0.3123533395864703,0.00031829569995876295,0.28697011031713565,0.0002709941802312777,0.4342297302249347,0.00048103294372606116,-0.028394259748647375,-0.00012893858400047278,212.58027109556457,0.0004668278059758049,17391,0.1088150900420182
LAS_1.0Torr_SmallAdmixture_1kHzLaserFreq_CapCoupling_3%_N2_Trial,0,40.0,1.0,0.91,0,1.076911447938369,0.0008985739149256486,0.3525735462061572,0.00027149578432363676,0.3075654302157197,0.00021713157304539883,0.45732218485689646,0.0003815892075582526,-0.007169704450002844,-0.00039264927815192105,141.02970902188176,0.00046453912924152024,16800,0.10580334890965733
LAS_1.0Torr_SmallAdmixture_1kHzLaserFreq_CapCoupling_3%_N2_Trial,0,40.0,1.0,0.91,2,1.0965498301872922,0.0009289729971453548,0.3491782738845924,0.00027193977877606063,0.29914836368462605,0.0002144685360999704,0.46566183794009636,0.00039449850917722476,-0.005910130020439288,-0.0004442127984790588,134.2567973249428,0.0004779398839193373,18421,0.10578187665294098
LAS_1.0Torr_SmallAdmixture_1kHzLaserFreq_CapCoupling_3%_N2_Trial,0,40.0,1.0,0.91,4,1.1309958790993935,0.0008526772791156207,0.36234502347918607,0.00025126377833981984,0.3009740610891589,0.00019191656312643173,0.48028972807751386,0.00036209870088158437,-0.005486103688113749,-0.0006502493524462102,105.97500149366745,0.0004846193804305108,18470,0.10573956868702086
LAS_1.0Torr_SmallAdmixture_1kHzLaserFreq_CapCoupling_3%_N2_Trial,0,40.0,1.0,0.91,6,1.1402359053275015,0.000815310462196732,0.3587983090057658,0.00023589715398299988,0.2956129564413248,0.00017904762890693022,0.4842136059328964,0.00034623047477329267,-0.008437468590509771,-0.000579285641946895,98.16238454420935,0.0004698025791859367,18464,0.10579365604964931
LAS_1.0Torr_SmallAdmixture_1kHzLaserFreq_CapCoupling_3%_N2_Trial,0,40.0,1.0,0.91,8,1.0772138790024646,0.0008804350228517956,0.3422390555484089,0.0002570764928985918,0.29846638005339,0.00020624602369356313,0.4574506155048068,0.0003738863293225551,-0.01072738789884013,-0.0006370330764762659,114.06706734741793,0.000497191194257856,18472,0.10574577537287198
LAS_1.0Torr_SmallAdmixture_1kHzLaserFreq_CapCoupling_3%_N2_Trial,0,40.0,1.0,1.04,0,1.1251535229434333,0.0008272239780389864,0.39745015118314503,0.0002703136680106531,0.3318475930906633,0.00020639548262680316,0.4778087078533619,0.00035128967913474434,-0.01950450870774177,-0.0006075633303310405,116.40543402151557,0.0004908849144390387,16596,0.10434576974016148
LAS_1.0Torr_SmallAdmixture_1kHzLaserFreq_CapCoupling_3%_N2_Trial,0,40.0,1.0,1.04,2,1.1179523242463227,0.0007552553439078256,0.3973556807558987,0.0002468785964266025,0.33390577693626255,0.00019119566849785973,0.47475064033253106,0.00032072741418247074,-0.0218095627779116,-0.000573921267844854,104.76716418319621,0.0004819856586859367,18121,0.10429976724454228
LAS_1.0Torr_SmallAdmixture_1kHzLaserFreq_CapCoupling_3%_N2_Trial,0,40.0,1.0,1.04,4,1.0987855110662008,0.0006766727738322675,0.39073532106765335,0.00022112470305599412,0.33407004644559346,0.00017440182283267195,0.46661124419456834,0.0002873564692385545,-0.024592574750919364,-0.0005691492882521343,80.92840493551812,0.0004989484603810246,18214,0.10435394462513552
LAS_1.0Torr_SmallAdmixture_1kHzLaserFreq_CapCoupling_3%_N2_Trial,0,40.0,1.0,1.04,6,1.1131265679337239,0.0007316621211040046,0.397993622178709,0.00024182236072813615,0.33589176301256446,0.00018667253241234062,0.47270133031294714,0.00031070829494930194,-0.027130767856263276,-0.00019712769862762064,100.34572366361604,0.0004778234423124931,16701,0.10434519587607372
LAS_1.0Torr_SmallAdmixture_1kHzLaserFreq_CapCoupling_3%_N2_Trial,0,40.0,1.0,1.04,8,1.0967755012744362,0.0007938532970090974,0.39188638691959043,0.0002623555315999331,0.3356682205787702,0.00020545961758997456,0.46575767162709936,0.00033711845569017306,-0.023045536777197128,-0.0002132423905102552,113.81550553846125,0.0004930564526216769,16566,0.10432980777249604
LAS_1.0Torr_SmallAdmixture_1kHzLaserFreq_CapCoupling_3%_N2_Trial,0,40.0,1.0,1.17,0,1.112254626371451,0.0006611355926822983,0.41261391643723966,0.00022512796018247938,0.3485037379219259,0.00017581801025561307,0.47233105082423943,0.00028075843590570805,-0.02775554777125137,-0.0004307144547332567,85.96831507330418,0.00048796232811750814,18656,0.10359926662787952
LAS_1.0Torr_SmallAdmixture_1kHzLaserFreq_CapCoupling_3%_N2_Trial,0,40.0,1.0,1.17,2,1.1334148194433897,0.0010515789814378109,0.4182422848107214,0.00035590929167194377,0.346662481502284,0.00027297327976708496,0.4813169574613899,0.00044656447682990145,-0.03338697964143698,2.1642387120716163e-05,213.5225082434278,0.00048254721132137186,19273,0.10361488393453573
LAS_1.0Torr_SmallAdmixture_1kHzLaserFreq_CapCoupling_3%_N2_Trial,0,40.0,1.0,1.17,4,1.1361342666887215,0.0010570710060645054,0.4192433418006946,0.00035799296129741316,0.34666045702686327,0.0002734059007062265,0.4824718003764866,0.00044889672495148665,-0.033649891131484595,0.0001024292445681447,218.61358999802746,0.0004787936103046711,19305,0.10364383036907147
LAS_1.0Torr_SmallAdmixture_1kHzLaserFreq_CapCoupling_3%_N2_Trial,0,40.0,1.0,1.17,6,1.1281678682737415,0.0010315538295544116,0.41509338265732626,0.00034820942785291937,0.3456526362575079,0.00026820863666938044,0.4790887824546754,0.0004380605778055766,-0.032880816861259404,0.0002551521162326775,198.4008487780033,0.0004925721317565104,19308,0.10363182928356715
LAS_1.0Torr_SmallAdmixture_1kHzLaserFreq_CapCoupling_3%_N2_Trial,0,40.0,1.0,1.17,8,1.117896217333644,0.0006973837244067231,0.40940980835801893,0.0002344413586474497,0.34405236396109223,0.0001821592120168733,0.47472681392048854,0.0002961516001523409,-0.025700129992973716,-0.0001894821318198485,92.33090704161779,0.00048766030361232246,18642,0.10362197445771244
LAS_1.0Torr_SmallAdmixture_1kHzLaserFreq_CapCoupling_3%_N2_Trial,0,40.0,1.0,1.3,0,1.0678881896546248,0.0005989979376165824,0.3861741738158465,0.0001985389888339586,0.33972322052833726,0.0001616757971474547,0.4534903598718898,0.0002543710033726632,-0.04242258117870396,-0.00024838919983630393,75.44627348956091,0.00047336806253821506,18706,0.10181328333080476
LAS_1.0Torr_SmallAdmixture_1kHzLaserFreq_CapCoupling_3%_N2_Trial,0,40.0,1.0,1.3,2,1.08640408813499,0.00064082656337914,0.37859029243839964,0.00020457616300972574,0.32737527219820534,0.00016374613496091843,0.4613533379875367,0.0002721339852407778,-0.042502633567934385,-4.8572878597591994e-05,75.6208950566834,0.0004764659651397544,18743,0.10187373015873016
LAS_1.0Torr_SmallAdmixture_1kHzLaserFreq_CapCoupling_3%_N2_Trial,0,40.0,1.0,1.3,4,1.0369440364935625,0.0008812085731622765,0.35903112824733713,0.00028185639712061664,0.3252704236862043,0.00023383844361155606,0.4403495879363189,0.0003742148258937106,-0.04035196814905557,3.822900587871975e-05,131.10721434166368,0.0005096240424440318,17037,0.10185265820802006
LAS_1.0Torr_SmallAdmixture_1kHzLaserFreq_CapCoupling_3%_N2_Trial,0,40.0,1.0,1.3,6,1.0607628435564522,0.0008000661890982546,0.3785015235739928,0.00026429983547144166,0.3352101211406171,0.00021401615193517427,0.4504645039840021,0.00033975682803725213,-0.039602034704881314,0.00011848798352398891,117.27627875599126,0.0005005508875088319,17140,0.10184044068504595
LAS_1.0Torr_SmallAdmixture_1kHzLaserFreq_CapCoupling_3%_N2_Trial,0,40.0,1.0,1.3,8,1.057988388191831,0.0008151345206884952,0.37237839101042264,0.00026557251913095084,0.3306521566793953,0.0002153252989310643,0.44928630127145275,0.0003461557592940321,-0.03739029533304827,1.2682325245893033e-05,126.74174017717745,0.00048281505088026874,17041,0.10181091896407686
LAS_1.0Torr_SmallAdmixture_1kHzLaserFreq_CapCoupling_3%_N2_Trial,0,40.0,1.0,1.43,0,1.1388036259971368,0.0004834379208168866,0.37311925584082867,0.0001472392495063428,0.30779857943517686,0.00011021465298635409,0.48360537290320604,0.00020529718261784745,-0.02826368174191851,-0.0003085711772945725,35.405535097803316,0.00047961103151592367,17109,0.10023254691298622
LAS_1.0Torr_SmallAdmixture_1kHzLaserFreq_CapCoupling_3%_N2_Trial,0,40.0,1.0,1.43,2,1.077586407489462,0.0005178528264244562,0.3557231947284302,0.00015842246520078918,0.3101186389354959,0.00012582466487668978,0.45760881378742446,0.0002199118474115291,-0.03124268534227708,-0.0003109790867524535,46.338969789449045,0.00046942441312569665,17145,0.10023301733034636
LAS_1.0Torr_SmallAdmixture_1kHzLaserFreq_CapCoupling_3%_N2_Trial,0,40.0,1.0,1.43,4,1.0712321416934467,0.000634984025658878,0.35384684953160694,0.0001944349180335504,0.3103126843028812,0.0001557641193140362,0.4549104055547342,0.000269652887913366,-0.03490875651579429,-0.0003499965586895362,67.97343701271222,0.0004801413042264551,17044,0.10029724616255663
LAS_1.0Torr_SmallAdmixture_1kHzLaserFreq_CapCoupling_3%_N2_Trial,0,40.0,1.0,1.43,6,1.1295161055484617,0.0005387191610746948,0.3825152123742024,0.00016937166768632043,0.31814424638022315,0.00012797633616959048,0.4796613261093658,0.00022877296386680557,-0.039557324853636965,-1.0981373259979449e-05,47.132577629541075,0.0004793168924405059,17155,0.10022339896829391
LAS_1.0Torr_SmallAdmixture_1kHzLaserFreq_CapCoupling_3%_N2_Trial,0,40.0,1.0,1.43,8,1.0840482268257263,0.0007139810339196332,0.35394741889488257,0.00021613376010246675,0.3067311875810385,0.0001710111913084624,0.4603528958033304,0.00030319982855006204,-0.03819531949934033,-7.893878916994505e-05,75.32240614689285,0.000500800969681511,17061,0.10021385778392887
LAS_1.0Torr_SmallAdmixture_1kHzLaserFreq_CapCoupling_3%_N2_Trial,0,40.0,1.0,1.57,0,1.1459789938684777,0.0004699765369700499,0.3724218801864537,0.00014193648881764302,0.3052996603973733,0.00010562091905305615,0.48665247108231413,0.00019958065923626577,-0.027952123853274807,-0.0001639260858564262,30.35093621561379,0.0004939319804710676,17542,0.09866888632638925
LAS_1.0Torr_SmallAdmixture_1kHzLaserFreq_CapCoupling_3%_N2_Trial,0,40.0,1.0,1.57,2,1.145301856725362,0.0005141834692627323,0.3778327255766517,0.00015762727956336264,0.3099184249419385,0.00011741748929145383,0.48636491741359766,0.00021835361489628153,-0.029550972362060043,-5.605288289148892e-05,40.307075543982634,0.00047640222957822347,17391,0.0986522498538378
LAS_1.0Torr_SmallAdmixture_1kHzLaserFreq_CapCoupling_3%_N2_Trial,0,40.0,1.0,1.57,4,1.1493969703732065,0.0005141846306057715,0.37662120601268834,0.00015649240073765564,0.3078240242466088,0.00011623369750792553,0.4881039520614834,0.00021835410807326196,-0.028642973316110768,-9.16535390308628e-05,37.541407140074895,0.00048805418252306424,17437,0.09863714346863776
LAS_1.0Torr_SmallAdmixture_1kHzLaserFreq_CapCoupling_3%_N2_Trial,0,40.0,1.0,1.57,6,1.1384544255712958,0.0005043944686487872,0.3734258925321686,0.00015371249620161278,0.3081460235883983,0.00011520544205595315,0.48345708113603775,0.0002141966090840534,-0.029428250339463724,0.00016473607328140443,35.75416696939166,0.0004951575715132348,17441,0.09867538837384114
LAS_1.0Torr_SmallAdmixture_1kHzLaserFreq_CapCoupling_3%_N2_Trial,0,40.0,1.0,1.57,8,1.122995083034868,0.0005067400656612107,0.3689754840438537,0.0001546449094432765,0.3086650421480804,0.00011752721185395322,0.47689210281888383,0.00021519269242272426,-0.02600728633425621,-9.846631938748403e-05,36.17971565822361,0.0005024066120543629,17397,0.0987388438366924
LAS_1.0Torr_SmallAdmixture_1kHzLaserFreq_CapCoupling_3%_N2_Trial,0,40.0,1.0,1.7,0,1.1551820242437272,0.0004713349653065661,0.3656051022854296,0.0001386152835950057,0.2973237595127829,0.00010235929519897785,0.4905606382455202,0.00020015753063643186,-0.038674660712605176,-0.00027696452674552175,30.012484438532738,0.0004832786977598723,17099,0.09684879259080682
LAS_1.0Torr_SmallAdmixture_1kHzLaserFreq_CapCoupling_3%_N2_Trial,0,40.0,1.0,1.7,2,1.155527426161408,0.0004942500074709423,0.3646609460877614,0.00014497521977927997,0.29646729197829935,0.00010699799455360233,0.49070731693479397,0.00020988865306879377,-0.04266157466703062,-0.00014960365200147811,31.75575206722099,0.0004904272368022168,17060,0.09687087277933615
LAS_1.0Torr_SmallAdmixture_1kHzLaserFreq_CapCoupling_3%_N2_Trial,0,40.0,1.0,1.7,4,1.135463167395665,0.0004688241448167468,0.35497119159142415,0.00013603256990895536,0.29368911279639737,0.00010238982671610344,0.48218681074661124,0.00019909128334712518,-0.045768844568969694,1.6713249231357565e-05,31.2061910812628,0.00047316410038058767,18627,0.09688067375442463
LAS_1.0Torr_SmallAdmixture_1kHzLaserFreq_CapCoupling_3%_N2_Trial,0,40.0,1.0,1.7,6,1.153624021713147,0.00047607165666256737,0.36251581410645056,0.00013905519476385615,0.29520958603481157,0.00010280289736005858,0.4898990154884574,0.0002021690182513757,-0.04534586886925994,0.0001769357962888882,27.38970433182095,0.0005076086300398533,17508,0.09690625991367795
LAS_1.0Torr_SmallAdmixture_1kHzLaserFreq_CapCoupling_3%_N2_Trial,0,40.0,1.0,1.7,8,1.1598048431979446,0.0004927744009337658,0.36500557163247765,0.00014406997437569296,0.29565305140401327,0.0001060258450577494,0.49252376870382103,0.00020926202066845804,-0.04319516915295386,0.00015041889779064923,32.213844223107465,0.00048432717956843727,18560,0.09695557106959192
LAS_1.0Torr_SmallAdmixture_1kHzLaserFreq_CapCoupling_3%_N2_Trial,0,40.0,1.0,1.83,0,1.1287729709889798,0.0006187104189761046,0.34239407023686913,0.00017449693313990072,0.2849623102725428,0.00013177605441562224,0.4793457459184081,0.00026274212345086986,-0.045121877652403504,7.547658333689544e-05,50.663228376176924,0.00047837910077661125,16847,0.09549048690065307
LAS_1.0Torr_SmallAdmixture_1kHzLaserFreq_CapCoupling_3%_N2_Trial,0,40.0,1.0,1.83,2,1.1285547672551854,0.0005881105883344778,0.34157030647507186,0.00016531664183266128,0.28433168554148697,0.00012509162144826137,0.47925308332440025,0.0002497475718263424,-0.045941586879585244,0.00010488133864844758,42.97609165804767,0.0004925919342183451,18336,0.09558897288329901
LAS_1.0Torr_SmallAdmixture_1kHzLaserFreq_CapCoupling_3%_N2_Trial,0,40.0,1.0,1.83,4,1.1614406667036017,0.0007016801279447752,0.35423515308814785,0.0001990288165713017,0.28652493216152347,0.00014578266187890605,0.49321843898621004,0.000297976114746192,-0.04637314012435089,-0.00022928891605643914,54.732641897496386,0.0005092167198292099,16918,0.09553782468075848
LAS_1.0Torr_SmallAdmixture_1kHzLaserFreq_CapCoupling_3%_N2_Trial,0,40.0,1.0,1.83,6,1.122391150991685,0.0006239422061449014,0.34105623959394427,0.00017618150520622378,0.2854628222296497,0.00013395448164888564,0.4766356364937999,0.000264963858899333,-0.050987764519393304,3.391272401745225e-05,49.536359543962774,0.0004916325243309972,18387,0.09554844741092199
LAS_1.0Torr_SmallAdmixture_1kHzLaserFreq_CapCoupling_3%_N2_Trial,0,40.0,1.0,1.83,8,1.1498233039055412,0.0005287219439891537,0.34735082468614836,0.00014827503996812873,0.28379518173693397,0.00011016794522948323,0.48828499924308616,0.0002245275366603246,-0.05230126310292484,2.6242806643207654e-05,34.30873016071312,0.00048516047051195903,18424,0.09556161414197129
LAS_1.0Torr_SmallAdmixture_1kHzLaserFreq_CapCoupling_3%_N2_Trial,0,40.0,1.0,1.96,0,1.198788813725858,0.0011763561354327795,0.2777421603863518,0.0002549590487984563,0.21765413252611865,0.00017939025506493272,0.5090787367193922,0.0004995524553628126,-0.05467468497453495,-1.4718123177726977e-05,89.0421531132631,0.0005066565654679903,16862,0.0938476561841684
LAS_1.0Torr_SmallAdmixture_1kHzLaserFreq_CapCoupling_3%_N2_Trial,0,40.0,1.0,1.96,2,1.0870102972248077,0.000989777574354038,0.2878288859665446,0.00024314195861645214,0.24875310386102198,0.00019186078318347212,0.46161077128529415,0.0004203198356675401,-0.057460081401950365,7.430548361180085e-05,97.94850823418228,0.0004914903395958709,16651,0.09382337001834251
LAS_1.0Torr_SmallAdmixture_1kHzLaserFreq_CapCoupling_3%_N2_Trial,0,40.0,1.0,1.96,4,1.14592653897824,0.0010293418033361958,0.27104933923922636,0.0002265994364177193,0.22220783356259516,0.00016835035639000778,0.48663019554140885,0.0004371212167606069,-0.059055086736015026,-6.900444731707974e-05,74.04792883536973,0.0005081163609691844,19162,0.0938521207497457
LAS_1.0Torr_SmallAdmixture_1kHzLaserFreq_CapCoupling_3%_N2_Trial,0,40.0,1.0,1.96,6,1.0751145841800127,0.0007966426961425944,0.2741537327794475,0.00018816886106701175,0.23955608123771155,0.00014978826118961625,0.4565591270758367,0.0003383030044370648,-0.06305586053299657,8.466966920450671e-05,55.681043511299634,0.000504432240932147,19157,0.09381112997565327
LAS_1.0Torr_SmallAdmixture_1kHzLaserFreq_CapCoupling_3%_N2_Trial,0,40.0,1.0,1.96,8,1.1177675833739924,0.0008142518181381039,0.3117699455740473,0.00021050474377601414,0.2620297042130486,0.00016164104238497692,0.47467218810739387,0.00034578091003442354,-0.06502259765095764,6.18587571233633e-05,69.42453772059734,0.0004930671623419668,19156,0.09386852560574983
LAS_1.0Torr_SmallAdmixture_1kHzLaserFreq_CapCoupling_3%_N2_Trial,0,40.0,1.0,2.09,0,1.1733307802397304,0.0007212280943860143,0.3199004457125107,0.00018272029011990996,0.25613101542734973,0.00013287794295374479,0.4982677053032769,0.0003062773717711135,-0.05312624801046655,1.6052525406537224e-06,46.64751551498762,0.0005045035006217163,18639,0.09248529309428614
LAS_1.0Torr_SmallAdmixture_1kHzLaserFreq_CapCoupling_3%_N2_Trial,0,40.0,1.0,2.09,2,1.1558953827996237,0.0007072551369887131,0.31544315077989227,0.00017916490945653061,0.2563718651037096,0.0001323409272013342,0.49086357373199263,0.0003003436031051017,-0.05456905781909706,0.0001611261687503504,47.47983234154219,0.0004964684362431767,19273,0.09253827112964075
LAS_1.0Torr_SmallAdmixture_1kHzLaserFreq_CapCoupling_3%_N2_Trial,0,40.0,1.0,2.09,4,1.1690591456245645,0.0006860812608976952,0.32079096857963996,0.00017474526485386288,0.25778250457369334,0.00012775694592215254,0.4964537091025143,0.0002913518858247523,-0.054324897504615756,0.0001671943196328402,45.62004039701328,0.0004882115672386331,19248,0.09252716586121128
LAS_1.0Torr_SmallAdmixture_1kHzLaserFreq_CapCoupling_3%_N2_Trial,0,40.0,1.0,2.09,6,1.1759535380837556,0.0007219782036070157,0.31834403794902166,0.00018178150757957635,0.2543163883739998,0.00013159344262943045,0.4993814880101804,0.00030659591382811024,-0.05439259362861049,0.0004370344953378989,51.098228548471695,0.00047739265322076544,19294,0.0925211911975828
LAS_1.0Torr_SmallAdmixture_1kHzLaserFreq_CapCoupling_3%_N2_Trial,0,40.0,1.0,2.09,8,1.177169019141059,0.0006958216114603822,0.3182560382426488,0.00017487639180634626,0.2539835670450817,0.000126687878690405,0.4998976552900829,0.0002954882318624212,-0.0491767636160877,0.00014799745268804517,44.0211575226892,0.0004959948328247249,19246,0.09249154317279129
LAS_1.0Torr_SmallAdmixture_1kHzLaserFreq_CapCoupling_3%_N2_Trial,0,40.0,1.0,2.22,0,1.1550588004422866,0.0009202962819069735,0.3016355123434819,0.00022324661773046096,0.24532746278079584,0.00016482881947756998,0.4905083099150813,0.0003908138474738005,-0.0487921117939884,7.249030615511133e-05,74.60452248734614,0.0004938923244011186,18794,0.09117521579715278
LAS_1.0Torr_SmallAdmixture_1kHzLaserFreq_CapCoupling_3%_N2_Trial,0,40.0,1.0,2.22,2,1.1630808587605754,0.0009289562400705073,0.3034033566321243,0.00022519409608724402,0.24506329164986876,0.00016514269679326402,0.4939149644215336,0.00039449139310273625,-0.04836590414753191,0.0002402845838487464,81.30149229574126,0.0004739591780975691,18826,0.09118603121034528
LAS_1.0Torr_SmallAdmixture_1kHzLaserFreq_CapCoupling_3%_N2_Trial,0,40.0,1.0,2.22,4,1.1866170317917566,0.0009386056080664135,0.3106509739634424,0.00022860367284820423,0.24594043215859387,0.00016404769107482547,0.5039098568469002,0.0003985891024016986,-0.046302739846090395,8.52878433556597e-05,72.93861384372343,0.0005004201086967278,18775,0.09111231779703466
LAS_1.0Torr_SmallAdmixture_1kHzLaserFreq_CapCoupling_3%_N2_Trial,0,40.0,1.0,2.22,6,1.1733412479060734,0.0009031318929090334,0.3059374448909002,0.00021902234504255413,0.24494923466940036,0.00015905788399470162,0.49827215051188856,0.0003835248025915134,-0.04604195862257499,0.0002309575604932504,67.88164649544755,0.0005010078837705559,18752,0.09119519823181726
LAS_1.0Torr_SmallAdmixture_1kHzLaserFreq_CapCoupling_3%_N2_Trial,0,40.0,1.0,2.22,8,1.1575369444471375,0.0009238023585171471,0.30349611091487655,0.00022511269177205543,0.24631227703058411,0.00016588383851327184,0.4915606807788678,0.0003923027411230507,-0.04390427047781011,-7.947321905685295e-06,73.59551520372182,0.0005006266745405903,18751,0.09112860701345754
LAS_1.0Torr_SmallAdmixture_1kHzLaserFreq_CapCoupling_3%_N2_Trial,0,40.0,1.0,2.35,0,1.1624647095517537,0.0010150772812294005,0.293490072203577,0.00024426222141793756,0.23718183656741582,0.00017293385727256094,0.49365330994389234,0.0004310636319626111,-0.05483571532181438,0.0003297579006760006,79.5842437498027,0.00049860503070476,17466,0.08983771162814275
LAS_1.0Torr_SmallAdmixture_1kHzLaserFreq_CapCoupling_3%_N2_Trial,0,40.0,1.0,2.35,2,1.1714679746637204,0.001056657208338095,0.29229802855251574,0.00025147367025863017,0.23440304852676266,0.0001765089596631956,0.4974766446105752,0.0004487210012365116,-0.05580781012610953,0.00031526736899927974,87.33151094955386,0.0004846693825551218,17420,0.08983318063922356
LAS_1.0Torr_SmallAdmixture_1kHzLaserFreq_CapCoupling_3%_N2_Trial,0,40.0,1.0,2.35,4,1.160996876598157,0.0010493972538866874,0.291414725356613,0.00025090628863512547,0.235802405743059,0.00017806641001043104,0.493029978680557,0.0004456379824441724,-0.05698837559247189,0.00019745976089526003,83.10492663053046,0.0005001824606860193,17497,0.08986435063169344
LAS_1.0Torr_SmallAdmixture_1kHzLaserFreq_CapCoupling_3%_N2_Trial,0,40.0,1.0,2.35,6,1.1766481522135566,0.0010724540480378491,0.29518544390896584,0.00025631004669938995,0.23567640812243185,0.00017935145411347605,0.4996764634717945,0.00045542930140283984,-0.058299231919721584,0.0003236264260346391,79.79549596644215,0.0005147562459564363,17430,0.08988420773382798
LAS_1.0Torr_SmallAdmixture_1kHzLaserFreq_CapCoupling_3%_N2_Trial,0,40.0,1.0,2.35,8,1.171007175763993,0.0010579222156525112,0.29215939868270463,0.00025145444143138295,0.23438407221197322,0.00017690477913293723,0.4972809613350317,0.0004492582003813404,-0.05881898463432806,0.0003833725028550353,76.06873290636517,0.0005207952416486207,17499,0.08990999743069134
LAS_1.0Torr_SmallAdmixture_1kHzLaserFreq_CapCoupling_3%_N2_Trial,0,40.0,1.0,2.48,0,1.1759253502098759,0.0011440255327156538,0.2825615384762747,0.0002623767258688464,0.22573613429114509,0.00018344359076560764,0.49936951772228555,0.0004858229125107596,-0.0665681413407021,-1.648123097838185e-05,89.05049706427671,0.0004994484470209979,17224,0.08886829945816639
LAS_1.0Torr_SmallAdmixture_1kHzLaserFreq_CapCoupling_3%_N2_Trial,0,40.0,1.0,2.48,2,1.144776327070121,0.001150796500701206,0.27350421056087115,0.00026218479809531824,0.2244456364151064,0.0001887209339258323,0.4861417455171506,0.0004886982778703504,-0.0727878483083243,0.0004095282001015728,87.93225748030541,0.0005134792427644365,17227,0.08886319608533172
LAS_1.0Torr_SmallAdmixture_1kHzLaserFreq_CapCoupling_3%_N2_Trial,0,40.0,1.0,2.48,4,1.09936153401369,0.0011098801244560016,0.2665020543769297,0.00025647167853054027,0.227733968294921,0.00019176928477080004,0.4668558586179527,0.00047132269270343095,-0.07324819940237962,0.00038214890387425215,95.64408521900867,0.000498822836777587,17315,0.0888070814061636
LAS_1.0Torr_SmallAdmixture_1kHzLaserFreq_CapCoupling_3%_N2_Trial,0,40.0,1.0,2.48,6,1.141866474817504,0.0011786865345365968,0.27662887387342044,0.0002718989513833833,0.22758832333958237,0.00019641652034611603,0.48490604504026824,0.0005005420847439344,-0.07351973013771715,0.0006988134451210472,106.18535589832909,0.00048626552131140246,17321,0.08880167538082549
LAS_1.0Torr_SmallAdmixture_1kHzLaserFreq_CapCoupling_3%_N2_Trial,0,40.0,1.0,2.48,8,1.1767658183292586,0.0011847323066772832,0.27968825755181426,0.0002688871739973058,0.22328110781783975,0.00018771090784984942,0.499726431670405,0.0005031094877832638,-0.06919637672917354,0.0006943973560804386,93.1312754695969,0.0005019128959829197,17188,0.08882546033222703
LAS_1.0Torr_SmallAdmixture_1kHzLaserFreq_CapCoupling_3%_N2_Trial,0,40.0,1.0,2.61,0,1.1291939673778681,0.0013614049608931913,0.2539611678772409,0.00029093135674749024,0.21128397364714488,0.00021313432750518516,0.47952452662387085,0.0005781354561534227,-0.06580579640748857,0.00018193480446826403,119.43583907439933,0.0004911415270256887,17190,0.0876659571118212
LAS_1.0Torr_SmallAdmixture_1kHzLaserFreq_CapCoupling_3%_N2_Trial,0,40.0,1.0,2.61,2,1.0903091660689281,0.0013302574682753138,0.23820743114160137,0.00027598064156928045,0.20524539996718089,0.00020968472897977178,0.4630116718980954,0.000564908333901086,-0.06993287630871302,0.00021474232650501738,106.08945448133815,0.0005086924125319697,16924,0.08772303129557912
LAS_1.0Torr_SmallAdmixture_1kHzLaserFreq_CapCoupling_3%_N2_Trial,0,40.0,1.0,2.61,4,1.1069062286707372,0.0013759383143153168,0.25729292079618,0.00030490749142302173,0.21836588780579358,0.0002269310056629304,0.47005979544232607,0.0005843072030997735,-0.07566257617360364,7.829395186810366e-05,137.34350185263764,0.0004944930506943794,17024,0.08769217837541624
LAS_1.0Torr_SmallAdmixture_1kHzLaserFreq_CapCoupling_3%_N2_Trial,0,40.0,1.0,2.61,6,1.1238553318444982,0.001206836222234944,0.24878598921054135,0.00025561259454077664,0.20796167091983886,0.00018656533686114483,0.4772574168527291,0.0005124961564606873,-0.0806265140602069,0.00022065539749771917,92.58182852287933,0.0005043245102195788,18624,0.08770954018372572
LAS_1.0Torr_SmallAdmixture_1kHzLaserFreq_CapCoupling_3%_N2_Trial,0,40.0,1.0,2.61,8,1.0914635452830594,0.001325102673003961,0.24727332216332548,0.0002867067109846139,0.21283145724110533,0.00021628946809183403,0.4635018916142759,0.0005627192939010952,-0.08207763193239317,0.000528129273277854,127.1361158069959,0.0004934848578631235,16994,0.08764516925187825
LAS_1.0Torr_SmallAdmixture_1kHzLaserFreq_CapCoupling_3%_N2_Trial,0,40.0,1.0,2.74,0,1.1644840299244255,0.0012649922199965277,0.2509581300210731,0.0002606201894472099,0.20245827050960147,0.00018288226557803386,0.49451083635103027,0.0005371927348188943,-0.06454886954420419,0.00035767105468020237,93.24317036091222,0.0004881346902536498,16957,0.08658686383381506
LAS_1.0Torr_SmallAdmixture_1kHzLaserFreq_CapCoupling_3%_N2_Trial,0,40.0,1.0,2.74,2,1.1772087585588271,0.001274324390317144,0.24858887902809518,0.0002573006127651782,0.19837913907049862,0.00017867270800747255,0.4999145310670035,0.0005411557426675445,-0.06424863648800891,0.00040287996720508726,88.27798887298069,0.0004911487753829646,17186,0.0866109528316868
LAS_1.0Torr_SmallAdmixture_1kHzLaserFreq_CapCoupling_3%_N2_Trial,0,40.0,1.0,2.74,4,1.0763510181763467,0.0012785617610984788,0.22764775565812612,0.00025717205629556826,0.1986905614117371,0.0001984064785496409,0.45708419224968855,0.0005429551883577901,-0.0647274578318147,0.00023273097588720007,94.49552166453905,0.0005126708318902102,17127,0.08662432822660181
LAS_1.0Torr_SmallAdmixture_1kHzLaserFreq_CapCoupling_3%_N2_Trial,0,40.0,1.0,2.74,6,1.1565319485439605,0.0014275080991646616,0.25054751349393495,0.00029502525957711916,0.20351679394420097,0.00021030153027323475,0.4911338983139836,0.0006062068743541292,-0.0665484347829712,0.0004043912042714236,116.32749747150044,0.0005000452147731457,17199,0.08658520186633903
LAS_1.0Torr_SmallAdmixture_1kHzLaserFreq_CapCoupling_3%_N2_Trial,0,40.0,1.0,2.74,8,1.1958364882938672,0.0013729972519374383,0.259013443877817,0.00028478357706297617,0.20347839127267509,0.0001946070133655895,0.507824999543925,0.000583058248903004,-0.06559088702751517,0.0003013263691384577,110.03189559549939,0.00048107989824668795,17085,0.08664864318489544
LAS_1.0Torr_SmallAdmixture_1kHzLaserFreq_CapCoupling_3%_N2_Trial,0,40.0,1.0,2.87,0,1.1644345657509427,0.0013720781314353558,0.2492454790605967,0.00028043609416578277,0.20108514592734927,0.00019851968926277115,0.49448983085059417,0.0005826679343632488,-0.06934940395481644,0.00020054700974280439,102.49033704712039,0.0005002257937886679,18923,0.08558628511769173
LAS_1.0Torr_SmallAdmixture_1kHzLaserFreq_CapCoupling_3%_N2_Trial,0,40.0,1.0,2.87,2,1.2131843381145133,0.0012769307546112644,0.2552998922109569,0.0002576053642545331,0.19769315219130135,0.00017269750454504493,0.5151919530643236,0.0005422625636747889,-0.06928642739428362,0.00031740522209704175,77.18338087634334,0.0005099013706396013,18959,0.0856250829992483
LAS_1.0Torr_SmallAdmixture_1kHzLaserFreq_CapCoupling_3%_N2_Trial,0,40.0,1.0,2.87,4,1.1902137404461242,0.00137547008703097,0.2530967318769609,0.0002796313654846954,0.1997695850437296,0.00019274761564164235,0.5054372383816196,0.0005841083652797309,-0.0676165648281957,0.0003497730349225733,102.39847346093127,0.0004887737636875808,18920,0.08549643938444834
LAS_1.0Torr_SmallAdmixture_1kHzLaserFreq_CapCoupling_3%_N2_Trial,0,40.0,1.0,2.87,6,1.162868711960147,0.001375638063102375,0.24703508340568478,0.000279610733931065,0.1995702215659332,0.00019786589433921258,0.493824873970301,0.0005841796981494164,-0.06536369661214897,0.0003589634304047279,103.73351446050702,0.0004990107800952571,18904,0.08553171458698738
LAS_1.0Torr_SmallAdmixture_1kHzLaserFreq_CapCoupling_3%_N2_Trial,0,40.0,1.0,2.87,8,1.182183338984741,0.001303876182253604,0.2503064013221292,0.0002643318594145332,0.19890921885357338,0.0001823338759616622,0.5020270408685108,0.0005537052332321501,-0.06344842499380177,0.00025099967362797064,85.17374550339044,0.0005103611119854991,18971,0.08552121335504886
LAS_1.0Torr_SmallAdmixture_1kHzLaserFreq_CapCoupling_3%_N2_Trial,0,40.0,1.0,3.0,0,1.1856801403811987,0.0015299350642795709,0.24920961782602952,0.00030878126378015223,0.19745359412108923,0.00021266339590516117,0.5035119956971554,0.0006497036015588457,-0.0716003701877207,0.00041817594507034274,122.37406364993244,0.0004968955242820115,16793,0.08475102638678132
LAS_1.0Torr_SmallAdmixture_1kHzLaserFreq_CapCoupling_3%_N2_Trial,0,40.0,1.0,3.0,3,1.2009536219311105,0.0013954564928404006,0.2539428983976866,0.0002825945500282496,0.1986449943272741,0.00019219558656470266,0.509998046120474,0.0005925958103614071,-0.0703761662051724,0.00011406194757081138,105.17993375997463,0.00048452440069920354,19298,0.08479205419069107
LAS_1.0Torr_SmallAdmixture_1kHzLaserFreq_CapCoupling_3%_N2_Trial,0,40.0,1.0,3.0,6,1.175353650826252,0.0013431743436603772,0.24751041164419432,0.0002708628363738059,0.19783025083675432,0.00018840004119694874,0.49912673934742413,0.000570393625829155,-0.07277025658660663,-1.9809045635870337e-06,94.07664787872214,0.0005002172122455485,19230,0.0848078392663157
LAS_1.0Torr_SmallAdmixture_1kHzLaserFreq_CapCoupling_3%_N2_Trial,0,40.0,1.0,3.0,9,1.1735938701532855,0.0013632258640717948,0.24952850035910595,0.0002770486274570113,0.19974233105422226,0.0001938822451104553,0.49837942930278606,0.0005789087225363236,-0.07650823010560402,4.9945550158568696e-05,108.45949515309071,0.0004790018576344064,19296,0.08475911099273001
LAS_1.0Torr_SmallAdmixture_1kHzLaserFreq_CapCoupling_3%_N2_Trial,0,40.0,1.0,3.0,12,1.2336151554487462,0.0013946392667481483,0.26007024896584974,0.0002819027065883042,0.19805178777196825,0.00018647307467516497,0.5238681223441568,0.0005922487663934501,-0.07968969850759924,0.00010945868384084161,99.79490055001148,0.0004830414106863586,19245,0.08479030249853764
LAS_1.0Torr_SmallAdmixture_1kHzLaserFreq_CapCoupling_3%_N2_Trial,0,45.0,1.0,0.0,0,1.1206364693801323,0.0005139334933406438,0.37041738846210503,0.00015998664444580573,0.31052345065331943,0.0001193850474190656,0.4758904918211717,0.00021824745989619312,8.143951591811048e-05,-0.0007239476254863225,37.45558502233081,0.0005141532838116886,18623,0.13500659646497945
LAS_1.0Torr_SmallAdmixture_1kHzLaserFreq_CapCoupling_3%_N2_Trial,0,45.0,1.0,0.0,2,1.0367180564473502,0.0008852119057244346,0.3202568060836299,0.00025756291693424134,0.290205403987315,0.00020612369011515828,0.4402536230464798,0.0003759148847031325,-0.001473631835424501,-0.0006761057107339105,109.84683665692579,0.0005151425132537924,18611,0.13501416549613726
LAS_1.0Torr_SmallAdmixture_1kHzLaserFreq_CapCoupling_3%_N2_Trial,0,45.0,1.0,0.0,4,0.9572575425251509,0.0009390372515767018,0.32085663547187215,0.0002954594675011516,0.3148835826200889,0.0002605349233985316,0.40650984967837306,0.00039877240452331896,-0.00010408016893407505,-0.0007290098125773394,166.72368650774405,0.0004942305369296056,17825,0.13504361485978028
LAS_1.0Torr_SmallAdmixture_1kHzLaserFreq_CapCoupling_3%_N2_Trial,0,45.0,1.0,0.0,6,0.9604036908374787,0.0010076792503558557,0.32952735683078677,0.00031861753441130936,0.3223335002890877,0.00028674704803095216,0.4078458958526727,0.0004279219775125584,-0.0009516197319399012,-0.0003888227916152396,182.91612168226624,0.0005209493100971291,19294,0.13499466494004916
LAS_1.0Torr_SmallAdmixture_1kHzLaserFreq_CapCoupling_3%_N2_Trial,0,45.0,1.0,0.0,8,0.9529772688238326,0.000769867953660196,0.3278960694672553,0.0002445505752837255,0.3232372914590202,0.0002219465766832307,0.4046921847955085,0.00032693281819336543,0.0019845835974942284,-0.0004717998907652217,133.1626553090004,0.000475746828142543,19223,0.1349452676884229
LAS_1.0Torr_SmallAdmixture_1kHzLaserFreq_CapCoupling_3%_N2_Trial,0,45.0,1.0,0.13,0,1.0898802227444644,0.0006076415413406401,0.41278805591273854,0.00021671906575516117,0.35580835382981746,0.00016643671603921845,0.4628295164398179,0.0002580416039106096,0.0048111839682054205,-0.000651854888479964,68.43383882314602,0.0005180843592971201,18282,0.13399396949235415
LAS_1.0Torr_SmallAdmixture_1kHzLaserFreq_CapCoupling_3%_N2_Trial,0,45.0,1.0,0.13,2,1.1157786312223337,0.000606350066319735,0.42314769248417833,0.00021486054551337765,0.356272028870001,0.0001629879598032162,0.4738275578963271,0.00025749316496571857,0.004979171850292505,-0.000585647877394057,69.16911340285515,0.0005079793563017493,18832,0.13403019752126896
LAS_1.0Torr_SmallAdmixture_1kHzLaserFreq_CapCoupling_3%_N2_Trial,0,45.0,1.0,0.13,4,1.1070052269206816,0.0005915217209420862,0.4145132476533612,0.00020760924932246893,0.35176816503715574,0.00015809221357657253,0.4701018361282602,0.00025119614646999995,0.004691672121463866,-0.0008390689061044508,70.2286460312653,0.0004884937672455604,17043,0.1340151812875027
LAS_1.0Torr_SmallAdmixture_1kHzLaserFreq_CapCoupling_3%_N2_Trial,0,45.0,1.0,0.13,6,1.1003941890220392,0.0005807570699922334,0.4101241245511769,0.00020202302108427613,0.35013442940829437,0.00015568532171804614,0.4672943868233365,0.00024662482010789937,0.002836295165949052,-0.0006405630589973923,67.8545688927717,0.0004914132647014053,18888,0.1340436394766752
LAS_1.0Torr_SmallAdmixture_1kHzLaserFreq_CapCoupling_3%_N2_Trial,0,45.0,1.0,0.13,8,1.096100999238328,0.0005965656542385668,0.41118006090006104,0.00020969069624886697,0.3524108432853649,0.0001612894368452882,0.46547123698529663,0.00025333810772394975,0.0025922123881186613,-0.0008072669272361455,67.29952200151243,0.0005097305483857545,17085,0.13402555878002306
LAS_1.0Torr_SmallAdmixture_1kHzLaserFreq_CapCoupling_3%_N2_Trial,0,45.0,1.0,0.26,0,1.0933179097073629,0.0007003702623114341,0.37953576457798255,0.00022653032833010905,0.32611744733950765,0.00017604325020020766,0.46428936767989565,0.0002974198660272697,0.009970219961164088,-0.0006702552445774762,88.4045574615946,0.0004902366099170604,17512,0.13424503978298655
LAS_1.0Torr_SmallAdmixture_1kHzLaserFreq_CapCoupling_3%_N2_Trial,0,45.0,1.0,0.26,2,1.1107090076630413,0.000771960293296437,0.38526738826761614,0.0002503476565992643,0.3258590182566093,0.00019051958059691112,0.4716746869922467,0.00032782135302669854,0.00686483220132985,-0.0004610197598808626,98.22803601162069,0.0005067042744129497,17407,0.13423012981050172
LAS_1.0Torr_SmallAdmixture_1kHzLaserFreq_CapCoupling_3%_N2_Trial,0,45.0,1.0,0.26,4,1.0567997355323595,0.0007824754243976269,0.3838873448129692,0.0002644493224505509,0.3412548947664718,0.00021320005662906478,0.44878152696312296,0.0003322867180652621,0.00882084342709497,-0.0005812460118468015,126.18479834589371,0.0004898091341695378,17460,0.13423624102596213
LAS_1.0Torr_SmallAdmixture_1kHzLaserFreq_CapCoupling_3%_N2_Trial,0,45.0,1.0,0.26,6,1.0628709618183012,0.0007222690919348389,0.38077761401071114,0.0002406671665823974,0.3365570218270021,0.00019301627997288858,0.451359739382689,0.00030671944272724506,0.009263082917413372,-0.0004761078844834045,93.41400397082506,0.0005140736121556959,17470,0.13429851093580433
LAS_1.0Torr_SmallAdmixture_1kHzLaserFreq_CapCoupling_3%_N2_Trial,0,45.0,1.0,0.26,8,1.0762305109674595,0.0007816627227766506,0.3798774920663332,0.0002566602998041241,0.33159353293676946,0.0002031330430756012,0.4570330175498887,0.00033194159546334984,0.01095009406174839,-0.00048012860074338523,106.94711957759766,0.0005063654808280085,17474,0.13421633374674283
LAS_1.0Torr_SmallAdmixture_1kHzLaserFreq_CapCoupling_3%_N2_Trial,0,45.0,1.0,0.39,0,1.1215539131588332,0.0008837745723463499,0.39688127483918506,0.00028966724332106893,0.33243614990532383,0.00022130735999713604,0.4762800943220664,0.000375304505416988,0.01285155597829803,-0.0009126681500340989,138.29957787555824,0.0004881884962978821,18102,0.13539360841935702
LAS_1.0Torr_SmallAdmixture_1kHzLaserFreq_CapCoupling_3%_N2_Trial,0,45.0,1.0,0.39,2,1.0776517078756531,0.0008364719154804119,0.3922312517550999,0.0002814430636206083,0.3419255563526526,0.00022451058236255814,0.45763654430820405,0.0003552169165730956,0.009827801442487384,-0.00043244220883201364,131.53590191923547,0.0005060464631468044,18250,0.13537679050328338
LAS_1.0Torr_SmallAdmixture_1kHzLaserFreq_CapCoupling_3%_N2_Trial,0,45.0,1.0,0.39,4,1.1493124009352726,0.0008811582240030793,0.4020799284041579,0.0002842143829004292,0.3286563979057125,0.00021335406542772798,0.4880680387278457,0.0003741934445744444,0.013610758983716886,-0.0010180206722165282,123.79197570226303,0.0005026266491955748,18964,0.1353643963983157
LAS_1.0Torr_SmallAdmixture_1kHzLaserFreq_CapCoupling_3%_N2_Trial,0,45.0,1.0,0.39,6,1.0897732208363053,0.0008485846710858586,0.38525012425715116,0.0002762862915872805,0.33210425933672705,0.00021902351810323392,0.4627840769131819,0.000360360730271729,0.006692380354724958,-0.00048265591198857024,120.51072767992017,0.0005181977744226343,18923,0.13539621117234468
LAS_1.0Torr_SmallAdmixture_1kHzLaserFreq_CapCoupling_3%_N2_Trial,0,45.0,1.0,0.39,8,1.0611947651632698,0.0007982199602100961,0.38661253655739436,0.0002688266496038791,0.3422540717101712,0.00021774609003154274,0.450647924202345,0.0003389728068157349,0.009010748289336316,-0.0010247244370020561,132.91851864307745,0.00048820405126579906,18276,0.1354360699851362
LAS_1.0Torr_SmallAdmixture_1kHzLaserFreq_CapCoupling_3%_N2_Trial,0,45.0,1.0,0.52,0,1.0963113301800138,0.0008296062695815918,0.407562045504268,0.00028402296037651517,0.3492429279800698,0.00022380976458572971,0.46556055631232107,0.00035230134520563265,0.0022649286754386597,-0.0009625447173886045,115.19321144073722,0.0005365738185194937,18611,0.12716306191418805
LAS_1.0Torr_SmallAdmixture_1kHzLaserFreq_CapCoupling_3%_N2_Trial,0,45.0,1.0,0.52,2,1.1189259787163681,0.0008155888038179183,0.4088953267182005,0.0002748867858359445,0.34330377550606767,0.00021178665212168838,0.4751641133162098,0.0003463486755766932,-0.0030382643865527505,-0.0007189893261043662,110.02896020687204,0.0005221834167389104,18520,0.12710221632096164
LAS_1.0Torr_SmallAdmixture_1kHzLaserFreq_CapCoupling_3%_N2_Trial,0,45.0,1.0,0.52,4,1.1130947492594,0.000850724538165281,0.4073091485898337,0.00028683783359200355,0.3437635460910192,0.00022237597936110954,0.4726878181660675,0.000361269448151865,-0.0039279618295523485,-0.0005837753479088415,114.10499266442955,0.0005376038465482698,18666,0.12714201475999332
LAS_1.0Torr_SmallAdmixture_1kHzLaserFreq_CapCoupling_3%_N2_Trial,0,45.0,1.0,0.52,6,1.1066571305845678,0.0008533504317626568,0.40586962333829446,0.0002886729016334727,0.34454127111110927,0.0002247497540555475,0.46995401322482927,0.000362384562490609,-0.003232082875216543,-0.00045258975000077393,119.05377217969901,0.0005330006979028771,18609,0.12712257902659307
LAS_1.0Torr_SmallAdmixture_1kHzLaserFreq_CapCoupling_3%_N2_Trial,0,45.0,1.0,0.52,8,1.1055021728603096,0.0008203014290279599,0.40599808554417804,0.00027759237742472126,0.34501039075667705,0.00021676913199291222,0.46946354783801747,0.0003483499432404308,0.00039705895877331236,-0.00043092092366175906,79.6113058815835,0.0006266498964432595,18603,0.12711213570413113
LAS_1.0Torr_SmallAdmixture_1kHzLaserFreq_CapCoupling_3%_N2_Trial,0,45.0,1.0,0.65,0,1.0986471267833087,0.0008418796550112276,0.369828770485989,0.00026192926055574673,0.31623523628321554,0.00020479751113543056,0.4665524778004296,0.0003575133721099961,-0.009104648199081642,-0.0007610529199417159,59.47712047264913,0.0006884032892032084,17132,0.12148627170072858
LAS_1.0Torr_SmallAdmixture_1kHzLaserFreq_CapCoupling_3%_N2_Trial,0,45.0,1.0,0.65,2,1.1295822282506942,0.0008774816054524112,0.3663677585944101,0.0002632194915098252,0.30469630411079546,0.0002001095933525784,0.47968940583561587,0.0003726321284312316,-0.012162797377506623,-0.00056925258571942,104.82882133086905,0.0005107038636247975,17140,0.12152098862587091
LAS_1.0Torr_SmallAdmixture_1kHzLaserFreq_CapCoupling_3%_N2_Trial,0,45.0,1.0,0.65,4,1.1368381034891444,0.000994269138676482,0.3799606482918427,0.00030826410037968405,0.3139841955936451,0.00023090396981865273,0.4827706923457087,0.00042222722741576396,-0.015302328019969048,-0.0004799004957594642,123.84328577914638,0.0005425212473505544,16954,0.1213322483841182
LAS_1.0Torr_SmallAdmixture_1kHzLaserFreq_CapCoupling_3%_N2_Trial,0,45.0,1.0,0.65,6,1.1135069880921393,0.0008920910387888061,0.3739602038364909,0.0002769109082110872,0.3155006299835183,0.00021354378398431932,0.4728628798798528,0.0003788361835424589,-0.015514762680933858,-0.00018879412218009755,123.44992829730192,0.0004991338500711867,17140,0.12132318370687484
LAS_1.0Torr_SmallAdmixture_1kHzLaserFreq_CapCoupling_3%_N2_Trial,0,45.0,1.0,0.65,8,1.147699275761009,0.0009527694809842658,0.3639099237934742,0.0002799993622831007,0.2978746747693586,0.00020844598364310867,0.48738300753929786,0.00040460394542451907,-0.012744679322658043,-0.00031024646809367376,105.2600770770277,0.0005353668685432405,17181,0.1214649610719382
LAS_1.0Torr_SmallAdmixture_1kHzLaserFreq_CapCoupling_3%_N2_Trial,0,45.0,1.0,0.78,0,1.1339418505640024,0.0010705643686101125,0.34134790501417395,0.00029745918939263046,0.28279664148284556,0.00022531241081011897,0.48154076697147324,0.00045462682843607356,-0.0230412361043947,-0.0004577117393877299,119.14226063898064,0.000535956984529924,17444,0.11680657519035531
LAS_1.0Torr_SmallAdmixture_1kHzLaserFreq_CapCoupling_3%_N2_Trial,0,45.0,1.0,0.78,2,1.1928898447714722,0.0012414595896896529,0.30029205368639805,0.0002899019145650424,0.23648918713389144,0.0002078428477792396,0.5065736752533012,0.0005271993468500207,-0.025805996126137997,-0.00035270935986896285,128.6303727975103,0.000495232319490373,17493,0.1169565551970336
LAS_1.0Torr_SmallAdmixture_1kHzLaserFreq_CapCoupling_3%_N2_Trial,0,45.0,1.0,0.78,4,1.0051064115662387,0.0011989938738596515,0.30461226748452,0.0003328618264201951,0.2847102717992452,0.0002898434996304766,0.4268293934762343,0.0005091658177403927,-0.024522389791676064,-0.0004061040935396932,174.67872293583392,0.0005422770391650125,17493,0.11686260692882015
LAS_1.0Torr_SmallAdmixture_1kHzLaserFreq_CapCoupling_3%_N2_Trial,0,45.0,1.0,0.78,6,1.099727896452678,0.0010088945507677628,0.3025766201585631,0.0002560534207870308,0.25847462591136533,0.00020097734222082505,0.46701143842107234,0.0004284380680794242,-0.02534476955349608,-0.00034764356258751387,108.40925893386212,0.000502051873802447,17468,0.11685369950699746
LAS_1.0Torr_SmallAdmixture_1kHzLaserFreq_CapCoupling_3%_N2_Trial,0,45.0,1.0,0.78,8,1.174593668534424,0.001027069240461128,0.3172246690175008,0.0002573339251464247,0.2537155509871239,0.00018705163708552226,0.4988040045832829,0.0004361561481644468,-0.025045469447011817,-0.0003918242052562569,111.54805837861164,0.0004755638166817309,17359,0.11681064496283647
LAS_1.0Torr_SmallAdmixture_1kHzLaserFreq_CapCoupling_3%_N2_Trial,0,45.0,1.0,0.91,0,1.1282570876826892,0.0008674072945096796,0.33700336591610836,0.00023826202363331448,0.28060406484048644,0.00018279721926520422,0.47912667044918944,0.00036835396247796053,-0.011210124592418099,-0.00043763081250400857,102.26573972368382,0.0004710472668200625,18500,0.11315203590562625
LAS_1.0Torr_SmallAdmixture_1kHzLaserFreq_CapCoupling_3%_N2_Trial,0,45.0,1.0,0.91,3,1.147689953129729,0.00094352520703439,0.33428062847872014,0.0002531081584233943,0.27362414655952033,0.00019051747949999255,0.4873790485823069,0.000400678263727787,-0.011737994669893694,-0.00036050246264495475,121.38236311740779,0.0004544962857605083,18507,0.11312115822125958
LAS_1.0Torr_SmallAdmixture_1kHzLaserFreq_CapCoupling_3%_N2_Trial,0,45.0,1.0,0.91,6,1.1156695433259536,0.0009131961339122409,0.33216066567605235,0.0002497044861296753,0.2796922383697344,0.0001944187553921014,0.47378123253205545,0.0003877986922352017,-0.01071756989707697,-0.0005425040329447746,118.31936624989687,0.0004610361416208917,18472,0.1132283487164635
LAS_1.0Torr_SmallAdmixture_1kHzLaserFreq_CapCoupling_3%_N2_Trial,0,45.0,1.0,0.91,9,1.10445089408943,0.0008759641206918663,0.32811548211428265,0.00024021906589812846,0.2790924587650401,0.0001874445760320416,0.46901711084887343,0.0003719877119868638,-0.013156200718688489,-0.0004749296599099802,106.95863836266972,0.0004696750208219232,17196,0.1132441421334072
LAS_1.0Torr_SmallAdmixture_1kHzLaserFreq_CapCoupling_3%_N2_Trial,0,45.0,1.0,0.91,12,1.1348069122098086,0.0008920565249184529,0.3353073322996052,0.000242532582751759,0.2775804450910342,0.0001851303259863093,0.4819081248286613,0.0003788215268512073,-0.01457548793946886,-0.0006305809003839321,107.59070292961638,0.0004683071185213225,18601,0.11320962977653537
LAS_1.0Torr_SmallAdmixture_1kHzLaserFreq_CapCoupling_3%_N2_Trial,0,45.0,1.0,1.04,0,1.1393191127829088,0.0008130425206767109,0.3454324948129792,0.00022817567045189575,0.28482991223493215,0.00017180082880350085,0.48382427998566435,0.00034526736868592653,-0.021960441010721754,-0.0005007466579538703,93.30125317697966,0.00046199926775666964,16784,0.11017856689676174
LAS_1.0Torr_SmallAdmixture_1kHzLaserFreq_CapCoupling_3%_N2_Trial,0,45.0,1.0,1.04,2,1.129360267796619,0.0008142609871178123,0.3451839146424693,0.00022897310632265786,0.28713480248006373,0.0001753994208776515,0.4795951479093919,0.00034578480374159994,-0.02271275211821767,-0.00039482805112955676,95.82806317895503,0.0004642356913790494,18108,0.11011962613211015
LAS_1.0Torr_SmallAdmixture_1kHzLaserFreq_CapCoupling_3%_N2_Trial,0,45.0,1.0,1.04,4,1.128204466557467,0.0008382958597101219,0.34182548097105125,0.00023375154846788152,0.2846324484191243,0.00017918125693491078,0.4791043243147861,0.0003559914743714967,-0.022799382976363122,-0.00042849505359114474,93.76434626622522,0.00048070048281404555,18158,0.11021528700824264
LAS_1.0Torr_SmallAdmixture_1kHzLaserFreq_CapCoupling_3%_N2_Trial,0,45.0,1.0,1.04,6,1.1364824142630319,0.0007804888327896123,0.3443736158472814,0.00021733089867827796,0.28466556848336155,0.00016570731517975178,0.48261964503877625,0.0003314430902847841,-0.02341319329601413,-0.0002231612082990701,89.61305600576684,0.00045592128311010776,18744,0.11012324342512249
LAS_1.0Torr_SmallAdmixture_1kHzLaserFreq_CapCoupling_3%_N2_Trial,0,45.0,1.0,1.04,8,1.118472954666721,0.0008860273302088856,0.3381441224890002,0.00024659733026466244,0.2840168757893702,0.00019045328909350983,0.47497173171549967,0.0003762611635986989,-0.020572691406229183,-0.00023564764375871264,116.19301136888542,0.00045792597342509967,18052,0.11015591716409176
LAS_1.0Torr_SmallAdmixture_1kHzLaserFreq_CapCoupling_3%_N2_Trial,0,45.0,1.0,1.17,0,1.1437248994804254,0.0007560014845181977,0.354310571642799,0.0002151641483254185,0.29102501780789963,0.00016305716932433554,0.48569524533047426,0.0003210442709257053,-0.030452142832925685,-0.0005716228318608626,81.8746921624152,0.0004669224871469039,18637,0.1077206441310397
LAS_1.0Torr_SmallAdmixture_1kHzLaserFreq_CapCoupling_3%_N2_Trial,0,45.0,1.0,1.17,2,1.1473233147154083,0.000735171403760556,0.35294109258757617,0.00020777576469199294,0.2889909193939798,0.00015692184907084954,0.487223351583254,0.0003121985500810928,-0.034894230443984195,-0.0003035022779312781,70.45174344478106,0.0004849240107923002,18707,0.10778010959195948
LAS_1.0Torr_SmallAdmixture_1kHzLaserFreq_CapCoupling_3%_N2_Trial,0,45.0,1.0,1.17,4,1.1140794132175522,0.0008830837107479873,0.34073681592297894,0.00024847625392522636,0.2873232045272158,0.00019259887058686975,0.47310596644887565,0.0003750111235087524,-0.034306179151774835,-0.00021272904104783846,114.18351264748598,0.0004673729710379317,18638,0.10771414346166054
LAS_1.0Torr_SmallAdmixture_1kHzLaserFreq_CapCoupling_3%_N2_Trial,0,45.0,1.0,1.17,6,1.1137393189569125,0.0008360286504630186,0.3416827185557861,0.00023585433103239764,0.28820880957976197,0.0001831623367411949,0.4729615417140186,0.000355028679251807,-0.032832610701782734,-8.40651733575254e-06,102.89449692369577,0.0004685343306212904,18662,0.10768961476765751
LAS_1.0Torr_SmallAdmixture_1kHzLaserFreq_CapCoupling_3%_N2_Trial,0,45.0,1.0,1.17,8,1.162250447078596,0.0007235883500111003,0.360174600673025,0.00020601503215214427,0.29112610587803794,0.0001536842828981508,0.493562321049174,0.0003072796800494325,-0.02784999362935066,-0.00024189443650870804,72.86922770693874,0.00046616924817957607,18600,0.10763971199475328
LAS_1.0Torr_SmallAdmixture_1kHzLaserFreq_CapCoupling_3%_N2_Trial,0,45.0,1.0,1.3,0,1.0491311639755756,0.0008788437194216276,0.3198628588575162,0.00024570382227214886,0.28641899506970636,0.00020437492452440167,0.44552498446300043,0.0003732105649754977,-0.03963183738593609,-0.00022535823179652004,112.89282012902127,0.0004899268705281296,18708,0.10488193987757992
LAS_1.0Torr_SmallAdmixture_1kHzLaserFreq_CapCoupling_3%_N2_Trial,0,45.0,1.0,1.3,2,1.0390632906432338,0.000912381206840386,0.3146689062235373,0.0002531584412973001,0.28449826263329625,0.00021238166614059888,0.4412495523111522,0.0003874526245713161,-0.03972984352458862,-0.00024432261752582485,119.08062895814354,0.0004955128415946977,18775,0.10497773811613098
LAS_1.0Torr_SmallAdmixture_1kHzLaserFreq_CapCoupling_3%_N2_Trial,0,45.0,1.0,1.3,4,1.044673906218943,0.0007315566750044353,0.3154608437924907,0.00020239692419032532,0.28368247245815964,0.0001689075489168064,0.4436321613718949,0.00031066351611374216,-0.04043820591151203,-0.00040156377070834905,77.60150509490254,0.0004863217507583024,18720,0.10494523490017056
LAS_1.0Torr_SmallAdmixture_1kHzLaserFreq_CapCoupling_3%_N2_Trial,0,45.0,1.0,1.3,6,1.0604328431416907,0.0006286060104932127,0.3176654790328663,0.00017275923394302983,0.28141979484087193,0.0001416902067579717,0.45032436571082163,0.00026694439425198243,-0.04325384942188774,-0.0002628088349276786,52.00315633187993,0.0005051963648121963,18766,0.10493659858783985
LAS_1.0Torr_SmallAdmixture_1kHzLaserFreq_CapCoupling_3%_N2_Trial,0,45.0,1.0,1.3,8,1.0505038805776585,0.0008068686306186685,0.3175247624673029,0.0002235755318526555,0.2839538285265618,0.00018553320485222897,0.4461079235308836,0.00034264555897648807,-0.04414144125330242,-0.00031086039213661966,91.42564682035041,0.0004952698259132824,18669,0.10491555832162802
LAS_1.0Torr_SmallAdmixture_1kHzLaserFreq_CapCoupling_3%_N2_Trial,0,45.0,1.0,1.43,0,1.1403352162437277,0.0006969549300697648,0.33862476848625517,0.00019200355741954455,0.27896773376420475,0.00014397782726613447,0.48425577939597514,0.0002959695079632315,-0.032032800885474645,-0.00032818358076252353,64.43554200920872,0.00045960704204297935,17186,0.10276660240202275
LAS_1.0Torr_SmallAdmixture_1kHzLaserFreq_CapCoupling_3%_N2_Trial,0,45.0,1.0,1.43,2,1.0904670957169658,0.0007670334399706659,0.31950581664533223,0.0002084256940621019,0.2752542246317417,0.0001637666313887843,0.4630787384445905,0.00032572911105849906,-0.03610988694791906,-0.00013493276798885913,76.18454962440394,0.00047999465416026233,17183,0.10279242545495793
LAS_1.0Torr_SmallAdmixture_1kHzLaserFreq_CapCoupling_3%_N2_Trial,0,45.0,1.0,1.43,4,1.132864029354072,0.0004977636099013185,0.33333568332582814,0.0001358068452483566,0.27642149377419384,0.00010255181432185588,0.4810830584462698,0.00021138074263962555,-0.03770979647740157,-0.00024313394194492514,30.94775510270893,0.00047140435842669206,17168,0.1027790250962007
LAS_1.0Torr_SmallAdmixture_1kHzLaserFreq_CapCoupling_3%_N2_Trial,0,45.0,1.0,1.43,6,1.1303869278020482,0.0004871168715003049,0.32292542252795287,0.00012940082788070366,0.26837552054186575,9.755714596604111e-05,0.48003113027143934,0.00020685948912665332,-0.03988429992373238,4.600083553398702e-05,27.40803533753752,0.0004834312999927239,17003,0.10275886968375594
LAS_1.0Torr_SmallAdmixture_1kHzLaserFreq_CapCoupling_3%_N2_Trial,0,45.0,1.0,1.43,8,1.1247057596755003,0.0007171489549803166,0.3226308035093354,0.00019127751567504708,0.26948506439670034,0.00014505327830397673,0.47761856030095007,0.000304545120759277,-0.037566102076408245,0.00011942692509546196,61.657808992218406,0.00047741671413478065,17263,0.10275674612676648
LAS_1.0Torr_SmallAdmixture_1kHzLaserFreq_CapCoupling_3%_N2_Trial,0,45.0,1.0,1.57,0,1.1314435078556464,0.0004988725172016383,0.3788239156320793,0.0001550648248490133,0.3145374081311636,0.00011704152892336464,0.48047981850807453,0.0002118516522119556,-0.027194896175143316,-0.0002759567820674489,38.5196765327513,0.00048440035029151423,17590,0.10253487442777748
LAS_1.0Torr_SmallAdmixture_1kHzLaserFreq_CapCoupling_3%_N2_Trial,0,45.0,1.0,1.57,2,1.148825536783151,0.00044616721582090094,0.3810635761468284,0.00013744323499463828,0.3116098289295828,0.00010217843118216983,0.4878612865587579,0.00018946977148525036,-0.031176492843343066,-0.0003243140817603404,30.250013527317094,0.0004790124367994633,17347,0.10251654368741328
LAS_1.0Torr_SmallAdmixture_1kHzLaserFreq_CapCoupling_3%_N2_Trial,0,45.0,1.0,1.57,4,1.1343668991428864,0.00042639250795609086,0.37708221103973316,0.00013168082628445932,0.312284399741281,9.907998441143365e-05,0.481721268483587,0.0001810722262432953,-0.03422935944647179,-0.00039004853477918284,25.973227544163798,0.0005010345180906953,17331,0.10254086875657532
LAS_1.0Torr_SmallAdmixture_1kHzLaserFreq_CapCoupling_3%_N2_Trial,0,45.0,1.0,1.57,6,1.1316795978980247,0.00041743809838494853,0.3788656063805017,0.000129766373505116,0.31450639819969933,9.794815395839668e-05,0.48058007671798597,0.00017726963861455585,-0.03830644154051536,7.441187189689923e-05,25.43598296639297,0.0004988021073038296,17376,0.10253427830102031
LAS_1.0Torr_SmallAdmixture_1kHzLaserFreq_CapCoupling_3%_N2_Trial,0,45.0,1.0,1.57,8,1.1361790630878414,0.0004220614622483303,0.3765957918017053,0.000129935943360695,0.3113841271273119,9.764055570703873e-05,0.48249082365566015,0.00017923300047447286,-0.0361147063093316,0.00016583484961057575,24.968533267719035,0.0005030523159856263,17357,0.1025262334468881
LAS_1.0Torr_SmallAdmixture_1kHzLaserFreq_CapCoupling_3%_N2_Trial,0,45.0,1.0,1.7,0,1.150401892793731,0.00046699271844948817,0.38550015319380393,0.00014530889711549373,0.3148058231851506,0.00010778331671833811,0.48853070332115817,0.00019831354817745765,-0.03967203570251567,-0.0002606477385411626,32.45092914793044,0.0004866538685682199,16771,0.10093609710509381
LAS_1.0Torr_SmallAdmixture_1kHzLaserFreq_CapCoupling_3%_N2_Trial,0,45.0,1.0,1.7,2,1.1651328850833615,0.0004888048999735054,0.38379282370083484,0.00014940736355575717,0.30944906842636344,0.00010952634156977539,0.4947863797668871,0.00020757632881755132,-0.04350962835098489,-8.431382395643085e-05,35.194199496913505,0.00047716415696229627,18606,0.10095476617716681
LAS_1.0Torr_SmallAdmixture_1kHzLaserFreq_CapCoupling_3%_N2_Trial,0,45.0,1.0,1.7,4,1.1278720348763767,0.0005145092011877768,0.3741488680340701,0.0001583596453184911,0.3116394267661825,0.00011984885242268887,0.4789631535778578,0.00021849194050877662,-0.04462181424353309,-0.00016118184025247303,42.64792226719201,0.00047262369165357006,18644,0.10097620980014203
LAS_1.0Torr_SmallAdmixture_1kHzLaserFreq_CapCoupling_3%_N2_Trial,0,45.0,1.0,1.7,6,1.1568018454014861,0.0004896807963704975,0.38457742046805143,0.00015107998945461607,0.3123148245051837,0.00011156167983619964,0.49124851295644645,0.0002079482877699309,-0.04782426412599309,2.0540873088648298e-05,35.6183109208766,0.00048186919462687116,17167,0.10101107979523859
LAS_1.0Torr_SmallAdmixture_1kHzLaserFreq_CapCoupling_3%_N2_Trial,0,45.0,1.0,1.7,8,1.143535019833194,0.0005322241924779947,0.37721502557203274,0.00016338179498434318,0.30988981619443656,0.00012108536207053303,0.48561461086856195,0.00022601480465612382,-0.047425729444976236,5.723708502352484e-05,42.241517573918394,0.0004833800460785678,16927,0.1010594290013865
LAS_1.0Torr_SmallAdmixture_1kHzLaserFreq_CapCoupling_3%_N2_Trial,0,45.0,1.0,1.83,0,1.158013337401199,0.0005517424926782001,0.3734207549646731,0.00016541409162270884,0.3029372516911208,0.00012177784472084049,0.4917629862395618,0.00023430346358842405,-0.04949157122704913,-6.960717146141387e-05,44.858851395631845,0.00046958822898464527,16849,0.09982282007431804
LAS_1.0Torr_SmallAdmixture_1kHzLaserFreq_CapCoupling_3%_N2_Trial,0,45.0,1.0,1.83,2,1.1386301900930929,0.0005727920094329703,0.3693748980509589,0.00017250453124213755,0.3047561465207447,0.00012950132393996425,0.48353172145607753,0.00024324237032110116,-0.052070781575785395,9.435803047230989e-05,46.528146212326824,0.0004896069929248564,18384,0.09977166509828524
LAS_1.0Torr_SmallAdmixture_1kHzLaserFreq_CapCoupling_3%_N2_Trial,0,45.0,1.0,1.83,4,1.1400104169329894,0.0005992335860437646,0.364199672381465,0.00017789550963646935,0.30012247611370685,0.00013323759047282574,0.48411784982831085,0.0002544710740458679,-0.05178300652213272,1.7421897638033217e-05,50.09995549391858,0.00048377491525559665,16798,0.09980226160602258
LAS_1.0Torr_SmallAdmixture_1kHzLaserFreq_CapCoupling_3%_N2_Trial,0,45.0,1.0,1.83,6,1.1439331764240313,0.0005471340111703618,0.36985185674332305,0.00016432249403726433,0.3037350686052378,0.00012273747484896786,0.48578369240482516,0.00023234642168300845,-0.05323187604976329,0.0003002610968526983,40.2838207028009,0.000498347648588698,18296,0.0998434865119197
LAS_1.0Torr_SmallAdmixture_1kHzLaserFreq_CapCoupling_3%_N2_Trial,0,45.0,1.0,1.83,8,1.1468165672916522,0.0005420193989926358,0.36536106622113057,0.00016035898120133818,0.299292681657164,0.0001194318868278403,0.48700815576613604,0.00023017444587172779,-0.05059694699621606,0.0002390962742684137,37.68646245686104,0.0005022485162967511,18361,0.09982018820577164
LAS_1.0Torr_SmallAdmixture_1kHzLaserFreq_CapCoupling_3%_N2_Trial,0,45.0,1.0,1.96,0,1.06941049134451,0.0010873328105610689,0.29799016878176343,0.0002803280671546656,0.2617732624706467,0.00022436238138769576,0.45413682187780713,0.00046174773008897927,-0.057373237842509237,0.00013157504431840183,126.00621544589367,0.0004937246043472946,16618,0.09816387370055354
LAS_1.0Torr_SmallAdmixture_1kHzLaserFreq_CapCoupling_3%_N2_Trial,0,45.0,1.0,1.96,2,1.183429942886067,0.0008524186770783325,0.2986285190925245,0.00020012239136568436,0.23705903759222102,0.00014450012034527196,0.502556424803371,0.00036198888270765045,-0.05881995600573651,0.00018399034297639222,62.10771724887011,0.0004774570984386872,19253,0.09820057230527407
LAS_1.0Torr_SmallAdmixture_1kHzLaserFreq_CapCoupling_3%_N2_Trial,0,45.0,1.0,1.96,4,1.2090145840104483,0.000929435808108179,0.30143474321075925,0.00021596864703441078,0.23422300988967779,0.00015192637248498365,0.5134212215331122,0.0003946950468972942,-0.05796118711377002,-8.871418748157085e-05,65.61247039430994,0.0004940468616805587,18704,0.09817540226497441
LAS_1.0Torr_SmallAdmixture_1kHzLaserFreq_CapCoupling_3%_N2_Trial,0,45.0,1.0,1.96,6,1.2912429319134673,0.0013016331736738019,0.2940337790947073,0.0002780270951750026,0.21392279210324275,0.00018194212005226404,0.548340385770963,0.0005527527151896206,-0.06094837088851616,5.6180679000933015e-05,105.40599715984179,0.0004819448336386935,18608,0.09818593023644694
LAS_1.0Torr_SmallAdmixture_1kHzLaserFreq_CapCoupling_3%_N2_Trial,0,45.0,1.0,1.96,8,1.0775028459351441,0.0009937359049995349,0.3021762062046232,0.000257576283466197,0.2634569309172319,0.0002064916158183513,0.4575733284625503,0.0004220007839225244,-0.061538690833767465,0.00011128834315977906,102.10935372696402,0.0005074903268727304,19185,0.09815750018823412
LAS_1.0Torr_SmallAdmixture_1kHzLaserFreq_CapCoupling_3%_N2_Trial,0,45.0,1.0,2.09,0,1.1577993014897208,0.0006865300254559084,0.3381862719236827,0.0001864903486531751,0.2744040271753312,0.00013720225705413265,0.4916720935567303,0.00029154245858599583,-0.053907287623165934,8.3678689322222e-05,51.05021116960896,0.0004988961962111009,18669,0.09700785167130918
LAS_1.0Torr_SmallAdmixture_1kHzLaserFreq_CapCoupling_3%_N2_Trial,0,45.0,1.0,2.09,2,1.153057490645485,0.0006493324858226705,0.33884682304119595,0.00017726317314632861,0.27607065555390825,0.00013122190183701606,0.4896584318953045,0.00027574611792220255,-0.05393818724336405,0.00027823463173042967,48.61027154287498,0.0004864341582644053,19250,0.09694638775441604
LAS_1.0Torr_SmallAdmixture_1kHzLaserFreq_CapCoupling_3%_N2_Trial,0,45.0,1.0,2.09,4,1.142622799210408,0.0006777629516796123,0.33456372636332193,0.00018429505549196536,0.2750703354279008,0.0001377509128462214,0.4852272264377598,0.00028781942514452503,-0.050535890129316245,0.00023898641653828323,54.13110422074101,0.0004842777153168598,19290,0.09695535624370594
LAS_1.0Torr_SmallAdmixture_1kHzLaserFreq_CapCoupling_3%_N2_Trial,0,45.0,1.0,2.09,6,1.1591346000420335,0.0006946982514076929,0.3398707233241052,0.0001891977188884468,0.27545310735931894,0.00013934501416536574,0.4922391426419164,0.00029501118477126033,-0.048554621124980296,0.0003068409716554434,56.288425033714105,0.000480127020643478,19279,0.09697093298925814
LAS_1.0Torr_SmallAdmixture_1kHzLaserFreq_CapCoupling_3%_N2_Trial,0,45.0,1.0,2.09,8,1.1693597016789306,0.0007101558894397295,0.3435070418370378,0.00019367684043745655,0.2759658299616676,0.00014144351103758987,0.4965813435071051,0.00030157543925204527,-0.04512353362043255,4.9353106536249596e-05,51.43696282370119,0.000509956658317886,19317,0.0970195461983887
LAS_1.0Torr_SmallAdmixture_1kHzLaserFreq_CapCoupling_3%_N2_Trial,0,45.0,1.0,2.22,0,1.1790960337873906,0.0008810154032398053,0.3316033120922801,0.00023040550493544774,0.2642028335207977,0.00016655352024315368,0.5007159830643848,0.00037413279418055325,-0.04257339581730661,9.728858298111539e-05,74.49938936663825,0.0005002615676718674,18729,0.09562984515737273
LAS_1.0Torr_SmallAdmixture_1kHzLaserFreq_CapCoupling_3%_N2_Trial,0,45.0,1.0,2.22,2,1.1930090848914248,0.0009649496148575488,0.33357244818132475,0.00025111404869658873,0.2626722603685486,0.00017913878132488862,0.5066243118699735,0.000409776372039022,-0.04202026317718341,6.397836798783883e-05,86.0304874236779,0.0005020586092142107,18771,0.0955768787799051
LAS_1.0Torr_SmallAdmixture_1kHzLaserFreq_CapCoupling_3%_N2_Trial,0,45.0,1.0,2.22,4,1.1753068991465787,0.0009007304296470743,0.3282140807237849,0.000233891945382927,0.26234555676474924,0.0001695998938027823,0.4991068857370507,0.00038250499504102704,-0.042391023603716826,-0.00017266282611500122,79.51123536719287,0.0004925761554599967,18744,0.09561598043638064
LAS_1.0Torr_SmallAdmixture_1kHzLaserFreq_CapCoupling_3%_N2_Trial,0,45.0,1.0,2.22,6,1.1766492622379587,0.0008821174821685227,0.32733530472203587,0.00022824523371711055,0.2613446485365673,0.0001652962943801595,0.49967693485575626,0.0003746008040104521,-0.04649900749150056,7.814934129492993e-05,83.16876108597427,0.0004700462232792184,18762,0.09562995877606256
LAS_1.0Torr_SmallAdmixture_1kHzLaserFreq_CapCoupling_3%_N2_Trial,0,45.0,1.0,2.22,8,1.1863723300592637,0.0008987045716737639,0.3294973286757017,0.0002322592378042456,0.2609147785623448,0.00016669138640845065,0.5038059415889129,0.00038164469237051714,-0.046104473270045604,7.57805983497976e-05,80.86259282010278,0.0004808940615444301,18755,0.09564333045141674
LAS_1.0Torr_SmallAdmixture_1kHzLaserFreq_CapCoupling_3%_N2_Trial,0,45.0,1.0,2.35,0,1.156651385557095,0.0010069993844892952,0.31407588601055075,0.00026074862640411195,0.2550937986529297,0.00018554215293546181,0.49118461854349177,0.0004276332650616877,-0.05863230913089659,0.0002471062080014002,83.47262276997083,0.0005196166191680343,17487,0.0941357090235912
LAS_1.0Torr_SmallAdmixture_1kHzLaserFreq_CapCoupling_3%_N2_Trial,0,45.0,1.0,2.35,2,1.153394377042209,0.001029978657084378,0.31041839863497034,0.0002641398877971644,0.2528351286225043,0.00018872775281064005,0.4898014943757836,0.00043739166364657007,-0.06121633635991455,0.0003383508653781561,91.72830628144493,0.0005045314942031574,17576,0.09418282083605105
LAS_1.0Torr_SmallAdmixture_1kHzLaserFreq_CapCoupling_3%_N2_Trial,0,45.0,1.0,2.35,4,1.1466368065825012,0.0010086008495339056,0.3112797983928271,0.0002610579782353339,0.25503092612899936,0.00018742257119552913,0.48693181842157757,0.000428313344649081,-0.06186412041122899,0.00035549123006691863,89.43804633817072,0.0005076977619687113,17503,0.09412719716354757
LAS_1.0Torr_SmallAdmixture_1kHzLaserFreq_CapCoupling_3%_N2_Trial,0,45.0,1.0,2.35,6,1.1687836679271941,0.0010068177697466036,0.31378904632935006,0.0002577723053454341,0.25221530370303413,0.0001815041806093264,0.4963367244955794,0.0004275561403815768,-0.06162679699119328,0.0005451181919452338,88.32168104820093,0.0004948197272054854,17438,0.09418002734433797
LAS_1.0Torr_SmallAdmixture_1kHzLaserFreq_CapCoupling_3%_N2_Trial,0,45.0,1.0,2.35,8,1.1802510128274082,0.0010330968981331523,0.31835722382830817,0.00026597377142794656,0.253400878929283,0.0001850178362375329,0.5012064575031661,0.00043871585869720856,-0.05681268492535725,0.0005604367959714284,87.2070752401275,0.0005084856151378259,17455,0.09415661166440888
LAS_1.0Torr_SmallAdmixture_1kHzLaserFreq_CapCoupling_3%_N2_Trial,0,45.0,1.0,2.48,0,1.145266054394681,0.0010509443818272181,0.29979599417530234,0.0002624187104560462,0.24591624963682374,0.00018817970486802909,0.4863497135636235,0.00044629498718803614,-0.07390165588968305,0.00038046025699303097,94.57288644782598,0.0004956222257726235,17301,0.09313991662021552
LAS_1.0Torr_SmallAdmixture_1kHzLaserFreq_CapCoupling_3%_N2_Trial,0,45.0,1.0,2.48,2,1.1432332527306095,0.0010462366792213533,0.2910041658326704,0.0002546821946651166,0.23912894502249493,0.00018228318318704338,0.48548646217914454,0.00044429580996181923,-0.07461655209609329,0.0006286534557142345,87.9556693885791,0.0005002842652029145,17262,0.09316246525343083
LAS_1.0Torr_SmallAdmixture_1kHzLaserFreq_CapCoupling_3%_N2_Trial,0,45.0,1.0,2.48,4,1.1016747877271191,0.0010776228264979882,0.281022638910864,0.0002624767014158392,0.2396380003359117,0.0001966939615862431,0.46783820702215906,0.00045762427951636747,-0.07112801548149518,0.0006533433862471064,111.54702860786854,0.0004768170396479482,17421,0.09315196093776087
LAS_1.0Torr_SmallAdmixture_1kHzLaserFreq_CapCoupling_3%_N2_Trial,0,45.0,1.0,2.48,6,1.1175181583172864,0.001080131674493072,0.29106752261933233,0.00026815700614164686,0.24468477700540384,0.00019719579446954473,0.4745662670382946,0.0004586896891642843,-0.0679268730262002,0.0005989669755271335,97.31085182163253,0.0005073779683806746,17433,0.0931730227845671
LAS_1.0Torr_SmallAdmixture_1kHzLaserFreq_CapCoupling_3%_N2_Trial,0,45.0,1.0,2.48,8,1.1417150749141585,0.0011411234169829648,0.2957365796467608,0.0002820458899408969,0.24334089450135749,0.00020299150612883052,0.4848417514210318,0.0004845904974313938,-0.06505292203324739,0.0005004460784568589,105.29877672396096,0.0005063580957124746,17275,0.09319782640906207
LAS_1.0Torr_SmallAdmixture_1kHzLaserFreq_CapCoupling_3%_N2_Trial,0,45.0,1.0,2.61,0,1.135789544001731,0.001078944435926917,0.2743851878117829,0.0002492054230915103,0.22695020879061836,0.00017907377571093795,0.4823254101299292,0.00045818551536609524,-0.07899458548258284,0.00029080119109347035,83.07798221842965,0.0005068735560693078,17158,0.09190189028354781
LAS_1.0Torr_SmallAdmixture_1kHzLaserFreq_CapCoupling_3%_N2_Trial,0,45.0,1.0,2.61,2,1.1628151562665887,0.0011848365318097855,0.27272567547879223,0.00026508389972736135,0.22033481849851472,0.00018672771763892659,0.4938021309612666,0.00050315374812185,-0.07994140845439945,0.000515804695050405,92.74126333830269,0.0004961746368836372,17146,0.09190840419927754
LAS_1.0Torr_SmallAdmixture_1kHzLaserFreq_CapCoupling_3%_N2_Trial,0,45.0,1.0,2.61,4,1.0914333171783939,0.0012554903417730217,0.2557087557923125,0.00028171780823404204,0.22009804346291517,0.00021091205368054273,0.463489054920139,0.0005331576586594416,-0.0783439947090971,0.00036205838581572297,119.10281857635779,0.0004971685410895253,18486,0.09187495662335274
LAS_1.0Torr_SmallAdmixture_1kHzLaserFreq_CapCoupling_3%_N2_Trial,0,45.0,1.0,2.61,6,1.1924776018455292,0.001195922597702122,0.27885762191865,0.0002663186303610995,0.219684835232526,0.00018380835742252735,0.5063986118012922,0.0005078615668427453,-0.07721183018109667,0.0005865646008483636,83.00325542376484,0.0005137245323282929,17173,0.09195272468058063
LAS_1.0Torr_SmallAdmixture_1kHzLaserFreq_CapCoupling_3%_N2_Trial,0,45.0,1.0,2.61,8,1.0649288186082133,0.0014086214038512008,0.262012759789753,0.00032919464139484657,0.23113709549448064,0.0002559153324866425,0.4522336306994605,0.0005981864333215693,-0.07434741543108071,0.0005655161807065409,172.59836626014928,0.0004904020016605461,16931,0.09192601825372934
LAS_1.0Torr_SmallAdmixture_1kHzLaserFreq_CapCoupling_3%_N2_Trial,0,45.0,1.0,2.87,0,1.143169710614578,0.001324485267503705,0.25979505264881636,0.0002870611160519211,0.213495122389857,0.00020643925862618033,0.4854594783269535,0.0005624571059256026,-0.06579909823136063,0.00035777800744517463,107.7517136264994,0.000509153866933657,19027,0.08948860392102288
LAS_1.0Torr_SmallAdmixture_1kHzLaserFreq_CapCoupling_3%_N2_Trial,0,45.0,1.0,2.87,2,1.1645057366896625,0.0012656960511844438,0.26104796648299794,0.0002704488404236365,0.2105942319700402,0.00019116032447958492,0.49452005436549507,0.0005374916244047042,-0.06397962886613784,0.0002499861278025192,90.6516610131717,0.000515609048537739,19076,0.08949131961850812
LAS_1.0Torr_SmallAdmixture_1kHzLaserFreq_CapCoupling_3%_N2_Trial,0,45.0,1.0,2.87,4,1.1595418990724107,0.001183997868676253,0.26225266681019505,0.00025554792243543577,0.21247178030995048,0.00018107234824466003,0.4924121066147842,0.0005027976006806463,-0.06304334591266016,4.137858930627166e-05,88.21338783862846,0.000495765340706214,19057,0.08958130618775483
LAS_1.0Torr_SmallAdmixture_1kHzLaserFreq_CapCoupling_3%_N2_Trial,0,45.0,1.0,2.87,6,1.1818447891843262,0.0011909277360826302,0.2674477027901915,0.00025731709610486573,0.21259165704584276,0.00017874671379323692,0.5018832720055232,0.0005057404444113172,-0.06517759946095285,-1.2184373464931368e-05,81.41365430836467,0.0005123675564474344,19101,0.08958602575028407
LAS_1.0Torr_SmallAdmixture_1kHzLaserFreq_CapCoupling_3%_N2_Trial,0,45.0,1.0,2.87,8,1.1602869982226665,0.0012382606195377142,0.2623622036762973,0.000267282263374252,0.21242402529102955,0.00018923713107123197,0.4927285210906283,0.0005258408693057646,-0.06803863989309313,0.00012008764675893096,102.01822508447005,0.00048349168831826345,19063,0.08958117731465236
LAS_1.0Torr_SmallAdmixture_1kHzLaserFreq_CapCoupling_3%_N2_Trial,0,45.0,1.0,2.74,0,1.160598065426063,0.0011983968342414984,0.25995512973863694,0.00025743032832457505,0.2104187030296559,0.0001803374477116269,0.492860619169228,0.0005089122783587261,-0.06002568372970701,0.0002795355419277783,83.08333641326577,0.0005117575931457107,17091,0.09072820246362853
LAS_1.0Torr_SmallAdmixture_1kHzLaserFreq_CapCoupling_3%_N2_Trial,0,45.0,1.0,2.74,2,1.1663719736815172,0.0012126752915543354,0.2630871925307322,0.0002611712540975892,0.21189973849567886,0.00018387177495642602,0.49531257224633807,0.0005149757808938633,-0.05974143558580924,8.205297236497559e-05,86.39538839395973,0.0005096583274850814,18912,0.0907777965634706
LAS_1.0Torr_SmallAdmixture_1kHzLaserFreq_CapCoupling_3%_N2_Trial,0,45.0,1.0,2.74,4,1.1721292619198995,0.0012269755183731365,0.2622198288938597,0.0002629571494238562,0.21016375111533564,0.000182314529963576,0.497757467452038,0.0005210485280869988,-0.0624612824556022,0.00019095771875619254,83.80215362178811,0.0005122514331985983,16884,0.09071011693050128
LAS_1.0Torr_SmallAdmixture_1kHzLaserFreq_CapCoupling_3%_N2_Trial,0,45.0,1.0,2.74,6,1.175116569642236,0.0011363764068922783,0.27146502841093023,0.0002511357943109017,0.21702048472529833,0.00017434440850313583,0.4990260602384126,0.00048257462785329013,-0.06601368514061762,0.00032322239591270634,78.34293108634891,0.0005085758195419106,17054,0.09068700009184116
LAS_1.0Torr_SmallAdmixture_1kHzLaserFreq_CapCoupling_3%_N2_Trial,0,45.0,1.0,2.74,8,1.1299846633712287,0.0012345538986770531,0.2612377165268935,0.00027258547896749153,0.21718564637466253,0.00019897357871517257,0.4798603042961516,0.0005242667698884937,-0.0650699013713953,0.00025256610308883095,105.28899708828058,0.0004972308791884632,18356,0.09075342563621193
LAS_1.0Torr_SmallAdmixture_1kHzLaserFreq_CapCoupling_3%_N2_Trial,0,45.0,1.0,3.0,0,1.211237434815827,0.0014178787441711676,0.2708509201789302,0.0003037145040144636,0.21007231453747158,0.0002048459553968815,0.5143651793570102,0.0006021176637947858,-0.0739544934292647,0.00020163837057230724,108.3708539482099,0.0005061971817711231,16889,0.08864217486097067
LAS_1.0Torr_SmallAdmixture_1kHzLaserFreq_CapCoupling_3%_N2_Trial,0,45.0,1.0,3.0,2,1.1864101337359667,0.0013231174953325438,0.2659662519296323,0.0002843131573615322,0.2106005375661476,0.0001954511114940973,0.5038219953322903,0.0005618762665642054,-0.07504851253751504,0.000314955823808994,99.84616007487611,0.0005052256507643906,19164,0.08863025935694549
LAS_1.0Torr_SmallAdmixture_1kHzLaserFreq_CapCoupling_3%_N2_Trial,0,45.0,1.0,3.0,4,1.2056691091967884,0.0012783335866339716,0.26967041609858455,0.0002740920754321832,0.21012269445489062,0.00018511321459759494,0.5120005291873343,0.0005428582915843026,-0.07366652488164255,5.376451681647054e-05,91.94357169994134,0.0004994343010248267,19180,0.08877159413642303
LAS_1.0Torr_SmallAdmixture_1kHzLaserFreq_CapCoupling_3%_N2_Trial,0,45.0,1.0,3.0,6,1.1766285841980677,0.00127811735679564,0.26364636522709134,0.00027443496545179695,0.2104990710019161,0.0001901984696666194,0.499668153700723,0.0005427664672265186,-0.07678143804869812,0.00017081916399020757,92.22250324728356,0.0005118401079815985,19176,0.08865835542961027
LAS_1.0Torr_SmallAdmixture_1kHzLaserFreq_CapCoupling_3%_N2_Trial,0,45.0,1.0,3.0,8,1.1823956565852507,0.001279310245593801,0.26414061547301654,0.0002738912959511512,0.20986506472009403,0.00018944074767693212,0.5021172038518598,0.0005432730404573174,-0.07727074493938418,7.841632301906476e-05,100.148719376096,0.0004887299573159196,19138,0.08866290611072014
LAS_1.0Torr_SmallAdmixture_1kHzLaserFreq_CapCoupling_3%_N2_Trial,0,50.0,1.0,0.0,0,1.039307130124685,0.000643059912935189,0.34925900451707087,0.00020218496286520068,0.31569775599009264,0.00016480790998516187,0.441353101404836,0.0002730824014735858,0.0050370979666888305,-0.0007055170411008043,81.44779408380256,0.00046485876701144347,18704,0.1423969457519317
LAS_1.0Torr_SmallAdmixture_1kHzLaserFreq_CapCoupling_3%_N2_Trial,0,50.0,1.0,0.0,2,1.1723402544050754,0.0008714992900179968,0.36557733824535626,0.0002571975824810169,0.2929499166347082,0.0001819087284772761,0.49784706771071646,0.00037009167297390774,0.002488633926387644,-0.0006419113743913441,108.31427198783567,0.00046628009054054914,18428,0.1423886787569093
LAS_1.0Torr_SmallAdmixture_1kHzLaserFreq_CapCoupling_3%_N2_Trial,0,50.0,1.0,0.0,4,1.14374410555634,0.0006771675416642069,0.3553478955263377,0.00019810325698392734,0.2918721577170713,0.00014490573660488144,0.4857034013999604,0.00028756657779142815,0.002049929430460097,-0.0008223866489314723,65.97807858983131,0.00047272167514441705,18633,0.14238490058193903
LAS_1.0Torr_SmallAdmixture_1kHzLaserFreq_CapCoupling_3%_N2_Trial,0,50.0,1.0,0.0,6,1.0189835423711373,0.0005761062390432347,0.33984419788013753,0.0001793418885467837,0.31331448955050883,0.00014765889036388237,0.4327224683352587,0.00024464979405067997,0.000815993322095217,-0.0007634408752029943,55.625525533770315,0.0005000520197218816,18626,0.14242413568269072
LAS_1.0Torr_SmallAdmixture_1kHzLaserFreq_CapCoupling_3%_N2_Trial,0,50.0,1.0,0.0,8,0.9666092910578081,0.0006202592348650225,0.3558112628013784,0.00021297397203435368,0.34580917807133194,0.00018642355624229714,0.4104811716281717,0.00026339984500041506,-0.0008259649406115388,-0.0008136644602833666,94.31960831672015,0.00048010562464935447,18670,0.14242197358537806
LAS_1.0Torr_SmallAdmixture_1kHzLaserFreq_CapCoupling_3%_N2_Trial,0,50.0,1.0,0.13,0,1.0854089760354138,0.0005933264865983977,0.40765920215073587,0.00020923192210281895,0.3528349773780231,0.00016205549437993495,0.46093075278758644,0.00025196255987815816,0.0018819299736110105,-0.0007990564963404368,70.33861224827635,0.0004998659240549916,17000,0.13549371225768803
LAS_1.0Torr_SmallAdmixture_1kHzLaserFreq_CapCoupling_3%_N2_Trial,0,50.0,1.0,0.13,2,1.1096625142436694,0.0006341504268059911,0.41360411410454084,0.00022184126508431197,0.3501561226281341,0.00016806441148418518,0.47123028215478147,0.00026929889107414005,0.0006752836217236428,-0.0006522833042292059,76.59787201403196,0.0004976747303285524,16837,0.13554463912177653
LAS_1.0Torr_SmallAdmixture_1kHzLaserFreq_CapCoupling_3%_N2_Trial,0,50.0,1.0,0.13,4,1.0953753575877299,0.000618572037260755,0.4108838966850876,0.00021712111190263104,0.35239029898701396,0.00016741264763702203,0.4651630853487717,0.00026268335814706603,0.000586584069632855,-0.0007048054549891336,72.4566960965568,0.0005107258602950727,17086,0.13544979563063742
LAS_1.0Torr_SmallAdmixture_1kHzLaserFreq_CapCoupling_3%_N2_Trial,0,50.0,1.0,0.13,6,1.091857710186817,0.0006250921318146147,0.41354342143565304,0.00022110719008181534,0.3558138600231901,0.00017141513576344935,0.46366927803711083,0.00026545218736933213,-0.0006463625518148031,-0.0005304482851701157,74.39865914352805,0.0005157667763987889,17201,0.13546940368910756
LAS_1.0Torr_SmallAdmixture_1kHzLaserFreq_CapCoupling_3%_N2_Trial,0,50.0,1.0,0.13,8,1.1158499292241812,0.0006210752707351615,0.4151591977153104,0.00021735382806785947,0.34952372780089597,0.0001631446767154781,0.4738578353699701,0.0002637463835275781,0.00015701288496895098,-0.0005428724705581579,72.64143613134206,0.0004966190146538028,16894,0.1354218723893066
LAS_1.0Torr_SmallAdmixture_1kHzLaserFreq_CapCoupling_3%_N2_Trial,0,50.0,1.0,0.26,0,1.0973058724274396,0.0008156648674533953,0.374421771711113,0.0002595850490870765,0.3205539851199964,0.00020077549453583678,0.4659828995183442,0.00034638097682860306,0.02090311279028661,-0.0007027662465110087,110.3023540892462,0.0004970419458766388,17337,0.13486572396757032
LAS_1.0Torr_SmallAdmixture_1kHzLaserFreq_CapCoupling_3%_N2_Trial,0,50.0,1.0,0.26,2,1.0670236986809927,0.0011138451910119118,0.35757438963165283,0.0003474286196161618,0.31481841682007305,0.00027715960434225893,0.45312324435686074,0.00047300650143619475,0.018476038478939933,-0.0007824181489075389,212.6198367217061,0.00048783534776691145,17264,0.1348607238361874
LAS_1.0Torr_SmallAdmixture_1kHzLaserFreq_CapCoupling_3%_N2_Trial,0,50.0,1.0,0.26,4,1.172345200884914,0.0012263940867976782,0.35080069060624974,0.0003455388464858461,0.2811076856034703,0.0002464810021759963,0.49784916828729725,0.0005208016168307926,0.01326357483578394,-0.0009258781839408185,173.10025060171563,0.0005040823657402254,17275,0.1348451048519393
LAS_1.0Torr_SmallAdmixture_1kHzLaserFreq_CapCoupling_3%_N2_Trial,0,50.0,1.0,0.26,6,1.0827782008188358,0.0007997552101914933,0.3699748741536961,0.0002547979239213835,0.32099666275082994,0.0001998017120910112,0.45981356541603796,0.0003396247674547811,0.009615002588261949,-0.0005475940288785275,105.65620959257048,0.0005038070405552486,17289,0.13478960788000335
LAS_1.0Torr_SmallAdmixture_1kHzLaserFreq_CapCoupling_3%_N2_Trial,0,50.0,1.0,0.26,8,1.208405509011958,0.001380652187437174,0.3486066291657537,0.00037450235729928,0.2710133813506914,0.0002601790181051707,0.5131625711959982,0.0005863090007028661,0.008901998345250347,-0.00046951632081369176,212.14275818016043,0.00048614323352129103,17278,0.13482600536893125
LAS_1.0Torr_SmallAdmixture_1kHzLaserFreq_CapCoupling_3%_N2_Trial,0,50.0,1.0,0.39,0,1.1336589043967984,0.0008572269591852571,0.40130507849076924,0.00028078716243182185,0.3325523659749441,0.00021250553718006127,0.48142061079741605,0.00036403077211532344,0.007000549638566531,-0.0008815138291726316,123.37760817366632,0.0004966793442759989,18195,0.13377896767587197
LAS_1.0Torr_SmallAdmixture_1kHzLaserFreq_CapCoupling_3%_N2_Trial,0,50.0,1.0,0.39,2,1.0875475833865946,0.0008271419880387104,0.3866223284556741,0.00027063683893550905,0.33396922918802585,0.00021508488283444356,0.46183893571039353,0.00035125486118742433,0.002417883376213339,-0.0007527560922637812,127.80993558402926,0.0004941933293240959,19003,0.13378433314498575
LAS_1.0Torr_SmallAdmixture_1kHzLaserFreq_CapCoupling_3%_N2_Trial,0,50.0,1.0,0.39,4,1.107762731167947,0.0008309939958316949,0.397208810221374,0.00027554470359043403,0.33685260683618395,0.0002136361417356853,0.47042351856376685,0.00035289065828415485,0.0009134230871547586,-0.000826048734586094,118.5441701350019,0.000506488792828396,18182,0.13377143395278757
LAS_1.0Torr_SmallAdmixture_1kHzLaserFreq_CapCoupling_3%_N2_Trial,0,50.0,1.0,0.39,6,1.1315457397820503,0.0008468679833367976,0.4007003812944621,0.00027776182853186883,0.33267137380561196,0.00021035072771136978,0.4805232324099647,0.0003596317201069465,-0.0014334264672870923,-0.0005146700593832466,128.43786503923369,0.00048404578989583364,18170,0.13382187395519893
LAS_1.0Torr_SmallAdmixture_1kHzLaserFreq_CapCoupling_3%_N2_Trial,0,50.0,1.0,0.39,8,1.1147956212140921,0.0008553076103353032,0.39596255664273844,0.00028112948390983524,0.33367729438540117,0.00021639099112000934,0.4734101119813766,0.0003632156997050116,0.001637048674363575,-0.0004105507922072013,120.84166683837273,0.0005090697121434278,18111,0.1338252465730525
LAS_1.0Torr_SmallAdmixture_1kHzLaserFreq_CapCoupling_3%_N2_Trial,0,50.0,1.0,0.52,0,1.117253472224436,0.0009029790805429742,0.3888344383606931,0.0002899534021842563,0.32694959176183935,0.0002233156634144811,0.47445386520384913,0.0003834599091545895,-0.003283003968003944,-0.0007607629031622415,133.09626776626033,0.0005028692800975894,18726,0.1330345727208409
LAS_1.0Torr_SmallAdmixture_1kHzLaserFreq_CapCoupling_3%_N2_Trial,0,50.0,1.0,0.52,2,1.1191297544165177,0.0008832252635101461,0.3933125473230691,0.00028642612812961857,0.33016052667481327,0.00022034000247713492,0.47525064888846275,0.00037507123543214864,-0.005290963849162596,-0.0006812348725143034,122.66413306079063,0.0005161954948690448,18564,0.13306573479489622
LAS_1.0Torr_SmallAdmixture_1kHzLaserFreq_CapCoupling_3%_N2_Trial,0,50.0,1.0,0.52,4,1.1168081098961384,0.0009295044092797658,0.3917762211074032,0.000301946865278411,0.32955454366336917,0.00023133298511056194,0.4742647372366241,0.0003947241791325712,-0.005747771999057619,-0.0005774820272191473,131.29146492095583,0.0005242665274142458,18157,0.13309182636833392
LAS_1.0Torr_SmallAdmixture_1kHzLaserFreq_CapCoupling_3%_N2_Trial,0,50.0,1.0,0.52,6,1.1191854261645922,0.000930886020831525,0.3963543624912326,0.0003042865537562157,0.3326973841819303,0.00023369422726053903,0.47527429050311265,0.00039531089553779063,-0.004794124815188809,-0.000422932533020977,147.48691456087047,0.0004994654593734678,18637,0.1330740621707721
LAS_1.0Torr_SmallAdmixture_1kHzLaserFreq_CapCoupling_3%_N2_Trial,0,50.0,1.0,0.52,8,1.1067253480234835,0.0008936740251046883,0.3908311313225485,0.00029104042694588945,0.3317546987574466,0.00022674325235912362,0.46998298250384474,0.0003795084159362771,-0.001341009864740056,-0.0004732653873627877,132.56128291326033,0.0005116915512204139,18669,0.1330877538713022
LAS_1.0Torr_SmallAdmixture_1kHzLaserFreq_CapCoupling_3%_N2_Trial,0,50.0,1.0,0.65,0,1.0339589118450856,0.0010458532505239705,0.36154810525368797,0.00033727936569354967,0.32849638822923416,0.00028084995352356496,0.4390819222160547,0.0004441329827860476,-0.01101855238020186,-0.0004486693494351769,205.87047316045326,0.0004972049029085292,17118,0.13430264575411913
LAS_1.0Torr_SmallAdmixture_1kHzLaserFreq_CapCoupling_3%_N2_Trial,0,50.0,1.0,0.65,2,1.1095255869547276,0.0008840051514958608,0.38384399605293285,0.00028230663538288955,0.32500139098809316,0.00021885329551134562,0.47117213448900513,0.00037540242336617376,-0.014896783919166401,-0.0004484208813472138,129.23786232562045,0.0004991005659698554,17359,0.134247405748998
LAS_1.0Torr_SmallAdmixture_1kHzLaserFreq_CapCoupling_3%_N2_Trial,0,50.0,1.0,0.65,4,1.107384583677414,0.0007820028564107012,0.38719490593642497,0.00025122039179772124,0.32847245132432074,0.0001966242776969583,0.4702629341100499,0.000332086036918555,-0.01630588235730872,-0.0005483240989904883,105.88115627320289,0.0004924339681445869,18394,0.13427246106796928
LAS_1.0Torr_SmallAdmixture_1kHzLaserFreq_CapCoupling_3%_N2_Trial,0,50.0,1.0,0.65,6,1.1056241399039544,0.0008648007638041767,0.380071146966595,0.0002734498377956923,0.3229424821075004,0.00021372521042256482,0.4695153424725596,0.00036724707080230864,-0.01923226365550561,-0.00032873343552026444,116.32947132051397,0.0005129191353440487,18413,0.1343508694472278
LAS_1.0Torr_SmallAdmixture_1kHzLaserFreq_CapCoupling_3%_N2_Trial,0,50.0,1.0,0.65,8,1.1035944200370187,0.0008512261689057175,0.3834418158272411,0.0002721158337842094,0.32640572429526526,0.00021307268939129353,0.46865339980682647,0.0003614824711136387,-0.018798945799175373,-0.0003211531452724433,128.58459255949657,0.0004898265623584102,18447,0.134337070495157
LAS_1.0Torr_SmallAdmixture_1kHzLaserFreq_CapCoupling_3%_N2_Trial,0,50.0,1.0,0.78,0,1.1350812957135814,0.0009145241288278056,0.33897042087952695,0.00025207592131555297,0.28054505959464915,0.0001914634967132976,0.4820246447743582,0.00038836263975143207,-0.01769118895581207,-0.0005033885299700269,67.51276394248029,0.0006036629156833235,17232,0.12878553016263877
LAS_1.0Torr_SmallAdmixture_1kHzLaserFreq_CapCoupling_3%_N2_Trial,0,50.0,1.0,0.78,2,1.1601625143372736,0.0014383269880627984,0.32192256431661226,0.0003707529761588555,0.26067559849265454,0.0002706377626169543,0.49267565765180393,0.00061080123345217,-0.016951210634441504,-0.00044299610323377507,187.65568976294347,0.0005351043463545978,17504,0.12874601003764116
LAS_1.0Torr_SmallAdmixture_1kHzLaserFreq_CapCoupling_3%_N2_Trial,0,50.0,1.0,0.78,4,1.1304071874301118,0.0009874329472172479,0.3323273394625328,0.00026861284286211154,0.2761842766870049,0.0002048622955961983,0.4800397337433294,0.00041932416419712877,-0.017473144799671405,-0.000715067757089634,94.90389536771258,0.0005539533458125191,17333,0.1287844997154145
LAS_1.0Torr_SmallAdmixture_1kHzLaserFreq_CapCoupling_3%_N2_Trial,0,50.0,1.0,0.78,6,1.1342391335075357,0.0009172059113440561,0.34358859120315016,0.0002569445729821621,0.2845783764433921,0.0001953458815153544,0.4816670114138715,0.0003895014879287735,-0.01998059774513005,-0.00045835396465742614,86.80211555235357,0.00055443847402101,17492,0.12877983021126288
LAS_1.0Torr_SmallAdmixture_1kHzLaserFreq_CapCoupling_3%_N2_Trial,0,50.0,1.0,0.78,8,1.1674597475724646,0.0011010983149064072,0.3461914465435045,0.0003015263584227812,0.27857504391579796,0.00022226506533748236,0.49577450728602096,0.0004675934015552069,-0.02135480756255397,-0.00045457747372283164,116.0904281148478,0.0005334798858002208,17130,0.12875597211062004
LAS_1.0Torr_SmallAdmixture_1kHzLaserFreq_CapCoupling_3%_N2_Trial,0,50.0,1.0,0.91,0,1.1214436756485842,0.0008421510015144497,0.3738144014345221,0.00025987484038137414,0.31314562795076195,0.00019875248087494965,0.4762332807617344,0.0003576286023603053,-0.009330997572886895,-0.00037729772525508935,67.90312186414724,0.0006273512818605507,16833,0.12358816020903983
LAS_1.0Torr_SmallAdmixture_1kHzLaserFreq_CapCoupling_3%_N2_Trial,0,50.0,1.0,0.91,2,1.1130655117662316,0.0008076065095288881,0.3634393095382856,0.00024247788707026,0.3067460381405069,0.00018894067144552474,0.47267540214590054,0.00034295890729869926,-0.010742572416425808,-0.0002358107739542388,41.15284640643335,0.0007673078777158377,18512,0.12329611558196284
LAS_1.0Torr_SmallAdmixture_1kHzLaserFreq_CapCoupling_3%_N2_Trial,0,50.0,1.0,0.91,4,1.0869534942739238,0.0008245677311598146,0.3630311727642758,0.0002525096565031669,0.3137622895748908,0.00020213811741079342,0.461586649293041,0.0003501616749440305,-0.010127566141040564,-0.00048317334162344686,56.25162833878287,0.0006874323802024099,18541,0.12333637622843964
LAS_1.0Torr_SmallAdmixture_1kHzLaserFreq_CapCoupling_3%_N2_Trial,0,50.0,1.0,0.91,6,1.1402538460138418,0.0008434481714399395,0.3884464163135007,0.0002641645971537596,0.3200349163810293,0.00020064925916369412,0.4842212246409069,0.0003581794597085036,-0.012539134662141,-0.000339547279141873,52.4889973853564,0.00071991102380085,18500,0.123231300767148
LAS_1.0Torr_SmallAdmixture_1kHzLaserFreq_CapCoupling_3%_N2_Trial,0,50.0,1.0,0.91,8,1.1064284587639563,0.0008299476193187996,0.3749183044050046,0.0002601830020555478,0.31833258520699836,0.00020197807614609486,0.46985690524365087,0.0003524463030922992,-0.012728024247757909,-0.0005014133848604662,89.14811622685495,0.0005515334666073598,16661,0.12372459866793689
LAS_1.0Torr_SmallAdmixture_1kHzLaserFreq_CapCoupling_3%_N2_Trial,0,50.0,1.0,1.04,0,1.1552254061411866,0.0007922832392963426,0.36224929995772204,0.0002288033593720039,0.29458363255693915,0.0001710996247494277,0.49057906084114533,0.00033645171356859655,-0.02361334446939812,-0.00045647635228011647,71.37874178265005,0.0005278245293454686,18051,0.1187564977648448
LAS_1.0Torr_SmallAdmixture_1kHzLaserFreq_CapCoupling_3%_N2_Trial,0,50.0,1.0,1.04,2,1.1449926228720213,0.0008453752665289246,0.35548746855296753,0.00024124759518328375,0.29166841200386934,0.00018235906812555313,0.48623359788708304,0.0003589978216436551,-0.024036397413796276,-0.000280087411662852,83.980998183329,0.0005179076361922692,18742,0.11915296409383656
LAS_1.0Torr_SmallAdmixture_1kHzLaserFreq_CapCoupling_3%_N2_Trial,0,50.0,1.0,1.04,4,1.1350803995484045,0.000831957853144269,0.3569891554017139,0.00024041932350790765,0.29545829600202833,0.0001833820125605009,0.48202426420804745,0.000353299970798123,-0.021959326649960625,-0.0004030151674013748,93.61812743115453,0.0004922565465676563,18808,0.11868995165515399
LAS_1.0Torr_SmallAdmixture_1kHzLaserFreq_CapCoupling_3%_N2_Trial,0,50.0,1.0,1.04,6,1.152052520948196,0.0009049207668073916,0.36395227810961583,0.00026315229860862725,0.2967836374703014,0.00019734007444980928,0.48923166055903633,0.00038428446739143424,-0.022474024575003294,-0.00016373820895810483,105.58628377077324,0.000498950333971525,18146,0.11885286054243
LAS_1.0Torr_SmallAdmixture_1kHzLaserFreq_CapCoupling_3%_N2_Trial,0,50.0,1.0,1.04,8,1.1269584585908117,0.0009398593232065807,0.35215383390109206,0.0002701404445921482,0.29355690698428044,0.000207046546365683,0.4785751934500796,0.00039912150620164614,-0.019759549685389642,-0.0002384538656441597,112.79714414730319,0.0005077091174254065,19029,0.11879112544632427
LAS_1.0Torr_SmallAdmixture_1kHzLaserFreq_CapCoupling_3%_N2_Trial,0,50.0,1.0,1.17,0,1.1737850250259445,0.0007109899184309455,0.3548022496312903,0.00019756803596255375,0.2839655071104408,0.00014582789232919742,0.49846060530307634,0.00030192961875420124,-0.033638229937869885,-0.00017889578678050887,64.85549744273706,0.00047124739928597895,18637,0.11494766979372395
LAS_1.0Torr_SmallAdmixture_1kHzLaserFreq_CapCoupling_3%_N2_Trial,0,50.0,1.0,1.17,2,1.142765779034013,0.0007152289615689034,0.3452859450367548,0.0001986591123383159,0.2838503694543269,0.00015053388994675776,0.48528794437835426,0.00030372977462891573,-0.03175706456717239,-8.77271173901944e-05,66.86458924659988,0.00048049657856022383,18726,0.1150080537739473
LAS_1.0Torr_SmallAdmixture_1kHzLaserFreq_CapCoupling_3%_N2_Trial,0,50.0,1.0,1.17,4,1.139123045559266,0.0008117787150783847,0.3463233512717954,0.00022688632540498286,0.2856136287798347,0.00017229958428490916,0.4837410179019835,0.0003447306798629343,-0.028950163316945204,-0.0002461914053067057,86.81343097343205,0.00048051234063022395,18714,0.11501489765495816
LAS_1.0Torr_SmallAdmixture_1kHzLaserFreq_CapCoupling_3%_N2_Trial,0,50.0,1.0,1.17,6,1.130939815942619,0.0007554640519080165,0.34329384009040126,0.00021093255335170652,0.2851637429177247,0.00016111093146874822,0.480265920246893,0.000320816044309699,-0.028428832346363262,-0.00031324009590825335,80.89997189441704,0.0004671454885928828,18663,0.11496284459504603
LAS_1.0Torr_SmallAdmixture_1kHzLaserFreq_CapCoupling_3%_N2_Trial,0,50.0,1.0,1.17,8,1.1418395158357069,0.0008013203229211797,0.34596980205882916,0.00022523087071336817,0.28464326628293746,0.00016861264365483346,0.48489459661479134,0.0003402894096353966,-0.028080575277844355,-0.00044377774153948435,86.57672095140781,0.00046971713073713014,16417,0.1150473679870054
LAS_1.0Torr_SmallAdmixture_1kHzLaserFreq_CapCoupling_3%_N2_Trial,0,50.0,1.0,1.3,0,1.065784477234032,0.0009387260563478466,0.3033596331981857,0.00024873123899667036,0.2673967902203258,0.00019738954704497818,0.4525969954617166,0.00039864025207731276,-0.04377710222682512,-0.0002128084716312457,115.6985758035411,0.0004753648426477011,17096,0.11186920271056894
LAS_1.0Torr_SmallAdmixture_1kHzLaserFreq_CapCoupling_3%_N2_Trial,0,50.0,1.0,1.3,3,1.0592404961646782,0.0008959338992209709,0.30763998831692424,0.00024254567380857436,0.27284500025262653,0.00019270553294026467,0.44981802257027953,0.0003804680961127098,-0.04753132799297363,-0.00013028561862674573,116.82921365428075,0.0004623657445278395,17103,0.11190278561103592
LAS_1.0Torr_SmallAdmixture_1kHzLaserFreq_CapCoupling_3%_N2_Trial,0,50.0,1.0,1.3,6,1.1267147476117987,0.0007544133966112138,0.3259790763573015,0.00020233231048782913,0.2717962972040913,0.00015393440111873254,0.47847169892635694,0.00032036987208561773,-0.05007471808079137,-9.450170445876443e-05,75.58561972287276,0.00045540801587419256,17109,0.11190442380642034
LAS_1.0Torr_SmallAdmixture_1kHzLaserFreq_CapCoupling_3%_N2_Trial,0,50.0,1.0,1.3,9,1.0701570599564942,0.0007395795204674043,0.3128300083852507,0.0002010826609200389,0.2746177946861151,0.00015959786978186902,0.4544538603765916,0.0003140705048897628,-0.05063531788222122,0.0002810454613931168,75.89399115723094,0.0004768188846061738,17097,0.11199479767216458
LAS_1.0Torr_SmallAdmixture_1kHzLaserFreq_CapCoupling_3%_N2_Trial,0,50.0,1.0,1.3,12,1.0372248468418779,0.0007037448569490815,0.29850894156344215,0.00018718764265052623,0.27036609138676393,0.00015525085580464019,0.4404688371116043,0.0002988529244237142,-0.04561984507118145,0.00017002236042835598,70.38676702231878,0.00046614692646828525,17109,0.11199787509817684
LAS_1.0Torr_SmallAdmixture_1kHzLaserFreq_CapCoupling_3%_N2_Trial,0,50.0,1.0,1.43,0,1.0996070797778492,0.0005736461827266597,0.29699045500438326,0.00014397997331717347,0.25373054610148155,0.00011174005080059249,0.4669601323031871,0.00024360510432087825,-0.029502202023637965,-1.692408472649528e-05,35.61945661764041,0.000485335825932149,17243,0.10893203829684807
LAS_1.0Torr_SmallAdmixture_1kHzLaserFreq_CapCoupling_3%_N2_Trial,0,50.0,1.0,1.43,2,1.1052718655420997,0.0008739341084343606,0.3096786329321169,0.0002271647732548564,0.26321456400275567,0.00017566286337836217,0.46936574532495673,0.000371125645154288,-0.028780488851048308,-3.313050730398161e-05,86.92151132699333,0.00048396735463307456,18434,0.10893533151339076
LAS_1.0Torr_SmallAdmixture_1kHzLaserFreq_CapCoupling_3%_N2_Trial,0,50.0,1.0,1.43,4,1.1585346790730515,0.0005503780324613981,0.31122069578628037,0.0001373950463220338,0.2523638945002523,0.00010119072015243272,0.4919843796632133,0.0002337240306845462,-0.02895740155579233,-0.0002979957554005502,32.41508284364051,0.0004600874157271154,18437,0.10894738860642186
LAS_1.0Torr_SmallAdmixture_1kHzLaserFreq_CapCoupling_3%_N2_Trial,0,50.0,1.0,1.43,6,1.0622572250866449,0.0008025459045598982,0.2935664713243562,0.00020563736297360448,0.25962382785009286,0.00016552953721855196,0.4510991093897724,0.00034080986623729475,-0.03412094717101506,-0.00018581209534659557,82.59768938303392,0.00046451410003242285,18483,0.10894177405283105
LAS_1.0Torr_SmallAdmixture_1kHzLaserFreq_CapCoupling_3%_N2_Trial,0,50.0,1.0,1.43,8,1.1099025572491452,0.0005934334432946234,0.31394259723219553,0.0001555662723319598,0.2657254704797569,0.00012002493843720521,0.47133221903356004,0.00025200798020505384,-0.03659672237082369,-0.00022724410463683962,44.06890238519536,0.00046369175369267784,18459,0.10894131016154333
LAS_1.0Torr_SmallAdmixture_1kHzLaserFreq_CapCoupling_3%_N2_Trial,0,50.0,1.0,1.57,0,1.170810938038114,0.0005853008776506756,0.32674541457179024,0.00015197232306128286,0.26217454340430796,0.00011044325769732969,0.49719762684571767,0.0002485543975582147,-0.0315220037489737,-0.00036453525596106634,38.3579661247415,0.0004646358768038447,17402,0.10675841510292852
LAS_1.0Torr_SmallAdmixture_1kHzLaserFreq_CapCoupling_3%_N2_Trial,0,50.0,1.0,1.57,2,1.153661560702666,0.0005480303403169365,0.32363522252595733,0.0001429961698623051,0.26353915489388546,0.00010560641819939977,0.489914956829537,0.00023272705762521814,-0.03543458272438267,-0.00018969640124424795,34.097120423149036,0.0004693498590192892,17520,0.10683451541831804
LAS_1.0Torr_SmallAdmixture_1kHzLaserFreq_CapCoupling_3%_N2_Trial,0,50.0,1.0,1.57,4,1.1622039984635344,0.0005398026423923943,0.3270537063113408,0.00014130509278141674,0.26436533022769604,0.00010352961863147267,0.49354259613849155,0.00022923307601846905,-0.03653026938580602,-0.0002344360776330935,31.149604077793608,0.00048136101272722496,17554,0.10677284319135771
LAS_1.0Torr_SmallAdmixture_1kHzLaserFreq_CapCoupling_3%_N2_Trial,0,50.0,1.0,1.57,6,1.1513178220491362,0.00046620334888933316,0.3241952356345772,0.00012203838263723742,0.2645325939538364,9.038824452941832e-05,0.4889196626632268,0.00019797833378949596,-0.038694561007076786,9.27341786265204e-05,23.824860364865117,0.00048036972146999206,17450,0.10679645562634828
LAS_1.0Torr_SmallAdmixture_1kHzLaserFreq_CapCoupling_3%_N2_Trial,0,50.0,1.0,1.57,8,1.1901493048879772,0.0004924498978195242,0.3328833423771106,0.00012825812025427192,0.2627594874045086,9.166381310117507e-05,0.5054098751194956,0.00020912421688386467,-0.03568908788585682,5.66302768618871e-05,25.422169756209545,0.00047375949277971187,17382,0.106840445395089
LAS_1.0Torr_SmallAdmixture_1kHzLaserFreq_CapCoupling_3%_N2_Trial,0,50.0,1.0,1.7,0,1.178845169257492,0.0005397037833698013,0.3242464985476634,0.0001381260054597827,0.25839631545113656,9.976657878761592e-05,0.5006094507073038,0.00022919109445694734,-0.04279941533255355,2.284671507059078e-05,28.14252191899617,0.0004886656488179774,16863,0.1047010945968835
LAS_1.0Torr_SmallAdmixture_1kHzLaserFreq_CapCoupling_3%_N2_Trial,0,50.0,1.0,1.7,2,1.1678373961531605,0.0008194085048809437,0.3230525424984756,0.000210591994666841,0.2598714533388425,0.00015385710450022,0.4959348798722374,0.0003479707532683986,-0.04426178715857211,0.0002856052365797182,67.00681061331694,0.0004879525685689471,18855,0.10479566301764252
LAS_1.0Torr_SmallAdmixture_1kHzLaserFreq_CapCoupling_3%_N2_Trial,0,50.0,1.0,1.7,4,1.1643847862375054,0.0007332034035033741,0.3219777083326938,0.0001885406212107473,0.2597748319053681,0.0001379990357876739,0.49446869143760913,0.0003113628173203943,-0.04271116210403398,1.5678485968519635e-05,57.660148759845036,0.0004730346954386377,18723,0.10475166078721836
LAS_1.0Torr_SmallAdmixture_1kHzLaserFreq_CapCoupling_3%_N2_Trial,0,50.0,1.0,1.7,6,1.1686056326847016,0.0005786959652509187,0.3237089627162347,0.00014903911138338866,0.2602283084381436,0.00010873219518897486,0.49626111988924515,0.0002457495495131616,-0.044119272703337924,-5.0979503933123516e-05,35.89051352007278,0.0004716460878988876,17250,0.10472737240328762
LAS_1.0Torr_SmallAdmixture_1kHzLaserFreq_CapCoupling_3%_N2_Trial,0,50.0,1.0,1.7,8,1.1730752211145814,0.0006224338815930289,0.3227589623093483,0.00015927918904344042,0.2584760088442794,0.0001157781210416114,0.49815917933515114,0.00026432333243742547,-0.04535674810108909,-8.808690741316523e-05,39.64087687838709,0.000477644270932992,17186,0.10474532236060195
LAS_1.0Torr_SmallAdmixture_1kHzLaserFreq_CapCoupling_3%_N2_Trial,0,50.0,1.0,1.83,0,1.1609743126514538,0.0006181599789929854,0.3110451432626821,0.00015426149384933745,0.2516915316343984,0.00011309983402402172,0.49302039665463915,0.0002625083731121632,-0.046492232164160444,-0.00012225360331460968,36.09967045144558,0.0004914875302724256,16735,0.10228459182251279
LAS_1.0Torr_SmallAdmixture_1kHzLaserFreq_CapCoupling_3%_N2_Trial,0,50.0,1.0,1.83,2,1.137540272092192,0.000652608509871,0.31183898263027443,0.00016638340916327806,0.2575321264853737,0.0001248219350011789,0.48306887589673186,0.0002771373172434596,-0.05006209204837386,-0.0001463585367410746,43.77552822851241,0.0004889804067458221,16948,0.10233483820655441
LAS_1.0Torr_SmallAdmixture_1kHzLaserFreq_CapCoupling_3%_N2_Trial,0,50.0,1.0,1.83,4,1.1542557096181165,0.0006307234666311203,0.3099336628738497,0.00015775879964267993,0.25225193551258707,0.00011606057430861669,0.49016726864279186,0.0002678435950815217,-0.053257624142500654,-0.00028220243896358635,38.74013584325117,0.0004854876478256015,16907,0.10228218330326719
LAS_1.0Torr_SmallAdmixture_1kHzLaserFreq_CapCoupling_3%_N2_Trial,0,50.0,1.0,1.83,6,1.147061183159763,0.0005826439626634869,0.3135112743857614,0.00014825257634834194,0.2567641401998327,0.00011009312812872451,0.4871120345608776,0.00024742610964814904,-0.05835242945586612,-4.810514068195625e-06,33.83198884112491,0.0004912913915183696,16971,0.10227922266519565
LAS_1.0Torr_SmallAdmixture_1kHzLaserFreq_CapCoupling_3%_N2_Trial,0,50.0,1.0,1.83,8,1.1406528742205677,0.0005903073053877416,0.31393874970594216,0.00015136516469640117,0.258558735411639,0.00011236949212528511,0.48439067631835797,0.00025068043166754305,-0.058882194390871466,8.276243396243847e-05,36.594760344713684,0.00048146478944196446,16881,0.10229437987897633
LAS_1.0Torr_SmallAdmixture_1kHzLaserFreq_CapCoupling_3%_N2_Trial,0,50.0,1.0,1.96,0,1.142405403865073,0.0009291931723725043,0.2978937126576381,0.00022547728737148343,0.24496773020681564,0.00016797286221350064,0.4851349071347226,0.0003945920089873755,-0.06301591514666972,-0.00022621600460059628,80.51235791156796,0.00048630129017106965,16773,0.10022530378653861
LAS_1.0Torr_SmallAdmixture_1kHzLaserFreq_CapCoupling_3%_N2_Trial,0,50.0,1.0,1.96,2,1.1523831294207585,0.001078652453970179,0.26538252006523366,0.0002307280735060584,0.21634318144682813,0.00017128573242371326,0.4893720570505899,0.000458061522045521,-0.06747205968033422,6.457748036541268e-05,85.2687091023735,0.00047809394838474185,19142,0.10023100115334468
LAS_1.0Torr_SmallAdmixture_1kHzLaserFreq_CapCoupling_3%_N2_Trial,0,50.0,1.0,1.96,4,1.1924349336497961,0.0013749676664393377,0.2570510048350513,0.0002767387976177668,0.2025127658161785,0.00019612720557248301,0.5063804922868848,0.0005838950068990374,-0.06752650532410781,7.126600122115797e-05,121.65350096434733,0.00047153239495497393,19158,0.10026815055327117
LAS_1.0Torr_SmallAdmixture_1kHzLaserFreq_CapCoupling_3%_N2_Trial,0,50.0,1.0,1.96,6,1.087395715283866,0.001200772164364139,0.26686473814837336,0.0002722954213835934,0.2305533117918868,0.00021665790626032734,0.46177444326518563,0.0005099209881867458,-0.066773025544785,0.0004018950452772331,124.35706398117418,0.00048396712305990696,19171,0.10024649082069821
LAS_1.0Torr_SmallAdmixture_1kHzLaserFreq_CapCoupling_3%_N2_Trial,0,50.0,1.0,1.96,8,1.1762228510507513,0.0009354175879621902,0.2765416831860224,0.00020447959147941447,0.22087104162890345,0.000148285253855204,0.49949585469716534,0.00039723527491456194,-0.0614995372214719,0.00033903211733010745,60.38467784755705,0.0004956753803666206,19159,0.10022780378719416
LAS_1.0Torr_SmallAdmixture_1kHzLaserFreq_CapCoupling_3%_N2_Trial,0,50.0,1.0,2.09,0,1.206858710790782,0.0007365629853973258,0.35452712175230866,0.00020123815573906144,0.27596933386342903,0.00014207987988285793,0.5125057064710523,0.0003127895003915873,-0.04906734346545065,0.00014795155854591642,62.132676573466966,0.00046925647645140506,18668,0.1001463652527091
LAS_1.0Torr_SmallAdmixture_1kHzLaserFreq_CapCoupling_3%_N2_Trial,0,50.0,1.0,2.09,2,1.1682826204158177,0.0007199999663940943,0.3484460583404996,0.00019949234417659188,0.28019180556200535,0.0001457394463832707,0.4961239492083834,0.0003057558338325727,-0.049128706824304404,6.246120781437295e-05,66.98235402683471,0.00046056738619631684,18693,0.10010672979607882
LAS_1.0Torr_SmallAdmixture_1kHzLaserFreq_CapCoupling_3%_N2_Trial,0,50.0,1.0,2.09,4,1.1757097202131066,0.0007204393481974144,0.3454855433345772,0.0001967047408478774,0.2760562348684812,0.00014270041388579274,0.49927794809375947,0.0003059424221046775,-0.05059258437709266,-7.625832980076965e-05,59.71275981129579,0.00047921965019837216,18724,0.10008861799073236
LAS_1.0Torr_SmallAdmixture_1kHzLaserFreq_CapCoupling_3%_N2_Trial,0,50.0,1.0,2.09,6,1.1796034954273606,0.0007434825161635662,0.34584978364675184,0.0002025345831142353,0.27543507699615427,0.00014641165350016502,0.500931482181203,0.00031572795455535313,-0.05353669030686591,0.00014046268913552943,61.8793987429657,0.0004826005345321604,18710,0.10014067309461674
LAS_1.0Torr_SmallAdmixture_1kHzLaserFreq_CapCoupling_3%_N2_Trial,0,50.0,1.0,2.09,8,1.194536143704512,0.0007674687788511318,0.35674906237789333,0.00021284600125979827,0.2805636063046104,0.0001520689690988875,0.507272794040112,0.0003259139824593454,-0.054392530987146644,7.054355046911909e-05,63.110352681739,0.0004954084794635148,18726,0.10022471457171098
LAS_1.0Torr_SmallAdmixture_1kHzLaserFreq_CapCoupling_3%_N2_Trial,0,50.0,1.0,2.22,0,1.1754212919113003,0.000884969311158918,0.33896199816491196,0.000237296838740234,0.27091013182248086,0.00017214306153818008,0.4991554638714874,0.00037581186427657016,-0.0434113775051487,0.00011564615846972955,85.16801984065904,0.00048210136722432525,18796,0.09891676414179734
LAS_1.0Torr_SmallAdmixture_1kHzLaserFreq_CapCoupling_3%_N2_Trial,0,50.0,1.0,2.22,2,1.1417626085660944,0.0008400679790719567,0.3295067208909258,0.0002253888677905132,0.2711166882367716,0.00016827146303399087,0.48486193710445,0.00035674402417485606,-0.043142012333472764,1.8584682382775083e-05,81.76150195468287,0.0004794125382854117,18758,0.0989247201601712
LAS_1.0Torr_SmallAdmixture_1kHzLaserFreq_CapCoupling_3%_N2_Trial,0,50.0,1.0,2.22,4,1.1713813444316166,0.0008746821086344908,0.3397633249817008,0.00023586529212900705,0.27248712380478574,0.00017167423244861753,0.4974398561382304,0.0003714432915925832,-0.044756652511021504,-0.0001372996647534591,83.89075555095873,0.0004841563966076083,18747,0.09889732919111868
LAS_1.0Torr_SmallAdmixture_1kHzLaserFreq_CapCoupling_3%_N2_Trial,0,50.0,1.0,2.22,6,1.1862080353245323,0.0008460473672307945,0.3416006186628918,0.00022648133449904603,0.2705363191297104,0.00016285302485771817,0.5037361720389729,0.0003592832365326986,-0.04916881308817279,2.07589986327395e-05,75.88725636889392,0.0004836350176473751,18742,0.0989434463351223
LAS_1.0Torr_SmallAdmixture_1kHzLaserFreq_CapCoupling_3%_N2_Trial,0,50.0,1.0,2.22,8,1.1620411829967536,0.0008981290312191129,0.33584620669393184,0.0002412047820093156,0.27151055495683707,0.00017727966003863824,0.49347345477581106,0.0003814002828429757,-0.05029266325076288,8.298747622931595e-05,82.15987903114744,0.0005030466344190959,18723,0.09890916282122017
LAS_1.0Torr_SmallAdmixture_1kHzLaserFreq_CapCoupling_3%_N2_Trial,0,50.0,1.0,2.35,0,1.1584081278701623,0.000949090747620298,0.32598257655787577,0.0002544919678189475,0.2643629453706283,0.00018089054157351163,0.49193063831548,0.0004030417312027867,-0.05761358349151122,0.0002354685394280143,88.54375534341347,0.0004927226231891413,17521,0.09779004682479282
LAS_1.0Torr_SmallAdmixture_1kHzLaserFreq_CapCoupling_3%_N2_Trial,0,50.0,1.0,2.35,3,1.1562451490174506,0.0009664188574310435,0.32555185703742506,0.0002593908944375635,0.2645075319111594,0.00018462054612283305,0.491012105768895,0.00041040030191281213,-0.05962583668980319,0.00023672544937191757,95.50465806037116,0.00048278260525137,17391,0.09783885187099702
LAS_1.0Torr_SmallAdmixture_1kHzLaserFreq_CapCoupling_3%_N2_Trial,0,50.0,1.0,2.35,6,1.176305004125436,0.0009963577218738324,0.33068909294435633,0.0002673602505678139,0.264099583425877,0.00018689861838101996,0.4995307418958104,0.0004231141670363764,-0.061444791096812834,0.00030587244908537956,95.72402073179586,0.0004902844727605864,17528,0.09781746354429316
LAS_1.0Torr_SmallAdmixture_1kHzLaserFreq_CapCoupling_3%_N2_Trial,0,50.0,1.0,2.35,9,1.1639607997838517,0.0009334486957150779,0.32425607356601627,0.0002481745667885325,0.2617083353745763,0.00017500026357261073,0.49428864096855174,0.0003963991633606166,-0.06325378529239845,0.0004201821282426958,85.8903367504026,0.00048499486832141064,17446,0.09782116899899142
LAS_1.0Torr_SmallAdmixture_1kHzLaserFreq_CapCoupling_3%_N2_Trial,0,50.0,1.0,2.35,12,1.1489077361469657,0.0009674993133707513,0.32350114244091827,0.0002596624044832716,0.2645199639181899,0.0001859389492080128,0.4878961934145866,0.00041085912930473436,-0.06238366723992465,0.0004513878789683964,95.1977911367271,0.0004865071629438289,17446,0.09770450811060682
LAS_1.0Torr_SmallAdmixture_1kHzLaserFreq_CapCoupling_3%_N2_Trial,0,50.0,1.0,2.48,0,1.1328131389405915,0.0011545520525670526,0.30577165395752104,0.00029671416366385846,0.253575175483915,0.00021608310767326069,0.4810614472774725,0.0004902931139062383,-0.07102555604684474,0.00041102481032354585,123.35069190721835,0.0004964612600031365,17107,0.09672674187566231
LAS_1.0Torr_SmallAdmixture_1kHzLaserFreq_CapCoupling_3%_N2_Trial,0,50.0,1.0,2.48,1,1.1564099686213887,0.0010058267352106515,0.3102995582090353,0.00025742674698514285,0.25207926293918026,0.0001830480884596717,0.4910820982102647,0.0004271352867634656,-0.07174492453891158,0.0004925806523702735,92.54940743784015,0.0004918592264570862,17572,0.0967161765625
LAS_1.0Torr_SmallAdmixture_1kHzLaserFreq_CapCoupling_3%_N2_Trial,0,50.0,1.0,2.48,2,1.1474162563343853,0.0010516202138081807,0.30272083210761114,0.0002655205728239686,0.24785010073797561,0.0001888010278571042,0.48726282025482964,0.0004465819866054178,-0.06867227628145457,0.000458709056413058,108.3863767635714,0.00046867057551993246,16875,0.09678898177083334
LAS_1.0Torr_SmallAdmixture_1kHzLaserFreq_CapCoupling_3%_N2_Trial,0,50.0,1.0,2.48,3,1.1654783278119094,0.0010558399924901864,0.30753707620848375,0.0002664335677265788,0.2478911765909484,0.00018734986851250588,0.49493307578694046,0.0004483739616189268,-0.06836886285359282,0.000534209475013222,99.46945499129943,0.00048751988776028657,17002,0.0967120241428738
LAS_1.0Torr_SmallAdmixture_1kHzLaserFreq_CapCoupling_3%_N2_Trial,0,50.0,1.0,2.48,4,1.1101604998362389,0.001058689829307026,0.29907690611567633,0.0002713114684974024,0.2530841214803332,0.00020168848144379398,0.47144175716478076,0.00044958417588682946,-0.06648609553531325,0.00029803760604937016,113.76248012085988,0.00048028386945703504,17536,0.096763334375
LAS_1.0Torr_SmallAdmixture_1kHzLaserFreq_CapCoupling_3%_N2_Trial,0,50.0,1.0,2.61,0,1.0853429170003224,0.0013339448101766333,0.27581447718998486,0.0003220776827965693,0.23873597719093004,0.00024555796898511635,0.46090270009828194,0.000566474203832039,-0.0739802702641335,0.0004909635630431133,172.4310025563145,0.00047220519688447266,17028,0.09554779036892844
LAS_1.0Torr_SmallAdmixture_1kHzLaserFreq_CapCoupling_3%_N2_Trial,0,50.0,1.0,2.61,2,1.0937240442711649,0.0011797851343184956,0.26248200726759163,0.00026940047402453646,0.22545484293472565,0.00020343343577308959,0.4644618371493394,0.0005010086171162135,-0.07238662248251247,0.00014290782817626507,117.0695771502003,0.00047890375560342383,18585,0.09555028739225395
LAS_1.0Torr_SmallAdmixture_1kHzLaserFreq_CapCoupling_3%_N2_Trial,0,50.0,1.0,2.61,4,1.0693286526089059,0.0010898762428208058,0.26925050677393436,0.0002606356851104638,0.23654464205656905,0.00020211628799463195,0.45410206816667886,0.00046282782632185455,-0.07579141336677059,0.00024358441211474953,103.27257160270717,0.0005002413269596542,17202,0.09559096933926875
LAS_1.0Torr_SmallAdmixture_1kHzLaserFreq_CapCoupling_3%_N2_Trial,0,50.0,1.0,2.61,6,1.1448964014528182,0.001207546584097965,0.2912394300089308,0.0002932971906678006,0.2389746157210739,0.00021051627815857801,0.4861927364125911,0.0005127978193688657,-0.07818072848568965,0.00016977252743712823,125.98170773306467,0.0004847796113797787,18583,0.09559202491705429
LAS_1.0Torr_SmallAdmixture_1kHzLaserFreq_CapCoupling_3%_N2_Trial,0,50.0,1.0,2.61,8,1.1192799293035256,0.0010592679978082909,0.2861481420225766,0.0002577002419371944,0.240170689037481,0.000189629622226519,0.4753144222911585,0.00044982970144301154,-0.07899716745989999,0.00019129811911071807,93.1414281708396,0.0004993722318712744,18620,0.09563366970106205
LAS_1.0Torr_SmallAdmixture_1kHzLaserFreq_CapCoupling_3%_N2_Trial,0,50.0,1.0,2.74,0,1.0992149012724626,0.0011545046226174764,0.26443983179516883,0.00026492362409154615,0.2260018815919144,0.0001984250859516953,0.4667935894260725,0.0004902729722611576,-0.06753522295917627,0.00039237542744022334,98.19395922903792,0.0005082676657076364,16991,0.09458849556123224
LAS_1.0Torr_SmallAdmixture_1kHzLaserFreq_CapCoupling_3%_N2_Trial,0,50.0,1.0,2.74,2,1.1833890922794008,0.0011626970468727304,0.28395054647957313,0.0002677364854275535,0.22541506458897453,0.00018453140342962346,0.5025390771479727,0.0004937519745197553,-0.06651678855398108,0.00038358842997754616,97.45176497065624,0.00048719898242574996,16945,0.09459771656128202
LAS_1.0Torr_SmallAdmixture_1kHzLaserFreq_CapCoupling_3%_N2_Trial,0,50.0,1.0,2.74,4,1.2184028596185865,0.0011931882177991478,0.2932744656635267,0.0002754263908914553,0.22612632903806995,0.00018418755440862162,0.5174080551036643,0.0005067003826118126,-0.06567028908173711,0.0003320194621848924,95.92305305994836,0.0004884958489439134,16991,0.09456429666198289
LAS_1.0Torr_SmallAdmixture_1kHzLaserFreq_CapCoupling_3%_N2_Trial,0,50.0,1.0,2.74,6,1.1477255474397212,0.0012000100009350177,0.27661137404772806,0.0002762192726685649,0.22641217412337583,0.00019722624680900693,0.48739416409402814,0.0005095973271788784,-0.06611477119602147,0.0003612810160613128,107.42971075178785,0.00048588290267471203,17043,0.09458620370602701
LAS_1.0Torr_SmallAdmixture_1kHzLaserFreq_CapCoupling_3%_N2_Trial,0,50.0,1.0,2.74,8,1.1657846011225117,0.0011873166209728217,0.2769557439198048,0.0002698398275036454,0.22318235301592948,0.00018980875754607773,0.49506313808671093,0.0005042069450182622,-0.06712114381852251,0.0002814883686480737,101.7523958049239,0.0004832906969669104,17180,0.09461781282932705
LAS_1.0Torr_SmallAdmixture_1kHzLaserFreq_CapCoupling_3%_N2_Trial,0,50.0,1.0,2.87,0,1.1763877697110383,0.0011136152315447587,0.2833180505367929,0.0002566597180863528,0.22625153478784726,0.00017816427709423644,0.4995658892038933,0.0004729088466418768,-0.07110636367750622,0.00019623369231632558,92.84600651034977,0.0004780163051907532,16873,0.09337321326110436
LAS_1.0Torr_SmallAdmixture_1kHzLaserFreq_CapCoupling_3%_N2_Trial,0,50.0,1.0,2.87,2,1.2023108880569435,0.0011730602304334124,0.28753834115941934,0.00026851354633353094,0.22467087291970306,0.00018273285244883118,0.5105744239752051,0.0004981528133789922,-0.07146616517959879,0.0002431889497947103,90.34165219408685,0.0004983782273888743,19115,0.09347832948228518
LAS_1.0Torr_SmallAdmixture_1kHzLaserFreq_CapCoupling_3%_N2_Trial,0,50.0,1.0,2.87,4,1.1636165139690522,0.0011703970763657795,0.278598447782468,0.0002678420102056543,0.2249244183910487,0.00018847849329815748,0.4941424362445322,0.000497021875975409,-0.07072160560688823,0.00013141044482431144,101.70677597439729,0.00048037382668602923,19101,0.09346224089143391
LAS_1.0Torr_SmallAdmixture_1kHzLaserFreq_CapCoupling_3%_N2_Trial,0,50.0,1.0,2.87,6,1.165533120394249,0.0011794084262729636,0.27945500435810516,0.0002706334421942996,0.22524494947374382,0.0001897255271927544,0.49495634405427796,0.0005008486439385064,-0.07074804943223509,0.00033192789341797256,100.58336550740042,0.0004891273282578306,19120,0.0934618892739937
LAS_1.0Torr_SmallAdmixture_1kHzLaserFreq_CapCoupling_3%_N2_Trial,0,50.0,1.0,2.87,8,1.1416097528638434,0.0012061479874305404,0.272936584230647,0.00027578589946497984,0.22460109621873395,0.00019868502821711946,0.48479702526434,0.0005122038900491388,-0.06816609257415877,0.0001805120872175341,99.85706204750434,0.0005114411459794856,19083,0.09343692443573771
LAS_1.0Torr_SmallAdmixture_1kHzLaserFreq_CapCoupling_3%_N2_Trial,0,50.0,1.0,3.0,0,1.2106883313405863,0.0013537905596524415,0.28735628108605743,0.0003076905117633604,0.222974976905758,0.00020827225939847824,0.5141319965809422,0.0005749019176684682,-0.0718049500603024,-2.4851923346837045e-05,111.17113709367545,0.000511206681819144,18674,0.09251322788117877
LAS_1.0Torr_SmallAdmixture_1kHzLaserFreq_CapCoupling_3%_N2_Trial,0,50.0,1.0,3.0,2,1.1710534284216574,0.001253373337464187,0.28071651109606405,0.00028705569399149506,0.22519515238991444,0.0002017765858188771,0.49730060303026946,0.000532258649704043,-0.07669949120189101,-2.9637951192812704e-05,107.14138827315249,0.0005005167968100941,19309,0.09251858378104706
LAS_1.0Torr_SmallAdmixture_1kHzLaserFreq_CapCoupling_3%_N2_Trial,0,50.0,1.0,3.0,4,1.169181914361793,0.0011755409191740506,0.27999770590346706,0.00026894218716815737,0.2249780634176855,0.0001887915320784642,0.4965058441849753,0.0004992062648925687,-0.08182035335683917,-7.876108061317552e-05,93.57836150741245,0.00050024344944123,19293,0.0924959067667537
LAS_1.0Torr_SmallAdmixture_1kHzLaserFreq_CapCoupling_3%_N2_Trial,0,50.0,1.0,3.0,6,1.195482585993304,0.0011850143645272338,0.28675528387398846,0.0002718944601789751,0.22533879346431118,0.00018629132413315808,0.5076747110744048,0.0005032292667237166,-0.08801317144028684,0.0002258764957448732,83.08690476985186,0.0005268817634481755,19324,0.09248215630648725
LAS_1.0Torr_SmallAdmixture_1kHzLaserFreq_CapCoupling_3%_N2_Trial,0,50.0,1.0,3.0,8,1.152486526202357,0.0011904318214558843,0.275347707710812,0.00027178281095260106,0.22444678991640887,0.00019357227514126883,0.48941596562093553,0.0005055298488595287,-0.08827933103014984,0.0004989908188230672,95.217686137737,0.000509935302356703,19322,0.09242978635268125
LAS_1.0Torr_SmallAdmixture_1kHzLaserFreq_CapCoupling_3%_N2_Trial,0,55.0,1.0,0.0,0,1.1102399673464283,0.0005327676541962646,0.3442481112069514,0.0001553239727901129,0.2912879362132016,0.00011746222833984682,0.47147550390918996,0.00022624559159859813,-0.0025413250016667775,-0.000741662113181845,43.67113096465619,0.0004639376085045677,18649,0.1449716085785801
LAS_1.0Torr_SmallAdmixture_1kHzLaserFreq_CapCoupling_3%_N2_Trial,0,55.0,1.0,0.0,2,1.1228667964738464,0.0008474843822026572,0.3302688886286007,0.0002346053129645409,0.27631675185938903,0.00017521142324397355,0.47683762453240397,0.00035989348060417025,-0.004446076312297839,-0.0006337302497700481,91.72901036498266,0.00047943147146255633,18640,0.1449921053401548
LAS_1.0Torr_SmallAdmixture_1kHzLaserFreq_CapCoupling_3%_N2_Trial,0,55.0,1.0,0.0,4,1.0718427411557276,0.0007890758054392519,0.33190076732332174,0.00022946793221361657,0.29090083990898274,0.00018019032459174088,0.45516970327201395,0.00033508964181969207,-0.00351752547314659,-0.0007819055474587067,96.76310363810069,0.00046621329754897297,18323,0.14499579090802694
LAS_1.0Torr_SmallAdmixture_1kHzLaserFreq_CapCoupling_3%_N2_Trial,0,55.0,1.0,0.0,6,1.013730611631934,0.0007254187521774939,0.34984579315812847,0.0002344939831218323,0.32420662463759437,0.000195121243403879,0.4304917540391544,0.00030805698028103876,-0.0054486667493396914,-0.0004436846092383125,101.66779136480375,0.0004900800357414214,18566,0.14498628979001574
LAS_1.0Torr_SmallAdmixture_1kHzLaserFreq_CapCoupling_3%_N2_Trial,0,55.0,1.0,0.0,8,1.0269552221114122,0.0006428130456509221,0.344058461487668,0.0002017250439559999,0.3147375248835319,0.00016582504816489647,0.4361077290294235,0.00027297756659043287,-0.0025388922366642677,-0.0007203748637626794,74.80988640895525,0.0004869698628597186,18548,0.1449815621133848
LAS_1.0Torr_SmallAdmixture_1kHzLaserFreq_CapCoupling_3%_N2_Trial,0,55.0,1.0,0.13,0,1.132390377442951,0.0006685496370073313,0.3920384940804968,0.00021669131891090713,0.32523728862491663,0.00016154228197550691,0.48088191699933824,0.00028390689064248414,0.005891406002586805,-0.0008108154316149254,77.41729875957986,0.00048170347473519234,18724,0.14417884774391684
LAS_1.0Torr_SmallAdmixture_1kHzLaserFreq_CapCoupling_3%_N2_Trial,0,55.0,1.0,0.13,1,1.1304786689675006,0.0006425129047889366,0.39901197171492847,0.000212955382458554,0.33158230328999766,0.00015835457259078296,0.4800700891573406,0.0002728501085018121,0.0011510012083391214,-0.0007082108818456965,76.0523804611538,0.00047452889574851014,18653,0.1441764515625
LAS_1.0Torr_SmallAdmixture_1kHzLaserFreq_CapCoupling_3%_N2_Trial,0,55.0,1.0,0.13,2,1.109228565503596,0.0006784412775068476,0.3862562237385668,0.00022114415201520362,0.3271314019442159,0.00016833393700508702,0.4710460010922055,0.00028810748360090965,-7.031389648602181e-06,-0.0007330414935702162,97.65642852520946,0.00044630016695071747,18750,0.14416486927083333
LAS_1.0Torr_SmallAdmixture_1kHzLaserFreq_CapCoupling_3%_N2_Trial,0,55.0,1.0,0.13,3,1.1280129436736417,0.0007208322832150056,0.39557971380967155,0.000237473208959287,0.3294486396936799,0.00017667667263998596,0.47902299203454257,0.0003061092862429459,-0.002225854591689901,-0.0006350482987805476,87.21305325115844,0.0004953689392496176,17135,0.14419674375
LAS_1.0Torr_SmallAdmixture_1kHzLaserFreq_CapCoupling_3%_N2_Trial,0,55.0,1.0,0.13,4,1.142358788016619,0.0007035211572182611,0.3984416578262042,0.0002266174478669412,0.3276649601468129,0.00017064565962001657,0.4851151112065572,0.000298757927894662,-0.0026533722061534626,-0.00028764742181576757,80.70427014777086,0.0005002668156430658,19977,0.1442206578125
LAS_1.0Torr_SmallAdmixture_1kHzLaserFreq_CapCoupling_3%_N2_Trial,0,55.0,1.0,0.26,0,1.1285806257597515,0.00127897466230057,0.35840189745313483,0.0003796188925547951,0.29833588805186456,0.0002848590695804546,0.4792640644202256,0.0005431305313539407,0.018209900632613615,-0.0004912962145585025,40.48890254844137,0.0011896060657762995,17422,0.14195250512995897
LAS_1.0Torr_SmallAdmixture_1kHzLaserFreq_CapCoupling_3%_N2_Trial,0,55.0,1.0,0.26,3,1.07540233913958,0.0008376800667049026,0.38845115102502153,0.0002822995273041609,0.3393385702681912,0.00022270684422187888,0.45668132535598743,0.0003557299711595979,0.019265961606761275,-0.0009215605540799833,151.05595528466054,0.0004712540084996443,17305,0.14239070304799611
LAS_1.0Torr_SmallAdmixture_1kHzLaserFreq_CapCoupling_3%_N2_Trial,0,55.0,1.0,0.26,6,1.047509385489046,0.0008238411867093133,0.36855880022820625,0.0002695177035179455,0.3305343905492054,0.0002194721253308754,0.4448362785510766,0.00034985313992368604,0.013998363240285245,-0.0006921569072356515,144.2526993665544,0.00046758487660618234,17377,0.14229001852269502
LAS_1.0Torr_SmallAdmixture_1kHzLaserFreq_CapCoupling_3%_N2_Trial,0,55.0,1.0,0.26,9,1.077949648054906,0.0009170318091969483,0.37598799624978463,0.00029929398977045235,0.327674989882868,0.00023392678095080754,0.45776306785291465,0.00038942755355426565,0.011501002426767243,-0.0006152138283935376,156.11866695814126,0.0004870794056400559,17263,0.14206523194089443
LAS_1.0Torr_SmallAdmixture_1kHzLaserFreq_CapCoupling_3%_N2_Trial,0,55.0,1.0,0.26,12,1.102830635586394,0.0008668923598142069,0.3752771220627199,0.0002757381010854019,0.3196767544650063,0.00021121227617346827,0.46832905041450823,0.0003681352898466657,0.010081928445495283,-0.0004731748964568968,143.4214579588899,0.00046371637360329986,17444,0.14207192423027448
LAS_1.0Torr_SmallAdmixture_1kHzLaserFreq_CapCoupling_3%_N2_Trial,0,55.0,1.0,0.39,0,1.120572857224151,0.0008675472225661581,0.39693418750521975,0.0002839848868203095,0.3327715556634885,0.00021804027292510628,0.4758634782257526,0.0003684133844523801,0.0038104647165607855,-0.0007484862423248677,123.38127729009176,0.000510218042518233,18295,0.13607389738138623
LAS_1.0Torr_SmallAdmixture_1kHzLaserFreq_CapCoupling_3%_N2_Trial,0,55.0,1.0,0.39,2,1.13849713595628,0.000961449368618055,0.404499411231841,0.0003141995705187799,0.33377495131252094,0.00023876493802644003,0.4834752185665707,0.00040828995432023286,0.0009065303671277102,-0.00045738309423309556,160.02628131333128,0.0004922896485496106,18999,0.13611039549012735
LAS_1.0Torr_SmallAdmixture_1kHzLaserFreq_CapCoupling_3%_N2_Trial,0,55.0,1.0,0.39,4,1.1286980961016333,0.0009539730411397928,0.3943187066994602,0.0003068454890193685,0.32819909419670973,0.00023510442584055908,0.47931394948134937,0.00040511505036354265,-0.00035155163789531,-0.000496699656836394,153.69203376130372,0.0004963351848916902,19022,0.1360361425108073
LAS_1.0Torr_SmallAdmixture_1kHzLaserFreq_CapCoupling_3%_N2_Trial,0,55.0,1.0,0.39,6,1.1084894727229155,0.0008834352128042279,0.39251437947927353,0.00028925330528247725,0.3326532633663216,0.00022431950194527645,0.47073213728667185,0.00037516039268835805,0.0014317682743123631,-0.00046342583580457497,136.27359240098656,0.000499933237645962,18264,0.1360604903151236
LAS_1.0Torr_SmallAdmixture_1kHzLaserFreq_CapCoupling_3%_N2_Trial,0,55.0,1.0,0.39,8,1.155205560643829,0.000980925025812217,0.40122791556614074,0.0003137874157593653,0.32628691721992387,0.00023455046985745452,0.49057063323437355,0.00041656050443520184,0.002336436894884813,-0.00032212970997147624,147.09616938200756,0.0005062965485753907,19009,0.13611567502044633
LAS_1.0Torr_SmallAdmixture_1kHzLaserFreq_CapCoupling_3%_N2_Trial,0,55.0,1.0,0.52,0,1.1323553547412573,0.0008815179417967029,0.3963641447971147,0.00028439567208200084,0.32883604250487247,0.000216670814897618,0.4808670442273116,0.0003743462026564824,-0.0041305091738436436,-0.0005786844972736784,123.52267468455808,0.0005060808859594103,18662,0.13416800580168775
LAS_1.0Torr_SmallAdmixture_1kHzLaserFreq_CapCoupling_3%_N2_Trial,0,55.0,1.0,0.52,2,1.1464635210027112,0.0009079810306270429,0.40154645537301153,0.00029299951504202775,0.3290359461042293,0.00022075503990361733,0.4868582308112819,0.00038558404177976553,-0.003476710308727518,-0.0005188883284638676,137.6504925146195,0.00048763683271386315,18656,0.1342225120973143
LAS_1.0Torr_SmallAdmixture_1kHzLaserFreq_CapCoupling_3%_N2_Trial,0,55.0,1.0,0.52,4,1.1322756238151361,0.0009066831397232387,0.3989542041842452,0.00029424028584176733,0.33100814326620515,0.0002245769212165246,0.4808331856204556,0.0003850328782602673,-0.0007416554366851813,-0.0006313033479877902,139.4213804902177,0.0004934386208803548,18668,0.13425183134083452
LAS_1.0Torr_SmallAdmixture_1kHzLaserFreq_CapCoupling_3%_N2_Trial,0,55.0,1.0,0.52,6,1.1384448804573475,0.0009043305733809095,0.3946927379656595,0.0002893587838845876,0.32569786912126714,0.00021896204333637763,0.4834530276993565,0.0003840338353196853,-0.0013003609007799625,-0.0005921222917522999,133.73630864887826,0.0004945491396766012,18573,0.1342357134485299
LAS_1.0Torr_SmallAdmixture_1kHzLaserFreq_CapCoupling_3%_N2_Trial,0,55.0,1.0,0.52,8,1.1396161092144483,0.0009122785586084779,0.3989156968405926,0.00029452572884442564,0.32884431313350393,0.00022288820352966664,0.48395040275762147,0.0003874090338807558,-0.0015389880330595124,-0.000681356068858108,144.10698045728645,0.0004837712574379709,18598,0.13424482903517135
LAS_1.0Torr_SmallAdmixture_1kHzLaserFreq_CapCoupling_3%_N2_Trial,0,55.0,1.0,0.65,0,1.1190023457249563,0.0009152988447790649,0.38988556290233745,0.00029466824348829836,0.32732105845583387,0.00022680884433471608,0.47519654339881806,0.00038869163132464977,-0.010920305907398125,-0.0004533596765812747,134.2721111386101,0.0005073548869496901,17127,0.13287912666329796
LAS_1.0Torr_SmallAdmixture_1kHzLaserFreq_CapCoupling_3%_N2_Trial,0,55.0,1.0,0.65,2,1.0945546937616046,0.0008198115372335932,0.39169717320194747,0.0002698562939761847,0.33618687907004574,0.00021363216500416246,0.4648145815096537,0.00034814190535006185,-0.013238500634741565,-0.000775119053096615,120.30841972591226,0.0005052596435271774,18875,0.13283338596381525
LAS_1.0Torr_SmallAdmixture_1kHzLaserFreq_CapCoupling_3%_N2_Trial,0,55.0,1.0,0.65,4,1.1104984988090802,0.0008672163109383264,0.38689612197887463,0.00027782656909765654,0.3272986324259499,0.00021694637407232708,0.47158529211283534,0.00036827285922263694,-0.016208994666167674,-0.0007393218438061877,122.19023119655162,0.0005065573250422297,18739,0.1328422555027514
LAS_1.0Torr_SmallAdmixture_1kHzLaserFreq_CapCoupling_3%_N2_Trial,0,55.0,1.0,0.65,6,1.1111245166679717,0.000842073341101141,0.3914546706282774,0.00027287589713457947,0.3309684063241565,0.00021264158792228652,0.4718511374202984,0.0003575956230192841,-0.01924381314928206,-0.00042701875718258593,120.25353974140496,0.0005013956161581956,18772,0.13279983689761546
LAS_1.0Torr_SmallAdmixture_1kHzLaserFreq_CapCoupling_3%_N2_Trial,0,55.0,1.0,0.65,8,1.0544728914158312,0.0009728156273899238,0.37179568313839384,0.00031564985962477597,0.33123537612317105,0.00025952656850347487,0.44779340724610334,0.0004131167600015644,-0.01750613314544039,-0.00020707592264528147,181.6704222421864,0.0004885180727914273,17245,0.13284858314573952
LAS_1.0Torr_SmallAdmixture_1kHzLaserFreq_CapCoupling_3%_N2_Trial,0,55.0,1.0,0.78,0,1.013161356276058,0.0012085475815552355,0.3487342666972858,0.00038233364499756854,0.3233581388255703,0.00032689029184325517,0.4302500135473163,0.0005132229038501121,-0.01613891086078703,-0.0003645129387763785,266.99300517679904,0.0005040168559832236,17454,0.13181202524575514
LAS_1.0Torr_SmallAdmixture_1kHzLaserFreq_CapCoupling_3%_N2_Trial,0,55.0,1.0,0.78,2,1.0126493602750493,0.0010934481153166372,0.3271507570652659,0.00032500490039984756,0.30349855438455725,0.00027724008620359883,0.43003258886465784,0.00046434466091113387,-0.018045727050684086,-0.0003172797070639777,194.243184105969,0.0005025484380161297,17405,0.13181327106392215
LAS_1.0Torr_SmallAdmixture_1kHzLaserFreq_CapCoupling_3%_N2_Trial,0,55.0,1.0,0.78,4,1.09796389439265,0.0010288310673418613,0.3548561972393567,0.00030692739349970534,0.30362122285328186,0.00024044619290019718,0.466262335718405,0.0004369043271535169,-0.018156462258323264,-0.0005515744722829187,142.19270279821282,0.0005210347295578722,17312,0.13183156687701375
LAS_1.0Torr_SmallAdmixture_1kHzLaserFreq_CapCoupling_3%_N2_Trial,0,55.0,1.0,0.78,6,1.1778830903624402,0.0009052927870033589,0.35192698221002755,0.00025056751438691115,0.2806843303664693,0.00018221393688773606,0.5002008934177216,0.0003844424498227255,-0.022240480318451945,-0.0003325704150610395,86.77778563798266,0.0005237877809106963,17562,0.13177508618387004
LAS_1.0Torr_SmallAdmixture_1kHzLaserFreq_CapCoupling_3%_N2_Trial,0,55.0,1.0,0.78,8,1.0362990632823954,0.0010326137112191675,0.3243751631166917,0.00029822708040878936,0.29405615744830627,0.00024705753948031466,0.4400756930318959,0.00043851066810737793,-0.02205280081510293,-0.0003053378357898572,139.42576781473178,0.0005313220064255596,17223,0.13179791499724544
LAS_1.0Torr_SmallAdmixture_1kHzLaserFreq_CapCoupling_3%_N2_Trial,0,55.0,1.0,0.91,0,1.1216775245734953,0.0008268103601869989,0.37065407747120543,0.0002511473376077416,0.31043348043447716,0.0001939705629871814,0.4763325872566849,0.0003511140318054037,-0.012118377321713591,-0.00043909394627322974,97.55070013651505,0.0005106676955224376,18527,0.13205035645825944
LAS_1.0Torr_SmallAdmixture_1kHzLaserFreq_CapCoupling_3%_N2_Trial,0,55.0,1.0,0.91,2,1.119365030541328,0.0008557058709229586,0.36543537812893984,0.0002568219899973901,0.306694963486582,0.00019876540823040385,0.47535056145940713,0.00036338482540465724,-0.013181116954073296,-0.0004612768116596092,114.06880494997772,0.0004827167317023545,18456,0.1320162256104685
LAS_1.0Torr_SmallAdmixture_1kHzLaserFreq_CapCoupling_3%_N2_Trial,0,55.0,1.0,0.91,4,1.1634711793979287,0.0008046862555129524,0.37505204892993715,0.0002387041543386684,0.302833351144801,0.00017744350706980222,0.4940807183347368,0.0003417187895996428,-0.013587188417703816,-0.0003996830731242206,81.37705937609321,0.0005155360253913013,18557,0.13199283075042145
LAS_1.0Torr_SmallAdmixture_1kHzLaserFreq_CapCoupling_3%_N2_Trial,0,55.0,1.0,0.91,6,1.1191770860253367,0.0008612178243065865,0.3709436782706111,0.00026409338986185154,0.31137013437522504,0.00020256750885790366,0.4752707487720691,0.00036572553649010046,-0.013621889921904815,-0.00027387676157922323,99.68914406281039,0.0005254443533565074,16827,0.13204089680036055
LAS_1.0Torr_SmallAdmixture_1kHzLaserFreq_CapCoupling_3%_N2_Trial,0,55.0,1.0,0.91,8,1.1070866636850363,0.0010121750718247386,0.3691581605897663,0.00031152007320240537,0.31325545611746536,0.00024247213004163483,0.4701364191379158,0.000429831177104421,-0.011510253411749662,-0.000358284509777111,142.28239755362983,0.000522976164456548,17204,0.13198589169381106
LAS_1.0Torr_SmallAdmixture_1kHzLaserFreq_CapCoupling_3%_N2_Trial,0,55.0,1.0,1.04,0,1.1591537441027604,0.0008079915511203267,0.39012137575608946,0.0002506167437981598,0.31617424821118,0.00018666870647019798,0.49224727237597715,0.0003431224194075124,-0.017861568809248215,-0.00027394993546286494,25.068586607913655,0.0009701707135301391,17801,0.13256441920662243
LAS_1.0Torr_SmallAdmixture_1kHzLaserFreq_CapCoupling_3%_N2_Trial,0,55.0,1.0,1.04,1,1.133567759445687,0.0008327323748363942,0.3781097617674106,0.00025522164693747226,0.31335612951646324,0.000195216645346055,0.4813819051004335,0.00035362887987708193,-0.017906569085643118,-0.0004124645885605939,48.714918371017866,0.0007272157405205109,18883,0.13341855208333334
LAS_1.0Torr_SmallAdmixture_1kHzLaserFreq_CapCoupling_3%_N2_Trial,0,55.0,1.0,1.04,2,1.1676504149127251,0.0008349753738248593,0.39280384179581507,0.0002582964500397449,0.3160317227541177,0.0001914692020419141,0.495855476250364,0.00035458139384654557,-0.02141187727558135,-0.00044629371703464596,56.36046090534618,0.0006660519156941221,18883,0.13089150885416667
LAS_1.0Torr_SmallAdmixture_1kHzLaserFreq_CapCoupling_3%_N2_Trial,0,55.0,1.0,1.04,3,1.1593788020760036,0.0007587497824123107,0.3835086719796156,0.0002306666626565412,0.31075464077583576,0.0001723750622621921,0.49234284569747916,0.00032221136558328325,-0.024037648496193022,-0.00015707086717486906,74.64559028007577,0.0005198258091610802,18846,0.1314619484375
LAS_1.0Torr_SmallAdmixture_1kHzLaserFreq_CapCoupling_3%_N2_Trial,0,55.0,1.0,1.04,4,1.1566000031249126,0.0007908902587665238,0.38775986012134095,0.00024359387862430787,0.31495423378622306,0.0001825476930859514,0.4911627984335896,0.0003358601692029206,-0.020870936589528842,-0.0002456466270368884,45.64157043014896,0.0007029675206198902,18853,0.13327551950514194
LAS_1.0Torr_SmallAdmixture_1kHzLaserFreq_CapCoupling_3%_N2_Trial,0,55.0,1.0,1.17,0,1.0860758698325286,0.0007718907296891572,0.36226259099937574,0.00023719631277324717,0.3133510209702161,0.00018770007234147735,0.4612139565077697,0.00032779181208261385,-0.032257891218232006,-0.00030655392786260033,60.218370432853746,0.0006333463919110552,18692,0.12612482141347536
LAS_1.0Torr_SmallAdmixture_1kHzLaserFreq_CapCoupling_3%_N2_Trial,0,55.0,1.0,1.17,2,1.1169877359407254,0.0007278474583610486,0.3731326906249947,0.0002237896235761229,0.31382149346465665,0.0001727423103546678,0.4743410173944077,0.00030908835683513236,-0.03491951549581274,-0.00017501224736309284,71.8317339791991,0.0005332628404205619,18689,0.12613926985698293
LAS_1.0Torr_SmallAdmixture_1kHzLaserFreq_CapCoupling_3%_N2_Trial,0,55.0,1.0,1.17,4,1.1516050941613165,0.0007328668528029395,0.38230076071889374,0.0002237504503046658,0.3118669656077909,0.00016789755392851178,0.4890416558969715,0.0003112198973970036,-0.03448854842978983,-0.00018197230291329896,57.35204078058497,0.0005783038501701227,18662,0.12638535080786792
LAS_1.0Torr_SmallAdmixture_1kHzLaserFreq_CapCoupling_3%_N2_Trial,0,55.0,1.0,1.17,6,1.1309517502128368,0.0007536287569807139,0.37398237338653917,0.00022943702432814378,0.3106524951836089,0.00017474619633732878,0.4802709882648263,0.00032003666631384096,-0.03557292132811737,0.00016589928797733987,73.89027241497021,0.0005332801857886734,18674,0.12597997422098448
LAS_1.0Torr_SmallAdmixture_1kHzLaserFreq_CapCoupling_3%_N2_Trial,0,55.0,1.0,1.17,8,1.099143637691036,0.0007204861621518544,0.369030197504927,0.00022248773972484236,0.3154098450956724,0.00017488444973311082,0.4667633265694364,0.00030596230216070933,-0.03124084835961597,-0.00014756792391465757,59.65999533269559,0.0005895366551570151,18579,0.12655811620837307
LAS_1.0Torr_SmallAdmixture_1kHzLaserFreq_CapCoupling_3%_N2_Trial,0,55.0,1.0,1.3,0,1.0551067992427086,0.0006908806724676492,0.33887641936413065,0.0002054046188912666,0.30172598778760146,0.00016688579606740874,0.4480626031144734,0.00029339000826221056,-0.040722510412365194,-0.00038223154379167995,38.888861741460204,0.0006772595138209821,17043,0.12128357930734394
LAS_1.0Torr_SmallAdmixture_1kHzLaserFreq_CapCoupling_3%_N2_Trial,0,55.0,1.0,1.3,2,1.0484545740788491,0.0009605956869600573,0.32513709814731473,0.0002762321002834009,0.29132965627640417,0.00022543712252310187,0.44523766318842817,0.0004079274290989111,-0.043949400531911174,-0.00012358989330027683,54.72311932947993,0.0007812189436540865,17125,0.12121610830027288
LAS_1.0Torr_SmallAdmixture_1kHzLaserFreq_CapCoupling_3%_N2_Trial,0,55.0,1.0,1.3,4,1.0207673217599549,0.0008736469869549517,0.3196938816983363,0.00025351785594897736,0.29422214430003074,0.0002126465237600032,0.43347996969617225,0.00037100371588839155,-0.047152755553201496,-0.000143840777449979,48.26029587245748,0.0007795432318764543,17129,0.1213118391964629
LAS_1.0Torr_SmallAdmixture_1kHzLaserFreq_CapCoupling_3%_N2_Trial,0,55.0,1.0,1.3,6,1.09297992836859,0.0007307738332434475,0.35342038005739324,0.00021921423452124725,0.30377161689848237,0.00017139768031690632,0.4641458402203405,0.00031033107382685073,-0.052411283309589135,5.9769582434740956e-05,27.68909036219458,0.0008357341620038758,17149,0.12185598975310499
LAS_1.0Torr_SmallAdmixture_1kHzLaserFreq_CapCoupling_3%_N2_Trial,0,55.0,1.0,1.3,8,1.0248417559343537,0.0006760196662092687,0.3213237896527962,0.00019599868896602127,0.2945464944074917,0.00016409962400475286,0.43521022258024994,0.0002870791199674809,-0.051639662702367445,6.575484806285079e-05,43.577866990751,0.0006214206883067909,17064,0.1215068812371496
LAS_1.0Torr_SmallAdmixture_1kHzLaserFreq_CapCoupling_3%_N2_Trial,0,55.0,1.0,1.43,0,1.1272885054247732,0.0006055036904272326,0.3234933763828097,0.00016142268844584838,0.26958647739596686,0.00012221188390736194,0.47871535143567934,0.0002571337422173483,-0.03354744380059975,-8.259524553944318e-05,42.12685631417424,0.000488198104265728,17240,0.11694375898444104
LAS_1.0Torr_SmallAdmixture_1kHzLaserFreq_CapCoupling_3%_N2_Trial,0,55.0,1.0,1.43,2,1.1257692747632468,0.0005759121517706303,0.3171747804378715,0.0001507566855511041,0.2646775136667118,0.00011427465754136973,0.4780701935754292,0.0002445673727747893,-0.032071859371673284,-0.00011896141421177358,34.217596376682046,0.0005072209276463275,17320,0.11729938978359336
LAS_1.0Torr_SmallAdmixture_1kHzLaserFreq_CapCoupling_3%_N2_Trial,0,55.0,1.0,1.43,4,1.1486486640037097,0.00052826629341424,0.3221243784597046,0.00013776652391139115,0.2634536207513703,0.00010222673240234069,0.4877861756050293,0.0002243340396770306,-0.03185229906316376,-0.0002733528133434043,26.183666860814018,0.0005210153511667493,17186,0.11721573246938433
LAS_1.0Torr_SmallAdmixture_1kHzLaserFreq_CapCoupling_3%_N2_Trial,0,55.0,1.0,1.43,6,1.1446714120876569,0.0005870781315285499,0.3301732228935144,0.00015749076298368913,0.2709747362772643,0.00011721937099875913,0.48609719222625886,0.0002493091277897772,-0.034108230858209576,-5.053939013190467e-05,35.82994183974565,0.0005108060782079405,17252,0.11711971827294079
LAS_1.0Torr_SmallAdmixture_1kHzLaserFreq_CapCoupling_3%_N2_Trial,0,55.0,1.0,1.43,8,1.1775256307013553,0.000501433819520674,0.3356529708541211,0.0001328869350500459,0.2677860297094644,9.618594211584108e-05,0.5000490942762801,0.00021293933716029823,-0.032822763972627685,-0.00015391152992947748,22.2474248192211,0.0005294608869700687,17146,0.11711260904210702
LAS_1.0Torr_SmallAdmixture_1kHzLaserFreq_CapCoupling_3%_N2_Trial,0,55.0,1.0,1.57,0,1.1574006757597264,0.0005017916020113558,0.3236951890821011,0.00013057680175016005,0.2627364351242065,9.608545884569581e-05,0.49150281279541036,0.00021309127339484693,-0.03265730170220811,-3.3331993892717716e-05,25.820656419814753,0.0004919535232059264,17486,0.11374763147228695
LAS_1.0Torr_SmallAdmixture_1kHzLaserFreq_CapCoupling_3%_N2_Trial,0,55.0,1.0,1.57,2,1.1875949997182533,0.0005488600134187017,0.3306573161163959,0.00014227410601552176,0.26156375642219115,0.00010193336906827964,0.5043251615868782,0.000233079387351439,-0.03413681073740491,4.426749489588945e-05,29.82345580467175,0.00048657927926339074,17445,0.11374875933630758
LAS_1.0Torr_SmallAdmixture_1kHzLaserFreq_CapCoupling_3%_N2_Trial,0,55.0,1.0,1.57,4,1.182455670467184,0.0005506853778041824,0.32954333361707266,0.0001429701983185871,0.26181555916131555,0.00010279630888618254,0.5021426894009827,0.0002338545482344681,-0.03305651645251713,-0.00011928389304250802,33.660424039834524,0.00046261922779772534,17374,0.1137107916854646
LAS_1.0Torr_SmallAdmixture_1kHzLaserFreq_CapCoupling_3%_N2_Trial,0,55.0,1.0,1.57,6,1.157507745104109,0.0004891155317121199,0.32576856172529245,0.00012803323057801396,0.2643948884208825,9.423730282179105e-05,0.49154828095957365,0.00020770824197128467,-0.033898663930692394,-0.00010644779252389738,27.55332391521657,0.00046637765396495133,17479,0.11378547953531506
LAS_1.0Torr_SmallAdmixture_1kHzLaserFreq_CapCoupling_3%_N2_Trial,0,55.0,1.0,1.57,8,1.1892867316905809,0.0005176505822672744,0.3315702003199689,0.00013428003272022076,0.2619127905712907,9.614786827376494e-05,0.5050435740090492,0.0002198259622256914,-0.03483236383776438,-0.00012433820329559982,30.928505790561275,0.0004504199502149788,17460,0.11369939073804868
LAS_1.0Torr_SmallAdmixture_1kHzLaserFreq_CapCoupling_3%_N2_Trial,0,55.0,1.0,1.7,0,1.1586648461523963,0.0005431375296776832,0.31065427707689847,0.0001356664824969199,0.25187629506724846,9.956899028646955e-05,0.4920396565322969,0.00023064927225491865,-0.047123540109203735,-0.00014555231923894405,35.20705911145969,0.00043995277705387667,17134,0.11101825492433848
LAS_1.0Torr_SmallAdmixture_1kHzLaserFreq_CapCoupling_3%_N2_Trial,0,55.0,1.0,1.7,2,1.1714814953124226,0.0006484315025747741,0.3144336994013181,0.0001621413394991183,0.2521514339569322,0.00011777641889260729,0.49748238630142366,0.0002753635055651362,-0.04971821034261815,1.7818108764944899e-06,42.681693124032684,0.00047206499678747495,16965,0.11104435258081771
LAS_1.0Torr_SmallAdmixture_1kHzLaserFreq_CapCoupling_3%_N2_Trial,0,55.0,1.0,1.7,4,1.1722976836913075,0.0005695225880057081,0.3175425780978554,0.00014374561039969623,0.25446722243807907,0.00010425493232477803,0.49782898959308797,0.00024185397487484986,-0.05014478166548342,4.3854326170716884e-05,34.12838270041885,0.0004673073098172495,17411,0.1110984835188714
LAS_1.0Torr_SmallAdmixture_1kHzLaserFreq_CapCoupling_3%_N2_Trial,0,55.0,1.0,1.7,6,1.1788409174540493,0.0006194408526330711,0.3148297491124393,0.0001539761789961963,0.250892888413345,0.00011128934451454454,0.5006076451326266,0.00026305231006513275,-0.05048515641904876,0.000354591043378847,35.49129621849937,0.0004884150507655732,18599,0.11109012594858422
LAS_1.0Torr_SmallAdmixture_1kHzLaserFreq_CapCoupling_3%_N2_Trial,0,55.0,1.0,1.7,8,1.2134083949173575,0.0006536582811666957,0.3281092860040591,0.0001646115284869193,0.25402667069954815,0.00011541581890192002,0.5152871012279029,0.00027758311406683505,-0.046437636346826204,0.0002944601188672789,42.86398685541615,0.0004634092539081043,18755,0.11118369312673419
LAS_1.0Torr_SmallAdmixture_1kHzLaserFreq_CapCoupling_3%_N2_Trial,0,55.0,1.0,1.83,0,1.1577477418472424,0.0006936005963459947,0.30779878571086305,0.00017129266226916296,0.24975877143487693,0.0001263881644600261,0.49165019819254435,0.0002945450535847119,-0.048518178782956715,3.5473462526600954e-05,42.96339263913176,0.0004997491609272104,18834,0.10864846604750304
LAS_1.0Torr_SmallAdmixture_1kHzLaserFreq_CapCoupling_3%_N2_Trial,0,55.0,1.0,1.83,3,1.183884205459589,0.0007190574648030515,0.3154645932787043,0.0001781727339150351,0.25032785948925673,0.00012823542390079655,0.5027493323567446,0.0003053555902585333,-0.049691404819295425,2.4919820440819245e-05,51.16748543244082,0.00046856183530589237,19051,0.10870135251687384
LAS_1.0Torr_SmallAdmixture_1kHzLaserFreq_CapCoupling_3%_N2_Trial,0,55.0,1.0,1.83,6,1.1666389508987476,0.0006549800649787659,0.3098010174526356,0.00016159722358586573,0.24946760482313643,0.00011819257301624299,0.49542594703172504,0.0002781444239702646,-0.051575409800642125,-0.0001095535658621389,35.52655011691247,0.0005142878172858924,18733,0.10861062748513098
LAS_1.0Torr_SmallAdmixture_1kHzLaserFreq_CapCoupling_3%_N2_Trial,0,55.0,1.0,1.83,9,1.165977548805195,0.0006301612685092575,0.3075132806863694,0.00015470809907152817,0.2477658681061542,0.00011296827589377903,0.49514507542332,0.0002676048515210322,-0.05502991078742368,1.1313993397069546e-06,40.13376209612034,0.0004672728134167918,18300,0.10869906682287489
LAS_1.0Torr_SmallAdmixture_1kHzLaserFreq_CapCoupling_3%_N2_Trial,0,55.0,1.0,1.83,12,1.1593768777992486,0.0006508184508375629,0.302643600288973,0.00015820468252622836,0.24523059387817828,0.00011614437078798287,0.49234202853238024,0.00027637714916300927,-0.05640835734166236,-7.675390046992513e-05,39.26986726616188,0.0004847329361064737,16823,0.10869215544389867
LAS_1.0Torr_SmallAdmixture_1kHzLaserFreq_CapCoupling_3%_N2_Trial,0,55.0,1.0,1.96,0,1.259004798611692,0.0009443033021597956,0.27253150971693096,0.0001914253224605025,0.20335606355964814,0.000128380838801477,0.5346501110640686,0.00040100869030413943,-0.0553396783905325,5.117985440359361e-05,52.36512799824559,0.0004765088846111806,16798,0.10586075332639276
LAS_1.0Torr_SmallAdmixture_1kHzLaserFreq_CapCoupling_3%_N2_Trial,0,55.0,1.0,1.96,2,1.1415870866379503,0.0008701727416631085,0.2670404991130304,0.00018912976643013787,0.219753536743451,0.0001414351190224634,0.48478739980444935,0.00036952833975543634,-0.05575802987296767,-0.00010658440890509837,60.38934857661891,0.00047291702755684667,19194,0.1058776359009077
LAS_1.0Torr_SmallAdmixture_1kHzLaserFreq_CapCoupling_3%_N2_Trial,0,55.0,1.0,1.96,4,1.1741156816285976,0.000854506680518823,0.2787098097269265,0.00018883846461257228,0.2230022043769832,0.00013628628787124556,0.4986010222335976,0.000362875576128193,-0.05983184749462484,-0.0002765437466424404,51.561635359128914,0.0004927720829224459,19100,0.10596078025743896
LAS_1.0Torr_SmallAdmixture_1kHzLaserFreq_CapCoupling_3%_N2_Trial,0,55.0,1.0,1.96,6,1.1991501018376614,0.0008212329010361271,0.2762329519055171,0.00017663663675371115,0.21640621322352332,0.00012437651818844082,0.509232161654162,0.000348745502981878,-0.06593857566372585,-0.00021675194749568746,45.106676970171584,0.0004901750822971683,19211,0.10592213620026746
LAS_1.0Torr_SmallAdmixture_1kHzLaserFreq_CapCoupling_3%_N2_Trial,0,55.0,1.0,1.96,8,1.1790508037025642,0.0008417352981540635,0.26107670119127724,0.00017387072205202506,0.20801918367623445,0.0001253635523704918,0.5006967756158488,0.00035745206939709085,-0.0709664539165399,8.663114429978317e-05,44.93732352270794,0.0004956585045205475,19052,0.10588150963306586
LAS_1.0Torr_SmallAdmixture_1kHzLaserFreq_CapCoupling_3%_N2_Trial,0,55.0,1.0,2.09,0,1.184570307095721,0.0009069703586056404,0.29713874108833066,0.00021185112273161246,0.23564933938674615,0.00015211118936993824,0.5030406928951346,0.0003851548488894064,-0.05383101632244365,-7.225331786290249e-05,68.4750942738613,0.0004810041735836681,18699,0.10434570477287301
LAS_1.0Torr_SmallAdmixture_1kHzLaserFreq_CapCoupling_3%_N2_Trial,0,55.0,1.0,2.09,2,1.1917873418851894,0.0009175926545482965,0.3001580049384731,0.00021500477823970852,0.23660229424259163,0.0001536486730109046,0.506105485385201,0.00038966572264601077,-0.057873353600209,0.00023025761719139515,65.43501087698557,0.0004959794797097088,18719,0.10426145697753973
LAS_1.0Torr_SmallAdmixture_1kHzLaserFreq_CapCoupling_3%_N2_Trial,0,55.0,1.0,2.09,4,1.1726868767592082,0.0008880875854091838,0.29646325626418385,0.00020899535437336002,0.23749616391115236,0.00015166147511463208,0.49799426467163255,0.0003771360734265839,-0.05628320611892126,0.00017572949943816258,71.88008720361242,0.00046786661393294696,18699,0.10430700017103858
LAS_1.0Torr_SmallAdmixture_1kHzLaserFreq_CapCoupling_3%_N2_Trial,0,55.0,1.0,2.09,6,1.2191825206392024,0.000965210022058157,0.30556448037370804,0.00022533213466762676,0.23545175480292155,0.000157160586208018,0.5177391466544862,0.0004098869567952363,-0.054598681942325075,0.0004955546663005669,78.08832319047504,0.0004673323706940825,18697,0.1042617020633093
LAS_1.0Torr_SmallAdmixture_1kHzLaserFreq_CapCoupling_3%_N2_Trial,0,55.0,1.0,2.09,8,1.1863244189319695,0.0009238692247361938,0.29758296240537313,0.00021561215816532354,0.23565267976290052,0.00015480187094256596,0.5037855956064692,0.00039233113659182026,-0.04897876358338252,0.0003392567875055277,73.7538531133609,0.0004707486787845623,18753,0.10430124743442129
LAS_1.0Torr_SmallAdmixture_1kHzLaserFreq_CapCoupling_3%_N2_Trial,0,55.0,1.0,2.22,0,1.1958685346204163,0.0010092004295584648,0.29143005277199896,0.0002348943591598823,0.22893842239466883,0.0001611711648505678,0.5078386083658036,0.00042856796284201877,-0.048654888675515116,0.00036358622314521167,68.75002831787562,0.0005042483023829714,17116,0.10270447829663376
LAS_1.0Torr_SmallAdmixture_1kHzLaserFreq_CapCoupling_3%_N2_Trial,0,55.0,1.0,2.22,2,1.2111486443908925,0.0010515221668272075,0.2932077306802169,0.0002431516990139832,0.22742895670122468,0.00016465635874969554,0.5143274735352333,0.00044654034988622133,-0.04949146579847996,0.00046972953489945237,75.8481184059212,0.000490275696375213,17208,0.10262337177392324
LAS_1.0Torr_SmallAdmixture_1kHzLaserFreq_CapCoupling_3%_N2_Trial,0,55.0,1.0,2.22,4,1.188595104349371,0.0010210236914195091,0.28897557375241956,0.00023692785456388366,0.2283994150937099,0.00016354785142537812,0.5047498669197669,0.00043358883986656816,-0.04809029768738019,0.0002642232941452827,78.6146477777334,0.0004782733523141277,17172,0.10262107843137255
LAS_1.0Torr_SmallAdmixture_1kHzLaserFreq_CapCoupling_3%_N2_Trial,0,55.0,1.0,2.22,6,1.2141978503171615,0.001031513598618309,0.29528298916306894,0.0002395148013062929,0.22846346475839363,0.00016191096938187287,0.5156223520686072,0.0004380434933000376,-0.049851909794355845,0.0004960124739092483,72.13805654267908,0.0004952609863921294,17209,0.1026257588612368
LAS_1.0Torr_SmallAdmixture_1kHzLaserFreq_CapCoupling_3%_N2_Trial,0,55.0,1.0,2.22,8,1.2080981405936482,0.0010577343058045226,0.2936579148620302,0.0002453225092123665,0.22835329609152288,0.00016677046992831298,0.5130320438468028,0.00044917840241614766,-0.04852658453292931,0.0003990888497730044,89.34005656918622,0.0004571028698101306,17212,0.10261756326462208
LAS_1.0Torr_SmallAdmixture_1kHzLaserFreq_CapCoupling_3%_N2_Trial,0,55.0,1.0,2.35,0,1.1768637544200673,0.0011328515453042556,0.28644145524503256,0.0002630575921146417,0.22865330010504475,0.00018368131915217533,0.49976802129888437,0.00048107775695843734,-0.05550786248408117,0.00017957072103993833,97.53726222765943,0.00048177895364612163,17635,0.10033573377133019
LAS_1.0Torr_SmallAdmixture_1kHzLaserFreq_CapCoupling_3%_N2_Trial,0,55.0,1.0,2.35,2,1.185828727297323,0.0011223530283729986,0.28644397617961864,0.0002588860375968308,0.22692665752447927,0.0001791618584315517,0.5035750947507064,0.0004766194473082326,-0.058295509727980935,0.0002377548734660867,86.59171251175441,0.0004973021786582486,17439,0.10039608132439733
LAS_1.0Torr_SmallAdmixture_1kHzLaserFreq_CapCoupling_3%_N2_Trial,0,55.0,1.0,2.35,4,1.2066346576721538,0.001110339678929268,0.29076306577695527,0.00025558245440179806,0.2263764442062688,0.00017369010942992112,0.5124105598720157,0.00047151784751971345,-0.06138271193253355,0.00015642959573957904,87.16506343117086,0.00048287084030675174,17454,0.100368366760028
LAS_1.0Torr_SmallAdmixture_1kHzLaserFreq_CapCoupling_3%_N2_Trial,0,55.0,1.0,2.35,6,1.1771092996194377,0.0010971915370998413,0.2855138143843601,0.0002538323357846774,0.2278652635767278,0.000177317777200232,0.49987229474427497,0.00046593434577520804,-0.06493899367252173,0.0003935786875287336,88.21507547517551,0.0004892176143158631,17557,0.10039178087330565
LAS_1.0Torr_SmallAdmixture_1kHzLaserFreq_CapCoupling_3%_N2_Trial,0,55.0,1.0,2.35,8,1.157449465684811,0.0010808054777302033,0.2812771995773018,0.00025056102559982196,0.22829703997039624,0.00017795401446893484,0.4915235319689148,0.0004589758270534844,-0.06433099459590998,0.000517749805277624,99.37783747569655,0.0004608875547848922,17428,0.10041380837459778
LAS_1.0Torr_SmallAdmixture_1kHzLaserFreq_CapCoupling_3%_N2_Trial,0,55.0,1.0,2.48,0,1.1369438024921077,0.0012135133122128832,0.2659897906839342,0.0002715155502056466,0.21978282882081113,0.000196600779844933,0.48281557857945145,0.0005153316555010615,-0.07357909777306017,0.00039809282509467185,105.12632008006389,0.0004952558209063578,16905,0.09847281988255316
LAS_1.0Torr_SmallAdmixture_1kHzLaserFreq_CapCoupling_3%_N2_Trial,0,55.0,1.0,2.48,2,1.1077719862179543,0.0012523076083974841,0.26867375367808555,0.00028899171600903185,0.22784665360160228,0.00021505964240678372,0.47042744882163373,0.0005318060762392674,-0.07436222546350603,0.0006177614025840432,131.40072664982148,0.0004729231168199475,17004,0.09848033881032661
LAS_1.0Torr_SmallAdmixture_1kHzLaserFreq_CapCoupling_3%_N2_Trial,0,55.0,1.0,2.48,4,1.2200075213761306,0.0011693721750853003,0.2897058538476758,0.00026588295790615273,0.22308098449674388,0.00017766822166245079,0.5180894922100495,0.000496586640475082,-0.073023292277934,0.00039314799029037737,83.64808448607147,0.0005041993834786185,17096,0.09850024112654322
LAS_1.0Torr_SmallAdmixture_1kHzLaserFreq_CapCoupling_3%_N2_Trial,0,55.0,1.0,2.48,6,1.1504543491395607,0.0011601178030009205,0.26982350905540115,0.0002605427245942053,0.22033230894018468,0.00018390524812444026,0.4885529794801965,0.0004926566704954616,-0.07236105288909493,0.0005878326741358266,98.78285124584772,0.00047573879108906266,17299,0.09848651997785829
LAS_1.0Torr_SmallAdmixture_1kHzLaserFreq_CapCoupling_3%_N2_Trial,0,55.0,1.0,2.48,8,1.179399974034299,0.0012574220412980548,0.2780818498877416,0.00028374119415694655,0.22150285065777658,0.00019718088236059313,0.5008450546032269,0.0005339779759185499,-0.07014972620327414,0.00042233840221413615,118.2980379231926,0.0004712944910350356,17087,0.09846170281468061
LAS_1.0Torr_SmallAdmixture_1kHzLaserFreq_CapCoupling_3%_N2_Trial,0,55.0,1.0,2.61,0,1.076415738252969,0.0011260214045727855,0.2652095364277337,0.00026291288134027037,0.23146050018855618,0.0002032138211234146,0.45711167633568445,0.000478177263247301,-0.07513610247715954,0.00021941308366168956,109.68082928099358,0.00048177940507733886,17297,0.09829448844069684
LAS_1.0Torr_SmallAdmixture_1kHzLaserFreq_CapCoupling_3%_N2_Trial,0,55.0,1.0,2.61,2,1.1105400749139247,0.0011180502744706294,0.2787881824588033,0.00026660421011187986,0.23583481351001193,0.0001987011403769023,0.471602947858943,0.0004747922359629544,-0.07961735511465161,0.00028034543171429017,103.37333986738949,0.0004912839890668057,16994,0.09832956335773867
LAS_1.0Torr_SmallAdmixture_1kHzLaserFreq_CapCoupling_3%_N2_Trial,0,55.0,1.0,2.61,4,1.1185479846434725,0.0011712309805019304,0.2771430495318257,0.00027641219694844846,0.23276472340673704,0.0002053652770917596,0.4750035940129648,0.0004973760024565006,-0.0829512012739156,0.00025882388777636776,107.77881579142543,0.0005028404426248434,17351,0.09830688186399879
LAS_1.0Torr_SmallAdmixture_1kHzLaserFreq_CapCoupling_3%_N2_Trial,0,55.0,1.0,2.61,6,1.1078872135930555,0.001172294199195169,0.2856948810573187,0.00028803328372116986,0.24225608735790757,0.00021423766829543902,0.47047638138246556,0.0004978275098638213,-0.08570874383656939,0.0004909318776924206,136.44641825473994,0.000466868462700267,17061,0.09826905882770841
LAS_1.0Torr_SmallAdmixture_1kHzLaserFreq_CapCoupling_3%_N2_Trial,0,55.0,1.0,2.61,8,1.0999561947824255,0.001099860554535982,0.26868738210694093,0.00025604695378658363,0.22947726851741254,0.00019176641288171033,0.4671083877952843,0.00046706777312213965,-0.08458675880694967,0.0006811501060713166,107.67151988825903,0.0004713026958589644,17004,0.09830024509803921
LAS_1.0Torr_SmallAdmixture_1kHzLaserFreq_CapCoupling_3%_N2_Trial,0,55.0,1.0,2.74,0,1.1577250091071216,0.0012326220279701558,0.28932344937070165,0.00029459338076220183,0.23477184288385636,0.00020863049974950777,0.4916405444866619,0.0005234463799351409,-0.06515711013404395,0.000337644934271034,129.14332949213457,0.0004699536730923114,17019,0.09732956930117313
LAS_1.0Torr_SmallAdmixture_1kHzLaserFreq_CapCoupling_3%_N2_Trial,0,55.0,1.0,2.74,2,1.120804340297444,0.0011552347595752636,0.2704265457250617,0.0002664575977469548,0.22666648322996166,0.0001947297479813894,0.4759617800360253,0.0004905830328788799,-0.0649247798550769,0.0004581360998978198,102.42646921851801,0.0004889318332729164,17047,0.09734536917639008
LAS_1.0Torr_SmallAdmixture_1kHzLaserFreq_CapCoupling_3%_N2_Trial,0,55.0,1.0,2.74,4,1.1577532268662867,0.0011596706210453306,0.2888176933835555,0.0002772409273696724,0.2343557345523116,0.00019583396005710353,0.491652527465669,0.0004924667698036726,-0.06437460846705513,0.0003200058269474594,101.82460354328387,0.00049841727547439,17070,0.09738476862759843
LAS_1.0Torr_SmallAdmixture_1kHzLaserFreq_CapCoupling_3%_N2_Trial,0,55.0,1.0,2.74,6,1.1473655455904728,0.0011960251646130412,0.27817498143950353,0.0002773490536978863,0.22776346088670904,0.00019894385540160692,0.4872412853846728,0.0005079051229994612,-0.06499668688870154,0.00041362748210957634,110.99572265302635,0.0004801959186823044,17041,0.09736319378300248
LAS_1.0Torr_SmallAdmixture_1kHzLaserFreq_CapCoupling_3%_N2_Trial,0,55.0,1.0,2.74,8,1.154784290137763,0.001213161067793956,0.28184467079596126,0.00028286639889049675,0.22928558416478795,0.00020146673573585982,0.4903917361220635,0.0005151820710690491,-0.06523238366011169,0.0004633602207914703,112.1786627952996,0.0004856029490715268,17244,0.09734450038851011
LAS_1.0Torr_SmallAdmixture_1kHzLaserFreq_CapCoupling_3%_N2_Trial,0,55.0,1.0,2.87,0,1.1571486857045328,0.0012631136240803997,0.2836739742933775,0.0002961752991296527,0.23030221590393973,0.00021044625350183225,0.49139580247174447,0.0005363949685861446,-0.06781763863428071,0.0002810840213837904,116.57952970600364,0.0004974316280944013,16787,0.09636929129700042
LAS_1.0Torr_SmallAdmixture_1kHzLaserFreq_CapCoupling_3%_N2_Trial,0,55.0,1.0,2.87,2,1.1580259049935686,0.0012625269827340945,0.28397742289401623,0.00029564018284710476,0.2303739287914948,0.00021010235619185082,0.49176832320465014,0.000536145844943961,-0.06898331306104502,-4.560312557827215e-06,115.98844791334672,0.0004997101596794452,19106,0.09634765376235964
LAS_1.0Torr_SmallAdmixture_1kHzLaserFreq_CapCoupling_3%_N2_Trial,0,55.0,1.0,2.87,4,1.1557019002546336,0.0010902222951028127,0.28491137334878563,0.0002573685739080885,0.23159637030136523,0.00018192967067647247,0.490781409260275,0.00046297478119542844,-0.07263774243591507,1.4607497082261838e-05,94.27702218191581,0.0004807372573793883,19069,0.09635135275263952
LAS_1.0Torr_SmallAdmixture_1kHzLaserFreq_CapCoupling_3%_N2_Trial,0,55.0,1.0,2.87,6,1.1711668626571101,0.001194784254732658,0.28757148300783797,0.00028037901617164164,0.23067197343304738,0.00019762271786931358,0.497348774114804,0.0005073781570926601,-0.07625387484177094,0.00021441156539341909,110.90955728500285,0.00047929946522903106,19096,0.09631624612451818
LAS_1.0Torr_SmallAdmixture_1kHzLaserFreq_CapCoupling_3%_N2_Trial,0,55.0,1.0,2.87,8,1.1385073341509346,0.001106989462237122,0.2777444851896671,0.0002588850711751654,0.2291803623162477,0.0001853027144335237,0.48347954934109255,0.00047009514148354923,-0.07630079073055938,0.00028384169654992246,93.5021649860975,0.0004948177229433241,19064,0.09631388128484604
LAS_1.0Torr_SmallAdmixture_1kHzLaserFreq_CapCoupling_3%_N2_Trial,0,55.0,1.0,3.0,0,1.2126526782113434,0.0011235826619606477,0.2964699872506569,0.00026302022592797233,0.22967413756895802,0.00017709320177302498,0.514966177891273,0.000477141624614411,-0.0803574743621502,3.1471676167284304e-05,95.26712836101983,0.00047033255883331443,18752,0.09544713135013182
LAS_1.0Torr_SmallAdmixture_1kHzLaserFreq_CapCoupling_3%_N2_Trial,0,55.0,1.0,3.0,2,1.1970089604080456,0.0012187812250668557,0.2934123790917972,0.00028594115641012515,0.23027607651059293,0.0001957575751423471,0.5083229026073257,0.0005175687321155096,-0.08343836850097193,0.00020838283478602165,102.60964550661875,0.0005000987941776206,18736,0.09542809738223408
LAS_1.0Torr_SmallAdmixture_1kHzLaserFreq_CapCoupling_3%_N2_Trial,0,55.0,1.0,3.0,4,1.205456191020798,0.0012166045719777647,0.2968709227316628,0.00028648446369195304,0.23135773315819824,0.00019484748044052466,0.5119101111630612,0.000516644392655395,-0.08464736282519288,0.0002044454324779386,98.66634204882428,0.0005057462637585268,18750,0.09539666348024418
LAS_1.0Torr_SmallAdmixture_1kHzLaserFreq_CapCoupling_3%_N2_Trial,0,55.0,1.0,3.0,6,1.1803306668963003,0.0012038317935154333,0.2880244356240724,0.000280818820233559,0.22924160118043746,0.00019520497286580014,0.501240283471762,0.0005112202930562413,-0.08458545145754406,0.0005093934658142625,103.51818627759656,0.0004943111133157778,18725,0.0954344267793654
LAS_1.0Torr_SmallAdmixture_1kHzLaserFreq_CapCoupling_3%_N2_Trial,0,55.0,1.0,3.0,8,1.2040020240417657,0.0012295775162943297,0.2943730987676699,0.0002878026760239165,0.22968820426093436,0.00019565609175336605,0.5112925833047857,0.0005221534948663856,-0.08011925667100425,0.0003966852177913022,109.6438108000083,0.0004843380393961833,18718,0.0954489255257597
LAS_1.0Torr_SmallAdmixture_1kHzLaserFreq_CapCoupling_3%_N2_Trial,0,60.0,1.0,0.0,0,1.0548469900988562,0.0007484509005129084,0.3520987359488272,0.0002339861556056443,0.3135759796805738,0.00018759171694101917,0.44795227232957935,0.0003178378331254062,-0.007371817278395077,-0.0007108363604047283,100.86380220013392,0.0004764308143623775,18604,0.14685131760066206
LAS_1.0Torr_SmallAdmixture_1kHzLaserFreq_CapCoupling_3%_N2_Trial,0,60.0,1.0,0.0,2,1.1177411770605274,0.0006881965942772672,0.3294898130958972,0.00019048931110817474,0.27692905989926203,0.00014343152460325094,0.4746609743785483,0.000292250185201826,-0.008443627205135293,-0.0006582981648430809,60.87052417549748,0.00048031666797978905,18613,0.1468037471908214
LAS_1.0Torr_SmallAdmixture_1kHzLaserFreq_CapCoupling_3%_N2_Trial,0,60.0,1.0,0.0,4,1.0097625368154377,0.0009593461901042775,0.33388451042936806,0.0002960371709671327,0.3106310092142601,0.00024948833646171837,0.42880666781574234,0.0004073968166394086,-0.007257608239234684,-0.0007226047119604888,158.14400286636783,0.0004949429528819857,18584,0.14685261845017827
LAS_1.0Torr_SmallAdmixture_1kHzLaserFreq_CapCoupling_3%_N2_Trial,0,60.0,1.0,0.0,6,1.0789931005342372,0.0006156602932462948,0.3310480445362719,0.00017705745924821573,0.2882306419976298,0.00013867101841735278,0.45820618132204494,0.00026144685431289644,-0.008728569505483542,-0.0005714708760283761,54.224130159216735,0.00048612160973414176,18628,0.14685299177523192
LAS_1.0Torr_SmallAdmixture_1kHzLaserFreq_CapCoupling_3%_N2_Trial,0,60.0,1.0,0.0,8,1.108735386603547,0.0005781477991750019,0.34733388112319863,0.00016961629498512352,0.29429780994195076,0.00012917130846670544,0.47083656729657863,0.00024551676481393434,-0.007403126785534867,-0.0005812257518507509,49.56812431150601,0.0004796750617778512,18742,0.14682130983761682
LAS_1.0Torr_SmallAdmixture_1kHzLaserFreq_CapCoupling_3%_N2_Trial,0,60.0,1.0,0.13,0,1.0946572323199244,0.0006980186027955307,0.3691402056932815,0.00022064982662621668,0.3167969479909076,0.0001698264580821118,0.4648581256261292,0.00029642120818041393,0.0020464575625288393,-0.0004514846635980103,78.35089766579219,0.0005011312679247096,17003,0.14618925354088497
LAS_1.0Torr_SmallAdmixture_1kHzLaserFreq_CapCoupling_3%_N2_Trial,0,60.0,1.0,0.13,1,1.1152108656652135,0.0007448082803668573,0.3765185929202668,0.00023609778020455642,0.31717374104120566,0.00017792936525023328,0.4735864500637697,0.00031629095477530146,0.002949426565766638,-0.0005513039362123567,88.18772010289487,0.0004953673544769535,17094,0.14620747447916668
LAS_1.0Torr_SmallAdmixture_1kHzLaserFreq_CapCoupling_3%_N2_Trial,0,60.0,1.0,0.13,2,1.1087775594619382,0.0006978028900835788,0.37559313661851024,0.00022122969536321957,0.31822992010623574,0.00016851933207898904,0.47085447646058476,0.0002963296034259839,0.003665344536054728,-0.000589787393178109,81.59562309161335,0.00048691063537065774,17066,0.14614032291666668
LAS_1.0Torr_SmallAdmixture_1kHzLaserFreq_CapCoupling_3%_N2_Trial,0,60.0,1.0,0.13,3,1.120520043342503,0.0007201615198382897,0.3705248824584422,0.0002228551952429193,0.31064583747108393,0.00016792882982005417,0.475841050235232,0.00030582443926360607,0.0034615821856800867,-0.0005292736618752557,90.90299204727604,0.00046263921358094865,17240,0.14615619218749998
LAS_1.0Torr_SmallAdmixture_1kHzLaserFreq_CapCoupling_3%_N2_Trial,0,60.0,1.0,0.13,4,1.1111774767511022,0.0006926802995342633,0.36638138642992746,0.0002117341389257278,0.3097545980146191,0.00016308653536300838,0.47187362749687234,0.00029415423951224237,0.0028617243877867423,-0.0005083813210667552,76.10444823368218,0.0004940629115284284,18415,0.14613574322916667
LAS_1.0Torr_SmallAdmixture_1kHzLaserFreq_CapCoupling_3%_N2_Trial,0,60.0,1.0,0.26,0,1.2048568955287533,0.0009905957026523893,0.3456860638721352,0.0002666534856374147,0.2695343956063059,0.0001862400690485156,0.5116556137999573,0.0004206672627671513,0.013827928664165106,-0.0004666942293970024,114.36130070905422,0.0004697045754951909,17352,0.1451124890300913
LAS_1.0Torr_SmallAdmixture_1kHzLaserFreq_CapCoupling_3%_N2_Trial,0,60.0,1.0,0.26,2,1.1875497677589641,0.0009533510648260336,0.34179466702234307,0.00025739678618460425,0.27038416458744635,0.0001825456160393593,0.5043059533423312,0.0004048509213422734,0.013405318967565928,-0.00035741831025788137,110.43140835927684,0.0004658605762266548,17293,0.14504145014191502
LAS_1.0Torr_SmallAdmixture_1kHzLaserFreq_CapCoupling_3%_N2_Trial,0,60.0,1.0,0.26,4,1.1383362923756162,0.000975528337397285,0.34411004897875536,0.0002757887561934957,0.28398445182764714,0.00020481007476474814,0.4834069145868236,0.0004142687418751201,0.015586194805502834,-0.0005354539702846736,134.51086779374683,0.00046761319015766953,17427,0.1451614001586109
LAS_1.0Torr_SmallAdmixture_1kHzLaserFreq_CapCoupling_3%_N2_Trial,0,60.0,1.0,0.26,6,1.0520183003065577,0.001101557224524473,0.340694834775046,0.00033219250542814685,0.3042356091665238,0.0002685739468378862,0.4467510383761537,0.00046778828252669953,0.015422067514133612,-0.0005535728967941358,217.31306228962785,0.0004679914620295223,17400,0.14512277057958664
LAS_1.0Torr_SmallAdmixture_1kHzLaserFreq_CapCoupling_3%_N2_Trial,0,60.0,1.0,0.26,8,1.1039006684839623,0.0010623357823892942,0.34560082333527986,0.00030974486949844154,0.29411187642121733,0.00023866923412450296,0.46878345154797324,0.0004511324696046283,0.01497209756697232,-0.0006899640885495708,180.56598457969264,0.00046060742390611033,17353,0.14508237630110438
LAS_1.0Torr_SmallAdmixture_1kHzLaserFreq_CapCoupling_3%_N2_Trial,0,60.0,1.0,0.39,0,1.160535190742067,0.0009325491861952963,0.3842966375569855,0.00028659956332554453,0.31108284374308065,0.00021087759762662074,0.49283391874932597,0.0003960171768382581,0.005809388262847854,-0.0005661516410729565,143.48306355500512,0.0004658275917932038,18263,0.14407218385707046
LAS_1.0Torr_SmallAdmixture_1kHzLaserFreq_CapCoupling_3%_N2_Trial,0,60.0,1.0,0.39,2,1.1263949856904498,0.0009029164250049608,0.3808208783420001,0.0002827309594131765,0.31761267953649847,0.00021518430148777224,0.47833590854100516,0.00038343330179741776,0.006783817458236536,-0.0005579976645969127,134.64149740414416,0.0004870642148533219,18296,0.1440362744051506
LAS_1.0Torr_SmallAdmixture_1kHzLaserFreq_CapCoupling_3%_N2_Trial,0,60.0,1.0,0.39,4,1.1412556035873724,0.0008863319258193041,0.3822110131598501,0.0002751666854503391,0.3146212583432341,0.00020638481255852052,0.48464663191380847,0.00037639051344479915,0.008277668647407718,-0.0007056314825856502,119.70991770181082,0.0004958509700064673,18210,0.14403593846804305
LAS_1.0Torr_SmallAdmixture_1kHzLaserFreq_CapCoupling_3%_N2_Trial,0,60.0,1.0,0.39,6,1.1198665405678683,0.0009423825198678568,0.3797023142440691,0.0002965413093753826,0.31852590990755686,0.00022618626221703684,0.47556353315870886,0.00040019300916706405,0.007800797583024956,-0.0006957488938377431,153.79211066065832,0.0004792063930984291,18109,0.14408119254244953
LAS_1.0Torr_SmallAdmixture_1kHzLaserFreq_CapCoupling_3%_N2_Trial,0,60.0,1.0,0.39,8,1.102833651038438,0.0008705908572339866,0.38029105819853487,0.000276634064546243,0.3239469492896263,0.00021646846913064304,0.4683303309590876,0.0003697058970901296,0.005882478052799383,-0.0007707917834836797,140.34234204778824,0.00047713219814044216,18955,0.14408580222880873
LAS_1.0Torr_SmallAdmixture_1kHzLaserFreq_CapCoupling_3%_N2_Trial,0,60.0,1.0,0.65,0,1.0640404533796095,0.001031282884741499,0.36112148981800746,0.00032219541961147214,0.3188327930550596,0.0002611872723727122,0.45185637672182494,0.0004379455181374358,-0.011818381018780114,-0.0004125305253977473,187.91022510413958,0.0004805319128848756,17164,0.1351517474107732
LAS_1.0Torr_SmallAdmixture_1kHzLaserFreq_CapCoupling_3%_N2_Trial,0,60.0,1.0,0.65,2,1.1392378221249166,0.0008955129256409288,0.3596455766339671,0.0002617534058614095,0.29657061523746914,0.00019707647787762082,0.48378975902166815,0.0003802893250932723,-0.013886280853467313,-0.000483774812541918,114.73161141865639,0.0004886209085084302,17330,0.13515206234546245
LAS_1.0Torr_SmallAdmixture_1kHzLaserFreq_CapCoupling_3%_N2_Trial,0,60.0,1.0,0.65,4,1.0482995693747634,0.00103841849091619,0.3652181440306273,0.0003330405536825737,0.3272915008106933,0.0002747272561442526,0.44517183875126465,0.00044097573107865326,-0.01672786228647896,-0.000575123342482743,202.79991786071915,0.0004898664054282854,17303,0.13509883981973406
LAS_1.0Torr_SmallAdmixture_1kHzLaserFreq_CapCoupling_3%_N2_Trial,0,60.0,1.0,0.65,6,1.1555603170838489,0.0009606590599700044,0.3645989537956729,0.0002793213698175021,0.29640845562689344,0.000208804078014915,0.4907212844235243,0.0004079543411383601,-0.021776443559101313,-0.00039106843181359996,118.99410792643744,0.0005057043233892695,18451,0.13509653849204362
LAS_1.0Torr_SmallAdmixture_1kHzLaserFreq_CapCoupling_3%_N2_Trial,0,60.0,1.0,0.65,8,1.1190895648012429,0.0008926127416829181,0.3698710364369434,0.0002714107901831706,0.3104940398598522,0.0002098136659249267,0.47523358193026366,0.00037905773036308026,-0.023693484944521413,-0.00030870469650752427,132.9358761970193,0.0004759718129320846,18474,0.1351722308845139
LAS_1.0Torr_SmallAdmixture_1kHzLaserFreq_CapCoupling_3%_N2_Trial,0,60.0,1.0,0.52,0,1.1387589042409572,0.0009278594339396981,0.3910706478684802,0.0002945762607653721,0.32261995392058607,0.00022190213955322515,0.48358638132197085,0.0003940256224239434,-0.0006350652041081868,-0.0007238175523253003,147.5116539751001,0.00047634986643015634,18464,0.14044533055794572
LAS_1.0Torr_SmallAdmixture_1kHzLaserFreq_CapCoupling_3%_N2_Trial,0,60.0,1.0,0.52,2,1.1335466007819948,0.0009041999108582868,0.3988495314133156,0.0002936469083489078,0.3305502554046457,0.0002228614529913301,0.4813729198432641,0.0003839783480552132,-0.002501711549922724,-0.0008463592000376194,114.58429771011086,0.0005429426868022593,18654,0.1401873987507724
LAS_1.0Torr_SmallAdmixture_1kHzLaserFreq_CapCoupling_3%_N2_Trial,0,60.0,1.0,0.52,4,1.128988710890051,0.0008831252168601004,0.39068216435024994,0.0002822262927413709,0.32508862646141373,0.00021499369201099987,0.47943736221899397,0.00037502874953168386,-0.006615065221114347,-0.0008405397409266824,72.61195430084763,0.0006573278962266805,18541,0.1399663054052474
LAS_1.0Torr_SmallAdmixture_1kHzLaserFreq_CapCoupling_3%_N2_Trial,0,60.0,1.0,0.52,6,1.120393859553603,0.0008516865943432545,0.38933472389722884,0.0002733246733780847,0.3264526580563556,0.00020977584603717068,0.475787464913854,0.00036167799579439234,-0.009340601093164891,-0.0006220847154462529,58.326623462438675,0.000714912079447288,18535,0.14083111315697178
LAS_1.0Torr_SmallAdmixture_1kHzLaserFreq_CapCoupling_3%_N2_Trial,0,60.0,1.0,0.52,8,1.1404842989118782,0.0008977941724933985,0.39674289024396653,0.00028833443118589684,0.32680420196036825,0.00021760367501390236,0.4843190889760278,0.00038125808143509276,-0.008546843496951333,-0.0004053568558213113,81.59908674724218,0.0006286784996969645,18574,0.14112783274883098
LAS_1.0Torr_SmallAdmixture_1kHzLaserFreq_CapCoupling_3%_N2_Trial,0,60.0,1.0,0.91,0,1.1011249214038945,0.000895022512488601,0.36727567141013534,0.00027600239887163073,0.3133454257326416,0.00021547974118477786,0.4676047002943796,0.00038008106580256234,-0.016589222002190655,-0.0004921221932746659,118.60145797750157,0.0005113500048190678,16966,0.13203936853931636
LAS_1.0Torr_SmallAdmixture_1kHzLaserFreq_CapCoupling_3%_N2_Trial,0,60.0,1.0,0.91,1,1.1527640469480325,0.0008156523939330633,0.3820532441902307,0.000250393977929317,0.3113517124260416,0.00018608627913164168,0.48953381783060274,0.0003463756798122309,-0.017947572758319544,-0.0003448967388803884,85.98870952202762,0.0005216123689841881,16700,0.132077196875
LAS_1.0Torr_SmallAdmixture_1kHzLaserFreq_CapCoupling_3%_N2_Trial,0,60.0,1.0,0.91,2,1.1224185717421993,0.0008055095277165783,0.3641781836757509,0.00024034355659334911,0.30480835799348216,0.00018553469470267766,0.4766472810143959,0.0003420684011146981,-0.01623674683430496,-0.0003392368279273711,86.59975791937615,0.0005205207791100656,18618,0.132047609375
LAS_1.0Torr_SmallAdmixture_1kHzLaserFreq_CapCoupling_3%_N2_Trial,0,60.0,1.0,0.91,3,1.1613046619193736,0.0007915231961462372,0.37954326647864806,0.00024005440032991602,0.30703148372811107,0.00017655069574191098,0.4931606830721159,0.0003361289529603245,-0.01506969747794895,-0.00021957981066723486,80.52002115084078,0.0005160889111901618,16672,0.13203501354166666
LAS_1.0Torr_SmallAdmixture_1kHzLaserFreq_CapCoupling_3%_N2_Trial,0,60.0,1.0,0.91,4,1.1609953532173936,0.0008647610732338145,0.38314943427309067,0.00026417564836753014,0.3100312683175954,0.0001951626470955934,0.49302933176031066,0.00036723021576897145,-0.012078078106866246,-0.0004052397786281886,99.22274387358182,0.0005101796130386975,16847,0.13202078541666665
LAS_1.0Torr_SmallAdmixture_1kHzLaserFreq_CapCoupling_3%_N2_Trial,0,60.0,1.0,0.78,0,1.061652228478616,0.0008014777045567919,0.32669278935226714,0.00022678162913513712,0.2890846708245515,0.00018559781540516862,0.4508421909856228,0.00034035624346244177,-0.01348109735819506,-0.0005668505045479813,85.38066519406013,0.0005107954223501131,17457,0.13345111503385207
LAS_1.0Torr_SmallAdmixture_1kHzLaserFreq_CapCoupling_3%_N2_Trial,0,60.0,1.0,0.78,3,1.1470123895683506,0.0010154677439619245,0.338252142647187,0.0002772994525027766,0.27703857019572664,0.00020765114927985166,0.48709131383042714,0.00043122944621807745,-0.018840420867766255,-0.00043645806270959747,116.62479530116164,0.0005131956797508573,17501,0.13346184111981388
LAS_1.0Torr_SmallAdmixture_1kHzLaserFreq_CapCoupling_3%_N2_Trial,0,60.0,1.0,0.78,6,1.171604010335582,0.0008532436006725205,0.3661910728622025,0.0002463764148926188,0.2936261244746317,0.00018100911067191829,0.4975344136414397,0.00036233919550370837,-0.020423154705979708,-0.0004901300871541932,86.8140553080666,0.0005115651183553805,17564,0.13343870343174175
LAS_1.0Torr_SmallAdmixture_1kHzLaserFreq_CapCoupling_3%_N2_Trial,0,60.0,1.0,0.78,9,1.1871192522134166,0.0008578843127518202,0.3570004563461102,0.00023944673363820342,0.28251545628545666,0.0001721320870870426,0.504123130223233,0.00036430992447261293,-0.02323174649213295,-0.00017456983023863228,92.3555086207154,0.00048176764311918776,17379,0.1334351794321434
LAS_1.0Torr_SmallAdmixture_1kHzLaserFreq_CapCoupling_3%_N2_Trial,0,60.0,1.0,0.78,12,0.9971577706852056,0.0012429641352586529,0.3349635225340889,0.00038217231758749126,0.31557415418509016,0.0003370959300038751,0.42345391648477326,0.0005278382685256599,-0.0204715218699275,-0.00015597611503359045,259.62807783137555,0.0005126475605718346,17383,0.1333858748179947
LAS_1.0Torr_SmallAdmixture_1kHzLaserFreq_CapCoupling_3%_N2_Trial,0,60.0,1.0,1.04,0,1.1520855663908118,0.0008276184451993805,0.3868487180002983,0.00025784655291804875,0.3154454126572829,0.00019116113938418857,0.4892456936664432,0.00035145719391415454,-0.02233016405978164,-0.0005814761821177316,92.24757317971884,0.0005178885148628173,16511,0.13086942510548524
LAS_1.0Torr_SmallAdmixture_1kHzLaserFreq_CapCoupling_3%_N2_Trial,0,60.0,1.0,1.04,2,1.1722007528962006,0.0007828329277849764,0.3925662465200072,0.0002410356275980729,0.31461451072173885,0.00017803491605470538,0.4977878268743862,0.00033243853577553847,-0.024851520805067123,-0.0003957931361036111,84.49282334649386,0.0005060467100395766,18944,0.1308845811163538
LAS_1.0Torr_SmallAdmixture_1kHzLaserFreq_CapCoupling_3%_N2_Trial,0,60.0,1.0,1.04,4,1.1447498830390668,0.0006822472525885246,0.38346969537811115,0.00020997380735058,0.31469383175075893,0.00015901938273261962,0.4861305157711197,0.0002897237324050203,-0.026739412896694882,-0.00034443523063260414,61.248398940518335,0.0005302890087718859,18950,0.13086702324501984
LAS_1.0Torr_SmallAdmixture_1kHzLaserFreq_CapCoupling_3%_N2_Trial,0,60.0,1.0,1.04,6,1.1376063367037714,0.0007245553145288264,0.381518626639053,0.00022332347792456645,0.31505874116482674,0.00017009084270410587,0.4830969309541528,0.00030769031207193736,-0.026833533310204584,-0.00019094678234630967,77.57017581625192,0.0005053983549618562,18996,0.13082142961680632
LAS_1.0Torr_SmallAdmixture_1kHzLaserFreq_CapCoupling_3%_N2_Trial,0,60.0,1.0,1.04,8,1.1620982824212371,0.0007553984429719775,0.38808860398139483,0.00023181663056535124,0.3137298346737196,0.00017286001039784312,0.49349770266881,0.0003207881827598632,-0.024794027746886587,-0.00018769659427456519,76.95550411131332,0.0005148802983998769,18953,0.13087596331560372
LAS_1.0Torr_SmallAdmixture_1kHzLaserFreq_CapCoupling_3%_N2_Trial,0,60.0,1.0,1.17,0,1.118988825306921,0.0007090903763087502,0.3743740442072701,0.00021825947899895215,0.31430245356507014,0.00016869270229064503,0.4751908018059248,0.0003011229574867283,-0.036936379801155585,-0.0003710306732082798,72.06118690317389,0.0005195487210866908,18685,0.13035638840326338
LAS_1.0Torr_SmallAdmixture_1kHzLaserFreq_CapCoupling_3%_N2_Trial,0,60.0,1.0,1.17,2,1.1264901423660922,0.0007849944503073495,0.3791314152774692,0.00024320422266613725,0.316176921255351,0.00018634883877937408,0.47837631786053814,0.00033335644987557097,-0.038370561278608564,-0.00023657158630837951,87.73384887917165,0.0005205628929404559,18673,0.13036896358420605
LAS_1.0Torr_SmallAdmixture_1kHzLaserFreq_CapCoupling_3%_N2_Trial,0,60.0,1.0,1.17,4,1.180547350934507,0.0006636649155421402,0.3979184158698077,0.00020564093481662094,0.3166492165293475,0.0001509000165524554,0.5013323007104736,0.0002818325404281233,-0.037382036166359794,-0.00024669353715897586,56.27612598746172,0.0005240189309196898,18671,0.13038912516076231
LAS_1.0Torr_SmallAdmixture_1kHzLaserFreq_CapCoupling_3%_N2_Trial,0,60.0,1.0,1.17,6,1.107245902195027,0.0007153282176267653,0.3723433336514224,0.00022113887689264873,0.3159128495431877,0.00017289417471942932,0.47020404150690603,0.0003037719247957921,-0.03689164654355206,-5.881191840662238e-05,75.5708653954517,0.000517858738648018,18701,0.13033448842093834
LAS_1.0Torr_SmallAdmixture_1kHzLaserFreq_CapCoupling_3%_N2_Trial,0,60.0,1.0,1.17,8,1.10216908034565,0.000784937323016214,0.37202521467211863,0.00024385150952978136,0.3170968606464847,0.00019112847253047988,0.46804811377047895,0.00033333219014869463,-0.03306763049656037,-0.00020558695007972153,93.24278909493734,0.0005157799711674717,18612,0.1303638442442919
LAS_1.0Torr_SmallAdmixture_1kHzLaserFreq_CapCoupling_3%_N2_Trial,0,60.0,1.0,1.57,0,1.1698531593431893,0.0005599443596288293,0.36832807359751235,0.00016402549648789598,0.2957816717128879,0.00011933837930524242,0.49679089568299223,0.00023778647579053962,-0.03199483192983508,-0.0002501891061291807,14.480552733322526,0.0008160713753639779,17444,0.12432268011624763
LAS_1.0Torr_SmallAdmixture_1kHzLaserFreq_CapCoupling_3%_N2_Trial,0,60.0,1.0,1.57,3,1.1704367878684425,0.0006163293876460474,0.36377726471803457,0.0001782624181620452,0.2919815295979277,0.0001294946135659892,0.4970387398978759,0.0002617309925429767,-0.03298006218702797,-2.952321315243637e-05,37.671363839579115,0.000551035103314304,17558,0.12463534109671284
LAS_1.0Torr_SmallAdmixture_1kHzLaserFreq_CapCoupling_3%_N2_Trial,0,60.0,1.0,1.57,6,1.1614038283373929,0.000487706713575528,0.36167470401189017,0.00014131187356969022,0.29255173043284227,0.00010364859221998518,0.49320279517245597,0.00020710997199326035,-0.03290611960947025,-0.0002410592908912743,19.974935166887924,0.0006044590001214205,17417,0.12428207814245927
LAS_1.0Torr_SmallAdmixture_1kHzLaserFreq_CapCoupling_3%_N2_Trial,0,60.0,1.0,1.57,9,1.1617659372137852,0.0004896620984249249,0.36670676528853585,0.00014385777263780405,0.29652961463959693,0.00010540221836921817,0.4933565686538549,0.00020794034748353318,-0.03650988806839374,-4.973994658871567e-05,13.856578786995376,0.0007382432840105963,17358,0.12445730037024066
LAS_1.0Torr_SmallAdmixture_1kHzLaserFreq_CapCoupling_3%_N2_Trial,0,60.0,1.0,1.57,12,1.1673804202109026,0.0005647987369888737,0.3631770373134367,0.0001636090993504608,0.2922629519161352,0.00011904974748514413,0.49574082005725395,0.00023984794004989482,-0.03857000529738241,-5.648244272237629e-05,25.628490463350325,0.0006156934045948694,17524,0.12458802023398544
LAS_1.0Torr_SmallAdmixture_1kHzLaserFreq_CapCoupling_3%_N2_Trial,0,60.0,1.0,1.43,0,1.1751809356175351,0.0006567702539625512,0.35374208199484536,0.00018401104649174062,0.28278070959018703,0.00013325376333881754,0.4990533939514218,0.00027890464723554675,-0.02496712472135868,-0.0001567404102025044,50.66461359961021,0.0004908627854255803,17143,0.13216963697623751
LAS_1.0Torr_SmallAdmixture_1kHzLaserFreq_CapCoupling_3%_N2_Trial,0,60.0,1.0,1.43,2,1.138945636336875,0.0005477606151501665,0.3502001186235489,0.0001566747041727831,0.2888557942924447,0.00011719489244541125,0.4836656791419091,0.00023261251589310608,-0.02520954072540399,-0.00017753647157730875,7.95668829636365,0.0010852177983764768,17392,0.13183895865710799
LAS_1.0Torr_SmallAdmixture_1kHzLaserFreq_CapCoupling_3%_N2_Trial,0,60.0,1.0,1.43,4,1.1252165224682913,0.0005017470078110766,0.34153515899469944,0.0001416882804667058,0.2851458843160337,0.00010720176200580453,0.47783546128829674,0.00021307233598161516,-0.03375770538742054,-0.0006215060656122652,3.206214171834869,0.0015675313038492269,17364,0.12536523931183985
LAS_1.0Torr_SmallAdmixture_1kHzLaserFreq_CapCoupling_3%_N2_Trial,0,60.0,1.0,1.43,6,1.1912032332880627,0.0005354804541562857,0.3674348436018744,0.00015357827790014395,0.2897759004733185,0.00010988954060243507,0.5058574373025633,0.0002273976116715313,-0.03789282086113784,-0.0001602660507854879,17.60767007224627,0.0006809384204124159,17321,0.1265812068958302
LAS_1.0Torr_SmallAdmixture_1kHzLaserFreq_CapCoupling_3%_N2_Trial,0,60.0,1.0,1.43,8,1.1328095230730773,0.0005898929332434562,0.35469721755858336,0.000171685131025131,0.29414988313448187,0.000129192885347548,0.4810599117599191,0.00025050446401975624,-0.03994873570527387,-0.00011131972707674268,37.35733489123403,0.0005507199092007834,17368,0.12761782713135472
LAS_1.0Torr_SmallAdmixture_1kHzLaserFreq_CapCoupling_3%_N2_Trial,0,60.0,1.0,1.3,0,1.040600869153246,0.0011070996856122656,0.31323289095386364,0.0003053506502391295,0.28278148077693677,0.00025530537185372245,0.44190250178525614,0.00047014194904125464,-0.043235775840370055,-0.0002770184170982504,165.37353896573973,0.0005029933455866661,18722,0.13098571541677223
LAS_1.0Torr_SmallAdmixture_1kHzLaserFreq_CapCoupling_3%_N2_Trial,0,60.0,1.0,1.3,2,1.0543452080947022,0.0008946418545658976,0.326490541202819,0.000253720967358917,0.29090793337318704,0.00020956601466692553,0.4477391851320193,0.00037991941526646015,-0.04500562398782979,-0.00023035180900022256,103.92971883309825,0.0005196688817993579,18678,0.13096107417665045
LAS_1.0Torr_SmallAdmixture_1kHzLaserFreq_CapCoupling_3%_N2_Trial,0,60.0,1.0,1.3,4,1.085328900259794,0.0007153246048029825,0.33952419831338354,0.00020529121488580167,0.29388482038933667,0.00016437334610684015,0.460896747736632,0.0003037703905707924,-0.046523929605283405,-0.00033203354386181005,67.88589127350971,0.0005114421505632949,18677,0.13099570258325396
LAS_1.0Torr_SmallAdmixture_1kHzLaserFreq_CapCoupling_3%_N2_Trial,0,60.0,1.0,1.3,6,1.0899782197929224,0.0005322090685877262,0.3479399074287186,0.00015612423222945919,0.2998846342525481,0.00012422885961494784,0.46287113195462753,0.00022600838213126872,-0.048549218865322985,-0.00019267417751511336,43.08357011587377,0.0004919825127548618,18740,0.1310127720342523
LAS_1.0Torr_SmallAdmixture_1kHzLaserFreq_CapCoupling_3%_N2_Trial,0,60.0,1.0,1.3,8,1.0366064053464152,0.0008549813603472424,0.3294112093153227,0.0002487756674378946,0.29853295180916,0.00020909957036008918,0.44020620918945474,0.0003630771540914097,-0.048502545570415584,-0.0002410665120410634,109.74808243452546,0.0005035027684709422,18684,0.13102553153717625
LAS_1.0Torr_SmallAdmixture_1kHzLaserFreq_CapCoupling_3%_N2_Trial,0,60.0,1.0,1.83,0,1.173308865274147,0.0006565268624221102,0.31729240927818714,0.00016564599233630052,0.2540476138435294,0.00011984295567295314,0.49825839887426565,0.0002788012883648956,-0.05339852162641901,0.00011709819303028278,20.707898487659758,0.000692380716891076,16718,0.11674897521035434
LAS_1.0Torr_SmallAdmixture_1kHzLaserFreq_CapCoupling_3%_N2_Trial,0,60.0,1.0,1.83,2,1.1530868081402925,0.0007065301613789638,0.31719903000390975,0.00018083240969930594,0.25842685169006524,0.0001336092531325425,0.4896708818890394,0.0003000357343100831,-0.05436802048887679,0.00024713951941721405,28.1338263326305,0.0006528005022781934,18844,0.1160136989663759
LAS_1.0Torr_SmallAdmixture_1kHzLaserFreq_CapCoupling_3%_N2_Trial,0,60.0,1.0,1.83,4,1.1640654456834318,0.0006918459198179995,0.3225273490399205,0.00017882517501607137,0.2602896737566033,0.00012986800475428336,0.49433307999046383,0.0002937999110708719,-0.05225839960702336,0.00011385114446566356,33.862997168939586,0.0005830638989242751,16843,0.11602754781660485
LAS_1.0Torr_SmallAdmixture_1kHzLaserFreq_CapCoupling_3%_N2_Trial,0,60.0,1.0,1.83,6,1.1547427930282477,0.0008044741175257483,0.31978070333044,0.0002071802251901737,0.26015656086459793,0.00015372966398820585,0.49037411392218333,0.000341628702891042,-0.05435363571291519,0.00029012008858136863,53.833039784713215,0.0005436504610856844,18911,0.11588563653113407
LAS_1.0Torr_SmallAdmixture_1kHzLaserFreq_CapCoupling_3%_N2_Trial,0,60.0,1.0,1.83,8,1.1546312507661947,0.0007583603841150924,0.30764749492371385,0.0001880548836594738,0.2503098069085801,0.0001394493342360687,0.49032674628477585,0.000322046003351872,-0.05327004256066368,0.00028046626299587437,27.718861891703465,0.0006904884695914428,18906,0.11679811721593375
LAS_1.0Torr_SmallAdmixture_1kHzLaserFreq_CapCoupling_3%_N2_Trial,0,60.0,1.0,1.7,0,1.1826327910419818,0.000563939657229212,0.35974201611147255,0.00015971866207499665,0.28576500094498986,0.00011490800534088715,0.5022179055837104,0.00023948312246586137,-0.041428363623126546,-0.00012930692942950822,15.058151696174852,0.0007713160097655876,17285,0.11958085468459327
LAS_1.0Torr_SmallAdmixture_1kHzLaserFreq_CapCoupling_3%_N2_Trial,0,60.0,1.0,1.7,2,1.1732216612868727,0.0006157362665987689,0.360055932225563,0.00017601314877787206,0.2883086600861362,0.0001276051683909466,0.4982213667505336,0.000261479117225145,-0.04225193357319908,-0.000252815083624502,31.263211163472487,0.0005967169652927004,16997,0.12026850835257313
LAS_1.0Torr_SmallAdmixture_1kHzLaserFreq_CapCoupling_3%_N2_Trial,0,60.0,1.0,1.7,4,1.1661344560942632,0.000630583734371117,0.3514856012230079,0.0001768262503151465,0.28315660770455975,0.00012917895526018476,0.49521170781393475,0.00026778425625420955,-0.046743582610154114,-8.254120900669183e-05,33.0709977334864,0.0005867256319869666,18758,0.11996574901291576
LAS_1.0Torr_SmallAdmixture_1kHzLaserFreq_CapCoupling_3%_N2_Trial,0,60.0,1.0,1.7,6,1.1958131774213572,0.0005506111316590797,0.3674409426795184,0.00015747700110229566,0.2886635854089195,0.00011208726440672641,0.5078151003278217,0.00023382301879965655,-0.05002822379986639,9.451297623811078e-05,12.272060311860088,0.000834628413539821,17069,0.11988299130445693
LAS_1.0Torr_SmallAdmixture_1kHzLaserFreq_CapCoupling_3%_N2_Trial,0,60.0,1.0,1.7,8,1.1744894130291714,0.0005429034213230785,0.3599732077147693,0.00015499980825100745,0.28793128904257553,0.00011221081913866598,0.49875973134657736,0.00023054985559032098,-0.05158259455074678,0.00020265137099489367,17.76081971874999,0.0006946074720823515,16830,0.1196195956091481
LAS_1.0Torr_SmallAdmixture_1kHzLaserFreq_CapCoupling_3%_N2_Trial,0,60.0,1.0,2.09,0,1.2167148464695756,0.0009110503260224888,0.30350453026938873,0.00021175596632716013,0.2343387777478066,0.00014782967415167262,0.5166912219203503,0.00038688745152520344,-0.04905554343253809,-0.00010328932539679308,76.08076685964156,0.00044685711733195193,18726,0.11048193588058897
LAS_1.0Torr_SmallAdmixture_1kHzLaserFreq_CapCoupling_3%_N2_Trial,0,60.0,1.0,2.09,2,1.2111136377021359,0.0008862215667300832,0.30492611709515294,0.00020785877098043921,0.23652525471666275,0.00014589954408506683,0.5143126075632749,0.0003763436482546315,-0.052010633009586145,5.820378273536049e-05,64.37829729845379,0.0004789140485953296,18728,0.11047970171047142
LAS_1.0Torr_SmallAdmixture_1kHzLaserFreq_CapCoupling_3%_N2_Trial,0,60.0,1.0,2.09,4,1.198177326951716,0.0008982056728495638,0.30131691972830893,0.0002103172797246763,0.2362491266763312,0.00014933616807671023,0.5088190621954589,0.0003814328295467515,-0.053497806046173435,-2.6249228236620398e-05,76.26941232249865,0.0004484913480007364,18640,0.11044898518982062
LAS_1.0Torr_SmallAdmixture_1kHzLaserFreq_CapCoupling_3%_N2_Trial,0,60.0,1.0,2.09,6,1.1952906395533742,0.0008788877490785351,0.2973674129797077,0.00020362841633503627,0.23371557007088706,0.00014486027422396614,0.5075931989264447,0.0003732292626492331,-0.05555829099386481,0.00014228165635151737,62.85904784150284,0.0004793991354823196,18653,0.1105567684062401
LAS_1.0Torr_SmallAdmixture_1kHzLaserFreq_CapCoupling_3%_N2_Trial,0,60.0,1.0,2.09,8,1.1930492981539897,0.0008774435245554814,0.29843836390500295,0.00020438561822016326,0.23499793753728437,0.00014570377909273437,0.5066413888702521,0.00037261595696326305,-0.05548325027551593,0.0002005588791892512,65.82883103099277,0.00047236374560008883,18764,0.11046682607188789
LAS_1.0Torr_SmallAdmixture_1kHzLaserFreq_CapCoupling_3%_N2_Trial,0,60.0,1.0,1.96,0,1.155784771204574,0.0009289309315639362,0.2731524916231947,0.00020459504185895653,0.22202198869005818,0.00015037778397480187,0.49081660131247246,0.00039448064556955447,-0.05957106442132231,0.00017851073396749157,69.81100386108773,0.0004683840782739953,16662,0.112913235709349
LAS_1.0Torr_SmallAdmixture_1kHzLaserFreq_CapCoupling_3%_N2_Trial,0,60.0,1.0,1.96,2,1.1836139481141126,0.0008595660847610099,0.27679003579618544,0.00018726470148444714,0.2196889267939569,0.00013475033509919318,0.502634564629144,0.00036502410728787247,-0.0593056805328736,0.0002616799287609619,61.059778166846016,0.0004534141113730863,19113,0.11279566122007088
LAS_1.0Torr_SmallAdmixture_1kHzLaserFreq_CapCoupling_3%_N2_Trial,0,60.0,1.0,1.96,4,1.2132844301273544,0.0009375397465714927,0.26645524366532064,0.00019246716318129005,0.20631435036047263,0.0001341726013333751,0.5152344582285939,0.0003981364726998367,-0.057369863586330706,-6.349611578766798e-05,57.352218652901584,0.0004722851270750463,19128,0.11281742760714643
LAS_1.0Torr_SmallAdmixture_1kHzLaserFreq_CapCoupling_3%_N2_Trial,0,60.0,1.0,1.96,6,1.285467068990393,0.0012494773206497666,0.2584831416599719,0.0002357998677346637,0.18890308826152843,0.00015457933710630165,0.5458876026229419,0.0005306041636966551,-0.060478164177733884,-3.0876737830367076e-05,87.52955192976572,0.0004501835013921019,19105,0.112714057115494
LAS_1.0Torr_SmallAdmixture_1kHzLaserFreq_CapCoupling_3%_N2_Trial,0,60.0,1.0,1.96,8,1.128599280819885,0.0008149022862911174,0.26781974087710375,0.0001798360043926082,0.22293107290379832,0.000135924074812574,0.4792719864948542,0.0003460571384257973,-0.06324468553159693,2.0837604671426737e-05,52.63835055983373,0.0004869827758665531,19139,0.11284239394091472
LAS_1.0Torr_SmallAdmixture_1kHzLaserFreq_CapCoupling_3%_N2_Trial,0,60.0,1.0,2.35,0,1.1858083188812774,0.001103279676372814,0.28159623680328694,0.00025056891441575205,0.2230900206907963,0.0001730849251560996,0.5035664280943779,0.0004685197404790707,-0.0618299892879752,4.440912857905899e-05,83.33151846798535,0.0004929036491940745,17499,0.10569757876054772
LAS_1.0Torr_SmallAdmixture_1kHzLaserFreq_CapCoupling_3%_N2_Trial,0,60.0,1.0,2.35,2,1.2014367791892808,0.001130519991525112,0.2838004248267948,0.00025531150725258264,0.22191155074593025,0.00017404891559264456,0.5102032241166397,0.0004800876372318521,-0.06709027603103472,0.0002082810205368606,85.65592925140993,0.000490223658001898,17413,0.10566559347230574
LAS_1.0Torr_SmallAdmixture_1kHzLaserFreq_CapCoupling_3%_N2_Trial,0,60.0,1.0,2.35,4,1.1756402712937122,0.0010896420590695908,0.28005000283719517,0.00024813258161994836,0.22378394053794387,0.00017306101491912742,0.4992484558531354,0.00046272837763926446,-0.06927261630934281,0.00021246742198804527,85.68526593326393,0.00048466831396167117,17417,0.10572749632524889
LAS_1.0Torr_SmallAdmixture_1kHzLaserFreq_CapCoupling_3%_N2_Trial,0,60.0,1.0,2.35,6,1.1785925367370438,0.0011383395030455958,0.27879501132939366,0.00025757798949385376,0.2222230487590123,0.00017912858939623014,0.5005021675537646,0.0004834082780328272,-0.07018450630623162,0.00042922893016835047,105.16453559374875,0.00045445246833069155,17563,0.10564589858104495
LAS_1.0Torr_SmallAdmixture_1kHzLaserFreq_CapCoupling_3%_N2_Trial,0,60.0,1.0,2.35,8,1.1723090687282784,0.0011208502742564507,0.27913009347850704,0.0002546983973639426,0.22368266391139496,0.0001784711438693217,0.4978338243731363,0.0004759812863924043,-0.06863118620822449,0.0006028509191096952,95.090253541406,0.00047260807775688715,17439,0.10573908431883476
LAS_1.0Torr_SmallAdmixture_1kHzLaserFreq_CapCoupling_3%_N2_Trial,0,60.0,1.0,2.22,0,1.1860210189950382,0.0010254367234633767,0.28717876149918464,0.00023721729070676486,0.22747188277635316,0.00016407189320400163,0.5036567535161484,0.0004354628820266813,-0.049107896758960067,9.65671556812042e-05,79.55132813259783,0.0004775662317892043,17308,0.10829516983592447
LAS_1.0Torr_SmallAdmixture_1kHzLaserFreq_CapCoupling_3%_N2_Trial,0,60.0,1.0,2.22,2,1.1695632970021685,0.0010837192541304503,0.2814905658367994,0.00024911951744947927,0.2261038216804247,0.00017486479118511723,0.49666780248033643,0.0004602131939624316,-0.05466455745263412,0.00031993638028042623,98.62784490948128,0.0004567682751633983,18449,0.10826711563032368
LAS_1.0Torr_SmallAdmixture_1kHzLaserFreq_CapCoupling_3%_N2_Trial,0,60.0,1.0,2.22,4,1.1927653008898704,0.0011231016210833398,0.2881345488177735,0.0002590804774703733,0.22693847334322617,0.00017833903567034451,0.5065207863364327,0.00047693734536244733,-0.057456954249722816,0.00039791988926302633,96.87744891966943,0.0004708809681834294,18497,0.10831020925192905
LAS_1.0Torr_SmallAdmixture_1kHzLaserFreq_CapCoupling_3%_N2_Trial,0,60.0,1.0,2.22,6,1.2048634715991604,0.001166770522526897,0.28887018819887633,0.00026742898118628636,0.22523333962380343,0.0001819413410674688,0.5116584063999358,0.0004954818203577685,-0.0583479071035013,0.0007163239346645189,93.7947822018607,0.0004885351170553173,18470,0.10835684886177639
LAS_1.0Torr_SmallAdmixture_1kHzLaserFreq_CapCoupling_3%_N2_Trial,0,60.0,1.0,2.22,8,1.194706740931982,0.0011929808962118668,0.2864529885540777,0.00027317096453771846,0.2252474241776677,0.0001876180823575423,0.5073452400122915,0.0005066123412399386,-0.0545482261808163,0.0006210682539839643,106.37521941856185,0.000472097852739262,18483,0.10825725690616962
LAS_1.0Torr_SmallAdmixture_1kHzLaserFreq_CapCoupling_3%_N2_Trial,0,60.0,1.0,2.48,0,1.1996926331970874,0.0013394040527429955,0.2715414236179492,0.00029028427504158003,0.21263457739009706,0.00019750848033146812,0.5094625535096122,0.0005687925306943749,-0.06888060400929577,0.0005390109962116449,108.42406541668501,0.0004899327859380357,17183,0.1037759340794126
LAS_1.0Torr_SmallAdmixture_1kHzLaserFreq_CapCoupling_3%_N2_Trial,0,60.0,1.0,2.48,2,1.18758642244658,0.0012594634389485211,0.2663567388077917,0.00027074129922411506,0.21070083417879537,0.00018631900268854608,0.5043215191549686,0.0005348448776823488,-0.06696552636000654,0.0005029817036825324,103.77590896965269,0.00047731627116356614,17036,0.1037456678397855
LAS_1.0Torr_SmallAdmixture_1kHzLaserFreq_CapCoupling_3%_N2_Trial,0,60.0,1.0,2.48,4,1.1863061973341829,0.0013211207432093568,0.2570447714336056,0.00027478541171831433,0.20355405806881752,0.0001885240106045652,0.5037778576063511,0.0005610283240102083,-0.0655265039546366,0.00018650002950208928,106.22484606677692,0.00048022871701828255,16927,0.10377132248198426
LAS_1.0Torr_SmallAdmixture_1kHzLaserFreq_CapCoupling_3%_N2_Trial,0,60.0,1.0,2.48,6,1.191149824530998,0.0011839072012300716,0.2700539669144335,0.00025752788966553906,0.2129864426416989,0.00017564377544605943,0.5058347566917126,0.0005027590977613372,-0.06775258879902576,0.00014359555193013202,95.19141640473795,0.0004704519592028357,17089,0.10376888511814983
LAS_1.0Torr_SmallAdmixture_1kHzLaserFreq_CapCoupling_3%_N2_Trial,0,60.0,1.0,2.48,8,1.1457064757046782,0.0012037156591884418,0.25978860673145393,0.0002607161430797604,0.21301712691713862,0.00018767700950888654,0.48653674327356944,0.0005111709753484035,-0.07303987464237156,0.00019926433096397418,101.29361777996824,0.00048073607464594204,17277,0.1037815349002849
LAS_1.0Torr_SmallAdmixture_1kHzLaserFreq_CapCoupling_3%_N2_Trial,0,60.0,1.0,2.74,0,1.183266411527859,0.0012746238940160395,0.2535977730785541,0.00026211822173891416,0.2013402894768127,0.00018016921306000756,0.5024869794295926,0.0005412829301779139,-0.06540939002919303,0.0003362203542053283,99.93240611086871,0.00046701329555694487,17044,0.10096711155336534
LAS_1.0Torr_SmallAdmixture_1kHzLaserFreq_CapCoupling_3%_N2_Trial,0,60.0,1.0,2.74,2,1.1811364192777578,0.0013654450963921122,0.2559491586773463,0.0002831928855120076,0.20357358996714447,0.0001970263106127862,0.5015824550033648,0.0005798511437310982,-0.06586466663010115,0.00043197336297258135,105.62769956405728,0.0004935079323725624,17138,0.1009664241622575
LAS_1.0Torr_SmallAdmixture_1kHzLaserFreq_CapCoupling_3%_N2_Trial,0,60.0,1.0,2.74,4,1.143358971004985,0.0012745833859736867,0.25010023750687016,0.00026623248129698543,0.20549406834064735,0.0001916117888301073,0.4855398498147054,0.0005412657279961853,-0.06503521776125622,0.00021960574202673028,99.0388459350506,0.0004944797154276666,17200,0.10093038548752833
LAS_1.0Torr_SmallAdmixture_1kHzLaserFreq_CapCoupling_3%_N2_Trial,0,60.0,1.0,2.74,6,1.1394397898835271,0.0012796534099051061,0.24514867507411023,0.0002631200627129263,0.2021184499902259,0.00018962956583934906,0.4838755268318397,0.0005434187689226536,-0.06722223753682745,0.00041329422244393147,103.49258676882762,0.00047919212225710486,17077,0.10093980116738054
LAS_1.0Torr_SmallAdmixture_1kHzLaserFreq_CapCoupling_3%_N2_Trial,0,60.0,1.0,2.74,8,1.1939290977031676,0.0012437402075633416,0.2593719648962555,0.00025873985249801263,0.2040855636585708,0.00017689264426423555,0.5070150053387522,0.0005281678360891459,-0.06600659439997525,0.0002621124293819451,89.57268667890666,0.0004840734372856257,17129,0.10093528859074492
LAS_1.0Torr_SmallAdmixture_1kHzLaserFreq_CapCoupling_3%_N2_Trial,0,60.0,1.0,2.61,0,1.0711909543892213,0.0012724714445664473,0.2408598966287138,0.0002713173728204943,0.21123476156104765,0.00020951688406850973,0.4548929149170474,0.0005403688690571357,-0.07266962321186908,0.0001958759617235466,116.53724085569527,0.00048485006135041254,17239,0.10227182725584537
LAS_1.0Torr_SmallAdmixture_1kHzLaserFreq_CapCoupling_3%_N2_Trial,0,60.0,1.0,2.61,2,1.13861244070471,0.001274722584240497,0.24417875711409393,0.00026079458885684264,0.2014650630003244,0.00018782493766462662,0.4835241839848298,0.0005413248400574674,-0.07659773164259728,0.00023669039260318413,101.66600877776172,0.00047767234422119983,17213,0.1022614350019208
LAS_1.0Torr_SmallAdmixture_1kHzLaserFreq_CapCoupling_3%_N2_Trial,0,60.0,1.0,2.61,4,1.1632197387848766,0.0013742901931965666,0.24229452394051942,0.0002737400967065459,0.19568143543737163,0.0001929773939307397,0.4939739413376653,0.0005836073105019387,-0.07994554152224831,0.00019311833331595997,100.1465329356794,0.0005009701564010228,17157,0.10225677654874647
LAS_1.0Torr_SmallAdmixture_1kHzLaserFreq_CapCoupling_3%_N2_Trial,0,60.0,1.0,2.61,6,1.0661298617894797,0.0012605302995997365,0.2343795023173204,0.00026297697645352936,0.20652722499526074,0.00020477761045365598,0.45274366677792893,0.0005352979316868221,-0.08314972790051095,0.000621398392870745,117.70493400759459,0.0004717152962747203,16964,0.10226370759633212
LAS_1.0Torr_SmallAdmixture_1kHzLaserFreq_CapCoupling_3%_N2_Trial,0,60.0,1.0,2.61,8,1.1177320868527107,0.0014111959773776789,0.2525880545128663,0.0003031267287146773,0.21229652199729263,0.0002241274409172361,0.4746571141227144,0.0005992797540328105,-0.08019025104973009,0.0005662412723897336,133.52247561774084,0.000491732080151328,17439,0.10221833817708073
LAS_1.0Torr_SmallAdmixture_1kHzLaserFreq_CapCoupling_3%_N2_Trial,0,60.0,1.0,2.87,0,1.1461092077299189,0.0012679252934415513,0.24813028962280953,0.00026215217708978937,0.20338624144544815,0.00018800490141208432,0.4867077678179249,0.0005384382964282466,-0.07608972734007405,0.00019812268548084902,101.28286104789427,0.0004816043350795497,19034,0.09920847398519943
LAS_1.0Torr_SmallAdmixture_1kHzLaserFreq_CapCoupling_3%_N2_Trial,0,60.0,1.0,2.87,1,1.2074002835051736,0.001310843227383737,0.26190237387444143,0.00027119899179528414,0.20377736924436432,0.00018448299012848202,0.5127356912274393,0.0005566638648884563,-0.0753057286357014,0.00026052499300191224,94.78829059490918,0.0004857516651131763,19029,0.09920711874999999
LAS_1.0Torr_SmallAdmixture_1kHzLaserFreq_CapCoupling_3%_N2_Trial,0,60.0,1.0,2.87,2,1.193180106152904,0.0012834757923389,0.25676411651656844,0.00026434305252136616,0.2021604128699194,0.00018101165680362027,0.506696937912817,0.0005450419852876832,-0.07388820906037294,0.00016727271993810823,90.38342055046402,0.000493163829488372,18958,0.09913813749999999
LAS_1.0Torr_SmallAdmixture_1kHzLaserFreq_CapCoupling_3%_N2_Trial,0,60.0,1.0,2.87,3,1.1880006925043907,0.0013611133923189704,0.2562238680834163,0.0002802065102112326,0.20261457328173524,0.00019381881810728044,0.5044974434506212,0.0005780116383802404,-0.07382077535839382,0.00035843370222259064,105.80980191602144,0.00048366117207733245,19018,0.09918476666666666
LAS_1.0Torr_SmallAdmixture_1kHzLaserFreq_CapCoupling_3%_N2_Trial,0,60.0,1.0,2.87,4,1.1097205435420026,0.001316081954718289,0.2381727948166534,0.00026954940490866373,0.20162589899317165,0.0001998938755898668,0.4712549249288463,0.0005588885475539562,-0.07050443083445584,0.0002972267408129415,114.44604704540508,0.0004809170306305227,19041,0.09917571822916665
LAS_1.0Torr_SmallAdmixture_1kHzLaserFreq_CapCoupling_3%_N2_Trial,0,65.0,1.0,0.0,0,1.0821630379229967,0.0007411050633144249,0.3319665568611552,0.00021291424445961393,0.2881837097259349,0.0001662160634177536,0.45955232978695576,0.0003147183432883869,0.0007642491789015976,-0.000799680552323231,70.23692362898477,0.0005088910763318042,18606,0.14867354979618072
LAS_1.0Torr_SmallAdmixture_1kHzLaserFreq_CapCoupling_3%_N2_Trial,0,65.0,1.0,0.0,3,1.084476392979805,0.0008455139039974075,0.3218555492201485,0.00023576958914282652,0.278810219614793,0.00018281411169377283,0.46053472122773254,0.0003590566955558147,-0.00038329314347416104,-0.0007885845581697303,86.60832632366433,0.000506665145075195,18426,0.148679606217487
LAS_1.0Torr_SmallAdmixture_1kHzLaserFreq_CapCoupling_3%_N2_Trial,0,65.0,1.0,0.0,6,1.0935861898753345,0.0007451133520511004,0.3343252928384489,0.0002135145275201943,0.28719971613798484,0.00016481913673984256,0.4644032957775173,0.0003164205067913406,-0.0026982120624130675,-0.0008924005807324307,71.93590320234078,0.0004999235002876144,18534,0.14862895158063225
LAS_1.0Torr_SmallAdmixture_1kHzLaserFreq_CapCoupling_3%_N2_Trial,0,65.0,1.0,0.0,9,1.1269323304053696,0.0008717976760244758,0.3206726827164942,0.00023330350212661058,0.26732028558994,0.00017383008655146663,0.47856409783133064,0.0003702183858440095,-0.005533693041105241,-0.000653894262428728,91.34279933221946,0.00047286959047069925,18415,0.14868695655345468
LAS_1.0Torr_SmallAdmixture_1kHzLaserFreq_CapCoupling_3%_N2_Trial,0,65.0,1.0,0.0,12,1.0925299914430768,0.0005743742360713165,0.326851512003601,0.0001613660999561913,0.281050861194164,0.00012402259054413803,0.46395476960054405,0.0002439142801095731,-0.00459789748569173,-0.0005884785872809082,43.220539273341934,0.0004933051374732735,18633,0.14868949871615314
LAS_1.0Torr_SmallAdmixture_1kHzLaserFreq_CapCoupling_3%_N2_Trial,0,60.0,1.0,3.0,0,1.2010346574606874,0.001406917203054472,0.2658250366357752,0.0002981585797486565,0.20792568097521524,0.00020333078914995767,0.5100324587414077,0.0005974627258772044,-0.07466507940840968,-1.2640105466242957e-05,117.48169460138367,0.00048459704778139014,18640,0.09712957167714036
LAS_1.0Torr_SmallAdmixture_1kHzLaserFreq_CapCoupling_3%_N2_Trial,0,60.0,1.0,3.0,2,1.170754013002369,0.0013728735949337311,0.260804142173944,0.00029239682412554526,0.20927464768552634,0.00020509176114599082,0.4971734530087975,0.0005830057366085006,-0.07870780932544102,0.00010535993987712233,116.3986979904814,0.0004890392261469853,18698,0.09713006065691482
LAS_1.0Torr_SmallAdmixture_1kHzLaserFreq_CapCoupling_3%_N2_Trial,0,60.0,1.0,3.0,4,1.1822549586071713,0.0012566480428485838,0.262974007890141,0.0002675393472184342,0.208963036731184,0.00018534449605813822,0.5020574549218401,0.0005336492890402874,-0.08142256982055997,-4.5556628221613296e-05,97.98921904786222,0.0004831362501373674,18663,0.0970998088704158
LAS_1.0Torr_SmallAdmixture_1kHzLaserFreq_CapCoupling_3%_N2_Trial,0,60.0,1.0,3.0,6,1.213451859137258,0.0012208746088796765,0.27148950698888574,0.00026169208434853987,0.21018333914168036,0.00017616531399422455,0.5153055587826498,0.000518457710369809,-0.08582899573574121,0.00018764567887923517,93.39089830221698,0.0004714947895642421,18661,0.09710609569833241
LAS_1.0Torr_SmallAdmixture_1kHzLaserFreq_CapCoupling_3%_N2_Trial,0,60.0,1.0,3.0,8,1.2174223478361466,0.0012810976846613002,0.2713667350661441,0.0002736637706732773,0.20940311106763018,0.00018351503462309406,0.5169916700875314,0.0005440320959406742,-0.08636528046821283,0.00023578393904482697,97.79344209441453,0.000479984864598317,18699,0.09708584347405144
LAS_1.0Torr_SmallAdmixture_1kHzLaserFreq_CapCoupling_3%_N2_Trial,0,65.0,1.0,0.39,0,1.1469895792476876,0.0009193594438460079,0.36389418161010995,0.0002703598836125949,0.2980460902972302,0.00020175292210589132,0.4870816271791218,0.0003904160089795417,0.009722282950889234,-0.0009616074711195503,114.55956097915521,0.0004964417395643788,18258,0.14627878234100933
LAS_1.0Torr_SmallAdmixture_1kHzLaserFreq_CapCoupling_3%_N2_Trial,0,65.0,1.0,0.39,3,1.1281959996440538,0.0009207262733095321,0.3633485425760187,0.00027450134076390756,0.30255661796779393,0.00020866772967535478,0.4791007287477146,0.0003909964480098652,0.0054971489426163065,-0.0008940788250880608,115.23964828970438,0.0005093940277634162,18280,0.14627418863396494
LAS_1.0Torr_SmallAdmixture_1kHzLaserFreq_CapCoupling_3%_N2_Trial,0,65.0,1.0,0.39,6,1.1379112959323132,0.0009089691533564255,0.3715215217121287,0.0002748920678055979,0.3067208916751597,0.00020701822899041024,0.4832264352146526,0.0003860036588674779,0.0023483233328746226,-0.0009553129029934621,117.96179518851676,0.0004975638472568022,18208,0.1462963187498953
LAS_1.0Torr_SmallAdmixture_1kHzLaserFreq_CapCoupling_3%_N2_Trial,0,65.0,1.0,0.39,9,1.1089632725299663,0.0009090652828023492,0.36394285112574654,0.00027668456994917224,0.308307308396027,0.0002132051280655414,0.47093334153922206,0.0003860444812845142,-0.002682137671803477,-0.0005987554893343232,131.0099624549403,0.0004854474740722451,18047,0.14634316417047796
LAS_1.0Torr_SmallAdmixture_1kHzLaserFreq_CapCoupling_3%_N2_Trial,0,65.0,1.0,0.39,12,1.134761643305362,0.0009597578204155355,0.36237234678808267,0.00028277718022813586,0.29999788356522267,0.000214638640671347,0.4818889008949505,0.00040757161993791396,-0.0033503967836176485,-0.0005121645672421558,130.27298339091504,0.000494842946161825,18964,0.14631125818800153
LAS_1.0Torr_SmallAdmixture_1kHzLaserFreq_CapCoupling_3%_N2_Trial,0,65.0,1.0,0.26,0,1.1246350849494677,0.0009146900815303262,0.35159256675791134,0.0002682112179286411,0.29369452238004723,0.0002010902022299018,0.4775885475081756,0.0003884331133754658,0.014414307392276936,-0.0006300371386343707,117.0062251662379,0.0004859099091427902,17122,0.14712807856095833
LAS_1.0Torr_SmallAdmixture_1kHzLaserFreq_CapCoupling_3%_N2_Trial,0,65.0,1.0,0.26,2,1.115732345738912,0.000945247687602649,0.3396677938056041,0.00026892731039170666,0.2859974339664089,0.000204268168524105,0.4738079022612736,0.00040140973387638444,0.013494262610020187,-0.00043562192959388285,117.36435058556208,0.0004946777087150872,17233,0.14715696201870876
LAS_1.0Torr_SmallAdmixture_1kHzLaserFreq_CapCoupling_3%_N2_Trial,0,65.0,1.0,0.26,4,1.1064931507476186,0.0010651471866012408,0.3366673233322627,0.0003033718729793654,0.28583804051987005,0.00023153132411636161,0.46988437739966493,0.00045232636304794215,0.015178762966209217,-0.0006477076218210522,164.65573136453867,0.0004700011384979795,17150,0.14716605121941034
LAS_1.0Torr_SmallAdmixture_1kHzLaserFreq_CapCoupling_3%_N2_Trial,0,65.0,1.0,0.26,6,1.2092003543709566,0.0013806411013666082,0.3291049487128282,0.0003550904022541547,0.25568422661123363,0.00024483090914553975,0.5135001109416257,0.0005863042928821605,0.013420381764092309,-0.00044650479193864044,185.5762620450546,0.0004855502055644587,16927,0.1471461517467249
LAS_1.0Torr_SmallAdmixture_1kHzLaserFreq_CapCoupling_3%_N2_Trial,0,65.0,1.0,0.26,8,1.1145197636883013,0.0009086127410664236,0.3440945086640168,0.00026313244668182647,0.29003990720188133,0.00019891943608930384,0.4732929660761628,0.00038585230450358327,0.015155993719741204,-0.0005772680884450537,115.2298482286398,0.00048592531858195726,17174,0.1471982925931503
LAS_1.0Torr_SmallAdmixture_1kHzLaserFreq_CapCoupling_3%_N2_Trial,0,65.0,1.0,0.13,0,1.123882659674319,0.0007613836919635635,0.3549808759958217,0.00022511127869908462,0.29672338590273317,0.0001692686341780407,0.47726902191353987,0.00032332988398421614,0.0020295518098728494,-0.0007143748543883369,87.07689402523289,0.00047796799837151424,17306,0.14789006690766107
LAS_1.0Torr_SmallAdmixture_1kHzLaserFreq_CapCoupling_3%_N2_Trial,0,65.0,1.0,0.13,2,1.1120881856827376,0.0007448983173416499,0.36318316671928247,0.00022740283377000007,0.3067992360721116,0.00017258711149262433,0.4722603699715498,0.00031632918995806313,-0.001139856680157285,-0.00047549531801562326,85.76825751152647,0.000491368971816276,17514,0.1478799268230345
LAS_1.0Torr_SmallAdmixture_1kHzLaserFreq_CapCoupling_3%_N2_Trial,0,65.0,1.0,0.13,4,1.1041856428916743,0.0007481115790211644,0.3607995878358019,0.00022857045985483676,0.3069670260018713,0.00017469677697347466,0.4689044690364703,0.000317693736555284,0.0005213885617810975,-0.0006259994523353695,79.60083012696033,0.0005141064174932749,17371,0.1479292257423672
LAS_1.0Torr_SmallAdmixture_1kHzLaserFreq_CapCoupling_3%_N2_Trial,0,65.0,1.0,0.13,6,1.1546823133375435,0.0008304300770274967,0.35633786459728506,0.00024091362303260957,0.2899127058137074,0.00017482934779195308,0.49034843056228844,0.00035265118401715595,-0.0014564628524325748,-0.0005081975117474662,85.11803890672627,0.0005023497025441852,17311,0.14788406838143037
LAS_1.0Torr_SmallAdmixture_1kHzLaserFreq_CapCoupling_3%_N2_Trial,0,65.0,1.0,0.13,8,1.1181004581220715,0.0007294495018895819,0.35679513422027,0.00021818291312824593,0.2997822311137739,0.00016424306237386636,0.4748135469975483,0.00030976868208202924,0.0005935778378201803,-0.0005759243395547691,72.80145058233263,0.0005077466609098105,17231,0.14789935330405687
LAS_1.0Torr_SmallAdmixture_1kHzLaserFreq_CapCoupling_3%_N2_Trial,0,65.0,1.0,0.52,0,1.137235636196934,0.0008927392215370776,0.38041918078779485,0.00027577613053423016,0.3142532194643165,0.00020865963463947602,0.48293950894323534,0.0003791114414117977,-0.0083953155474397,-0.000571421941170678,131.6519470722478,0.0004765321209480216,18629,0.14480320961600027
LAS_1.0Torr_SmallAdmixture_1kHzLaserFreq_CapCoupling_3%_N2_Trial,0,65.0,1.0,0.52,2,1.124247423052274,0.0008982571351503377,0.3744604066777151,0.00027616984991557633,0.31290448900919615,0.00021136858246273454,0.4774239226579618,0.00038145468357372164,-0.007604951267771809,-0.0005639272360924288,136.02432304200917,0.0004735941343756996,18599,0.14478102522151476
LAS_1.0Torr_SmallAdmixture_1kHzLaserFreq_CapCoupling_3%_N2_Trial,0,65.0,1.0,0.52,4,1.1296425352927153,0.000935046238105297,0.37724424076664614,0.0002885010245761978,0.31372517577793047,0.00021904861855995446,0.47971501587836557,0.0003970775771500653,-0.006649942368389922,-0.000661945750674203,135.34465144447014,0.0004947838133531397,18667,0.14478517684488015
LAS_1.0Torr_SmallAdmixture_1kHzLaserFreq_CapCoupling_3%_N2_Trial,0,65.0,1.0,0.52,6,1.1215253140287267,0.0008989756887003681,0.3733579561711183,0.0002764352296460802,0.31274049541183613,0.00021191130714638605,0.47626794938973205,0.0003817598251710792,-0.007928095757122196,-0.0005058632963009243,148.4328275219542,0.0004560433451067099,18679,0.1447835224114407
LAS_1.0Torr_SmallAdmixture_1kHzLaserFreq_CapCoupling_3%_N2_Trial,0,65.0,1.0,0.52,8,1.1376336565774465,0.0009492189331026338,0.37995468431627816,0.0002932446488717389,0.3137596998818836,0.0002208526100161832,0.48310853263629944,0.00040309616656510083,-0.006570253654078872,-0.0007070639413861247,140.58643542230058,0.0004879828476965596,18520,0.14480355247864976
LAS_1.0Torr_SmallAdmixture_1kHzLaserFreq_CapCoupling_3%_N2_Trial,0,65.0,1.0,0.91,0,1.138559675119233,0.0007919018625178103,0.3732880912064473,0.0002406866372669769,0.30800383698574946,0.00018091973702690764,0.4835017765038046,0.00033628975776253103,-0.012154776143209563,-0.0003109252829292985,84.81837284355156,0.0005122005358621204,16663,0.1345737790820643
LAS_1.0Torr_SmallAdmixture_1kHzLaserFreq_CapCoupling_3%_N2_Trial,0,65.0,1.0,0.91,2,1.1581176074444421,0.0008058387400743336,0.37659469832726733,0.00024084260392333087,0.30548460389093623,0.00018011633039141393,0.4918072656499835,0.00034220820473088105,-0.00968265417585663,-0.0003566991242251207,78.64151982610723,0.0005281368665569936,18639,0.13452891791044777
LAS_1.0Torr_SmallAdmixture_1kHzLaserFreq_CapCoupling_3%_N2_Trial,0,65.0,1.0,0.91,4,1.1279221873323526,0.0008055215130681146,0.3725277166037495,0.00024461363116816897,0.3102753259549992,0.000187757823877074,0.47898445136495704,0.0003420734908248701,-0.008082220590482166,-0.0005787656555588473,95.51862611437144,0.0005003991724151017,18555,0.13455676274455425
LAS_1.0Torr_SmallAdmixture_1kHzLaserFreq_CapCoupling_3%_N2_Trial,0,65.0,1.0,0.91,6,1.1347666592485766,0.0007815367082250394,0.37156161717824904,0.00023536793899197133,0.3076040626205187,0.00017949248029642002,0.48189103096991104,0.00033188808201043134,-0.010301059224131583,-0.000469874473836113,94.49036025664158,0.0004836391185649813,18698,0.1345137981965174
LAS_1.0Torr_SmallAdmixture_1kHzLaserFreq_CapCoupling_3%_N2_Trial,0,65.0,1.0,0.91,8,1.1506843733526486,0.000833897166873214,0.3823712123069393,0.0002546823349836567,0.3121740239646324,0.00019161642235356738,0.4886506617695813,0.0003541235215119184,-0.01071285295587223,-0.0006437796927200682,99.94126100399245,0.0004981105632273818,18666,0.13450968920179507
LAS_1.0Torr_SmallAdmixture_1kHzLaserFreq_CapCoupling_3%_N2_Trial,0,65.0,1.0,0.65,0,1.1267717496484038,0.0008000955659528724,0.37779377854504187,0.00024822126679322024,0.31498265672418535,0.00018904182504871046,0.4784959054625317,0.00033976930323877753,-0.01999208815526416,-0.00046331857617981176,102.7588449915655,0.0004856923875882647,16960,0.14330501792569292
LAS_1.0Torr_SmallAdmixture_1kHzLaserFreq_CapCoupling_3%_N2_Trial,0,65.0,1.0,0.65,3,1.0391186633266758,0.000973380395038011,0.3628074887979843,0.0003129042803679477,0.3280038093792583,0.00026053374308072414,0.4412730669247461,0.00041335659473937334,-0.021302510163875576,-0.00031217022075804706,194.64678152079813,0.00047434172299319486,17351,0.14333377923169568
LAS_1.0Torr_SmallAdmixture_1kHzLaserFreq_CapCoupling_3%_N2_Trial,0,65.0,1.0,0.65,6,1.0927657646514723,0.0009234274824068594,0.36724712587853314,0.00028585227532050057,0.31571783423836847,0.00022544926924233268,0.4640548932634511,0.0003921435458966134,-0.02017081698148608,-0.0003114586170936245,142.33555752588322,0.0004811625182259857,17400,0.14338114011977052
LAS_1.0Torr_SmallAdmixture_1kHzLaserFreq_CapCoupling_3%_N2_Trial,0,65.0,1.0,0.65,9,1.0969044980326905,0.0009114710571237147,0.3886276826248136,0.00029747818782600133,0.33283784800518346,0.000233976512689122,0.46581245150657524,0.0003870661195733686,-0.02030277922177268,-0.00014395383369641805,152.56057380136818,0.00048211837368123344,17280,0.14337983640287047
LAS_1.0Torr_SmallAdmixture_1kHzLaserFreq_CapCoupling_3%_N2_Trial,0,65.0,1.0,0.65,12,1.13013003096156,0.0008313947309851837,0.37271781420234934,0.0002535612212070613,0.309827187584087,0.0001926528519242218,0.47992203622791346,0.00035306083483515477,-0.017947562135094484,-0.0002711319137113038,119.78835010624881,0.0004618730189849036,17348,0.14332864904819256
LAS_1.0Torr_SmallAdmixture_1kHzLaserFreq_CapCoupling_3%_N2_Trial,0,65.0,1.0,0.78,0,1.1769431314928982,0.0009863272362158183,0.34745372785262735,0.00026904854926415307,0.2773379408348169,0.0001964106102448267,0.49980172963808356,0.00041885461196796255,-0.010364836042540116,-0.0004923206889408123,66.74536027026107,0.0006236164556177868,17172,0.13869706021331174
LAS_1.0Torr_SmallAdmixture_1kHzLaserFreq_CapCoupling_3%_N2_Trial,0,65.0,1.0,0.78,2,1.2130714510214984,0.001146291213198199,0.3576778569209024,0.00031357049999614653,0.2769959776680466,0.00022097781426493312,0.5151440143297893,0.0004867850584239159,-0.011391372844661319,-0.0006026986216397596,73.85211145682237,0.0006860605257897471,17151,0.13906024271662412
LAS_1.0Torr_SmallAdmixture_1kHzLaserFreq_CapCoupling_3%_N2_Trial,0,65.0,1.0,0.78,4,1.0396288763711372,0.0010711833969533843,0.3434979576235672,0.0003249417159540646,0.3103942126686113,0.0002722449514333683,0.4414897344554723,0.00045488970556954207,-0.013992938293595698,-0.0007387147500533085,68.28904698605022,0.000822801861408145,17279,0.13892214432013483
LAS_1.0Torr_SmallAdmixture_1kHzLaserFreq_CapCoupling_3%_N2_Trial,0,65.0,1.0,0.78,6,1.1236858478454077,0.001174167133110091,0.3576661651815802,0.000346358690966201,0.29902034411609846,0.00026450774090306615,0.4771854436251154,0.0004986228716660423,-0.02092009041570591,-0.0004933217981613964,103.96666213531275,0.0006812330538646637,16949,0.13875527064457457
LAS_1.0Torr_SmallAdmixture_1kHzLaserFreq_CapCoupling_3%_N2_Trial,0,65.0,1.0,0.78,8,1.0448953546248958,0.0009166847333391897,0.33007941865569423,0.0002664406748251496,0.296765517660844,0.00022094886318783826,0.4437262018513023,0.00038928016400809165,-0.021290022142897005,-0.0004260982084748896,55.87705040527388,0.0007484771903086804,17239,0.13885942844688057
LAS_1.0Torr_SmallAdmixture_1kHzLaserFreq_CapCoupling_3%_N2_Trial,0,65.0,1.0,1.17,0,1.131861714345454,0.0007858118992395376,0.3773293781550079,0.00024156120016474285,0.3131807355038628,0.00018344957254041444,0.4806574144524823,0.00033370358847493575,-0.03341850835339343,-0.0003668018148761698,90.04441825964106,0.0005091901078966784,18710,0.13126938880573033
LAS_1.0Torr_SmallAdmixture_1kHzLaserFreq_CapCoupling_3%_N2_Trial,0,65.0,1.0,1.17,2,1.1072103997202591,0.000732900978434715,0.36773288352857725,0.00022410251104336762,0.31201114031962196,0.00017455931512042527,0.4701889649940138,0.0003112343892185114,-0.03580651620315232,-0.0004871415579828026,83.66229943218785,0.0004989711683539277,18711,0.13130662326214826
LAS_1.0Torr_SmallAdmixture_1kHzLaserFreq_CapCoupling_3%_N2_Trial,0,65.0,1.0,1.17,4,1.1375030688484098,0.0007203857288408328,0.37593925376780407,0.00021932424260855636,0.3104794696277599,0.00016602656994267178,0.4830530771337389,0.0003059196520604464,-0.03789403543445591,-0.0004495361979098009,70.55729160768405,0.0005190297754903473,18678,0.1312726072162623
LAS_1.0Torr_SmallAdmixture_1kHzLaserFreq_CapCoupling_3%_N2_Trial,0,65.0,1.0,1.17,6,1.1403217926410723,0.0006299678925039767,0.3777729954679606,0.000192078022389969,0.31122270671217733,0.00014557647944537478,0.4842500789167883,0.00026752273229256336,-0.03965752239751481,-0.0002299936263132287,58.75667945486213,0.0004983049289853071,18642,0.13135311497393223
LAS_1.0Torr_SmallAdmixture_1kHzLaserFreq_CapCoupling_3%_N2_Trial,0,65.0,1.0,1.17,8,1.1624631827039014,0.0006631018742605808,0.3877349989527263,0.000203422380150817,0.31334559037431686,0.00015146001599459683,0.493652661551309,0.0002815934388106781,-0.038186775839217334,-0.00020525721132015688,61.624666836510144,0.0005044340907561957,18637,0.13134230875275718
LAS_1.0Torr_SmallAdmixture_1kHzLaserFreq_CapCoupling_3%_N2_Trial,0,65.0,1.0,1.04,0,1.136251697804741,0.0007496182352816784,0.37779703206680965,0.00022923785270748093,0.3123573908768224,0.00017442628290592553,0.4825216687799204,0.0003183335545590815,-0.01941477445632383,-0.0005674042391674112,81.17355501132336,0.000506509183604875,18840,0.1328992751837058
LAS_1.0Torr_SmallAdmixture_1kHzLaserFreq_CapCoupling_3%_N2_Trial,0,65.0,1.0,1.04,2,1.14000464844189,0.000679647372240553,0.38141379024925287,0.0002088814415451367,0.31430953694794717,0.00015885182849727383,0.4841154001756881,0.00028861966487618394,-0.023106893666652948,-0.0004496461934317801,66.07222834533033,0.0005108677906776822,19088,0.132924127599577
LAS_1.0Torr_SmallAdmixture_1kHzLaserFreq_CapCoupling_3%_N2_Trial,0,65.0,1.0,1.04,4,1.1360736064948644,0.0007513576713886863,0.3780008148495256,0.00022981398901095946,0.31257486734869794,0.00017507276679444496,0.48244604036396044,0.00031907222506202647,-0.025821434342559173,-0.0005222930427290632,81.51463139351598,0.0005077063293930212,19083,0.13289635740945302
LAS_1.0Torr_SmallAdmixture_1kHzLaserFreq_CapCoupling_3%_N2_Trial,0,65.0,1.0,1.04,6,1.1489318252886276,0.0008023130153956468,0.3829598448413285,0.00024604308178906455,0.31313150751882085,0.00018480672335218558,0.48790642313116844,0.00034071096731516995,-0.02979277552037871,-0.00016557843596549715,86.64782029651217,0.0005196326241425914,19083,0.13290554286335945
LAS_1.0Torr_SmallAdmixture_1kHzLaserFreq_CapCoupling_3%_N2_Trial,0,65.0,1.0,1.04,8,1.1573868149974817,0.0007420317635162786,0.3866335324772649,0.00022769162564730808,0.313825895455069,0.0001705296074873476,0.49149692667163886,0.0003151118766302697,-0.02853548674102618,-8.723494175864959e-05,73.303105939898,0.0005196727788934327,19090,0.1329029653712258
LAS_1.0Torr_SmallAdmixture_1kHzLaserFreq_CapCoupling_3%_N2_Trial,0,65.0,1.0,1.43,0,1.157785897702982,0.0004942163423632556,0.3601642290618999,0.0001430900438895516,0.2922403044519287,0.00010517128810800807,0.4916664014925885,0.00020987435681386012,-0.02855137015259105,-0.00038090897251809254,29.543552004500867,0.0005037740677232268,17140,0.1291194195488025
LAS_1.0Torr_SmallAdmixture_1kHzLaserFreq_CapCoupling_3%_N2_Trial,0,65.0,1.0,1.43,2,1.1029038803102436,0.000542858906907165,0.3448454649289276,0.0001577289749574348,0.29373428721061223,0.00012204743118746722,0.468360154584869,0.00023053095205838978,-0.03340094594285713,-0.0001578774240726573,38.87168958999314,0.0005079310989300416,17329,0.12914362158606865
LAS_1.0Torr_SmallAdmixture_1kHzLaserFreq_CapCoupling_3%_N2_Trial,0,65.0,1.0,1.43,4,1.188225534788269,0.0004626877162227059,0.36725631200569475,0.00013314018370206988,0.2903609291626428,9.533298501577163e-05,0.5045929251772835,0.00019648538205671034,-0.03516990131729794,-0.00029174425194424523,22.68379768275286,0.0005242896292110593,17375,0.12914071295832288
LAS_1.0Torr_SmallAdmixture_1kHzLaserFreq_CapCoupling_3%_N2_Trial,0,65.0,1.0,1.43,6,1.137593605174881,0.0005514977751042915,0.3578501855347149,0.00016137235380751875,0.29551660887652204,0.0001208323300070898,0.48309152437163394,0.00023419954160320696,-0.038084039517694034,8.090535030029258e-05,36.899379983094875,0.0005192371687942255,17296,0.12915698446504634
LAS_1.0Torr_SmallAdmixture_1kHzLaserFreq_CapCoupling_3%_N2_Trial,0,65.0,1.0,1.43,8,1.1549929434816213,0.0004742950318552148,0.35475477784269455,0.00013556410003431855,0.28854709890921815,9.997505662841282e-05,0.4904803430388844,0.0002014145551614672,-0.03469505041452976,5.032434774798297e-05,26.13892922569753,0.0005117764092659635,17327,0.1291478957863526
LAS_1.0Torr_SmallAdmixture_1kHzLaserFreq_CapCoupling_3%_N2_Trial,0,65.0,1.0,1.3,0,1.0485105170854938,0.0006552248047609372,0.33046921544953317,0.00019087500474790768,0.2960915464337724,0.00015666029166184567,0.44526141999598673,0.0002782483553864625,-0.04658295580228293,-0.00012529122716440616,62.32818193034029,0.0004967228017191192,17147,0.13002389041003276
LAS_1.0Torr_SmallAdmixture_1kHzLaserFreq_CapCoupling_3%_N2_Trial,0,65.0,1.0,1.3,2,1.1199807611417882,0.0007939772360806213,0.34575581906868685,0.00022698076621361426,0.2900191833914323,0.0001738285138430648,0.47561203817044473,0.0003371710877678494,-0.04863989210356996,0.00010580371658221958,72.39608225766233,0.0005188502405271226,17222,0.1299512576149353
LAS_1.0Torr_SmallAdmixture_1kHzLaserFreq_CapCoupling_3%_N2_Trial,0,65.0,1.0,1.3,4,1.0308941506395015,0.0008844687917753412,0.3157253767202649,0.00025076979797942236,0.2877154638412814,0.00020867861522652514,0.43778043796376487,0.0003755993132646009,-0.046620183623548965,3.135935073174669e-05,104.90342181990273,0.0005151428994176671,17000,0.12998731297384145
LAS_1.0Torr_SmallAdmixture_1kHzLaserFreq_CapCoupling_3%_N2_Trial,0,65.0,1.0,1.3,6,1.0763193065601688,0.0011234215071368305,0.3282471844198146,0.0003178902092169728,0.28650200715779384,0.00025264677981427975,0.4570707255662175,0.00047707318846186623,-0.04653892672260173,0.00017847949394020866,160.86588857155607,0.0005129066393508247,17100,0.12997809876062147
LAS_1.0Torr_SmallAdmixture_1kHzLaserFreq_CapCoupling_3%_N2_Trial,0,65.0,1.0,1.3,8,1.0946947316333437,0.0006806695272624035,0.34550541781809774,0.0001994872312608642,0.2965033630944107,0.0001556110121496529,0.46487405011832067,0.0002890537341478497,-0.0437933421369706,-2.266805230701833e-05,61.98143164974354,0.0005099842560960609,17115,0.1300388227579734
LAS_1.0Torr_SmallAdmixture_1kHzLaserFreq_CapCoupling_3%_N2_Trial,0,65.0,1.0,1.7,0,1.1537698716601898,0.0004964925784582,0.352534167573651,0.00014124510563884345,0.28704488405256123,0.00010403663577611767,0.48996095225825453,0.00021084098528287952,-0.04359506197115655,-5.09123709838539e-05,26.420867481862608,0.0005303810561163929,16841,0.12953402563225958
LAS_1.0Torr_SmallAdmixture_1kHzLaserFreq_CapCoupling_3%_N2_Trial,0,65.0,1.0,1.7,3,1.1701947294085246,0.0005192057348118063,0.3596781720179771,0.00014852253332837308,0.28875115793678435,0.0001080154930761282,0.4969359471343997,0.00022048637470511352,-0.0454293877761172,8.582532958205118e-05,30.60370412324332,0.0005117347145750259,18842,0.12947700919298596
LAS_1.0Torr_SmallAdmixture_1kHzLaserFreq_CapCoupling_3%_N2_Trial,0,65.0,1.0,1.7,6,1.1532295427224495,0.000526061751354675,0.3538751748586813,0.00015023627655787118,0.2882717784733449,0.00011092129008008498,0.48973149568517993,0.00022339785686161038,-0.044912406999088585,-8.999924441428273e-05,31.78615264995616,0.0005147022917058845,16933,0.12956435298730334
LAS_1.0Torr_SmallAdmixture_1kHzLaserFreq_CapCoupling_3%_N2_Trial,0,65.0,1.0,1.7,9,1.1662186937628911,0.0005256272582419052,0.35449374446503884,0.0001486191258461848,0.28555933839626335,0.00010841664258276816,0.4952474802581204,0.0002232133446252352,-0.04707097299802075,7.620492163180174e-06,32.04768593418463,0.0005033197889871535,18751,0.12963116689190315
LAS_1.0Torr_SmallAdmixture_1kHzLaserFreq_CapCoupling_3%_N2_Trial,0,65.0,1.0,1.7,12,1.2044430441229015,0.00047479446941313955,0.37148304914178787,0.00013634414331053834,0.2897480511608149,9.641844372346074e-05,0.5114798672894223,0.00020162664676438125,-0.04796229241201907,-7.784006291277982e-05,26.539039110013658,0.0004919886736670611,16910,0.12960623863389892
LAS_1.0Torr_SmallAdmixture_1kHzLaserFreq_CapCoupling_3%_N2_Trial,0,65.0,1.0,1.57,0,1.1801123394454198,0.00048161213430684307,0.37138192839684475,0.00014109940321871555,0.29564136947785624,0.00010170223881009015,0.5011475683399449,0.0002045218424750216,-0.037022224169679846,-0.00024754301230554886,25.692085726096206,0.0005245958361783342,17385,0.12901814062894668
LAS_1.0Torr_SmallAdmixture_1kHzLaserFreq_CapCoupling_3%_N2_Trial,0,65.0,1.0,1.57,2,1.1762181828891993,0.0004400628601732546,0.37173497562448543,0.0001293050692666222,0.29690213854740655,9.374872051259109e-05,0.49949387231147857,0.00018687749032112168,-0.04085911419298445,2.496834532422754e-05,23.080701621374157,0.0005089618068134839,17557,0.12898007362155392
LAS_1.0Torr_SmallAdmixture_1kHzLaserFreq_CapCoupling_3%_N2_Trial,0,65.0,1.0,1.57,4,1.177263483154549,0.0005178639105626482,0.36898045910784427,0.0001510749452954326,0.29444045734672275,0.00010899010388865472,0.4999377704630828,0.00021991655441163104,-0.039792749172074565,7.471400907860103e-05,30.86003189572704,0.0005140328762877401,17496,0.12898217314118632
LAS_1.0Torr_SmallAdmixture_1kHzLaserFreq_CapCoupling_3%_N2_Trial,0,65.0,1.0,1.57,6,1.179657164718424,0.0005025876954545946,0.37200229470798735,0.0001474870654146423,0.29624948151263436,0.0001062342338587869,0.500954273430656,0.00021342934315305147,-0.03884791088929304,0.0002850848328464218,31.392813202398223,0.0004960631155005782,17526,0.12898460996240602
LAS_1.0Torr_SmallAdmixture_1kHzLaserFreq_CapCoupling_3%_N2_Trial,0,65.0,1.0,1.57,8,1.1748419229875133,0.0005034571560581082,0.371797679050159,0.00014829141342202848,0.2973000818233825,0.00010730724610740721,0.4989094285427965,0.0002137985690755793,-0.03439996365407289,6.216598086332874e-05,30.228482022126016,0.000510584570407194,17453,0.12890378161539617
LAS_1.0Torr_SmallAdmixture_1kHzLaserFreq_CapCoupling_3%_N2_Trial,0,65.0,1.0,1.96,0,1.1483904155255018,0.0007496464527941005,0.316428845194491,0.00019209794377966988,0.2588536522185774,0.00014251736973086235,0.48767650757381276,0.00031834553743330645,-0.05974073491081228,-7.188948596615919e-05,44.06299753307958,0.0005568658434175125,18698,0.1229488527835277
LAS_1.0Torr_SmallAdmixture_1kHzLaserFreq_CapCoupling_3%_N2_Trial,0,65.0,1.0,1.96,2,1.195398414719659,0.0007917665662475414,0.3355969686831992,0.0002070515559027317,0.2637382642619059,0.00014736559585500523,0.5076389668255724,0.0003362323027266125,-0.06380178990473231,0.0002629380339554463,40.586367638905735,0.0006066443235156943,19302,0.12292748613890281
LAS_1.0Torr_SmallAdmixture_1kHzLaserFreq_CapCoupling_3%_N2_Trial,0,65.0,1.0,1.96,4,1.144009022562365,0.0007340742261902559,0.3147695711167827,0.00018786732268315738,0.2584824625290807,0.00013991814449788387,0.4858159012942024,0.00031173262166647134,-0.06250725231043655,7.94109667334338e-05,37.7390260073095,0.0005924499344927708,19253,0.12271275168834417
LAS_1.0Torr_SmallAdmixture_1kHzLaserFreq_CapCoupling_3%_N2_Trial,0,65.0,1.0,1.96,6,1.1494350694566378,0.0009788549230972542,0.31209112865819927,0.0002464422607759924,0.25507316455165985,0.00018372945264239212,0.4881201312525479,0.00041568141275287517,-0.06212218014806807,0.00027363945003505176,26.5586555207538,0.0009140940077063308,19354,0.12335446744316002
LAS_1.0Torr_SmallAdmixture_1kHzLaserFreq_CapCoupling_3%_N2_Trial,0,65.0,1.0,1.96,8,1.1572503456666707,0.0007688057789437536,0.326730421293012,0.00020170917297000012,0.2652345181811752,0.00014877999128782825,0.49143897348277454,0.0003264817541221708,-0.06010705552832537,0.0001939445279835618,30.741812557846554,0.0006964781973562401,19241,0.12272143457355417
LAS_1.0Torr_SmallAdmixture_1kHzLaserFreq_CapCoupling_3%_N2_Trial,0,65.0,1.0,1.83,0,1.0857888944374443,0.0006192435233657284,0.313112678277449,0.00016573512665448198,0.27090875944142656,0.00013060061011002235,0.4610920892781741,0.0002629685120408382,-0.04219494246383535,-0.0007020435112119084,1.8498026933427643,0.00246955248090993,18909,0.1273319011798292
LAS_1.0Torr_SmallAdmixture_1kHzLaserFreq_CapCoupling_3%_N2_Trial,0,65.0,1.0,1.83,2,1.138194595460218,0.0006175664017148901,0.3426649927405228,0.0001728951707293468,0.28282709263404154,0.0001295462962869144,0.483346741447183,0.00026225630405094224,-0.05123773623146434,-0.00014891085057906078,38.550535478118334,0.0005438170332184742,18982,0.1275525436058648
LAS_1.0Torr_SmallAdmixture_1kHzLaserFreq_CapCoupling_3%_N2_Trial,0,65.0,1.0,1.83,4,1.1709670510305767,0.0006640033834683384,0.3429922361486521,0.000181074708766984,0.2751740048185045,0.0001316519228291,0.4972639219296211,0.0002819762745223325,-0.05554552767407886,-0.00024098743189083092,38.08542774661815,0.0005584111188366045,18972,0.12806040529031612
LAS_1.0Torr_SmallAdmixture_1kHzLaserFreq_CapCoupling_3%_N2_Trial,0,65.0,1.0,1.83,6,1.1378674011293801,0.0006144877175175282,0.3431796773133016,0.00017234733711062752,0.2833333495978894,0.0001290202980854449,0.48320779480812737,0.0002609489072484314,-0.06190465206819129,2.884389124608587e-06,45.613701875829356,0.0004968084125639798,18970,0.12851690769796315
LAS_1.0Torr_SmallAdmixture_1kHzLaserFreq_CapCoupling_3%_N2_Trial,0,65.0,1.0,1.83,8,1.1565656181352395,0.0006247731980983995,0.34340006220564867,0.00017287253375108008,0.2789317051149302,0.0001265088186700835,0.4911481964729236,0.0002653167486903179,-0.06448347080880182,-0.00040031693860989413,1.776651755934285,0.0024733633168882254,18978,0.1257891472212475
LAS_1.0Torr_SmallAdmixture_1kHzLaserFreq_CapCoupling_3%_N2_Trial,0,65.0,1.0,2.22,0,1.1846728709117018,0.0009599173787224824,0.3032597713303982,0.0002347414970232595,0.24048287194967094,0.00016262386977899295,0.5030842477375513,0.0004076393781121675,-0.051424971675387066,0.00016533953714644765,36.177551843665846,0.0006994896258774597,17375,0.11528411139111203
LAS_1.0Torr_SmallAdmixture_1kHzLaserFreq_CapCoupling_3%_N2_Trial,0,65.0,1.0,2.22,3,1.1544179442456945,0.0013314497778436876,0.29860634801342484,0.0003290930641886956,0.24299859195576523,0.00023396289550459885,0.49023616334577363,0.0005654146611556419,-0.05552797649054819,0.00034559259752740357,42.20950324907403,0.0009333568134171586,18542,0.11645028928517756
LAS_1.0Torr_SmallAdmixture_1kHzLaserFreq_CapCoupling_3%_N2_Trial,0,65.0,1.0,2.22,6,1.1731138591736527,0.0012917822026352486,0.30553364943820627,0.0003214455181810255,0.2446733519810148,0.00022480661871976626,0.4981755874080962,0.000548569392961096,-0.06014146559535637,0.0007519048638934591,111.41442788038651,0.0005515576301837543,18557,0.11567997461971316
LAS_1.0Torr_SmallAdmixture_1kHzLaserFreq_CapCoupling_3%_N2_Trial,0,65.0,1.0,2.22,9,1.2000350790151706,0.001333588444848191,0.3095427382241645,0.0003294662482211484,0.24232290599137685,0.00022445216455789686,0.50960797685897,0.0005663228694108826,-0.05966981099417774,0.0009994646837779052,51.752288841698636,0.00081418493394546,18496,0.11578611316351918
LAS_1.0Torr_SmallAdmixture_1kHzLaserFreq_CapCoupling_3%_N2_Trial,0,65.0,1.0,2.22,12,1.1903434165085771,0.0010087812446284935,0.313515606095306,0.0002539224280599631,0.24743132421728636,0.00017495021361882952,0.505492306735028,0.0004283899513923303,-0.05138295822234459,0.0005537983327028781,57.00268999876637,0.0006006442299168977,17362,0.11601797805106112
LAS_1.0Torr_SmallAdmixture_1kHzLaserFreq_CapCoupling_3%_N2_Trial,0,65.0,1.0,2.09,0,1.208227376221086,0.000868672760280144,0.3378225210562256,0.00022611742011655297,0.2626683322282577,0.0001592566954385862,0.5130869251646812,0.00036889135631114735,-0.053644508179260954,0.0001758591154112844,44.77867767867536,0.0006245714808831902,18731,0.11846599605360693
LAS_1.0Torr_SmallAdmixture_1kHzLaserFreq_CapCoupling_3%_N2_Trial,0,65.0,1.0,2.09,3,1.2066981532671737,0.0009787119516539381,0.34126325324885626,0.0002577868669163971,0.2656798811569183,0.0001814724508289809,0.5124375239685519,0.00041562069837106167,-0.05039598087664381,0.00010585289479649637,70.97696879177175,0.0005658847837185783,18700,0.11932657551494126
LAS_1.0Torr_SmallAdmixture_1kHzLaserFreq_CapCoupling_3%_N2_Trial,0,65.0,1.0,2.09,6,1.2062190671737203,0.0009775563572635285,0.3417843525764787,0.0002580288777752395,0.2661912506812716,0.00018187497322166098,0.5122340748368596,0.00041512996261702903,-0.0502978216762017,6.32192609030445e-05,71.72707616702739,0.0005649161053988976,18714,0.11899236949053126
LAS_1.0Torr_SmallAdmixture_1kHzLaserFreq_CapCoupling_3%_N2_Trial,0,65.0,1.0,2.09,9,1.1888338794804236,0.0008863580050483064,0.33631303883100155,0.00023361447853476733,0.265760432507769,0.00016696919783526116,0.5048512653818517,0.0003764015882736623,-0.052135956694032926,0.00019699478711564038,62.83145352658572,0.0005546933137499302,18766,0.11880093378163231
LAS_1.0Torr_SmallAdmixture_1kHzLaserFreq_CapCoupling_3%_N2_Trial,0,65.0,1.0,2.09,12,1.1987643323637718,0.0009324261355943473,0.3411154080142586,0.0002471520181864241,0.2673223768641392,0.00017530281260051307,0.5090683404421319,0.0003959649220592958,-0.050878434965325035,-0.00010260018495424098,50.27662929152434,0.0006496584035159738,18733,0.11939437531422825
LAS_1.0Torr_SmallAdmixture_1kHzLaserFreq_CapCoupling_3%_N2_Trial,0,65.0,1.0,2.48,0,1.1485726896712296,0.0013179576473592214,0.2606214350164525,0.00028526505925241687,0.21316673631926342,0.00020462781945143317,0.4877539122766105,0.000559685080879248,-0.07217615462241299,0.0004948695047970923,116.31920080678505,0.000480856628917148,16992,0.1101350781447735
LAS_1.0Torr_SmallAdmixture_1kHzLaserFreq_CapCoupling_3%_N2_Trial,0,65.0,1.0,2.48,2,1.1176204133025744,0.0013722507677070628,0.2600878470374795,0.00030408587821053484,0.21862182932193056,0.00022543220085928734,0.47460969073239123,0.0005827412462377894,-0.07204523375877,0.000670894717074184,148.26102830996922,0.0004684511536587876,17241,0.11007277121036446
LAS_1.0Torr_SmallAdmixture_1kHzLaserFreq_CapCoupling_3%_N2_Trial,0,65.0,1.0,2.48,4,1.1259597036905502,0.001398415113547911,0.24769877620915468,0.0002940102462496542,0.20666588999273364,0.00021367549197253902,0.4781510612951113,0.0005938522208942432,-0.0692665495473017,0.0003877987770695974,140.2941741812533,0.0004620139892032281,17182,0.11014369360570621
LAS_1.0Torr_SmallAdmixture_1kHzLaserFreq_CapCoupling_3%_N2_Trial,0,65.0,1.0,2.48,6,1.2120734185675723,0.0014049490757466528,0.2602524402653715,0.00029032112674802127,0.20171289998817343,0.0001936949315589264,0.5147201889695321,0.0005966269391630678,-0.07058189038522769,0.0003595250245703197,123.76409590222019,0.00045944767629939673,16960,0.11016848136572907
LAS_1.0Torr_SmallAdmixture_1kHzLaserFreq_CapCoupling_3%_N2_Trial,0,65.0,1.0,2.48,8,1.1989056980534423,0.001249351402926074,0.2830005007418161,0.0002823118633161985,0.22175323773937003,0.0001923978951669548,0.5091283729231569,0.0005305506913627677,-0.07004859132201098,6.406190779957039e-05,116.88469749772406,0.000461212625074886,18541,0.11019765581787096
LAS_1.0Torr_SmallAdmixture_1kHzLaserFreq_CapCoupling_3%_N2_Trial,0,65.0,1.0,2.35,0,1.1637685727415674,0.0011002324131448124,0.28099451902366646,0.00025407699587702163,0.22682922744617773,0.000178896050770284,0.4942070096597433,0.0004672256869336919,-0.0625748139248498,0.00025204935969614685,90.04922351139007,0.0004908076726123793,17329,0.11240476099895169
LAS_1.0Torr_SmallAdmixture_1kHzLaserFreq_CapCoupling_3%_N2_Trial,0,65.0,1.0,2.35,2,1.1803422169834192,0.0012060095124642684,0.2858707177290343,0.0002792217356169133,0.22752520858707262,0.00019380850727909691,0.5012451883421546,0.0005121450851453143,-0.06393592015985176,0.00024014757673408723,111.5905639456424,0.0004775881642019672,17580,0.11248973982933039
LAS_1.0Torr_SmallAdmixture_1kHzLaserFreq_CapCoupling_3%_N2_Trial,0,65.0,1.0,2.35,4,1.1662606579776895,0.0011002300977866369,0.28274195700146515,0.0002552677520547862,0.22775211771290968,0.0001793192278593188,0.4952653008193505,0.0004672247036916048,-0.0655140290415974,7.274954470208516e-05,101.87202026115222,0.00046310423227782804,17445,0.11245275778096052
LAS_1.0Torr_SmallAdmixture_1kHzLaserFreq_CapCoupling_3%_N2_Trial,0,65.0,1.0,2.35,6,1.181510679801893,0.0011074957858491158,0.28773744999391404,0.0002578523257693861,0.2287844635036083,0.00017863738488653778,0.5017413888144325,0.0004703101573243828,-0.0688588997597773,0.00046969693717129556,99.9818877206394,0.00046408292569627283,17537,0.11252911473775903
LAS_1.0Torr_SmallAdmixture_1kHzLaserFreq_CapCoupling_3%_N2_Trial,0,65.0,1.0,2.35,8,1.1536004803770663,0.0011053464230395542,0.27796036770347654,0.00025443514490640487,0.22635768263234132,0.00018113758710710905,0.4898890184034868,0.0004693974069789382,-0.06764370031761935,0.0002921340865994071,99.7495280972941,0.0004696816027889086,17458,0.11263115870563012
LAS_1.0Torr_SmallAdmixture_1kHzLaserFreq_CapCoupling_3%_N2_Trial,0,65.0,1.0,2.61,0,1.2267620849727503,0.0014225100916641549,0.25797787947667905,0.00028744382237572597,0.19755585865344163,0.00018996629719020283,0.52095789126707,0.0006040844159900375,-0.06670984857782035,0.00014114838093316537,104.88681005663886,0.000487990053603613,17158,0.10799653710650378
LAS_1.0Torr_SmallAdmixture_1kHzLaserFreq_CapCoupling_3%_N2_Trial,0,65.0,1.0,2.61,3,1.1606960607918213,0.001344842840783908,0.24546036504990804,0.00027186046637141926,0.19866925128857427,0.0001928265127919149,0.49290223396946087,0.0005711021713195213,-0.070202577709491,0.0002474237507084287,105.43702721712079,0.00048003268207907684,17280,0.1079741482926136
LAS_1.0Torr_SmallAdmixture_1kHzLaserFreq_CapCoupling_3%_N2_Trial,0,65.0,1.0,2.61,6,1.160180617751615,0.0012962101101686445,0.2500441090508129,0.0002669525641179819,0.20246912745086462,0.0001885872140707008,0.4926833454640338,0.0005504497521599824,-0.07252053849768555,-6.162862515827655e-05,108.07303036463763,0.0004673833424948379,17488,0.1080068542116089
LAS_1.0Torr_SmallAdmixture_1kHzLaserFreq_CapCoupling_3%_N2_Trial,0,65.0,1.0,2.61,9,1.1904029772446603,0.0012878787452177108,0.25398295398145193,0.0002633972489016754,0.20043721301563494,0.00018148747761800025,0.5055175998508263,0.0005469117472204905,-0.07920051076033767,0.0002859054179548623,98.69609007213927,0.00047522391971237563,17375,0.10801841951788492
LAS_1.0Torr_SmallAdmixture_1kHzLaserFreq_CapCoupling_3%_N2_Trial,0,65.0,1.0,2.61,12,1.1248846659400735,0.0013829009053523374,0.24044446015765628,0.0002815293532831823,0.20080502132202496,0.0002063017312735981,0.4776945347963051,0.0005872639432768893,-0.08063117511644746,0.0003316767510833116,130.90055294376583,0.00045551228503838676,17315,0.10798615047910501
LAS_1.0Torr_SmallAdmixture_1kHzLaserFreq_CapCoupling_3%_N2_Trial,0,65.0,1.0,2.87,0,1.1553533231631192,0.0014190320052834796,0.24319639645994834,0.0002860963785860653,0.19774709285848396,0.0002036775933484107,0.49063338219882296,0.0006026074086968414,-0.06985429317136395,0.00015450131096775917,111.21773764041284,0.0005005862464146806,19038,0.10391437685503725
LAS_1.0Torr_SmallAdmixture_1kHzLaserFreq_CapCoupling_3%_N2_Trial,0,65.0,1.0,2.87,2,1.1658198729673095,0.0012509659041591513,0.2451547173489598,0.00025279508467261646,0.197549798100883,0.0001759333831039067,0.49507811666007245,0.00053123630690969,-0.07258480316408862,0.000139029974831337,85.68488890181833,0.0004966800062641862,19029,0.10388051697724124
LAS_1.0Torr_SmallAdmixture_1kHzLaserFreq_CapCoupling_3%_N2_Trial,0,65.0,1.0,2.87,4,1.186695164843395,0.0013840152103749717,0.25123848552471617,0.0002804357440011201,0.1988908408311484,0.00019437382016423068,0.5039430368989399,0.0005877371450508362,-0.07460980215115541,0.00022352323324497105,109.4010092325099,0.00047926095435398447,19037,0.10384899170671472
LAS_1.0Torr_SmallAdmixture_1kHzLaserFreq_CapCoupling_3%_N2_Trial,0,65.0,1.0,2.87,6,1.2090614738122287,0.0012661000601318514,0.2524365970986749,0.000254237572326794,0.19614250801891767,0.00017019798950967756,0.5134411337985438,0.0005376631912079766,-0.07573237968210537,0.00023375094340864256,85.97383048509518,0.0004796033068783582,18956,0.10387088777366173
LAS_1.0Torr_SmallAdmixture_1kHzLaserFreq_CapCoupling_3%_N2_Trial,0,65.0,1.0,2.87,8,1.1708669021331881,0.0013333157180243833,0.24780642309776657,0.00027054214699127004,0.1988258369376804,0.00018842043799418792,0.49722139260870757,0.000566207052992391,-0.07608451082104306,0.00024605820284406344,98.59405776128389,0.0004896626825906606,19004,0.10390732003404084
LAS_1.0Torr_SmallAdmixture_1kHzLaserFreq_CapCoupling_3%_N2_Trial,0,65.0,1.0,2.74,0,1.16150275772873,0.0014468300779720703,0.2558674331442571,0.000304666179890243,0.2069486305576597,0.00021617905541914016,0.49324480661683195,0.0006144121632670469,-0.06721255302717304,0.0003509035997110843,135.7769832144927,0.00047522144351439883,17101,0.106250099774478
LAS_1.0Torr_SmallAdmixture_1kHzLaserFreq_CapCoupling_3%_N2_Trial,0,65.0,1.0,2.74,2,1.1818524075256427,0.0013888188995408554,0.2533900847233259,0.0002851116077171463,0.20141609064395005,0.00019834001943254919,0.5018865072172042,0.0005897770840160324,-0.06797118768557496,0.00045894745481573284,112.45902982317149,0.00048268030491271496,17047,0.1061696847458195
LAS_1.0Torr_SmallAdmixture_1kHzLaserFreq_CapCoupling_3%_N2_Trial,0,65.0,1.0,2.74,4,1.1514918425455183,0.001290708291895309,0.25007870047048547,0.00026835895792186695,0.204025113466187,0.00019070148761164384,0.4889935623638639,0.0005481133450595989,-0.06590048860058931,0.00034190512917335234,101.70209188151836,0.00048622151707348804,16960,0.10622704343436884
LAS_1.0Torr_SmallAdmixture_1kHzLaserFreq_CapCoupling_3%_N2_Trial,0,65.0,1.0,2.74,6,1.1859214713249084,0.0013902254286562753,0.2500917523484464,0.0002808594668398004,0.19811220298505183,0.0001940106054945913,0.5036144795129438,0.0005903743819362653,-0.06569817831908673,0.0005331694067968957,106.67434772407356,0.0004834568805026373,16862,0.10624480842213732
LAS_1.0Torr_SmallAdmixture_1kHzLaserFreq_CapCoupling_3%_N2_Trial,0,65.0,1.0,2.74,8,1.1948661112881407,0.0013406386849223353,0.25856029499807465,0.000277994675372971,0.20328736217224172,0.0001904530821028298,0.5074129183711941,0.0005693168307070001,-0.06419270284486767,0.00028845242346137883,108.1162629146263,0.00047437636492715776,16874,0.10624022074695046
LAS_1.0Torr_SmallAdmixture_1kHzLaserFreq_CapCoupling_3%_N2_Trial,0,70.0,1.0,0.0,0,1.0846616609157789,0.0007853164237702351,0.3084181560960383,0.00021006464399201617,0.26712432429832517,0.00016255014091837665,0.46061339727619105,0.0003334931794161425,0.0035996680560767785,-0.0007606718112574951,67.45085240168667,0.0005181446034105978,18535,0.15150808233313076
LAS_1.0Torr_SmallAdmixture_1kHzLaserFreq_CapCoupling_3%_N2_Trial,0,70.0,1.0,0.0,2,1.1203107633748388,0.0005678503958328032,0.3285514619346674,0.00015727172431112115,0.2755070301948222,0.00011704287636529858,0.4757521772157815,0.00024114386024149032,0.0018105669086733362,-0.0007511896080423219,32.32857231052677,0.0005416784723040352,18418,0.15145485379897047
LAS_1.0Torr_SmallAdmixture_1kHzLaserFreq_CapCoupling_3%_N2_Trial,0,70.0,1.0,0.0,4,1.086724632905115,0.0008031230787789316,0.30279082402845797,0.00021064979311236968,0.2617525904240324,0.00016199767313337168,0.46148946081815445,0.00034105496956068936,0.0008171347006492092,-0.0008598371559329065,74.98911714884117,0.0004909249549483667,18599,0.15148432851567725
LAS_1.0Torr_SmallAdmixture_1kHzLaserFreq_CapCoupling_3%_N2_Trial,0,70.0,1.0,0.0,6,1.052100066726039,0.0007934540124738554,0.2897902619448409,0.00020517541216677967,0.2587584429324157,0.00016470773367734486,0.4467857613774522,0.0003369488951600236,-0.0014623321949402814,-0.0007705821451079494,73.15248336292652,0.0004963058670901548,18591,0.15146419169633457
LAS_1.0Torr_SmallAdmixture_1kHzLaserFreq_CapCoupling_3%_N2_Trial,0,70.0,1.0,0.0,8,1.0608606269543526,0.0007885637457606692,0.2984308857629932,0.000208229500922656,0.2642732627432843,0.00016525450228796978,0.45050602876977364,0.00033487219009565764,-0.0032672994169099033,-0.0006697704268882539,68.87731615657533,0.000518464265608751,18644,0.1515057095012452
LAS_1.0Torr_SmallAdmixture_1kHzLaserFreq_CapCoupling_3%_N2_Trial,0,65.0,1.0,3.0,0,1.2245331728577487,0.0013500362223660225,0.2666909647840072,0.00028123208147796876,0.20459995675394982,0.00018811754941621124,0.5200113594419715,0.0005733075974169733,-0.08463591754229316,0.00017753715933122298,91.03792832647282,0.0005122157129299684,18750,0.10217651889903603
LAS_1.0Torr_SmallAdmixture_1kHzLaserFreq_CapCoupling_3%_N2_Trial,0,65.0,1.0,3.0,2,1.2007136121324524,0.00132985248088452,0.2610963075595801,0.00027744233037305924,0.20428152239956582,0.00018834388707618995,0.5098961233433323,0.0005647363515911645,-0.08439852903769103,0.00039973513599120264,101.80377811223092,0.00048520078042321507,18700,0.10219090624632496
LAS_1.0Torr_SmallAdmixture_1kHzLaserFreq_CapCoupling_3%_N2_Trial,0,65.0,1.0,3.0,4,1.1886399446029525,0.001365145562856443,0.2609006001871512,0.0002870050483371813,0.20620184519610352,0.00019773886464735348,0.5047689088222155,0.0005797239435502176,-0.08199293713730887,0.00033557748428138365,110.1342409217351,0.0004889048351258882,18667,0.10224889433496297
LAS_1.0Torr_SmallAdmixture_1kHzLaserFreq_CapCoupling_3%_N2_Trial,0,65.0,1.0,3.0,6,1.195307777737274,0.0013552650782146691,0.2606158142556416,0.00028318156958709437,0.20482775724414917,0.00019363115012124165,0.5076004768430464,0.0005755280880483829,-0.08080391706083387,0.00043468717689217,102.29692396591312,0.0004989513767097521,18730,0.10219463274700537
LAS_1.0Torr_SmallAdmixture_1kHzLaserFreq_CapCoupling_3%_N2_Trial,0,65.0,1.0,3.0,8,1.2039060147203053,0.0013292214355318634,0.26267484965228866,0.00027794641736699817,0.20497160320069968,0.00018843774153687003,0.5112518118999121,0.0005644683713036736,-0.07784647840612932,0.00021556940433063875,109.51983272323,0.00046812077269567517,18731,0.10219212373788283
LAS_1.0Torr_SmallAdmixture_1kHzLaserFreq_CapCoupling_3%_N2_Trial,0,70.0,1.0,0.13,0,1.112665424980149,0.0007858650476653359,0.35790103390132283,0.00023695417668524073,0.3021803012689542,0.00017927562183670445,0.47250550093118704,0.0003337261585332765,0.009262850418545071,-0.0005368488017501067,82.00865839753264,0.0005148986399230222,17241,0.14989668305837564
LAS_1.0Torr_SmallAdmixture_1kHzLaserFreq_CapCoupling_3%_N2_Trial,0,70.0,1.0,0.13,2,1.0909687528994112,0.0008202915172242609,0.347617705084506,0.00024401897132130063,0.29933490764470694,0.00018945766814677974,0.46329177263525145,0.00034834573408494996,0.009453959998936154,-0.00049023843440359,103.83232679515864,0.00048618225759853207,17364,0.14988296943413884
LAS_1.0Torr_SmallAdmixture_1kHzLaserFreq_CapCoupling_3%_N2_Trial,0,70.0,1.0,0.13,4,1.071595671688572,0.0007913020834714608,0.3412074691485587,0.00023513429188176958,0.2991268299766647,0.00018593809204784026,0.45506478252969346,0.0003360350550528207,0.009777450086653964,-0.0006969708635636168,99.31671513857128,0.0004886941082613329,17454,0.14989724756843475
LAS_1.0Torr_SmallAdmixture_1kHzLaserFreq_CapCoupling_3%_N2_Trial,0,70.0,1.0,0.13,6,1.1374460829532846,0.0008220161712099076,0.35260940510289535,0.00023820923132646628,0.2912264809191591,0.0001770487955521641,0.48302887745221956,0.0003490781271989316,0.007042217707591234,-0.0005580253785807116,82.53185469934594,0.0005150115720379697,17475,0.14989826542080287
LAS_1.0Torr_SmallAdmixture_1kHzLaserFreq_CapCoupling_3%_N2_Trial,0,70.0,1.0,0.13,8,1.1522344205365516,0.0008373147720530528,0.3529148282044227,0.0002409266776804076,0.28773775536642254,0.0001756019636128842,0.4893089062019632,0.00035557484480392554,0.005213222303621937,-0.0007799952417052765,82.6306832025619,0.0005107282426633562,17222,0.1498850688525686
LAS_1.0Torr_SmallAdmixture_1kHzLaserFreq_CapCoupling_3%_N2_Trial,0,70.0,1.0,0.39,0,1.1421235169433892,0.0009394578171001533,0.3549415884997175,0.00027097414101478345,0.2919521006711166,0.00020265597384235413,0.4850152007808216,0.0003989510022570774,0.006232075952689193,-0.000749288435566267,119.6674388611011,0.0004881048771977207,18133,0.1480775273744246
LAS_1.0Torr_SmallAdmixture_1kHzLaserFreq_CapCoupling_3%_N2_Trial,0,70.0,1.0,0.39,2,1.1277284269979702,0.0009144568302022418,0.36157657155511685,0.00027018667544111277,0.3012059484281317,0.00020680586825316761,0.478902168926946,0.0003883340606565217,0.004724020703870054,-0.0007073580195482681,125.63613510399931,0.00048375356533330655,18987,0.1481669065567876
LAS_1.0Torr_SmallAdmixture_1kHzLaserFreq_CapCoupling_3%_N2_Trial,0,70.0,1.0,0.39,4,1.1140309818524197,0.0009022205733623767,0.35141697305319064,0.00026363206053520497,0.29634203198281645,0.00020280855802465466,0.47308539954176326,0.0003831378008125113,0.003990643366466234,-0.000970892901215125,117.7430694822026,0.0004901346696677311,18228,0.14814062003495393
LAS_1.0Torr_SmallAdmixture_1kHzLaserFreq_CapCoupling_3%_N2_Trial,0,70.0,1.0,0.39,6,1.159044504826523,0.0009528690643473319,0.358628877223552,0.0002736813075061018,0.29067851586288407,0.0002014688315219834,0.49220088272659906,0.0004046462345851181,-0.0010827931235164513,-0.0007152560383245471,111.68558128458876,0.0005025110968175327,18177,0.14816261832488753
LAS_1.0Torr_SmallAdmixture_1kHzLaserFreq_CapCoupling_3%_N2_Trial,0,70.0,1.0,0.39,8,1.1247916266416926,0.0008916998177925352,0.3579244021012804,0.0002614345161050826,0.2989420603122429,0.0002006528024964382,0.47765502464410586,0.0003786700472820273,-0.0012786279625717947,-0.0007201705640678136,105.69689109463334,0.0005097861969590886,18965,0.1481958402321342
LAS_1.0Torr_SmallAdmixture_1kHzLaserFreq_CapCoupling_3%_N2_Trial,0,70.0,1.0,0.26,0,1.2296102928439385,0.0011899487548397447,0.3167382522911275,0.0002909819449437648,0.2419918924916043,0.00019636278217635364,0.5221674137854461,0.0005053247093554893,0.013023333935144689,-0.0007906253477091964,118.86698734338107,0.0004910342488974499,16713,0.14897927316361306
LAS_1.0Torr_SmallAdmixture_1kHzLaserFreq_CapCoupling_3%_N2_Trial,0,70.0,1.0,0.26,2,1.181750140621209,0.0013031918637174495,0.31921076519064606,0.0003318102956700539,0.25375794956512315,0.00023555966199975508,0.5018430784615124,0.0005534146299066015,0.00860244919599597,-0.0006754829024706226,172.3362167385253,0.00048310383187788876,17011,0.14897638662911974
LAS_1.0Torr_SmallAdmixture_1kHzLaserFreq_CapCoupling_3%_N2_Trial,0,70.0,1.0,0.26,4,1.1169129779672222,0.0009428906370568379,0.3352848163311921,0.0002654235384817949,0.28200859123040034,0.00020059137955132612,0.4743092706060869,0.00040040878666991535,0.007329046137205038,-0.0006042781868232767,117.33260104700204,0.00048353367077340846,17014,0.14898146172298707
LAS_1.0Torr_SmallAdmixture_1kHzLaserFreq_CapCoupling_3%_N2_Trial,0,70.0,1.0,0.26,6,1.1285330737712211,0.000988701075757304,0.32750885508222666,0.0002697543299135405,0.2726318215383184,0.0002007076701814162,0.47924387094997273,0.0004198626888044472,0.007359189599208638,-0.0003714973975073142,111.54472745116847,0.0005014706943644316,17002,0.14898087121212122
LAS_1.0Torr_SmallAdmixture_1kHzLaserFreq_CapCoupling_3%_N2_Trial,0,70.0,1.0,0.26,8,1.1398803918525882,0.0009561133909133208,0.3337691374095414,0.00025920187535635405,0.27507725582711773,0.00019555656408516242,0.4840626332606264,0.00040602397322499206,0.010368504353770184,-0.00032648307538231494,103.51218611192822,0.000508098675932345,18406,0.14895306212956005
LAS_1.0Torr_SmallAdmixture_1kHzLaserFreq_CapCoupling_3%_N2_Trial,0,70.0,1.0,0.52,0,1.1385849979502674,0.0009663918312121957,0.3663420546055981,0.00028733948461326104,0.302265868135876,0.0002162628917037764,0.48351253012002576,0.00041038882493438873,-0.0085220865693798,-0.0007241629844037167,133.9240995258446,0.0004912832930426411,18709,0.14678014873417722
LAS_1.0Torr_SmallAdmixture_1kHzLaserFreq_CapCoupling_3%_N2_Trial,0,70.0,1.0,0.52,2,1.1372418240153612,0.0009624968425204644,0.36778651498172465,0.0002873260512195695,0.30381608861071313,0.00021732492227761552,0.4829421366677786,0.0004087347755305074,-0.010503730586462435,-0.000621876823338154,132.90945082114598,0.000493125833131096,18623,0.1467979018073903
LAS_1.0Torr_SmallAdmixture_1kHzLaserFreq_CapCoupling_3%_N2_Trial,0,70.0,1.0,0.52,4,1.1441869233238828,0.0009207137531156138,0.372842062842571,0.00027693892693816187,0.306122824655322,0.00020841803801165693,0.4858914487917249,0.00039099113117304593,-0.011237164292843526,-0.0006893853652328695,123.91405597506008,0.0004905568184124644,18630,0.1467571178026688
LAS_1.0Torr_SmallAdmixture_1kHzLaserFreq_CapCoupling_3%_N2_Trial,0,70.0,1.0,0.52,6,1.1302993661323597,0.000944497697579413,0.3667897247264776,0.00028331957099889815,0.3048536973271964,0.00021495326364453197,0.4799939462539713,0.000401091242438018,-0.013165525559066825,-0.00046403401849124076,129.47784063093826,0.0004943758917219144,18622,0.14675924989954292
LAS_1.0Torr_SmallAdmixture_1kHzLaserFreq_CapCoupling_3%_N2_Trial,0,70.0,1.0,0.52,8,1.1370049920754315,0.0009413790959014736,0.36659279356823354,0.0002803684081420807,0.30289307327667103,0.0002119141483368986,0.4828415634029851,0.0003997668942422737,-0.01028734229839425,-0.0005793273387032863,130.76939085543975,0.0004868404344898858,18755,0.14675573272541534
LAS_1.0Torr_SmallAdmixture_1kHzLaserFreq_CapCoupling_3%_N2_Trial,0,70.0,1.0,0.91,0,1.1401176727707392,0.0007969509804345194,0.3850508933865891,0.0002495730861460492,0.317275288404994,0.00018737170347802093,0.4841633971889154,0.00033843392072197394,-0.009744903836554433,-0.0005492976637641517,106.88066950494208,0.0004745626128395609,16688,0.14259030236361184
LAS_1.0Torr_SmallAdmixture_1kHzLaserFreq_CapCoupling_3%_N2_Trial,0,70.0,1.0,0.91,3,1.1706655764942657,0.0007656044620748461,0.3983398830282647,0.00024136022142898404,0.3196603224895828,0.00017659446385921829,0.49713589748166076,0.0003251222800189743,-0.01191203258113624,-0.0005709665620215741,99.20638486636958,0.00046277283353186096,16758,0.14253365866179196
LAS_1.0Torr_SmallAdmixture_1kHzLaserFreq_CapCoupling_3%_N2_Trial,0,70.0,1.0,0.91,6,1.1390606740095996,0.0008237761129261636,0.38827693119805656,0.0002600603857387234,0.3202303722264051,0.00019576068538217594,0.48371453114355883,0.0003498255056323579,-0.013828714376192961,-0.0005683696760298155,112.86482411110777,0.00047919030813667633,16739,0.14252476762579722
LAS_1.0Torr_SmallAdmixture_1kHzLaserFreq_CapCoupling_3%_N2_Trial,0,70.0,1.0,0.91,9,1.1540574109784192,0.000802767746579792,0.38937755013685293,0.0002490360300379639,0.3169649816443513,0.0001869539482149465,0.49008305896396065,0.0003409040738691526,-0.015583773467727017,-0.00037477928040534987,106.3416982186588,0.00047396740887258775,18768,0.14253428991168762
LAS_1.0Torr_SmallAdmixture_1kHzLaserFreq_CapCoupling_3%_N2_Trial,0,70.0,1.0,0.91,12,1.1332619661752765,0.0007742956864446944,0.3885451264199222,0.0002439723802885547,0.3220912614299179,0.0001865361973080432,0.481252046654963,0.0003288131031832277,-0.01603431402345266,-0.00040126055429698946,106.26427916582635,0.00047085256799568354,18695,0.1425972197876496
LAS_1.0Torr_SmallAdmixture_1kHzLaserFreq_CapCoupling_3%_N2_Trial,0,70.0,1.0,0.65,0,1.1262063105132825,0.0008666778607085161,0.353658887302603,0.0002515119527005039,0.2950084185943528,0.0001918666119421834,0.4782557855704344,0.00036804420046336297,-0.019262969205742317,-0.00038840239929214095,103.929595038706,0.0004906206162790229,17268,0.14552990363170967
LAS_1.0Torr_SmallAdmixture_1kHzLaserFreq_CapCoupling_3%_N2_Trial,0,70.0,1.0,0.65,2,1.0658309701593456,0.0009480834504603016,0.33389612028504134,0.0002744184512755345,0.29430038288534177,0.00022184111404165464,0.4526167391892307,0.00040261397148411013,-0.019768887719566565,-0.00035998659646750643,139.05113404669444,0.0004877240394080329,17063,0.1454989032890892
LAS_1.0Torr_SmallAdmixture_1kHzLaserFreq_CapCoupling_3%_N2_Trial,0,70.0,1.0,0.65,4,1.115541187381297,0.0008362049970391586,0.34939954481888025,0.00024111970939212296,0.2942418991575541,0.00018657670758265809,0.4737267247810588,0.00035510356674756793,-0.018879597113329816,-0.0005358666444249161,99.47480840457447,0.0004882854405644998,18493,0.14552085837716006
LAS_1.0Torr_SmallAdmixture_1kHzLaserFreq_CapCoupling_3%_N2_Trial,0,70.0,1.0,0.65,6,1.1451667943980044,0.0008973425040693267,0.3445216593999887,0.0002497729057887596,0.28262825270789876,0.00018711390407762088,0.48630756172408646,0.0003810662755155598,-0.022162431061688675,-0.00034971534256000825,103.26660456248682,0.0004840088234968017,17280,0.14552490347691796
LAS_1.0Torr_SmallAdmixture_1kHzLaserFreq_CapCoupling_3%_N2_Trial,0,70.0,1.0,0.65,8,1.0900298027737174,0.001010905753703093,0.3505597834442523,0.00029875595542162826,0.3021283712999303,0.00023799783116941378,0.462893037229684,0.00042929214732831395,-0.02082564663466027,-0.00035210976171562176,172.74150556045242,0.00046778964446313507,18501,0.1456125751314801
LAS_1.0Torr_SmallAdmixture_1kHzLaserFreq_CapCoupling_3%_N2_Trial,0,70.0,1.0,0.78,0,1.0908731446730426,0.000932883792199459,0.3451591941797599,0.00027224137879808426,0.2972439239904327,0.00021566614457522553,0.46325117155978063,0.0003961592709251794,-0.011125709607281075,-0.0003690940839365559,128.44724670042146,0.00048818392406911257,17095,0.14427917236315763
LAS_1.0Torr_SmallAdmixture_1kHzLaserFreq_CapCoupling_3%_N2_Trial,0,70.0,1.0,0.78,1,1.0709990317112117,0.0010236770949431594,0.3460621543902104,0.0003050122378900248,0.303551804395039,0.00024603477971592736,0.4548114128598458,0.00043471563659536677,-0.011902885459090776,-0.0003543025322352453,186.0798599107338,0.0004646028884209366,17251,0.14427855052083333
LAS_1.0Torr_SmallAdmixture_1kHzLaserFreq_CapCoupling_3%_N2_Trial,0,70.0,1.0,0.78,2,1.151059180545238,0.001040286753849429,0.33054210255107735,0.0002763699000395012,0.26977203132957533,0.00020629178316265107,0.4888098277293667,0.00044176910929758813,-0.012338544037310896,-0.000629912627407553,125.09428246070071,0.00048648150231728416,17286,0.1442780963541667
LAS_1.0Torr_SmallAdmixture_1kHzLaserFreq_CapCoupling_3%_N2_Trial,0,70.0,1.0,0.78,3,0.9975972012111922,0.0009785560288471278,0.3176860799304416,0.00028562877898782494,0.2991649796613981,0.0002499778593224045,0.4236405254474895,0.00041555448405156863,-0.01577729365495957,-0.00042368656252367797,153.21509973068214,0.0005018467079816202,17506,0.14431996912345615
LAS_1.0Torr_SmallAdmixture_1kHzLaserFreq_CapCoupling_3%_N2_Trial,0,70.0,1.0,0.78,4,1.0841445924724862,0.0008496496431398377,0.33040117743257297,0.00023859231835485526,0.2863005406857612,0.000189867143570106,0.46039381852562633,0.0003608129822627999,-0.017700828625118546,-0.0004500777109895518,104.92099921635018,0.00047322284877366727,17211,0.14426746197916668
LAS_1.0Torr_SmallAdmixture_1kHzLaserFreq_CapCoupling_3%_N2_Trial,0,70.0,1.0,1.04,0,1.1913074231736984,0.0007856608764725363,0.38982060696238835,0.00023864302190642302,0.307403448565935,0.00017115627985435247,0.5059016826731833,0.0003336394550107588,-0.020144530248665582,-0.0004665995355508958,64.5078416941404,0.0005601835583981967,16603,0.13845612088785203
LAS_1.0Torr_SmallAdmixture_1kHzLaserFreq_CapCoupling_3%_N2_Trial,0,70.0,1.0,1.04,2,1.1639447210482476,0.0007769643898347089,0.38688072921705413,0.0002377090906937641,0.3122572514523569,0.00017641212238945882,0.4942818129582169,0.0003299463971670486,-0.022346554667702023,-0.0004032902551007721,91.91771425478925,0.00048626896486273847,19036,0.13831449702096638
LAS_1.0Torr_SmallAdmixture_1kHzLaserFreq_CapCoupling_3%_N2_Trial,0,70.0,1.0,1.04,4,1.1691116273411009,0.0007282090976601009,0.3848635748450394,0.00022047297563403543,0.3092563455598546,0.00016311939985883296,0.49647599603549974,0.0003092419309053954,-0.023472397470472892,-0.0006120924853194881,74.14425226840567,0.0004973806188895075,19061,0.1383774003008363
LAS_1.0Torr_SmallAdmixture_1kHzLaserFreq_CapCoupling_3%_N2_Trial,0,70.0,1.0,1.04,6,1.168465300615176,0.0007070387399075437,0.38761423907072967,0.0002156965858323365,0.3116389213664536,0.00015969325744036805,0.4962015263462813,0.0003002517077258237,-0.029126085069687307,-0.0002874221484082728,54.77987724098335,0.0005676156016643568,19050,0.13849072749928915
LAS_1.0Torr_SmallAdmixture_1kHzLaserFreq_CapCoupling_3%_N2_Trial,0,70.0,1.0,1.04,8,1.1748749619777383,0.0007529233721096477,0.39424119810453434,0.0002324124512787225,0.3152376978697003,0.00017104998560609324,0.49892345891012535,0.00031973711693954605,-0.028421848712238518,-0.0002095057816723378,60.354164614983496,0.000580279455322165,19064,0.13910653706073225
LAS_1.0Torr_SmallAdmixture_1kHzLaserFreq_CapCoupling_3%_N2_Trial,0,70.0,1.0,1.3,0,1.0806889009632366,0.0004950081361914638,0.33877171813699086,0.00014377396326331523,0.29449250446021435,0.0001138206943921459,0.4589263214586884,0.0002102106006936755,-0.046133239156687156,-0.00016410992016044815,33.33561847857409,0.0004995357267772016,17044,0.1323603294563822
LAS_1.0Torr_SmallAdmixture_1kHzLaserFreq_CapCoupling_3%_N2_Trial,0,70.0,1.0,1.3,2,1.1072783800642734,0.0005124490709467956,0.34453989335093205,0.0001479960054826593,0.2923145846975534,0.00011394101399305196,0.470217833588095,0.00021761708374622762,-0.04819449962462933,-2.7419137991350696e-05,32.86223561921335,0.0005059693358135072,17128,0.13234796851432878
LAS_1.0Torr_SmallAdmixture_1kHzLaserFreq_CapCoupling_3%_N2_Trial,0,70.0,1.0,1.3,4,1.0464316350172096,0.000755914418371426,0.31720590932286363,0.0002123611235905096,0.2847725988681703,0.0001738293439363365,0.44437860006557584,0.0003210072973374452,-0.047493928284009404,-9.441788993680539e-05,73.77559147828653,0.0005175174312829772,17205,0.13223642549602177
LAS_1.0Torr_SmallAdmixture_1kHzLaserFreq_CapCoupling_3%_N2_Trial,0,70.0,1.0,1.3,6,1.0460215184565838,0.0006003309111656163,0.3241830405579469,0.00017254500705056713,0.29115044771899407,0.00014111658973911978,0.44420443959777656,0.00025493706511986404,-0.04864147669942285,8.145375142360184e-05,50.035849001050934,0.0005111154742817831,17213,0.1322428448586463
LAS_1.0Torr_SmallAdmixture_1kHzLaserFreq_CapCoupling_3%_N2_Trial,0,70.0,1.0,1.3,8,1.0789690889602388,0.0007185507994258402,0.3275988260428428,0.00020278587586062156,0.2852338892668963,0.0001600322454080466,0.4581959845454169,0.00030514042928337493,-0.04652906622756253,0.00010087016706237599,67.2748053790012,0.0005032190551747421,17205,0.1322616583295628
LAS_1.0Torr_SmallAdmixture_1kHzLaserFreq_CapCoupling_3%_N2_Trial,0,70.0,1.0,1.17,0,1.0868179788139187,0.000714021602269236,0.36291053977273074,0.00021936202149668797,0.3136971383815219,0.00017475379070129482,0.4615291011758118,0.00030321705634192174,-0.03239422663631586,-0.0003164612827365666,74.27816544884827,0.0005287576377245158,18645,0.13380991416417684
LAS_1.0Torr_SmallAdmixture_1kHzLaserFreq_CapCoupling_3%_N2_Trial,0,70.0,1.0,1.17,2,1.0886517682070311,0.000793899272012603,0.3648310244236059,0.0002449380386833604,0.3148259845608771,0.00019424749828518854,0.46230783983016543,0.00033713797947654587,-0.03303004707383075,-0.00036224678314570203,110.82383820056539,0.0004802699016680776,18708,0.1337714754101781
LAS_1.0Torr_SmallAdmixture_1kHzLaserFreq_CapCoupling_3%_N2_Trial,0,70.0,1.0,1.17,4,1.1543705877053854,0.0006270532804749438,0.38749516460572275,0.00019365545944310304,0.3153470876887757,0.00014514423360857483,0.49021605287473824,0.0002662850105247437,-0.0338204911245569,-0.00047640651998114665,56.77205292285621,0.0005045027380192915,18613,0.13379576792599268
LAS_1.0Torr_SmallAdmixture_1kHzLaserFreq_CapCoupling_3%_N2_Trial,0,70.0,1.0,1.17,6,1.1331900802683772,0.0006795195034514334,0.3788233809030322,0.00020901513143897318,0.3140521720584261,0.00015960250613899092,0.4812215195210315,0.0002885653640010961,-0.03677991379470055,-0.00028302639507350974,74.91188000262039,0.0004822408654415615,18620,0.1338279362507091
LAS_1.0Torr_SmallAdmixture_1kHzLaserFreq_CapCoupling_3%_N2_Trial,0,70.0,1.0,1.17,8,1.1543361100068994,0.0005533270423348585,0.3886161290990643,0.00017146206305335303,0.31626878481470644,0.00012835931103557426,0.49020141154426433,0.0002349763598719435,-0.03718091092738837,-0.00026724283344684827,45.97976977745839,0.000495176680146201,18593,0.13382453928488006
LAS_1.0Torr_SmallAdmixture_1kHzLaserFreq_CapCoupling_3%_N2_Trial,0,70.0,1.0,1.57,0,1.1879767763146074,0.00042271942621585477,0.372555215828473,0.0001233881734895744,0.294612037121654,8.844871991017451e-05,0.5044872871799398,0.0001795124120451841,-0.03939095091781466,-0.00015544762158909835,20.447309667607847,0.0005130005977467079,17401,0.12926437935147253
LAS_1.0Torr_SmallAdmixture_1kHzLaserFreq_CapCoupling_3%_N2_Trial,0,70.0,1.0,1.57,2,1.1726660881481399,0.0005444368285354626,0.36622141000731206,0.00015840316850109867,0.293384492223294,0.00011473050227517885,0.49798543656134353,0.00023120103367741933,-0.041636225187329366,-7.553512153135092e-06,35.1430049074756,0.0005077979354413932,17443,0.12923069429850897
LAS_1.0Torr_SmallAdmixture_1kHzLaserFreq_CapCoupling_3%_N2_Trial,0,70.0,1.0,1.57,4,1.1718368385543911,0.00044145263318031,0.3689506206923554,0.00012943207309682814,0.29578005714972744,9.395569709728463e-05,0.4976332866824181,0.0001874676725772937,-0.04075389297674407,6.829863836700437e-05,24.24133091777663,0.0004990718809534068,17419,0.1292768421469548
LAS_1.0Torr_SmallAdmixture_1kHzLaserFreq_CapCoupling_3%_N2_Trial,0,70.0,1.0,1.57,6,1.1668499108935524,0.0004996526054850589,0.3663795453294693,0.00014611640317894965,0.2949741863304059,0.00010641349220566608,0.49551553349301325,0.00021218292520458476,-0.03980254478982005,0.00020617491895955444,28.99062441089245,0.0005165131119273706,17389,0.12928143604912948
LAS_1.0Torr_SmallAdmixture_1kHzLaserFreq_CapCoupling_3%_N2_Trial,0,70.0,1.0,1.57,8,1.1875427180592075,0.0005067423597658354,0.36946148083872504,0.0001469219166904552,0.29227233923063856,0.00010501861324771493,0.5043029596104868,0.00021519366663925917,-0.036815543289809634,0.00019042695747844524,30.126831370066217,0.0005021540227104169,17287,0.12927867866553266
LAS_1.0Torr_SmallAdmixture_1kHzLaserFreq_CapCoupling_3%_N2_Trial,0,70.0,1.0,1.43,0,1.1438218719588877,0.0005485282303816877,0.35554576440715085,0.00015840480774903835,0.2920148263958416,0.00011803689141256859,0.4857364257504673,0.00023293849206828816,-0.03075856960482242,-4.617913680780025e-07,34.11085079091277,0.0005227548439810503,17353,0.1308377784129404
LAS_1.0Torr_SmallAdmixture_1kHzLaserFreq_CapCoupling_3%_N2_Trial,0,70.0,1.0,1.43,3,1.1475553758474863,0.000636638214452633,0.3633765844809207,0.00018737649792267523,0.29747541325909765,0.00013919479201348302,0.4873218988724907,0.0002703553572155301,-0.030328876528322633,-4.798910574170753e-05,46.6802538813083,0.0005278533368597184,17321,0.1308904041325016
LAS_1.0Torr_SmallAdmixture_1kHzLaserFreq_CapCoupling_3%_N2_Trial,0,70.0,1.0,1.43,6,1.1535041426985444,0.0005227772385149632,0.3533991594210315,0.00014901553364667406,0.287815476626339,0.00010989158042308666,0.48984810755820785,0.00022200305268256385,-0.02947308355109725,-0.00025775483462629653,30.476120309168717,0.0005204723958836211,17409,0.1308737806437279
LAS_1.0Torr_SmallAdmixture_1kHzLaserFreq_CapCoupling_3%_N2_Trial,0,70.0,1.0,1.43,9,1.142679139758636,0.0005951569104413949,0.3591177489585795,0.0001740820987918543,0.29524351068984567,0.00012955973730449863,0.4852511520656848,0.0002527398693149704,-0.03092000377349973,-0.00010598295603673864,44.5373559877985,0.0005072128814467655,17334,0.13084900418364437
LAS_1.0Torr_SmallAdmixture_1kHzLaserFreq_CapCoupling_3%_N2_Trial,0,70.0,1.0,1.43,12,1.1319399623504722,0.0006845502552844955,0.3533309756533173,0.0001989990814470827,0.2932419574257173,0.00014933382984667087,0.48069064332072775,0.00029070172760292537,-0.03138132227409602,-0.00015867144659817032,57.06707197816444,0.0005151050992459842,17293,0.1308468678211513
LAS_1.0Torr_SmallAdmixture_1kHzLaserFreq_CapCoupling_3%_N2_Trial,0,70.0,1.0,1.7,0,1.1737575490273695,0.0005617393632360889,0.3601406694774595,0.00016058737214153578,0.2882448515567213,0.00011630805593534086,0.49844893732078915,0.00023854874363816027,-0.040567522804668084,-7.482521979675843e-05,36.033077691425326,0.0005079707303078232,16874,0.12807311902461352
LAS_1.0Torr_SmallAdmixture_1kHzLaserFreq_CapCoupling_3%_N2_Trial,0,70.0,1.0,1.7,2,1.1771602538803296,0.000552135035481894,0.36317656022214495,0.00015848901086958683,0.289834453973398,0.00011466811689978738,0.4998939330265716,0.00023447016116878578,-0.042195620917039184,-0.00011723966284762852,34.042994430107356,0.0005142390610333679,18826,0.1280819405465905
LAS_1.0Torr_SmallAdmixture_1kHzLaserFreq_CapCoupling_3%_N2_Trial,0,70.0,1.0,1.7,4,1.166313545729811,0.00047163012436832554,0.3589486691683754,0.00013510146457586386,0.28912444873080323,9.860757986820364e-05,0.495287760179773,0.0002002828731492843,-0.04525898685082519,-0.00029722277207012884,24.37598798679966,0.0005233915704510968,18827,0.12807705691841237
LAS_1.0Torr_SmallAdmixture_1kHzLaserFreq_CapCoupling_3%_N2_Trial,0,70.0,1.0,1.7,6,1.17954728599971,0.0005027954417299764,0.36602922868823906,0.0001451565700332906,0.2915198963235936,0.00010481381775216479,0.5009076122350603,0.00021351756487335665,-0.050649303483088895,-8.962711230277244e-05,28.22366349878523,0.0005170433857827967,18836,0.1280746874060339
LAS_1.0Torr_SmallAdmixture_1kHzLaserFreq_CapCoupling_3%_N2_Trial,0,70.0,1.0,1.7,8,1.2029839198864953,0.0004641805399925283,0.37122239854183353,0.0001335250736281358,0.2898959446701516,9.417065366670281e-05,0.5108602342777682,0.00019711932594255948,-0.053894468617630725,8.622629569641257e-05,21.06009716762627,0.000538070422802372,17164,0.1280952884342321
LAS_1.0Torr_SmallAdmixture_1kHzLaserFreq_CapCoupling_3%_N2_Trial,0,70.0,1.0,1.96,0,1.2198734420961101,0.0006619758610630678,0.34074319029827516,0.00017248301608172877,0.26240988973348667,0.00011996552907827901,0.5180325539823054,0.0002811152650326482,-0.056483900748494166,-2.1447711524740524e-05,36.54560801497685,0.0005260063918120701,18680,0.12721555488782052
LAS_1.0Torr_SmallAdmixture_1kHzLaserFreq_CapCoupling_3%_N2_Trial,0,70.0,1.0,1.96,2,1.180714675404586,0.0007245197137155727,0.33469946524617605,0.0001912011744104145,0.26630409646204595,0.00013775914416911699,0.5014033568705536,0.0003076751937985352,-0.05931332566259639,-6.00650786949122e-05,46.50542908383378,0.0005288811739646615,19301,0.12720742435640253
LAS_1.0Torr_SmallAdmixture_1kHzLaserFreq_CapCoupling_3%_N2_Trial,0,70.0,1.0,1.96,4,1.1633724038983475,0.000752366875278117,0.3330471632090223,0.00020043545371766446,0.26893961008126244,0.00014673184814049177,0.4940387722421725,0.0003195007944941409,-0.06341393491003741,-0.000132920115975944,56.60784197603316,0.0005078422441587784,19171,0.12723947833082583
LAS_1.0Torr_SmallAdmixture_1kHzLaserFreq_CapCoupling_3%_N2_Trial,0,70.0,1.0,1.96,6,1.2219078589875012,0.0007124377027715182,0.3314933319403544,0.00018040680115770374,0.25486143768906905,0.00012515147448194464,0.5188964912906717,0.0003025444361554832,-0.06823448082968263,6.977336244526686e-05,40.41022775073212,0.0005232733914225423,19271,0.12724915997993982
LAS_1.0Torr_SmallAdmixture_1kHzLaserFreq_CapCoupling_3%_N2_Trial,0,70.0,1.0,1.96,8,1.18341982783808,0.0007167318943020994,0.33167148948995095,0.0001869364251807577,0.2632916520233694,0.0001344178275593564,0.5025521293379879,0.0003043680113962506,-0.0686235765476171,0.00018707477311427973,42.4576515134575,0.0005381786653200272,19252,0.12731372506015642
LAS_1.0Torr_SmallAdmixture_1kHzLaserFreq_CapCoupling_3%_N2_Trial,0,70.0,1.0,1.83,0,1.15881000323524,0.0006483780968862246,0.3501750810057731,0.00018225476595380927,0.28388391906357463,0.00013392036925600258,0.4921012990697596,0.00027534082625736396,-0.0524455077647731,-8.885015964503709e-05,42.51048008002481,0.0005379814740746644,18987,0.12761281179138323
LAS_1.0Torr_SmallAdmixture_1kHzLaserFreq_CapCoupling_3%_N2_Trial,0,70.0,1.0,1.83,2,1.1782987190613194,0.0006093285183618874,0.349532606989305,0.00016820666707130958,0.27867632868888753,0.00012147820533536444,0.5003773946751133,0.00025875799709097476,-0.055472418333898696,-0.00019006002911691036,37.95860426093689,0.0005175504190111591,19048,0.127633989253649
LAS_1.0Torr_SmallAdmixture_1kHzLaserFreq_CapCoupling_3%_N2_Trial,0,70.0,1.0,1.83,4,1.1832449758748365,0.0006103979488397396,0.35505398811129474,0.0001704117566543969,0.2818950928873549,0.00012257394305278707,0.5024778765458849,0.0002592121424003409,-0.060851357855242004,-6.749993781900812e-05,36.14662378954909,0.0005308519995733063,19028,0.12758746718830982
LAS_1.0Torr_SmallAdmixture_1kHzLaserFreq_CapCoupling_3%_N2_Trial,0,70.0,1.0,1.83,6,1.1428584842489227,0.0006402162447565983,0.34569677328969883,0.00017984228738731817,0.28416504793063235,0.00013436893352006805,0.4853273126583659,0.00027187480678515455,-0.06350486078365095,0.0002513501898082307,43.69517853032819,0.0005271492593870979,18992,0.12757413456554814
LAS_1.0Torr_SmallAdmixture_1kHzLaserFreq_CapCoupling_3%_N2_Trial,0,70.0,1.0,1.83,8,1.1829030051735159,0.0006403142997233149,0.3474100325891785,0.00017511150548516497,0.27590591467020664,0.00012578613220904936,0.5023326549600392,0.000271916446895584,-0.061855777201480014,0.00021022526877147052,40.03489355943706,0.000522001458434697,18908,0.12756316729889966
LAS_1.0Torr_SmallAdmixture_1kHzLaserFreq_CapCoupling_3%_N2_Trial,0,70.0,1.0,2.09,0,1.200026320436181,0.0008424746863214388,0.34347044144894234,0.0002247955139790198,0.268884883050965,0.00015888250269313774,0.5096042574329323,0.0003577660586418043,-0.052829966719426684,0.00023460161868403852,64.53486418102457,0.0005210964049026594,18713,0.1278759452434002
LAS_1.0Torr_SmallAdmixture_1kHzLaserFreq_CapCoupling_3%_N2_Trial,0,70.0,1.0,2.09,2,1.2049269972858232,0.0008447099506211754,0.344451401188707,0.00022478967756310654,0.26855609319561224,0.00015874685383216003,0.5116853832752162,0.0003587152879913902,-0.052036989249824854,0.00022415094569601458,57.94695180405494,0.0005471340987683327,18709,0.12786849917330528
LAS_1.0Torr_SmallAdmixture_1kHzLaserFreq_CapCoupling_3%_N2_Trial,0,70.0,1.0,2.09,4,1.1851964943509772,0.0007965012574686216,0.34047867379116653,0.0002129835446217261,0.2698779150007499,0.0001529537364454969,0.5033066101386104,0.00033824294096246034,-0.05043743679108988,0.00011247100584399737,59.66834942135295,0.0005196896804760478,18728,0.1277897700703108
LAS_1.0Torr_SmallAdmixture_1kHzLaserFreq_CapCoupling_3%_N2_Trial,0,70.0,1.0,2.09,6,1.1934816409281748,0.0008128380888089489,0.3382790333817487,0.00021450654462151203,0.2662729979777072,0.00015295994553850192,0.5068249879419082,0.0003451805544649446,-0.050559936473541026,0.00019711240059655576,59.86496769520292,0.0005202430541372597,18701,0.12783165437062644
LAS_1.0Torr_SmallAdmixture_1kHzLaserFreq_CapCoupling_3%_N2_Trial,0,70.0,1.0,2.09,8,1.1990711224475243,0.0008179394246820536,0.34163191215331795,0.000216983225525868,0.2676586466490581,0.00015384126191682535,0.5091986221952536,0.00034734689234875414,-0.0501471509305952,-2.2207592773791915e-05,58.51990099992116,0.0005278980964144527,18765,0.12788384260651
LAS_1.0Torr_SmallAdmixture_1kHzLaserFreq_CapCoupling_3%_N2_Trial,0,70.0,1.0,2.22,0,1.239120790712747,0.0010639328513487058,0.339191724963459,0.0002785733827301395,0.2571576180832413,0.0001838809103083649,0.526206150371232,0.0004518106823465241,-0.0525014335009615,0.000530435110149716,92.14395378894689,0.0005030093483722521,17281,0.1288153685637885
LAS_1.0Torr_SmallAdmixture_1kHzLaserFreq_CapCoupling_3%_N2_Trial,0,70.0,1.0,2.22,3,1.1981648569322483,0.0010782792633335556,0.32687497567162543,0.0002814251977135394,0.2562907231365497,0.00019229311906357005,0.5088137666657669,0.0004579030425738472,-0.05310509130828879,0.0007105452800821433,96.08183803592523,0.0005126747995047967,18448,0.12881300219023778
LAS_1.0Torr_SmallAdmixture_1kHzLaserFreq_CapCoupling_3%_N2_Trial,0,70.0,1.0,2.22,6,1.2027804129242499,0.0009697902394888739,0.33004338191857024,0.00025428294529076183,0.2577819302931552,0.0001733490531216138,0.5107738128279954,0.0004118319960522198,-0.04798343792956316,0.00019098128577755316,73.17948590842539,0.0005271054811074227,18466,0.12887656080517312
LAS_1.0Torr_SmallAdmixture_1kHzLaserFreq_CapCoupling_3%_N2_Trial,0,70.0,1.0,2.22,9,1.183168204234244,0.0009123498366095325,0.33089926076085446,0.00024354098028272475,0.26273449534936916,0.00016897014049992263,0.5024452746318854,0.0003874393028608441,-0.04940231849829086,0.0005360821049198673,72.25803075810862,0.0005157650438289144,17326,0.1289350213808928
LAS_1.0Torr_SmallAdmixture_1kHzLaserFreq_CapCoupling_3%_N2_Trial,0,70.0,1.0,2.22,12,1.2010595414632415,0.000929956867788625,0.3334685362594354,0.0002465586739721949,0.2608303447253433,0.00016846058822696504,0.5100430260043315,0.0003949163205702212,-0.04906961086841883,0.0003691609143810912,74.49708512821961,0.0005070555065067422,17335,0.12893264577283803
LAS_1.0Torr_SmallAdmixture_1kHzLaserFreq_CapCoupling_3%_N2_Trial,0,70.0,1.0,2.35,0,1.1599264597075611,0.000981022144765959,0.3169206118517319,0.0002566836347764196,0.2566775114664442,0.0001811587269910523,0.49257541448026715,0.00041660174705751893,-0.0611726900853459,0.0005569321779347363,21.27486907989107,0.00102042330237389,17415,0.1230013152010665
LAS_1.0Torr_SmallAdmixture_1kHzLaserFreq_CapCoupling_3%_N2_Trial,0,70.0,1.0,2.35,2,1.1814442776315777,0.0010173451555139407,0.3221446163341977,0.00026512928225092154,0.25615652591202087,0.00018391219647357514,0.5017131904090149,0.0004320267094976974,-0.058809896770322605,0.0003032435672051572,79.47585056828368,0.0005360257925587929,17416,0.12403554170003672
LAS_1.0Torr_SmallAdmixture_1kHzLaserFreq_CapCoupling_3%_N2_Trial,0,70.0,1.0,2.35,4,1.170163416244199,0.0010305323081673265,0.31793481417285707,0.0002676109336317516,0.25524624380164124,0.00018759728239667556,0.4969226496578508,0.0004376267776138207,-0.06007475713063634,5.489418066803323e-05,81.6899426903872,0.000541428590994238,17563,0.12409364988987888
LAS_1.0Torr_SmallAdmixture_1kHzLaserFreq_CapCoupling_3%_N2_Trial,0,70.0,1.0,2.35,6,1.153928543669345,0.0010213988145230393,0.31553884306787444,0.0002667310021131495,0.2568867489083113,0.00018984816494728327,0.49002833405649,0.0004337481399813781,-0.06255699625731762,0.00033491409324619837,84.23338706439114,0.0005344571905911202,17452,0.12423339214802949
LAS_1.0Torr_SmallAdmixture_1kHzLaserFreq_CapCoupling_3%_N2_Trial,0,70.0,1.0,2.35,8,1.2032880585954426,0.001096805737551538,0.3253769193142673,0.00028402603009422686,0.25402995188788874,0.00019335053653109764,0.5109893900956783,0.00046577051179175037,-0.06475212187457005,0.0002857483341809765,88.6748792200127,0.0005341001117493152,17580,0.12430048991390531
LAS_1.0Torr_SmallAdmixture_1kHzLaserFreq_CapCoupling_3%_N2_Trial,0,70.0,1.0,2.61,0,1.19664253997307,0.0012978458093255687,0.2870206883038163,0.0002974032732762977,0.22532872210669203,0.0002032822292066385,0.5081672981755778,0.0005511443696363266,-0.07486311413885499,0.0006413703318824617,19.153284512063077,0.0011955933559649999,17129,0.11573810954525522
LAS_1.0Torr_SmallAdmixture_1kHzLaserFreq_CapCoupling_3%_N2_Trial,0,70.0,1.0,2.61,2,1.1317619921776207,0.0012963276888827153,0.27213720827730364,0.0002971904738296614,0.22589187492066556,0.00021521600370218188,0.48061506634692586,0.0005504996832425374,-0.07158304207201749,-3.269495476181079e-05,26.312798236883808,0.0010686409072250425,17089,0.11518257813152838
LAS_1.0Torr_SmallAdmixture_1kHzLaserFreq_CapCoupling_3%_N2_Trial,0,70.0,1.0,2.61,4,1.1736298255955775,0.0014524584356595497,0.28360778712300233,0.0003351073448875295,0.22701513027556047,0.0002357275522975559,0.49839469817327486,0.0006168023067089443,-0.07566730583663278,0.00035028196295148106,28.838230232526154,0.001122217559125716,17264,0.11531878049137051
LAS_1.0Torr_SmallAdmixture_1kHzLaserFreq_CapCoupling_3%_N2_Trial,0,70.0,1.0,2.61,6,1.1770303719615645,0.0013226945922143367,0.26811928493098836,0.00028814019888722043,0.21399724034537423,0.00020124786608196623,0.49983877725403636,0.0005616966761453539,-0.07821052816518005,0.0006754127517607662,24.579842077818324,0.001051796860972548,17137,0.11536318877082186
LAS_1.0Torr_SmallAdmixture_1kHzLaserFreq_CapCoupling_3%_N2_Trial,0,70.0,1.0,2.61,8,1.174900180231035,0.0012453990903819531,0.27502552341927045,0.00027910259456012323,0.2199073875732493,0.0001948767134226524,0.4989341681162704,0.0005288722987601309,-0.07909036614565715,0.000569930809936939,88.64069859232136,0.0005359381540630181,17017,0.11518648553539507
LAS_1.0Torr_SmallAdmixture_1kHzLaserFreq_CapCoupling_3%_N2_Trial,0,70.0,1.0,2.48,0,1.1951017758219897,0.001100806101448792,0.3052071662097439,0.0002700651695344629,0.23991512310029517,0.00018292306454330474,0.5075129958842705,0.0004674693099252619,-0.07127157187343049,-0.00011417385884672477,94.52613233776174,0.0004933140483074669,18627,0.11832727628536224
LAS_1.0Torr_SmallAdmixture_1kHzLaserFreq_CapCoupling_3%_N2_Trial,0,70.0,1.0,2.48,3,1.1567906074811043,0.0011259927109772843,0.2944260527847603,0.0002740009197169641,0.23910533852680269,0.0001940905845620099,0.49124374065106136,0.00047816507819920716,-0.07841497794695275,0.00028044926012687745,97.65408304802193,0.0005082486953826735,17016,0.11837963872892673
LAS_1.0Torr_SmallAdmixture_1kHzLaserFreq_CapCoupling_3%_N2_Trial,0,70.0,1.0,2.48,6,1.1540205152374692,0.0011050420313384935,0.28539659218147745,0.0002614511424532744,0.2323287969052703,0.00018533556549818041,0.49006739078539735,0.0004692681437251694,-0.08094664464503194,0.0003591438376274322,93.01125662058448,0.0004988949423428638,17088,0.11847060277916875
LAS_1.0Torr_SmallAdmixture_1kHzLaserFreq_CapCoupling_3%_N2_Trial,0,70.0,1.0,2.48,9,1.1993854369378596,0.0011084370707830729,0.29707609847531635,0.00026319807299272577,0.23268946989292175,0.00017928501713137008,0.5093320992696476,0.0004707098842317289,-0.08238736430795592,0.0006547290777421186,51.84228422749697,0.0006564137473058746,17277,0.11823737846352865
LAS_1.0Torr_SmallAdmixture_1kHzLaserFreq_CapCoupling_3%_N2_Trial,0,70.0,1.0,2.48,12,1.1888067662650168,0.001206747085324957,0.29169422050657035,0.00028427940472630105,0.23050712067029083,0.00019479216019541336,0.5048397514593912,0.0005124583035002561,-0.07830596186817504,0.0005700534957321447,74.71350728766137,0.0005948228011963389,17210,0.1183878818227341
LAS_1.0Torr_SmallAdmixture_1kHzLaserFreq_CapCoupling_3%_N2_Trial,0,70.0,1.0,2.74,0,1.177083338334919,0.0012058621440020874,0.26375476124085606,0.00025878132320144177,0.21050425834307768,0.00017895819669848305,0.49986127000182246,0.0005120825035215117,-0.06463346732997866,0.00015088117706864602,99.71533753277326,0.0004634615875042672,18837,0.11256105200945626
LAS_1.0Torr_SmallAdmixture_1kHzLaserFreq_CapCoupling_3%_N2_Trial,0,70.0,1.0,2.74,2,1.1861699989349361,0.0012424193984743865,0.26679997355097734,0.0002673108064112152,0.21130347364620655,0.0001852127998333424,0.5037200194715288,0.0005276069401125118,-0.06587713469643185,0.00019306680345657613,69.1197076966575,0.0005740653218501636,18808,0.11273106027272119
LAS_1.0Torr_SmallAdmixture_1kHzLaserFreq_CapCoupling_3%_N2_Trial,0,70.0,1.0,2.74,4,1.159231779533171,0.0012260026217403176,0.2551698409459379,0.0002581880978974079,0.20678872440937543,0.00018238561998236853,0.49228041097209846,0.0005206353769271588,-0.06658982340242273,0.000147966236670881,88.49893099168413,0.0004985159288435263,18884,0.1124384747783309
LAS_1.0Torr_SmallAdmixture_1kHzLaserFreq_CapCoupling_3%_N2_Trial,0,70.0,1.0,2.74,6,1.1748867301375505,0.0012454501184698272,0.2679696555097093,0.0002719861977166901,0.21426804600699823,0.0001897321968181204,0.4989284563874642,0.0005288939683938601,-0.06836074458668577,0.00042683323222593786,82.2957814640808,0.0005415315326906961,18797,0.11293920756440555
LAS_1.0Torr_SmallAdmixture_1kHzLaserFreq_CapCoupling_3%_N2_Trial,0,70.0,1.0,2.74,8,1.2096648481960135,0.0012674851103938055,0.2710274674037468,0.0002727143958921772,0.21048252068359427,0.00018335434856927535,0.5136973633074857,0.0005382513678989627,-0.06584714299700843,0.00031900181371769524,42.969842420652675,0.0007332207763956048,18838,0.11284758934401527
LAS_1.0Torr_SmallAdmixture_1kHzLaserFreq_CapCoupling_3%_N2_Trial,0,70.0,1.0,3.0,0,1.2257049046268478,0.0013768937844926903,0.27012828817322476,0.0002916678446320977,0.2070388908319711,0.00019367611866176788,0.5205089481097646,0.0005847129539253578,-0.0744290207513289,2.0408018192338814e-06,100.0333107490534,0.0005071576865528899,18675,0.10813733401289909
LAS_1.0Torr_SmallAdmixture_1kHzLaserFreq_CapCoupling_3%_N2_Trial,0,70.0,1.0,3.0,3,1.228654364678724,0.0014010273522778753,0.26905455512678356,0.0002947852819465742,0.2057208978833881,0.000195566683862425,0.5217614684703331,0.0005949615365447009,-0.0776175451545066,2.890913931989386e-05,106.1579783044447,0.0004944894078013694,18629,0.1080531768301849
LAS_1.0Torr_SmallAdmixture_1kHzLaserFreq_CapCoupling_3%_N2_Trial,0,70.0,1.0,3.0,6,1.1897401697229752,0.0013953839492536514,0.2622900405289813,0.0002951070870269192,0.20710828143420726,0.00020326737088756686,0.5052361314120454,0.0005925650039365585,-0.08138781189527675,-7.980142179130894e-05,125.57881586275083,0.000470372088566494,18718,0.10815687060513438
LAS_1.0Torr_SmallAdmixture_1kHzLaserFreq_CapCoupling_3%_N2_Trial,0,70.0,1.0,3.0,9,1.2216351065116093,0.0013055652634769742,0.26730131062314794,0.00027425230451918195,0.20555468200460886,0.00018249711137956475,0.518780663978743,0.0005544225199848829,-0.08672187198273548,0.00014457952333518802,96.67880433698465,0.00048590662832827486,18749,0.10804507347046148
LAS_1.0Torr_SmallAdmixture_1kHzLaserFreq_CapCoupling_3%_N2_Trial,0,70.0,1.0,3.0,12,1.2078001208509443,0.0013535134870969175,0.26307971922510864,0.0002827365947930235,0.20462565886794196,0.00019124280269253375,0.5129054865146055,0.0005747842557876342,-0.08817987903504507,0.00017774907379255632,106.07017853082937,0.0004819157830510336,18708,0.10811133102837768
LAS_1.0Torr_SmallAdmixture_1kHzLaserFreq_CapCoupling_3%_N2_Trial,0,70.0,1.0,2.87,0,1.1208988698041724,0.001374985948097513,0.24326472054152395,0.0002853575439678272,0.20388275269568817,0.00020912058035022914,0.4760019230214428,0.0005839027704044543,-0.0709417754698738,0.0003656744980279672,121.96431401585345,0.0004905578560910109,19073,0.11018110658747847
LAS_1.0Torr_SmallAdmixture_1kHzLaserFreq_CapCoupling_3%_N2_Trial,0,70.0,1.0,2.87,2,1.2479414220847902,0.0013747094626454948,0.27027582211118834,0.00028523819096690494,0.20346081821554787,0.00018665105989516806,0.5299519276295224,0.0005837853578435234,-0.0688272559661494,0.00020730256188768612,100.97894098952483,0.00048538640566577563,19070,0.11024694351553857
LAS_1.0Torr_SmallAdmixture_1kHzLaserFreq_CapCoupling_3%_N2_Trial,0,70.0,1.0,2.87,4,1.126002868419053,0.0014095355054648151,0.2457851792747699,0.00029386635753270504,0.20506143140362246,0.0002142599790280663,0.47816939166757183,0.0005985746165356299,-0.06917260715078163,5.7421200095052066e-06,135.49259381350234,0.00047432823465554314,19083,0.11019418131264877
LAS_1.0Torr_SmallAdmixture_1kHzLaserFreq_CapCoupling_3%_N2_Trial,0,70.0,1.0,2.87,6,1.148298275071398,0.0012970104529066676,0.2525692469840331,0.00027267868111756366,0.20663008141778078,0.0001952158953301042,0.4876373791256333,0.0005507896264275349,-0.0721378041752294,7.297161482678187e-05,127.32641464046308,0.0004459654051233827,19092,0.11017718652569647
LAS_1.0Torr_SmallAdmixture_1kHzLaserFreq_CapCoupling_3%_N2_Trial,0,70.0,1.0,2.87,8,1.1548292180708846,0.001340994357997574,0.2509081535120103,0.00027904303592659295,0.20411024353248486,0.00019769845936030511,0.49041081525858454,0.0005694678711552879,-0.073565473375016,-3.8735383510096294e-05,115.7871007281225,0.0004760086178340219,19039,0.11016489772955847
LAS_1.0Torr_SmallAdmixture_1kHzLaserFreq_CapCoupling_3%_N2_Trial,0,75.0,1.0,0.0,0,1.0667977594366456,0.0007988087238962953,0.30980223790481254,0.00021737411556132965,0.2728162566314831,0.00017227310974365088,0.4530272967939784,0.00033922283173268834,0.005043795279678051,-0.0008702142926779493,76.59623059316752,0.0005067753589695137,18555,0.15519111694216273
LAS_1.0Torr_SmallAdmixture_1kHzLaserFreq_CapCoupling_3%_N2_Trial,0,75.0,1.0,0.0,3,1.1868789839118188,0.0007294618019390788,0.3274451601446807,0.0001904421931850528,0.25917906908742194,0.00013361061759557293,0.5040210976700004,0.0003097739054321204,0.00021201427365989336,-0.0007684085342133645,46.9124477947003,0.000523355733357185,18490,0.15512951464071706
LAS_1.0Torr_SmallAdmixture_1kHzLaserFreq_CapCoupling_3%_N2_Trial,0,75.0,1.0,0.0,6,1.1730486081350069,0.0007219996703188906,0.30650155624302355,0.00017861051029876266,0.24546211121799916,0.00012671173363306028,0.49814787784328957,0.00030660502990129823,-0.0014635074122469885,-0.0008685675093844684,44.40393871043773,0.0005125950184426021,18446,0.15520922661010123
LAS_1.0Torr_SmallAdmixture_1kHzLaserFreq_CapCoupling_3%_N2_Trial,0,75.0,1.0,0.0,9,1.1500969978494362,0.0008457422856416498,0.32405057205372506,0.00022474126712045784,0.2646952284376542,0.0001639845061087285,0.48840122635966454,0.000359153680310435,-0.005060468161362677,-0.0006032265216030197,75.31004892665356,0.000498069964278945,18538,0.1551807246294711
LAS_1.0Torr_SmallAdmixture_1kHzLaserFreq_CapCoupling_3%_N2_Trial,0,75.0,1.0,0.0,12,1.10072103999449,0.0006955519458463609,0.31973788225549704,0.00018981982420857932,0.2728881116007352,0.00014473360919347043,0.46743318765151043,0.000295373715420033,-0.0038462677889753312,-0.000667256700602657,54.217051797962114,0.0005077417689755741,18482,0.15523092646910722
LAS_1.0Torr_SmallAdmixture_1kHzLaserFreq_CapCoupling_3%_N2_Trial,0,75.0,1.0,0.26,0,1.1241391140547041,0.0010499708700447427,0.3176122705675933,0.00027895519533290366,0.2654269417487036,0.00020843987822149644,0.47737792806156004,0.0004458815747981893,0.011369691930272641,-0.0004927699912240374,115.97210685041257,0.0005093914497959371,16883,0.15124484156149154
LAS_1.0Torr_SmallAdmixture_1kHzLaserFreq_CapCoupling_3%_N2_Trial,0,75.0,1.0,0.26,2,1.1914008190003527,0.0010259658123100597,0.31694872767367116,0.00025328009822293953,0.24991878926430586,0.00018177280589025676,0.505941344229,0.0004356875653725699,0.01197577860106202,-0.0004995176175688404,83.43533265429903,0.0005375796446186805,18495,0.1512326101755793
LAS_1.0Torr_SmallAdmixture_1kHzLaserFreq_CapCoupling_3%_N2_Trial,0,75.0,1.0,0.26,4,1.1907068377908907,0.0010727739059076054,0.3137648880906813,0.0002622647457829269,0.247552481655586,0.00018854661928959784,0.5056466375439068,0.00045556513253372874,0.011677849372134076,-0.0005989389498723386,91.30744597385821,0.0005327651434099956,18538,0.15116126908651997
LAS_1.0Torr_SmallAdmixture_1kHzLaserFreq_CapCoupling_3%_N2_Trial,0,75.0,1.0,0.26,6,1.1867802294020695,0.0011988101813894864,0.31241825690616887,0.0002930756837019087,0.24730556661859066,0.00021042929679690868,0.503979160490997,0.0005090878107306626,0.009982381214193713,-0.0005784444133146992,128.39342335196062,0.0005032393176381747,18514,0.15123039507425784
LAS_1.0Torr_SmallAdmixture_1kHzLaserFreq_CapCoupling_3%_N2_Trial,0,75.0,1.0,0.26,8,1.1328243964039624,0.0009899462692795076,0.3253229285216536,0.00026307041547488037,0.26978628606441135,0.00019910045692996155,0.48106622788200093,0.00042039147380643977,0.009443203058469404,-0.0005347027803968979,102.08378211938798,0.0005197637135551842,18482,0.15124373841026412
LAS_1.0Torr_SmallAdmixture_1kHzLaserFreq_CapCoupling_3%_N2_Trial,0,75.0,1.0,0.13,0,1.1535527828105654,0.0008272168480923941,0.3387071125439842,0.00022732338327507173,0.2758383429228747,0.00016637878927833517,0.4898687631119618,0.00035128665132520647,0.013087956644611926,-0.0005845687209154509,76.20200572625157,0.0005063534178297175,17374,0.15365103613345474
LAS_1.0Torr_SmallAdmixture_1kHzLaserFreq_CapCoupling_3%_N2_Trial,0,75.0,1.0,0.13,2,1.1317689336783514,0.0008442876902249319,0.34436060833324317,0.00024022303571911838,0.2858403187764815,0.0001797339758332844,0.4806180141308745,0.00035853597051142626,0.011393491951819155,-0.0006398035016692399,82.57977909740177,0.0005217553078200144,17288,0.1536536664149677
LAS_1.0Torr_SmallAdmixture_1kHzLaserFreq_CapCoupling_3%_N2_Trial,0,75.0,1.0,0.13,4,1.1087433361871715,0.000816588115772174,0.33730832227814,0.0002319108305570568,0.28580105243602294,0.00017731662946572068,0.4708399431739164,0.0003467730442907121,0.009510819549197755,-0.0008086435465792323,77.494081911954,0.0005307834563006987,17436,0.15358147862656263
LAS_1.0Torr_SmallAdmixture_1kHzLaserFreq_CapCoupling_3%_N2_Trial,0,75.0,1.0,0.13,6,1.083204362257379,0.0008292797345858697,0.32507739220536774,0.00023301987796761102,0.2819318600820282,0.00018161360450450864,0.45999453951613634,0.00035216267856042074,0.005074641868721054,-0.0005732885762202931,83.51002513706263,0.0005233562929617207,17296,0.15362014378303548
LAS_1.0Torr_SmallAdmixture_1kHzLaserFreq_CapCoupling_3%_N2_Trial,0,75.0,1.0,0.13,8,1.1317838275096763,0.0008376208643487214,0.3459414897989151,0.0002392711040523124,0.28714876804794903,0.00017897202354534702,0.48062433895869155,0.0003557048302337313,0.004743521318354753,-0.0005228253697995971,84.50269552852454,0.0005126639645797722,17369,0.15368126887742262
LAS_1.0Torr_SmallAdmixture_1kHzLaserFreq_CapCoupling_3%_N2_Trial,0,75.0,1.0,0.52,0,1.1435577660229623,0.0009123412232062813,0.3633336289442796,0.0002675114624870008,0.2984800294108004,0.0002014528370082717,0.4856242702859838,0.0003874356450852661,-0.0028508004363506432,-0.0006460627426289121,118.60279734406926,0.00048482331265836177,18692,0.14870561500420876
LAS_1.0Torr_SmallAdmixture_1kHzLaserFreq_CapCoupling_3%_N2_Trial,0,75.0,1.0,0.52,2,1.1373327998613991,0.0009373995433196813,0.36353110311540127,0.0002764792011618033,0.3002768145568593,0.00020937312798945218,0.4829807705524484,0.00039807693386071936,-0.0034231902316429596,-0.000623581206644551,122.57939128188971,0.0004953157651297842,18633,0.14863447414373473
LAS_1.0Torr_SmallAdmixture_1kHzLaserFreq_CapCoupling_3%_N2_Trial,0,75.0,1.0,0.52,4,1.1732722250308667,0.000947269873372353,0.3756248610498875,0.0002798950897384023,0.300762252568757,0.00020543482223014112,0.4982428391955727,0.00040226847710560535,-0.004524193372302881,-0.0008729512941694567,115.54782688988169,0.0005019298054359073,18617,0.1486452579314988
LAS_1.0Torr_SmallAdmixture_1kHzLaserFreq_CapCoupling_3%_N2_Trial,0,75.0,1.0,0.52,6,1.141251370416829,0.0009217947073831842,0.36584978412608654,0.00027260435288080636,0.3011544472334222,0.00020579828196984869,0.48464483425179505,0.0003914501701853269,-0.010115894289086295,-0.0006717501056502451,116.88894256354648,0.0004970103859115966,18689,0.14871747191365817
LAS_1.0Torr_SmallAdmixture_1kHzLaserFreq_CapCoupling_3%_N2_Trial,0,75.0,1.0,0.52,8,1.1174189336507823,0.0009629159534928116,0.35862222569951985,0.0002851414377844829,0.3015011448675333,0.00021977910635322993,0.4745241302021005,0.0004089127555732846,-0.010842618112117957,-0.0006027938361457183,146.05154039353414,0.00047637401561237685,18685,0.14868259039769094
LAS_1.0Torr_SmallAdmixture_1kHzLaserFreq_CapCoupling_3%_N2_Trial,0,75.0,1.0,0.39,0,1.1430560769217177,0.0010045142389673294,0.35021635922368766,0.0002856993302146886,0.28783041366721396,0.00021303963680861465,0.48541122254065683,0.00042657792092734077,0.0047376028344277964,-0.0006621074118207863,120.39159467171937,0.0005109873060296177,18220,0.14985456459491328
LAS_1.0Torr_SmallAdmixture_1kHzLaserFreq_CapCoupling_3%_N2_Trial,0,75.0,1.0,0.39,2,1.1615664489656732,0.0010212011530145583,0.3493611922683277,0.0002853869995815095,0.2825520038393624,0.0002094348190979375,0.49327185379484345,0.0004336642008672627,0.004312663442839665,-0.00063714528859577,119.32555494559169,0.0005084415022483184,18188,0.14986043932634954
LAS_1.0Torr_SmallAdmixture_1kHzLaserFreq_CapCoupling_3%_N2_Trial,0,75.0,1.0,0.39,4,1.1315014463462094,0.0009500312309446685,0.35371718094734683,0.00027542278441130993,0.2936762537701734,0.0002083856338926073,0.48050442271963,0.0004034411176978843,0.004056042103162312,-0.000855598732614403,118.89530160839446,0.0005009372457092045,18121,0.14986966401015822
LAS_1.0Torr_SmallAdmixture_1kHzLaserFreq_CapCoupling_3%_N2_Trial,0,75.0,1.0,0.39,6,1.1425659665162224,0.0009197024629617122,0.359064984935051,0.0002669022832029345,0.29522937161539053,0.00020053545503347567,0.48520309181468924,0.00039056167578598326,0.00040420403371979385,-0.0006745311260184325,107.78016955053914,0.0005091305077182549,18951,0.14985467380211467
LAS_1.0Torr_SmallAdmixture_1kHzLaserFreq_CapCoupling_3%_N2_Trial,0,75.0,1.0,0.39,8,1.1493298162138121,0.0009619840166083633,0.3541745410688287,0.00027536777591689166,0.2894945927205467,0.00020430098264105488,0.48807543431570655,0.00040851699841705735,-5.237797691934404e-05,-0.000726768422298548,113.67371192603711,0.0005050065718791892,18107,0.14985459799320755
LAS_1.0Torr_SmallAdmixture_1kHzLaserFreq_CapCoupling_3%_N2_Trial,0,75.0,1.0,0.65,0,1.0955559891282975,0.0011716091131362108,0.3275097162733519,0.00032415787908047974,0.2808389892043224,0.0002540580676318281,0.46523979250138353,0.000497536580601348,-0.021673413833644236,-0.0001721166188982955,174.35942197760892,0.0004968505211613331,17035,0.1474092990506329
LAS_1.0Torr_SmallAdmixture_1kHzLaserFreq_CapCoupling_3%_N2_Trial,0,75.0,1.0,0.65,2,1.1022688202963924,0.0011941862338217815,0.3169416809226977,0.00031729420007641125,0.2701217931143605,0.00024790957914374705,0.46809046942774146,0.0005071242009943423,-0.019343357993609315,-0.00014432472890230552,173.5039330318543,0.0004920969753384033,17293,0.1473519238662445
LAS_1.0Torr_SmallAdmixture_1kHzLaserFreq_CapCoupling_3%_N2_Trial,0,75.0,1.0,0.65,4,1.10774594356547,0.0009739282978575471,0.33138212721370497,0.0002690028693127061,0.28103260102883465,0.00020888852981454603,0.4704163895253876,0.000413589267643909,-0.0175636332274208,-0.00046869654250555133,125.24399240850528,0.00048328228659168514,17239,0.14736075580908345
LAS_1.0Torr_SmallAdmixture_1kHzLaserFreq_CapCoupling_3%_N2_Trial,0,75.0,1.0,0.65,6,1.1142145566005337,0.0010601920791674638,0.3101996326192784,0.0002727182756864816,0.26154127766072927,0.00021077126494270187,0.4731633565595411,0.00045022212266480416,-0.01927506211142387,-0.0003738284430346798,124.31544723830089,0.0004924585005940287,17170,0.14744796169020455
LAS_1.0Torr_SmallAdmixture_1kHzLaserFreq_CapCoupling_3%_N2_Trial,0,75.0,1.0,0.65,8,1.1720073646960703,0.0010814745654303486,0.32031337372561136,0.00027385157738097314,0.25675122290884844,0.00020114143237030902,0.49770570246724166,0.00045925996243850335,-0.02123317229720008,-0.0005151960663869413,109.7173164648529,0.0005091926650323585,17188,0.14744860877267932
LAS_1.0Torr_SmallAdmixture_1kHzLaserFreq_CapCoupling_3%_N2_Trial,0,75.0,1.0,0.91,0,1.1472395551943548,0.000863901590391584,0.3630215386968656,0.00025349878867504395,0.2972665690253056,0.00018906399618238588,0.48718778218964787,0.00036686522701153144,-0.016206064742782633,-0.000523895401467946,103.29577450608987,0.0004872249168530336,16722,0.1448813403507885
LAS_1.0Torr_SmallAdmixture_1kHzLaserFreq_CapCoupling_3%_N2_Trial,0,75.0,1.0,0.91,2,1.174627660590881,0.0008152191675474568,0.37656304607571595,0.00024044358310812585,0.3011655311149995,0.00017709852844426474,0.49881843968057565,0.0003461917055053531,-0.017160816470765252,-0.00027161091972585525,88.9457526901611,0.0004930806953389565,18733,0.1449432681148451
LAS_1.0Torr_SmallAdmixture_1kHzLaserFreq_CapCoupling_3%_N2_Trial,0,75.0,1.0,0.91,4,1.1338361417483775,0.0009203933097462817,0.3621260193993482,0.00027053431243429676,0.30003866492232284,0.00020617166134554883,0.48149587657067683,0.00039085505140338015,-0.015014554479944334,-0.00037053415553097194,122.8786892221612,0.000486026654821404,18740,0.144878741337841
LAS_1.0Torr_SmallAdmixture_1kHzLaserFreq_CapCoupling_3%_N2_Trial,0,75.0,1.0,0.91,6,1.1405324499703657,0.0007370005730383391,0.36285712496486927,0.00021704772610590077,0.2988792734854963,0.000163240167306325,0.48433953684786807,0.00031297532675311193,-0.01613830843503624,0.00010435126163940883,6.1964023506350605,0.0017103979303122543,16904,0.14621858863575202
LAS_1.0Torr_SmallAdmixture_1kHzLaserFreq_CapCoupling_3%_N2_Trial,0,75.0,1.0,0.91,8,1.161630660218546,0.0008476289482852384,0.37219970177464407,0.0002499009446624106,0.3010064101632869,0.0001860294831989082,0.49329912180328783,0.00035995487216692945,-0.00830924411144335,-0.00044977510421243016,94.4932416163534,0.0005025046433384299,18719,0.14830559287432302
LAS_1.0Torr_SmallAdmixture_1kHzLaserFreq_CapCoupling_3%_N2_Trial,0,75.0,1.0,0.78,0,1.135080773451025,0.0009433112083688933,0.31653527063002823,0.00024355866394652455,0.261976980148331,0.00018437241199843052,0.48202442298987086,0.00040058738686186756,-0.012489160907142218,-0.0005317100675890568,96.9061321000147,0.0004939497093368426,17185,0.14611230100037081
LAS_1.0Torr_SmallAdmixture_1kHzLaserFreq_CapCoupling_3%_N2_Trial,0,75.0,1.0,0.78,2,1.2486933020105855,0.001005367797916014,0.34324180410491323,0.0002566933685658129,0.25823326341630765,0.00017534234224601095,0.5302712216356108,0.00042694039403881514,-0.015501240746714056,-0.0003786067712287611,98.29773486705287,0.00047818969498988206,17324,0.14615780095257158
LAS_1.0Torr_SmallAdmixture_1kHzLaserFreq_CapCoupling_3%_N2_Trial,0,75.0,1.0,0.78,4,1.1197271782107592,0.0012260019241073035,0.3323564465312618,0.00033688589802234077,0.27884295546575194,0.0002585615957999351,0.47550435141469277,0.0005206350806696952,-0.015875812059530963,-0.00029171565826115355,185.84304151107347,0.0004912569264034984,17314,0.1461372986628964
LAS_1.0Torr_SmallAdmixture_1kHzLaserFreq_CapCoupling_3%_N2_Trial,0,75.0,1.0,0.78,6,1.0609819184241502,0.0011121277308782083,0.31954982608635796,0.0003082364683081398,0.28294263437909484,0.0002520404291303116,0.45055753651451774,0.0004722771632698547,-0.01576732157884185,-0.00014228691109141012,203.21752248769022,0.0004503445544774833,17393,0.1461403708523097
LAS_1.0Torr_SmallAdmixture_1kHzLaserFreq_CapCoupling_3%_N2_Trial,0,75.0,1.0,0.78,8,1.098872405395203,0.0009962904774805303,0.322433060340976,0.0002702258849366981,0.27565132701697864,0.00021182780754166216,0.4666481448185399,0.000423085610971787,-0.013678409983210463,-0.00015798718736253288,129.91910756331362,0.0004845512513935024,17143,0.14611529209192184
LAS_1.0Torr_SmallAdmixture_1kHzLaserFreq_CapCoupling_3%_N2_Trial,0,75.0,1.0,1.17,0,1.1290802841849323,0.0006473925065599031,0.3950364278215109,0.00020827494194064,0.3286851714072504,0.00015969420036089928,0.47947624981682746,0.00027492228458221503,-0.03302239538181262,-0.0002709757690486634,73.6834040867964,0.0004865218277322903,18709,0.14171991609207057
LAS_1.0Torr_SmallAdmixture_1kHzLaserFreq_CapCoupling_3%_N2_Trial,0,75.0,1.0,1.17,2,1.1625419289572247,0.0005974182278598891,0.4085105604622367,0.0001929810537249733,0.3301128670558546,0.00014378339411710235,0.4936861020061282,0.0002537001624054195,-0.03230329479434103,-0.00037053695049573125,61.6057703831624,0.00047808850788609895,18718,0.14174769400441148
LAS_1.0Torr_SmallAdmixture_1kHzLaserFreq_CapCoupling_3%_N2_Trial,0,75.0,1.0,1.17,4,1.1096034254944551,0.000726445999360438,0.3866678774837006,0.0002331352930962514,0.3273694098609946,0.0001812363524534323,0.4712051894733517,0.0003084932119944182,-0.03346674684048307,-0.0005034349038452418,96.22201353260442,0.0004844090730530632,18681,0.14172880478828287
LAS_1.0Torr_SmallAdmixture_1kHzLaserFreq_CapCoupling_3%_N2_Trial,0,75.0,1.0,1.17,6,1.112902064738705,0.0006051979630028722,0.38821593611752864,0.00019416567589318058,0.32770585492598286,0.00015100744644666353,0.4726059925840652,0.0002570039117341207,-0.037135029975294324,-0.0004607941934994093,71.11445013877018,0.00046737089500724577,18642,0.14178304477057013
LAS_1.0Torr_SmallAdmixture_1kHzLaserFreq_CapCoupling_3%_N2_Trial,0,75.0,1.0,1.17,8,1.086767761479629,0.0007940811758128029,0.3811517153761024,0.0002564499997806301,0.3294798971374728,0.0002034611745733031,0.46150777583742947,0.00033721522690807835,-0.04016795678317732,-0.00034414930326764014,123.7286426739771,0.0004761423028820191,18699,0.14174908042159617
LAS_1.0Torr_SmallAdmixture_1kHzLaserFreq_CapCoupling_3%_N2_Trial,0,75.0,1.0,1.04,0,1.1800604986392595,0.0008204625894055788,0.3903936945893188,0.00025078541193287903,0.3107894811235494,0.00018219211764904943,0.5011255535765367,0.000348418381751458,-0.020699548625441235,-0.0004329797424375351,102.17442001263593,0.0004751281251854954,17804,0.1437253518452893
LAS_1.0Torr_SmallAdmixture_1kHzLaserFreq_CapCoupling_3%_N2_Trial,0,75.0,1.0,1.04,2,1.1683885354326704,0.0006813497902932593,0.3883612212634149,0.00020802674914157653,0.3122600040927909,0.00015448103722580736,0.4961689271747788,0.0002893426152588676,-0.022934254905243624,-0.00036178431107619495,70.40169419424709,0.000482579229386175,19233,0.14365726582727806
LAS_1.0Torr_SmallAdmixture_1kHzLaserFreq_CapCoupling_3%_N2_Trial,0,75.0,1.0,1.04,4,1.1825679522633303,0.0007166847772068623,0.3968866111783552,0.00022097051336278663,0.3152885018100809,0.0001619621924036017,0.502190371089604,0.0003043480026081751,-0.023231920580331224,-0.00057640936643825,77.8917952488516,0.0004798690772970606,19197,0.14369988792326188
LAS_1.0Torr_SmallAdmixture_1kHzLaserFreq_CapCoupling_3%_N2_Trial,0,75.0,1.0,1.04,6,1.1735686732242134,0.0007302022674294716,0.3901532059555795,0.00022318115907884968,0.3123161638865839,0.000164520446198122,0.4983687291522054,0.0003100883521737962,-0.02815199725812097,-0.0003983157847732094,86.71122269601413,0.0004640007692276967,19139,0.1436824591556468
LAS_1.0Torr_SmallAdmixture_1kHzLaserFreq_CapCoupling_3%_N2_Trial,0,75.0,1.0,1.04,8,1.1534926284340414,0.0006695363980619997,0.38700300767112134,0.00020632455110113353,0.3151862815705265,0.00015509299057240347,0.48984321790027957,0.00028432592948018665,-0.028500995275222707,-0.00040303911591708653,74.72187902161598,0.00046933783935259845,19190,0.1437309855656849
LAS_1.0Torr_SmallAdmixture_1kHzLaserFreq_CapCoupling_3%_N2_Trial,0,75.0,1.0,1.3,0,0.9737846792928185,0.0007609346023526911,0.30039486887448524,0.00021649386430449164,0.28979932027245053,0.00019232211358799484,0.41352827845493395,0.00032313917318581775,-0.05021359240841393,-0.00023766478718885092,83.57434317001312,0.0005139171288416664,17169,0.13865613894811657
LAS_1.0Torr_SmallAdmixture_1kHzLaserFreq_CapCoupling_3%_N2_Trial,0,75.0,1.0,1.3,2,1.0302075714587782,0.0006313188782370798,0.3117634190132128,0.00017666477119306618,0.2842943364715806,0.00014746787550418516,0.4374888746308587,0.00026809644311006465,-0.05505568061497285,-0.00010967598089793431,41.032308706517625,0.0005765458794240985,17071,0.13854182689890918
LAS_1.0Torr_SmallAdmixture_1kHzLaserFreq_CapCoupling_3%_N2_Trial,0,75.0,1.0,1.3,4,1.1090379452067438,0.0009948123526031475,0.3364612943576701,0.0002797186381605724,0.285007635784913,0.00021605463125397853,0.47096505210535855,0.0004224579091308324,-0.0553124881233492,-8.896376515207375e-06,89.02340710449673,0.0005849268616794855,17184,0.13919440855810436
LAS_1.0Torr_SmallAdmixture_1kHzLaserFreq_CapCoupling_3%_N2_Trial,0,75.0,1.0,1.3,6,1.1863490975737176,0.0006227540104686435,0.3488870323817947,0.000170979759349986,0.27627406211600725,0.0001216705152800089,0.5037960756606883,0.0002644592786539061,-0.053318816347216406,8.028858476287362e-05,17.92957444987595,0.0007550675269547232,17031,0.13926899315183597
LAS_1.0Torr_SmallAdmixture_1kHzLaserFreq_CapCoupling_3%_N2_Trial,0,75.0,1.0,1.3,8,1.0660723379518826,0.0006210601285328066,0.32982162981774316,0.0001778854142736385,0.29064325500419225,0.00014373789259284426,0.4527192386532752,0.0002637399532262959,-0.051123537267726976,0.0002480961238601106,30.865506740944685,0.0006540521064078926,17122,0.13882374747920342
LAS_1.0Torr_SmallAdmixture_1kHzLaserFreq_CapCoupling_3%_N2_Trial,0,75.0,1.0,1.57,0,1.1707614423798887,0.0005278073281322481,0.3661503743652397,0.0001535447476419864,0.29380478279957417,0.00011149832621501562,0.4971766079749425,0.00022413913506724506,-0.03687380172948085,0.000113258230081043,32.33906925243599,0.000513141535003319,17350,0.13153350086933038
LAS_1.0Torr_SmallAdmixture_1kHzLaserFreq_CapCoupling_3%_N2_Trial,0,75.0,1.0,1.57,2,1.1998884708140243,0.0004918278037217565,0.3723481157287254,0.00014215085991766205,0.2915251784458168,0.00010066521745413479,0.5095457180883026,0.00020886003784433235,-0.03498725325178261,6.296315285790007e-05,28.23598046007729,0.0004979936265224944,17543,0.1315380728409907
LAS_1.0Torr_SmallAdmixture_1kHzLaserFreq_CapCoupling_3%_N2_Trial,0,75.0,1.0,1.57,4,1.2192314562514515,0.0004915338250781,0.3852948969379222,0.00014453563983526767,0.2968758619377143,0.0001009967745935261,0.517759927695633,0.00020873519660889405,-0.033992798908494,-0.0001981930111824996,27.093679106215976,0.0005072474334426639,17488,0.1315247431764588
LAS_1.0Torr_SmallAdmixture_1kHzLaserFreq_CapCoupling_3%_N2_Trial,0,75.0,1.0,1.57,6,1.16177169798004,0.0005791914170326698,0.3616550670367488,0.0001681633795684799,0.2924432163355906,0.00012237964692960409,0.4933590150260382,0.000245959948512778,-0.03738416972827165,-2.6401813324194302e-05,40.40289078616971,0.000506181792567733,17302,0.1315683833182814
LAS_1.0Torr_SmallAdmixture_1kHzLaserFreq_CapCoupling_3%_N2_Trial,0,75.0,1.0,1.57,8,1.1768978022469352,0.0004173480097043112,0.3706757795887096,0.00012225944554227985,0.2958852034491476,8.857332464184107e-05,0.49978248007969006,0.00017723138147434362,-0.038691328719982904,-0.00018173663448255582,18.989753635143757,0.0005297372348523039,17418,0.13165919923736893
LAS_1.0Torr_SmallAdmixture_1kHzLaserFreq_CapCoupling_3%_N2_Trial,0,75.0,1.0,1.43,0,1.18811053052493,0.00047095780403905185,0.37503644517111817,0.00013843768016480319,0.2965407749639953,9.911011437765765e-05,0.5045440873632935,0.0001999973649930698,-0.03061129043559382,-0.00019359793384423005,24.253028282542914,0.0005277062202739528,17355,0.1333523779621454
LAS_1.0Torr_SmallAdmixture_1kHzLaserFreq_CapCoupling_3%_N2_Trial,0,75.0,1.0,1.43,2,1.162211396898613,0.0005048721213532941,0.3678214187855242,0.00014873481982938757,0.2973169542420705,0.00010894158912136485,0.49354573796459167,0.0002143994495115055,-0.03234519300111275,-7.191507465815099e-05,31.709514283381246,0.000504172740881857,17337,0.13332053731262128
LAS_1.0Torr_SmallAdmixture_1kHzLaserFreq_CapCoupling_3%_N2_Trial,0,75.0,1.0,1.43,4,1.1706503237983272,0.0005449687548741918,0.3678338751446087,0.00015932899156051173,0.2951836664241414,0.0001159360796595067,0.49712942025807383,0.00023142692199523435,-0.03215762132599328,-3.368806928477974e-05,35.20398519484437,0.0005079384067206761,17430,0.13329698949759083
LAS_1.0Torr_SmallAdmixture_1kHzLaserFreq_CapCoupling_3%_N2_Trial,0,75.0,1.0,1.43,6,1.1607993136076553,0.0004532474677856181,0.36501439564919325,0.00013255987446847913,0.2954069032562999,9.724612880003328e-05,0.4929460814031753,0.00019247647765783355,-0.03111770057709995,-9.12623427637211e-05,26.28083395841421,0.0004935706943372438,17401,0.13332121697868568
LAS_1.0Torr_SmallAdmixture_1kHzLaserFreq_CapCoupling_3%_N2_Trial,0,75.0,1.0,1.43,8,1.1708228951588084,0.0005661359238056066,0.3696610614491711,0.00016637922254728968,0.2966062442449337,0.0001209530959131943,0.4972027045673549,0.0002404157910071493,-0.03045130328159289,-5.1993925998686206e-05,42.26615884322255,0.0004858398597217635,17432,0.13328200233805126
LAS_1.0Torr_SmallAdmixture_1kHzLaserFreq_CapCoupling_3%_N2_Trial,0,75.0,1.0,1.83,0,1.173827006995403,0.0006648799930523486,0.3477385685097559,0.00018343396139770205,0.27830214550600874,0.0001330486321328171,0.49847843340401643,0.0002823485363373532,-0.05819326998079479,0.00023095104462355232,46.11916347812275,0.0005143251178990332,18899,0.12899636358074698
LAS_1.0Torr_SmallAdmixture_1kHzLaserFreq_CapCoupling_3%_N2_Trial,0,75.0,1.0,1.83,2,1.156855339472022,0.0006975222512677112,0.3440957840642513,0.0001928961033264282,0.2794268185172351,0.00014228673484536106,0.49127122979659255,0.0002962104270938222,-0.056468395011334174,0.00022910487641925793,52.67265764451806,0.000508493223506862,18894,0.12904432875008348
LAS_1.0Torr_SmallAdmixture_1kHzLaserFreq_CapCoupling_3%_N2_Trial,0,75.0,1.0,1.83,4,1.0837806225481412,0.0007494884238332521,0.32078340593897187,0.0002058323751968307,0.2780598616155155,0.00016269711071117146,0.46023925472992866,0.0003182784287125438,-0.05564617634070006,8.263436235069506e-05,64.68992779549451,0.0005203660208834859,18965,0.12902575782241368
LAS_1.0Torr_SmallAdmixture_1kHzLaserFreq_CapCoupling_3%_N2_Trial,0,75.0,1.0,1.83,6,1.1972598171527407,0.0006802372606716335,0.34873405191884377,0.00018476820315153997,0.2736363185592039,0.00013076846638821182,0.5084294316583351,0.0002888701674283111,-0.05752727985571381,5.532477583037971e-05,41.940681860729455,0.0005333460627534492,18928,0.1290597810433781
LAS_1.0Torr_SmallAdmixture_1kHzLaserFreq_CapCoupling_3%_N2_Trial,0,75.0,1.0,1.83,8,1.1873643840751806,0.0006582866783816215,0.33924455788247626,0.00017560742203766327,0.2684087450702924,0.00012526984409840208,0.5042272281403036,0.0002795486133943495,-0.059199502509214984,-7.205238383074584e-06,43.071310016927484,0.0005067431133346872,18925,0.12909535549405596
LAS_1.0Torr_SmallAdmixture_1kHzLaserFreq_CapCoupling_3%_N2_Trial,0,75.0,1.0,1.7,0,1.189497406767292,0.000514075581559594,0.3656879061653865,0.00014721624888755966,0.2888117699684846,0.00010522172084076253,0.5051330394767634,0.00021830779920715238,-0.0488468400547274,0.00017684683140185167,29.30224334379724,0.0005099711775300093,16948,0.13010157172808884
LAS_1.0Torr_SmallAdmixture_1kHzLaserFreq_CapCoupling_3%_N2_Trial,0,75.0,1.0,1.7,2,1.1991487965325514,0.0005533168752467494,0.36938428281410696,0.00015883705023122437,0.2893830744314033,0.00011254119152146526,0.509231607342119,0.00023497204230715521,-0.0474979175872461,0.000233330239774458,34.02362516206984,0.0005064484747743277,17249,0.13017589485809375
LAS_1.0Torr_SmallAdmixture_1kHzLaserFreq_CapCoupling_3%_N2_Trial,0,75.0,1.0,1.7,4,1.181217293819507,0.0005757345276041399,0.3639334909444872,0.00016502156472935633,0.2894409776672262,0.00011891071154918982,0.5016167992590628,0.00024449194273636017,-0.04566265941722789,3.210505695226942e-05,36.75838373452539,0.0005137316332678351,18757,0.13013943678607864
LAS_1.0Torr_SmallAdmixture_1kHzLaserFreq_CapCoupling_3%_N2_Trial,0,75.0,1.0,1.7,6,1.1766767406241931,0.0005237425686537023,0.362440608557372,0.0001502912137056035,0.28936598067942,0.00010858033361185023,0.4996886038519891,0.0002224129906482169,-0.04622972875816594,3.578209734991275e-05,32.04472207830458,0.000501833068711969,16795,0.13017808731791347
LAS_1.0Torr_SmallAdmixture_1kHzLaserFreq_CapCoupling_3%_N2_Trial,0,75.0,1.0,1.7,8,1.1824184731432779,0.0005627333099022513,0.3648123997271039,0.0001617419351770506,0.28984524161268876,0.00011624467705969823,0.5021268931519297,0.0002389708339241079,-0.04672897734211539,-0.0001278690608451574,34.33985658431049,0.0005194799395836517,16844,0.13018819092535916
LAS_1.0Torr_SmallAdmixture_1kHzLaserFreq_CapCoupling_3%_N2_Trial,0,75.0,1.0,2.09,0,1.2163072789616238,0.000857467723876643,0.34749256456435246,0.00022825246846738627,0.2683922680306496,0.00015942304268572058,0.5165181439355541,0.0003641330154658902,-0.04838833172137575,-3.40450341056783e-05,63.234837240864174,0.000529085887276952,18745,0.1265988858672738
LAS_1.0Torr_SmallAdmixture_1kHzLaserFreq_CapCoupling_3%_N2_Trial,0,75.0,1.0,2.09,2,1.2031885146429278,0.0008527775364555747,0.34311769236716644,0.0002265128109614461,0.26790278270465007,0.0001600065427481701,0.5109471176711995,0.00036214127625381525,-0.051024295558080246,-4.382388344572658e-05,67.68045319293246,0.000512752180662287,18750,0.12661034163201923
LAS_1.0Torr_SmallAdmixture_1kHzLaserFreq_CapCoupling_3%_N2_Trial,0,75.0,1.0,2.09,4,1.1983361193246584,0.0008148367789002166,0.34287753776998375,0.00021708909452446408,0.2687993258447403,0.00015413554810147996,0.5088864951074886,0.00034602931999821123,-0.05369777280521398,-0.00013942853534756097,56.54249316601412,0.0005387565845996411,18733,0.12662862739074462
LAS_1.0Torr_SmallAdmixture_1kHzLaserFreq_CapCoupling_3%_N2_Trial,0,75.0,1.0,2.09,6,1.230568112798079,0.0008509768373510106,0.35069852469099816,0.00022601101839218575,0.2677294042103576,0.00015595612942945146,0.5225741624693473,0.00036137658975118257,-0.05757405735298845,7.35856082798407e-05,59.77483611074169,0.0005316585181836604,18716,0.12664165423228677
LAS_1.0Torr_SmallAdmixture_1kHzLaserFreq_CapCoupling_3%_N2_Trial,0,75.0,1.0,2.09,8,1.207540752909035,0.0007641841278342315,0.34501073851886876,0.0002085377965302887,0.26840994685728753,0.000141624510306307,0.5127953430909258,0.0003245191196018496,-0.05922450436863171,0.0004274367058214621,51.43600178585994,0.0005141437413586518,17044,0.12664998338516326
LAS_1.0Torr_SmallAdmixture_1kHzLaserFreq_CapCoupling_3%_N2_Trial,0,75.0,1.0,1.96,0,1.2069225783689101,0.0007156496502218208,0.34683608249966263,0.00019172010843540376,0.269968224423039,0.00013493866796867451,0.5125328285342703,0.000303908424650944,-0.05825136842394948,-1.030371694094079e-05,48.30819998172106,0.0005120426047220334,18565,0.12763348648238154
LAS_1.0Torr_SmallAdmixture_1kHzLaserFreq_CapCoupling_3%_N2_Trial,0,75.0,1.0,1.96,2,1.2208907275641878,0.0006977195778078516,0.3463702003733937,0.00018437844343706814,0.266521049849096,0.00012842119373296935,0.5184645553448827,0.00029629422395998056,-0.061065407935992945,-2.588045223198997e-05,39.78474072507527,0.0005364166539438823,19265,0.12761472753757672
LAS_1.0Torr_SmallAdmixture_1kHzLaserFreq_CapCoupling_3%_N2_Trial,0,75.0,1.0,1.96,4,1.2130048578442651,0.0006891761532601199,0.34149907445966576,0.00018094879347971054,0.26448118415534566,0.00012674998587853896,0.515115734811202,0.0002926661656012284,-0.06429587143279417,-0.0001198822529958323,41.77082052620031,0.0005173599577838961,19205,0.12760448381150624
LAS_1.0Torr_SmallAdmixture_1kHzLaserFreq_CapCoupling_3%_N2_Trial,0,75.0,1.0,1.96,6,1.197169952111027,0.0006596927535116544,0.3420956207234145,0.00017554882064842506,0.26844758208370706,0.00012478867999142143,0.5083912694888295,0.00028014571852473936,-0.06884606870248304,5.0166478185080075e-05,40.20722668483305,0.0005153469367836238,19220,0.12762998497349987
LAS_1.0Torr_SmallAdmixture_1kHzLaserFreq_CapCoupling_3%_N2_Trial,0,75.0,1.0,1.96,8,1.2303332273480698,0.0006423982362443919,0.34817658988073985,0.00016947102700475746,0.2658548601581015,0.00011696269381846469,0.5224744158027157,0.0002728014132544675,-0.07046733388800262,0.00013975489743401994,39.48529578446169,0.0004930378341095975,19277,0.12759758560241366
LAS_1.0Torr_SmallAdmixture_1kHzLaserFreq_CapCoupling_3%_N2_Trial,0,75.0,1.0,2.35,0,1.185228218626623,0.0011395847580801747,0.31962241867843866,0.00029440240685488396,0.2533395767125793,0.0002036969339325001,0.5033200821980627,0.00048393708915672035,-0.0590259043060704,9.846994208032432e-05,92.7723958586345,0.0005513890702528175,17296,0.1257754447162096
LAS_1.0Torr_SmallAdmixture_1kHzLaserFreq_CapCoupling_3%_N2_Trial,0,75.0,1.0,2.35,2,1.1985973094394278,0.0010485910785913092,0.32353929567870043,0.0002713995816071748,0.25358381258752555,0.0001845169869675567,0.5089974123367353,0.00044529563131756323,-0.06435129621422958,0.00014007673950362735,89.73318494316422,0.0005093877803866296,17264,0.12576815508981037
LAS_1.0Torr_SmallAdmixture_1kHzLaserFreq_CapCoupling_3%_N2_Trial,0,75.0,1.0,2.35,4,1.2371882038454298,0.001056540897526653,0.33034059847196323,0.0002707580266843146,0.2508383703529778,0.0001783417269320977,0.5253854562925506,0.0004486716085826282,-0.06857795335059207,0.00014558623982226812,81.43587484730982,0.0005195020567090237,17423,0.12574078838641825
LAS_1.0Torr_SmallAdmixture_1kHzLaserFreq_CapCoupling_3%_N2_Trial,0,75.0,1.0,2.35,6,1.2341855498691265,0.0010086844551468045,0.32967219420393684,0.00025887380491691596,0.2509398599090152,0.00017047418874781699,0.5241103465521526,0.00042834884868391183,-0.07218231516313822,0.0005280937014323741,74.88389442139075,0.0005181319179107877,17251,0.12579961845202325
LAS_1.0Torr_SmallAdmixture_1kHzLaserFreq_CapCoupling_3%_N2_Trial,0,75.0,1.0,2.35,8,1.2547335052443083,0.001074251241733152,0.3344068718177693,0.00027528904369736464,0.25037530306308314,0.00017806770008854813,0.5328362597778963,0.00045619249929522025,-0.0691522361872179,0.0005709322577619255,80.3363155217135,0.0005245804579867222,17178,0.12578421829093217
LAS_1.0Torr_SmallAdmixture_1kHzLaserFreq_CapCoupling_3%_N2_Trial,0,75.0,1.0,2.22,0,1.2140493224221836,0.0010029770515222502,0.335008109134438,0.00026482288873494453,0.25923090650029557,0.0001783385209041721,0.5155592780790293,0.0004259251375232234,-0.05018402114342969,6.262587430941758e-05,75.16416487566049,0.0005386418422023295,17285,0.12590847233446134
LAS_1.0Torr_SmallAdmixture_1kHzLaserFreq_CapCoupling_3%_N2_Trial,0,75.0,1.0,2.22,2,1.201854596433772,0.0009641820626637695,0.33237620815554386,0.0002548312486157741,0.25980397414185813,0.00017384150685843423,0.5103806547637809,0.00040945042263350415,-0.056002606833258445,0.00019837635082251573,76.55906569006626,0.000517757314271927,17319,0.12588282241367796
LAS_1.0Torr_SmallAdmixture_1kHzLaserFreq_CapCoupling_3%_N2_Trial,0,75.0,1.0,2.22,4,1.2045977846648857,0.0009642093263308521,0.3349435129456606,0.0002562677113447858,0.2612145118690465,0.00017438989200674318,0.5115455795472701,0.0004094620004469087,-0.05898190621356221,0.00016814961227718385,73.50548668093387,0.0005302179962817904,17398,0.1258380767673479
LAS_1.0Torr_SmallAdmixture_1kHzLaserFreq_CapCoupling_3%_N2_Trial,0,75.0,1.0,2.22,6,1.242883571834803,0.0010009794957480766,0.34316985359548124,0.0002642569898004181,0.25938596397856845,0.00017406123754899958,0.5278040563895692,0.000425076853690075,-0.06153659789136559,0.0005171128705266004,80.11930856894547,0.0005084698157155512,17351,0.12587684081346423
LAS_1.0Torr_SmallAdmixture_1kHzLaserFreq_CapCoupling_3%_N2_Trial,0,75.0,1.0,2.22,8,1.2139522584613869,0.0009817396890198409,0.3339956627104023,0.0002583599081409441,0.25846813520642853,0.0001742709402446059,0.5155180588100658,0.00041690646004626566,-0.05957971666489052,0.0005509009788714119,72.96953749917598,0.0005333364678457358,17318,0.12588506031801766
LAS_1.0Torr_SmallAdmixture_1kHzLaserFreq_CapCoupling_3%_N2_Trial,0,75.0,1.0,2.61,0,1.1671812765663494,0.0012589841801857928,0.2822293520399103,0.00029097121321655775,0.22715989347389717,0.00020522467541956164,0.4956562515379001,0.0005346413552247667,-0.06526944357885697,-7.61776247629108e-05,106.01008494527626,0.0005100547671322823,17164,0.12738205265447114
LAS_1.0Torr_SmallAdmixture_1kHzLaserFreq_CapCoupling_3%_N2_Trial,0,75.0,1.0,2.61,2,1.2400348370364604,0.001232422854464543,0.29762537169421505,0.0002847095933108561,0.22547783409424055,0.00018638270577177917,0.5265943101058335,0.0005233617987349625,-0.07328029748263964,0.00028460843187691845,88.45214245385345,0.0005240598198645691,17323,0.12732816263171098
LAS_1.0Torr_SmallAdmixture_1kHzLaserFreq_CapCoupling_3%_N2_Trial,0,75.0,1.0,2.61,4,1.116930277719048,0.0011078397160274697,0.2885150938727907,0.0002735122998004063,0.2426667447901405,0.00020022232893107084,0.4743166171342694,0.0004704562110235092,-0.07414674837748964,0.0004722600717179679,94.30430895473812,0.000529481585548754,17228,0.12747089291687574
LAS_1.0Torr_SmallAdmixture_1kHzLaserFreq_CapCoupling_3%_N2_Trial,0,75.0,1.0,2.61,6,1.1236345005399888,0.0013592490840276456,0.2920652581877588,0.0003366415365265861,0.24418704767676758,0.0002476520193143379,0.47716363843217624,0.0005772199395431005,-0.07425287980539366,0.0006542906958929398,144.29824936277024,0.0005216088198638667,17448,0.12742396355995986
LAS_1.0Torr_SmallAdmixture_1kHzLaserFreq_CapCoupling_3%_N2_Trial,0,75.0,1.0,2.61,8,1.1760377325000755,0.001735817048483451,0.26907381864867463,0.00037957909177204396,0.21494036200970124,0.0002654070239307547,0.49941724208680194,0.0007371336302943001,-0.07191029495600042,0.0012467040631465793,172.94598583617537,0.0005168573964624481,17098,0.12744620285582872
LAS_1.0Torr_SmallAdmixture_1kHzLaserFreq_CapCoupling_3%_N2_Trial,0,75.0,1.0,2.48,0,1.0958729418110151,0.0012258296360801654,0.2881776108006255,0.0003067222549696149,0.2470403092764688,0.00023187361545331947,0.4653743899129295,0.0005205619166810067,-0.07383614101716052,0.0006620995209901906,121.22949456538208,0.0005328135442873223,18601,0.12612506381210342
LAS_1.0Torr_SmallAdmixture_1kHzLaserFreq_CapCoupling_3%_N2_Trial,0,75.0,1.0,2.48,2,1.121079258509611,0.0011740213483357013,0.29138225381339095,0.00029120849795477555,0.24417127469447011,0.00021421234214819053,0.4760785270514702,0.0004985609625725227,-0.06956988279243446,0.0003974944940545684,116.73890428040517,0.0005072007841368943,18556,0.12614062160626868
LAS_1.0Torr_SmallAdmixture_1kHzLaserFreq_CapCoupling_3%_N2_Trial,0,75.0,1.0,2.48,4,1.167178441022349,0.0012068129849932983,0.29518979773741394,0.00029166610867652687,0.2375920343794516,0.0002050210178946953,0.49565504739323246,0.0005124862885127332,-0.06897302476030191,0.00026863854939566885,104.26606540117425,0.0005190344056502332,17201,0.12613996792140744
LAS_1.0Torr_SmallAdmixture_1kHzLaserFreq_CapCoupling_3%_N2_Trial,0,75.0,1.0,2.48,6,1.2480744187966126,0.0013105888931207864,0.29433306682746774,0.000298036391738734,0.22154725004164905,0.000193529620851461,0.530008406132881,0.0005565558590714143,-0.07206680675085492,0.00023504585913590413,95.76160542005347,0.0005304038051209451,16953,0.12613984940186793
LAS_1.0Torr_SmallAdmixture_1kHzLaserFreq_CapCoupling_3%_N2_Trial,0,75.0,1.0,2.48,8,1.1309967900804787,0.0011883131271096855,0.2950380979991559,0.00029552361898054115,0.24506682099188404,0.00021598112764613944,0.48029011493556145,0.0005046301222113419,-0.07529855019689106,0.00024864758529068496,113.26546531118316,0.0005189769679717298,17060,0.12615005983409353
LAS_1.0Torr_SmallAdmixture_1kHzLaserFreq_CapCoupling_3%_N2_Trial,0,75.0,1.0,2.74,0,1.1747100525928489,0.0011501995157274713,0.2963377035031115,0.00027819140083625574,0.23698672292843367,0.0001935988114475591,0.498853428342296,0.0004884447616940318,-0.06886414458526564,0.0004328341847887468,30.39678315387453,0.0009121089834657097,18797,0.11752939419651148
LAS_1.0Torr_SmallAdmixture_1kHzLaserFreq_CapCoupling_3%_N2_Trial,0,75.0,1.0,2.74,2,1.1919587637570166,0.0010958847872574382,0.2917315222973409,0.0002576001201692892,0.22992697042142726,0.0001758117434049894,0.5061782815515955,0.0004653794202108701,-0.06713133397740184,0.00017300152296641425,33.48068653806698,0.0007889564304398531,18746,0.11958817230740777
LAS_1.0Torr_SmallAdmixture_1kHzLaserFreq_CapCoupling_3%_N2_Trial,0,75.0,1.0,2.74,4,1.1485117393194375,0.0011507921898536594,0.2874803624159205,0.00027548138509568304,0.2351475915323552,0.00019708997274414623,0.4877280290453544,0.0004886964472219509,-0.06700388573272086,2.5467871089343776e-05,58.123232963792134,0.0006609251011711371,18773,0.12086164789922324
LAS_1.0Torr_SmallAdmixture_1kHzLaserFreq_CapCoupling_3%_N2_Trial,0,75.0,1.0,2.74,6,1.1702107718824006,0.0011171525062245377,0.28744311215893653,0.0002628032924724486,0.23075738282016678,0.00018432606150220042,0.4969427597457965,0.0004744109888914484,-0.07102617160307119,0.0002737462962984426,49.847747567490266,0.000674063118859262,18774,0.12199711500470763
LAS_1.0Torr_SmallAdmixture_1kHzLaserFreq_CapCoupling_3%_N2_Trial,0,75.0,1.0,2.74,8,1.2075550812691112,0.0011229263494431062,0.29943016050483506,0.0002676955573451845,0.23294660385150046,0.00018009276373901213,0.5128014277852133,0.0004768629143499361,-0.06876569993250985,0.0003127292952370463,83.09170393757014,0.0005142091060797364,18740,0.12273519935942702
LAS_1.0Torr_SmallAdmixture_1kHzLaserFreq_CapCoupling_3%_N2_Trial,0,75.0,1.0,3.0,0,1.2181006053439594,0.0012855569847488174,0.29825073114501566,0.0003014966160620698,0.2300202906129722,0.0002023956450053205,0.5172796995313287,0.0005459257863298515,-0.07555215433933157,1.202972287771353e-05,77.18173686765559,0.0005988449892728447,18709,0.11598413002942817
LAS_1.0Torr_SmallAdmixture_1kHzLaserFreq_CapCoupling_3%_N2_Trial,0,75.0,1.0,3.0,2,1.2220975859287275,0.0011709069843717178,0.2983173339030959,0.0002739571096815814,0.22931918659988562,0.00018293607748149659,0.5189770609043145,0.0004972384139682014,-0.07951698596172889,3.5284760182966335e-05,97.00330219706498,0.0004835939051588454,18679,0.11578324291361762
LAS_1.0Torr_SmallAdmixture_1kHzLaserFreq_CapCoupling_3%_N2_Trial,0,75.0,1.0,3.0,4,1.2146303701903485,0.0012662226169059634,0.2984867267628991,0.0002979293858644761,0.23085999263641047,0.00020105852153912932,0.5158060263472849,0.0005377152362779897,-0.08176924428023531,-5.963865757158597e-05,114.35944041981843,0.00048604020192868425,18693,0.11610708375389014
LAS_1.0Torr_SmallAdmixture_1kHzLaserFreq_CapCoupling_3%_N2_Trial,0,75.0,1.0,3.0,6,1.207066005253751,0.001150611362883146,0.29553251244131257,0.0002698425619436722,0.23000752075423825,0.00018251291821473495,0.5125937363242916,0.0004886196570778824,-0.08712317085858223,0.00039039708436426716,70.39353493960633,0.0005652764641470138,18731,0.11578995153575025
LAS_1.0Torr_SmallAdmixture_1kHzLaserFreq_CapCoupling_3%_N2_Trial,0,75.0,1.0,3.0,8,1.188661972950123,0.0012501390513978158,0.29071793369406346,0.00029267985279025807,0.22976360875826266,0.00020169624555866248,0.5047782633999536,0.0005308851748717747,-0.08538095584744704,0.0003382602007922118,78.53508834623211,0.0005900944232338453,18726,0.11585321731285667
LAS_1.0Torr_SmallAdmixture_1kHzLaserFreq_CapCoupling_3%_N2_Trial,0,75.0,1.0,2.87,0,1.1991109179804453,0.00122362478667755,0.2949536968440254,0.00028833750234281443,0.2310799561163464,0.0001963702537179615,0.5092155218020855,0.00051962560334901,-0.07015598125914622,0.0002019983202200773,105.89097343100413,0.0004966732469288309,19141,0.11832240196327112
LAS_1.0Torr_SmallAdmixture_1kHzLaserFreq_CapCoupling_3%_N2_Trial,0,75.0,1.0,2.87,2,1.1544017709656151,0.001276056343684,0.28582813619310854,0.00030209637517045494,0.23260325234640103,0.0002149695937067892,0.49022929518609687,0.000541891235543321,-0.06930260672004787,5.955585315615551e-05,37.6647306772784,0.000901876921956158,19110,0.1195425245527519
LAS_1.0Torr_SmallAdmixture_1kHzLaserFreq_CapCoupling_3%_N2_Trial,0,75.0,1.0,2.87,4,1.208149728334172,0.0012015226821152885,0.29816302279640333,0.0002836425268077894,0.23184664299095767,0.00019261732436113885,0.51305395114313,0.0005102397037305231,-0.07324893651578898,3.6035056899138093e-06,100.41531160962751,0.0004982758240026653,19173,0.11899352491572378
LAS_1.0Torr_SmallAdmixture_1kHzLaserFreq_CapCoupling_3%_N2_Trial,0,75.0,1.0,2.87,6,1.1572600612799446,0.0011114147696753866,0.2882176306142656,0.0002644781471941041,0.23396848784192922,0.00018742668838946062,0.49144309932385294,0.0004719743965236967,-0.0779184314396155,-2.9811516237668898e-05,41.28032564734277,0.0007524247344747329,19172,0.11796544622592703
LAS_1.0Torr_SmallAdmixture_1kHzLaserFreq_CapCoupling_3%_N2_Trial,0,75.0,1.0,2.87,8,1.2101619244116972,0.001209960242002315,0.29667095415525535,0.0002847158887711278,0.23030286131034072,0.00019141676492723069,0.5139084521406782,0.0005138228055071668,-0.08121140644129407,0.0005085519359165223,24.058900237425572,0.0010173724702106197,19086,0.1183062272621074
LAS_1.0Torr_SmallAdmixture_1kHzLaserFreq_CapCoupling_3%_N2_Trial,0,80.0,1.0,0.13,0,1.1031147251861277,0.0008119615156907733,0.3295171562751441,0.00022597739680074418,0.28062421206800336,0.00017417730820692482,0.4684496921596527,0.00034480830813553813,0.01321236990064394,-0.0005028610527421148,80.3292619226976,0.0005067981170123443,17434,0.15748192847818765
LAS_1.0Torr_SmallAdmixture_1kHzLaserFreq_CapCoupling_3%_N2_Trial,0,80.0,1.0,0.13,1,1.108697124212469,0.000878095441197584,0.32066540148703415,0.00023697774392090486,0.27171084470891116,0.00018134040119257734,0.47082031875514185,0.0003728928004713172,0.012885139383272112,-0.0003733533796270234,89.85117801749156,0.0005041791147927315,17466,0.15742319895833332
LAS_1.0Torr_SmallAdmixture_1kHzLaserFreq_CapCoupling_3%_N2_Trial,0,80.0,1.0,0.13,2,1.158376780519716,0.0008578830644965136,0.32683479523841646,0.00022607460467408879,0.26506124413628107,0.00016528520202777506,0.4919173263214224,0.00036430939438739085,0.014929121780460323,-0.0005731236727858327,74.12416058832872,0.000510458529615172,17499,0.1574505796875
LAS_1.0Torr_SmallAdmixture_1kHzLaserFreq_CapCoupling_3%_N2_Trial,0,80.0,1.0,0.13,3,1.153161128419222,0.00094974918455296,0.3188635447850831,0.00024309210433550547,0.2597662142844302,0.00018091623327175414,0.48970244280558856,0.00040332134362329903,0.013166062919843726,-0.00041449557059592107,80.7354823116239,0.0005381441361378428,18527,0.1574298859375
LAS_1.0Torr_SmallAdmixture_1kHzLaserFreq_CapCoupling_3%_N2_Trial,0,80.0,1.0,0.13,4,1.1977578683596577,0.0009348788305299025,0.3265296232031469,0.0002389145978238568,0.2561069384222789,0.00016798406035225,0.5086409345321823,0.00039700648569840737,0.01312300841411039,-0.0005732771677878111,77.3343576657746,0.0005148111488269301,17440,0.15749339166666665
LAS_1.0Torr_SmallAdmixture_1kHzLaserFreq_CapCoupling_3%_N2_Trial,0,80.0,1.0,0.0,0,1.0838336144676275,0.0007166766891451893,0.2983647301482305,0.00018610367112198225,0.2586143725465543,0.00014302409371693596,0.4602617583261581,0.0003043445679246246,0.0017681222467039012,-0.0008497958841589793,59.08543000688192,0.00048620877921366735,18585,0.15909459963108957
LAS_1.0Torr_SmallAdmixture_1kHzLaserFreq_CapCoupling_3%_N2_Trial,0,80.0,1.0,0.0,3,1.1571825191006622,0.0005524578838835447,0.3267116881079298,0.00014752912294723256,0.2652348563250148,0.00010593438461087926,0.49141017019219974,0.00023460726226164077,-0.0014559748917768256,-0.0006149949625599822,29.305509709886167,0.000518062036986531,18485,0.15909461862106405
LAS_1.0Torr_SmallAdmixture_1kHzLaserFreq_CapCoupling_3%_N2_Trial,0,80.0,1.0,0.0,6,1.1654372826165205,0.0007149914055624556,0.2959442420506072,0.0001722352710805984,0.238555139384823,0.00012220042313974293,0.49491564549732,0.000303628893881383,-0.0010666559343398081,-0.0006781447285412656,41.41492157859127,0.0005109575042598502,18581,0.15903311878810658
LAS_1.0Torr_SmallAdmixture_1kHzLaserFreq_CapCoupling_3%_N2_Trial,0,80.0,1.0,0.0,9,1.132102950431847,0.0006217395688291564,0.3066454274567931,0.00015922435969867343,0.25445931908031294,0.00011704588703187323,0.4807598579860771,0.0002640284849541379,-0.0018927285024016797,-0.00047054450183002696,41.37011488562445,0.0004843456994866347,18592,0.15906331850831038
LAS_1.0Torr_SmallAdmixture_1kHzLaserFreq_CapCoupling_3%_N2_Trial,0,80.0,1.0,0.0,12,1.1115197213581907,0.0006351175513799173,0.31510684163039226,0.00017007082010236224,0.2663228623952623,0.00012745737928413539,0.47201896539978794,0.00026970959106625494,0.00017256410378217147,-0.0005069678378725691,45.99132936933008,0.0004957816298437373,18581,0.15910449655909667
LAS_1.0Torr_SmallAdmixture_1kHzLaserFreq_CapCoupling_3%_N2_Trial,0,80.0,1.0,0.26,0,1.166033697436554,0.001149867021752516,0.30276028158937834,0.00028219771885581427,0.24392459296841362,0.0002021882213973911,0.49516891955165465,0.0004883035645033349,0.010721346032048242,-0.0005151489987705493,104.77734028160879,0.0005286392112545498,16772,0.1551295815606429
LAS_1.0Torr_SmallAdmixture_1kHzLaserFreq_CapCoupling_3%_N2_Trial,0,80.0,1.0,0.26,2,1.233940540092731,0.001534101863575057,0.30317298573347723,0.0003578424688375577,0.2308150153420702,0.0002404250022253825,0.5240063004799644,0.0006514730782983862,0.009347558326464474,-0.0004496865366975985,155.09931945675,0.0005267812930681478,16835,0.15516382703764894
LAS_1.0Torr_SmallAdmixture_1kHzLaserFreq_CapCoupling_3%_N2_Trial,0,80.0,1.0,0.26,4,1.1743594172031024,0.0012236606964855525,0.303945515306353,0.0002934243184793678,0.24314340532339812,0.00021434695571269512,0.49870452720206393,0.0005196408528404003,0.011384426553513112,-0.0006193502455561104,124.06980284852365,0.0005148170443793649,18556,0.1551872397658623
LAS_1.0Torr_SmallAdmixture_1kHzLaserFreq_CapCoupling_3%_N2_Trial,0,80.0,1.0,0.26,6,1.0776703061779236,0.0011241819967403362,0.3070855907200623,0.00029472353009784853,0.267695648678568,0.00023737640975412448,0.4576444422799874,0.00047739613866144116,0.010826919299905544,-0.0005052834806198869,128.08486073851674,0.0005362501384219225,18562,0.15511714110872032
LAS_1.0Torr_SmallAdmixture_1kHzLaserFreq_CapCoupling_3%_N2_Trial,0,80.0,1.0,0.26,8,1.0703749418315391,0.001247905381676865,0.3050754671699906,0.0003331848122580437,0.2677559567919212,0.00026307485176732976,0.4545463862897733,0.0005299366226774512,0.01149023381797671,-0.0007253047773278791,167.9592368813062,0.0005186329641725489,16762,0.15516111170186148
LAS_1.0Torr_SmallAdmixture_1kHzLaserFreq_CapCoupling_3%_N2_Trial,0,80.0,1.0,0.52,0,1.1218918533785183,0.0009440516840863265,0.35152039700958204,0.00027298079637094936,0.294352226713857,0.00020941534774646228,0.47642360431995273,0.00040090183794656755,-0.008311174819754397,-0.0006109693071531978,109.87694925919058,0.000524456411578374,18690,0.15073947422241338
LAS_1.0Torr_SmallAdmixture_1kHzLaserFreq_CapCoupling_3%_N2_Trial,0,80.0,1.0,0.52,3,1.109351405035792,0.0009764222443488954,0.35131016587402936,0.00028529737767329813,0.29750164349192226,0.0002211333487415052,0.47109816623852113,0.00041464834920583595,-0.009350907355159319,-0.0005281501415044396,129.31469683267338,0.000508945844272536,18741,0.15073690698851847
LAS_1.0Torr_SmallAdmixture_1kHzLaserFreq_CapCoupling_3%_N2_Trial,0,80.0,1.0,0.52,6,1.1544882788259936,0.0009704999392728513,0.3574026458103537,0.0002775923086000563,0.29082787165372337,0.0002064062294554481,0.4902660316919547,0.00041213337780131564,-0.009698392356434774,-0.00050688470753282,111.77771453805306,0.0005148059203423851,18472,0.15068747750970743
LAS_1.0Torr_SmallAdmixture_1kHzLaserFreq_CapCoupling_3%_N2_Trial,0,80.0,1.0,0.52,9,1.139632408696787,0.0009480623737236373,0.35213850503050986,0.0002716263937508443,0.2902795992521149,0.00020374074618219562,0.4839573245104633,0.00040260502101814615,-0.010833071039647611,-0.00020955263536527014,105.69946137117834,0.0005203281903876343,16925,0.15072797781934122
LAS_1.0Torr_SmallAdmixture_1kHzLaserFreq_CapCoupling_3%_N2_Trial,0,80.0,1.0,0.52,12,1.14443208202247,0.0009830593856615787,0.3542848741781984,0.00028081545796414465,0.2908240893546361,0.0002110998087590701,0.4859955581053451,0.000417466883610063,-0.006635549353494994,-0.000562114768197402,128.00687617901727,0.0004908381403363229,18831,0.150715782850472
LAS_1.0Torr_SmallAdmixture_1kHzLaserFreq_CapCoupling_3%_N2_Trial,0,80.0,1.0,0.39,0,1.1593885562843524,0.00100229322926745,0.34567980193682846,0.0002775804509194452,0.2800997911120675,0.00020435365379768518,0.4923469879283767,0.0004256347449489615,0.005177713318225779,-0.0007214852103393491,116.60073456336133,0.0004999931451499026,18009,0.15307714534482178
LAS_1.0Torr_SmallAdmixture_1kHzLaserFreq_CapCoupling_3%_N2_Trial,0,80.0,1.0,0.39,2,1.1367591342306897,0.0009717935237055441,0.3471010547666635,0.0002752488189740428,0.28685027505360655,0.00020703256315333875,0.4827371571893297,0.00041268271253091523,0.0028846585331743476,-0.0007603630402258098,104.73560382496028,0.0005310221675868335,18075,0.15307367428037133
LAS_1.0Torr_SmallAdmixture_1kHzLaserFreq_CapCoupling_3%_N2_Trial,0,80.0,1.0,0.39,4,1.141163193155552,0.0009376805089301977,0.34383614151230923,0.0002617385914233611,0.2830554744827651,0.00019659130315495326,0.4846073888166489,0.0003981962489697907,0.0007217195084756383,-0.0008415587081245336,96.76279873184228,0.0005244213285737679,18198,0.15314698227643092
LAS_1.0Torr_SmallAdmixture_1kHzLaserFreq_CapCoupling_3%_N2_Trial,0,80.0,1.0,0.39,6,1.1529276685148633,0.0009766643277587578,0.345616065739232,0.00027165281839061054,0.2816175074462255,0.00020143372216053216,0.4896033015124561,0.00041475115256457804,-0.0021130928700647867,-0.0005295982477047851,112.00620422981429,0.0005022727627191954,18123,0.1531220768839019
LAS_1.0Torr_SmallAdmixture_1kHzLaserFreq_CapCoupling_3%_N2_Trial,0,80.0,1.0,0.39,8,1.142038606011657,0.000980669331308744,0.34871573350087526,0.00027727643730548807,0.286852439134156,0.00020821867728853247,0.48497914242812007,0.0004164519209771952,0.00032675127903345163,-0.0005076193832754019,113.87541304810121,0.0005109461977504839,18230,0.15311186632770626
LAS_1.0Torr_SmallAdmixture_1kHzLaserFreq_CapCoupling_3%_N2_Trial,0,80.0,1.0,0.65,0,1.1406649405387257,0.0010270078863739813,0.3026570922337631,0.0002523272813476111,0.2492645692896904,0.0001901276132911681,0.4843958004118884,0.0004361300934825715,-0.019286581421559184,-0.0005748601805816529,102.00382706897771,0.0004994772108396265,17266,0.14911900817283325
LAS_1.0Torr_SmallAdmixture_1kHzLaserFreq_CapCoupling_3%_N2_Trial,0,80.0,1.0,0.65,2,1.1301389006361109,0.001112212463379014,0.29981977877621424,0.00027240804390908587,0.24922766300259358,0.00020825310436864343,0.4799258028318922,0.00047231314584991827,-0.021812263706861904,-0.0006239570021421771,125.41331873844884,0.00048715879339416386,17460,0.14909241727174094
LAS_1.0Torr_SmallAdmixture_1kHzLaserFreq_CapCoupling_3%_N2_Trial,0,80.0,1.0,0.65,4,1.1449291661771215,0.0010256496165150571,0.3201313224875977,0.0002656218251259631,0.26267415252285053,0.0001993454233011191,0.4862066503099067,0.00043555328938164233,-0.026843055866696466,-0.0006104850683058658,110.42885605999784,0.0005030441135687463,17403,0.14907078117175762
LAS_1.0Torr_SmallAdmixture_1kHzLaserFreq_CapCoupling_3%_N2_Trial,0,80.0,1.0,0.65,6,1.1061163293159828,0.001000594303506224,0.30764846384040556,0.00025642907989210153,0.26128936713653356,0.00020067277116102587,0.46972435607131297,0.0004249132776059213,-0.031072348323130782,-0.00031873341840635397,105.90705266775619,0.0004990204191331653,17275,0.14908538449969921
LAS_1.0Torr_SmallAdmixture_1kHzLaserFreq_CapCoupling_3%_N2_Trial,0,80.0,1.0,0.65,8,1.0870924152835058,0.0010024711690226587,0.3370616206881354,0.0002867240484123205,0.29127997513511905,0.00022745241689666856,0.46164564361401894,0.00042571030900557974,-0.030108143020629974,-0.00017033297871477308,146.66090660855244,0.0004868855034340698,17427,0.14909619815427552
LAS_1.0Torr_SmallAdmixture_1kHzLaserFreq_CapCoupling_3%_N2_Trial,0,80.0,1.0,0.91,0,1.144556488872717,0.0007800919323485783,0.35440150360479067,0.0002222933342761273,0.29088820634922313,0.00016796495781722074,0.48604838883035506,0.00033127454218622707,-0.012480771384397144,-0.0006128823606837263,88.52957337086119,0.00047054758328098436,18743,0.14667066764120218
LAS_1.0Torr_SmallAdmixture_1kHzLaserFreq_CapCoupling_3%_N2_Trial,0,80.0,1.0,0.91,2,1.1721821148362612,0.000798251210858453,0.36388761151858257,0.000228470284101531,0.29163521878619103,0.00016804566114807492,0.49777991201907545,0.0003389860777441962,-0.015232050724300209,-0.0005423297931950983,79.49272255264962,0.0004978229168647332,18270,0.14671638615336827
LAS_1.0Torr_SmallAdmixture_1kHzLaserFreq_CapCoupling_3%_N2_Trial,0,80.0,1.0,0.91,4,1.1867162582669084,0.0008452556177445951,0.3686894967327839,0.00024166669181797858,0.29186476133866984,0.00017580285345748296,0.5039519944511562,0.0003589470114832006,-0.017856169456870404,-0.000570985753975978,83.80288001771338,0.0005052998449158367,18889,0.14666844650413058
LAS_1.0Torr_SmallAdmixture_1kHzLaserFreq_CapCoupling_3%_N2_Trial,0,80.0,1.0,0.91,6,1.1733140801119588,0.0007412627383954942,0.365759457448209,0.00021255595831523832,0.29285259180646583,0.00015674476875920452,0.4982606134119849,0.000314785301730244,-0.02015032114944432,-0.00032959811284765105,68.40812665677203,0.0004972248358691868,18741,0.14667135500621264
LAS_1.0Torr_SmallAdmixture_1kHzLaserFreq_CapCoupling_3%_N2_Trial,0,80.0,1.0,0.91,8,1.159117407487338,0.0007742582563786928,0.3622583477061246,0.00022292697133465767,0.29360183373744336,0.00016619499781988714,0.4922318416361636,0.000328797208097707,-0.018752545564305417,-0.0003672427738668591,78.0763541965803,0.0004946040957815207,18248,0.14668553441298945
LAS_1.0Torr_SmallAdmixture_1kHzLaserFreq_CapCoupling_3%_N2_Trial,0,80.0,1.0,0.78,0,1.105751240357145,0.0009894163100441012,0.3258737474473116,0.00026871153180252686,0.27685969079508416,0.0002102202548975067,0.4695693170654202,0.0004201664208404924,-0.008119615346983158,-0.0004595032089168489,120.68281877140953,0.0004900507419547576,17226,0.14788085078136853
LAS_1.0Torr_SmallAdmixture_1kHzLaserFreq_CapCoupling_3%_N2_Trial,0,80.0,1.0,0.78,1,1.12888854542388,0.0009096829072697863,0.3278487822975642,0.0002439670720555817,0.2728288537563037,0.00018618798930521561,0.4793948258619664,0.000386306762246807,-0.009163440348846023,-0.000390561463545836,101.23558630857221,0.0004810598751710842,17277,0.1478833625
LAS_1.0Torr_SmallAdmixture_1kHzLaserFreq_CapCoupling_3%_N2_Trial,0,80.0,1.0,0.78,2,1.140824553440584,0.000883967987913173,0.32950608210837273,0.0002361682268611487,0.27133909079823765,0.00017784100376505942,0.48446358177046617,0.000375386641445697,-0.008986577114791332,-0.0004984471427850242,90.59218265612434,0.0004918722380364037,17245,0.14786717864583335
LAS_1.0Torr_SmallAdmixture_1kHzLaserFreq_CapCoupling_3%_N2_Trial,0,80.0,1.0,0.78,3,1.1829445860726409,0.0008919787014891385,0.342503162589985,0.00023902458119127236,0.2719994180604851,0.0001735527536918249,0.5023503127420904,0.0003787884782836623,-0.011375499836314584,-0.00039226467873078595,83.03959474362267,0.0005020043667847305,17247,0.14790645989583334
LAS_1.0Torr_SmallAdmixture_1kHzLaserFreq_CapCoupling_3%_N2_Trial,0,80.0,1.0,0.78,4,1.1859978037357355,0.0008915109461336969,0.3406317776801124,0.000237398579052765,0.2698168489473295,0.00017131157499567293,0.5036468949032358,0.0003785898408733733,-0.011319936742662053,-0.0005587605596097671,84.87125169991354,0.0004967460561530096,17242,0.14788493125
LAS_1.0Torr_SmallAdmixture_1kHzLaserFreq_CapCoupling_3%_N2_Trial,0,80.0,1.0,1.04,0,1.1572052884520851,0.0008014395304011266,0.36892489456338035,0.0002359766778586271,0.2994989760691266,0.0001752085859976658,0.4914198394454707,0.0003403400323911347,-0.024209381995017373,-0.0005929548972324909,85.40729153832487,0.0004998270142411533,17827,0.14541388804624433
LAS_1.0Torr_SmallAdmixture_1kHzLaserFreq_CapCoupling_3%_N2_Trial,0,80.0,1.0,1.04,1,1.1694730958193322,0.0007892121763540856,0.3733117128936966,0.0002318806757339479,0.2998811523935552,0.0001709880912725182,0.49662949756483915,0.0003351475532151388,-0.02774617123093835,-0.0003539639565477466,89.39020170865808,0.00047699418066143726,19212,0.145454746875
LAS_1.0Torr_SmallAdmixture_1kHzLaserFreq_CapCoupling_3%_N2_Trial,0,80.0,1.0,1.04,2,1.1508620769319624,0.0007631324842156852,0.36729953453347697,0.0002240010729114936,0.29982296063629654,0.00016834937714923297,0.4887261255315315,0.000324072527676167,-0.027306017319917372,-0.0003500889530440626,84.32575762800691,0.00048187559706002386,19134,0.14554277135416666
LAS_1.0Torr_SmallAdmixture_1kHzLaserFreq_CapCoupling_3%_N2_Trial,0,80.0,1.0,1.04,3,1.149217355563014,0.0007723346410742261,0.3659391898918531,0.00022662464104093692,0.29914003217706137,0.00017001483876110722,0.48802767667450786,0.0003279803238909814,-0.02738941675807404,-0.0002650521329106354,89.83835411195574,0.00047206595822026304,18456,0.145489664587396
LAS_1.0Torr_SmallAdmixture_1kHzLaserFreq_CapCoupling_3%_N2_Trial,0,80.0,1.0,1.04,4,1.1574321543887462,0.0007554021827996789,0.37142540925412515,0.00022357023592615958,0.3014698307685034,0.00016650971960403008,0.49151618053834517,0.00032078977091846126,-0.025665230347115132,-0.0003609812076589803,77.62361378115851,0.0004943372086886429,17796,0.14551292552083334
LAS_1.0Torr_SmallAdmixture_1kHzLaserFreq_CapCoupling_3%_N2_Trial,0,80.0,1.0,1.3,0,1.0690843932994178,0.0007484526869087181,0.3218487479968956,0.00020881761327376123,0.28281837604789783,0.00016724683740317473,0.4539983407884431,0.0003178385917378588,-0.03986897409838211,-0.00014394116683489285,79.40955451674591,0.00047836047714645526,17174,0.14300226772807106
LAS_1.0Torr_SmallAdmixture_1kHzLaserFreq_CapCoupling_3%_N2_Trial,0,80.0,1.0,1.3,2,1.085611336125338,0.0005789600499831145,0.31890542378710757,0.00015767401005371663,0.2759658392610322,0.00012433928770038102,0.4610166872055269,0.00024586169597325016,-0.04246339003407814,-0.00028375275337931755,46.31748870508337,0.0004680453531105822,17199,0.14306022880285693
LAS_1.0Torr_SmallAdmixture_1kHzLaserFreq_CapCoupling_3%_N2_Trial,0,80.0,1.0,1.3,4,1.0980570171435544,0.0006869128576273547,0.330573548746199,0.00019178532634818882,0.28282057324498255,0.00014944414952907073,0.46630188130962796,0.0002917050324405263,-0.046883763583659525,-0.0002880188747674629,63.03299648774546,0.000480716095286925,17026,0.14306442496106114
LAS_1.0Torr_SmallAdmixture_1kHzLaserFreq_CapCoupling_3%_N2_Trial,0,80.0,1.0,1.3,6,1.037481316045916,0.0007083015277780933,0.32204926305681764,0.0002032170603901488,0.29161497042317347,0.0001684897389804444,0.44057774955465034,0.0003007879643596223,-0.050977518098494004,-6.144944858127549e-06,82.049217315687,0.00046607860059662347,17214,0.14303415314274232
LAS_1.0Torr_SmallAdmixture_1kHzLaserFreq_CapCoupling_3%_N2_Trial,0,80.0,1.0,1.3,8,1.09973207298733,0.0013831378600764961,0.34032617371479773,0.0003983847578255425,0.29072089680572394,0.00030688126303221553,0.4670132120320371,0.000587364568683344,-0.05056226111378214,0.000114345395658823,264.341103546187,0.00048560487224231586,16970,0.14307323121304996
LAS_1.0Torr_SmallAdmixture_1kHzLaserFreq_CapCoupling_3%_N2_Trial,0,80.0,1.0,1.17,0,1.1461392555041394,0.0007128086121989027,0.3732339930664164,0.00021364042147499417,0.305922622474257,0.00016139473154825964,0.48672052793277276,0.0003027019468867882,-0.03557732313088641,-0.0004984635948905664,76.90288129665798,0.0004839919482020849,18694,0.14424040809171398
LAS_1.0Torr_SmallAdmixture_1kHzLaserFreq_CapCoupling_3%_N2_Trial,0,80.0,1.0,1.17,1,1.1136391781493618,0.0006693863869484221,0.36452438358050754,0.00020142985071398915,0.3075033652278805,0.00015689416048270477,0.47291901582854295,0.0002842622256256632,-0.03939408483365007,-0.0003666282716679225,80.58623048068083,0.0004561425788302178,18702,0.14423996458333335
LAS_1.0Torr_SmallAdmixture_1kHzLaserFreq_CapCoupling_3%_N2_Trial,0,80.0,1.0,1.17,2,1.142885625061679,0.0006849596709992161,0.37381158747381377,0.00020625832504441767,0.3072683152033208,0.00015614567969147864,0.4853388383003416,0.0002908755904488717,-0.041308111934246564,-0.0004686129486900908,75.91405469242474,0.00047183211322399045,18655,0.14420587864583334
LAS_1.0Torr_SmallAdmixture_1kHzLaserFreq_CapCoupling_3%_N2_Trial,0,80.0,1.0,1.17,3,1.1393724953628843,0.0006539041647868668,0.3704333797287452,0.0001955830043994165,0.305430337846668,0.0001486312227645569,0.4838469494801288,0.0002776875312263076,-0.04518122445066397,-0.00014774859526745678,72.04131227269524,0.0004589880392034911,18714,0.144258865625
LAS_1.0Torr_SmallAdmixture_1kHzLaserFreq_CapCoupling_3%_N2_Trial,0,80.0,1.0,1.17,4,1.1605161947520966,0.0006276132362810137,0.37725219290876777,0.00018989053108681524,0.3053854613079267,0.00013926720714383474,0.492825851895126,0.0002665228018613902,-0.044194375263013605,3.368654734423826e-05,59.717250925850585,0.0004724169177183841,17014,0.14423202604166668
LAS_1.0Torr_SmallAdmixture_1kHzLaserFreq_CapCoupling_3%_N2_Trial,0,80.0,1.0,1.57,0,1.195587521634386,0.0005253982150939112,0.37315761805914666,0.00015277732469849725,0.29320996655795667,0.00010846931142849823,0.5077192731382039,0.00022311607895583626,-0.0403815052841525,-7.397449887948413e-05,30.068455731035684,0.000518549577966537,17290,0.13785078334010636
LAS_1.0Torr_SmallAdmixture_1kHzLaserFreq_CapCoupling_3%_N2_Trial,0,80.0,1.0,1.57,2,1.1811359324734605,0.0005051043992534182,0.3696094844355679,0.0001472112716398184,0.29397541696373125,0.00010598723015950793,0.5015822482766138,0.00021449808885365575,-0.04067180348408056,-4.357823568161308e-05,20.426149907539696,0.000613630005718159,17453,0.13742226011308536
LAS_1.0Torr_SmallAdmixture_1kHzLaserFreq_CapCoupling_3%_N2_Trial,0,80.0,1.0,1.57,4,1.1865019877132978,0.0005041120726470553,0.36820567282306554,0.0001456825983322741,0.29153439173357576,0.00010442513034329511,0.5038610021249856,0.00021407668654376084,-0.04003210039749274,-0.00013529647251346916,16.505060358757824,0.0006739968166077131,17328,0.1374446517256422
LAS_1.0Torr_SmallAdmixture_1kHzLaserFreq_CapCoupling_3%_N2_Trial,0,80.0,1.0,1.57,6,1.1821156633549446,0.0005301692991818545,0.36891322865461496,0.00015407465437041793,0.2931784514384966,0.00011084796989354145,0.5019983016746437,0.000225142171819285,-0.04109302729456935,0.00025780938770998506,19.17099654823425,0.0006639014005018741,17386,0.1379820018079466
LAS_1.0Torr_SmallAdmixture_1kHzLaserFreq_CapCoupling_3%_N2_Trial,0,80.0,1.0,1.57,8,1.19819785458181,0.0005379600445278592,0.3731000520878447,0.00015617828516860974,0.29252606009583826,0.00011055346344820667,0.5088277794773325,0.00022845059675071216,-0.0368555455256387,-5.048131425925102e-05,20.63850623891846,0.0006404490086930197,17448,0.13822907808332913
LAS_1.0Torr_SmallAdmixture_1kHzLaserFreq_CapCoupling_3%_N2_Trial,0,80.0,1.0,1.43,0,1.1408802809260978,0.000667412558751044,0.3716466999528178,0.00020288686265686767,0.3060257682409685,0.00015012071367335084,0.48448724705462715,0.00028342401796663496,-0.025078153823160056,-7.583788208103706e-05,68.25121130327872,0.00047798842104587416,17461,0.14135205359101569
LAS_1.0Torr_SmallAdmixture_1kHzLaserFreq_CapCoupling_3%_N2_Trial,0,80.0,1.0,1.43,2,1.164157938826839,0.0005349116004246685,0.3798286132509901,0.00016235982315620387,0.30650923461842056,0.0001186650579468954,0.49437235821200026,0.00022715604173381248,-0.02521391899849159,-0.0003456443644121682,39.5428660062243,0.0004921252510914877,17406,0.14136833237351226
LAS_1.0Torr_SmallAdmixture_1kHzLaserFreq_CapCoupling_3%_N2_Trial,0,80.0,1.0,1.43,4,1.1276695708096731,0.0005275727119185849,0.37170559775966583,0.00016177154194763912,0.309659943192441,0.00012210421395987916,0.4788771750050447,0.0002240395027347625,-0.029486312589755592,-0.00036783209379982144,45.043295862283244,0.0004744455979702375,17435,0.14132518946033018
LAS_1.0Torr_SmallAdmixture_1kHzLaserFreq_CapCoupling_3%_N2_Trial,0,80.0,1.0,1.43,6,1.1824197542309238,0.0004911057444066922,0.3903618837766821,0.0001508010392058582,0.31014409602938364,0.00010856700883287805,0.5021274371797626,0.0002085534074856398,-0.034727127468237,-0.00010799770526813417,34.24873596471593,0.00048363440815860016,17434,0.14136153970539145
LAS_1.0Torr_SmallAdmixture_1kHzLaserFreq_CapCoupling_3%_N2_Trial,0,80.0,1.0,1.43,8,1.1235323291767383,0.0006142844331378736,0.37064947562947836,0.0001888693302611535,0.3099171476373562,0.00014208270528154521,0.47712025024908933,0.00026086258032078204,-0.035314985543188765,0.00011101572653114721,67.72755831625442,0.0004524744773094735,17444,0.14133798399409322
LAS_1.0Torr_SmallAdmixture_1kHzLaserFreq_CapCoupling_3%_N2_Trial,0,80.0,1.0,1.83,0,1.1759655244154674,0.0007288039950418974,0.34854802547665603,0.0002014351701142592,0.27844269389843324,0.0001454641772114886,0.49938657813659465,0.0003094945605630424,-0.05773533170684365,0.00012510449962014838,51.98851007540153,0.0005295828815085042,16718,0.13125998536640987
LAS_1.0Torr_SmallAdmixture_1kHzLaserFreq_CapCoupling_3%_N2_Trial,0,80.0,1.0,1.83,2,1.1573630313399954,0.0006917716399503571,0.3316801697018558,0.00018458172432975992,0.26922642903375604,0.00013557179568530304,0.4914868266822419,0.00029376836731541633,-0.05831902542838849,0.0001081311863424087,45.86676569030092,0.0005222162710722517,19056,0.13121909189109823
LAS_1.0Torr_SmallAdmixture_1kHzLaserFreq_CapCoupling_3%_N2_Trial,0,80.0,1.0,1.83,4,1.1515205967582391,0.0006584385541234536,0.32964459869389584,0.00017553777920364851,0.2689317287131854,0.0001296445083791997,0.4890057731537209,0.000279613109083586,-0.05912811124789217,1.3288197741538364e-05,41.714682111056106,0.0005257695842127727,19085,0.13122687568168467
LAS_1.0Torr_SmallAdmixture_1kHzLaserFreq_CapCoupling_3%_N2_Trial,0,80.0,1.0,1.83,6,1.1558889857530747,0.0007578422287629439,0.3355249532333676,0.0002040809951694625,0.2726945691899843,0.00015112388325494731,0.49086085715644695,0.00032182596303361415,-0.060994071847824176,0.00016636448032860695,55.988641484163544,0.000517666764112877,19109,0.13126784912744358
LAS_1.0Torr_SmallAdmixture_1kHzLaserFreq_CapCoupling_3%_N2_Trial,0,80.0,1.0,1.83,8,1.17332611958739,0.0006605907425530316,0.3418652702588187,0.00017919247645743378,0.2737184264565801,0.00013012590017230465,0.4982657261064588,0.00028052705935937005,-0.06145742586316269,9.483613661324797e-05,45.810174073436485,0.0005042853233837609,19128,0.13128615603238528
LAS_1.0Torr_SmallAdmixture_1kHzLaserFreq_CapCoupling_3%_N2_Trial,0,80.0,1.0,1.7,0,1.182291515644378,0.0005342899924141531,0.3672651201981865,0.00015464926288338157,0.2918252736443253,0.00011116195128350131,0.5020729792661669,0.00022689206911653028,-0.050160448229455,-0.00010517774638686507,30.75451832313602,0.0005253201041806696,16811,0.132597447071501
LAS_1.0Torr_SmallAdmixture_1kHzLaserFreq_CapCoupling_3%_N2_Trial,0,80.0,1.0,1.7,2,1.208026336309383,0.0005765315379474348,0.3724814260856459,0.00016542018214621253,0.28966499054739736,0.00011649370879371689,0.5130015513748126,0.00024483040186616786,-0.0529077685478154,6.227898656250288e-05,34.827986807350186,0.0005176131577683438,18355,0.13263030742047996
LAS_1.0Torr_SmallAdmixture_1kHzLaserFreq_CapCoupling_3%_N2_Trial,0,80.0,1.0,1.7,4,1.1850767134271443,0.0005352893267651168,0.3642656422158166,0.00015323699476195289,0.2887616639241688,0.00010978938436120815,0.5032557438636756,0.00022731644734155538,-0.05293247900853486,1.3133286677008939e-05,33.85394505334287,0.0004976668832627598,18341,0.1325950618636288
LAS_1.0Torr_SmallAdmixture_1kHzLaserFreq_CapCoupling_3%_N2_Trial,0,80.0,1.0,1.7,6,1.1906418722771366,0.0005929486894640204,0.3673259786688789,0.00017045600301258103,0.2898266269910389,0.0001215164776231428,0.5056190492303576,0.0002518021242070017,-0.05297566784847488,0.0003798233866908746,42.15273378289951,0.0004926473947089547,17070,0.13260221425888835
LAS_1.0Torr_SmallAdmixture_1kHzLaserFreq_CapCoupling_3%_N2_Trial,0,80.0,1.0,1.7,8,1.1627429548874244,0.0005611869497535385,0.3606374342853629,0.00016214213499227554,0.2913767384598495,0.00011836114429227695,0.49377146985859915,0.0002383141552314087,-0.048035897653588025,0.0001829443776897639,36.664575886362776,0.0005118719385497219,16865,0.13252473919212152
LAS_1.0Torr_SmallAdmixture_1kHzLaserFreq_CapCoupling_3%_N2_Trial,0,80.0,1.0,2.09,0,1.2057526584317724,0.0008202102696884929,0.3441388054056117,0.0002183796493754353,0.2681286419601873,0.0001536939824142131,0.512036009280669,0.0003483112314332762,-0.04759667204728869,0.0001618986828905931,61.349391087809686,0.0005186875981488245,18655,0.12855973348538605
LAS_1.0Torr_SmallAdmixture_1kHzLaserFreq_CapCoupling_3%_N2_Trial,0,80.0,1.0,2.09,2,1.2140815262001023,0.0008949366582704756,0.34323183084951925,0.00023590714801130887,0.2655874174657582,0.00016508760973755362,0.5155729537643483,0.00038004460687301203,-0.047248800751525495,0.00013925720920543986,68.40011869409291,0.0005260670184653388,18654,0.1285230867005899
LAS_1.0Torr_SmallAdmixture_1kHzLaserFreq_CapCoupling_3%_N2_Trial,0,80.0,1.0,2.09,4,1.20006997856259,0.0008386962138527382,0.34092148442836906,0.00022204203904020985,0.26687972976813257,0.0001572276604691087,0.5096227973321916,0.0003561614891220765,-0.046969727974632544,-2.0821931043669474e-05,63.382800982550684,0.0005213989753214599,18714,0.12849233568339677
LAS_1.0Torr_SmallAdmixture_1kHzLaserFreq_CapCoupling_3%_N2_Trial,0,80.0,1.0,2.09,6,1.2268801746360454,0.0008628401903448121,0.3468484967074063,0.00022742008382127592,0.2655861710085356,0.00015738897856902473,0.5210080393297827,0.00036641449191225644,-0.04901979224142817,4.716958638978632e-05,66.94457020708865,0.0005085571748625484,18745,0.1284721070844186
LAS_1.0Torr_SmallAdmixture_1kHzLaserFreq_CapCoupling_3%_N2_Trial,0,80.0,1.0,2.09,8,1.2183041225641937,0.0008339574553126234,0.34542698641712344,0.0002203737706789613,0.2663595912538868,0.0001536878320490392,0.5173661253372682,0.00035414912365486624,-0.050770472202093436,-3.6100312166206035e-05,64.58636901141342,0.000504437346073957,18678,0.12850919206655315
LAS_1.0Torr_SmallAdmixture_1kHzLaserFreq_CapCoupling_3%_N2_Trial,0,80.0,1.0,1.96,0,1.2139565735060032,0.0007217313717599498,0.3540982921439981,0.00019616814605856713,0.2740239175139708,0.0001370761754889258,0.5155198912407968,0.0003064910939937511,-0.064735324087754,0.00026484406500313474,49.6028421887527,0.0005145093879288323,18772,0.12983198280959624
LAS_1.0Torr_SmallAdmixture_1kHzLaserFreq_CapCoupling_3%_N2_Trial,0,80.0,1.0,1.96,2,1.2113478388072763,0.000697109370409894,0.3525273370470735,0.00018888713408366504,0.27339572629181647,0.00013255691506663543,0.5144120636153985,0.0002960350927370893,-0.0628739618330076,0.0002988988932167503,45.89862660753902,0.0005143249866263974,19278,0.12982538700792018
LAS_1.0Torr_SmallAdmixture_1kHzLaserFreq_CapCoupling_3%_N2_Trial,0,80.0,1.0,1.96,4,1.2219260746622849,0.0007003929359299671,0.35090205435461524,0.0001874298392184327,0.2697793899881591,0.0001302394764246996,0.5189042267755221,0.00029742949462652544,-0.06079167907199838,-4.013613761140697e-06,45.05786288537533,0.0005135007362329809,19269,0.12980792979019104
LAS_1.0Torr_SmallAdmixture_1kHzLaserFreq_CapCoupling_3%_N2_Trial,0,80.0,1.0,1.96,6,1.210732259633772,0.0006732483365619983,0.34917832463168974,0.00018082253433388874,0.2709361483207877,0.00012704161566649136,0.5141506512094682,0.0002859022446248753,-0.0627761645404041,7.840859162932974e-05,41.76847752380337,0.000518707365437116,19255,0.12979680305085314
LAS_1.0Torr_SmallAdmixture_1kHzLaserFreq_CapCoupling_3%_N2_Trial,0,80.0,1.0,1.96,8,1.2000878373123582,0.0006303260759667906,0.3491562879739625,0.00017078474587590157,0.27332202095283525,0.0001210078465746132,0.5096303812449438,0.00026767483880429867,-0.0640757825308585,-7.622632240376326e-05,34.54060539747523,0.0005413838296583716,19229,0.12976435581704926
LAS_1.0Torr_SmallAdmixture_1kHzLaserFreq_CapCoupling_3%_N2_Trial,0,80.0,1.0,2.35,0,1.179356478492766,0.0010247076781490947,0.3207289135862621,0.0002669582948343717,0.2554822933307199,0.00018525507215033746,0.5008265837474072,0.0004351532849872726,-0.06861181501915185,0.0003549426497942605,86.27933138568095,0.0005207000817875586,17563,0.12607221539773397
LAS_1.0Torr_SmallAdmixture_1kHzLaserFreq_CapCoupling_3%_N2_Trial,0,80.0,1.0,2.35,3,1.2148335620689252,0.0010633918347399823,0.332505613280095,0.00027830649003887355,0.25712836576578585,0.00018773243426055902,0.5158923139933432,0.0004515809337464707,-0.06881306715959003,0.0005355555461874513,86.79628973371008,0.0005247413599495965,17300,0.1261125120948234
LAS_1.0Torr_SmallAdmixture_1kHzLaserFreq_CapCoupling_3%_N2_Trial,0,80.0,1.0,2.35,5,1.1871755122926235,0.0010239559841317008,0.3206780337958153,0.0002649296517369602,0.2537593610115162,0.00018250136790302497,0.5041470216791112,0.00043483406992921324,-0.06657330270126921,0.0003917284156498831,82.78637066604409,0.0005240164410491469,17416,0.12605392757683392
LAS_1.0Torr_SmallAdmixture_1kHzLaserFreq_CapCoupling_3%_N2_Trial,0,80.0,1.0,2.35,7,1.2151056488827128,0.0011328833614162005,0.33266683977824796,0.0002965250601639833,0.25719543890051977,0.000200078822725615,0.5160078586246036,0.0004810912680171749,-0.06707565833663345,0.000540870051738728,100.95587786721258,0.0005171450634105348,17557,0.12604220342021444
LAS_1.0Torr_SmallAdmixture_1kHzLaserFreq_CapCoupling_3%_N2_Trial,0,80.0,1.0,2.35,9,1.2181542615864833,0.0010348252256308429,0.3251849268140764,0.000264906170213818,0.25078173787488967,0.00017743266448792317,0.5173024852395772,0.0004394498118081215,-0.06446753670662293,0.00036619649364692846,79.1999442953799,0.0005234326346994698,17480,0.12615998434555672
LAS_1.0Torr_SmallAdmixture_1kHzLaserFreq_CapCoupling_3%_N2_Trial,0,80.0,1.0,2.22,0,1.1946227479070803,0.0010072379266111244,0.3324966090935404,0.0002681975303258939,0.26147142281606145,0.0001840479150323784,0.5073095714587309,0.0004277345645738659,-0.05022422706797714,0.00029220533443867497,87.4644731059857,0.0005123011410025096,17479,0.12733494093490164
LAS_1.0Torr_SmallAdmixture_1kHzLaserFreq_CapCoupling_3%_N2_Trial,0,80.0,1.0,2.22,2,1.2178252695358862,0.0010118741376340472,0.33416707618965136,0.00026603918353683046,0.257778366519085,0.00017849483060847744,0.5171627751792305,0.0004297033821201179,-0.05223700275958856,0.0002937228523163015,79.6190189211481,0.0005230816025862008,17285,0.12733212654351972
LAS_1.0Torr_SmallAdmixture_1kHzLaserFreq_CapCoupling_3%_N2_Trial,0,80.0,1.0,2.22,4,1.2034466304099976,0.0009759080593931743,0.3333734842010713,0.0002585967745635214,0.26023877658935185,0.0001760820174802607,0.5110567293451848,0.00041442999495969895,-0.054595699220199925,0.00014650416590730755,81.55955817930432,0.0005097196917957765,17408,0.12733271376629893
LAS_1.0Torr_SmallAdmixture_1kHzLaserFreq_CapCoupling_3%_N2_Trial,0,80.0,1.0,2.22,6,1.2020314431878667,0.0009747109261919881,0.33274052140299726,0.000258399891513455,0.26005047680860044,0.00017588465538335844,0.5104557546655624,0.0004139216192968909,-0.058444686372859635,0.0002456722943557567,83.92672858423698,0.000501555671778742,17369,0.12738979229354733
LAS_1.0Torr_SmallAdmixture_1kHzLaserFreq_CapCoupling_3%_N2_Trial,0,80.0,1.0,2.22,8,1.188288696671251,0.0009402496750704022,0.3268569327943876,0.00024772864640119706,0.2584065541721005,0.0001703936873504481,0.5046197475593653,0.00039928727337550947,-0.06014578014984593,0.0003335084273623654,71.74021969530352,0.0005260620480245318,17390,0.12744506644934803
LAS_1.0Torr_SmallAdmixture_1kHzLaserFreq_CapCoupling_3%_N2_Trial,0,80.0,1.0,2.48,0,1.1443483231732854,0.001307617569451903,0.2762082154518081,0.00030110950101198763,0.2267493987835741,0.00021768504630448863,0.4859599889970553,0.000555294054087567,-0.07150412302026272,0.00017075399886291425,109.87973303307672,0.0005306631349724863,17483,0.1252080520585305
LAS_1.0Torr_SmallAdmixture_1kHzLaserFreq_CapCoupling_3%_N2_Trial,0,80.0,1.0,2.48,2,1.1627555744544735,0.0011351680288054597,0.29448949650267936,0.00027576574832761523,0.2379299805377452,0.0001929366927022621,0.4937768288953016,0.00048206147692722747,-0.07635981268393642,0.00031104859220199493,95.28904926764554,0.0005157278353469662,17109,0.12526278112197978
LAS_1.0Torr_SmallAdmixture_1kHzLaserFreq_CapCoupling_3%_N2_Trial,0,80.0,1.0,2.48,4,1.1548197542478666,0.0011213141846261859,0.3053049745166547,0.0002833941710433707,0.24836332542665487,0.0002014217780529193,0.49040679634298295,0.0004761782909876022,-0.07978323216438517,0.0004079692524354329,89.66647038633121,0.000546506443170171,16910,0.1251686836384918
LAS_1.0Torr_SmallAdmixture_1kHzLaserFreq_CapCoupling_3%_N2_Trial,0,80.0,1.0,2.48,6,1.1580989291818184,0.0011185438712807574,0.28624746524244443,0.00026447029397779685,0.23220083622045787,0.0001879833826401175,0.49179933372216456,0.00047500184722865156,-0.0807483272835063,0.0006661921265791177,86.61926186131717,0.0005227263065330485,17189,0.1251803010826854
LAS_1.0Torr_SmallAdmixture_1kHzLaserFreq_CapCoupling_3%_N2_Trial,0,80.0,1.0,2.48,8,1.195687015725912,0.0012496117507805595,0.2990866499249082,0.0003002960038030319,0.23498887652490713,0.0002049466985010647,0.5077615243886703,0.0005306612509170042,-0.077534761468941,0.0006080211792695804,97.11099341364304,0.0005479762515376382,17400,0.12518460099490009
LAS_1.0Torr_SmallAdmixture_1kHzLaserFreq_CapCoupling_3%_N2_Trial,0,80.0,1.0,2.74,0,1.188382074348114,0.0011776202832919612,0.2931053082887426,0.00027775580335467665,0.23170498708695517,0.00019157819742245122,0.5046594014076753,0.0005000892895306077,-0.061899849168396054,0.0001650970618195252,90.14359636657437,0.0005198457260629162,18829,0.12421077952762563
LAS_1.0Torr_SmallAdmixture_1kHzLaserFreq_CapCoupling_3%_N2_Trial,0,80.0,1.0,2.74,2,1.2230781010068406,0.0011138954575975017,0.2988894958764775,0.00026158528422649114,0.22957481979847685,0.0001736851580217996,0.5193934473199907,0.0004730278476896785,-0.06313964925603965,0.00011968336989227386,81.48237783606208,0.0005049551722219856,18858,0.12422414114619999
LAS_1.0Torr_SmallAdmixture_1kHzLaserFreq_CapCoupling_3%_N2_Trial,0,80.0,1.0,2.74,4,1.1745334656338278,0.0010693512230861002,0.2968020538793773,0.00025913013072970554,0.23739375843024002,0.00017962341590995387,0.4987784387653244,0.00045411165296584084,-0.06442571408322592,6.721720570336282e-06,81.56683468835246,0.0005162461786023662,18817,0.12419708641338967
LAS_1.0Torr_SmallAdmixture_1kHzLaserFreq_CapCoupling_3%_N2_Trial,0,80.0,1.0,2.74,6,1.1867371958372301,0.0011215722210172947,0.29710446201990753,0.00026945060836048787,0.23519192645899675,0.00018532167339319048,0.5039608858186159,0.0004762878689537204,-0.06746731293165054,7.828572464883093e-05,85.14092725716424,0.0005236560002098226,18790,0.12420181559865515
LAS_1.0Torr_SmallAdmixture_1kHzLaserFreq_CapCoupling_3%_N2_Trial,0,80.0,1.0,2.74,8,1.2028393670748814,0.0011196246688924317,0.2983571542192331,0.00026622801937601015,0.2330218321020745,0.0001804108611932668,0.5107988483506698,0.0004754608197152987,-0.06948101688846431,6.120440346214808e-05,73.6765413836164,0.000550172839008097,18904,0.12421170536849326
LAS_1.0Torr_SmallAdmixture_1kHzLaserFreq_CapCoupling_3%_N2_Trial,0,80.0,1.0,2.61,0,1.1939933261234268,0.0011678600803348654,0.29293246364525166,0.0002743662419386309,0.2304800793009059,0.00018828913530591303,0.5070422806375143,0.0004959445129572592,-0.06508089631296414,0.0002691450807668012,89.2483650392227,0.0005157218757301678,18660,0.1244430619807203
LAS_1.0Torr_SmallAdmixture_1kHzLaserFreq_CapCoupling_3%_N2_Trial,0,80.0,1.0,2.61,2,1.1964344323892042,0.0011628780894721365,0.2939440533056277,0.0002747019092160925,0.2308041243647142,0.0001864579296360507,0.5080789230216866,0.0004938288562329836,-0.06673548124841372,0.00020577817439363803,85.78150766130925,0.0005298661621381154,16984,0.1244488259291887
LAS_1.0Torr_SmallAdmixture_1kHzLaserFreq_CapCoupling_3%_N2_Trial,0,80.0,1.0,2.61,4,1.2103334535745287,0.0011986263928008974,0.2991097620340345,0.00028391172414067567,0.23216317788116966,0.00019214690810408005,0.5139812938693671,0.0005090097629031963,-0.06931084360951228,0.0001570399335182863,88.84567607374717,0.00052908723208443,17242,0.12446956959476464
LAS_1.0Torr_SmallAdmixture_1kHzLaserFreq_CapCoupling_3%_N2_Trial,0,80.0,1.0,2.61,6,1.226560068442267,0.001224273514084086,0.2935472687033561,0.0002808885947580862,0.22483142438398762,0.00018673208526568652,0.5208721027453911,0.0005199010925134176,-0.07316780822328381,0.0003069609208070251,91.21604385995722,0.0005069647553980234,16958,0.12438783035489555
LAS_1.0Torr_SmallAdmixture_1kHzLaserFreq_CapCoupling_3%_N2_Trial,0,80.0,1.0,2.61,8,1.1537572194730388,0.001153343882307048,0.28126005300141893,0.0002694172238824291,0.2290136731878948,0.00019208742667031547,0.48995557936907025,0.0004897800512360976,-0.07610192877482583,0.00043564019585910844,93.38971218905762,0.000513354869336561,17057,0.12440963744861144
LAS_1.0Torr_SmallAdmixture_1kHzLaserFreq_CapCoupling_3%_N2_Trial,0,80.0,1.0,2.87,0,1.1965735516755234,0.0011769984723939172,0.3003822389379056,0.00028448195926790096,0.23583194925409523,0.0001926514644148026,0.5081380015430422,0.000499825230754925,-0.07737119520783234,0.00017948075395727973,94.96012343603964,0.0005170964074162309,16886,0.1243168531551145
LAS_1.0Torr_SmallAdmixture_1kHzLaserFreq_CapCoupling_3%_N2_Trial,0,80.0,1.0,2.87,2,1.2131561019236086,0.001212566450826077,0.30401650901700344,0.0002913924452322809,0.23542266445170634,0.0001968016538136151,0.5151799622580774,0.0005149295604922287,-0.07888485847276962,0.00020988822847299148,98.52319635196982,0.0005163693383574004,19137,0.12437021991320316
LAS_1.0Torr_SmallAdmixture_1kHzLaserFreq_CapCoupling_3%_N2_Trial,0,80.0,1.0,2.87,4,1.2126729857408272,0.0012166245626074187,0.304834043074933,0.00029306820867191054,0.2361497841946081,0.00019775170700403032,0.5149748017050233,0.0005166528818941783,-0.0795955946256538,0.0003102428475377026,92.43208717163243,0.0005331271554760792,19120,0.1243619121390419
LAS_1.0Torr_SmallAdmixture_1kHzLaserFreq_CapCoupling_3%_N2_Trial,0,80.0,1.0,2.87,6,1.2049333306061976,0.0012179717741239136,0.30206393309381574,0.000292932045135788,0.23550690489755488,0.00019890979448887442,0.5116880727887473,0.0005172249899494574,-0.07886688964837393,0.0006083592817455957,96.17353650963146,0.0005265643316381598,19093,0.12435350577950259
LAS_1.0Torr_SmallAdmixture_1kHzLaserFreq_CapCoupling_3%_N2_Trial,0,80.0,1.0,2.87,8,1.1980886554776045,0.0012533395950460747,0.299268192830236,0.00030042535022922924,0.2346601775990648,0.00020498142037134285,0.5087814068874457,0.0005322443206183944,-0.073699782805356,0.0004765740376828857,104.44720032813353,0.0005203413705713232,19087,0.12437879736271074
LAS_1.0Torr_SmallAdmixture_1kHzLaserFreq_CapCoupling_3%_N2_Trial,0,80.0,1.0,3.0,0,1.249563340969489,0.0012483222549837805,0.32314955938878703,0.000309919847350459,0.24294786245062067,0.00020247550933180013,0.5306406931630592,0.000530113652471212,-0.08369632773288004,0.00016493974413383982,102.68486621114543,0.0005204585777392786,18679,0.12512667403177336
LAS_1.0Torr_SmallAdmixture_1kHzLaserFreq_CapCoupling_3%_N2_Trial,0,80.0,1.0,3.0,2,1.2259658648029663,0.0011291646855833817,0.314695847493477,0.0002785021866640557,0.24114620078338517,0.00018502798494933164,0.5206197676930567,0.0004795120917906664,-0.08592271170519995,0.0002992572352807151,86.0570998792528,0.0005223055924758244,18748,0.1250806165765946
LAS_1.0Torr_SmallAdmixture_1kHzLaserFreq_CapCoupling_3%_N2_Trial,0,80.0,1.0,3.0,4,1.2520278988188949,0.0011166871672393726,0.32730280378241366,0.0002807545923105156,0.2455859454778759,0.0001819002485672204,0.5316872945178448,0.00047421337761913607,-0.08631571472002253,0.0006372357214749386,8.841391902166821,0.0016021762076335498,18709,0.12614257134874565
LAS_1.0Torr_SmallAdmixture_1kHzLaserFreq_CapCoupling_3%_N2_Trial,0,80.0,1.0,3.0,6,1.2556551474819855,0.0012650340197938213,0.32580162690623193,0.00031576540612368966,0.24375338594397053,0.0002043461712331921,0.533227645200159,0.0005372104855584389,-0.07850626121962052,0.0001955679614053955,17.930389253601685,0.0012642074921349845,18727,0.1278621600405324
LAS_1.0Torr_SmallAdmixture_1kHzLaserFreq_CapCoupling_3%_N2_Trial,0,80.0,1.0,3.0,8,1.2196585475889292,0.0012377619745446784,0.31562412072060786,0.00030702609050019296,0.2431082581660985,0.00020611813008937212,0.5179412966874499,0.0005256291142741698,-0.08037580120861472,0.0003907409363605477,113.94205160673441,0.0005016274112897422,18766,0.1250639131096544
