folder_label,trial,power,pressure,n2_flow,period,fwhm,fwhm_err,area,area_err,A,A_err,sigma,sigma_err,offset,slope,Chi^2,sigma_noise,n_points,Fluctuations
LAS_1Torr_OES_Very_Fine_HysterisisTest,0,80.0,1.0,1.5,2,1.4121323890388677,0.0012377166356735878,0.36567363801813696,0.0003101496849332166,0.24326858448857847,0.0001764304217571232,0.5996774114517562,0.0005256098606283609,-0.014355089078627209,0.0010146218503280003,36.202845293025256,0.0010049139926422215,27057,0.16695816405581576
LAS_1Torr_OES_Very_Fine_HysterisisTest,0,80.0,1.0,1.5,4,1.2281400031511298,0.0012177784037408763,0.3176074069628843,0.0003036390098686078,0.24294643715415912,0.0002003247463302019,0.5215430392410255,0.0005171428731085356,-0.014248657706328952,0.0009984176659732454,46.93749143674573,0.001002928104840578,27167,0.16691467728915405
LAS_1Torr_OES_Very_Fine_HysterisisTest,0,80.0,1.0,1.5,6,1.176952071667338,0.0010409046611590674,0.3040337180266726,0.0002602191747124108,0.2426781986893382,0.0001774429733416743,0.4998055261806086,0.0004420315103719048,-0.014305164364098495,0.0010375581207712605,36.720313934482995,0.0010036148856967823,27498,0.1669551255706847
LAS_1Torr_OES_Very_Fine_HysterisisTest,0,80.0,1.0,1.43,2,1.2970882156180839,0.0012176475935725714,0.33458021441350605,0.00030230742851479025,0.2423251729147757,0.00018924232504931022,0.5508226492105626,0.0005170873231447153,-0.015918096776447822,0.0009615047706523859,41.691419474808384,0.0010071840876113981,27165,0.16763957069977858
LAS_1Torr_OES_Very_Fine_HysterisisTest,0,80.0,1.0,1.43,4,1.2352069275007709,0.0011465391652718511,0.31771993995017117,0.0002847252516706278,0.24164206751926526,0.00018601443694869681,0.5245440856965937,0.00048689035397470563,-0.01560333601855381,0.0009370282405510836,40.35683455360249,0.0010051694174087883,26868,0.16771323468465577
LAS_1Torr_OES_Very_Fine_HysterisisTest,0,80.0,1.0,1.43,6,1.1834391416721965,0.0011280225188500229,0.3053871080740285,0.0002799601099416772,0.2424222958804996,0.00019225082310864703,0.502560331168169,0.0004790270582375636,-0.015691416115551953,0.0009018031456845849,42.66136758785475,0.00101029664840044,27368,0.16766129423081036
LAS_1Torr_OES_Very_Fine_HysterisisTest,0,80.0,1.0,1.37,2,1.256071649561971,0.001267188602779922,0.3171971684695589,0.0003086846339593575,0.23723713918883058,0.00019983603380420027,0.5334045173483575,0.0005381254527087514,-0.020064826359427784,0.0009642656246636921,45.79752412707163,0.0010057879953593138,29858,0.16863492518501264
LAS_1Torr_OES_Very_Fine_HysterisisTest,0,80.0,1.0,1.37,4,1.332738228029459,0.0013387053958171938,0.3356008909331371,0.0003247055584720041,0.23656257551309312,0.00019725708419706962,0.5659618155713223,0.0005684958384153721,-0.019550885621883975,0.0008734211568136195,44.21440409344651,0.0010199125358414701,30030,0.16866496882095278
LAS_1Torr_OES_Very_Fine_HysterisisTest,0,80.0,1.0,1.37,6,1.293667632388559,0.0012727988359924189,0.32561328543208656,0.0003083240644193323,0.2364542878838108,0.0001930116119036965,0.549370061257295,0.0005405078993947881,-0.019117317406523403,0.0008119768224240999,43.31245713461956,0.0010100322044467867,30254,0.16867739048245473
LAS_1Torr_OES_Very_Fine_HysterisisTest,0,80.0,1.0,1.3,2,1.3137230221533496,0.0013415895012662059,0.32717964818951617,0.00032329431355491105,0.23396465857564158,0.00019773283220536421,0.55788680112755,0.0005697206052314598,-0.019029501153066425,0.0010934893193752994,44.431674928700886,0.001023230751809008,30119,0.170085202910108
LAS_1Torr_OES_Very_Fine_HysterisisTest,0,80.0,1.0,1.3,4,1.3641335988200554,0.001444523279183476,0.34142918553965756,0.000349227931121754,0.2351318853296018,0.00020665811534188123,0.5792942019916119,0.0006134325560170314,-0.019073887534934657,0.0010662531003421414,50.17052157963498,0.0010010205245565102,30154,0.17010171886854958
LAS_1Torr_OES_Very_Fine_HysterisisTest,0,80.0,1.0,1.3,6,1.2207373305005706,0.0013111027976949613,0.30515137684628224,0.0003158874692086338,0.23483395804597226,0.00021027186290420948,0.5183994136097676,0.0005567740942504715,-0.018884835080210466,0.001072428049811733,50.741865591671214,0.001014495848477416,30211,0.17010487045036812
LAS_1Torr_OES_Very_Fine_HysterisisTest,0,80.0,1.0,1.24,2,1.307614621107197,0.0013850144602366803,0.336315671510125,0.00034407136078509694,0.24162124996736065,0.0002137619861412809,0.5552928020408503,0.0005881614873965782,-0.017382815708508827,0.0010010122548061609,50.027421267289874,0.0010247204549742137,29495,0.17120295666473517
LAS_1Torr_OES_Very_Fine_HysterisisTest,0,80.0,1.0,1.24,4,1.2761020602383284,0.001343384970196114,0.3265409736421207,0.0003312021169489169,0.24039202914929564,0.00021092642801172985,0.5419106495764336,0.0005704830706834152,-0.016892170684693005,0.0009304357806323457,49.62146055218123,0.001017603843239072,29525,0.17120728744151859
LAS_1Torr_OES_Very_Fine_HysterisisTest,0,80.0,1.0,1.24,6,1.2422342106830109,0.0013682200179868439,0.3189583047376732,0.00033730899589974524,0.2412116163317252,0.00022165836091753277,0.5275282980983306,0.000581029544433346,-0.016616654573000898,0.0008904073665129309,54.49060717521548,0.0010206666358031592,29865,0.17119826205575583
LAS_1Torr_OES_Very_Fine_HysterisisTest,0,80.0,1.0,1.17,2,1.2817311275878647,0.0013528203135616517,0.33070656507400376,0.0003361833856150514,0.2423894285269543,0.00021268846025311838,0.5443010943840589,0.0005744898920901923,-0.018472721775240526,0.0008653340770750936,50.03387920878134,0.0010275903670573106,29853,0.17236374035933041
LAS_1Torr_OES_Very_Fine_HysterisisTest,0,80.0,1.0,1.17,4,1.2790704229202634,0.0014018854662218424,0.32984644459455403,0.0003478420514285137,0.24226191204640207,0.0002212258528472445,0.543171197144898,0.0005953259439845721,-0.01887220386847756,0.0009149635220866751,54.55420622141574,0.0010216047888320732,30066,0.17237121805818342
LAS_1Torr_OES_Very_Fine_HysterisisTest,0,80.0,1.0,1.17,6,1.233582946305491,0.001272014350487548,0.31751672715168466,0.00031661358419290806,0.24180542621017154,0.00020629906092559444,0.5238544443803892,0.0005401747590741397,-0.018467320943642836,0.0009011761167342886,47.83042980077461,0.0010222253133257144,29476,0.1723868824760286
LAS_1Torr_OES_Very_Fine_HysterisisTest,0,80.0,1.0,1.11,2,1.2024822607722727,0.0013701817632912295,0.31281222531696146,0.0003445853490366641,0.24438403399565942,0.0002318789175210366,0.510647199266757,0.0005818626209601597,-0.020506372089509887,0.0011583669398101384,59.3791109529743,0.0010215025683496886,30471,0.1738538920430263
LAS_1Torr_OES_Very_Fine_HysterisisTest,0,80.0,1.0,1.11,4,1.260712549597999,0.0011132831159168517,0.3242150936400487,0.0002878063060609716,0.2415933317866002,0.00017336948190911536,0.5353753261351355,0.000472767810120378,-0.022667880165710003,0.0018021444816840914,29.796289832085144,0.0010517514264553442,28171,0.17391667484694534
LAS_1Torr_OES_Very_Fine_HysterisisTest,0,80.0,1.0,1.11,6,1.3007597455415905,0.0013206054998298837,0.33629893355357454,0.00033040354414956753,0.24288248160356632,0.00020391190842696438,0.5523818044127846,0.0005608095202928881,-0.0197578037526645,0.0010819787593143806,47.52266701351326,0.0010108232541651357,30447,0.1739339297068693
LAS_1Torr_OES_Very_Fine_HysterisisTest,0,80.0,1.0,1.04,2,1.225278928022533,0.001280224492893108,0.31784135287051435,0.0003207442011176246,0.24369309613508713,0.00021106065666331886,0.5203280525015359,0.0005436612855383954,-0.02003055854023515,0.000923630265716052,50.91121095670035,0.0010128551036900587,29932,0.17555339021832078
LAS_1Torr_OES_Very_Fine_HysterisisTest,0,80.0,1.0,1.04,4,1.2525852539005093,0.0012015921861610209,0.320810683313235,0.00031275916972973533,0.24060758688565825,0.00018792945951316012,0.5319239814285031,0.0005102692193811474,-0.024261015250134837,0.0019390256953340373,35.61157383569117,0.0010293025066951506,27863,0.17554187768661983
LAS_1Torr_OES_Very_Fine_HysterisisTest,0,80.0,1.0,1.04,6,1.280855768408687,0.0013632405533516782,0.33290809856782516,0.00034248427048878463,0.24416978545850138,0.00021530670338513005,0.54392936356708,0.0005789149604991413,-0.01997610188137284,0.0009409377960045399,51.71662486375966,0.001020297175796656,29924,0.1755717412704905
LAS_1Torr_OES_Very_Fine_HysterisisTest,0,80.0,1.0,0.98,2,1.3161993483540466,0.0013775451257934572,0.3414950341620668,0.00034727977292891725,0.24374207902765235,0.0002101483337712977,0.5589384000409882,0.0005849895531084424,-0.018945522400597613,0.0009070004016332906,49.33735220677746,0.0010239437095996065,30079,0.17713192795885196
LAS_1Torr_OES_Very_Fine_HysterisisTest,0,80.0,1.0,0.98,4,1.1633570909702873,0.0011553902953552295,0.2981046704817264,0.0002972438424968298,0.24072629339580995,0.00019553045183667476,0.49403226944035855,0.0004906490828432047,-0.021799248110611038,0.0016458934539817505,40.04971175880444,0.0010201149939849735,27706,0.17714325957590146
LAS_1Torr_OES_Very_Fine_HysterisisTest,0,80.0,1.0,0.98,6,1.1933539304692207,0.0010952919137790602,0.3061574931519703,0.00028573442755093644,0.2410146352030743,0.00017928409786874242,0.506770754303451,0.00046512765002587055,-0.022248283284360636,0.0017951794491718246,33.421898962150784,0.001021987138786117,27138,0.17713381600474784
LAS_1Torr_OES_Very_Fine_HysterisisTest,0,80.0,1.0,0.91,1,1.2463238181945295,0.0014180263138719347,0.31933131103452445,0.0003659764739643415,0.240701279605203,0.00022332258796829352,0.5292649945054078,0.0006021803308767476,-0.022810617666076893,0.0014261584604217756,51.45804024598791,0.0010273647427092943,28742,0.1785277837224125
LAS_1Torr_OES_Very_Fine_HysterisisTest,0,80.0,1.0,0.91,2,1.2118862400676258,0.0011737606762371956,0.31102616042288644,0.00030433005381123835,0.24110313335662006,0.00018914057206016226,0.5146407015792572,0.0004984502653245288,-0.022176849376360223,0.0012983407219852876,38.38372600137926,0.001015757393100369,28852,0.17855722666666668
LAS_1Torr_OES_Very_Fine_HysterisisTest,0,80.0,1.0,0.91,3,1.1314652495394124,0.0010784388515743726,0.2916727952591381,0.00028012820535188804,0.2421711998318166,0.00018637247254533337,0.4804890513510732,0.000457970813459845,-0.021810608678480326,0.0012253512544020389,37.51168485052605,0.001020251836099359,29088,0.1785135283333333
LAS_1Torr_OES_Very_Fine_HysterisisTest,0,80.0,1.0,0.85,2,1.2325726670529262,0.0011742349342847053,0.3145953890238339,0.00030248919693319764,0.23977704849049536,0.00018516810069570518,0.5234254182835982,0.0004986516641738849,-0.025462125538550318,0.0016577366790370002,35.72148138045845,0.001027785473545569,28972,0.18007710988005557
LAS_1Torr_OES_Very_Fine_HysterisisTest,0,80.0,1.0,0.85,4,1.1817711395677375,0.001108009932708821,0.30093589548533145,0.0002856619125940581,0.23922601360970022,0.0001804537787335725,0.5018519958930473,0.0004705284953926314,-0.025204610409173704,0.0016291240819497307,34.64539945696567,0.0010187842328816777,28917,0.1801287741424908
LAS_1Torr_OES_Very_Fine_HysterisisTest,0,80.0,1.0,0.85,6,1.178178423129332,0.0011372037556681889,0.3021674649143851,0.00029460432591240087,0.2409375145377123,0.0001886492589783267,0.5003263096963518,0.00048292597052920137,-0.025633388856540935,0.0016572707203853974,36.45092476973781,0.0010323280479888107,28796,0.18007182891889723
LAS_1Torr_OES_Very_Fine_HysterisisTest,0,80.0,1.0,0.78,2,1.3218890221553745,0.0017274883110799636,0.34012234659965385,0.00043203056445845786,0.241717425864939,0.00026405134922841746,0.5613545820389859,0.0007335967411714721,-0.020255548263101286,0.0008504235790562813,72.6812548226829,0.0010380956730707846,31058,0.1815919324217916
LAS_1Torr_OES_Very_Fine_HysterisisTest,0,80.0,1.0,0.78,4,1.2872897596677053,0.001806680869674503,0.33135006497951924,0.0004528374610841711,0.24181238218011245,0.0002842948934545862,0.5466616280866534,0.0007672267243889364,-0.019190968462758452,0.0008884724971828842,84.30115495897573,0.0010321996376189582,29929,0.18160437603432628
LAS_1Torr_OES_Very_Fine_HysterisisTest,0,80.0,1.0,0.78,6,1.1845271814379714,0.0014029716508423518,0.30466814427285294,0.00034968874105891276,0.2416294170765297,0.0002380953290482823,0.5030223791144954,0.0005957872041232402,-0.01880969979826885,0.0008307160639869524,61.34260039223106,0.0010257185827292595,29881,0.18163632837524024
LAS_1Torr_OES_Very_Fine_HysterisisTest,0,80.0,1.0,0.72,2,1.2729122922676868,0.0013812566917078964,0.31899335726156564,0.00034788851451197103,0.23542411624857731,0.00020869527027913683,0.5405560798387704,0.0005865657100306119,-0.022987478880696095,0.001250281727955726,43.82281509431179,0.0010397331829332052,29216,0.1831426420181206
LAS_1Torr_OES_Very_Fine_HysterisisTest,0,80.0,1.0,0.72,4,1.1271749211356439,0.0011157440145080034,0.2798600286476251,0.00028121965267319336,0.2332476874704106,0.0001869086869928891,0.4786671166292155,0.0004738128575312596,-0.02141744549001424,0.0013090813616302669,34.417848808657226,0.0010532091503466991,27858,0.183230827887802
LAS_1Torr_OES_Very_Fine_HysterisisTest,0,80.0,1.0,0.72,6,1.2572715246893933,0.0012553708061727425,0.31473316251026107,0.0003158571433377999,0.23516961921031346,0.0001908598543483226,0.5339140574000291,0.0005331068965638277,-0.022157701632183523,0.0011784967849238206,36.08244585859791,0.001053701501566945,29222,0.18321767386494808
LAS_1Torr_OES_Very_Fine_HysterisisTest,0,80.0,1.0,0.65,2,1.2574818660612193,0.0013878921631307248,0.3121833654776552,0.0003452971380190159,0.2332253841864541,0.0002101702236575868,0.5340033811563262,0.0005893835352979101,-0.02300032877078329,0.0011381656267834184,43.1350610000612,0.0010591782025426888,29510,0.1844273281188177
LAS_1Torr_OES_Very_Fine_HysterisisTest,0,80.0,1.0,0.65,4,1.1457592373122172,0.0012401707072510959,0.2842798305805985,0.000308413570947241,0.2330882979013341,0.00020581364604393718,0.48655914906531994,0.0005266520088734833,-0.022594341020726803,0.00108333068579132,41.37097094096383,0.0010655641060659988,29559,0.18452588393458663
LAS_1Torr_OES_Very_Fine_HysterisisTest,0,80.0,1.0,0.65,6,1.2788455036900563,0.0012895536920329914,0.31735404624542873,0.000322565096650627,0.23312763013896115,0.0001911354846304016,0.5430756827421386,0.000547623031642761,-0.022675327384837258,0.0011467383175036577,35.58700574073852,0.001059093501754055,29226,0.18459488670692845
LAS_1Torr_OES_Very_Fine_HysterisisTest,0,80.0,1.0,0.59,2,1.2117990922557165,0.001197686173437451,0.29995475955010326,0.00029919864066906026,0.23253746008360077,0.00018655296737125326,0.5146036933110062,0.0005086104885019822,-0.023736705218582496,0.0011966760792440417,33.24765344141252,0.0010740289837983129,29437,0.18659826306357669
LAS_1Torr_OES_Very_Fine_HysterisisTest,0,80.0,1.0,0.59,4,1.195877935323179,0.0014531988855692776,0.29523065713821584,0.0003621174762162578,0.231922236323963,0.00022954423289642934,0.5078426004767008,0.0006171167468341209,-0.023879223902554803,0.0012671466608299713,48.61010885665342,0.0010834065180302741,29211,0.1865304692435144
LAS_1Torr_OES_Very_Fine_HysterisisTest,0,80.0,1.0,0.59,6,1.1576798010838076,0.0011010119184992446,0.2853730555331716,0.00027515496970499724,0.23157533408918782,0.00017756589297922596,0.4916213464067877,0.0004675567123791721,-0.023892998308365786,0.0012072241538234922,30.049694649654356,0.0010802086990026989,29400,0.18653351983158278
LAS_1Torr_OES_Very_Fine_HysterisisTest,0,80.0,1.0,0.52,2,1.2550544535502257,0.0013466720653258634,0.3096663466634477,0.00033426197601242727,0.23179242079214715,0.00020286208461149153,0.5329725539743868,0.0005718789714600736,-0.02656836170774055,0.001356544366723512,38.00563534154831,0.0010820247501053734,28529,0.18769544809008806
LAS_1Torr_OES_Very_Fine_HysterisisTest,0,80.0,1.0,0.52,4,1.21091513052491,0.001259100545097982,0.29957026053952335,0.00031522981806622824,0.2324089139249599,0.0001964323807247959,0.514228309326709,0.0005346907708531221,-0.025334646087365135,0.0014505351435326723,35.456372559630005,0.0010859166359066994,27664,0.18766074860062137
LAS_1Torr_OES_Very_Fine_HysterisisTest,0,80.0,1.0,0.52,6,1.1927398255733248,0.001325148304332231,0.29452511265378045,0.0003292334427221576,0.23197671814737786,0.00021030789275119214,0.506509967965577,0.0005627386717420331,-0.024698960632828712,0.0014246594507386226,40.445505618582146,0.0010882550377648173,28371,0.1878023837980074
LAS_1Torr_OES_Very_Fine_HysterisisTest,0,80.0,1.0,0.46,2,1.1864155717291354,0.0013085359787380767,0.29375791444363925,0.00032641960755633065,0.23260579371797233,0.00020917306240674497,0.5038243046353643,0.0005556840666017342,-0.02637536201526085,0.0015599248488642103,39.45781130265161,0.0010917212517131093,27767,0.1888037983112206
LAS_1Torr_OES_Very_Fine_HysterisisTest,0,80.0,1.0,0.46,4,1.2160051532976708,0.0012179005483948361,0.29971524210863454,0.000302778310631773,0.23154809062097595,0.00018838009808924138,0.5163898429791431,0.0005171947431672339,-0.025726133266426515,0.0014299421106934954,31.867493255140857,0.001100906562235601,28037,0.18881099450938718
LAS_1Torr_OES_Very_Fine_HysterisisTest,0,80.0,1.0,0.46,6,1.2073431123734997,0.001424644808644213,0.2972847222000675,0.00035389795203693257,0.23131812950303726,0.00022324229511567096,0.5127114128832004,0.0006049909468243417,-0.026191848822304065,0.0015606128508004078,44.07287443566055,0.0010993742526458545,27862,0.1888112611905452
LAS_1Torr_OES_Very_Fine_HysterisisTest,0,80.0,1.0,0.33,2,1.1642607004174428,0.0012127630883925085,0.2843801565700697,0.00029740469596835323,0.229465205094167,0.00019533511229284103,0.4944159970415663,0.0005150130647781916,-0.03034092971118897,0.0013054639669950307,33.20306448876632,0.0011128137518677172,29780,0.190236412440814
LAS_1Torr_OES_Very_Fine_HysterisisTest,0,80.0,1.0,0.33,4,1.1451793447803438,0.0011811702034655721,0.28052037762346477,0.0002908695121642654,0.2301222960189997,0.00019394060970925525,0.4863128913807478,0.0005015968018269728,-0.02991560428174927,0.0012511421060615617,32.40234696985186,0.0011192475805613723,29630,0.19027960952613807
LAS_1Torr_OES_Very_Fine_HysterisisTest,0,80.0,1.0,0.33,6,1.2026951092392941,0.0011245532359459715,0.2928589957446278,0.0002761696577953289,0.22875511498426337,0.00017270152957150317,0.5107375876883565,0.00047755378943667497,-0.03066583006621413,0.0011371544116767118,26.789276884200095,0.0011137664506555278,29646,0.19026142311595362
LAS_1Torr_OES_Very_Fine_HysterisisTest,0,80.0,1.0,0.39,2,1.129182557747744,0.0012624228156891137,0.27847598486401953,0.0003137859870158898,0.2316815112037029,0.00021186082221573608,0.47951968140007195,0.0005361016092728741,-0.02918079546399548,0.0016088463487498156,39.16885437491378,0.0011020812146977771,27182,0.18989908206426387
LAS_1Torr_OES_Very_Fine_HysterisisTest,0,80.0,1.0,0.39,4,1.2308706170434105,0.001145923215942445,0.3022035679332001,0.0002861710032822311,0.23065080402555263,0.00017268863694817416,0.5227026241944671,0.00048662878437803693,-0.028081882727821684,0.0014284306505021201,26.2398017797467,0.001114471817746926,27575,0.18991075977678287
LAS_1Torr_OES_Very_Fine_HysterisisTest,0,80.0,1.0,0.39,6,1.1904122442504885,0.0010913603746035808,0.2930194394659976,0.00027154688827086935,0.23124206437523048,0.0001713493259809092,0.505521535185863,0.00046345807906066,-0.027214861919934573,0.0013063030506723192,26.004951614500364,0.0011155056613803274,28072,0.18979744200258897
LAS_1Torr_OES_Very_Fine_HysterisisTest,0,80.0,1.0,0.26,2,1.266287716366313,0.0011975562097727426,0.31289274562743086,0.0002970765839751929,0.2321297961576875,0.0001784771390688293,0.5377428814734208,0.0005085552980151412,-0.03141829442010303,0.0010447729110062208,27.242774195185646,0.0011289561866714912,30288,0.19060235379350224
LAS_1Torr_OES_Very_Fine_HysterisisTest,0,80.0,1.0,0.26,4,1.2657599861855828,0.0011105627962213272,0.3118171153302587,0.0002764543589666491,0.23142825296650232,0.00016313482394974025,0.5375187750998387,0.0004716125967097971,-0.030653145948223822,0.0009289894738711989,23.553872050636837,0.0011226118957691684,30311,0.1907068423565166
LAS_1Torr_OES_Very_Fine_HysterisisTest,0,80.0,1.0,0.26,6,1.1521542402203382,0.0010708763782097583,0.28362656348226994,0.0002649055262229725,0.2312618898262804,0.00017493559140293713,0.4892748567567062,0.00045475932671351274,-0.030963920188260732,0.001011466403824288,26.813745849573962,0.0011176950328310575,30316,0.19070412850976282
LAS_1Torr_OES_Very_Fine_HysterisisTest,0,80.0,1.0,0.2,3,1.2839414563146723,0.0014150628340306348,0.3125231997242013,0.0003479246420810647,0.22866770352764115,0.0002021467341765774,0.5452397345707992,0.0006009218568597826,-0.034085504534261166,0.0013985254609253928,35.825780783120045,0.0011200319605188097,30397,0.19065864802857022
LAS_1Torr_OES_Very_Fine_HysterisisTest,0,80.0,1.0,0.2,6,1.190599731053323,0.0013104863737944219,0.2878561902319472,0.00032002786591307547,0.22713161187186456,0.00019869154262167632,0.5056011535003198,0.0005565123231219981,-0.03385714654637014,0.0013524006790977114,33.98250380808848,0.0011383254158419168,30328,0.19071703430191467
LAS_1Torr_OES_Very_Fine_HysterisisTest,0,80.0,1.0,0.2,9,1.248621427609485,0.0014020428731312718,0.30413460227302974,0.0003460996355737989,0.22882466758942677,0.00020677863343321703,0.5302406993877421,0.0005953927885444192,-0.03433200230389914,0.001437902744057344,36.38343596920839,0.0011305504861857574,30040,0.19067939904052086
LAS_1Torr_OES_Very_Fine_HysterisisTest,0,80.0,1.0,0.13,2,1.1223552630879843,0.001080445676764435,0.27357186217263546,0.0002647557879782502,0.22898596743882293,0.00018011578371744698,0.4766203963043101,0.0004588230336514885,-0.03248961601169066,0.0010031591037802112,26.31917820980172,0.0011542417604502567,30404,0.1919823539405809
LAS_1Torr_OES_Very_Fine_HysterisisTest,0,80.0,1.0,0.13,4,1.2537744659850054,0.0010934893494587618,0.3043660016707046,0.0002675539836925904,0.22805757821330516,0.00016120272725116624,0.5324289933027673,0.0004643621714390452,-0.03209925155922963,0.0009609595894017994,21.687028776534515,0.001143724914646518,30425,0.19207209091857702
LAS_1Torr_OES_Very_Fine_HysterisisTest,0,80.0,1.0,0.13,6,1.2615865198669334,0.0010235401938305665,0.3058426053472663,0.0002506829608830942,0.22774493889499753,0.0001489059458579492,0.5357464671362403,0.0004346575000456624,-0.03206612874545048,0.0009357898056937366,19.132118955151707,0.0011333665492150255,30485,0.1919602328214966
LAS_1Torr_OES_Very_Fine_HysterisisTest,0,80.0,1.0,0.0,2,1.2539144981279222,0.0010517420741849902,0.30065408766838325,0.0002546720976649543,0.22525113025712679,0.00015370239171443013,0.5324884594786274,0.0004466337359427256,-0.030914554209630803,0.0008111204907877556,15.066157027765376,0.001304019007302494,30500,0.19263655119638287
LAS_1Torr_OES_Very_Fine_HysterisisTest,0,80.0,1.0,0.0,5,1.2280241986063414,0.0009225207723351504,0.294193889425798,0.00022384649318290018,0.22505802996870247,0.00013659401154323542,0.5214938615787948,0.00039175850158139184,-0.031062364710622337,0.0008808743661111579,12.558944185353907,0.0012752061216926489,29644,0.19328800882949213
LAS_1Torr_OES_Very_Fine_HysterisisTest,0,80.0,1.0,0.0,7,1.1530115253375475,0.0008087452060926068,0.277403013979582,0.0001969075537052291,0.22601919133442108,0.00012809086210968797,0.4896389122262604,0.0003434424672064389,-0.029700507310780933,0.0007395258213248806,13.952796102889636,0.0011389769285841708,30602,0.19469008999546522
LAS_1Torr_OES_Very_Fine_HysterisisTest,0,80.0,1.0,0.07,2,1.2640530247321358,0.0012430561562480718,0.3124938546813838,0.00030863086760414196,0.2322437197715288,0.0001865847154960243,0.5367938953125068,0.0005278773462418587,-0.0329115938088864,0.0009889560407982186,28.30584021144251,0.0011488880029104892,30527,0.19460837093935673
LAS_1Torr_OES_Very_Fine_HysterisisTest,0,80.0,1.0,0.07,4,1.1342145824703231,0.0010020662732703799,0.27955120668999256,0.0002497558119477389,0.23154421476230833,0.0001667487984616197,0.48165658554830937,0.0004255383656109526,-0.032704935178609014,0.0010125584590451127,22.145856993023976,0.0011574965421994766,30227,0.1947000692583204
LAS_1Torr_OES_Very_Fine_HysterisisTest,0,80.0,1.0,0.07,6,1.2260319530435095,0.0009329493987695693,0.30293070851462195,0.00023207539262779512,0.23211825738723987,0.00014302068512591994,0.5206478327847748,0.0003961871314702978,-0.03211362123250847,0.0008653140405158586,16.704262869024976,0.0011602368432454535,30737,0.19464898450197513
LAS_1Torr_OES_Very_Fine_HysterisisTest,0,75.0,1.0,1.5,2,1.2107911568463074,0.0011006017015939469,0.33212656394632567,0.00029238303717923404,0.25769272731582016,0.00019249646237226535,0.5141756625527596,0.0004673825092989141,-0.013461070822403371,0.000829429524936087,40.506976830818886,0.001041603451077932,27247,0.1624177399718057
LAS_1Torr_OES_Very_Fine_HysterisisTest,0,75.0,1.0,1.5,4,1.254115373842639,0.0011236371364718308,0.34474280178953615,0.0002978370882077013,0.2582411844391378,0.00019223452792761357,0.532573763540456,0.000477164757809365,-0.014760364719531877,0.0010345065869653356,41.6076121398007,0.0010175090619197879,27169,0.16254491605523694
LAS_1Torr_OES_Very_Fine_HysterisisTest,0,75.0,1.0,1.5,6,1.234773782632619,0.0011919143205587894,0.34020289086155237,0.0003155638463347225,0.2588322512932892,0.00020740376699932654,0.5243601460069915,0.0005061594082630311,-0.014202580939276519,0.0009697004854190786,50.078610991600435,0.0010046753254668763,27545,0.16237975326540857
LAS_1Torr_OES_Very_Fine_HysterisisTest,0,75.0,1.0,1.43,2,1.3150054684672214,0.0011239759409114917,0.3537478714143904,0.000291737482744705,0.2527167723908312,0.00017940651342155875,0.5584314059335852,0.00047730863480768414,-0.017522315369466766,0.001055834810438946,35.32923261145791,0.001030454335404218,27052,0.16353615234395877
LAS_1Torr_OES_Very_Fine_HysterisisTest,0,75.0,1.0,1.43,4,1.2496762624330686,0.0011068155854822913,0.33464377992706856,0.0002856166219961727,0.2515666268129087,0.00018480462517510765,0.5306886464934284,0.00047002130282432876,-0.01738587691394924,0.0009760762261622558,38.30988774773598,0.0010206276241640584,26926,0.1632641196540427
LAS_1Torr_OES_Very_Fine_HysterisisTest,0,75.0,1.0,1.43,6,1.2379979735641122,0.0012800585039772763,0.3326265542113886,0.00033028759645213683,0.25240896316815054,0.00021795325544624438,0.5257293338301956,0.0005435907965359844,-0.017201838317389553,0.0009108322558807364,50.512753494682634,0.0010471660431488165,28139,0.1633590119074329
LAS_1Torr_OES_Very_Fine_HysterisisTest,0,75.0,1.0,1.37,1,1.2497428245909425,0.001198322021377102,0.32775038606678975,0.0003023614624285276,0.24637143316275903,0.00019693695407018918,0.5307169128393067,0.0005088805082603891,-0.019589928185103873,0.0009490855208665493,42.8626433219181,0.0010276075975558263,30075,0.16544464416666665
LAS_1Torr_OES_Very_Fine_HysterisisTest,0,75.0,1.0,1.37,2,1.256730183978836,0.0011687639301374716,0.3302503131877159,0.0002963712587997083,0.24687037795855168,0.00019057202967514975,0.5336841711665993,0.0004963283426280289,-0.01941714589798858,0.0009479657796354329,42.54375810072424,0.00100015256935361,29957,0.16552170666666666
LAS_1Torr_OES_Very_Fine_HysterisisTest,0,75.0,1.0,1.37,3,1.2112515452667292,0.0011187499646878188,0.3192121721074916,0.0002837289399446343,0.24757847819829218,0.00019024134597849144,0.5143711715137917,0.000475089367040408,-0.01912660660909672,0.0009332550708865408,43.50474580204909,0.0009895513618513381,29929,0.16556653666666668
LAS_1Torr_OES_Very_Fine_HysterisisTest,0,75.0,1.0,1.3,2,1.310295551172281,0.0012965297448525798,0.3386124791898452,0.0003229698111341509,0.2427736137081834,0.00019949617437453658,0.5564312882155119,0.0005505854885125796,-0.020274944435559293,0.000976672120396945,45.78281665154859,0.0010086246006672985,29238,0.1677086507109258
LAS_1Torr_OES_Very_Fine_HysterisisTest,0,75.0,1.0,1.3,4,1.2720165280635305,0.0012474403639432686,0.33041404614565406,0.00031184217424007273,0.24402455904229514,0.00019884203709635877,0.5401756838055166,0.0005297391478281193,-0.019548258919772517,0.0008558893705199896,44.395546876182465,0.0010204128614047894,29466,0.16768339635314644
LAS_1Torr_OES_Very_Fine_HysterisisTest,0,75.0,1.0,1.3,6,1.2878501479442614,0.0013248585594093096,0.3345542229421699,0.00033168123965052714,0.24404447154038864,0.00020859423562985625,0.5468996030766059,0.0005626156284022531,-0.019854627845574187,0.0009317662709619528,49.331323598716104,0.0010154618406164456,29272,0.16770893710595894
LAS_1Torr_OES_Very_Fine_HysterisisTest,0,75.0,1.0,1.24,2,1.3145700624651857,0.0013447323026862274,0.3435183361934566,0.0003387915444887007,0.2454900960788915,0.00020889538263075538,0.5582465060288326,0.00057105523011146,-0.01781656830722686,0.001012705190631563,50.16160219656649,0.001004871549750009,30320,0.16874524508151098
LAS_1Torr_OES_Very_Fine_HysterisisTest,0,75.0,1.0,1.24,4,1.2411706352676166,0.001244315448633559,0.3245771844437916,0.00031317514713836156,0.2456712221652945,0.0002047364896832998,0.5270766392050582,0.0005284121184798243,-0.017514754539341745,0.0009429454449595786,47.88048121023249,0.0010090036279404519,30408,0.1686723349375957
LAS_1Torr_OES_Very_Fine_HysterisisTest,0,75.0,1.0,1.24,6,1.2526309482727598,0.0012666493048273965,0.3270111868982636,0.00031831603107621546,0.2452490096525651,0.00020642667756734113,0.5319433860417544,0.0005378964339547861,-0.017502921156583282,0.0009906197825208121,47.964540314220244,0.0010132785496270182,30371,0.16872278841934002
LAS_1Torr_OES_Very_Fine_HysterisisTest,0,75.0,1.0,1.17,3,1.1506860791418156,0.0011604435134652832,0.30248443582168166,0.0002940772129862032,0.2469528052770492,0.00020697164215412907,0.4886513861515444,0.0004927949869944442,-0.019144769961193943,0.0009273779111783813,49.41598776303337,0.001003223796985567,29738,0.17038686117842472
LAS_1Torr_OES_Very_Fine_HysterisisTest,0,75.0,1.0,1.17,6,1.2561674442158444,0.0015552799134973423,0.329210739097062,0.00039361540441645496,0.24620351552663167,0.00025290619884205194,0.5334451975923004,0.0006604665680416787,-0.01917899858480416,0.0009458452080551,70.78388731955391,0.0010232313942793077,29688,0.1703875624545299
LAS_1Torr_OES_Very_Fine_HysterisisTest,0,75.0,1.0,1.17,9,1.2882285043270845,0.001290999052622832,0.3388672228447498,0.0003285445463116107,0.24711803891970985,0.0002045671174055591,0.5470602762387108,0.0005482368197718754,-0.01878946971542689,0.0008995232933698837,47.40567186689568,0.0010152115590361108,29572,0.17039378784717765
LAS_1Torr_OES_Very_Fine_HysterisisTest,0,75.0,1.0,1.11,2,1.2354257526380457,0.0012498787588190044,0.32504416030267774,0.000317263106314025,0.2471687195769705,0.00020735832189476165,0.5246370121763629,0.0005307746387909558,-0.018983893855243437,0.0008543837799827851,47.87502042369175,0.0010206413135418909,29734,0.17179276517821856
LAS_1Torr_OES_Very_Fine_HysterisisTest,0,75.0,1.0,1.11,4,1.2434236182149974,0.001292825296485255,0.3276447313110276,0.00032828531964644207,0.24754369327886536,0.0002130316932833178,0.528033392971502,0.0005490123541343744,-0.018887962070536217,0.0007777558112199329,50.88265388600617,0.0010227599466218747,29982,0.17176278225504962
LAS_1Torr_OES_Very_Fine_HysterisisTest,0,75.0,1.0,1.11,6,1.3282834389107279,0.0016089061589945426,0.3492564088468686,0.0004081858276920396,0.24701391335917017,0.00024776428261464006,0.5640700408142102,0.0006832395377258634,-0.01906068681571472,0.0008346595512600189,67.96668518884195,0.0010266508781999843,30037,0.17178913768679033
LAS_1Torr_OES_Very_Fine_HysterisisTest,0,75.0,1.0,1.04,2,1.2701706074903307,0.0014195208365333299,0.3367260041259181,0.0003628214328482344,0.24904761542899123,0.0002324506090054818,0.5393917935133072,0.0006028149962154213,-0.01956009327442617,0.0009544673010453611,58.68078529943139,0.0010246244738612534,29838,0.17350684285545873
LAS_1Torr_OES_Very_Fine_HysterisisTest,0,75.0,1.0,1.04,4,1.3069605467557,0.0013657418092309572,0.3446915224863477,0.0003483971893673285,0.24776269389250558,0.00021408016088347154,0.5550150422379824,0.0005799771460723264,-0.019307796493963695,0.0009114268690317773,50.61766878464131,0.0010268959391147032,30028,0.17353668238728312
LAS_1Torr_OES_Very_Fine_HysterisisTest,0,75.0,1.0,1.04,6,1.2003578033879339,0.0010585466305300115,0.3096071068004171,0.00027840657405990555,0.24230813267321813,0.00017046158583130388,0.509745025281606,0.00044952336496528294,-0.0222133635960269,0.001750784084475314,30.368948853790755,0.0010311179675784642,27330,0.17355276470517314
LAS_1Torr_OES_Very_Fine_HysterisisTest,0,75.0,1.0,0.98,2,1.204233500368015,0.0012758659582398771,0.31727868214102084,0.0003247030382908056,0.24751297954166185,0.00021818188659442008,0.5113908822498526,0.0005418103862892455,-0.01897688278453098,0.0009441769340946672,51.35805884717257,0.0010300800260626636,29959,0.17524037381227528
LAS_1Torr_OES_Very_Fine_HysterisisTest,0,75.0,1.0,0.98,4,1.2843899281467603,0.0013712043510508462,0.3406622711940569,0.0003528690149756616,0.24916953176980947,0.00022093883676374814,0.545430183022703,0.0005822968739986348,-0.01996619884538698,0.0010308335031601241,53.909357681995424,0.001020371382461268,30792,0.17525139922129132
LAS_1Torr_OES_Very_Fine_HysterisisTest,0,75.0,1.0,0.98,6,1.2958945917508973,0.0014003874355238742,0.34242787191434587,0.00035719194665108746,0.2482374030957932,0.00022308119331293773,0.5503157638246898,0.0005946897889199295,-0.021021527280998976,0.000992983076857377,53.82535608056326,0.0010306184865113129,30814,0.17520732212807688
LAS_1Torr_OES_Very_Fine_HysterisisTest,0,75.0,1.0,0.91,2,1.1511918770552978,0.0012206855635763124,0.3003181953728365,0.00031857007646187574,0.2450765279257574,0.00021343194252323688,0.4888661787487747,0.0005183774302211144,-0.026204150706591163,0.0018723471349125834,47.59139986017384,0.0010141657344144366,29140,0.1766510393293693
LAS_1Torr_OES_Very_Fine_HysterisisTest,0,75.0,1.0,0.91,4,1.1980373329851184,0.001404590663893143,0.3114072938889315,0.00036493969827387345,0.24418906880748628,0.0002355452863454292,0.5087596122315888,0.000596474735662734,-0.025911236609176668,0.001837234929644108,55.967906097133195,0.001028590650052626,29214,0.17668652785123568
LAS_1Torr_OES_Very_Fine_HysterisisTest,0,75.0,1.0,0.91,6,1.1892491024227043,0.001124705748350802,0.3062427107685357,0.00029366112033670053,0.2419138414650992,0.00018417704016361028,0.505027594330281,0.0004776185554917934,-0.025805929846590463,0.001868371649592747,36.38691515751911,0.0010099980028822856,28720,0.17669081846144394
LAS_1Torr_OES_Very_Fine_HysterisisTest,0,75.0,1.0,0.85,2,1.2147789413823138,0.001147208785470495,0.3189389744914475,0.00030248386042885104,0.2466483012345914,0.00019015965525271813,0.5158691187234004,0.0004871747154910164,-0.023992872186959346,0.0015251490615826688,38.77697540063795,0.0010067996321251177,29163,0.17808612284399847
LAS_1Torr_OES_Very_Fine_HysterisisTest,0,75.0,1.0,0.85,4,1.2021977628290241,0.0011533092786429515,0.31408743162169594,0.00030370278742899304,0.2454383556180456,0.00019224866203907236,0.5105263841140879,0.0004897653564129541,-0.02408164160939651,0.0016065352027788207,38.46318000087661,0.0010168663765788846,28718,0.1781106066192186
LAS_1Torr_OES_Very_Fine_HysterisisTest,0,75.0,1.0,0.85,6,1.233775637235123,0.0015723535994951287,0.326644565594597,0.0004039725032980819,0.2487178969523927,0.0002636717447096246,0.5239362726840163,0.0006677170949062749,-0.021069972730767925,0.00099948451325951,76.58980084616181,0.0010119041757541089,31038,0.17809666991937034
LAS_1Torr_OES_Very_Fine_HysterisisTest,0,75.0,1.0,0.78,2,1.195743509981994,0.001324216744279956,0.3119352903448155,0.00034745062073281515,0.2450723234921274,0.00022129826007909846,0.507785515290311,0.0005623430746116958,-0.022477172265513268,0.0014154297123317114,51.14622106225088,0.0010209737416108017,28802,0.17948508401313118
LAS_1Torr_OES_Very_Fine_HysterisisTest,0,75.0,1.0,0.78,4,1.1825100616392668,0.0011458148213930274,0.308974303011107,0.0003004116866370374,0.2454625865986267,0.0001940412027209624,0.5021657872050792,0.0004865827534511105,-0.021782366796111095,0.0012927260707681042,39.72602499760581,0.0010169510952412206,29138,0.17947413412585206
LAS_1Torr_OES_Very_Fine_HysterisisTest,0,75.0,1.0,0.78,6,1.1691172731914532,0.0010866101191754041,0.3042255798054965,0.00028496123202797184,0.24445866754078566,0.00018327336735386872,0.4964783936073924,0.00046144083131461656,-0.02145568600375012,0.0012445092656126655,35.07719594450907,0.0010339579643554786,29189,0.1794652835651858
LAS_1Torr_OES_Very_Fine_HysterisisTest,0,75.0,1.0,0.72,2,1.1565436372265696,0.0010793387752369371,0.29500949162749396,0.0002789649256924138,0.23963031318878597,0.0001812940698598641,0.49113886204046187,0.0004583529758524505,-0.022157037864226948,0.001275056280786271,33.997572385997024,0.0010324104642088871,28249,0.18066883658208907
LAS_1Torr_OES_Very_Fine_HysterisisTest,0,75.0,1.0,0.72,4,1.1894292107620104,0.0011919681307027794,0.3020580411155283,0.0003066230333094415,0.23857206598543593,0.0001942824648475449,0.5051040792997742,0.0005061822593272147,-0.02110433939002721,0.001386727731328518,39.20963447803137,0.0010254661883675462,27737,0.18072064051275866
LAS_1Torr_OES_Very_Fine_HysterisisTest,0,75.0,1.0,0.72,6,1.2828078476220484,0.0012507743972667018,0.32582340252321546,0.00032176895134038765,0.23860989872370478,0.00018843295708875296,0.5447583352829785,0.0005311549814203585,-0.020850130663568125,0.001365551568255205,37.50472665010342,0.0010188394287900387,28054,0.18076868148252387
LAS_1Torr_OES_Very_Fine_HysterisisTest,0,75.0,1.0,0.65,2,1.184837096322702,0.001148109320654901,0.3052603561678809,0.0002984574465905604,0.24203576946001948,0.00019091959969288151,0.5031539878484131,0.0004875571375730376,-0.02208216142166701,0.0013340686659319037,36.98876640096258,0.0010332710518320583,27754,0.18160813943246967
LAS_1Torr_OES_Very_Fine_HysterisisTest,0,75.0,1.0,0.65,4,1.2060534924350028,0.0011749553292954517,0.31109014977192406,0.0003052211310239176,0.24231900621750685,0.00019242085527299837,0.5121637617192747,0.0004989575877676077,-0.021618589386954747,0.0012560793153394347,38.66159522374612,0.0010165162053247018,28289,0.1816902027550018
LAS_1Torr_OES_Very_Fine_HysterisisTest,0,75.0,1.0,0.65,6,1.2733134926807121,0.001131498356526273,0.3269589007413376,0.00029246598095601455,0.2412268319818177,0.00017315882728348098,0.5407264539673039,0.0004805031105939145,-0.022095179505175,0.0011171997090388892,30.88963260381546,0.0010366838694752265,28887,0.18173358245654772
LAS_1Torr_OES_Very_Fine_HysterisisTest,0,75.0,1.0,0.59,3,1.1808325687923817,0.0011346503585368684,0.30112845358828616,0.00029438131495513887,0.23956935339895155,0.00018602449378087377,0.5014534215827359,0.00048184164260498967,-0.023515281341979718,0.0014832405520694698,34.120945559181166,0.0010451514925591055,27410,0.182445179090165
LAS_1Torr_OES_Very_Fine_HysterisisTest,0,75.0,1.0,0.59,6,1.1930428907142263,0.001292406310187672,0.305419992877223,0.00033342834419827777,0.2404967408986245,0.00021338448582737863,0.5066386678811146,0.0005488344270360949,-0.023850077568172312,0.001262100584456683,45.161829881523076,0.00103707065997785,28330,0.18248194704131093
LAS_1Torr_OES_Very_Fine_HysterisisTest,0,75.0,1.0,0.59,9,1.1844146583313113,0.0013811491489013668,0.3030668051755701,0.00035447766375502264,0.2403822451162992,0.00023053935645065551,0.5029745949507342,0.0005865200408055871,-0.023780213385538998,0.001285272854483507,52.48711723265239,0.0010382376105370834,28897,0.1824570229745779
LAS_1Torr_OES_Very_Fine_HysterisisTest,0,75.0,1.0,0.52,2,1.2452061179425749,0.0013519482573701865,0.315532694933091,0.0003453362635270362,0.2380514936422601,0.00021040484599007584,0.5287903509103216,0.0005741195639229485,-0.025066071112090985,0.0015167192760618287,43.44548115660106,0.0010493016741837254,27833,0.18334742088531283
LAS_1Torr_OES_Very_Fine_HysterisisTest,0,75.0,1.0,0.52,4,1.2294942144891254,0.0012465845712470902,0.3114193832678021,0.0003183013729366761,0.23795067476018236,0.0001963117872789554,0.5221181198468039,0.0005293757261314236,-0.024696265148787325,0.0014237585463642989,37.558437215675646,0.0010514802094730522,28050,0.18335156383967807
LAS_1Torr_OES_Very_Fine_HysterisisTest,0,75.0,1.0,0.52,6,1.1428562679250278,0.0012333608578753116,0.29097576843213313,0.0003162887046886455,0.23918448166690653,0.00021065607092134712,0.48532637147226565,0.0005237601321077176,-0.02460443407972677,0.0014488072332651586,43.61895951749572,0.0010477961239383905,28477,0.18334241886239902
LAS_1Torr_OES_Very_Fine_HysterisisTest,0,75.0,1.0,0.46,2,1.243625843491901,0.0012188932595337074,0.3167083433208343,0.0003104442974683282,0.23924207248330404,0.00019122711819302815,0.5281192701396238,0.00051761630877305,-0.026135486129157035,0.0011975614912256107,35.12434949037943,0.0010686744563664608,29490,0.18424895388605333
LAS_1Torr_OES_Very_Fine_HysterisisTest,0,75.0,1.0,0.46,4,1.2228846550849657,0.001248782455341292,0.30921676143026816,0.0003178312783794995,0.2375446872102482,0.00019758530832994845,0.5193112984006781,0.0005303090815692794,-0.026321717433343744,0.0014557159877701428,37.991869746676365,0.0010553697009566213,27356,0.18430448469734423
LAS_1Torr_OES_Very_Fine_HysterisisTest,0,75.0,1.0,0.46,6,1.232659272826955,0.0012574722806848715,0.312667538888073,0.0003200017196327564,0.238290944096085,0.0001981232054348078,0.5234621963695549,0.0005339993106217781,-0.027211304169128418,0.0013186136598655064,39.011669721046594,0.0010499745753065081,27992,0.1842846640749601
LAS_1Torr_OES_Very_Fine_HysterisisTest,0,75.0,1.0,0.39,2,1.235652827951038,0.0010725433640877801,0.31026748078289484,0.0002736022685995318,0.23588894163662993,0.00016341763872858905,0.5247334421831787,0.00045546723043700084,-0.02678703259505678,0.001382611335891996,25.88090106689664,0.0010699725989690779,27382,0.18521716050767603
LAS_1Torr_OES_Very_Fine_HysterisisTest,0,75.0,1.0,0.39,4,1.198369187978368,0.001419799803617672,0.30398864313683427,0.0003635779340962592,0.23830574628327483,0.00023138465057620768,0.5089005380717395,0.0006029334626285685,-0.02772910332900962,0.0015820278959314815,48.60904470715064,0.0010730420118655886,27421,0.1852257898718524
LAS_1Torr_OES_Very_Fine_HysterisisTest,0,75.0,1.0,0.39,6,1.1812289934690965,0.001055939940251581,0.29818480662358576,0.00027069783739679164,0.23714785603200816,0.00017147960033614152,0.5016217676427889,0.00044841640552524797,-0.02691421351804436,0.0014744256826156549,28.134325355907485,0.0010616234835981208,27400,0.18523937200196577
LAS_1Torr_OES_Very_Fine_HysterisisTest,0,75.0,1.0,0.33,2,1.2004887201990602,0.0012381093230676254,0.29642926004367975,0.00030718641903166,0.23196944102582648,0.00019507318622550575,0.5098006205324629,0.0005257766196105881,-0.029604649125220022,0.0011942195946013302,36.49579641232301,0.0010662403895276681,29557,0.1853067285674542
LAS_1Torr_OES_Very_Fine_HysterisisTest,0,75.0,1.0,0.33,4,1.2356579723496155,0.0012952453083288793,0.3043555501836771,0.000320954477092888,0.23139327890063588,0.0001975164141569972,0.5247356268081094,0.0005500400385422471,-0.029475591714329404,0.0011791889143250916,37.26786963159275,0.0010653578937937498,29547,0.18539405452731048
LAS_1Torr_OES_Very_Fine_HysterisisTest,0,75.0,1.0,0.33,6,1.1658904653619415,0.0013265704806917505,0.2866123285768103,0.0003257527767618046,0.23094305511485685,0.0002145666019492726,0.49510809448992027,0.0005633426144350302,-0.02929504272100484,0.0011319228137134285,44.65684385635985,0.001067143815434312,29949,0.18542313360809684
LAS_1Torr_OES_Very_Fine_HysterisisTest,0,75.0,1.0,0.26,2,1.3002845444953894,0.0013531781321155694,0.32398040496707137,0.00033893545798905207,0.23407128176886186,0.00019861852094700303,0.5521800051087555,0.0005746418436393872,-0.03252543661203825,0.0012461801295133798,36.496507782605256,0.00107418335817201,30049,0.1856493598857259
LAS_1Torr_OES_Very_Fine_HysterisisTest,0,75.0,1.0,0.26,4,1.2736597911062801,0.0011126507150460584,0.31416868293074723,0.0002772292620637704,0.23172732201018884,0.0001627142539235846,0.540873513368424,0.00047249925419733503,-0.03208324171645954,0.0011440003272868934,25.352989126733746,0.001075627017017718,30267,0.18568728613770724
LAS_1Torr_OES_Very_Fine_HysterisisTest,0,75.0,1.0,0.26,6,1.1706780235858798,0.0011955128017819335,0.29212939975400093,0.00029850727363417147,0.23442589918314016,0.00019635365774401284,0.49714118327478973,0.0005076875425384027,-0.032309401463162954,0.001207007297697525,35.882144793850905,0.001071603798368032,30342,0.18564945443360964
LAS_1Torr_OES_Very_Fine_HysterisisTest,0,75.0,1.0,0.13,2,1.2000440971936912,0.001529816964691201,0.287617992871346,0.00036846811352207016,0.22515761309103122,0.00023524220935995755,0.5096118065267782,0.0006496534492813419,-0.031935203661786433,0.0009820831897782425,51.451917690614096,0.001070017755185843,30511,0.1863120789810774
LAS_1Torr_OES_Very_Fine_HysterisisTest,0,75.0,1.0,0.13,4,1.2529353452829721,0.001161771052434099,0.30140008833765913,0.0002810628496853793,0.2259865042946946,0.0001707765914514934,0.5320726515501123,0.0004933587408879178,-0.03157157375712144,0.0008490303119524934,27.160897004319715,0.0010762733537332517,30528,0.18634095038301582
LAS_1Torr_OES_Very_Fine_HysterisisTest,0,75.0,1.0,0.13,6,1.180248904741789,0.0011582956365992368,0.2865242124033677,0.0002812237546114073,0.2280633562127042,0.00018379466577894278,0.5012055622816295,0.0004918828676711104,-0.031236007862901368,0.0008558690986403874,31.548681700908304,0.0010701223873636136,30666,0.18635969106153916
LAS_1Torr_OES_Very_Fine_HysterisisTest,0,75.0,1.0,0.2,2,1.2673560228199707,0.0014150222421325323,0.3120794277861792,0.00034987504162330407,0.23133124638903377,0.00021212853982705617,0.5381965494536607,0.0006009046190677958,-0.03227792968083591,0.0010972978633412445,41.79973198665298,0.0010642211030526267,30100,0.1857392670289971
LAS_1Torr_OES_Very_Fine_HysterisisTest,0,75.0,1.0,0.2,4,1.1798458267051868,0.00102254243236762,0.2874619758716446,0.00025326000444020477,0.22888795317997243,0.00015886898260656615,0.5010343907997777,0.00043423378976467853,-0.03200024736899881,0.001056988876655296,24.106260795322683,0.0010733743036302544,29956,0.18572981046456324
LAS_1Torr_OES_Very_Fine_HysterisisTest,0,75.0,1.0,0.2,6,1.2261917478721243,0.0011234676352012275,0.29850295725191567,0.0002769761676001917,0.22869572098423768,0.00016931229274484526,0.5207156914005326,0.000477092777247215,-0.03187690678287338,0.0010410179360759205,27.738595931638233,0.0010603797920665993,30070,0.18573663780088284
LAS_1Torr_OES_Very_Fine_HysterisisTest,0,75.0,1.0,0.07,0,0.9949757658410234,0.03828967211040478,0.008786816389686581,0.0005404476162632353,0.008296345660824449,0.00021283324213912903,0.42252730434352426,0.01626012662462347,-0.01734469741881794,-0.003537466481072564,1.5319663158667187,0.001070683402788317,2919,0.18677676560489062
LAS_1Torr_OES_Very_Fine_HysterisisTest,0,75.0,1.0,0.07,2,2.397473641110627,0.002355375574316489,0.6143479569095919,0.0005926109929509909,0.2407289752501627,0.00023467896461599655,1.018113314505575,0.0010002359115664538,-0.032087519635080074,0.00038825144605200587,36.60111131009636,0.0010854905183149358,30169,0.18687671873161785
LAS_1Torr_OES_Very_Fine_HysterisisTest,0,75.0,1.0,0.07,4,2.405123854101753,0.0023955247986363276,0.6238161821154617,0.000612511506876665,0.24366153765258952,0.0002442237711877358,1.02136206084068,0.0010172857173062,-0.03205974558434163,0.00037389128104170136,38.88791214335233,0.001079180418873585,30163,0.1867718577536418
LAS_1Torr_OES_Very_Fine_HysterisisTest,0,75.0,1.0,0.07,6,3.6007385167825965,0.0029238779306697024,0.8631267224782674,0.0007003780941339792,0.22519086447367542,0.00015509998148293454,1.5290928597201032,0.0012416566339493998,-0.03224469167998773,0.0002573372298329549,21.203433564289256,0.0010806211782579908,30734,0.1867057767946908
LAS_1Torr_OES_Very_Fine_HysterisisTest,0,75.0,1.0,0.07,8,2.676713792224318,2.5844404293277363,0.006440811586629788,0.019070073314619494,0.002260510080359611,0.004532070218249095,1.1366956884338641,1.0975107990868869,-0.030240828613404734,0.00040475256943963653,1.512809469257112,0.0010877143623873842,1283,0.1869307095055793
LAS_1Torr_OES_Very_Fine_HysterisisTest,0,75.0,1.0,0.0,2,1.2366404453398547,0.001233249693219791,0.2903632587984604,0.0002908783204664746,0.2205799355082739,0.00018012129126292864,0.5251528446725116,0.0005237129248250401,-0.0353605073252918,0.0008665097687193806,29.095665999351198,0.001094726556913701,30704,0.18781290657425553
LAS_1Torr_OES_Very_Fine_HysterisisTest,0,75.0,1.0,0.0,4,1.2698994819430438,0.001015935679573735,0.29809880768770897,0.00024021165703691318,0.220525432650198,0.00014332813822030737,0.5392766570943444,0.00043142816017619834,-0.03457303876080694,0.000761605258234158,18.532745702290327,0.0011010929066463022,30812,0.18800405300478973
LAS_1Torr_OES_Very_Fine_HysterisisTest,0,75.0,1.0,0.0,6,1.2035812425746595,0.0008892487678368468,0.28165753510705765,0.00021036453247510862,0.21984356264991592,0.0001313338078612375,0.5111138938682004,0.0003776291822015467,-0.034918438739002654,0.000779685415999159,15.89016049757163,0.0010962636746357857,30711,0.18790878350385956
LAS_1Torr_OES_Very_Fine_HysterisisTest,0,70.0,1.0,1.5,2,1.204046854696936,0.0011087545519963544,0.32298338619440575,0.0002847803746325242,0.25200234709142105,0.0001934954386370363,0.5113116211311644,0.0004708447060895399,-0.011280083989032295,0.0009147215254180256,42.15103269983557,0.0010169078900532313,27753,0.15526055340772046
LAS_1Torr_OES_Very_Fine_HysterisisTest,0,70.0,1.0,1.5,4,1.2257013101917968,0.001092580445198741,0.3288128393524088,0.0002807482334705644,0.2520182008734218,0.0001874165325143377,0.5205074216937403,0.00046397619533784004,-0.011096807372183853,0.0008432514449574306,39.831354892276465,0.0010160313394324326,27964,0.15523103350300937
LAS_1Torr_OES_Very_Fine_HysterisisTest,0,70.0,1.0,1.5,6,1.2434340614989607,0.0011073374032727723,0.334474395563809,0.00028571330906911556,0.2527015510451642,0.0001875311522489467,0.5280378278258704,0.0004702428984369456,-0.010839293571445793,0.0008924985428301201,39.73190805974449,0.0010170223278838238,27042,0.15524081788641314
LAS_1Torr_OES_Very_Fine_HysterisisTest,0,70.0,1.0,1.43,2,1.2862472950464034,0.0012201179701670476,0.34648376561099026,0.0003167738897593689,0.25306157465423756,0.00019865346145222495,0.5462189341222031,0.0005181363954930202,-0.015423573151413279,0.001027820641149312,45.645413609685306,0.001010342354521399,27218,0.1556922995907559
LAS_1Torr_OES_Very_Fine_HysterisisTest,0,70.0,1.0,1.43,4,1.2629266470836666,0.0011395701426780958,0.339971978747371,0.00029444274772285543,0.25289065781142506,0.00018977850021724023,0.5363155667664057,0.00048393088256691753,-0.014574797805541915,0.0008580427960644663,40.4795631589377,0.0010193296291093608,27862,0.15570163881533194
LAS_1Torr_OES_Very_Fine_HysterisisTest,0,70.0,1.0,1.43,6,1.2675797224271288,0.0011433308559201446,0.3433126133778373,0.0002976192450320263,0.25443817185509,0.00019113150766350852,0.5382915459301982,0.0004855279104374695,-0.014436941196095733,0.0008774606859582126,42.10523496862593,0.0010070448046487345,26934,0.1556777997006805
LAS_1Torr_OES_Very_Fine_HysterisisTest,0,70.0,1.0,1.37,2,1.2559916361922396,0.00126043987730033,0.32991115142989763,0.00031835516443671705,0.24676186160887317,0.00020614282654275647,0.5333705387987439,0.000535259532871763,-0.02192388493738006,0.0009618266674932362,48.831456167363136,0.001007610690238122,29965,0.15669864190931512
LAS_1Torr_OES_Very_Fine_HysterisisTest,0,70.0,1.0,1.37,4,1.2207094448076787,0.0011194972137497097,0.3217448138431763,0.00028327764613935314,0.24760935015144414,0.0001889359171457842,0.518387571646323,0.00047540669449966236,-0.02156939082201291,0.0008880002650720155,41.51837141220152,0.0010026982512552024,30041,0.15668030424117635
LAS_1Torr_OES_Very_Fine_HysterisisTest,0,70.0,1.0,1.37,6,1.3095068385730777,0.0011922061638624138,0.34470467718966397,0.0003019353990349498,0.2472903648574786,0.00018703359586110622,0.5560963528131794,0.0005062833427030492,-0.02172921488513385,0.0009346169244902243,40.30619848386706,0.001008676973402709,29795,0.15665366419369312
LAS_1Torr_OES_Very_Fine_HysterisisTest,0,70.0,1.0,1.3,2,1.2232475991298073,0.0011243463803584392,0.33840303628513985,0.00030044806266921317,0.2598888628414759,0.00019713641021248992,0.5194654265454625,0.0004774659459566737,-0.022660759366569576,0.0009464462415599311,47.7379821802787,0.0009791795113069837,30311,0.15817515005449242
LAS_1Torr_OES_Very_Fine_HysterisisTest,0,70.0,1.0,1.3,4,1.2378818578331197,0.0011370276165935077,0.3408933269429329,0.000300588433631611,0.2587063517925088,0.00019782543752228554,0.5256800240193514,0.0004828511711511967,-0.022143480924388947,0.000870797446915484,45.72724917219199,0.0009991221252182328,30367,0.1581269666688036
LAS_1Torr_OES_Very_Fine_HysterisisTest,0,70.0,1.0,1.3,6,1.2998261082438258,0.0011646120184172814,0.35765993270885005,0.00030923601245703725,0.2584954031565541,0.00019187877083895108,0.5519853251575079,0.0004945651880596145,-0.021475824200451302,0.0008856194794875615,44.32249418465966,0.000984597578842637,30041,0.15820080022384628
LAS_1Torr_OES_Very_Fine_HysterisisTest,0,70.0,1.0,1.24,2,1.2643060345925137,0.001230235699252882,0.3550804181586835,0.0003323489817691096,0.2638410105050551,0.00021345593298871727,0.5369013387075601,0.0005224329994340239,-0.017431265003231833,0.0009416732720099027,49.10071211693822,0.0010356664147350674,30241,0.16329013348918636
LAS_1Torr_OES_Very_Fine_HysterisisTest,0,70.0,1.0,1.24,4,1.3224784402617342,0.001259906761637387,0.36794010502695096,0.00033788824225466923,0.2613703486331113,0.00020573488006816193,0.5616048848625937,0.0005350331394944568,-0.01716878460742274,0.0008073828737763329,51.058882877209705,0.00098687080357972,30535,0.16280660880889855
LAS_1Torr_OES_Very_Fine_HysterisisTest,0,70.0,1.0,1.24,6,1.2649930053537066,0.0012038469562971191,0.3539319869900225,0.0003244769236883887,0.2628448547110323,0.00020780589225840904,0.537193068329381,0.0005112267320967608,-0.017883126521732514,0.0009429083852737526,48.32624216777065,0.0010161414487129907,30356,0.1626851446911228
LAS_1Torr_OES_Very_Fine_HysterisisTest,0,70.0,1.0,1.17,2,1.2369908169633042,0.001005557173426105,0.33893643022566355,0.0002776523499534532,0.257406533093784,0.00016966297283990345,0.5253016338015105,0.00042702081441339573,-0.02190789639943479,0.0016098209532907624,30.462199711128566,0.0010181298573561592,27274,0.16638067890554914
LAS_1Torr_OES_Very_Fine_HysterisisTest,0,70.0,1.0,1.17,4,1.3122103646277214,0.0012825314603435159,0.36316045185947127,0.000342546766122562,0.2599937295290207,0.00021059153045664185,0.5572444346211072,0.0005446409644124886,-0.018960150428484934,0.0008524025540162,51.13384511474157,0.0010013096241419522,29592,0.16624419377296126
LAS_1Torr_OES_Very_Fine_HysterisisTest,0,70.0,1.0,1.17,6,1.2639452072980804,0.0012760754347057885,0.350569882855674,0.0003399085711259787,0.2605638399848143,0.00021911431158848246,0.5367481094639095,0.0005418993427538184,-0.018708039006104873,0.0007712594930176927,52.24685998732274,0.0010314207838713525,29799,0.16618818149536502
LAS_1Torr_OES_Very_Fine_HysterisisTest,0,70.0,1.0,1.11,2,1.2937176426257455,0.0013495260252696425,0.3534714470541462,0.0003554301097307478,0.2566744422257497,0.00022314664841469913,0.5493912986496351,0.0005730909366587737,-0.01789161113906347,0.0009367556764352266,54.6071250776268,0.0010230583514849946,29741,0.1689423389693074
LAS_1Torr_OES_Very_Fine_HysterisisTest,0,70.0,1.0,1.11,4,1.2707042754496662,0.0013570687478473807,0.34813658789040286,0.00035800697220757406,0.25737891582036854,0.00022890123773471857,0.5396184214292967,0.0005762940360181726,-0.017965415180369725,0.000965259762276803,59.673639753220904,0.001003301220510964,30459,0.16901743742185243
LAS_1Torr_OES_Very_Fine_HysterisisTest,0,70.0,1.0,1.11,6,1.2270954404293761,0.0012958447726980702,0.33651358904470036,0.0003421924900253898,0.2576274020111973,0.00022690128091168855,0.5210994542953487,0.0005502946076208719,-0.01769772850584449,0.0009470060064960983,57.56883188413064,0.0010127906797670263,29744,0.1690184343039659
LAS_1Torr_OES_Very_Fine_HysterisisTest,0,70.0,1.0,1.04,2,1.2358587649959514,0.0015498428883814269,0.33471640620770127,0.000405731344826195,0.2544344699330753,0.00026581361305348325,0.5248208955940447,0.0006581576760618485,-0.019520373233144053,0.0009867881764241298,76.98718732216521,0.0010228425718115616,29950,0.17095289584936718
LAS_1Torr_OES_Very_Fine_HysterisisTest,0,70.0,1.0,1.04,4,1.240501295374822,0.0012625372203393039,0.3352307129962659,0.00033046975636365423,0.2538717451791126,0.00021322915900948093,0.5267923967236817,0.0005361501924546044,-0.018970824783519004,0.0009046134282245413,51.9123935850875,0.0010079923605084663,29839,0.1710019185519818
LAS_1Torr_OES_Very_Fine_HysterisisTest,0,70.0,1.0,1.04,6,1.3172979037310018,0.001477244434359176,0.3591489194502762,0.0003880183091790495,0.2561287637220639,0.00024055630034409183,0.559404913556224,0.0006273279512276959,-0.019065785020047746,0.0009047726013419891,61.73463774003137,0.0010285062108642705,29968,0.17099637684790278
LAS_1Torr_OES_Very_Fine_HysterisisTest,0,70.0,1.0,0.98,2,1.2379889191542082,0.0012469960367986663,0.33212529413449743,0.0003247151604486804,0.25203043232583927,0.00020870922216566793,0.5257254887763355,0.0005295504594629341,-0.019146997685172584,0.0009020499637250336,48.95248410655644,0.0010176094664494577,29776,0.17329760738528083
LAS_1Torr_OES_Very_Fine_HysterisisTest,0,70.0,1.0,0.98,4,1.2754212618518066,0.0012921300928120131,0.3452044492704513,0.0003388550167624524,0.25426730611875703,0.0002127177208061197,0.5416215411207966,0.0005487171283167121,-0.01908253084145517,0.0008908884098792389,50.88392909392355,0.0010152512686939772,29830,0.17333783406268405
LAS_1Torr_OES_Very_Fine_HysterisisTest,0,70.0,1.0,0.98,6,1.2831554050877072,0.001442270469269975,0.34858462163851633,0.0003780843592358826,0.2552094524561908,0.00024003548793895594,0.5449059293491969,0.0006124758757313106,-0.01944088645461129,0.0009205676313640437,61.46377754615055,0.001029281112926973,30028,0.17333141460574916
LAS_1Torr_OES_Very_Fine_HysterisisTest,0,70.0,1.0,0.91,3,1.1783140584168605,0.0010145871888556728,0.30833933977126243,0.0002719402599706078,0.24583044579808022,0.0001678565151813151,0.500383908699645,0.00043085550889403017,-0.02263019032016049,0.0016571669486323563,31.23412664043834,0.0010054614010952746,28748,0.17441579905681065
LAS_1Torr_OES_Very_Fine_HysterisisTest,0,70.0,1.0,0.91,6,1.2024946956571894,0.0010863006665297555,0.31720554848633087,0.00028783828254840986,0.24781374781496932,0.00018190470349316727,0.5106524798761788,0.00046130941887556355,-0.024047091576795437,0.0015009265976393064,34.634990567617805,0.0010246730363565272,29234,0.17437582231564086
LAS_1Torr_OES_Very_Fine_HysterisisTest,0,70.0,1.0,0.91,9,1.2091056197413441,0.0011070353553308638,0.3203457333177791,0.00029618124736730054,0.24889862311241076,0.00018526183228610745,0.5134598808485397,0.0004701146304860481,-0.024139047197666658,0.0015618974197457326,36.21766920325498,0.001017177636743264,28737,0.17441567333766567
LAS_1Torr_OES_Very_Fine_HysterisisTest,0,70.0,1.0,0.85,1,1.189572437045395,0.0012122406754874885,0.31585969537351033,0.00031241242387556456,0.24944287832491863,0.0002099532663112938,0.5051649019022005,0.000514791216443699,-0.019844713651469295,0.0009541746689331453,48.943270244233155,0.001018905609872608,30493,0.17595043666666668
LAS_1Torr_OES_Very_Fine_HysterisisTest,0,70.0,1.0,0.85,2,1.299778015947106,0.0013436962974174248,0.3472493003199076,0.00034886721729068636,0.25098050107055153,0.00021455126494425428,0.5519649022394928,0.0005706152791814564,-0.01900997021700683,0.000845793780470008,50.465337179830705,0.00102171846062463,29976,0.17594199833333335
LAS_1Torr_OES_Very_Fine_HysterisisTest,0,70.0,1.0,0.85,3,1.2610697378152478,0.0012673152061640747,0.33623398409255245,0.00032915242495064177,0.25047840698285456,0.00020564656713174839,0.5355270100049933,0.000538179216215827,-0.019137103929884988,0.0008534319040344727,46.85218650470294,0.0010269745316552987,30121,0.17597721916666664
LAS_1Torr_OES_Very_Fine_HysterisisTest,0,70.0,1.0,0.78,2,1.1992566492686612,0.001073408779044402,0.3165945471215136,0.0002845685304505587,0.24800422826953544,0.00018017296067635087,0.5092774081821184,0.00045583473833147795,-0.02433485772080051,0.0014469639429951608,34.37423421099476,0.0010203705102986662,29169,0.1772617779071012
LAS_1Torr_OES_Very_Fine_HysterisisTest,0,70.0,1.0,0.78,4,1.1431098093865741,0.0010692915111535516,0.301642170062871,0.00028382585915037,0.24789735601778065,0.00018909075869270205,0.48543404061754974,0.00045408629564281543,-0.024299221273907386,0.0015059539064149483,38.58156366098825,0.0010026671392486146,29000,0.17731637301332479
LAS_1Torr_OES_Very_Fine_HysterisisTest,0,70.0,1.0,0.78,6,1.2411344444212917,0.0011418431497102301,0.32751925321412423,0.00030545432936115004,0.2479052912794502,0.00018478705554835696,0.5270612703676809,0.0004848961397792174,-0.024392413367010236,0.001520145310571313,35.98950119230155,0.001017146839654838,28663,0.17729729571677574
LAS_1Torr_OES_Very_Fine_HysterisisTest,0,70.0,1.0,0.72,3,1.2571852808150163,0.0012629257178117153,0.32909124969234654,0.00033434106585845735,0.24591489637424077,0.0002010736750454175,0.5338774329987043,0.0005363151721409423,-0.02210565752935403,0.0012444745320755403,41.6062628152775,0.001025408055863392,28882,0.17842566098059653
LAS_1Torr_OES_Very_Fine_HysterisisTest,0,70.0,1.0,0.72,6,1.224806354184064,0.0010985321443631464,0.3184623397997497,0.00028814747208598726,0.24426342404886028,0.00017752965470422028,0.5201273688699072,0.0004665036492623828,-0.021520220597597,0.0011454827406181514,33.06955224615028,0.0010241799896578102,29107,0.17842718021701945
LAS_1Torr_OES_Very_Fine_HysterisisTest,0,70.0,1.0,0.72,9,1.2720573379530844,0.0013491044848528253,0.33201927529181086,0.00035426417686811756,0.24520222096110658,0.00021194931399116655,0.5401930141699494,0.0005729119249259211,-0.021967088426376406,0.001236242209707461,47.357509249107046,0.0010168538129648969,29086,0.1784283684197163
LAS_1Torr_OES_Very_Fine_HysterisisTest,0,70.0,1.0,0.65,2,1.2367556415482688,0.0011798925156114562,0.3230578415357173,0.00030983390603192773,0.24539413390907314,0.00019055411426723107,0.5252017639980698,0.0005010542177527408,-0.02300800551558748,0.0011662920929318282,37.83396173184748,0.0010207878547925104,29303,0.17946678392487977
LAS_1Torr_OES_Very_Fine_HysterisisTest,0,70.0,1.0,0.65,4,1.2601752575125087,0.0012359970437682203,0.3285508571044388,0.0003234802487508212,0.24492856947682792,0.00019569782688157202,0.535147159194471,0.0005248796171819472,-0.022833142990840348,0.0011364306334247743,40.540902316049895,0.001015418710786022,29405,0.17949724327715116
LAS_1Torr_OES_Very_Fine_HysterisisTest,0,70.0,1.0,0.65,6,1.1695327493155363,0.001201194495607924,0.3073406319789046,0.0003165325763500423,0.24687401623346542,0.00020726311940187766,0.49665483007223393,0.0005101003357528905,-0.023333383756405285,0.0012331473930260466,43.95688117575412,0.0010268031945517724,29393,0.17946384577482138
LAS_1Torr_OES_Very_Fine_HysterisisTest,0,70.0,1.0,0.59,2,1.2004757018858099,0.001054374958633707,0.30742154335957383,0.0002760122345352679,0.2405740138294245,0.0001661200292991305,0.5097950921638397,0.0004477518190226928,-0.021978027701038915,0.0013387664243931104,29.337855421347694,0.001032032103250674,27853,0.1802652124967922
LAS_1Torr_OES_Very_Fine_HysterisisTest,0,70.0,1.0,0.59,4,1.239813326128844,0.0011793723000635523,0.32227036086017347,0.00031085540248008525,0.24419223800194362,0.0001882432067084538,0.5265002430844133,0.000500833302549899,-0.022155943546062484,0.0013660461544896,37.211532791192106,0.0010179973508935504,27871,0.1803485150886957
LAS_1Torr_OES_Very_Fine_HysterisisTest,0,70.0,1.0,0.59,6,1.283791624022208,0.0014361861359705925,0.33435611710031055,0.0003785189502809515,0.24467101583135434,0.00022399234071116163,0.5451761066546107,0.0006098920972756187,-0.022516790194408786,0.0014573492432038023,50.07889524970818,0.0010297690002846666,28330,0.18032974026164966
LAS_1Torr_OES_Very_Fine_HysterisisTest,0,70.0,1.0,0.52,2,1.3880630445914293,0.0013313019681913377,0.3579806542535456,0.00035032439719896285,0.2422803293909898,0.0001872892148108183,0.5894561019728308,0.000565351892175625,-0.023961855813470854,0.0014526004627913292,36.590762063563645,0.0010262279507920694,27813,0.1809041569705237
LAS_1Torr_OES_Very_Fine_HysterisisTest,0,70.0,1.0,0.52,4,1.3105026810798248,0.0012965829501294138,0.3367542927722535,0.00033721667558629344,0.2414031966204894,0.00019368893485305393,0.5565192481884963,0.0005506080827133323,-0.023667448793148527,0.001396632783053899,39.58511914000383,0.0010184508443444502,28386,0.18094947884901402
LAS_1Torr_OES_Very_Fine_HysterisisTest,0,70.0,1.0,0.52,6,1.3276912251970336,0.0012506418769177557,0.341053988571025,0.0003281472807519036,0.2413202895615112,0.00018296872409269256,0.5638185508054752,0.0005310987052096877,-0.023847450591531434,0.0014559657786645706,33.976362917592674,0.0010400911120756074,27431,0.1809327193274591
LAS_1Torr_OES_Very_Fine_HysterisisTest,0,70.0,1.0,0.13,2,3.6763027158048547,0.003117120871230901,0.9226239208758105,0.0007828888699709261,0.23576603247728378,0.00017029417080904996,1.5611820204955564,0.0013237193550345936,-0.030355593217484936,0.00025580534775336826,28.20070612850168,0.0010267555547249113,30580,0.1816706893224242
LAS_1Torr_OES_Very_Fine_HysterisisTest,0,70.0,1.0,0.13,4,3.618466038961951,0.0031604106601908423,0.9031591809320867,0.0007883694951132391,0.23448096348884023,0.00017321193012111044,1.5366210452461109,0.0013421028357813666,-0.0309919460477237,0.0002530886615440084,29.162238970743317,0.0010341972646757357,30614,0.1816631557120877
LAS_1Torr_OES_Very_Fine_HysterisisTest,0,70.0,1.0,0.13,6,2.3376569766311235,0.0023424652363857393,0.6078606801973444,0.0006005163130551694,0.24428176971288038,0.00022851343275171338,0.9927115159240968,0.0009947533958396182,-0.030538017055327073,0.0002980488060045555,43.665123544922174,0.001036905110388052,30464,0.18163439105851306
LAS_1Torr_OES_Very_Fine_HysterisisTest,0,70.0,1.0,0.13,8,3.4875761520285247,10.893632276031262,0.015759641096673365,0.17823131628904787,0.0042451243212368785,0.03476164709282842,1.4810372280412143,4.626099688177271,-0.032514856864751474,0.0007185338360248939,1.8734422965895963,0.0010248045580047037,1033,0.18188140955105633
LAS_1Torr_OES_Very_Fine_HysterisisTest,0,65.0,1.0,1.43,2,1.284340073473587,0.0011623805879689975,0.3443298832086515,0.0003002185399718875,0.25186189790188523,0.0001882782232620005,0.5454090116923168,0.0004936175867968375,-0.014058910491216802,0.0008542689004770961,38.950689803001254,0.0010384770833722435,27626,0.15334718031493744
LAS_1Torr_OES_Very_Fine_HysterisisTest,0,65.0,1.0,1.43,4,1.2355503634784557,0.001133403232075864,0.33217492404342197,0.00029238787111652117,0.2525655901367529,0.0001936608169382922,0.5246899295280192,0.00048131203675946615,-0.01371867904058127,0.0008094992378405435,39.41748387859269,0.0010477726657312722,27277,0.1533626483073544
LAS_1Torr_OES_Very_Fine_HysterisisTest,0,65.0,1.0,1.43,6,1.3487949768120806,0.0013676357334540122,0.36112658234177164,0.00035326645573634854,0.2515250869209946,0.00021120948235154834,0.5727804889627366,0.0005807814216376936,-0.014551284527643924,0.0009610510647419649,47.37595574543766,0.0010515592752644415,27641,0.15331434212464515
LAS_1Torr_OES_Very_Fine_HysterisisTest,0,70.0,1.0,0.46,2,1.1627365405083818,0.0010825396485270658,0.30529742452589154,0.00028710645712117416,0.24666618077145416,0.00018640175615639143,0.49376874592262104,0.00045971226158508343,-0.026235334624147105,0.0015022661057048055,35.53643251023361,0.0010269116989137614,27748,0.1808579500171165
LAS_1Torr_OES_Very_Fine_HysterisisTest,0,70.0,1.0,0.46,4,1.2047664880563562,0.0014086003997917128,0.3192229921086963,0.00037422248030478115,0.24891958896430208,0.0002399351954472807,0.5116172212813493,0.0005981775137187604,-0.02664526942792362,0.001554314045526637,57.32701811221774,0.0010239238680753127,27673,0.18093414407203534
LAS_1Torr_OES_Very_Fine_HysterisisTest,0,70.0,1.0,0.46,6,1.224612918410156,0.0012572340198497391,0.32239762317420156,0.00033380077445689215,0.24732088092554927,0.0002075548883933104,0.5200452242600393,0.0005338981305610617,-0.026958170811486486,0.0013897658763640784,43.92184401917056,0.0010202827527083663,29052,0.1809455915805437
LAS_1Torr_OES_Very_Fine_HysterisisTest,0,70.0,1.0,0.39,2,1.2059141022047597,0.0010350126079638469,0.3129412376933846,0.00027324713932284233,0.24378905943141202,0.0001686369862308048,0.5121045681386284,0.000439529385758326,-0.027237973220298303,0.0014397474182254,28.926756226194236,0.001034112902264834,27658,0.18110505562145354
LAS_1Torr_OES_Very_Fine_HysterisisTest,0,70.0,1.0,0.39,4,1.1488656505204555,0.0010109937429088052,0.29675283556811116,0.0002659191213469744,0.2426573343595216,0.00017191058590868377,0.4878783212945497,0.0004293295129036146,-0.02796387159578232,0.001516909322659909,29.876211101573677,0.001034967063850062,26962,0.18117211794312824
LAS_1Torr_OES_Very_Fine_HysterisisTest,0,70.0,1.0,0.39,6,1.2693341804029463,0.001164012196262397,0.3305677023884138,0.0003063755865044799,0.24465395130160708,0.0001818465733194098,0.5390365956334737,0.000494310467043395,-0.028317674705875786,0.0013194915178661266,33.87190302033226,0.0010284549007233735,29462,0.1810993610679212
LAS_1Torr_OES_Very_Fine_HysterisisTest,0,70.0,1.0,0.33,2,1.186189933496449,0.001040978803430845,0.2998897180626242,0.0002645714241513814,0.23750629868888598,0.0001686015506592725,0.5037284849003648,0.0004420629956957766,-0.03018436831160663,0.0012987546413831634,29.716991147939165,0.0010341370556421104,30076,0.18119916315543075
LAS_1Torr_OES_Very_Fine_HysterisisTest,0,70.0,1.0,0.33,4,1.212753568450515,0.0013599577607070698,0.30621044097263894,0.00034552287073930305,0.23720029432219647,0.0002172735576152976,0.5150090220310554,0.0005775208868196958,-0.03106198081918004,0.0014519484414639427,48.20643064819243,0.0010282041169261057,29708,0.1811420913590155
LAS_1Torr_OES_Very_Fine_HysterisisTest,0,70.0,1.0,0.33,6,1.2770303571164805,0.0011976362837833228,0.3253121100282106,0.0003082808358714747,0.23931327996227772,0.00018239108057705957,0.5423048609643105,0.0005085893023165523,-0.030584019114431538,0.0013901006010400843,35.032857311079034,0.001014344187969813,29482,0.18122076227260567
LAS_1Torr_OES_Very_Fine_HysterisisTest,0,70.0,1.0,0.26,2,1.291644801805637,0.0011431661437856652,0.3273276147476781,0.0002933099210358481,0.2380714599028587,0.00016988385834331484,0.5485110442011126,0.0004854579636341768,-0.031357219659230454,0.0010769434935512419,29.888648559311846,0.0010285849221182163,29834,0.1808543300522834
LAS_1Torr_OES_Very_Fine_HysterisisTest,0,70.0,1.0,0.26,4,1.1810919532719535,0.0011204872398627838,0.29974615799654764,0.00028626141490767723,0.23841726648705228,0.0001844933206274278,0.5015635720293142,0.0004758271198800065,-0.03173371920019177,0.0011292440074544216,34.15917063860599,0.0010336000210837773,29948,0.18091896240130179
LAS_1Torr_OES_Very_Fine_HysterisisTest,0,70.0,1.0,0.26,6,1.267586030565994,0.0014098433231464775,0.32214846382381224,0.0003593537828781189,0.23875166568125028,0.00021756646627516655,0.538294224750127,0.0005987053346694049,-0.032033579564537756,0.0011782592414786716,47.4699138627711,0.0010292503956782768,29992,0.1809094977059326
LAS_1Torr_OES_Very_Fine_HysterisisTest,0,70.0,1.0,0.2,2,1.1636050413921182,0.0013067108135832687,0.29514515741883396,0.000330817500326898,0.2382856327050696,0.00022048609751392441,0.49413756428968436,0.0005549089903241819,-0.031215923130584692,0.0010761735948236239,47.151875512185114,0.001044722980673387,30342,0.1814822758206565
LAS_1Torr_OES_Very_Fine_HysterisisTest,0,70.0,1.0,0.2,4,1.2387853779144538,0.0012425796117971686,0.31170632756329336,0.0003131240711594713,0.23638359746585916,0.0001935166772713039,0.526063713670389,0.0005276749764463796,-0.03128008416633293,0.0010543988443609026,37.91687371251485,0.0010321223808045226,30270,0.1814204826650125
LAS_1Torr_OES_Very_Fine_HysterisisTest,0,70.0,1.0,0.2,6,1.2368973276690158,0.0010845112918027409,0.3102774220457009,0.00027417931478913496,0.2356591533412674,0.00016716504376859082,0.5252619325536442,0.0004605495413932945,-0.03116625009408102,0.0010413967442416722,29.104068967055273,0.0010240148565403347,30272,0.1814354540179286
LAS_1Torr_OES_Very_Fine_HysterisisTest,0,70.0,1.0,0.07,3,1.2450909623307116,0.0010831281979218881,0.29667756706626564,0.0002589559531295249,0.22384707197154732,0.00015867083821145096,0.528741448824531,0.00045996219550086795,-0.03211980855416983,0.0008253802551748926,25.64844382123304,0.0010340174125014585,29870,0.18171700870347174
LAS_1Torr_OES_Very_Fine_HysterisisTest,0,70.0,1.0,0.07,6,1.1200245958558481,0.0013163557313871919,0.26297804633636274,0.0003106765497222527,0.22057674547691808,0.00021074663027643547,0.47563065305957497,0.0005590048098006109,-0.032758173815096644,0.0008963746630745684,45.823413918928004,0.0010298737242076578,29888,0.18164808530981363
LAS_1Torr_OES_Very_Fine_HysterisisTest,0,70.0,1.0,0.07,9,1.2424738350765236,0.001071718748373594,0.295299557738269,0.0002560066685221302,0.2232766639353529,0.00015691567892613676,0.5276300572089762,0.00045511704838554167,-0.032333552621870744,0.0008307033143293257,24.462873799410087,0.001043964496271916,29681,0.18160994976340358
LAS_1Torr_OES_Very_Fine_HysterisisTest,0,70.0,1.0,0.0,3,1.1336838279304116,0.0011154795287306339,0.26235976588748344,0.00025934064825374414,0.21740677465211586,0.00017456032679117873,0.481431194847635,0.0004737005407629665,-0.0324384535643626,0.0007144497401841623,30.676987387132694,0.0010408539936107883,30649,0.18220270245885864
LAS_1Torr_OES_Very_Fine_HysterisisTest,0,70.0,1.0,0.0,6,1.2766336556751448,0.001249381512986554,0.29826429097561563,0.00032044995884466875,0.21948394717764974,0.0001701305606398693,0.5421363973731445,0.0005305634779281546,-0.031409586281185536,0.0004912114750100458,26.83139287701516,0.0010428932746143831,27744,0.18236366323287245
LAS_1Torr_OES_Very_Fine_HysterisisTest,0,70.0,1.0,0.0,9,1.1954139301170235,0.0011681047478611824,0.2762887503710269,0.0002697533890870403,0.21712642394795914,0.00017341344592297018,0.5076455556081833,0.000496048413689221,-0.03246840799060181,0.0005976542662035148,30.666089384226037,0.0010369075974127773,31115,0.18219649633363272
LAS_1Torr_OES_Very_Fine_HysterisisTest,0,65.0,1.0,1.5,3,1.2143918974386074,0.0012617760982455528,0.3216160580475783,0.00032097865097021217,0.2487978674722675,0.00021322135114373503,0.5157047562938707,0.0005358269736611527,-0.013545927588741827,0.0010169620185649444,49.32944774993304,0.0010460774115889006,29751,0.1528112753053472
LAS_1Torr_OES_Very_Fine_HysterisisTest,0,65.0,1.0,1.5,6,1.2563722377753208,0.001315419703451475,0.33640376859427934,0.0003393315940585422,0.25154188496883456,0.00021980368188314277,0.5335321654096113,0.0005586073153348695,-0.013676716490627136,0.0010650747110473118,51.33326417181951,0.001041935926337554,29614,0.15287449943632322
LAS_1Torr_OES_Very_Fine_HysterisisTest,0,65.0,1.0,1.5,9,1.1817169590755254,0.001041870201152373,0.31552230948201226,0.0002676392862180195,0.25083283904184583,0.000183927220036921,0.5018289875564543,0.00044244153745458703,-0.013378514967875203,0.0010426263693893369,36.016700273446084,0.0010438881671238675,29496,0.15288985946148834
LAS_1Torr_OES_Very_Fine_HysterisisTest,0,65.0,1.0,1.37,2,1.2408854490925492,0.0011572355371455053,0.32934386359942613,0.0002969217741115245,0.24933639378440178,0.0001927570620274325,0.5269555317872454,0.0004914326848828467,-0.01829316737545466,0.0010960459364499017,39.53432484078712,0.0010417096907060816,29657,0.1540953490453142
LAS_1Torr_OES_Very_Fine_HysterisisTest,0,65.0,1.0,1.37,4,1.21494483301382,0.0012444401101287994,0.3243294396096243,0.0003193237689445793,0.2507827169347553,0.00021420724371105265,0.5159395664129621,0.0005284650573426063,-0.017928199406672948,0.0010164432898175,49.17839972566182,0.0010387317769735352,30012,0.15405887551954783
LAS_1Torr_OES_Very_Fine_HysterisisTest,0,65.0,1.0,1.37,6,1.229675839422382,0.0012051655116040022,0.3284085790435489,0.0003098225420109241,0.25089479024261574,0.00020490900354551262,0.5221952488544492,0.0005117866709802713,-0.017894397179854134,0.001013605359571711,45.704265841538145,0.00103063329232044,29894,0.15410181835058928
LAS_1Torr_OES_Very_Fine_HysterisisTest,0,65.0,1.0,1.3,2,1.3604124751740483,0.0012753590034586424,0.36440467630746376,0.0003289543040845968,0.2516408396004406,0.0001961198680887375,0.5777139862745514,0.0005415951024155141,-0.017856693581970146,0.000980989878023645,43.405810291901474,0.001018292752891512,30090,0.1553810312292856
LAS_1Torr_OES_Very_Fine_HysterisisTest,0,65.0,1.0,1.3,4,1.1887590035921074,0.0011535734716975005,0.3167479436167505,0.00029592165285660215,0.2503155183564293,0.000201495779924124,0.5048194685197201,0.0004898775488733106,-0.017737821415994528,0.0009363385531675771,45.77725916252151,0.0010212450587661717,30215,0.15533846315243655
LAS_1Torr_OES_Very_Fine_HysterisisTest,0,65.0,1.0,1.3,6,1.2880142164742618,0.0012449671492302458,0.34277569498473826,0.00031873153678658035,0.2500098694425234,0.00020110444694076352,0.5469692765662412,0.0005286888702418376,-0.018247123163405387,0.0010413000532738623,45.764234150269886,0.0010139403777364797,30068,0.15536370046587336
LAS_1Torr_OES_Very_Fine_HysterisisTest,0,65.0,1.0,1.24,2,1.2134214368522396,0.0013980790844200092,0.3262107054223931,0.0003633498398627079,0.2525540493002054,0.0002388706496932831,0.5152926396277094,0.0005937095224623137,-0.015793959743183685,0.0009607913410570485,65.46983634095513,0.001011905407613707,30353,0.15625541717416155
LAS_1Torr_OES_Very_Fine_HysterisisTest,0,65.0,1.0,1.24,4,1.2319345499601169,0.0011546193882140063,0.3368810159825325,0.0003034768273851217,0.2568956158510612,0.0002006393782183439,0.5231544349045685,0.0004903217087226855,-0.014953361943403414,0.0008240598523544925,44.566715995274826,0.0010212278198281006,30321,0.15629050601061784
LAS_1Torr_OES_Very_Fine_HysterisisTest,0,65.0,1.0,1.24,6,1.2768072001705126,0.0013070424317243655,0.34690573337081754,0.0003413244357513462,0.25524306103510813,0.0002162106163537032,0.5422100949347625,0.0005550498155824842,-0.01493715725786945,0.0008343315830431746,53.51008542503226,0.0010129101335400615,30494,0.15634667845533673
LAS_1Torr_OES_Very_Fine_HysterisisTest,0,65.0,1.0,1.17,2,1.2291436409909131,0.0012147331988449763,0.34095820469786287,0.00032564452715794055,0.26059513086155806,0.0002134835897610962,0.5219692449894865,0.0005158496936563197,-0.016887092659485098,0.0008818151025157518,52.6627022663508,0.0010008117392960674,29357,0.15759091688458576
LAS_1Torr_OES_Very_Fine_HysterisisTest,0,65.0,1.0,1.17,4,1.206460421945723,0.0013143952225076977,0.33273955304224023,0.00034836249249538633,0.2590950639902577,0.00023344049351172762,0.5123365687715923,0.0005581722583351046,-0.017702490344495253,0.0009546870288223136,63.8635858867801,0.0009976085401320826,30645,0.15766359641382702
LAS_1Torr_OES_Very_Fine_HysterisisTest,0,65.0,1.0,1.17,6,1.2238215949313542,0.0012255479816672796,0.3385405471338012,0.00032627000461387393,0.2598725268830613,0.0002152980970135885,0.5197091801192263,0.0005204423090645011,-0.01637771810159559,0.0007697126700307806,54.74255323168209,0.000994521699440523,29723,0.15761517124697855
LAS_1Torr_OES_Very_Fine_HysterisisTest,0,65.0,1.0,1.11,2,1.2368079024069374,0.0010042692079447572,0.3465870598157712,0.00028531415045944937,0.26325575998681877,0.00017123612598041928,0.5252239571413543,0.0004264738658327321,-0.020241029560082356,0.001714633654555193,32.93932100654786,0.0009926945517522694,27359,0.15940215334392518
LAS_1Torr_OES_Very_Fine_HysterisisTest,0,65.0,1.0,1.11,4,1.307772229281506,0.0012788384036503736,0.37270092604012767,0.00035082226570853936,0.2677294531023492,0.0002171438906168231,0.5553597320700223,0.0005430726676328958,-0.016833285451977008,0.0008692446586733541,54.242151181795165,0.001003105726792935,30071,0.1593701236653186
LAS_1Torr_OES_Very_Fine_HysterisisTest,0,65.0,1.0,1.11,6,1.2688207341521385,0.0012489459377588528,0.36239601070308214,0.00034343642077964585,0.26831869384134105,0.00021933922036959536,0.5388185550864302,0.0005303785061598785,-0.016584247089422636,0.0008735421731803718,57.34563229176437,0.0009815652089241015,29919,0.15938608232440665
LAS_1Torr_OES_Very_Fine_HysterisisTest,0,65.0,1.0,1.04,2,1.2411543398260187,0.0010751766458743303,0.3581922782164153,0.0003133781624973085,0.2711179168466889,0.0001915715602528176,0.527069719168161,0.0004565854822508101,-0.02201149706232352,0.0018094949654659592,38.66631040132562,0.001007359837424898,28072,0.16645715791701493
LAS_1Torr_OES_Very_Fine_HysterisisTest,0,65.0,1.0,1.04,4,1.1633016662641325,0.0010950400963261103,0.33812842151981715,0.0003078010901081621,0.27305939067696805,0.00021149134678877368,0.49400873273475265,0.0004650207129996289,-0.018910567144563153,0.0009508871464816791,50.91535424281324,0.0010095809115428969,30839,0.1665441152832251
LAS_1Torr_OES_Very_Fine_HysterisisTest,0,65.0,1.0,1.04,6,1.2583086494097075,0.001191125007406425,0.3685514018943773,0.0003362552143300799,0.27515580236932946,0.00021605577848085526,0.5343544837173193,0.0005058242178292525,-0.017765378816118983,0.0008430227850509267,52.47880632164105,0.0010118223924582776,30927,0.16657396616944212
LAS_1Torr_OES_Very_Fine_HysterisisTest,0,65.0,1.0,0.98,1,1.2645073020849869,0.0009888225135387624,0.35901456232238405,0.00028302945594459595,0.26672179977575095,0.00016872821310221742,0.5369868091420835,0.00041991425868203284,-0.02551058637600119,0.0017556421098337358,27.633645704381227,0.0010637130416251848,28714,0.1681915025
LAS_1Torr_OES_Very_Fine_HysterisisTest,0,65.0,1.0,0.98,2,1.2604589549471277,0.0014181850317619483,0.3641867929413548,0.000395071586842853,0.27143339206434625,0.0002548779152428448,0.5352676344024248,0.0006022477321587897,-0.02290588502947985,0.001146239548623657,54.46967806332054,0.0011630265232666823,31154,0.16793961416666667
LAS_1Torr_OES_Very_Fine_HysterisisTest,0,65.0,1.0,0.98,3,1.290510729668427,0.0013579065745262836,0.3751487106675404,0.0003809716508480825,0.2730924088850831,0.0002416395299508696,0.5480294481064968,0.0005766498282498002,-0.019272708510705776,0.0008944217950047447,44.64239197181569,0.001209484780852038,29779,0.16814993166666667
LAS_1Torr_OES_Very_Fine_HysterisisTest,0,65.0,1.0,0.91,2,1.1820767272508677,0.0012975668019216816,0.32454913820736647,0.0003580333081445178,0.25793043054906456,0.00023197978323982315,0.5019817670336383,0.000551025886101045,-0.02694256250405104,0.0018641874754415867,56.15307876922824,0.0010118643985506368,28943,0.17082396347802614
LAS_1Torr_OES_Very_Fine_HysterisisTest,0,65.0,1.0,0.91,4,1.233546966625566,0.0012094141236703572,0.3403871928766316,0.00033597630896231356,0.25923003082322094,0.000207555886714867,0.5238391652171254,0.0005135908904047323,-0.026266400233226846,0.0017900163915148504,44.52965801651274,0.001019829521827386,28688,0.17091598833557828
LAS_1Torr_OES_Very_Fine_HysterisisTest,0,65.0,1.0,0.91,6,1.211947034083576,0.001174516142473668,0.3367646452774193,0.000326781324944599,0.26104215202844855,0.00020704261239753668,0.514666518420794,0.0004987710822965376,-0.02562128656381641,0.0017160393621356196,44.36767427322223,0.0010222386591856281,29217,0.17096982303593
LAS_1Torr_OES_Very_Fine_HysterisisTest,0,65.0,1.0,0.85,2,1.1914622604190817,0.0010170394279839364,0.3212858032543954,0.0002795607337689367,0.25332557372650366,0.00017334344117554934,0.5059674359971835,0.000431896878969607,-0.02182286011569184,0.0016521231191257263,31.19124614926221,0.0010302025621920694,27791,0.17310656645231298
LAS_1Torr_OES_Very_Fine_HysterisisTest,0,65.0,1.0,0.85,4,1.2681338077138924,0.001296823169260355,0.348065935491604,0.00034641213279760087,0.2578482753612174,0.00021654944880818266,0.5385268442868318,0.0005507100943857096,-0.021677402471191206,0.0010214190159758196,51.480984342347554,0.0010278104565252394,31036,0.17311702688508293
LAS_1Torr_OES_Very_Fine_HysterisisTest,0,65.0,1.0,0.85,6,1.1441587383523073,0.0009873909475615157,0.310843451306131,0.0002734731342418628,0.25522501048864227,0.00017711009995515674,0.48587947973632506,0.00041930632858551973,-0.0217265594416753,0.0016662409003105523,32.925740523645466,0.0010187697213175767,27498,0.17317469791365983
LAS_1Torr_OES_Very_Fine_HysterisisTest,0,65.0,1.0,0.78,2,1.1595806707789131,0.0010211196445945462,0.31173803963238755,0.0002781873852093913,0.25255537885319834,0.00017966807911559454,0.49242857144256763,0.00043362958742825105,-0.023138438730742478,0.0013915748438376818,33.67459300722631,0.001025099479990506,28693,0.17487118330198387
LAS_1Torr_OES_Very_Fine_HysterisisTest,0,65.0,1.0,0.78,4,1.188678678396053,0.0013654320275661394,0.3221644036616784,0.00036993169286607543,0.2546131735770757,0.0002397780043975322,0.5047853575496595,0.0005798455939116968,-0.022589547583071478,0.0013345964857864605,59.53105971636972,0.0010254437353403854,29328,0.1749256409767698
LAS_1Torr_OES_Very_Fine_HysterisisTest,0,65.0,1.0,0.78,6,1.153791993445623,0.0010027903045507975,0.3131022611495788,0.0002747739119190245,0.2549332443282641,0.00017914755453459465,0.4899703465155694,0.00042584583338622716,-0.020979936604663088,0.0013528197258236214,34.187762161831806,0.0010174414272518485,28097,0.17491342627515807
LAS_1Torr_OES_Very_Fine_HysterisisTest,0,65.0,1.0,0.72,2,1.1952677614250222,0.001123975882801458,0.32058268296899367,0.0003028755764684406,0.25196640703131384,0.00019323090166279092,0.5075834834798651,0.0004773086101306249,-0.02115682789690503,0.0011983447476671112,39.21006666478761,0.0010206007724510443,28924,0.17639050481415738
LAS_1Torr_OES_Very_Fine_HysterisisTest,0,65.0,1.0,0.72,4,1.2122704866638703,0.0011305776292706942,0.3257027042866264,0.0003061994614897298,0.252400157841164,0.00019128553279160334,0.5148038760846957,0.00048011211372877324,-0.020695458740225523,0.0011364362812534487,37.62615846858805,0.0010331665214133748,28887,0.176394897900866
LAS_1Torr_OES_Very_Fine_HysterisisTest,0,65.0,1.0,0.72,6,1.2148089592714708,0.0010822170059817345,0.32530456176158945,0.0002921761708597321,0.2515648488739848,0.00018039668716220736,0.5158818661472302,0.00045957524791135837,-0.020189952033635904,0.001047261929157792,34.515109183857135,0.0010276486811769067,29273,0.1763674072804045
LAS_1Torr_OES_Very_Fine_HysterisisTest,0,65.0,1.0,0.65,2,1.229093922600981,0.0013969440358419978,0.3274374769211263,0.00037257741231207995,0.2502713312682499,0.0002330912644416647,0.5219481315332641,0.0005932275117114683,-0.021868359342510545,0.001200938687537532,56.78311053994046,0.0010127750829872163,29506,0.17718573565264809
LAS_1Torr_OES_Very_Fine_HysterisisTest,0,65.0,1.0,0.65,4,1.1704384249110102,0.0010706951765226723,0.31203772905982924,0.00028899697946611864,0.2504530514382872,0.0001856477194684624,0.4970394350858463,0.00045468237744196726,-0.021647319902702092,0.0011690252196170264,36.94098872232238,0.0010106044408151565,29185,0.1771503267384168
LAS_1Torr_OES_Very_Fine_HysterisisTest,0,65.0,1.0,0.65,6,1.299494760876331,0.0012629536088985785,0.3477575693562576,0.00034213574183352996,0.2514026485054361,0.0001985112516593233,0.5518446148861671,0.0005363270163949957,-0.02182841924453019,0.0012229443695182323,41.464690700854966,0.0010128784352908965,29104,0.17719792000855525
LAS_1Torr_OES_Very_Fine_HysterisisTest,0,65.0,1.0,0.59,2,1.26574742791599,0.0012853305408552528,0.3387321019171164,0.00034572719295987095,0.25140684232490457,0.00020894029967394014,0.5375134420937691,0.0005458296244621783,-0.024761169402957438,0.0013195180522548667,44.68666039658363,0.001019353437342974,29472,0.1782500718275604
LAS_1Torr_OES_Very_Fine_HysterisisTest,0,65.0,1.0,0.59,4,1.2956512014641406,0.0011412602685363915,0.3424372389369015,0.0003060600327560529,0.2482908266582645,0.00017561735185040784,0.5502124054864294,0.00048464861293525806,-0.02471697342467304,0.0013019544961541106,32.357352621348525,0.001024536830423039,29416,0.17831093304015264
LAS_1Torr_OES_Very_Fine_HysterisisTest,0,65.0,1.0,0.59,6,1.2234159576887444,0.001037639470027505,0.32456142572918145,0.00027774603902509847,0.24922439554730225,0.00017023475509047624,0.5195369218426477,0.0004406449113668332,-0.024326283726653727,0.001248783397577183,31.22905946860859,0.0010140444633403658,29725,0.1783150665824781
LAS_1Torr_OES_Very_Fine_HysterisisTest,0,65.0,1.0,0.52,2,1.1918902300992031,0.0010755279864751205,0.31510840316345784,0.0002886847878399824,0.24836564080119422,0.0001806439281708998,0.5061491779867783,0.00045673468286659875,-0.02289891997775881,0.0011525066897581896,34.68070770936848,0.0010195527186237859,29283,0.1786281009509895
LAS_1Torr_OES_Very_Fine_HysterisisTest,0,65.0,1.0,0.52,4,1.4812806053186613,0.0017201596881830231,0.39431768225707853,0.00047160963018630635,0.25007870151857775,0.00023619143024216719,0.629041955220486,0.0007304845615752414,-0.023759770940084166,0.0012899253661843829,57.15466820395808,0.0010090167031513006,28696,0.17864135389948702
LAS_1Torr_OES_Very_Fine_HysterisisTest,0,65.0,1.0,0.52,6,1.4376505904374748,0.0018981099602554043,0.38475372310154377,0.000520358092946317,0.2514185247822172,0.0002712573047024495,0.6105139938277448,0.0008060530842943701,-0.02402248838012243,0.0013594879236098615,73.2486169334984,0.0010169084012025742,28677,0.1786763702976381
LAS_1Torr_OES_Very_Fine_HysterisisTest,0,65.0,1.0,0.46,2,1.2091454643383395,0.0012575236117082435,0.3209836000952934,0.0003353634683564531,0.2493860074525843,0.0002122953442613729,0.5134768012909656,0.0005340211089003686,-0.025833480729298745,0.001518167919565174,45.999555069785835,0.0010231466715420125,28084,0.1789779708460264
LAS_1Torr_OES_Very_Fine_HysterisisTest,0,65.0,1.0,0.46,4,1.2082090988525536,0.0011537484014921917,0.3201088817834658,0.00030896018729125623,0.24889914922495285,0.0001929208852253777,0.513079163480908,0.0004899518347173862,-0.025752145684952616,0.0014874992501445197,38.05983521009969,0.0010282615105325736,27679,0.17893393714281128
LAS_1Torr_OES_Very_Fine_HysterisisTest,0,65.0,1.0,0.46,6,1.2763789430482564,0.0011214101827000283,0.3373891994267718,0.000299742898850223,0.24832436565835547,0.0001766490433727422,0.5420282308797321,0.00047621905761605223,-0.026402961752111428,0.001327902931223689,32.99032698591104,0.001017244965960441,28922,0.1789493526121599
LAS_1Torr_OES_Very_Fine_HysterisisTest,0,65.0,1.0,0.33,2,1.234471840597623,0.0013206592316033349,0.32909786995956364,0.0003517266610420317,0.25044460085131853,0.00021839978463863624,0.5242319230306188,0.0005608323380761681,-0.028762432278406243,0.0011697989574345504,49.68944868160873,0.0010229166542169207,30027,0.1781323362795152
LAS_1Torr_OES_Very_Fine_HysterisisTest,0,65.0,1.0,0.33,4,1.1963792035193352,0.0010106754506215984,0.31833920890502365,0.0002717834096064352,0.24997067755558158,0.00016973526147265395,0.5080554694800941,0.0004291943466144204,-0.028176709996533572,0.0010687041427405318,30.005260636316738,0.0010311442631600574,29768,0.1781229210679342
LAS_1Torr_OES_Very_Fine_HysterisisTest,0,65.0,1.0,0.33,6,1.2572436255658606,0.0012339052416836724,0.3357856669617045,0.0003293826926745767,0.2509056850893744,0.00020130983845430045,0.5339022097331164,0.0005239913106258,-0.028567144566141463,0.0011299217752578216,41.74387202353314,0.001022690479411588,29998,0.17815472617904393
LAS_1Torr_OES_Very_Fine_HysterisisTest,0,65.0,1.0,0.39,2,1.2021097085331836,0.001068217359016984,0.32166084480835244,0.00028967331550548556,0.251374884144069,0.00018041657451301157,0.5104889908975546,0.00045363014522960905,-0.027348547114348008,0.0014393169000862312,33.372852004640954,0.0010251568468673386,27823,0.17873847647260313
LAS_1Torr_OES_Very_Fine_HysterisisTest,0,65.0,1.0,0.39,4,1.187121416869677,0.0012097825046560396,0.31756464686713903,0.0003262324692083095,0.25130712278003825,0.0002094532031605564,0.5041240494681091,0.0005137473274057082,-0.02790531896327222,0.0015437506587778784,44.21303817035424,0.0010190108258474908,27413,0.17879379191285874
LAS_1Torr_OES_Very_Fine_HysterisisTest,0,65.0,1.0,0.39,6,1.2270370366140317,0.0011499119532820067,0.3300462630604869,0.0003132040299798535,0.2526881862263321,0.00019274778191661262,0.5210746524785527,0.0004883226451670932,-0.02748289415899142,0.0015031977390929372,37.988837190091225,0.0010155014389237084,27421,0.17875563465367203
LAS_1Torr_OES_Very_Fine_HysterisisTest,0,65.0,1.0,0.26,2,1.3042514294766263,0.0010870225694050804,0.346745497622126,0.0002910416125755573,0.24975678716963542,0.00016742263712014375,0.5538645860556553,0.0004616159828004155,-0.029619340617955462,0.0009348090890425082,29.471764672166508,0.001027056524043804,30252,0.17721013196537758
LAS_1Torr_OES_Very_Fine_HysterisisTest,0,65.0,1.0,0.26,4,1.2271148914674692,0.0011270095608788974,0.3277483374983066,0.000300501088282758,0.2509129409305245,0.00018814185523387362,0.521107714390694,0.00047859689459373744,-0.029994684806771543,0.0009996253359099317,36.52481188628002,0.0010248900418365645,30157,0.17727463068667695
LAS_1Torr_OES_Very_Fine_HysterisisTest,0,65.0,1.0,0.26,6,1.1837651111582634,0.0010965313400771819,0.3150005321957995,0.0002911649311516437,0.24998476468479086,0.00018928199254850166,0.5026987576635417,0.00046565398591329307,-0.0297793963481872,0.0009843528422094794,36.68717583871619,0.0010288932295145943,30224,0.17725000534462115
LAS_1Torr_OES_Very_Fine_HysterisisTest,0,65.0,1.0,0.2,2,1.1708468844285849,0.0010510392112494202,0.30595979669009443,0.0002743816859888693,0.24548900681775915,0.0001801643085267144,0.4972128918722519,0.0004463352575358286,-0.031784057076534825,0.0010377043660061895,33.31312545858635,0.0010259623011352815,30586,0.1772975274221444
LAS_1Torr_OES_Very_Fine_HysterisisTest,0,65.0,1.0,0.2,4,1.273832410095257,0.0011628139209166064,0.331966020360269,0.00030395642833032127,0.24482125930889387,0.00018206446771429238,0.540946817903665,0.0004938016063564312,-0.0317439566480468,0.0010502772399645249,34.37154907310129,0.0010200333583474867,30317,0.17724657440724798
LAS_1Torr_OES_Very_Fine_HysterisisTest,0,65.0,1.0,0.2,6,1.1238882813922275,0.0011452499088836633,0.2935100472424267,0.0002986117724095719,0.2453395810043174,0.00020530846905629727,0.4772714092373272,0.0004863428571963813,-0.032030673050985996,0.0010692055966183408,43.10248160866376,0.0010230452466733545,30497,0.17721931541021443
LAS_1Torr_OES_Very_Fine_HysterisisTest,0,65.0,1.0,0.13,2,1.1989343246757134,0.0010049259169155956,0.3029230777862287,0.0002567644539969602,0.23735848244047034,0.00016112708385423972,0.5091405295303386,0.00042675274445542094,-0.03018294869397423,0.000926994695851993,26.917843177324094,0.0010233532601190652,29331,0.17770821793080935
LAS_1Torr_OES_Very_Fine_HysterisisTest,0,65.0,1.0,0.13,4,1.1777980646158326,0.0011458348238313455,0.29966335145884887,0.00029222128484662416,0.23901798778412933,0.0001910902180739844,0.5001647863076317,0.00048659124770457173,-0.031078608471381313,0.0009858743515658277,38.14966508967062,0.0010068808982006713,30491,0.17761671918486405
LAS_1Torr_OES_Very_Fine_HysterisisTest,0,65.0,1.0,0.13,6,1.1805096973659146,0.0009508734626903794,0.29479938700198594,0.00024016913272135226,0.2345982709887288,0.00015078667777974395,0.5013163107121416,0.00040379878058914776,-0.03104830277443734,0.0010156271967845327,24.427862668703064,0.0010171735745430736,30392,0.17763484967084134
LAS_1Torr_OES_Very_Fine_HysterisisTest,0,65.0,1.0,0.07,3,1.174592711979497,0.000946012262244261,0.2860077606160675,0.0002317944678556497,0.22874852668490747,0.0001490096547119291,0.4988035983718065,0.0004017344188319187,-0.03168209167781033,0.0007429385569185946,23.27787690651889,0.0010263482587722589,29752,0.17770071795881834
LAS_1Torr_OES_Very_Fine_HysterisisTest,0,65.0,1.0,0.07,6,1.1512395359302607,0.0009265644725804227,0.28041125597878125,0.00022859369466116092,0.22882187330423256,0.00014880384482007114,0.48888641760951634,0.0003934757029674617,-0.031869797450576214,0.0008052125982252578,22.87536344324903,0.001028773631528365,29320,0.1777665180102686
LAS_1Torr_OES_Very_Fine_HysterisisTest,0,65.0,1.0,0.07,9,1.309940638269824,0.0011065828097694482,0.3205774982918356,0.0002730021839731356,0.22990541999323041,0.00015753782920526193,0.5562805705828818,0.0004699224520805811,-0.03175928574671256,0.0007940914198114029,25.22351425458564,0.0010323810382514174,29494,0.17764768081950605
LAS_1Torr_OES_Very_Fine_HysterisisTest,0,65.0,1.0,0.0,3,1.1667467787717767,0.0010785050792851347,0.27768617901614745,0.0002572685961048376,0.22358643117236449,0.00016906235380852774,0.4954717373133462,0.0004579989377791116,-0.03414552753298616,0.0009736995631668885,29.730472699435893,0.0010170667692838155,30874,0.17778597315750094
LAS_1Torr_OES_Very_Fine_HysterisisTest,0,65.0,1.0,0.0,6,1.0859496253198972,0.0008772494445197592,0.25714975834587556,0.00020981962286370693,0.22245605465130044,0.00014473935823849102,0.46116034539939743,0.0003725335387605933,-0.033924493556439304,0.0009499329640498376,22.376750855846005,0.0010157384661369832,30725,0.17786708770910162
LAS_1Torr_OES_Very_Fine_HysterisisTest,0,65.0,1.0,0.0,9,1.1745935557723841,0.0011348901512246348,0.281977500204103,0.00027371190580251367,0.22552496916440257,0.00017875021039377262,0.49880395669765354,0.00048194347318362453,-0.03398938595793492,0.0010101589683847423,32.592189806511335,0.0010181989952588555,30593,0.17777833393458392
LAS_1Torr_OES_Very_Fine_HysterisisTest,0,60.0,1.0,1.5,2,1.2998386106205857,0.0011848940463269214,0.34517313715793146,0.0003021308117186716,0.24946828783386593,0.00018913839143148753,0.5519906344280766,0.0005031781722884682,-0.01083328813363131,0.000954255626833781,37.79104658083675,0.001049644620655796,27307,0.1532000776241987
LAS_1Torr_OES_Very_Fine_HysterisisTest,0,60.0,1.0,1.5,4,1.2435873511495423,0.0010794188304509614,0.33189137183722095,0.0002774811790491906,0.2507191206909919,0.00018088046940079505,0.5281029239468691,0.0004583869721716993,-0.010782051862738236,0.0010050219073609403,34.8600312144392,0.0010405163293386046,26955,0.15325171858306624
LAS_1Torr_OES_Very_Fine_HysterisisTest,0,60.0,1.0,1.5,6,1.2856836179228996,0.0011313924697039692,0.3427971890353866,0.00029074976066068876,0.25047877558987885,0.00018249575091304251,0.5459795624875454,0.00048045814460064164,-0.010223935364445599,0.0008889999201544799,34.90667740568548,0.0010574931027418572,27626,0.15316513171073717
LAS_1Torr_OES_Very_Fine_HysterisisTest,0,60.0,1.0,1.43,2,1.2673395080970657,0.0011353498717967352,0.3363948081928415,0.0002908895024430604,0.24935845616608845,0.00018486443928408737,0.5381895362965662,0.0004821386985355874,-0.011739699464412699,0.0010103550619488613,37.44078308899474,0.0010327984115486811,27463,0.15380616210822318
LAS_1Torr_OES_Very_Fine_HysterisisTest,0,60.0,1.0,1.43,4,1.2671774215568419,0.001145281864758115,0.33630498550653887,0.0002944942901477704,0.2493237608426063,0.0001850458956052263,0.5381207044804935,0.000486356427606791,-0.011369991937039628,0.0009638589498019043,37.49727744489499,0.0010383436711035306,26985,0.15373683047442127
LAS_1Torr_OES_Very_Fine_HysterisisTest,0,60.0,1.0,1.43,6,1.274229912740447,0.0011297176336331862,0.34035007070323287,0.0002910979279121637,0.250926101349347,0.00018475029939399757,0.541115621734781,0.00047974690720722923,-0.01151456432253074,0.0009839110129288633,36.79465063148442,0.0010386346504233557,26931,0.15381299273678173
LAS_1Torr_OES_Very_Fine_HysterisisTest,0,60.0,1.0,1.37,3,1.2641723999947239,0.0011568779951912323,0.3405997529710379,0.00030014848857188914,0.2531079661747249,0.00019226479574387182,0.5368445893189723,0.0004912808507947058,-0.016713586820499553,0.000891251728638102,39.09368649653088,0.0010489151319858295,29917,0.1535082431233659
LAS_1Torr_OES_Very_Fine_HysterisisTest,0,60.0,1.0,1.37,6,1.2126620893146316,0.0011303931666988645,0.3261683223993766,0.0002939681035158167,0.25267936046889977,0.00019480871350490054,0.5149701744188667,0.0004800337796869772,-0.01636213159844984,0.0008332267194360938,41.30675243084123,0.0010395611395289048,29950,0.15349624986660265
LAS_1Torr_OES_Very_Fine_HysterisisTest,0,60.0,1.0,1.37,9,1.2867135825745815,0.0011995771364641606,0.34543573596914395,0.0003103746559502707,0.25220469586956745,0.00019440857898744544,0.5464169482036451,0.0005094135065630438,-0.016225766839572282,0.0008143582920006156,41.12850428008195,0.0010407663084844618,30154,0.15347541607969947
LAS_1Torr_OES_Very_Fine_HysterisisTest,0,60.0,1.0,1.3,2,1.2828426585011197,0.001240584126049368,0.34201749183032937,0.00031879299377086446,0.2504625019004109,0.00020096007584913096,0.5447731181022197,0.0005268275716724941,-0.01781944848362588,0.0010523868003993533,44.15512679532714,0.001030688596910479,29818,0.15375629203046254
LAS_1Torr_OES_Very_Fine_HysterisisTest,0,60.0,1.0,1.3,4,1.285897900630939,0.0012203114744746587,0.343231632867287,0.0003138654564708348,0.25075442691544264,0.00019742870088024925,0.5460705599752267,0.0005182185692064721,-0.017476887827404967,0.0009614131623553812,41.892827862408495,0.0010386049798300758,29968,0.15376842552616657
LAS_1Torr_OES_Very_Fine_HysterisisTest,0,60.0,1.0,1.3,6,1.238697630828691,0.0013360194793487152,0.3287033703540641,0.0003431877464499553,0.24929102313551724,0.00022252577357898071,0.5260264509139639,0.0005673552347101563,-0.01827019112603568,0.0011167210947540366,52.93829825036896,0.0010428365976565275,29762,0.153783908585583
LAS_1Torr_OES_Very_Fine_HysterisisTest,0,60.0,1.0,1.24,3,1.257707185668197,0.0012985412269119398,0.3354661816610662,0.00033528794479995374,0.25057456965072655,0.00021251797056954844,0.5340990655834454,0.0005514396862945309,-0.016287542787050722,0.0010346927897358946,50.6970215283144,0.0010241235900738544,30435,0.15426760054003905
LAS_1Torr_OES_Very_Fine_HysterisisTest,0,60.0,1.0,1.24,6,1.1806201781739238,0.0012381659444931524,0.31586113256351567,0.00031907608582306703,0.25133546614578167,0.00021935054897178843,0.5013632275915194,0.0005258006645161199,-0.01663606941736396,0.0010960188005041769,52.64398001779617,0.0010277259862059341,30321,0.1542667349424566
LAS_1Torr_OES_Very_Fine_HysterisisTest,0,60.0,1.0,1.24,9,1.2577343537013486,0.0013167303845655978,0.3360574326425198,0.0003395627447557596,0.2510107790881292,0.0002171328432043977,0.5341106027848588,0.0005591639103565946,-0.01613117170823136,0.0009779053569142849,51.28363157060219,0.001039012577011817,30547,0.15430496368679883
LAS_1Torr_OES_Very_Fine_HysterisisTest,0,60.0,1.0,1.17,2,1.4769630178716633,0.0015540769185934617,0.4092998766512313,0.0004233390059812657,0.2603393298550058,0.00022912439832508034,0.6272084446487933,0.000659955703142928,-0.01714348789748128,0.0010097546552529934,57.50229394049166,0.001012508690070131,29701,0.15537228263770994
LAS_1Torr_OES_Very_Fine_HysterisisTest,0,60.0,1.0,1.17,4,1.1346505428122349,0.0010546438033658117,0.3122069666136754,0.0002821762566003622,0.25849268302439804,0.0001982907188229534,0.48184172085953264,0.0004478659868686274,-0.016690050849190726,0.0009864980331360275,42.84570152603408,0.001025254247451444,29669,0.15526349805673895
LAS_1Torr_OES_Very_Fine_HysterisisTest,0,60.0,1.0,1.17,6,1.238587869861029,0.0012520596879338607,0.3418827093584212,0.0003320941852453662,0.2593093069369196,0.00021801697073133672,0.525979839722636,0.000531700794112021,-0.015803605428478504,0.0007642838501875242,53.513011029990324,0.0010147604575923015,30567,0.1552749452456837
LAS_1Torr_OES_Very_Fine_HysterisisTest,0,60.0,1.0,1.11,2,1.2742061902642297,0.00129045974446656,0.3554156634128427,0.0003470837336457525,0.26203822128234516,0.00022052302599215735,0.5411055477266768,0.0005480077966847779,-0.016132893416568827,0.0008781516929330258,56.22779027202524,0.0009973576787972367,29668,0.1569408056285098
LAS_1Torr_OES_Very_Fine_HysterisisTest,0,60.0,1.0,1.11,4,1.2403367146411064,0.0012872721626556716,0.34634410178322983,0.00034606721598876353,0.2623227681904574,0.00022676169065803157,0.5267225057211558,0.0005466541553236833,-0.01630332489585078,0.0008860457842879754,58.074523210559825,0.0010056623292819772,29780,0.15694915156695383
LAS_1Torr_OES_Very_Fine_HysterisisTest,0,60.0,1.0,1.11,6,1.2379796350740306,0.0013864121005500985,0.3456736516778695,0.00037314621522071,0.2623134544786027,0.0002441150554899696,0.5257215461904903,0.0005887550105901519,-0.016091512288461524,0.0008910554881213022,68.29509634570785,0.0009988751681458347,29746,0.15690018501094385
LAS_1Torr_OES_Very_Fine_HysterisisTest,0,60.0,1.0,1.04,2,1.2028172516098645,0.0015087016505889405,0.33838509635533687,0.00041183369671658114,0.26428917081718545,0.00027447653025835676,0.5107894567773886,0.0006406866009878524,-0.01784302912966196,0.001053777196629137,87.99260142642561,0.000987923957359314,29937,0.1582631589488864
LAS_1Torr_OES_Very_Fine_HysterisisTest,0,60.0,1.0,1.04,4,1.238541396834151,0.0013362638504652872,0.3489888862761991,0.0003622874334352417,0.26470909285532457,0.00023757867212988713,0.5259601044452095,0.000567459009568489,-0.017003306252543173,0.0008985459989303391,65.16646123860473,0.0009957716625863637,29744,0.15833146814746568
LAS_1Torr_OES_Very_Fine_HysterisisTest,0,60.0,1.0,1.04,6,1.2839806733172872,0.0012582253890202977,0.3628994465737307,0.0003436179758037903,0.2655190032183524,0.00021455365569155024,0.5452563884984306,0.0005343191262854062,-0.01645254373621763,0.000814156492028601,53.859910280492045,0.00099502651135296,30140,0.1583010343227581
LAS_1Torr_OES_Very_Fine_HysterisisTest,0,60.0,1.0,0.98,2,1.2874438670846982,0.0012372216562313958,0.36431763519428434,0.00034016242127785117,0.26583960399315393,0.00020881543177511533,0.5467270714810725,0.0005253996622128868,-0.016758481230441765,0.0008158527160903188,52.17645573214394,0.0009897811850891945,29841,0.16059074943802185
LAS_1Torr_OES_Very_Fine_HysterisisTest,0,60.0,1.0,0.98,4,1.21925537810665,0.0010880947526621205,0.34501658864173046,0.00031068161337073695,0.26583556731416197,0.00019317163633303117,0.5177700863721947,0.0004620712971074695,-0.020279769184143943,0.0016861083493358408,41.039077263342456,0.0009885758368699173,27360,0.1605874197534333
LAS_1Torr_OES_Very_Fine_HysterisisTest,0,60.0,1.0,0.98,6,1.177521499346318,0.0009609195673734996,0.3310923663982186,0.0002735859049044887,0.2641484778494826,0.00017388101786075465,0.5000473398513311,0.00040806496844682255,-0.019877646995807345,0.0016678783287453704,34.13903018108396,0.0009817504542345178,27358,0.16062818725884717
LAS_1Torr_OES_Very_Fine_HysterisisTest,0,60.0,1.0,0.91,3,1.1657441648633329,0.0009812162418119867,0.3247320987770542,0.0002776475190830696,0.26169158583547947,0.00017662161039449232,0.4950459663884896,0.00041668417248380037,-0.020686531526377772,0.0015962652315014052,34.87725992408393,0.0009969094304749925,27797,0.1616511102128426
LAS_1Torr_OES_Very_Fine_HysterisisTest,0,60.0,1.0,0.91,6,1.2267579927277859,0.0011565314452506444,0.3462095951507209,0.0003286293333373169,0.26512335917608454,0.000203761212570279,0.5209561534506398,0.000491133684584991,-0.02057029818982539,0.0015711084476160513,45.452725731434384,0.0009918831685620268,27959,0.16166396682096276
LAS_1Torr_OES_Very_Fine_HysterisisTest,0,60.0,1.0,0.91,9,1.2455454920270843,0.001102168485090127,0.3523758069043094,0.00031556750204851463,0.26577509311123576,0.00019042145372539097,0.5289344698145348,0.0004680478609887327,-0.020939596683063832,0.0016424051182472293,40.02275681580707,0.0009909644321081307,27274,0.16168363045798123
LAS_1Torr_OES_Very_Fine_HysterisisTest,0,60.0,1.0,0.85,2,1.192508617607768,0.0009856256404803553,0.3409245024786802,0.00028645707818868637,0.2685743164633024,0.00017800450952410726,0.5064117829828032,0.0004185566716914036,-0.02084921877845923,0.001490874140027515,35.35267063308208,0.0009919021494307547,27295,0.1632906034473512
LAS_1Torr_OES_Very_Fine_HysterisisTest,0,60.0,1.0,0.85,4,1.1406725136859492,0.001113823223482167,0.33058327459521486,0.00032384497320369184,0.2722624137455568,0.00021802234020341883,0.48439901643140526,0.00047299717268523933,-0.020803565108473396,0.0014529558894639549,51.61169768021213,0.0009925373855234163,28024,0.16334757132150252
LAS_1Torr_OES_Very_Fine_HysterisisTest,0,60.0,1.0,0.85,6,1.1780601492252192,0.001414041365794492,0.34056160804633084,0.00041222731315500137,0.2715788922178859,0.00026845142537283636,0.5002760833937677,0.0006004880792391536,-0.021553355086011406,0.0016511193209043146,75.90469925356051,0.0009941972584790535,27439,0.16336099647649388
LAS_1Torr_OES_Very_Fine_HysterisisTest,0,60.0,1.0,0.78,3,1.1293042037238759,0.0009576641706306871,0.32332157884552876,0.0002768245346669739,0.2689623780500735,0.00018471719274628295,0.47957133968979504,0.0004066825287356939,-0.022642570149952673,0.001408069094587662,36.176430682584396,0.001015714663405617,28787,0.17057538584701906
LAS_1Torr_OES_Very_Fine_HysterisisTest,0,60.0,1.0,0.78,6,1.142477454478494,0.0009747103177450855,0.32826923449694617,0.00028374890261806976,0.2699294897485734,0.00018571639496601082,0.4851655042130739,0.00041392136091328156,-0.022095812273726968,0.0013433701752983372,36.90635482593827,0.0010132720957985474,28817,0.17054305512119367
LAS_1Torr_OES_Very_Fine_HysterisisTest,0,60.0,1.0,0.78,9,1.2011205735827384,0.001179926762938571,0.3485460187776916,0.00034523012184012303,0.27260970345834884,0.00021912584998003595,0.5100689439591347,0.0005010687612535009,-0.021810198273974023,0.001421844717091459,44.119794087015,0.0010763898052392259,28659,0.1711597604794821
LAS_1Torr_OES_Very_Fine_HysterisisTest,0,60.0,1.0,0.72,2,1.1785096912456803,0.0011780940961073477,0.33832382168570124,0.00033938985848819606,0.26969146942502603,0.00022072538235553315,0.5004669863128294,0.0005002904993072895,-0.021433957415538107,0.0011798785099379043,50.26380959342753,0.0010200552252349086,29082,0.17215030764214084
LAS_1Torr_OES_Very_Fine_HysterisisTest,0,60.0,1.0,0.72,4,1.290433471877499,0.0011915663222799929,0.36849753538871793,0.0003430549799518834,0.26826669440729495,0.00020088678609712094,0.5479966397434581,0.0005060116270007087,-0.02147594837794278,0.0011335674804255776,41.31797187642853,0.0010314650087403004,29055,0.17197958011926145
LAS_1Torr_OES_Very_Fine_HysterisisTest,0,60.0,1.0,0.72,6,1.1912661106819167,0.0011517784572043879,0.34077897447375394,0.00033124928793520914,0.26873967919260566,0.00021218271796257803,0.505884138873236,0.0004891152764028939,-0.02080781808336078,0.0012612545614731645,44.00960038765803,0.001049372795503817,28273,0.17209613365861612
LAS_1Torr_OES_Very_Fine_HysterisisTest,0,60.0,1.0,0.65,2,1.2806446017776776,0.0010526967321455763,0.3543861714886155,0.0002958046464729403,0.25996562987882654,0.00016993259478534776,0.5438396893554752,0.0004470391418515977,-0.020683959606780333,0.0011144981676840591,31.244750517857696,0.001019303015275793,28619,0.17402451535851776
LAS_1Torr_OES_Very_Fine_HysterisisTest,0,60.0,1.0,0.65,4,1.2956937882870307,0.001345464413691989,0.3627353009758404,0.00037809423894503497,0.26299968952352,0.000222674170976871,0.5502304904449722,0.0005713661290301721,-0.02130950837868429,0.0012023458334789923,52.22405744494176,0.0010118375641175973,28765,0.1739485149915586
LAS_1Torr_OES_Very_Fine_HysterisisTest,0,60.0,1.0,0.65,6,1.202684339017521,0.001016252686942169,0.3338414964112902,0.0002871843974160074,0.26076929476095306,0.0001776612056540365,0.5107330139962836,0.0004315627808106298,-0.019951515002563643,0.0012985539003601831,32.55312824162859,0.0010259496921999844,28158,0.17397725004435768
LAS_1Torr_OES_Very_Fine_HysterisisTest,0,60.0,1.0,0.59,2,1.2013534575470715,0.0013128899458703257,0.32903831739461126,0.00036243512034804743,0.25730217825505713,0.0002289421141477122,0.5101678406730575,0.0005575330262033124,-0.02235374872878072,0.0014576116122163418,53.445434171987536,0.0010262718591470751,28175,0.17539016429310475
LAS_1Torr_OES_Very_Fine_HysterisisTest,0,60.0,1.0,0.59,4,1.1938069731726701,0.0014555542161397352,0.3244985537334559,0.00040068366161904583,0.2553562218280308,0.0002529701930485074,0.5069631438257015,0.0006181169636343081,-0.022483942276746726,0.0015034703045992308,65.05167255381242,0.0010284948032054813,28170,0.17543280030343972
LAS_1Torr_OES_Very_Fine_HysterisisTest,0,60.0,1.0,0.59,6,1.260485264940909,0.0011194127305716424,0.34456539684868404,0.0003083957535027913,0.2568039371446107,0.0001842015868555924,0.5352788072280668,0.0004753708177972173,-0.02131132210391923,0.0012405630046424744,36.359774073481006,0.0010140281218889106,28637,0.17540324625664144
LAS_1Torr_OES_Very_Fine_HysterisisTest,0,60.0,1.0,0.52,2,1.2082813875561744,0.0011094906293547214,0.3285718027323878,0.0003043768738314538,0.25546416869059196,0.00019040410123478122,0.5131098616668579,0.00047115728936311966,-0.023643524191633767,0.0012595938488568134,37.73966590378042,0.0010202033405945147,29183,0.17635726925444228
LAS_1Torr_OES_Very_Fine_HysterisisTest,0,60.0,1.0,0.52,4,1.2685072133134994,0.0013735073146119484,0.34535605707473005,0.0003741699996372445,0.25576547853697035,0.00022590292307513108,0.5386854150448798,0.0005832748525774913,-0.023428716728249015,0.0011920669662916215,54.40753699355044,0.0010094824087932973,29523,0.17637227791827234
LAS_1Torr_OES_Very_Fine_HysterisisTest,0,60.0,1.0,0.52,6,1.2071657147424157,0.0013128295357412716,0.32902531828847303,0.00035952677501267284,0.2560532045114991,0.00022775254571499615,0.5126360790455009,0.0005575073723835305,-0.023631445681106315,0.0012663890103503475,53.52083118541339,0.001017812563440779,29272,0.17642370945851707
LAS_1Torr_OES_Very_Fine_HysterisisTest,0,60.0,1.0,0.46,2,1.1688027219482464,0.0011146731481671587,0.31639165864591884,0.0003041288360904365,0.2543030686189248,0.00019752846625029023,0.4963448159933108,0.00047335810246702255,-0.024041903955870317,0.0015582152680358307,39.24179488984845,0.00103362043343208,28003,0.17650824548474267
LAS_1Torr_OES_Very_Fine_HysterisisTest,0,60.0,1.0,0.46,4,1.18115461583507,0.0011964163081620385,0.3189545870252731,0.00032367900291991854,0.25368213885525165,0.00020954404190815423,0.5015901823697726,0.000508071226371064,-0.025087339496262406,0.001405396411780337,46.78365122033938,0.0010121626164721605,29042,0.1765529366195115
LAS_1Torr_OES_Very_Fine_HysterisisTest,0,60.0,1.0,0.46,6,1.1976069122614583,0.0013757655217262541,0.32337885767736074,0.0003740332506888242,0.2536676691951976,0.00023783175573407233,0.5085768293796388,0.0005842338248433639,-0.02436305648568572,0.0016414602422656665,57.430961821706504,0.0010258608566364772,27447,0.17659795362343225
LAS_1Torr_OES_Very_Fine_HysterisisTest,0,60.0,1.0,0.39,2,1.1661116592537788,0.001041165875393423,0.31651541435765057,0.00028655823986029907,0.2549896291414516,0.00018457543700480948,0.4952020268871342,0.00044214243784379667,-0.027410283385026244,0.0016089937277805953,34.96090164215818,0.001020651920904939,26989,0.1765557452704364
LAS_1Torr_OES_Very_Fine_HysterisisTest,0,60.0,1.0,0.39,4,1.2242263403029543,0.0012028492840922282,0.33387453885707163,0.00033070848335512793,0.25620604449122514,0.00020544241856692829,0.5198810596530591,0.0005108030597201831,-0.02693997441058024,0.0015443892912077835,42.85622157865596,0.0010225483840908885,27277,0.17657221989463723
LAS_1Torr_OES_Very_Fine_HysterisisTest,0,60.0,1.0,0.39,6,1.1250479655596244,0.0009929737188896738,0.30486931886139856,0.0002725673560504027,0.25457190452115874,0.00018160176236591715,0.4777638817597367,0.0004216771132830336,-0.026947520804285294,0.0015127029814399938,34.31140262800667,0.0010184392954067111,27072,0.17656872267036589
LAS_1Torr_OES_Very_Fine_HysterisisTest,0,60.0,1.0,0.33,2,1.239614523805261,0.001248908306312456,0.3414655209621576,0.0003441563788601723,0.25877838120009183,0.00021474839770816565,0.5264158195107298,0.000530362525555978,-0.029870360403627144,0.0013164882563301127,47.09228495917518,0.001016242730083802,29998,0.17612157593805516
LAS_1Torr_OES_Very_Fine_HysterisisTest,0,60.0,1.0,0.33,4,1.2128228972049022,0.0010738019428664038,0.3304954487399755,0.0002944484373389844,0.25599759511668274,0.00018451130822599353,0.5150384632422993,0.0004560016996340333,-0.029908158062979997,0.0013738434713438167,35.03075189627037,0.0010194026617771333,29752,0.176153984627507
LAS_1Torr_OES_Very_Fine_HysterisisTest,0,60.0,1.0,0.33,6,1.1622144606524503,0.0011388892450127704,0.3178610704980038,0.000312606604498658,0.2569323900044808,0.00020708834368500517,0.4935470390210541,0.0004836417319514545,-0.029840059584547284,0.001385009735585391,42.78318705009268,0.001023183302265968,29649,0.17610972148644022
LAS_1Torr_OES_Very_Fine_HysterisisTest,0,60.0,1.0,0.26,2,1.140609611757589,0.0009557743044342728,0.30709398151410616,0.0002596253496139418,0.252931004021704,0.0001707207086349723,0.484372304441887,0.00040587997645557286,-0.029709448847457375,0.001028846236424461,30.915563465354843,0.0010187466575549704,29987,0.17518356528529055
LAS_1Torr_OES_Very_Fine_HysterisisTest,0,60.0,1.0,0.26,4,1.2440987752532904,0.0009985414947360053,0.33308431109127656,0.00027133887653167795,0.25151686105102883,0.0001604386335789022,0.5283201057671221,0.0004240415299857368,-0.029246260926269523,0.0009254077364356072,27.53705082957124,0.001026800680800504,30135,0.17519832859227133
LAS_1Torr_OES_Very_Fine_HysterisisTest,0,60.0,1.0,0.26,6,1.2898874652197567,0.0011416003235448114,0.34989062647842617,0.00031238935109759104,0.2548286628441719,0.00018289858095287605,0.5477647720646966,0.0004847930210012321,-0.029835863764699395,0.0010236240032057314,34.58269343210615,0.0010234177220382586,29880,0.17518100883826257
LAS_1Torr_OES_Very_Fine_HysterisisTest,0,60.0,1.0,0.2,2,1.2175240946364383,0.001065795488042532,0.3286382096774319,0.00028846976802422865,0.25357607848268715,0.00018060117663536634,0.5170348779753301,0.00045260167132156557,-0.02979331544479478,0.0008645450280789472,33.35486077715085,0.0010285322904929727,30418,0.1746215116589296
LAS_1Torr_OES_Very_Fine_HysterisisTest,0,60.0,1.0,0.2,4,1.1605195164947666,0.0009408051041646182,0.31067644680026696,0.0002556798407149548,0.251491708316683,0.00016394794449976115,0.49282726250935827,0.00039952314239462543,-0.029539364867644365,0.0008414200247725976,28.514252536602573,0.00101598201424161,30011,0.17463216927458514
LAS_1Torr_OES_Very_Fine_HysterisisTest,0,60.0,1.0,0.2,6,1.2540100336554272,0.001203557803657588,0.3392520587743419,0.0003266478681298676,0.2541495062517139,0.00019921930015970622,0.5325290296817334,0.0005111039402765784,-0.029690878637335667,0.0008987797927525348,40.8665795533273,0.0010187522445983402,30273,0.17469053321967515
LAS_1Torr_OES_Very_Fine_HysterisisTest,0,60.0,1.0,0.13,2,1.21631826064704,0.000996668049906803,0.3207175561063049,0.0002649411907685505,0.24770986170957568,0.00016458821977898607,0.516522807427968,0.00042324595121819757,-0.03030204593655496,0.000891392599806347,28.00751266761858,0.0010211429143715325,30111,0.17427296786849103
LAS_1Torr_OES_Very_Fine_HysterisisTest,0,60.0,1.0,0.13,4,1.1758224881894646,0.0011116435959988673,0.3120851651331041,0.00029534421654999306,0.24934413246902687,0.00019299338201180533,0.49932583624410704,0.0004720715701162027,-0.030396700077810954,0.0008984583823155244,37.91774092901865,0.0010216179456426346,30259,0.174370074019735
LAS_1Torr_OES_Very_Fine_HysterisisTest,0,60.0,1.0,0.13,6,1.2125671766527846,0.0009681545330646782,0.3204856373547289,0.00025774742396724473,0.2482964744682861,0.0001602145713962854,0.5149298687224517,0.0004111373754897495,-0.02980168340377287,0.0008259321239518041,27.469615125199198,0.0010103274185173834,30284,0.17433137881514388
LAS_1Torr_OES_Very_Fine_HysterisisTest,0,60.0,1.0,0.07,2,1.3448057142540963,0.0009920227597869664,0.342038337762743,0.0002544467009513739,0.23893679349585997,0.00014203917205825032,0.5710864051339523,0.0004212732781344777,-0.03113271607704736,0.0007985344232535558,20.762853106250276,0.001035629763291545,29786,0.17354891604045164
LAS_1Torr_OES_Very_Fine_HysterisisTest,0,60.0,1.0,0.07,4,1.2152320325904677,0.0010188802309411113,0.30903619063375365,0.00026075712402103034,0.2389009754209778,0.0001631416316498538,0.5160615288437024,0.00043267859601038865,-0.03154496216090004,0.0009055647069247271,27.542774695176167,0.0010185279047228676,29613,0.17356369101027583
LAS_1Torr_OES_Very_Fine_HysterisisTest,0,60.0,1.0,0.07,6,1.1764118659530378,0.0010838234636536019,0.30051401830640306,0.0002768886639778383,0.23997893912788404,0.00018124894192306392,0.4995761219357109,0.00046025744767233675,-0.03104934373344082,0.0008394326047595769,32.91254862039803,0.001035072133948708,29937,0.17347702815564314
LAS_1Torr_OES_Very_Fine_HysterisisTest,0,60.0,1.0,0.0,2,1.295855138700973,0.0010689056829293413,0.3230183341750222,0.00026796437553120583,0.23417391015763975,0.00015660646169835438,0.5502990096569955,0.00045392244948182133,-0.031889951297856184,0.0007250676086663068,25.586681438874848,0.0010238397007639574,30730,0.17352644194801586
LAS_1Torr_OES_Very_Fine_HysterisisTest,0,60.0,1.0,0.0,4,1.1862492673284486,0.0011840097516664673,0.2975001953147266,0.0002978910150897598,0.23560206239663656,0.00019318750515049795,0.5037536816588708,0.0005028026469219672,-0.03191735646852059,0.000752623071441957,37.43324738451979,0.0010256215862147035,30577,0.173578938588124
LAS_1Torr_OES_Very_Fine_HysterisisTest,0,60.0,1.0,0.0,6,1.1649296750711566,0.001114148762217269,0.2907576733063848,0.0002781577799383666,0.23447646945323794,0.00018403115660942253,0.49470008442018587,0.0004731354162575195,-0.03183266676655495,0.000758246855629853,34.23011300816501,0.0010233491666013282,30741,0.1735699253918864
LAS_1Torr_OES_Very_Fine_HysterisisTest,0,55.0,1.0,1.5,2,1.2776277351559098,0.0011053701130788963,0.3431449164537747,0.00028497455290159675,0.25231381383061097,0.000181504026503476,0.5425585440602608,0.0004694074672123697,-0.014467634553480026,0.001026793532516367,27.301767341607885,0.0011809326383712536,27897,0.14847665758519632
LAS_1Torr_OES_Very_Fine_HysterisisTest,0,55.0,1.0,1.5,4,1.227661386627076,0.0010852557550976656,0.32931557660826144,0.000278640796364906,0.25200053735684425,0.00018575476168357206,0.521339789517097,0.0004608656858462415,-0.013552415018835542,0.0008798894026135001,26.16322245545187,0.0012350758567352693,27942,0.1485769215884099
LAS_1Torr_OES_Very_Fine_HysterisisTest,0,55.0,1.0,1.5,6,1.1571941208587821,0.0010992662936859883,0.31000776146618697,0.00028239684684339903,0.25167155843432243,0.00019868664918870567,0.49141509700524616,0.00046681541377466095,-0.013328516114001217,0.0009295042782120091,36.09340522478156,0.0011322568741314633,27242,0.14913027270168303
LAS_1Torr_OES_Very_Fine_HysterisisTest,0,55.0,1.0,1.43,2,1.1757697494065666,0.0010689377481601725,0.3156851347697511,0.000275488453529112,0.25223168403823143,0.00019093478995496304,0.49930344014508915,0.0004539360663316095,-0.018750417153885646,0.0009667850807639277,35.90148392052183,0.0010871486631717285,29719,0.15013595719361758
LAS_1Torr_OES_Very_Fine_HysterisisTest,0,55.0,1.0,1.43,4,1.2441443038561324,0.0013352285560597785,0.32947171519482576,0.00034139189154169114,0.24877983250962585,0.00021996980661848555,0.5283394399845873,0.0005670193605143316,-0.019133622440204587,0.0010356771097371328,45.501583929850156,0.0011190250291859547,29635,0.1503567922030035
LAS_1Torr_OES_Very_Fine_HysterisisTest,0,55.0,1.0,1.43,6,1.2086263150513217,0.0011041295153964366,0.3229609096340612,0.00028422167640273507,0.2510300448489765,0.00018937442253780983,0.5132563388874315,0.0004688806338838198,-0.01843600966624825,0.0009307547552513531,32.32832950059028,0.001143239925990223,29865,0.15060193584070797
LAS_1Torr_OES_Very_Fine_HysterisisTest,0,55.0,1.0,1.37,2,1.3243003346624902,0.0013300065217924633,0.351732704019602,0.0003394462731004849,0.24951350206979905,0.00020803750168372015,0.5623785721787862,0.0005648017667417907,-0.01950509140121953,0.0009744094353331104,43.280016284460224,0.001085121284734375,27435,0.15332258051581443
LAS_1Torr_OES_Very_Fine_HysterisisTest,0,55.0,1.0,1.37,4,1.066011600769538,0.0012810725491327075,0.2818500370847102,0.00033103790397783346,0.24838419361394837,0.0002460717120181984,0.45269344594674854,0.0005440214218644764,-0.01940787575440569,0.001289795362318944,64.33389982827157,0.0010415597907359193,26719,0.15525523907476316
LAS_1Torr_OES_Very_Fine_HysterisisTest,0,55.0,1.0,1.37,6,1.2696556423590353,0.0012645780929926714,0.337939970266755,0.0003218869247867604,0.2500468595101677,0.00020776920996344234,0.5391731079571086,0.0005370168712726628,-0.01709710664817026,0.0007494644100739249,46.79960451629817,0.001040061430484914,27280,0.15543426697060586
LAS_1Torr_OES_Very_Fine_HysterisisTest,0,55.0,1.0,1.3,2,1.1954467349980966,0.001126009519584815,0.31906917455181477,0.00028869641125890184,0.2507392996128583,0.00019648112366445281,0.5076594865585089,0.0004781722161576112,-0.0153016328592734,0.0007573223859825527,46.48723003726583,0.0009847688933709979,30166,0.1584750504276752
LAS_1Torr_OES_Very_Fine_HysterisisTest,0,55.0,1.0,1.3,4,1.321528701915113,0.0012508255334802124,0.3511690443315649,0.00032002934339435825,0.24963611527492455,0.00019581493069926835,0.5612015681214163,0.0005311766969708179,-0.014979455033735475,0.000704660130353615,44.084456729217,0.0010086792231278473,30250,0.1583393765697593
LAS_1Torr_OES_Very_Fine_HysterisisTest,0,55.0,1.0,1.3,6,1.2566557150084954,0.0012681080016711146,0.3332232041800892,0.0003234579721796615,0.24910744955503192,0.00020881478512846434,0.5336525471066216,0.0005385158854694766,-0.016057086814953995,0.0008896724194204661,51.866505648998995,0.0009916534123852602,29969,0.15820958004559715
LAS_1Torr_OES_Very_Fine_HysterisisTest,0,55.0,1.0,1.24,2,1.2262512234582508,0.001260992137910949,0.32983858875578764,0.0003251254601935279,0.25269101494308943,0.00021603549069694415,0.5207409483564738,0.0005354940563597826,-0.013256641454216659,0.0007594065088355759,54.22625066205251,0.0010000555044912813,29678,0.15778398967930404
LAS_1Torr_OES_Very_Fine_HysterisisTest,0,55.0,1.0,1.24,4,1.2048162557220847,0.0012122614124220087,0.3254595853762888,0.00031457191030507934,0.2537721961838675,0.0002125231545324693,0.5116383556630757,0.0005148000226089786,-0.013233043994259676,0.0007796681717518757,50.30596889662269,0.0010176555112007674,29523,0.15781423299011269
LAS_1Torr_OES_Very_Fine_HysterisisTest,0,55.0,1.0,1.24,6,1.341321445780577,0.0015555644294052706,0.35974611636895343,0.0004029215600033546,0.2519596727895033,0.00024069208950992733,0.5696067725476441,0.0006605873908232448,-0.013623166228402149,0.0008212992385068603,68.50169695317106,0.0009965673692316525,29659,0.1578046250120459
LAS_1Torr_OES_Very_Fine_HysterisisTest,0,55.0,1.0,1.17,2,1.2316381735121256,0.0013240011998343223,0.3382446036513211,0.0003504987963529026,0.25799751649700786,0.00023075612258610217,0.5230285754153831,0.0005622515413133919,-0.014810852233053248,0.001037150875206607,60.231011684912254,0.0010073344920665682,29663,0.15653048091243182
LAS_1Torr_OES_Very_Fine_HysterisisTest,0,55.0,1.0,1.17,4,1.275923385273317,0.0014115017281365575,0.35000265137568665,0.00037357882937750337,0.25770006423669717,0.0002364536220748878,0.5418347733049587,0.0005994095944252955,-0.014574846551429366,0.0010097341717092028,63.93476215730866,0.00100389432603032,29680,0.1565197046462666
LAS_1Torr_OES_Very_Fine_HysterisisTest,0,55.0,1.0,1.17,6,1.3436784233697958,0.0013958027334457096,0.36599676443037193,0.00036672429634487043,0.255887866032005,0.0002204722225620281,0.5706076887723011,0.000592742845208524,-0.014253631970814203,0.000976848716845814,55.95852682972046,0.0010020804540439513,29682,0.15656925061410268
LAS_1Torr_OES_Very_Fine_HysterisisTest,0,55.0,1.0,1.11,2,1.2240659520551749,0.0013292853862085312,0.3450494619739793,0.0003597699803755247,0.2648160640604133,0.00024003764964087505,0.5198129490353846,0.0005644955286555922,-0.016952587529114372,0.0010143194379960269,64.54552152767167,0.0010082066547254936,30931,0.15652087823419755
LAS_1Torr_OES_Very_Fine_HysterisisTest,0,55.0,1.0,1.11,4,1.2844857759898274,0.0012700360768686312,0.35946335512450417,0.00034320745751592315,0.2629015302798378,0.00021436331209423882,0.5454708858540167,0.0005393346636183994,-0.01636028122481503,0.0009568810254519892,52.55600253853025,0.00100785114889739,30762,0.15655692828681003
LAS_1Torr_OES_Very_Fine_HysterisisTest,0,55.0,1.0,1.11,6,1.214937046827975,0.0012207689689496322,0.33983991486945936,0.0003309880230480857,0.2627776358059237,0.00021593246887684662,0.5159362599242725,0.0005184128492220253,-0.016049308713416734,0.0009426589175615324,53.211432623794536,0.0010128802973281973,30739,0.15650977672182706
LAS_1Torr_OES_Very_Fine_HysterisisTest,0,55.0,1.0,1.04,2,1.2552188649811893,0.0012197431215957362,0.3566728878678743,0.00033567946473886135,0.26694293442567335,0.00021336263388439577,0.5330423730806538,0.0005179772119613094,-0.016272738850508988,0.0007804706443804006,53.30304798120849,0.0010004572732617992,29806,0.15691551909894882
LAS_1Torr_OES_Very_Fine_HysterisisTest,0,55.0,1.0,1.04,4,1.2327331686583374,0.0012080743054994922,0.35021683926017605,0.00033101574541564315,0.26689210836068616,0.0002160658684135928,0.5234935770398267,0.0005130219220142636,-0.015949987884223416,0.0007648694199620735,53.223067622437966,0.0010063804823941095,29981,0.15689090547830836
LAS_1Torr_OES_Very_Fine_HysterisisTest,0,55.0,1.0,1.04,6,1.2550582908939192,0.0013022026446680235,0.3566505044182718,0.0003557667272076158,0.2669603330367375,0.00023068813881400914,0.5329741835442139,0.0005529945472546327,-0.016251598562775426,0.0007951712893383418,60.683173052150615,0.0010018691590812858,29919,0.15692212520605203
LAS_1Torr_OES_Very_Fine_HysterisisTest,0,55.0,1.0,0.98,2,1.2120268922920032,0.0010321171394805353,0.344826576092106,0.0002943583142267446,0.2672737233203581,0.00018504870128802176,0.5147004310794686,0.0004382997935058644,-0.019561618671312304,0.001588832483127867,38.25829646703858,0.0009889130663950291,27726,0.158721207310731
LAS_1Torr_OES_Very_Fine_HysterisisTest,0,55.0,1.0,0.98,4,1.2293259132266239,0.0010412433833607172,0.3496867335211799,0.0002981424909827587,0.26722673767956884,0.00018363633267834347,0.5220466488811747,0.0004421753524469561,-0.0194781756573465,0.001592766203853073,37.85170684950738,0.0009843772405318746,27510,0.15874270735502086
LAS_1Torr_OES_Very_Fine_HysterisisTest,0,55.0,1.0,0.98,6,1.2762610573595727,0.0010656217987488027,0.3625210847463986,0.00030523445700821224,0.26684651965326844,0.0001798895541792138,0.5419781694370616,0.00045252791226974514,-0.01949016102304841,0.0015948428544423356,35.92136679139645,0.000993091879246932,27475,0.1587391314541637
LAS_1Torr_OES_Very_Fine_HysterisisTest,0,55.0,1.0,0.91,2,1.1503762262091468,0.0010052080913073595,0.3268927752259442,0.0002848460984123249,0.2669520215980243,0.000190837499168499,0.488519803726245,0.00042687257288662504,-0.021672738318842363,0.0014846422340493992,40.775078108745156,0.000986447998074497,29319,0.15951547712143088
LAS_1Torr_OES_Very_Fine_HysterisisTest,0,55.0,1.0,0.91,4,1.3013509561346812,0.00110606007511557,0.3695799799290549,0.0003168072306407707,0.2667975221977633,0.0001835968368021396,0.5526328684354211,0.0004697004671119288,-0.021933304205087774,0.0015264251008797682,37.20643553215911,0.0009935612075200053,28923,0.1595324821237637
LAS_1Torr_OES_Very_Fine_HysterisisTest,0,55.0,1.0,0.91,6,1.2515117218122025,0.0010228623605254175,0.3543316612083706,0.00029325533346156156,0.2659762315935129,0.00017515508075597612,0.5314680943255492,0.00043436965074415023,-0.021328805732280333,0.001455959545019548,35.069664886303116,0.0009798660247318125,28866,0.15946089321997647
LAS_1Torr_OES_Very_Fine_HysterisisTest,0,55.0,1.0,0.85,3,1.2769566767155764,0.0011925794868841025,0.35416719016010284,0.00033456627005161655,0.2605553245427895,0.00019546945170827396,0.5422735717789396,0.000506441878393484,-0.02397996794895679,0.0017699202899493847,44.411473513814975,0.0009815609385884013,29176,0.16096492273368154
LAS_1Torr_OES_Very_Fine_HysterisisTest,0,55.0,1.0,0.85,5,1.1376995924717042,0.0011202876009128852,0.3165882320115294,0.0003151531527850137,0.2614176792514251,0.00020946160338180454,0.4831365330325067,0.00047574234102383875,-0.02432603184820033,0.0018568080346140917,49.703966591772264,0.0009822941677593419,28901,0.1609768082548253
LAS_1Torr_OES_Very_Fine_HysterisisTest,0,55.0,1.0,0.85,7,1.2183542322090037,0.0012818884102969886,0.33985625116435336,0.0003602761356109779,0.26205320530140797,0.00022581806777438612,0.5173874049441392,0.0005443678862008925,-0.024224041909596705,0.0018341663799495323,55.9934340324271,0.0009900830578849717,29018,0.16093717705562852
LAS_1Torr_OES_Very_Fine_HysterisisTest,0,55.0,1.0,0.78,2,1.187865811476681,0.0011772896479119767,0.34159851354782755,0.0003399369370539442,0.2701570959233866,0.00021894245443050548,0.5044401647519816,0.000499948881612524,-0.020395914315462053,0.0011964336945592781,51.49818285769525,0.0009981805607409554,28852,0.16236579250603167
LAS_1Torr_OES_Very_Fine_HysterisisTest,0,55.0,1.0,0.78,4,1.250092031199978,0.0011671321975937896,0.3569751539537408,0.00033556533083079593,0.26826486276516737,0.00020362124093707744,0.5308652072322358,0.0004956354096172347,-0.02004736122945303,0.0011609676143596501,45.91377599639305,0.000987330097150204,28838,0.16233775552202406
LAS_1Torr_OES_Very_Fine_HysterisisTest,0,55.0,1.0,0.78,6,1.2194860637827794,0.0016168448953660195,0.34588694432511646,0.00046426807769014245,0.26645576309956504,0.0002848429590367852,0.5178680495590701,0.0006866108086593807,-0.02094395686787649,0.0013691956225491807,89.84755486414608,0.000988811400806329,28730,0.16237960596709466
LAS_1Torr_OES_Very_Fine_HysterisisTest,0,55.0,1.0,0.72,2,1.243819199030664,0.0013787286364201556,0.35999792408423303,0.0004011632443659232,0.27190082803254595,0.00024608916958809585,0.5282013806767627,0.0005854921437965061,-0.019391817925188088,0.00123295905488143,65.15140757884463,0.0009979515720513583,28845,0.1636960351710469
LAS_1Torr_OES_Very_Fine_HysterisisTest,0,55.0,1.0,0.72,4,1.203759760602474,0.001265441077914311,0.34993642807774644,0.0003689248974841603,0.2730971215940135,0.00023534554689753673,0.511189703494584,0.000537383347226297,-0.018885854635054655,0.0011453921725171283,60.138110920986755,0.0009913430509927367,28984,0.16373723130647932
LAS_1Torr_OES_Very_Fine_HysterisisTest,0,55.0,1.0,0.72,6,1.2818394651963732,0.0011955523849923326,0.36974806569970314,0.000347858297490941,0.2709817618169335,0.0002050805541832723,0.5443471011304076,0.0005077043519801614,-0.01873053410432086,0.0011359876853419837,45.99825139989513,0.0009924856691299212,28699,0.16370644107613438
LAS_1Torr_OES_Very_Fine_HysterisisTest,0,55.0,1.0,0.65,2,1.2154187538731303,0.0012539069619231734,0.35958531938579824,0.00037206139580928105,0.2779353641102372,0.00023511715633641445,0.5161408220716739,0.0005324852591471351,-0.02314625782977386,0.0015691591885132125,56.61632727714717,0.0010119413511890513,29272,0.16431566900514974
LAS_1Torr_OES_Very_Fine_HysterisisTest,0,55.0,1.0,0.65,4,1.3076314406790006,0.0010824147677883182,0.3841646906801899,0.00032200717015958,0.27599415275430417,0.00018360982702212352,0.5552999446553524,0.00045965922961815626,-0.02223733354956348,0.0014263487598240691,35.84108205612871,0.0010109734278366434,29214,0.16433517083213137
LAS_1Torr_OES_Very_Fine_HysterisisTest,0,55.0,1.0,0.65,6,1.1765891504119446,0.0009497021850224838,0.346336369551165,0.0002832510385814562,0.27652923402527424,0.000178709218041791,0.49965140771361183,0.0004033013847603807,-0.021708496052458122,0.0013504487427567946,35.568902858908864,0.0009968818498137595,29483,0.1643560265353056
LAS_1Torr_OES_Very_Fine_HysterisisTest,0,55.0,1.0,0.59,1,1.2609454518886887,0.0012565355260395763,0.3630028674197836,0.00036341391717027054,0.2704466124353138,0.00022021650740730597,0.5354742306315454,0.000533601507550893,-0.026288780415671106,0.0012680277210506408,51.55934800174018,0.0010020567655076287,28397,0.16555444583333337
LAS_1Torr_OES_Very_Fine_HysterisisTest,0,55.0,1.0,0.59,2,1.190174694479998,0.0011096400956762036,0.3402824088761555,0.0003188584168560894,0.26859416660984137,0.00020398073876501345,0.5054206570864975,0.00047122076186574145,-0.025423711155420747,0.0013925016652137597,44.50649905609553,0.001003189983668349,27693,0.16554558083333337
LAS_1Torr_OES_Very_Fine_HysterisisTest,0,55.0,1.0,0.59,3,1.28043991356868,0.0011496773041916332,0.3670163565005291,0.00033224623873324163,0.2692737422001837,0.0001961138461917671,0.5437527662763934,0.00048822299887315727,-0.024835193513381586,0.0013411002949206376,41.50434689696631,0.0010001113023677653,28176,0.16548413333333334
LAS_1Torr_OES_Very_Fine_HysterisisTest,0,55.0,1.0,0.52,2,1.1782299012156212,0.00099762114141984,0.34613787260496626,0.0002960072167882164,0.27598588421444903,0.00018894476669528167,0.5003481704268131,0.00042365069191804345,-0.022597998395852626,0.0012163636864371405,37.19754943935574,0.0010228604363913488,29379,0.17174689671879176
LAS_1Torr_OES_Very_Fine_HysterisisTest,0,55.0,1.0,0.52,4,1.1327427702513129,0.0011547961422670094,0.3362526329858274,0.0003437463043912419,0.278870249083748,0.00023273681700804912,0.4810315644465415,0.0004903967692579379,-0.022184575994683712,0.0013031312227781134,54.9902907621821,0.00102467733285344,29362,0.17182501002405776
LAS_1Torr_OES_Very_Fine_HysterisisTest,0,55.0,1.0,0.52,6,1.2274767384789897,0.0010525907402806872,0.37003711707549714,0.0003199803703720112,0.28320427702281836,0.00019693043261791252,0.5212613766683207,0.000446994131250846,-0.021499522752220782,0.0011961599729969422,37.265166311343904,0.0010612904567563017,29328,0.17163218724939858
LAS_1Torr_OES_Very_Fine_HysterisisTest,0,55.0,1.0,0.46,2,1.2125238956501245,0.0010361584149242936,0.3469032566768382,0.00029762705220555814,0.2687731372500494,0.0001865449321593862,0.514911488972903,0.0004400159651735407,-0.02543179053833403,0.0013905695429654622,35.182245109868695,0.0010348364060023465,28776,0.1730942123869535
LAS_1Torr_OES_Very_Fine_HysterisisTest,0,55.0,1.0,0.46,4,1.2224630009387254,0.0010559497455525514,0.3510711354202021,0.0003051524957778283,0.2697908336169617,0.00018936822536466606,0.5191322383713863,0.00044842056945318425,-0.02586170596540659,0.001452810734231935,36.65775880334396,0.001025306839279197,28974,0.1730852581339969
LAS_1Torr_OES_Very_Fine_HysterisisTest,0,55.0,1.0,0.46,6,1.305208700065028,0.001329307448950442,0.37389524942581764,0.00038425657216419555,0.2691149205654372,0.00022247671698106704,0.5542711014454074,0.0005645048978394317,-0.024184251928985028,0.0015643640222158205,50.3778440499846,0.001024352658794044,28001,0.17310728561046512
LAS_1Torr_OES_Very_Fine_HysterisisTest,0,55.0,1.0,0.39,2,1.1335548931640789,0.0009347747934708231,0.32071384528232644,0.00026743956163025615,0.2657926350724321,0.00017691940974799169,0.48137644129370427,0.0003969623052272503,-0.026556909572800172,0.001488952166716823,32.57269082469783,0.0010214035208338905,27641,0.1740249092969159
LAS_1Torr_OES_Very_Fine_HysterisisTest,0,55.0,1.0,0.39,4,1.1800988423998569,0.0010854090037298004,0.33638649692955186,0.00031048017275405175,0.2677860564833355,0.00020108293096444241,0.5011418366724268,0.0004609307645483096,-0.026393153177606005,0.0014344930551102098,41.97319260658345,0.0010140763245744936,27779,0.174039561333579
LAS_1Torr_OES_Very_Fine_HysterisisTest,0,55.0,1.0,0.39,6,1.2273324680211202,0.001320939716893576,0.3471739727951144,0.0003773444575819409,0.2657374270916596,0.0002336518898219412,0.5212001106458177,0.000560951449211999,-0.02747631782847656,0.0016925044022339335,54.09812035503274,0.0010287851450870708,27013,0.17399492503391767
LAS_1Torr_OES_Very_Fine_HysterisisTest,0,55.0,1.0,0.33,2,1.2311713368853872,0.0014927939181937637,0.34982217292384604,0.00042506546884030536,0.2669295331320488,0.00026630355112541935,0.5228303281532521,0.0006339312090296666,-0.02928536025280206,0.0012332466109529166,71.02161645734084,0.0010192879146548363,29670,0.17374241996120304
LAS_1Torr_OES_Very_Fine_HysterisisTest,0,55.0,1.0,0.33,4,1.135577629978235,0.0012121398596681562,0.32119758622147837,0.00034356292881740656,0.2657193822412526,0.00023299176551866576,0.4822354185299582,0.0005147484039071126,-0.029069859784391527,0.0011899947841442135,54.66154723214921,0.0010239339071946845,29703,0.1737915824861837
LAS_1Torr_OES_Very_Fine_HysterisisTest,0,55.0,1.0,0.33,6,1.2420501756545574,0.0010443764632904926,0.34945823549310995,0.00029616920327607576,0.2643162894750359,0.00018022908718050705,0.5274501456174895,0.00044350584899015776,-0.028066257213768736,0.0010649461036769386,33.72785666847508,0.0010203956888850607,29625,0.17376650925747758
LAS_1Torr_OES_Very_Fine_HysterisisTest,0,55.0,1.0,0.26,2,1.2230512197058439,0.0010267461115807156,0.33904237862707803,0.0002854152606012563,0.2604216768762012,0.00017754560767207597,0.5193820318825124,0.0004360189279632284,-0.028819968833519078,0.0009768915851695648,33.39209488939509,0.0010162679891192496,30129,0.1729201186177855
LAS_1Torr_OES_Very_Fine_HysterisisTest,0,55.0,1.0,0.26,4,1.2990737475913827,0.0010465450948159392,0.3639962434126429,0.000293363150414025,0.263227273280276,0.00017256133109955479,0.5516658270056084,0.0004444267820058346,-0.028504466440269847,0.0009109047890531684,31.231434788511113,0.0010199713307295934,30129,0.17285567326197906
LAS_1Torr_OES_Very_Fine_HysterisisTest,0,55.0,1.0,0.26,6,1.1227961644059874,0.0008939127284529397,0.30923779441567395,0.000250226760657327,0.25873753515237236,0.00016383343022301504,0.4768076298548879,0.00037960978391501297,-0.028655880524323572,0.0009817415810899144,28.32311747596084,0.0010283885062536467,29824,0.1729140615785862
LAS_1Torr_OES_Very_Fine_HysterisisTest,0,55.0,1.0,0.2,2,1.115919742600906,0.0009236904101009749,0.307651291473937,0.0002554327579495015,0.258996306828557,0.0001739224664406104,0.4738874823813722,0.0003922552010078693,-0.03181045905460308,0.0010789978043596552,31.949620544233397,0.0010132818629766335,30569,0.17226910298668646
LAS_1Torr_OES_Very_Fine_HysterisisTest,0,55.0,1.0,0.2,4,1.1450242891712423,0.0009090227008684925,0.3138913264368054,0.0002512642563416784,0.25753271463669003,0.0001643400754044179,0.48624704532621443,0.0003860263984021527,-0.031481071969169556,0.001051304184184877,28.245872339042023,0.001024685840735862,30366,0.1723295165304686
LAS_1Torr_OES_Very_Fine_HysterisisTest,0,55.0,1.0,0.2,6,1.2320249940898602,0.0009780767507772535,0.339094502523813,0.0002717510602469415,0.2585645731224088,0.00016495725551760675,0.523192842990118,0.00041535095339499656,-0.03176011000272122,0.001091904872179349,28.79568175429744,0.0010172829947260734,30273,0.1723263147343735
LAS_1Torr_OES_Very_Fine_HysterisisTest,0,55.0,1.0,0.13,2,1.1275159604051546,0.0009375194309224237,0.30632699803233054,0.0002565916159012007,0.25522920431238844,0.00017196319696669083,0.47881194267239036,0.000398127845438016,-0.029728296373351865,0.0008626573454248516,30.660917015570543,0.0010226530214518781,30154,0.17196069795005342
LAS_1Torr_OES_Very_Fine_HysterisisTest,0,55.0,1.0,0.13,4,1.2297817519372738,0.0010835488575140473,0.33631769210489226,0.00029608046528006545,0.25691499890273417,0.00018456916031324308,0.5222402257583597,0.00046014083318192845,-0.02929831001316862,0.0007941086352505992,35.94037157164281,0.001012342830504405,30471,0.17193643579727566
LAS_1Torr_OES_Very_Fine_HysterisisTest,0,55.0,1.0,0.13,6,1.1426449646710624,0.0009526733221607411,0.3087714544714501,0.00025942008643906793,0.25385961860191314,0.00016967989934582343,0.4852366392422333,0.0004045631105319643,-0.029447673575410026,0.0008104155161619788,30.934153343972575,0.0010126292600589786,30272,0.17195561732104703
LAS_1Torr_OES_Very_Fine_HysterisisTest,0,55.0,1.0,0.07,2,1.2525183894046767,0.0011117285486694978,0.3318144481487035,0.0002949987492814573,0.24887368108839095,0.0001800739352287705,0.531895586691515,0.0004721076461937823,-0.029244371459100246,0.0007239705284663625,33.539375310833734,0.001020908782444414,30488,0.17136081855507407
LAS_1Torr_OES_Very_Fine_HysterisisTest,0,55.0,1.0,0.07,4,1.3121925980752436,0.001102471613559259,0.3455876134950837,0.00029140510997935554,0.24741633785341005,0.00016871305766224504,0.5572368898609394,0.00046817658779729353,-0.02880624174308398,0.0006349029732242239,29.70121060943241,0.0010214324976094524,30615,0.17132972542865402
LAS_1Torr_OES_Very_Fine_HysterisisTest,0,55.0,1.0,0.07,6,1.205009217621876,0.0009083645821248706,0.31619386422645696,0.00024231891692093308,0.24650790965454702,0.0001489252680714866,0.5117202990371346,0.0003857469211040846,-0.02867073565072291,0.0006464418131739462,23.15496363200765,0.0010275600285716776,30332,0.17130121040027824
LAS_1Torr_OES_Very_Fine_HysterisisTest,0,55.0,1.0,0.0,2,1.218502992954788,0.0008144609047670088,0.31413493767617917,0.00021247969184445419,0.2421906820921073,0.00012988299825173645,0.51745057781635,0.0003458697009504624,-0.031947008045407385,0.0008247610787830229,18.131172888147386,0.0010153166778199636,30472,0.17074252907660403
LAS_1Torr_OES_Very_Fine_HysterisisTest,0,55.0,1.0,0.0,4,1.280887124114621,0.001217203053463743,0.33541714888981844,0.00035115470174163285,0.246004013663619,0.00018651461076308782,0.5439426791093865,0.0005168985443419501,-0.03168035642206827,0.0007174288519738483,32.420024989378106,0.0010230376355140271,27466,0.17072713975610931
LAS_1Torr_OES_Very_Fine_HysterisisTest,0,55.0,1.0,0.0,6,1.1901134968875884,0.0008410412865430729,0.3062187445823339,0.00021814524582744392,0.24171921825068035,0.00013764967673820277,0.5053946688618182,0.0003571573498016572,-0.03189242554824838,0.0007993339968008364,19.92827580093501,0.0010214836164479891,30580,0.17075254086224959
LAS_1Torr_OES_Very_Fine_HysterisisTest,0,50.0,1.0,1.43,2,1.266043490849458,0.0011888402415586347,0.3189873889769359,0.0002896822049791513,0.23669695931135487,0.0001838143602336894,0.5376391684455949,0.0005048539671077115,-0.013351631423728147,0.001001266391067205,28.24011295506223,0.0011792957800427408,26851,0.13562050812959284
LAS_1Torr_OES_Very_Fine_HysterisisTest,0,50.0,1.0,1.43,4,1.291283860707319,0.0013639622764881195,0.32300031620364145,0.00032694167370308776,0.2349898014734445,0.00020709685689687785,0.5483577666294018,0.0005792214480959172,-0.012364089136573482,0.0008054735137626279,38.232335499329565,0.0011409015499487486,27447,0.13582014047000598
LAS_1Torr_OES_Very_Fine_HysterisisTest,0,50.0,1.0,1.43,6,1.2795684803665048,0.0012016014370786912,0.31707689407003176,0.00028751099127541146,0.23279242891194749,0.0001810201713893459,0.5433827026683423,0.0005102731478841725,-0.015724153886583325,0.0011124937951068961,27.55726322398891,0.001173847438958369,29380,0.13565094563050495
LAS_1Torr_OES_Very_Fine_HysterisisTest,0,50.0,1.0,1.5,2,1.1925534125147315,0.0011340750793122174,0.28931513998969555,0.00026384079765560725,0.22790880890223508,0.00018058755660994806,0.5064308056283162,0.0004815973440116152,-0.012535000896794603,0.001007130969621791,27.54135213798463,0.0011680170591453541,27443,0.13464068698407863
LAS_1Torr_OES_Very_Fine_HysterisisTest,0,50.0,1.0,1.5,4,1.2212542399128092,0.0011595927735521688,0.29909161103488185,0.0002724826111393126,0.2300731493653314,0.00018170840426293903,0.5186189248260618,0.0004924337110171526,-0.012037667326594203,0.0008616345547211976,27.872892116525634,0.0011693061295886401,27516,0.13442883509361434
LAS_1Torr_OES_Very_Fine_HysterisisTest,0,50.0,1.0,1.5,6,1.2612259177199283,0.0012554715829884951,0.3061810000007413,0.0002918787196882082,0.22806211114835978,0.00018916958317065924,0.5355933335038993,0.0005331496925371189,-0.012066684784200466,0.0008728928127173933,29.5105370450835,0.0011854338118993009,27946,0.13465677857303335
LAS_1Torr_OES_Very_Fine_HysterisisTest,0,50.0,1.0,1.37,3,1.2630537339794154,0.0012333084628759052,0.3309979772473308,0.0003102280718949127,0.246190506892076,0.00020051693165194724,0.5363695356019509,0.0005237378820001067,-0.016517985284179592,0.0008450559034255181,32.9012504502439,0.001180422481560108,29726,0.13779298215281352
LAS_1Torr_OES_Very_Fine_HysterisisTest,0,50.0,1.0,1.37,6,1.2346120870240658,0.001136184512308586,0.3404176272225723,0.00030063707924353564,0.25902954677061407,0.00019862346421870364,0.524291480204314,0.00048249313772664656,-0.01784252336249422,0.0009056924582381056,33.563045729663955,0.0011573925248357059,29623,0.13781880518608466
LAS_1Torr_OES_Very_Fine_HysterisisTest,0,50.0,1.0,1.37,9,1.2764964708546065,0.0011957601457065188,0.34293613649899346,0.0003080987620289309,0.25238376932189854,0.00019684376079403106,0.5420781403437687,0.0005077925798320623,-0.017353940946560686,0.0008989347392777658,33.51267358390006,0.001156512318182742,29814,0.13790030487069382
LAS_1Torr_OES_Very_Fine_HysterisisTest,0,50.0,1.0,1.3,2,1.3263593401045066,0.0012873524952532348,0.36569919273856083,0.0003414407882106399,0.2590183851850463,0.00020896851509922613,0.5632529512831943,0.0005466882694368754,-0.01980215341159024,0.0010064684065683603,37.56037019519741,0.001159570973364397,30095,0.14185007916894007
LAS_1Torr_OES_Very_Fine_HysterisisTest,0,50.0,1.0,1.3,4,1.2888878945101165,0.0012070724128097228,0.3540113271460398,0.0003186455918354467,0.25802976288277746,0.00020059341256665567,0.5473402934673833,0.0005125964573627783,-0.019214699253005438,0.0008803008527972677,34.26429971337099,0.0011622167288192018,30092,0.1415703935148065
LAS_1Torr_OES_Very_Fine_HysterisisTest,0,50.0,1.0,1.3,6,1.2214557348472772,0.0011424232910039463,0.337581590442722,0.0003037744868433955,0.2596383328653852,0.0002019234559652338,0.5187044918463074,0.00048514250310321754,-0.0182386340904883,0.0008754807139159602,34.49625377065357,0.0011634450085465744,29834,0.14181619327293135
LAS_1Torr_OES_Very_Fine_HysterisisTest,0,50.0,1.0,1.24,2,1.180542729291812,0.0011432822542234281,0.33407510154408465,0.0003096033734168361,0.2658460354621417,0.00021472588174816065,0.5013303380795266,0.0004855072711971934,-0.01771123057030471,0.0009684304143502519,36.16376757897867,0.0012084559038725066,30570,0.14453109723112678
LAS_1Torr_OES_Very_Fine_HysterisisTest,0,50.0,1.0,1.24,4,1.2546092454342843,0.0011869838667032727,0.3524250555180214,0.00032058659018948705,0.2638919140013347,0.0002073352934918247,0.5327834914951197,0.0005040656372906288,-0.01652947835470759,0.0008932253963975276,35.05543637035234,0.0011828331958195647,30278,0.14532858163701448
LAS_1Torr_OES_Very_Fine_HysterisisTest,0,50.0,1.0,1.24,6,1.2417164497124493,0.0011537254422255639,0.35117927665442483,0.00031288875012301843,0.26568940443073297,0.00020551575612840484,0.5273084252585125,0.0004899420848145534,-0.016131186283367106,0.0008145206794726317,38.412202425481475,0.00112413713232195,30467,0.1446452623283646
LAS_1Torr_OES_Very_Fine_HysterisisTest,0,50.0,1.0,1.17,2,1.2471884115375973,0.0013619053045244088,0.3512645378498765,0.0003696972195778209,0.2645879311326738,0.0002375673742980011,0.5296321534927335,0.0005783479325302368,-0.015884570187630075,0.000867273704605535,53.1556795042543,0.0011139598759643326,30449,0.1498800593615725
LAS_1Torr_OES_Very_Fine_HysterisisTest,0,50.0,1.0,1.17,4,1.326439172118523,0.001266168432010758,0.37252338778687605,0.00034136247203130516,0.26383596400846276,0.00020936478698800333,0.5632868528181267,0.0005376922260716176,-0.015290635318275524,0.0006927966721806265,38.45660963492318,0.0011423654443280978,30599,0.14950580455439408
LAS_1Torr_OES_Very_Fine_HysterisisTest,0,50.0,1.0,1.17,6,1.2480361871188064,0.0012119315654281547,0.35524170471682465,0.0003308503591761384,0.26740194219066327,0.00021617056663152112,0.5299921706341698,0.0005146599494876587,-0.015475149825566505,0.0007069323463530031,43.39189509836698,0.0011122143145240577,30571,0.14914528120256954
LAS_1Torr_OES_Very_Fine_HysterisisTest,0,50.0,1.0,1.11,2,1.1926119059025508,0.0013738469428030114,0.32919680963315984,0.00036484353407919244,0.259312986452487,0.00024839812148398665,0.50645564548304,0.0005834190793908224,-0.019439056010527044,0.0009383136676177164,63.07362801483793,0.0010599429119910403,30645,0.15315356688884615
LAS_1Torr_OES_Very_Fine_HysterisisTest,0,50.0,1.0,1.11,4,1.2358723242330854,0.001289908801896817,0.3408316389717329,0.0003418950631792228,0.259080117850393,0.00022525050977424165,0.5248266536718912,0.0005477738329171831,-0.019906448130382177,0.0009549845467598724,48.25930414767062,0.0010974449685757968,30638,0.15332694266861074
LAS_1Torr_OES_Very_Fine_HysterisisTest,0,50.0,1.0,1.11,6,1.1715840432384825,0.0012166923949156966,0.32550103164621846,0.0003247912770260557,0.26100372836966657,0.00022580811620174381,0.49752593439601217,0.0005166816876232705,-0.01931769171763256,0.000937929044377595,50.58725162619866,0.0010736434053898805,29935,0.15324036076128522
LAS_1Torr_OES_Very_Fine_HysterisisTest,0,50.0,1.0,1.04,2,1.218046190201643,0.0013069322352780932,0.33774560155656747,0.0003491333835531352,0.2604916064525863,0.0002325651536842111,0.5172565915480112,0.0005550030194604175,-0.021722301295902264,0.0011856738575566682,60.47047443332075,0.0010108183648578281,30461,0.15530307765455048
LAS_1Torr_OES_Very_Fine_HysterisisTest,0,50.0,1.0,1.04,4,1.221163281331521,0.0013132711389927671,0.3388129000759559,0.00035142371540366454,0.2606477558747385,0.00023319916135542716,0.5185802982730561,0.0005576949040178172,-0.021553637348083313,0.0012655183836815585,38.097634279121515,0.0012726842924896179,30695,0.1564875544572836
LAS_1Torr_OES_Very_Fine_HysterisisTest,0,50.0,1.0,1.04,6,1.0331786636737332,0.0011356112574053686,0.28862798887276553,0.00030299277979534324,0.26244046838815643,0.00023308479183731655,0.43875058132527245,0.00048224969878343435,-0.018088749259581195,0.0010746304650490466,61.491270951609934,0.0010145788368079553,30687,0.15738770898107785
LAS_1Torr_OES_Very_Fine_HysterisisTest,0,50.0,1.0,0.98,2,1.1595438758922259,0.00102651387545109,0.32615019311007676,0.00029000346537682914,0.2642398069041887,0.0001907110330635476,0.4924129460928663,0.00043592030635937554,-0.020385996988490904,0.0016491001654051133,38.96512118864352,0.001003807046522945,27240,0.16294033999807592
LAS_1Torr_OES_Very_Fine_HysterisisTest,0,50.0,1.0,0.98,4,1.282666462900406,0.0012711920259956123,0.36019098191952864,0.00035909543937244915,0.26380734637864384,0.0002118635792511221,0.5446982947198192,0.0005398255500151839,-0.020474005366307,0.0017254496640628982,49.6982926093094,0.000991895492980981,27285,0.16312170470700785
LAS_1Torr_OES_Very_Fine_HysterisisTest,0,50.0,1.0,0.98,6,1.2328982642927186,0.0010255418259486932,0.34630810580320537,0.00029045224692629887,0.2638780132390163,0.00017811047191456893,0.5235636867005329,0.0004355075149427032,-0.019983201310310447,0.0016231549632684194,33.310168528168425,0.001013945222673536,27325,0.16296013680894048
LAS_1Torr_OES_Very_Fine_HysterisisTest,0,50.0,1.0,0.91,2,1.2174484572967812,0.0009967047301295633,0.3453040945433054,0.00028666143989746385,0.26645196924548903,0.00017613464969186475,0.5170027577545868,0.0004232615278746125,-0.02037519467060898,0.0014011276415290175,34.27237374526023,0.0009943014888945001,28710,0.16291333488237933
LAS_1Torr_OES_Very_Fine_HysterisisTest,0,50.0,1.0,0.91,4,1.1943684388490772,0.0009819270156347444,0.33588574159509,0.0002798254883780579,0.2641928376323902,0.00017446149411329265,0.5072015763452445,0.00041698601033517146,-0.020553230240735857,0.0014097660939506537,34.55455215663844,0.0009866094187755937,28930,0.16288146927013225
LAS_1Torr_OES_Very_Fine_HysterisisTest,0,50.0,1.0,0.91,6,1.2259873053227432,0.0012121167933593815,0.3470032927463693,0.0003464251089693656,0.26589820924096014,0.00021462773356996888,0.5206288726434848,0.0005147386085476653,-0.019668807731298872,0.0016231233512863754,48.76853027410542,0.0009989213945428444,27385,0.16287794824872254
LAS_1Torr_OES_Very_Fine_HysterisisTest,0,50.0,1.0,0.85,2,1.14297900027994,0.0009679612741754944,0.32575263744940225,0.00027893308161112013,0.26774260172737097,0.00018369169508870064,0.4853784911045794,0.0004110553059959079,-0.018475199640125603,0.0015282111520536121,36.6690438069515,0.00099535239829104,27779,0.16200592719053572
LAS_1Torr_OES_Very_Fine_HysterisisTest,0,50.0,1.0,0.85,4,1.2099617977451291,0.0010727553048377892,0.34669657063328874,0.00031059508755994626,0.2691817902492529,0.00019366855587267886,0.5138234661703105,0.0004555572333866769,-0.018245551914279307,0.0014928903934299292,41.40347353966356,0.0009880955398428141,27498,0.16202307780292816
LAS_1Torr_OES_Very_Fine_HysterisisTest,0,50.0,1.0,0.85,6,1.223225766332689,0.001052378936013247,0.3516916825615214,0.0003059548371779835,0.27009918062585864,0.00018795090667062707,0.5194561550101856,0.0004469041862599805,-0.018618744035064208,0.0015280857655674185,39.343404001989356,0.0009825582210336054,27524,0.1619935520411931
LAS_1Torr_OES_Very_Fine_HysterisisTest,0,50.0,1.0,0.78,2,1.207951362458071,0.0010874300349319984,0.34705089582158927,0.00031402484814519415,0.2699053614853031,0.0001975738607457225,0.5129697129116272,0.00046178901747785417,-0.020537712150793645,0.001337827634712945,43.41107000042141,0.000989214755267044,29049,0.16187974609479483
LAS_1Torr_OES_Very_Fine_HysterisisTest,0,50.0,1.0,0.78,4,1.2067337570293872,0.0010946682521533033,0.34500853526132635,0.0003130738566748372,0.2685877291540458,0.0001986419906482095,0.5124526434942621,0.0004648628053184914,-0.02032351190933908,0.001295115285910308,43.86024048200473,0.0009884753223046536,29132,0.16186933026400258
LAS_1Torr_OES_Very_Fine_HysterisisTest,0,50.0,1.0,0.78,6,1.2316872722178391,0.0011254855167634327,0.35364194553275846,0.00032547566408844974,0.26973115208629594,0.00020027757450331903,0.5230494257159473,0.000477949692647805,-0.020316462377504625,0.0013433844871234039,44.711186198632504,0.0009852599972584638,28900,0.1618786210078639
LAS_1Torr_OES_Very_Fine_HysterisisTest,0,50.0,1.0,0.65,2,1.166033154542263,0.00102730651660148,0.3410368623841446,0.0002995992607434059,0.2747629779533992,0.00019795315780147624,0.4951686890056764,0.0004362569100637914,-0.018999420898540485,0.001041396807599607,42.834282038521486,0.0009968572366528664,29500,0.1624332946171099
LAS_1Torr_OES_Very_Fine_HysterisisTest,0,50.0,1.0,0.65,4,1.2078341264256067,0.0011991796569101895,0.35389260553191104,0.00035229358550264067,0.27525294990355176,0.00022387941590344343,0.5129199273525515,0.0005092447125378656,-0.01917145181746566,0.00110771946270918,56.03788802137501,0.0009769407577681069,29163,0.16243902917294156
LAS_1Torr_OES_Very_Fine_HysterisisTest,0,50.0,1.0,0.65,6,1.261676903445963,0.0011727505213558072,0.36920605288602454,0.00034533263497966635,0.27490867801048063,0.00020822043686551675,0.5357848495082692,0.0004980212920433135,-0.019364833422511704,0.0011195333009932867,48.396551539385676,0.0009818900506972995,29091,0.1624077690972222
LAS_1Torr_OES_Very_Fine_HysterisisTest,0,50.0,1.0,0.72,2,1.2635644952733116,0.0011044227751996491,0.3641920010995512,0.00032143386711815764,0.27077014566093693,0.0001920265398149281,0.5365864359527756,0.00046900516985582807,-0.020352612786481275,0.0013709480844832863,40.93153960425781,0.000985594071265323,28686,0.16210244143239624
LAS_1Torr_OES_Very_Fine_HysterisisTest,0,50.0,1.0,0.72,4,1.2488678763321794,0.0010998143672111453,0.361149922363914,0.00031994114681806207,0.2716682098226243,0.0001944713662182161,0.5303453565241609,0.00046704815917119924,-0.02004209375270188,0.0013259237754916252,41.2549799944245,0.000995283518655381,28794,0.16206783718206155
LAS_1Torr_OES_Very_Fine_HysterisisTest,0,50.0,1.0,0.72,6,1.1651719652435486,0.0011677318552779118,0.3353731402504837,0.000336154109600292,0.27039959733327046,0.00022192682868366756,0.49480297558288994,0.0004958900607891523,-0.01987929589956674,0.0013440598203657626,53.71662812760884,0.0009915709088831601,28992,0.1620032078313253
LAS_1Torr_OES_Very_Fine_HysterisisTest,0,50.0,1.0,0.59,2,1.2105457719547512,0.0011966381270023126,0.3545898719810966,0.0003520107422803416,0.2751774877958358,0.00022182358488682022,0.5140714571838295,0.0005081654241594437,-0.020771257151897995,0.0012676058633695607,53.16128821101837,0.0009938655730465568,29197,0.1630755314098225
LAS_1Torr_OES_Very_Fine_HysterisisTest,0,50.0,1.0,0.59,4,1.1991957406477356,0.0010137991974072135,0.34833696822427745,0.0002991543648954939,0.27288350217316965,0.00018409418755248216,0.5092515426723296,0.0004305208797362217,-0.019412076038823674,0.0010559584135937774,38.185063872329316,0.0009939876680915578,29370,0.16307295443984227
LAS_1Torr_OES_Very_Fine_HysterisisTest,0,50.0,1.0,0.59,6,1.2321394488944173,0.0013395348693496048,0.36100128704262036,0.000392319025776979,0.27524325027552293,0.0002448045233598774,0.5232414474704471,0.0005688480833922914,-0.020264509277361255,0.0012064591354076404,65.66531508011157,0.0009875121068489803,29498,0.16308508214742348
LAS_1Torr_OES_Very_Fine_HysterisisTest,0,50.0,1.0,0.46,2,1.1623109595100707,0.0009453466306121993,0.3476791212934832,0.00028344288496207016,0.2810114839718208,0.00018574275876376785,0.49358801831279403,0.000401451751103883,-0.02355896419336902,0.0013072101702850927,37.516621993491825,0.0009995335213862611,29019,0.1640937341132873
LAS_1Torr_OES_Very_Fine_HysterisisTest,0,50.0,1.0,0.46,4,1.21287195447333,0.0014074105884196051,0.3611742408928203,0.0004205892230962025,0.27974968400361705,0.00026550742266593134,0.5150592959460685,0.0005976722473504797,-0.022750598612511566,0.0015470385824975477,73.97226038970578,0.0010043034987670231,27776,0.1641162832115909
LAS_1Torr_OES_Very_Fine_HysterisisTest,0,50.0,1.0,0.46,6,1.1910802857884741,0.0011608334685682708,0.3554115598043691,0.00034718069823069965,0.2803227226114214,0.00022375301176589255,0.5058052263067175,0.0004929605856794947,-0.024562316804142816,0.0014789703485959932,52.86304702773493,0.0010016013669992886,29063,0.16408183452155642
LAS_1Torr_OES_Very_Fine_HysterisisTest,0,50.0,1.0,0.52,2,1.1511913574284025,0.0009964352204312645,0.33854712059414416,0.0002956304003970337,0.27627360441015647,0.00019390725730800742,0.4888659580835496,0.0004231470776435354,-0.02218321533403032,0.00130220358102213,40.62830686338998,0.0009976470588745699,28785,0.1640154904557012
LAS_1Torr_OES_Very_Fine_HysterisisTest,0,50.0,1.0,0.52,4,1.1160778616043348,0.0009177944864429305,0.32853090398037105,0.0002713119399995702,0.27653462990512334,0.0001839035321933091,0.4739546293396981,0.0003897514327600638,-0.021631395514760197,0.0011925474997969388,36.888442117464024,0.0010042910437706033,29312,0.16409453940445282
LAS_1Torr_OES_Very_Fine_HysterisisTest,0,50.0,1.0,0.52,6,1.2684447992634063,0.0011409849854987142,0.37738040549446106,0.00033977452957096086,0.27949597915349766,0.00020465165523833554,0.5386589102381856,0.00048453171099268363,-0.020847868205151675,0.0011315809766282079,45.515844645751166,0.0009964297350799987,28839,0.1640844143617192
LAS_1Torr_OES_Very_Fine_HysterisisTest,0,50.0,1.0,0.39,3,1.1519852711624112,0.0009190623486719174,0.3659475580989729,0.0002916211783705783,0.2984281021061888,0.00019441445179921977,0.4892031022044705,0.000390289844275484,-0.024248500405341614,0.0015025822655531896,40.4793561445973,0.000998806616454824,27606,0.16373893799394698
LAS_1Torr_OES_Very_Fine_HysterisisTest,0,50.0,1.0,0.39,6,1.149545720400853,0.0009294854683752604,0.36502084306136573,0.0002964094779110109,0.29830408777012,0.00019614354050278817,0.4881671203821202,0.0003947161356710144,-0.024080463392692424,0.0015104034336418288,41.845654289374735,0.000990504367927304,27423,0.16370568739305957
LAS_1Torr_OES_Very_Fine_HysterisisTest,0,50.0,1.0,0.39,9,1.2063372678780382,0.000979843458405113,0.38410214923594904,0.00031412426692092345,0.299120227343742,0.00019758186107513576,0.5122842700543528,0.00041610120504653465,-0.02415346380871012,0.0015488331017623474,41.53193174967586,0.000999622337342193,27594,0.16368373741404388
LAS_1Torr_OES_Very_Fine_HysterisisTest,0,50.0,1.0,0.33,2,1.1684769970498983,0.0011102335743573804,0.35281754794365044,0.0003356284514484679,0.2836598049893083,0.0002205404161840338,0.496206493364779,0.00047147278905670633,-0.029887511924659205,0.0013503312973895509,50.774003429923894,0.0010089317511744592,29755,0.16780627273578344
LAS_1Torr_OES_Very_Fine_HysterisisTest,0,50.0,1.0,0.33,4,1.158225440189609,0.00099425993378381,0.353619506132653,0.0003039074964336211,0.2868209719879667,0.00020135764120144002,0.4918530580006111,0.00042222331845775604,-0.0288373579725603,0.0012409224794506905,40.94897187842299,0.0010250615216706473,29740,0.16785996178382281
LAS_1Torr_OES_Very_Fine_HysterisisTest,0,50.0,1.0,0.33,6,1.2077719111861238,0.0011483396343219242,0.375587600767618,0.0003584357992966084,0.2921420760911267,0.00022751349255413806,0.5128935069729501,0.00048765494278219104,-0.028896767431778114,0.0013285669048803824,53.46341335517221,0.0010072116766775198,29516,0.16764964826405607
LAS_1Torr_OES_Very_Fine_HysterisisTest,0,50.0,1.0,0.26,2,1.1565526280815694,0.0011224258021527106,0.346086854106388,0.00033442526328523466,0.2811172483821444,0.000224540170584151,0.49114268010503914,0.00047665035148703204,-0.0300386989246549,0.0012635974848932742,50.75239042010861,0.001022482688782719,30222,0.1692389564198625
LAS_1Torr_OES_Very_Fine_HysterisisTest,0,50.0,1.0,0.26,4,1.2721485965203176,0.0009966648523677102,0.3774891961735477,0.0002993145126715793,0.27876257864985404,0.00017510584958190613,0.5402317681152565,0.00042324459334836824,-0.029554175047233112,0.0012016315439511553,31.818567704601804,0.0010245301671726918,29911,0.16910418042978526
LAS_1Torr_OES_Very_Fine_HysterisisTest,0,50.0,1.0,0.26,6,1.1927155507576872,0.0010358038100685538,0.35531969102973665,0.0003095823396925313,0.27986602790357334,0.00019844391985671117,0.5064996594005176,0.0004398653783563067,-0.02992992600687804,0.0012506993136028744,39.976320791523015,0.0010231851903006032,29992,0.16903794791431823
LAS_1Torr_OES_Very_Fine_HysterisisTest,0,50.0,1.0,0.2,2,1.1946087549604474,0.0010491753992239125,0.3471819506589181,0.0003047028833641678,0.2730230006990443,0.00019628418149558667,0.5073036292014181,0.00044554376944337724,-0.03023680921912503,0.0009296137172895692,39.23370604889974,0.0010248032238530836,29656,0.16990236149410545
LAS_1Torr_OES_Very_Fine_HysterisisTest,0,50.0,1.0,0.2,4,1.1475096255452826,0.0008480252789571066,0.3301820659678734,0.00024582187441833333,0.27031175566905724,0.00016097501311005563,0.48730247050797504,0.00036012317830679967,-0.029953990002635766,0.0008669585887859367,27.393609298294617,0.0010181492544783606,29602,0.16989780981792627
LAS_1Torr_OES_Very_Fine_HysterisisTest,0,50.0,1.0,0.2,6,1.2507957997489727,0.0009393713464011149,0.3599267712697692,0.0002727452499015325,0.2703307978813842,0.0001636634948316985,0.531164070217745,0.00039891428153218764,-0.03000067605073454,0.0009001891754377508,28.171736208143567,0.001017335760451148,30074,0.16989420338068212
LAS_1Torr_OES_Very_Fine_HysterisisTest,0,50.0,1.0,0.13,2,1.2461806803157334,0.0011077837114328378,0.3511582448330017,0.00031352070246729876,0.2647217623653735,0.00019183071827984726,0.5292042094449535,0.00047043242806194056,-0.03032049994267174,0.0009023135583397026,38.859179407915434,0.0010035145606968278,29419,0.16952322508058384
LAS_1Torr_OES_Very_Fine_HysterisisTest,0,50.0,1.0,0.13,4,1.1458664599329613,0.001063813968034878,0.32491830125717236,0.0002999552012098123,0.2663838897515244,0.00020267222704321492,0.486604682319961,0.00045176019725146185,-0.03010543826239765,0.000845226913256164,42.88606994258494,0.0010118890421487695,29696,0.16947569717742364
LAS_1Torr_OES_Very_Fine_HysterisisTest,0,50.0,1.0,0.13,6,1.20839336299445,0.00109889121305639,0.34114323021352827,0.0003112694013661781,0.26521385970246975,0.00019698605952590492,0.51315741325727,0.0004666561316968692,-0.029987249203091915,0.0008509593411120581,39.99191060792873,0.0010176128200277033,30029,0.16944352607814475
LAS_1Torr_OES_Very_Fine_HysterisisTest,0,50.0,1.0,0.07,2,1.1727497553705128,0.0013427484808254024,0.3202939767743197,0.00036621890852001716,0.25657315258163715,0.0002411493521295853,0.49802096675930896,0.0005702127785343167,-0.030688391326232644,0.0009098257117534349,60.29601302796734,0.001008665364570805,29856,0.16893012925663897
LAS_1Torr_OES_Very_Fine_HysterisisTest,0,50.0,1.0,0.07,4,1.1778068370794315,0.0008172305190280454,0.32222423357723995,0.00022610573911470235,0.2570111223615425,0.00014379140058915947,0.5001685116299202,0.0003470458478356059,-0.029961381738532283,0.0007857322545005829,22.3557879137334,0.0010032033327030691,29491,0.16896401174853742
LAS_1Torr_OES_Very_Fine_HysterisisTest,0,50.0,1.0,0.07,6,1.1569184614854024,0.000874098032753612,0.31620367948146466,0.0002407307290041192,0.2567627141030216,0.00015770498343450597,0.4912980352476136,0.0003711952574032568,-0.029955676209152644,0.0008078951281522283,26.392478860954025,0.0010063621002048128,29602,0.1689418103794177
LAS_1Torr_OES_Very_Fine_HysterisisTest,0,50.0,1.0,0.0,2,1.146726374578675,0.0007599849525691809,0.30449000292144407,0.00020471781201052486,0.2494485747228664,0.0001322049425927837,0.48696985444745683,0.00032273589405393076,-0.030969215304145495,0.0007578951876347533,18.702501102773798,0.0010176703539181015,29585,0.16872500197513604
LAS_1Torr_OES_Very_Fine_HysterisisTest,0,50.0,1.0,0.0,4,1.2550134431031283,0.0008517289014284794,0.33273376579116626,0.00022889835833026645,0.24906705596192924,0.00013544809497714736,0.5329551384410072,0.00036169596195928646,-0.03111350934397639,0.0007570834896891047,19.608410861619124,0.0010114148137585722,29733,0.1687297682462399
LAS_1Torr_OES_Very_Fine_HysterisisTest,0,50.0,1.0,0.0,6,1.177642124534751,0.000863061725926954,0.31392036398608714,0.00023071870368398997,0.2504228460645484,0.00014934727266554065,0.5000985646524312,0.0003665085694119827,-0.030807573267895745,0.0007336373559704661,23.81977393142067,0.0010051996063708377,30023,0.1687921892407979
LAS_1Torr_OES_Very_Fine_HysterisisTest,0,45.0,1.0,1.5,2,1.1842425429662693,0.0011892531694177872,0.2825543423937012,0.0002713337721042814,0.22414503184308315,0.00018775632305312965,0.5029015042848868,0.0005050293214240738,-0.011571272647276575,0.0008742351277440959,29.179549187502264,0.0011768611002375186,27547,0.12360820291599788
LAS_1Torr_OES_Very_Fine_HysterisisTest,0,45.0,1.0,1.5,4,1.1890973224526782,0.0011633126718024551,0.2831484291019565,0.0002668150190557221,0.22369925882514044,0.00018164297488205045,0.5049631393115859,0.0004940134063565634,-0.011933991116946487,0.0009736489185656412,26.65780437138108,0.0011882564173698235,27041,0.12354349275914635
LAS_1Torr_OES_Very_Fine_HysterisisTest,0,45.0,1.0,1.5,6,1.1575171715677717,0.00133107950067544,0.2724196713174474,0.0003021266692683503,0.2210949443973171,0.00020881348173933359,0.49155228401011786,0.000565257418920071,-0.012038774212384456,0.00098233176463421,36.668127315767144,0.0011843805130349286,27462,0.1235935912093496
LAS_1Torr_OES_Very_Fine_HysterisisTest,0,45.0,1.0,1.43,2,1.1829215175986727,0.0013196673476489063,0.28016531754805896,0.0002999719615815691,0.22249806059633007,0.00020711964589747824,0.5023405164631701,0.0005604111237432421,-0.01742996663962253,0.0010862034731765784,35.28635777132523,0.0011760476907377857,29696,0.12478063454849998
LAS_1Torr_OES_Very_Fine_HysterisisTest,0,45.0,1.0,1.43,4,1.2011510756309884,0.001313946183342091,0.28372367207305066,0.00029836768557961425,0.2219043047977624,0.00020215720386279167,0.5100818969864008,0.0005579815689588381,-0.016945190228853338,0.001042847664871295,33.01679412412381,0.0011887751793163526,29350,0.12471208138629285
LAS_1Torr_OES_Very_Fine_HysterisisTest,0,45.0,1.0,1.43,6,1.2085730723012278,0.0012321807407902681,0.28712705109246783,0.0002808074653602245,0.22318704735474498,0.00018934527231913043,0.5132337287732505,0.0005232589825241077,-0.01694643992866654,0.001009096993984637,29.235935840853717,0.001186326028493049,29629,0.12461299486168011
LAS_1Torr_OES_Very_Fine_HysterisisTest,0,45.0,1.0,1.3,2,1.1817501075831707,0.0013688552609430788,0.2769975619958752,0.00031015026666184254,0.22020039107932027,0.0002096809752850017,0.5018430644315494,0.0005812993072789508,-0.01871607791892166,0.0010552056577107266,36.5457074974968,0.0011871632354262718,30191,0.1294589115729454
LAS_1Torr_OES_Very_Fine_HysterisisTest,0,45.0,1.0,1.3,4,1.2984136955961043,0.0014832233439385483,0.30467500329127667,0.0003350000589043261,0.22044057063674047,0.00020925934336340284,0.5513855287311517,0.0006298669603515517,-0.01911920568971321,0.001090216562535466,37.24829085200836,0.0011604309818594788,30000,0.12931107057304214
LAS_1Torr_OES_Very_Fine_HysterisisTest,0,45.0,1.0,1.3,6,1.2619864690297922,0.0017058606381162452,0.29444971491480837,0.00038501926852966927,0.21919176289276485,0.00024425822725434806,0.5359163099077517,0.0007244123141026792,-0.01878834091565536,0.00108196565684345,50.275199906944465,0.0011769984226222918,30247,0.12939303219179918
LAS_1Torr_OES_Very_Fine_HysterisisTest,0,45.0,1.0,1.37,3,2.394875199854765,0.0022000965884487918,0.6120438919499057,0.0005634712060393496,0.24008635119401286,0.00020810776809210868,1.0170098581028892,0.0009342949976544284,-0.015619405240116294,0.0005077586154003401,29.310483941571942,0.0011676478136096065,28917,0.12659346462562093
LAS_1Torr_OES_Very_Fine_HysterisisTest,0,45.0,1.0,1.37,6,1.0155530025372377,0.0010217929946999833,0.23719892108347054,0.00023245480220675347,0.21942085580607418,0.00017676874396593413,0.431265652201415,0.00043391553289013804,-0.016044716247821438,0.0009621710029408411,26.371567470316513,0.0011770834020868532,28953,0.12653774636540766
LAS_1Torr_OES_Very_Fine_HysterisisTest,0,45.0,1.0,1.37,9,2.4290451512360987,0.0027256528827508536,0.636489017488181,0.000672793680398823,0.24616319305840387,0.00028632376384471253,1.0315205004143635,0.001157478206669092,-0.014852377526776216,0.00043065776567673554,46.805047263687015,0.00116509802056444,29570,0.1266088984281325
LAS_1Torr_OES_Very_Fine_HysterisisTest,0,45.0,1.0,1.24,2,1.2669308399580461,0.001476244534171898,0.3001263036151551,0.0003365018944858409,0.2225455636897617,0.00021632491268352305,0.53801599091679,0.0006269033327141122,-0.01756754811302484,0.0010828975901100173,39.8137857150711,0.0011688513787943714,30400,0.13095180471855367
LAS_1Torr_OES_Very_Fine_HysterisisTest,0,45.0,1.0,1.24,4,1.2703922681844684,0.0015541326531542138,0.3010007934506742,0.00035424550384428226,0.22258586844978906,0.00022731224429261074,0.5394859241432063,0.0006599793714316662,-0.01770870133006184,0.0010870317628378237,43.47657946955006,0.0011698785830530263,30370,0.13086093686557038
LAS_1Torr_OES_Very_Fine_HysterisisTest,0,45.0,1.0,1.24,6,1.2334862392128654,0.0014425012468949362,0.2905628985474492,0.00032657272925708676,0.22129603884084545,0.00021529415860856282,0.5238133766593844,0.0006125738779652598,-0.01760344806302249,0.0010767003627879022,39.57288118856672,0.0011673898676074683,30329,0.13075680609426424
LAS_1Torr_OES_Very_Fine_HysterisisTest,0,45.0,1.0,0.91,2,1.174738516960607,0.0012971498446788753,0.3611982800355296,0.00039831255673430157,0.288849922232482,0.0002630463024396877,0.4988655160463302,0.0005508488206629933,-0.022550326931561865,0.0015961071025803097,43.888660418757446,0.0012830449918311592,28914,0.14972733088384407
LAS_1Torr_OES_Very_Fine_HysterisisTest,0,45.0,1.0,0.91,4,1.2254501655345054,0.001049052614016954,0.3724222195067852,0.00031987400190596193,0.28550105606957643,0.00019846818109432078,0.5204007703775085,0.0004454916273668659,-0.020918441435100615,0.001387093691757642,34.387486632956254,0.001111501150927339,28914,0.15057322852294194
LAS_1Torr_OES_Very_Fine_HysterisisTest,0,45.0,1.0,0.91,6,1.127944857694062,0.0009472191551013854,0.3425567827318919,0.0002872137917675845,0.285307042781911,0.0001948073713308796,0.4789940785811671,0.0004022469390390025,-0.01870731978329208,0.001200605966001231,34.43230169886404,0.0010954593585329974,29248,0.15074255230513484
LAS_1Torr_OES_Very_Fine_HysterisisTest,0,45.0,1.0,1.17,3,1.2070208035701595,0.0014118297354248212,0.2960336358504024,0.0003318339151379034,0.23040616403982334,0.0002243554296551217,0.5125745409366497,0.0005995488862955834,-0.01548580516179591,0.000975138061040157,42.42806919738224,0.0011710434701476934,30372,0.13440476130757456
LAS_1Torr_OES_Very_Fine_HysterisisTest,0,45.0,1.0,1.17,6,1.1833449641196463,0.0013138458723814465,0.29087881205939836,0.00031052841776071905,0.23092370180977875,0.00021240715176101837,0.5025203376439297,0.0005579389708159965,-0.014666275383418508,0.0008418389137036795,38.32422492719496,0.0011666731751243215,30485,0.1346605411730555
LAS_1Torr_OES_Very_Fine_HysterisisTest,0,45.0,1.0,1.17,9,1.2544753350285616,0.0015260984290134789,0.30813035200821937,0.0003601553807977456,0.2307491676341143,0.0002335967025178092,0.5327266249816869,0.0006480743325732228,-0.014739010118253381,0.0009147358176295286,44.80291081940019,0.0011795727731172536,30460,0.13472478132658083
LAS_1Torr_OES_Very_Fine_HysterisisTest,0,45.0,1.0,1.11,2,1.188701190821534,0.0013301172711036107,0.3004659776427818,0.00032571078557194695,0.2374599626534267,0.00021969077307159118,0.5047949176965286,0.0005648487976439529,-0.016387163241706595,0.0010810278443172605,39.69803806980273,0.0011755321127943474,29766,0.13777520870709725
LAS_1Torr_OES_Very_Fine_HysterisisTest,0,45.0,1.0,1.11,4,1.3279860394575673,0.0014626033704763519,0.33009718471206007,0.00035730743710149396,0.23351570852279477,0.00020188471282708964,0.5639437468947287,0.0006211104638601499,-0.015601171589242718,0.0009326213177228781,36.46295076495383,0.001156941250139266,29740,0.1377095062685666
LAS_1Torr_OES_Very_Fine_HysterisisTest,0,45.0,1.0,1.11,6,1.476081328994126,0.0017339581305426167,0.37905267475497256,0.0004333011704130974,0.24124430426763604,0.00023736004716835054,0.6268340258564113,0.0007363442205282516,-0.015698245791335427,0.0008513981513910188,46.58452883657488,0.0011681056602550885,30362,0.13769442591123293
LAS_1Torr_OES_Very_Fine_HysterisisTest,0,45.0,1.0,1.04,2,2.254500579815241,0.0024634081969334863,0.6550991089893261,0.0007326267119131694,0.2729759884461567,0.0002996553844409323,0.9573982455995316,0.0010461131423319058,-0.019305674464417527,0.0005226485450317791,58.76634067987501,0.0011684362891369367,30185,0.14184487958850442
LAS_1Torr_OES_Very_Fine_HysterisisTest,0,45.0,1.0,1.04,4,1.2274971477191625,0.0012471186077278819,0.334158599114459,0.000329834474418986,0.2557407531165984,0.00021605602866364444,0.5212700436746238,0.0005296025105440662,-0.01887011519034974,0.0010995790123463803,39.26388656581436,0.0011532180787944617,29761,0.14200849371051535
LAS_1Torr_OES_Very_Fine_HysterisisTest,0,45.0,1.0,1.04,6,2.3851003896258107,0.0026509103216142893,0.6845661498310632,0.0007207822616229385,0.26963517497395,0.0002896068012278052,1.0128588783923247,0.0011257379633777698,-0.01798551110349488,0.00046481161731884034,56.82409067335885,0.0011501066808737085,30956,0.14187767406653198
LAS_1Torr_OES_Very_Fine_HysterisisTest,0,45.0,1.0,0.98,2,1.283365893840065,0.001224371767614286,0.3826155555841184,0.0003531205784058591,0.28007859492866793,0.00022137782045574385,0.5449953156922434,0.0005199428169459948,-0.016534136675796233,0.0009037945460119835,43.99417679307443,0.0011178478116830302,30135,0.14613610279141004
LAS_1Torr_OES_Very_Fine_HysterisisTest,0,45.0,1.0,0.98,4,1.1832152060767267,0.0011066788000727744,0.34843403163990233,0.0003257655460158283,0.27664613910388836,0.0002106697918956543,0.5024652344766225,0.0004699632154091967,-0.02012208016613918,0.0016287560604834267,36.778242901691904,0.0011413699757719588,28179,0.14582624070465527
LAS_1Torr_OES_Very_Fine_HysterisisTest,0,45.0,1.0,0.98,6,1.0944282967428445,0.0010019828048466546,0.3126775688773043,0.00028756439721565476,0.2683967193563319,0.00020037939785071888,0.4647609056378915,0.0004255029198349998,-0.019193076497267585,0.0016577857135504676,33.93057202134274,0.0011234006320903843,27960,0.14611617873281416
LAS_1Torr_OES_Very_Fine_HysterisisTest,0,45.0,1.0,0.85,2,1.1588171723399894,0.0010983242212880336,0.352695348878953,0.0003370904186256077,0.2859253095911632,0.0002223235284334335,0.49210434350823573,0.0004664153524621446,-0.020179109133768493,0.0015533885180308534,41.512127431887464,0.0011150937070698835,27202,0.15450814292366488
LAS_1Torr_OES_Very_Fine_HysterisisTest,0,45.0,1.0,0.85,4,1.2090317021057162,0.0009844203720607194,0.36394089132180796,0.0003014476982962732,0.2827879864154212,0.00018378264553052894,0.5134284909188574,0.0004180448413194059,-0.022294291021629605,0.0017391838640998685,28.766692370601127,0.001132172091824643,27882,0.15330069406532
LAS_1Torr_OES_Very_Fine_HysterisisTest,0,45.0,1.0,0.85,6,1.1413176573963997,0.0009687854256124945,0.3457540649878041,0.0002970553695004451,0.2845958404362716,0.000196047983453414,0.48467298374020734,0.00041140529088699927,-0.020727922530629366,0.001650321817006801,36.96921801562161,0.001055072124609819,27863,0.15468719809429762
LAS_1Torr_OES_Very_Fine_HysterisisTest,0,45.0,1.0,0.2,2,1.1448129084800833,0.0007889144444833655,0.36091181131093986,0.0002510510947591359,0.2961654322352621,0.00016470050459691196,0.4861572802116338,0.00033502111813091723,-0.02797099136658992,0.000983143938720247,29.75299886411682,0.0009919495916199026,29330,0.16025994017768447
LAS_1Torr_OES_Very_Fine_HysterisisTest,0,45.0,1.0,0.2,4,1.1706365086291726,0.0010541563143275895,0.37059455191612667,0.00033449276073489027,0.29740259661018975,0.00021983718761660892,0.49712355349590504,0.00044765896933484555,-0.028534518971197156,0.0010511632448569174,51.153102138899364,0.0009924143290003956,29487,0.16026402510572518
LAS_1Torr_OES_Very_Fine_HysterisisTest,0,45.0,1.0,0.2,6,1.1873936343622775,0.0010731102163727476,0.3770601520756625,0.00034171429394869553,0.29832092148808176,0.00022161387946259277,0.5042396495935517,0.0004557079504385838,-0.028501316564270986,0.0010696079945392743,51.819951239564276,0.000991331674338783,29333,0.1602789127326755
LAS_1Torr_OES_Very_Fine_HysterisisTest,0,45.0,1.0,0.78,2,2.4020258587953784,0.0026073282762283977,0.7681419113488601,0.0008046564261625264,0.30042188938574405,0.00031754062971203317,1.0200464633652329,0.00110723037275408,-0.018188564800913992,0.0004712788499945643,83.39590307626456,0.0010200298157417693,30927,0.15861292812068464
LAS_1Torr_OES_Very_Fine_HysterisisTest,0,45.0,1.0,0.78,4,2.0085036334350668,0.0020350695688890383,0.6005262515736461,0.0005977138021195449,0.28088410604525155,0.0002370842943941589,0.8529329609170493,0.0008642144749801004,-0.01762758283275839,0.0005270367266569106,61.22413778040657,0.0010103754413983556,30701,0.15861833566160335
LAS_1Torr_OES_Very_Fine_HysterisisTest,0,45.0,1.0,0.78,6,1.36721692006684,0.0014211008249345515,0.39584105326986596,0.00040049877394238745,0.2719889115059129,0.00021664871276586828,0.5806035679677046,0.0006034859555121011,-0.01758718059453504,0.0006863711338574665,54.31540333531354,0.0010156852388263909,30704,0.15833176343081265
LAS_1Torr_OES_Very_Fine_HysterisisTest,0,45.0,1.0,0.72,2,1.2821274063424322,0.0012247298637793702,0.3701802398886871,0.00035561502884326864,0.27123756614912564,0.00021134622274772847,0.5444693784766815,0.0005200948863857976,-0.023119567510905967,0.0015511731881660837,38.99727419919473,0.0011041921805799999,28794,0.16216955269273192
LAS_1Torr_OES_Very_Fine_HysterisisTest,0,45.0,1.0,0.72,4,1.2527596784553898,0.0013958737483616367,0.36339548331797394,0.00040631646978739767,0.27250818318234904,0.0002496455647169209,0.5319980527169857,0.0005927730024666453,-0.024567547742635195,0.001792083216045714,27.150500395810713,0.0015507712618098796,28956,0.16251994826801586
LAS_1Torr_OES_Very_Fine_HysterisisTest,0,45.0,1.0,0.72,6,1.1335754940480494,0.0010083995134258063,0.32294509275264516,0.00028906169038209195,0.26763692466704975,0.00019349538280059912,0.481385189683635,0.00042822784507618415,-0.021003959315906442,0.001352696978587548,38.7858758794858,0.001022999890602155,28931,0.16430468582690866
LAS_1Torr_OES_Very_Fine_HysterisisTest,0,45.0,1.0,0.65,2,1.2720041772221347,0.0010853290627930502,0.3659828132738111,0.0003138103157359489,0.2702962020955294,0.00018761278159082963,0.540170438886092,0.0004608968167581509,-0.021348337661170832,0.0012828784155682201,36.11694964201082,0.0010222154408467562,29190,0.16666906800881412
LAS_1Torr_OES_Very_Fine_HysterisisTest,0,45.0,1.0,0.65,4,1.1898140948885567,0.0010413132204646557,0.343304498511048,0.00029982887397118766,0.2710617105916664,0.00019386242608850483,0.5052675245394045,0.00044220500953437816,-0.020841570374246162,0.0011744996936908067,40.113548953523086,0.001006125466029492,29684,0.1666793661525107
LAS_1Torr_OES_Very_Fine_HysterisisTest,0,45.0,1.0,0.65,6,1.277097484351979,0.0010391644988473705,0.367693130982114,0.0003021476831450817,0.270476325103456,0.00017752089035309607,0.5423333672765615,0.00044129253147822295,-0.020819484585566535,0.0012207533609728013,33.43785484333171,0.0010129946076751035,29240,0.16672443382305766
LAS_1Torr_OES_Very_Fine_HysterisisTest,0,45.0,1.0,0.33,2,1.1774810509331208,0.0012176896769959223,0.36350284348480894,0.00037638636745011107,0.2900158111354187,0.00024497904140938887,0.5000301629917734,0.0005171051943291566,-0.02634007081953555,0.0011947834000289933,65.62500893355607,0.0009862596008951916,29705,0.16198990672220795
LAS_1Torr_OES_Very_Fine_HysterisisTest,0,45.0,1.0,0.33,4,1.174950980910912,0.0009414390354649142,0.36334443718700826,0.00029369246957267417,0.29051365958857883,0.00018804534909947675,0.4989557411787149,0.00039979234823123855,-0.02532454490314912,0.001041164352492382,38.72517929976776,0.000991918462626024,29733,0.16198610598326274
LAS_1Torr_OES_Very_Fine_HysterisisTest,0,45.0,1.0,0.33,6,1.1731254788842482,0.0009188736384506994,0.3643135503086974,0.0002873555688838988,0.29174179272018086,0.00018483626412526473,0.49818052184485706,0.0003902097064230752,-0.025068043215254132,0.0009927322416472318,37.948804781538705,0.0009900661323509203,29634,0.1619894661174072
LAS_1Torr_OES_Very_Fine_HysterisisTest,0,45.0,1.0,0.59,2,1.2603903673215087,0.0012671561938346248,0.3671304099735018,0.00037304045313362035,0.2736422002385992,0.00022543483732481438,0.5352385079195907,0.0005381116898968688,-0.01906257525688206,0.0014727093930251664,52.10180978098229,0.001010863568596045,28342,0.1673405603033221
LAS_1Torr_OES_Very_Fine_HysterisisTest,0,45.0,1.0,0.59,4,1.3055087660209015,0.0011075138488808175,0.3753953637601007,0.00032393437168113244,0.2701325400074782,0.00018504111071319801,0.5543985277243312,0.00047031782798768454,-0.018327957167265357,0.0013378459930274093,37.2463688969354,0.0009988954711485317,28107,0.1672840669650024
LAS_1Torr_OES_Very_Fine_HysterisisTest,0,45.0,1.0,0.59,6,1.3266805879528822,0.001115450423364135,0.38213840057155435,0.0003263903752237421,0.2705964513082393,0.0001833464662102949,0.5633893726836547,0.0004736881808518301,-0.018068005723678532,0.0012999217157395196,35.48714537539332,0.001016221467595752,28365,0.16724104909161447
LAS_1Torr_OES_Very_Fine_HysterisisTest,0,45.0,1.0,0.07,2,1.1799379381192086,0.0008484241718892517,0.34827672636275536,0.00025193515446524475,0.27728927893459665,0.00016212554039692837,0.5010735069157697,0.0003602925725384255,-0.029586407023177105,0.0008504587801035046,23.300665245360996,0.0010985670382937334,30309,0.16560069617447254
LAS_1Torr_OES_Very_Fine_HysterisisTest,0,45.0,1.0,0.07,4,1.1211066368798885,0.000772147009978885,0.3330785142502777,0.00022987584098420758,0.27910491538203924,0.0001563066061673953,0.4760901535748367,0.0003279006443011388,-0.028651596931983585,0.00073629115732207,26.641763726941047,0.0009943892010064828,30582,0.1657839983767976
LAS_1Torr_OES_Very_Fine_HysterisisTest,0,45.0,1.0,0.07,6,1.1569434967998966,0.0008138193729654319,0.3442604387490988,0.00024335805896155756,0.2795392261047802,0.00016030334838703053,0.4913086667668021,0.0003455972674781337,-0.028586679671460384,0.0007554749396090081,26.029389990654426,0.0010250625716846746,30251,0.16576300658000642
LAS_1Torr_OES_Very_Fine_HysterisisTest,0,45.0,1.0,0.52,2,1.2144696149092462,0.001201476280657466,0.3625798713802138,0.0003585650489476908,0.2804689746858354,0.00022724741617435884,0.5157377598649091,0.0005102199988456761,-0.020423308884157887,0.0011366984551242256,54.864333895281284,0.0010018130877108389,28925,0.16471718272017388
LAS_1Torr_OES_Very_Fine_HysterisisTest,0,45.0,1.0,0.52,4,1.1267660601354146,0.0009939631202940296,0.3361827826546901,0.0002974210543462632,0.28029122428913317,0.00020165881084849603,0.47849348934882435,0.000422097273374011,-0.01989177991392968,0.0010896046685584682,43.47565030708523,0.0010051181006068212,28731,0.1648105545269146
LAS_1Torr_OES_Very_Fine_HysterisisTest,0,45.0,1.0,0.52,6,1.186645904120445,0.0010447101420320564,0.3512563675471747,0.0003137427305599043,0.278080702009442,0.00019839343793345997,0.5039221177959902,0.0004436475493049091,-0.019749203219051274,0.0013389103188802853,41.23597759372987,0.0010097612116751291,27487,0.16469432928138247
LAS_1Torr_OES_Very_Fine_HysterisisTest,0,45.0,1.0,0.46,2,1.210941445594587,0.001018145141701086,0.36099001770239175,0.0003057103294422239,0.2800527482991204,0.0001908645650027043,0.5142394843078855,0.00043236643235203335,-0.021989196641938557,0.0014581489405075436,39.977550708096814,0.000989205552437455,27804,0.16302698917137476
LAS_1Torr_OES_Very_Fine_HysterisisTest,0,45.0,1.0,0.46,4,1.1364454120987055,0.0012801558292000362,0.3393643395929657,0.000383248625427766,0.2805339423089068,0.0002576718954629256,0.4826039316663661,0.0005436321267526883,-0.02289844253869404,0.001384678566677665,72.15124787316559,0.0009935287248480508,29226,0.16306264525567693
LAS_1Torr_OES_Very_Fine_HysterisisTest,0,45.0,1.0,0.46,6,1.1553244436211207,0.0009760516766170488,0.3455961144675441,0.0002940409119266787,0.28101705550950357,0.00019278915449901724,0.49062111818652215,0.0004144909835792656,-0.021402630476081083,0.0013577541797255778,40.16270764650734,0.0009979647387752303,27778,0.162963877443852
LAS_1Torr_OES_Very_Fine_HysterisisTest,0,45.0,1.0,0.39,2,1.1677829618421702,0.001040902761076376,0.35330401846498743,0.0003172662200151181,0.2842197364626882,0.00020651979318439634,0.4959117637487336,0.0004420307034810787,-0.025316945754108422,0.0016626006985069569,45.42500058498185,0.0009939133319847551,27071,0.16240810751395654
LAS_1Torr_OES_Very_Fine_HysterisisTest,0,45.0,1.0,0.39,4,1.1642604250150104,0.0010320797873021373,0.35228222714339585,0.00031357216643976575,0.28425518010506756,0.00020553817647374145,0.4944158800889214,0.0004382839314961635,-0.02499772403041465,0.001343533390084975,46.37652381404443,0.000986462114556279,28966,0.16244924358240018
LAS_1Torr_OES_Very_Fine_HysterisisTest,0,45.0,1.0,0.39,6,1.218515078951951,0.0010731810985843532,0.3707414352103793,0.00032904422223122844,0.2858301312896397,0.00020482912948516162,0.5174557102667844,0.0004557380513423685,-0.02428813303146269,0.0015444613131880502,44.910608469926,0.0009943719352821716,27797,0.162463232427127
LAS_1Torr_OES_Very_Fine_HysterisisTest,0,45.0,1.0,0.13,2,1.177102600281817,0.0008704783557349851,0.3924912193163375,0.00029174551164762584,0.31324447240178604,0.00018873589506094673,0.4998694497975306,0.00036965812210229613,-0.026609064506182497,0.0008917346305023405,36.96037913237125,0.0010090472019535204,29523,0.16540961272267693
LAS_1Torr_OES_Very_Fine_HysterisisTest,0,45.0,1.0,0.13,4,1.1623976556196935,0.0010123783498943483,0.3898321258859735,0.0003394483197705891,0.31505812982458176,0.0002260250104268228,0.4936248347607455,0.000429917501352441,-0.026704580350476608,0.0008816388540816044,52.21949346168411,0.0010044992477796198,29545,0.16508150652486478
LAS_1Torr_OES_Very_Fine_HysterisisTest,0,45.0,1.0,0.13,6,1.1833452730395972,0.0008752780699161597,0.3894560082693177,0.00028991572240198515,0.3091823670719256,0.00018578312368505479,0.5025204688301541,0.0003716963730469077,-0.026155860784177944,0.0007899230255517218,36.541531807261315,0.0009997953333501946,30226,0.16512953019102902
LAS_1Torr_OES_Very_Fine_HysterisisTest,0,45.0,1.0,0.26,2,1.1352092959487883,0.0010304421344265278,0.35440068703778044,0.00032057034461691297,0.29328267323762186,0.00021853616610656128,0.48207900146945976,0.0004375884843518838,-0.02755357760973822,0.0010288086550343807,51.45515888042063,0.0009905213043674883,30228,0.16104215318334839
LAS_1Torr_OES_Very_Fine_HysterisisTest,0,45.0,1.0,0.26,4,1.1948039750444173,0.0009839977460283165,0.3719618485079961,0.0003083157682289369,0.29246205573550543,0.0001957301629685395,0.507386531538003,0.0004178653685680614,-0.02748531263197521,0.0010322569513291286,41.325567828755794,0.0009941862540371047,29830,0.16118101966502107
LAS_1Torr_OES_Very_Fine_HysterisisTest,0,45.0,1.0,0.26,6,1.179791473266917,0.001125434825740261,0.36883709318507285,0.00035071180739786213,0.29369538851284976,0.00022990266309764172,0.5010113090197561,0.0004779281661522757,-0.027601697231607276,0.0010271284458295072,58.27005252862505,0.0009778599611412028,30108,0.16108846049652598
LAS_1Torr_OES_Very_Fine_HysterisisTest,0,45.0,1.0,0.0,2,1.208743348243435,0.0009735378671451168,0.3413248821824706,0.00027537613545835127,0.26527824863397,0.00017487957332691496,0.5133060383081411,0.00041342346698612447,-0.031738315710617714,0.0008221453794233738,32.220872875709915,0.0010024306597177918,30510,0.1659262929786755
LAS_1Torr_OES_Very_Fine_HysterisisTest,0,45.0,1.0,0.0,4,1.194676813866283,0.000813416003751166,0.33752561054688474,0.00023183176764502317,0.2654141583592281,0.00014614272921462422,0.5073325311576331,0.0003454259723445132,-0.031251500754631394,0.0007518401634316257,23.009363848845815,0.0010016002104859527,29587,0.1658872066072175
LAS_1Torr_OES_Very_Fine_HysterisisTest,0,45.0,1.0,0.0,6,1.2378521127776279,0.0009313925618764599,0.3503151519113309,0.0002644200080217691,0.2658630296799891,0.00016295089778444962,0.5256673924573114,0.0003955260037138926,-0.03140874742098716,0.0007953421242713338,28.84614045066888,0.0009916903206719538,29544,0.16589570792020777
LAS_1Torr_OES_Very_Fine_HysterisisTest,0,40.0,1.0,1.5,2,1.2378433369459467,0.0010062619956524418,0.3555718813931291,0.0002774141991950201,0.2698544077978609,0.0001825758979046172,0.5256636657047302,0.00042732012485447335,-0.011484995267422235,0.001010701043216684,26.81058344607248,0.00119046837562636,26941,0.11788146777622295
LAS_1Torr_OES_Very_Fine_HysterisisTest,0,40.0,1.0,1.5,4,1.1610958880278552,0.0010012113028800933,0.3319110051623543,0.00027425264652567626,0.2685476494019825,0.00019287130676294591,0.4930720249634171,0.000425175293115417,-0.011219352110398827,0.0009468482679025344,30.08407650756606,0.0011887448915865488,27429,0.11793945291556758
LAS_1Torr_OES_Very_Fine_HysterisisTest,0,40.0,1.0,1.5,6,1.1999093504991678,0.0010078840241806348,0.34429462917315573,0.00027658916087601405,0.2695563705431424,0.00018869655820789063,0.5095545848741905,0.0004280089369493151,-0.010514788127155398,0.0008407895435350476,29.77680452505821,0.001168895898610579,27336,0.11798769989553197
LAS_1Torr_OES_Very_Fine_HysterisisTest,0,40.0,1.0,1.43,2,1.1575733467513813,0.0010613372720600885,0.3256239696099084,0.00028579122633141463,0.26426255990447484,0.00020176661600437295,0.4915761394141553,0.00045070844130942474,-0.012697581402011184,0.0009046681078223076,32.64363062564038,0.0011947161472599245,27188,0.11892099171637643
LAS_1Torr_OES_Very_Fine_HysterisisTest,0,40.0,1.0,1.43,4,1.1023398163388038,0.001307736886373916,0.30958990165893896,0.0003537197004104094,0.2638390543610525,0.0002611724223027123,0.4681206186710186,0.0005553447233190715,-0.01323779850830488,0.0009740014595578788,54.54094330532571,0.0011894138917014287,27385,0.11895628631351357
LAS_1Torr_OES_Very_Fine_HysterisisTest,0,40.0,1.0,1.43,6,1.2580525854582056,0.0014622614140691354,0.3588192851687348,0.0003980972421543448,0.26794445375357406,0.00026898678868807424,0.5342457433691801,0.0006209652483444512,-0.013526104088905701,0.0009854835162259631,54.472978659635174,0.0011837709192875127,27582,0.11890904533877468
LAS_1Torr_OES_Very_Fine_HysterisisTest,0,40.0,1.0,1.37,2,1.2642693059716157,0.001373814100771115,0.3181558157741842,0.00033200636333807255,0.23641120792983772,0.0002128419510322713,0.5368857414983486,0.0005834051326639948,-0.014912192159079702,0.0009238281308222273,37.6410378293185,0.001179102725719481,29680,0.12047961245124753
LAS_1Torr_OES_Very_Fine_HysterisisTest,0,40.0,1.0,1.37,4,1.1903660178125264,0.0011229288608896701,0.30062119044054786,0.0002730968548684341,0.23725034891864336,0.00018519155740183372,0.5055019046251076,0.0004768639808630946,-0.014943534238041355,0.0009148680160250415,28.054152720717447,0.0011842078098609986,29494,0.12044881658385424
LAS_1Torr_OES_Very_Fine_HysterisisTest,0,40.0,1.0,1.37,6,1.2080018173138436,0.0011368108194912332,0.3066389130936891,0.00027729085993996334,0.23846655024138347,0.00018658069708335235,0.5129911391160962,0.0004827591058985962,-0.014701578089620035,0.0008983731690855176,28.451305500177554,0.0011832069965367331,29688,0.12054549340172035
LAS_1Torr_OES_Very_Fine_HysterisisTest,0,40.0,1.0,1.3,2,1.2489924233237755,0.00128347109191436,0.3122851417781774,0.0003070694174570428,0.2348871764888001,0.0002012140593130318,0.5303982467617223,0.0005450399892011669,-0.015396776808842143,0.0007690336642880648,33.32666416637776,0.0011821462456277,30286,0.12095407333960202
LAS_1Torr_OES_Very_Fine_HysterisisTest,0,40.0,1.0,1.3,4,1.1810315376773308,0.0012018842881130257,0.2936951749747865,0.0002871352520280507,0.23361628131298232,0.0001974143041222896,0.501537915888519,0.0005103932636590196,-0.015927099244640208,0.0007390836915396529,32.29301400848862,0.001175599682288579,30163,0.12098790230762638
LAS_1Torr_OES_Very_Fine_HysterisisTest,0,40.0,1.0,1.3,6,1.1974493740592542,0.0013236911271946215,0.2975386574287856,0.0003157719850892665,0.23342857969460554,0.00021498442458692967,0.5085099290648837,0.0005621198655871066,-0.015225359754375892,0.000801374494656201,37.68879786007342,0.0011830177316442994,30145,0.12089286156786788
LAS_1Torr_OES_Very_Fine_HysterisisTest,0,40.0,1.0,1.24,2,1.187599590604103,0.0012225587201971822,0.2994625859173967,0.0002958742406791331,0.23688650536120168,0.0002018319726386662,0.5043271111565956,0.0005191728865978437,-0.013853187878270052,0.0007732365613071688,33.89178263643953,0.0011778436386786003,30572,0.12218326521653268
LAS_1Torr_OES_Very_Fine_HysterisisTest,0,40.0,1.0,1.24,4,1.1983852149568832,0.001227625178436024,0.30181034821022884,0.00029744159780332677,0.23659495182958576,0.00020162051557401497,0.5089073441028624,0.0005213244133140922,-0.014038872336301453,0.000890354188147461,32.5693580205109,0.0011859723823461604,29932,0.12225730474421385
LAS_1Torr_OES_Very_Fine_HysterisisTest,0,40.0,1.0,1.24,6,1.1984633385026842,0.0014242432284320723,0.2995707840479086,0.00034377467492285847,0.23482400596041086,0.00023095327382672258,0.5089405201181446,0.000604820411409974,-0.014262135964090282,0.0009243006583011747,42.45703491014446,0.0011955425396899453,30048,0.12216812721517636
LAS_1Torr_OES_Very_Fine_HysterisisTest,0,40.0,1.0,1.17,3,1.1763047183286706,0.0012819684377112792,0.2927600768467713,0.00030719819118116417,0.23380823490668495,0.00021057920703501976,0.4995306205290988,0.0005444018707146815,-0.013804079880267182,0.0007487116434036829,36.637900219534046,0.0011857609624520583,29742,0.12384262717536815
LAS_1Torr_OES_Very_Fine_HysterisisTest,0,40.0,1.0,1.17,6,1.183887925488003,0.001438988606000065,0.29437879759806423,0.00034340190567391375,0.23359509846204896,0.0002358439918403382,0.5027509121073594,0.0006110821967209611,-0.014327813085315893,0.0008556058469727461,45.68801427086181,0.001181750416558806,29626,0.12388048611111112
LAS_1Torr_OES_Very_Fine_HysterisisTest,0,40.0,1.0,1.17,9,1.216782825226601,0.0013026020332807789,0.30081754390863347,0.0003111354214943777,0.23225115359596826,0.00020541694131699314,0.5167200898404994,0.0005531641519824326,-0.014523542539094549,0.0009242098800834463,34.33345755569961,0.0011843634031989865,29312,0.12385764390896922
LAS_1Torr_OES_Very_Fine_HysterisisTest,0,40.0,1.0,1.11,2,1.2454207665335146,0.0013195792392978153,0.31497938216915505,0.000322410210124955,0.23759309430426592,0.00020834056530801123,0.5288815037741647,0.0005603737075715576,-0.014782712275990489,0.000723657167741702,36.897463975827065,0.0011620010688549055,30024,0.12669778578640342
LAS_1Torr_OES_Very_Fine_HysterisisTest,0,40.0,1.0,1.11,4,1.280227161981533,0.0014055574302076867,0.325203767250535,0.00034225802126946076,0.23863619770092362,0.00021795373943219538,0.5436624189958885,0.0005968852835160971,-0.014783787539100585,0.0007090374037563125,39.74821388373539,0.001168780006644866,29754,0.12664124017062514
LAS_1Torr_OES_Very_Fine_HysterisisTest,0,40.0,1.0,1.11,6,1.1237993146265206,0.001207305693631579,0.2847984644642258,0.00029432229888602,0.23807657733180626,0.00021256842567826336,0.4772336285305192,0.0005126955226065741,-0.014771921450570389,0.0007471388727674481,38.51928513733031,0.001155190705843354,29779,0.12669175678039896
LAS_1Torr_OES_Very_Fine_HysterisisTest,0,40.0,1.0,1.04,2,1.2187512751804483,0.0013269571599871647,0.31044123606690854,0.0003251177990992395,0.23929416604193698,0.00021599427265522718,0.5175560135697886,0.0005635068220126878,-0.01599561643777323,0.0007964871698440428,38.1132123742426,0.0011805108808290257,30787,0.13019098500736423
LAS_1Torr_OES_Very_Fine_HysterisisTest,0,40.0,1.0,1.04,5,1.211972929257053,0.00139980973680552,0.30888310417582465,0.00034228153187483313,0.2394247394627185,0.000230352754371394,0.514677515088472,0.0005944444628621812,-0.01590479967050485,0.0007762473250369913,43.937257025681234,0.0011685804548928617,29793,0.13022735012033598
LAS_1Torr_OES_Very_Fine_HysterisisTest,0,40.0,1.0,1.04,8,1.2554066743790184,0.0015542912058889176,0.32127666659497034,0.0003823717356962007,0.24041554305497678,0.0002475232893608552,0.5331221283885914,0.0006600467025787058,-0.01595046419574042,0.0007999870733447184,50.65113128697877,0.00116852874203372,30093,0.13023042522492956
LAS_1Torr_OES_Very_Fine_HysterisisTest,0,40.0,1.0,0.98,2,1.1452300461480807,0.0012489421066013938,0.2956383655698435,0.0003109494325705735,0.2425134605612984,0.00021903947549854652,0.4863344222692095,0.0005303768792171034,-0.01571153655491887,0.0008659499153174862,40.21850483769288,0.0011661972939884507,30026,0.13306159569303116
LAS_1Torr_OES_Very_Fine_HysterisisTest,0,40.0,1.0,0.98,4,1.224116405382931,0.0013851880531373173,0.3171425080558136,0.00034454574631481,0.24338820509045864,0.00022924751707490215,0.5198343745909647,0.0005882352055140213,-0.015368510981405478,0.0008121318608018739,42.96561055181916,0.0011741449882016373,30083,0.13306604617399073
LAS_1Torr_OES_Very_Fine_HysterisisTest,0,40.0,1.0,0.98,6,1.117832577843887,0.001310842289216122,0.29054135722275726,0.0003269040148756042,0.2441737585654523,0.00023942450198116794,0.47469978871748364,0.0005566634664853524,-0.015494679179586801,0.0008507081310104407,46.54115174172465,0.0011707791976277237,29878,0.133078106077656
LAS_1Torr_OES_Very_Fine_HysterisisTest,0,40.0,1.0,0.91,2,1.2208154101838122,0.0013486831913140894,0.3204660393941608,0.00034130217472570464,0.246603820244026,0.00022643261216795626,0.518432570998336,0.0005727330180325366,-0.015894195933840893,0.0007759689554560629,42.33779465211784,0.0011652709274982793,29941,0.1360801760131233
LAS_1Torr_OES_Very_Fine_HysterisisTest,0,40.0,1.0,0.91,4,1.2095730673363183,0.001400076137033849,0.3163300708700944,0.0003529286367928533,0.24568359611667964,0.00023691313127446404,0.5136583875649916,0.0005945575926229419,-0.015881295106181626,0.0007669628897091835,45.971698573619236,0.0011681811209293313,30281,0.13604054531915122
LAS_1Torr_OES_Very_Fine_HysterisisTest,0,40.0,1.0,0.91,6,1.1858884473883426,0.0012707835687526552,0.310456718170005,0.0003216364720105637,0.24593764709822324,0.00021814147035835083,0.5036004555383155,0.0005396520941947194,-0.01575649013922541,0.0007553924520565502,39.123414796046745,0.0011711904442512668,30308,0.13597507349756147
LAS_1Torr_OES_Very_Fine_HysterisisTest,0,40.0,1.0,0.78,2,1.1760556131172328,0.001494066949384551,0.3084230801696221,0.0003962386535800648,0.246369419856535,0.0002542723136397247,0.49942483528577913,0.0006344718156010578,-0.02019917672588044,0.001594593313135733,52.554802889770706,0.0011415912108574903,27397,0.1431949379681648
LAS_1Torr_OES_Very_Fine_HysterisisTest,0,40.0,1.0,0.78,4,1.2105714211881706,0.0012439862034961918,0.316684406607451,0.0003284318602365249,0.24575595618961305,0.00020513225040561572,0.5140823494103814,0.0005282723009434219,-0.018719089344126413,0.0013492093409529257,34.30714104708072,0.0011423841550853423,27955,0.14324107181161982
LAS_1Torr_OES_Very_Fine_HysterisisTest,0,40.0,1.0,0.78,6,1.1694812431730983,0.0011411047284380475,0.30512084889550134,0.00030086077267954954,0.24510175057035152,0.00019273830698674546,0.4966329574274232,0.00048458256113708683,-0.019231487399444486,0.0013582231265856822,30.206636693704617,0.001152210437392398,27603,0.1430943229686176
LAS_1Torr_OES_Very_Fine_HysterisisTest,0,40.0,1.0,0.85,2,1.2417858920466511,0.0014235955047649151,0.32614439618596214,0.0003613606528034655,0.24673513041052555,0.00023557899000595304,0.5273379147026627,0.0006045453484944344,-0.015557504560458636,0.0007796637134427708,44.73579971725575,0.001172905661884046,30209,0.13937729158658213
LAS_1Torr_OES_Very_Fine_HysterisisTest,0,40.0,1.0,0.85,4,1.200660699197508,0.0012835136436508937,0.3129231198257456,0.0003237401680411174,0.24484156458838605,0.0002165961225978808,0.5098736532887496,0.000545058059259906,-0.015359476305316477,0.0007230794964899856,38.29576225873794,0.0011777317137296665,30082,0.13927654603261042
LAS_1Torr_OES_Very_Fine_HysterisisTest,0,40.0,1.0,0.85,6,1.1820297279236713,0.0013017029529231185,0.30820461422706497,0.0003291046813306218,0.24495061099753196,0.00022230578435517888,0.501961808257045,0.0005527823477084468,-0.015373734268493082,0.0007315394463927791,41.82172020041085,0.0011577992064302175,29859,0.13929046906866985
LAS_1Torr_OES_Very_Fine_HysterisisTest,0,40.0,1.0,0.72,2,1.1288275146953721,0.0010577920795672678,0.3023325258045339,0.0002860101809295548,0.25160836496871747,0.00018970708936806018,0.47936890849786185,0.00044920293667423974,-0.020023488196555552,0.0014698671760019532,31.208809991169794,0.0011166775301447442,28893,0.14712879422084785
LAS_1Torr_OES_Very_Fine_HysterisisTest,0,40.0,1.0,0.72,4,1.2337432583598769,0.0011215201330294637,0.3311076601627405,0.00030348105042529803,0.25212286033757664,0.00018464198146773473,0.5239225226417086,0.00047626574922192134,-0.01963294870632959,0.0013956878397333918,30.25202866618746,0.0011066333251565912,28929,0.14717402562592793
LAS_1Torr_OES_Very_Fine_HysterisisTest,0,40.0,1.0,0.72,6,1.1609253748099146,0.0010736936468481039,0.3096610355074281,0.00029065387224311024,0.250582101854778,0.00018434470907646169,0.4929996146668,0.0004559557105494201,-0.019388625425461638,0.0013976904640176453,30.39091301727063,0.0011099405184559305,28788,0.14714086802439857
LAS_1Torr_OES_Very_Fine_HysterisisTest,0,40.0,1.0,0.65,2,1.1746749254061146,0.001211966304207153,0.3424309098451007,0.00035514906120099433,0.27385649861923284,0.00023188510201288445,0.4988385111995579,0.0005146747016888181,-0.019413752416747792,0.0014712751705304398,45.794062260226326,0.001101904953118095,27627,0.1495629430408659
LAS_1Torr_OES_Very_Fine_HysterisisTest,0,40.0,1.0,0.65,4,1.126481067374892,0.000961977849608364,0.33078014812101597,0.00028505757495279833,0.2758565689193767,0.00019117936701948783,0.4783724640666062,0.0004085143795332865,-0.01889932085855289,0.001367352093795596,32.189896183052575,0.0010982992293366131,28032,0.14951567891058304
LAS_1Torr_OES_Very_Fine_HysterisisTest,0,40.0,1.0,0.65,6,1.1969859650574477,0.0012785509119443328,0.35323238168807963,0.00037816622020241277,0.2772293720133301,0.0002437247254685585,0.5083131373810417,0.0005429505811462246,-0.01943245105256606,0.0015000294154271848,51.45707366062473,0.001088198124092833,28585,0.14958844224278775
LAS_1Torr_OES_Very_Fine_HysterisisTest,0,40.0,1.0,0.59,2,2.305533144837532,0.0018565645934677769,0.7925746408495576,0.0006769633157960344,0.322950969251206,0.0002220409679652139,0.9790697805985554,0.0007884103914375233,-0.018938420826794592,0.0010090994762063166,37.55638790436375,0.0010998244906256574,26880,0.15326864375787472
LAS_1Torr_OES_Very_Fine_HysterisisTest,0,40.0,1.0,0.59,4,1.4237962130484003,0.0020052335275020264,0.45622825598271116,0.0006612085339746251,0.30102470236849577,0.00033947621856544093,0.6046305814547657,0.0008515442747879581,-0.020434399456398137,0.0016732019642170407,101.202395054533,0.0010895422598241765,27215,0.15344226988436158
LAS_1Torr_OES_Very_Fine_HysterisisTest,0,40.0,1.0,0.59,6,1.2766976980649538,0.0010227233459023087,0.40615175399439635,0.0003338518275645293,0.29886017581914204,0.00018289812340963047,0.5421635936720481,0.0004343106166691676,-0.019410577753625022,0.0014832229325092634,30.75198294793353,0.0010918804054887406,26758,0.15336143961416493
LAS_1Torr_OES_Very_Fine_HysterisisTest,0,40.0,1.0,0.52,2,1.1389386834383473,0.0010300373183757393,0.3690843626044257,0.000336053790447595,0.30443395615376534,0.00022532640853877603,0.48366272651776165,0.00043741657480336315,-0.02098089224977578,0.0014879645709738297,50.93448644445814,0.0010173440791824205,28349,0.1562616271304162
LAS_1Torr_OES_Very_Fine_HysterisisTest,0,40.0,1.0,0.52,4,1.1451898102291327,0.0009566264587523048,0.37020886485162735,0.000311693114278768,0.3036946412203174,0.00020661627475892575,0.4863173356476509,0.00040624185307533,-0.020605250015726922,0.0014808215187599365,42.80735716514806,0.0010260719103395257,28077,0.15630880683336004
LAS_1Torr_OES_Very_Fine_HysterisisTest,0,40.0,1.0,0.52,6,1.1895491952721164,0.0010461818301549682,0.384575799603724,0.0003394445492928332,0.30371576397966366,0.00021834934605169737,0.5051550320298391,0.00044427251770791604,-0.020643121535124563,0.001266618083942158,44.03995134580377,0.0010684978929177767,28528,0.1566133467925083
LAS_1Torr_OES_Very_Fine_HysterisisTest,0,40.0,1.0,0.46,2,1.2064190522721916,0.0009520877014122887,0.3768509331812242,0.0003015118047337317,0.2934534351694886,0.00018750025348304882,0.5123190006887918,0.0004043144202977835,-0.022565616887584995,0.0015593661467688154,33.44688763844139,0.00105537444652259,27098,0.160054351198674
LAS_1Torr_OES_Very_Fine_HysterisisTest,0,40.0,1.0,0.46,4,1.243039706556895,0.0010260351081717897,0.38661495200656026,0.000323305479570013,0.2921873665835431,0.00019539793444755423,0.5278703607011965,0.0004357169926155884,-0.021804696664071074,0.001456338457780209,39.84448915866461,0.001005706261330269,27423,0.160097278828497
LAS_1Torr_OES_Very_Fine_HysterisisTest,0,40.0,1.0,0.46,6,1.1290668001061452,0.0009907959272495886,0.3497138164703274,0.0003076876929894411,0.29097852849598244,0.00020847820672486623,0.4794705236557921,0.0004207522903248289,-0.023707518963826026,0.0013946796205140618,43.713331847766966,0.001026753313842638,29025,0.16006483637530966
LAS_1Torr_OES_Very_Fine_HysterisisTest,0,40.0,1.0,0.33,1,1.1867039909026558,0.0009450110995562156,0.3610280225240606,0.00028914514249038037,0.2858026817254895,0.0001843087822024294,0.5039467849812103,0.00040130926418362276,-0.026371769231456402,0.0012380357797817179,36.31330453583296,0.0010028659472541346,29559,0.16630000083333335
LAS_1Torr_OES_Very_Fine_HysterisisTest,0,40.0,1.0,0.33,2,1.1730725402025408,0.001055480779143705,0.3586788886385234,0.00032188269822452204,0.28724252552311164,0.0002118705004210593,0.4981580408566308,0.00044822141775586625,-0.025640709030604513,0.00115688025730274,46.06232245601732,0.0010125288087987384,29755,0.1664028283333333
LAS_1Torr_OES_Very_Fine_HysterisisTest,0,40.0,1.0,0.33,3,1.2055174555530335,0.0010853180406097723,0.36999672725890576,0.00033465011971730164,0.2883315517189476,0.00021199808475577558,0.5119361278144672,0.0004608921360678786,-0.02604016441895742,0.0012678015436599984,46.199564779647226,0.0010124043768928656,29385,0.16632060083333333
LAS_1Torr_OES_Very_Fine_HysterisisTest,0,40.0,1.0,0.39,2,1.1855430179709063,0.0011177690688757471,0.35432336396251324,0.0003346699553070964,0.2807697163029627,0.0002162379279721562,0.5034537651709707,0.00047467281894190614,-0.02518650361024721,0.0015829995852659042,26.253246525921636,0.0013704970009483545,27484,0.16486682055949367
LAS_1Torr_OES_Very_Fine_HysterisisTest,0,40.0,1.0,0.39,4,1.1549927289510242,0.0009237677582292895,0.3496391942735146,0.0002820093730418793,0.2843862865642138,0.00018484347633549114,0.490480251936128,0.00039228804773366383,-0.02550023373741216,0.0015935801475405848,14.950867956060401,0.0015595584945109458,27535,0.1637366166647957
LAS_1Torr_OES_Very_Fine_HysterisisTest,0,40.0,1.0,0.39,6,1.2416389213748673,0.0010542633156571096,0.3730528784172933,0.00031875374385465595,0.28225579504494724,0.00019451741957981388,0.5272755020048883,0.00044770440861575624,-0.02419435802059527,0.001330715332661893,13.64803872216544,0.0017220217674463604,27621,0.16383534644194753
LAS_1Torr_OES_Very_Fine_HysterisisTest,0,40.0,1.0,0.2,2,1.173484593558461,0.0009281193367779207,0.3691021581079897,0.0002922659740334453,0.29548604973471587,0.00019083964158411086,0.49833302380566324,0.0003941359929971729,-0.027805079556560516,0.000992099432031222,39.97040404650704,0.0009822404958773697,30258,0.15947221658060123
LAS_1Torr_OES_Very_Fine_HysterisisTest,0,40.0,1.0,0.2,4,1.053002504959308,0.0007323331955760156,0.32888074678889084,0.00023065394798475652,0.2934112999018974,0.00016412395693369644,0.4471689916099166,0.00031099327403864976,-0.027440425216636238,0.0009175288245554454,30.1580701337425,0.0009844586084719151,30218,0.15943942675321474
LAS_1Torr_OES_Very_Fine_HysterisisTest,0,40.0,1.0,0.2,6,1.207140778547837,0.0012858895334110223,0.37930992626531246,0.0004045167497451177,0.29519165556076815,0.00025869778077310834,0.5126254896186649,0.0005460670067440851,-0.02816437501679604,0.0010814646706197052,71.10007727381016,0.0009844665069585958,30088,0.15944823019556428
LAS_1Torr_OES_Very_Fine_HysterisisTest,0,40.0,1.0,0.26,2,1.212219443519231,0.0009760956190320232,0.3777237393818504,0.00030512818874183043,0.29272568075213556,0.0001918176085118825,0.514782200056947,0.0004145096442047632,-0.027286195499214683,0.0012427183962434273,39.706755058465475,0.0009928855634618937,29898,0.16435304020657668
LAS_1Torr_OES_Very_Fine_HysterisisTest,0,40.0,1.0,0.26,4,1.145707870444865,0.0008921277543115788,0.35798208408135485,0.0002796334510499227,0.2935318186843176,0.00018587134341660036,0.48653733556519263,0.00037885177518940885,-0.02668796264250219,0.0011557135457217706,36.33372123304114,0.0010082762036158906,29979,0.16433634077428663
LAS_1Torr_OES_Very_Fine_HysterisisTest,0,40.0,1.0,0.26,6,1.1347530886887174,0.0008469887434929475,0.35110627580393516,0.000265605451351275,0.2906732112593523,0.0001743816975171441,0.4818852680837458,0.00035968300222355865,-0.02680544191547542,0.0011915215952082725,33.28596689310026,0.0009954904042526651,29685,0.16432402963690285
LAS_1Torr_OES_Very_Fine_HysterisisTest,0,40.0,1.0,0.13,2,1.165576504433563,0.0009678732945246912,0.3656322867973194,0.00030315715358984735,0.2946941699725922,0.00020064113434551027,0.494974767559465,0.0004110179444782034,-0.028113764126438665,0.0008311904436504845,43.06064650151454,0.0009913707831600096,30434,0.15815710832905255
LAS_1Torr_OES_Very_Fine_HysterisisTest,0,40.0,1.0,0.13,4,1.1460273868547746,0.0008038406352470678,0.3578678604047009,0.0002519296279308054,0.29335634799734656,0.0001661685242252917,0.4866730216914356,0.00034135968773635225,-0.027337358176537138,0.0007123865877556845,30.043237293621885,0.000997550954303649,30532,0.15818409143202664
LAS_1Torr_OES_Very_Fine_HysterisisTest,0,40.0,1.0,0.13,6,1.1085096710505973,0.000736397326519247,0.34460521545252104,0.0002313200190715531,0.2920452516427768,0.00015577058157410548,0.47074071472668655,0.00031271915154330556,-0.027566784331198888,0.000750045290834481,27.23418674790102,0.0009836861919601603,30252,0.15822275637166766
LAS_1Torr_OES_Very_Fine_HysterisisTest,0,40.0,1.0,0.07,2,1.209025167198109,0.001188531787094788,0.3708655874392924,0.00036255600447799034,0.2881701454029595,0.00023298290550420313,0.5134257157991106,0.000504722978557441,-0.0281579828176214,0.0009871651567372897,56.87844611106648,0.0010023270082279488,30714,0.1574303750467265
LAS_1Torr_OES_Very_Fine_HysterisisTest,0,40.0,1.0,0.07,4,1.065119119205291,0.0008219499202141916,0.3260462068743227,0.00025215793542382144,0.28757343267379754,0.00018132015252043577,0.45231444392231346,0.00034904999299145543,-0.027669609740968167,0.0009398389436795308,35.1283797933156,0.0009929773937407543,30336,0.1574429402969134
LAS_1Torr_OES_Very_Fine_HysterisisTest,0,40.0,1.0,0.07,6,1.2167186007805153,0.0008748386381390154,0.3724130501590516,0.000268631900287421,0.2875428239275907,0.00016818025274381614,0.5166928162294134,0.0003715097635528737,-0.02770475958617076,0.0009258160059587893,29.953320173519657,0.001004368842344629,30411,0.15746255790745486
LAS_1Torr_OES_Very_Fine_HysterisisTest,0,35.0,1.0,1.5,2,1.1698309765911714,0.0009788870049774181,0.32649109689464906,0.0002625591197107996,0.2621899348913925,0.0001821067267398194,0.4967814755355526,0.0004156950366729839,-0.011381645661356517,0.0009053869657078806,24.50507728678724,0.0012375494799970062,27280,0.11145597676883513
LAS_1Torr_OES_Very_Fine_HysterisisTest,0,35.0,1.0,1.5,4,1.1833647689867146,0.0009932218284802422,0.33019382876224346,0.0002652326570683112,0.2621308324071825,0.00018343816435763177,0.5025287479966061,0.0004217824757250987,-0.011349600452269829,0.0009200357559580859,25.459427410549075,0.0012210494744867005,27388,0.11154804651579307
LAS_1Torr_OES_Very_Fine_HysterisisTest,0,35.0,1.0,1.5,6,1.2535826169905253,0.001046795811281749,0.34973950051595487,0.0002799942789117432,0.26209546954891066,0.0001821409629450454,0.5323475225360796,0.0004445332514858862,-0.011688717699973478,0.0009524817324432184,25.209046972958227,0.0012205564778057342,27238,0.11152705119673745
LAS_1Torr_OES_Very_Fine_HysterisisTest,0,40.0,1.0,0.0,2,1.1921783332959022,0.000980012853967695,0.36828828513577067,0.00030278903850991924,0.29021140101447845,0.00019472785652766805,0.5062715241496228,0.0004161731407186211,-0.028964819616601026,0.0007506800690186653,39.316784497052105,0.001009939417719777,30286,0.1570674862078279
LAS_1Torr_OES_Very_Fine_HysterisisTest,0,40.0,1.0,0.0,4,1.2441766588782468,0.0008319654560135201,0.38429971034851457,0.0002564309616790447,0.2901721966238897,0.00015810952338627085,0.5283531798974026,0.0003533031994394228,-0.02829332003731874,0.0006108233981081419,26.84657349042946,0.0009984282946464283,30648,0.15710361192008174
LAS_1Torr_OES_Very_Fine_HysterisisTest,0,40.0,1.0,0.0,6,1.2224797687451205,0.0011483669658487628,0.37684451567447447,0.00035252682253805745,0.2895931657515453,0.00022303938573770796,0.5191393590031435,0.0004876665494129807,-0.028626743336637013,0.0007008122800435519,52.79216046309095,0.000997028169449425,30621,0.15707505095562685
LAS_1Torr_OES_Very_Fine_HysterisisTest,0,35.0,1.0,1.43,2,1.2264299156495926,0.001123584924534019,0.34882501976708985,0.0003063740845911534,0.26719767932175514,0.0002049735999623045,0.5208168319432976,0.00047714258544085547,-0.013955977254348695,0.0008967448558612779,31.758461713293283,0.0012183749661028984,29611,0.11169537820451247
LAS_1Torr_OES_Very_Fine_HysterisisTest,0,35.0,1.0,1.43,4,1.1903523989889226,0.0010102611587549876,0.3365414204717801,0.0002747569614933274,0.2656016457699989,0.00018688764792698035,0.5054961212432171,0.00042901841305742315,-0.013712852734311776,0.0008747637506353981,26.63369619554078,0.0012238730103588471,29439,0.1117056178418564
LAS_1Torr_OES_Very_Fine_HysterisisTest,0,35.0,1.0,1.43,6,1.1884772328476452,0.0010137635279684975,0.3365154245923808,0.00027539492139211185,0.26600016052646624,0.0001885906205909885,0.5046998115017426,0.00043050573232026896,-0.012957065526295128,0.0007792572163204556,28.109420110486393,0.0012044412689097956,29681,0.1117027892743924
LAS_1Torr_OES_Very_Fine_HysterisisTest,0,35.0,1.0,1.37,2,1.215663504427761,0.001061542941686589,0.3469762147653026,0.0002908229523541163,0.2681353761015135,0.00019479042785564726,0.5162447580625141,0.00045079578115814667,-0.015790096618999078,0.0010241475367148679,29.771146252502742,0.0012022094143829152,29495,0.1133691726400235
LAS_1Torr_OES_Very_Fine_HysterisisTest,0,35.0,1.0,1.37,4,1.1625316725979795,0.0011090643965506006,0.33199777655864743,0.00030294501096721774,0.2682860992918919,0.00021348180387317637,0.4936817465313789,0.0004709762849568508,-0.015190473146845133,0.0009261577235395856,36.27211765988663,0.0011972868365355267,29894,0.11332607080022852
LAS_1Torr_OES_Very_Fine_HysterisisTest,0,35.0,1.0,1.37,6,1.2780350247107928,0.0010890830553200107,0.3655796255929212,0.0003000237447195738,0.2687243479049162,0.00018950925355928685,0.5427315040092567,0.0004624909906037839,-0.015102616440391152,0.0009456150985029321,28.105395527703063,0.0012131950385832148,29490,0.1134131335965699
LAS_1Torr_OES_Very_Fine_HysterisisTest,0,35.0,1.0,1.3,3,1.1615241769824627,0.0010549720882751705,0.33482004119807,0.00029098077681784137,0.2708014474346746,0.00020536742577913615,0.49325390253640244,0.0004480053966337394,-0.016851554771355515,0.0009252994665145083,33.2303080781563,0.0011997558057688874,30103,0.11567541126253383
LAS_1Torr_OES_Very_Fine_HysterisisTest,0,35.0,1.0,1.3,6,1.2186098475412066,0.0011032847533331345,0.3533418762250664,0.00030661455892171,0.27239442658474083,0.0002053480301415353,0.517495954781203,0.00046852189646561047,-0.016227011437394873,0.0008104257310315044,33.38316554040718,0.0011989207192844454,30127,0.11569880018887711
LAS_1Torr_OES_Very_Fine_HysterisisTest,0,35.0,1.0,1.3,9,1.1900818262684902,0.0010553071658322085,0.34464112272157055,0.0002926951949752791,0.27205584633850255,0.00020100046926031022,0.5053812195882038,0.00044814769097072923,-0.016381996865018674,0.0008333525463844984,31.476111100061637,0.0012057479206372768,30136,0.11574981524210808
LAS_1Torr_OES_Very_Fine_HysterisisTest,0,35.0,1.0,1.24,2,1.225391297385462,0.0011500507678579527,0.36180286369353853,0.0003246872417802834,0.2773735201312449,0.00021744504744105738,0.5203757713763459,0.0004883815942898675,-0.013972658550073151,0.0008928766646943215,37.20804267469227,0.0011967726171348866,30392,0.11761151707656836
LAS_1Torr_OES_Very_Fine_HysterisisTest,0,35.0,1.0,1.24,4,1.1731363523560714,0.0010831829959882943,0.34776297246767024,0.00030708204642548246,0.27848553139743565,0.00021454039586483455,0.49818513938318926,0.0004599854660970741,-0.01335974139826162,0.0008194030025962688,35.58921062510274,0.001210061794750357,30360,0.11765952157454553
LAS_1Torr_OES_Very_Fine_HysterisisTest,0,35.0,1.0,1.24,6,1.2498313523616251,0.0011711070840867898,0.3693790497725706,0.0003319357584013196,0.2776442186950385,0.00021649557596023757,0.5307545071220925,0.0004973233884933224,-0.013693838295884825,0.000870261673428318,37.142137528018615,0.0011964231956189835,30229,0.1176933497594485
LAS_1Torr_OES_Very_Fine_HysterisisTest,0,35.0,1.0,1.17,2,1.2077918640477088,0.0010759043881255587,0.36488287734047503,0.0003134994415241303,0.28381096738311384,0.0002087252646390757,0.5129019801731112,0.0004568945259302896,-0.014593017426768847,0.0009473563662969323,36.44819113438316,0.0011673756548400325,29622,0.11910437469304849
LAS_1Torr_OES_Very_Fine_HysterisisTest,0,35.0,1.0,1.17,4,1.2598274450899765,0.0011662328470880192,0.37992710397182794,0.00033794443228786383,0.2833068020946651,0.0002172536083403076,0.5349994568580372,0.0004952534906219093,-0.014061583352586128,0.0008196791944167911,37.359718018508296,0.0012022062213045922,29905,0.11914574475112903
LAS_1Torr_OES_Very_Fine_HysterisisTest,0,35.0,1.0,1.17,6,1.2661299876141079,0.0011510899882706059,0.3837193871726264,0.00033529729114282114,0.28471033811389157,0.00021532920718034382,0.5376759002395307,0.0004888229105657529,-0.014535116747613585,0.0009430011136982146,37.21967778319396,0.0011854041475598453,29345,0.11909867977715506
LAS_1Torr_OES_Very_Fine_HysterisisTest,0,35.0,1.0,1.11,2,1.217037123543169,0.0011843049204052821,0.37464063026989514,0.00035011639708903383,0.2891870489261938,0.00023567683050317704,0.5168280803925183,0.0005029279935442867,-0.014959135876040638,0.0008976969778004382,43.56881572971698,0.001191533178714959,29573,0.12114516499850293
LAS_1Torr_OES_Very_Fine_HysterisisTest,0,35.0,1.0,1.11,4,1.2132743753549307,0.0011400805674351678,0.3734227959828496,0.00033594400007046693,0.28914094156148185,0.00022664083925399032,0.5152301883598858,0.0004841476400037115,-0.014187652739212754,0.0007768010070727171,41.62567673162641,0.0011788245408303867,30125,0.1211725366514821
LAS_1Torr_OES_Very_Fine_HysterisisTest,0,35.0,1.0,1.11,6,1.1561935489262287,0.0012042147288679466,0.35542008037055434,0.000354305621083497,0.2887880436702118,0.0002504288982674531,0.4909901932277092,0.0005113829107277366,-0.014519835590834824,0.0008349727728616703,50.10247718645719,0.0011906108712489553,30828,0.12114668294448183
LAS_1Torr_OES_Very_Fine_HysterisisTest,0,35.0,1.0,1.04,2,1.1575434043550943,0.001137027954042592,0.35344183541937735,0.00033356459360677724,0.2868457759732806,0.00023463306946837746,0.4915634240491955,0.0004828513144526286,-0.015875357417697713,0.0009817801450694196,44.657636018055015,0.0011820699255335762,30633,0.12397876919606148
LAS_1Torr_OES_Very_Fine_HysterisisTest,0,35.0,1.0,1.04,4,1.2160484962953537,0.0011951279343150204,0.3719582386239942,0.0003505413812176132,0.2873499178259506,0.00023540035886365397,0.5164082490555542,0.0005075241043734672,-0.015802011499995928,0.0009885063746340192,44.88027393270415,0.0011782254563979758,30613,0.12398553220346224
LAS_1Torr_OES_Very_Fine_HysterisisTest,0,35.0,1.0,1.04,6,1.1482705285413601,0.001066825094422018,0.34974045624008404,0.0003136488205176021,0.286133985236672,0.0002192550068039319,0.4876255962592116,0.00045303890489347207,-0.015569364503427746,0.0009756450803787931,40.057819770586946,0.0011715909493067252,30525,0.12395371786862311
LAS_1Torr_OES_Very_Fine_HysterisisTest,0,35.0,1.0,0.98,2,1.1925129921682074,0.0012665909436503648,0.33296298200911256,0.0003394237764306395,0.26230140868959245,0.00023226819875902293,0.5064136406875771,0.0005378716502448144,-0.014963201412081392,0.0008543388759693969,43.36830504649239,0.0011811405131442838,29879,0.12506874119408243
LAS_1Torr_OES_Very_Fine_HysterisisTest,0,35.0,1.0,0.98,4,1.1987481608512924,0.001604651303646605,0.33246747983994734,0.00043079526869642805,0.260548758043698,0.00028866725881949773,0.5090614730330858,0.0006814326670238256,-0.015151095757119964,0.0009262744688243646,68.21578920800133,0.0011726621899433172,29835,0.12508794409843416
LAS_1Torr_OES_Very_Fine_HysterisisTest,0,35.0,1.0,0.98,6,1.1377898785522165,0.0010319453446596908,0.31162726795744977,0.00028447889094103255,0.2573008233744086,0.0001892200474409853,0.48317487400072756,0.00043822683896260447,-0.017614217833184315,0.001647441249514887,28.19493024814192,0.0011660626512919904,27301,0.12522898030916993
LAS_1Torr_OES_Very_Fine_HysterisisTest,0,35.0,1.0,0.91,2,1.2156448568826623,0.0012255952848957395,0.33935459010415203,0.0003314718035108596,0.26224957958461714,0.00021743654001321025,0.516236839179227,0.0005204623968960786,-0.016187869858013022,0.0008969745432151293,39.72457776305419,0.001162977609948423,29426,0.12727843418373888
LAS_1Torr_OES_Very_Fine_HysterisisTest,0,35.0,1.0,0.91,4,1.1908229024948236,0.0013766186516195184,0.33357457884599556,0.0003719084166919831,0.26315617035743616,0.0002544089008729417,0.5056959256855539,0.0005845961157517774,-0.01675533185431898,0.0009727311352018338,52.952640413766105,0.0011571425561561982,30140,0.12732390356150475
LAS_1Torr_OES_Very_Fine_HysterisisTest,0,35.0,1.0,0.91,6,1.2223136896926565,0.001474248548409895,0.34173247314986943,0.00039682940201446747,0.26264634629097355,0.00026599883767074655,0.519068831723229,0.0006260557156037455,-0.01637562749001592,0.0009465675181954829,55.74084638394031,0.001174231752152699,29956,0.1273052894891525
LAS_1Torr_OES_Very_Fine_HysterisisTest,0,35.0,1.0,0.85,2,1.1535230272304928,0.0012212165704298572,0.31870217604811185,0.0003378288414572616,0.2595532970859976,0.00022573886820393188,0.48985612708054393,0.0005186029280695234,-0.018955110164408935,0.0015991919335394738,38.805784018199034,0.0011732396796454794,27973,0.12967098186128304
LAS_1Torr_OES_Very_Fine_HysterisisTest,0,35.0,1.0,0.85,4,1.2339988046452957,0.0011756209144457355,0.34016221517781153,0.00032684743047644785,0.2589638373555347,0.000200351230362188,0.524031043157303,0.0004992402357566496,-0.018820099460714015,0.0016008277390448247,31.555729542627066,0.0011656095989095515,27286,0.12977263714949275
LAS_1Torr_OES_Very_Fine_HysterisisTest,0,35.0,1.0,0.85,6,1.157072491572675,0.0010743259969474206,0.31824978595706965,0.0002973875943949255,0.25838978546615765,0.00019381501427012015,0.4913634458031241,0.0004562242449118021,-0.01846380682123165,0.0015475635239798077,29.802487444103228,0.001164675281289744,28010,0.12977377716665062
LAS_1Torr_OES_Very_Fine_HysterisisTest,0,35.0,1.0,0.78,2,1.0924944210629821,0.0010132786685779754,0.29963742371912583,0.0002813153890032376,0.25765858434442485,0.00019261048055687263,0.46393966425091454,0.00043029983149504657,-0.017440102908505804,0.0014220409571939696,28.831467303447592,0.001177346038231571,27978,0.13212305536421787
LAS_1Torr_OES_Very_Fine_HysterisisTest,0,35.0,1.0,0.78,4,1.139577728036392,0.0011211218216496909,0.3131810749158776,0.0003105708868042876,0.25817806852557945,0.00020611538767161244,0.48393410377199947,0.00047609660195284945,-0.017426767041836017,0.0014136803489887425,32.52721190803936,0.0011803354964647107,27750,0.13212456284371832
LAS_1Torr_OES_Very_Fine_HysterisisTest,0,35.0,1.0,0.78,6,1.163533187858661,0.0013153849059725534,0.3209730560572803,0.0003650235027056435,0.259153806238478,0.00023875436421668693,0.49410705090348794,0.0005585925382061478,-0.017741505697529004,0.001537040104956512,42.15770412482398,0.001196198717735872,27948,0.13207775708793848
LAS_1Torr_OES_Very_Fine_HysterisisTest,0,35.0,1.0,0.72,2,1.117222289436021,0.0010623808041572925,0.29913817241958285,0.0002857414721516094,0.25153593274164,0.00019469233438181108,0.47444062309285184,0.0004511515885891526,-0.018628668165849408,0.00141467019951556,29.34454975124498,0.0011769998765150647,28940,0.13473294616371095
LAS_1Torr_OES_Very_Fine_HysterisisTest,0,35.0,1.0,0.72,4,1.1645047059581641,0.0011014821533045112,0.3104576602243263,0.00029587325409195987,0.25045454774064274,0.00019157867343917763,0.4945196166541291,0.0004677564027148556,-0.018257492703882692,0.001359240906277649,28.961344615233195,0.0011707051513507687,28906,0.13471024943643042
LAS_1Torr_OES_Very_Fine_HysterisisTest,0,35.0,1.0,0.72,6,1.2056069524280433,0.001354462671099296,0.3238568038376719,0.00036332158023465725,0.2523568347651745,0.00023209654506176807,0.511974133637969,0.0005751873371204866,-0.018602790548290022,0.0014014838927579373,41.690910327088346,0.0011725707921563158,29066,0.13472480982422044
LAS_1Torr_OES_Very_Fine_HysterisisTest,0,35.0,1.0,0.65,2,1.185850421941465,0.0012039430854015785,0.3210732255277772,0.0003271123675143728,0.2543559893155084,0.00021128424144655741,0.503584307617816,0.0005112675543687905,-0.019279274417202067,0.0012974728564496003,34.65632063704537,0.0011597848856180679,29123,0.13712655013897798
LAS_1Torr_OES_Very_Fine_HysterisisTest,0,35.0,1.0,0.65,4,1.1817998833541408,0.0012232371988634156,0.31909741190669966,0.00032975394574050784,0.2536571618461578,0.0002150127063128906,0.5018642022552549,0.0005194610099589749,-0.018289247863256725,0.0011459755030043845,35.82923669250809,0.0011686267019076976,29364,0.1371114346135343
LAS_1Torr_OES_Very_Fine_HysterisisTest,0,35.0,1.0,0.65,6,1.1555038199709047,0.0012158890945905348,0.3133271341726501,0.0003282229381765818,0.2547383965180891,0.00021960606163490916,0.4906972923086859,0.0005163405573841012,-0.018252958162572556,0.0011528925469350619,38.620168271583154,0.0011558702374219031,29560,0.1371235801528758
LAS_1Torr_OES_Very_Fine_HysterisisTest,0,35.0,1.0,0.59,2,1.2512938408515342,0.0011841963107343098,0.341646779092126,0.00032472548003012914,0.2564990811497882,0.0001975506200102532,0.5313755688006675,0.0005028818712636472,-0.01750369788258038,0.0012902747636337828,30.7897918474222,0.001158626860927486,27952,0.13975749720254882
LAS_1Torr_OES_Very_Fine_HysterisisTest,0,35.0,1.0,0.59,4,1.199666831986099,0.0011892937858983131,0.32589266249614973,0.0003217119630281761,0.25520061723863213,0.00020695956406890486,0.5094515967441291,0.0005050465696552546,-0.01675993449678069,0.0009715453945537717,35.022607055145606,0.001145497265863014,29603,0.1397066582008717
LAS_1Torr_OES_Very_Fine_HysterisisTest,0,35.0,1.0,0.59,6,1.243784178019586,0.001165104790461196,0.33710498259825833,0.000317017584354078,0.25461731471166393,0.00019362416044659773,0.5281865086226744,0.0004947744490793491,-0.017225999923189617,0.0010499946844340063,30.096372533107065,0.0011547090370695166,29296,0.13971373445044438
LAS_1Torr_OES_Very_Fine_HysterisisTest,0,35.0,1.0,0.52,2,1.1421459743208147,0.0009891272975475574,0.3083143669626641,0.0002699412211579614,0.25359456356325083,0.00017580406855557802,0.48502473755093395,0.00042004368853355725,-0.019553112505575836,0.0012144000347442208,25.700077537501965,0.0011485361971121676,29419,0.14124957077387634
LAS_1Torr_OES_Very_Fine_HysterisisTest,0,35.0,1.0,0.52,4,1.1619691004377106,0.001107344347958053,0.3156035136823546,0.0003025539605665741,0.2551614375374634,0.00019807001820136983,0.4934428441314032,0.00047024584757324807,-0.01924030206062191,0.0012246148727532997,32.053805660941144,0.0011380878744331343,29223,0.1414264236278125
LAS_1Torr_OES_Very_Fine_HysterisisTest,0,35.0,1.0,0.52,6,1.1514444558537305,0.001148653939031593,0.31323297370964204,0.0003127252180034062,0.25555964156569455,0.00020841042334355752,0.4889734390886744,0.0004877884157031186,-0.019363808025914142,0.0012212192175869684,34.120001308035285,0.001159600773311242,29334,0.14140462662337663
LAS_1Torr_OES_Very_Fine_HysterisisTest,0,35.0,1.0,0.46,2,1.1242345400869966,0.000970401188314015,0.30689525735527523,0.0002678434900480975,0.2564490194309087,0.00017848250353470378,0.4774184517663306,0.0004120914421302461,-0.020988684716067758,0.0014516756802064297,26.206855493132878,0.0011382791197564347,27071,0.14340601258928382
LAS_1Torr_OES_Very_Fine_HysterisisTest,0,35.0,1.0,0.46,4,1.1980093466406363,0.0011812186351269995,0.32929048746160966,0.00032673605073982434,0.2582181518951125,0.0002074087961023112,0.5087477275253494,0.00050161736885991,-0.020169012076812765,0.0014000915791380106,34.928120172324604,0.0011378506420117733,27589,0.1432680495632044
LAS_1Torr_OES_Very_Fine_HysterisisTest,0,35.0,1.0,0.46,6,1.2268301339974568,0.0012712722164752274,0.33495662733077186,0.0003492038736917371,0.2564908814529379,0.00021690185978200826,0.5209867890271558,0.0005398596037764403,-0.020534842916498208,0.001449368659875773,37.15155642361219,0.0011510562229126102,27738,0.14342872699739098
LAS_1Torr_OES_Very_Fine_HysterisisTest,0,35.0,1.0,0.39,2,1.1672131426459853,0.0011798667508041846,0.3343578012948332,0.00033823939822504295,0.2691095323415885,0.00022157245790146649,0.4956697838159623,0.0005010432764464928,-0.02250093393260706,0.0015332210557545752,40.742006892079786,0.0011275928384698246,27734,0.14700448128172586
LAS_1Torr_OES_Very_Fine_HysterisisTest,0,35.0,1.0,0.39,4,1.176429678816219,0.0012076943633256654,0.33756629604432126,0.0003469372992660312,0.26956338168525473,0.00022621538139327855,0.49958368636222356,0.0005128605754287235,-0.0227004702689079,0.0015594135075144592,42.30045014257534,0.0011240453603191041,27627,0.1471612609275795
LAS_1Torr_OES_Very_Fine_HysterisisTest,0,35.0,1.0,0.39,6,1.1988470186531057,0.001056802044794002,0.34338546097850164,0.0003037833703332713,0.2690827920388833,0.00019253135203953618,0.5091034540761901,0.0004487825076162508,-0.022023624814135216,0.0014048870596677112,30.605479419997007,0.001133546697044866,27809,0.14696824745179288
LAS_1Torr_OES_Very_Fine_HysterisisTest,0,35.0,1.0,0.33,2,1.0894601400053703,0.001092651901091382,0.3385905356798275,0.0003384439152016389,0.29196531360105243,0.00023976715748217926,0.46265112372569916,0.0004640065398615296,-0.02458910223890894,0.0012602756094523332,51.41902214243309,0.0010855463979888547,29694,0.14895206787049237
LAS_1Torr_OES_Very_Fine_HysterisisTest,0,35.0,1.0,0.33,4,1.173656739523739,0.0011589187508217727,0.36490393469397836,0.0003596711747944736,0.2920822995783365,0.00023592786744008383,0.4984061274662343,0.000492147479917745,-0.024196851460781814,0.001232711666550231,47.66890549683732,0.001108217382445484,29499,0.14902152096118626
LAS_1Torr_OES_Very_Fine_HysterisisTest,0,35.0,1.0,0.33,6,1.2121861008399102,0.001076630252324782,0.38006862423868476,0.0003369584503266606,0.29455100485520663,0.00021406385554062761,0.5147680407247334,0.00045720277207451405,-0.02416512404594096,0.0011897464045652706,39.95546693460869,0.0010977572408075518,29778,0.14896754911962212
LAS_1Torr_OES_Very_Fine_HysterisisTest,0,35.0,1.0,0.2,2,1.1490390149643255,0.0009687865354739716,0.4007160502622874,0.0003387930899311643,0.3276195071595229,0.00022567346930822685,0.4879519423953365,0.0004114057622017732,-0.026884356205594567,0.0009274197723556823,50.63648618895154,0.0010272369683618921,29921,0.15600229847796296
LAS_1Torr_OES_Very_Fine_HysterisisTest,0,35.0,1.0,0.2,4,1.120626627464913,0.0008617188582565079,0.39354750013394957,0.00030135587975407125,0.3299164802118394,0.0002073193693241225,0.4758863123445956,0.0003659383060182768,-0.026106781031510533,0.00078171098722681,43.494893560154345,0.0010251782910020136,30389,0.15577161187449168
LAS_1Torr_OES_Very_Fine_HysterisisTest,0,35.0,1.0,0.2,6,1.2091399374850456,0.0008220010385219321,0.42436789493040555,0.0002910121385198607,0.3297112335980966,0.0001807150612688684,0.5134744542524708,0.00034907170093803435,-0.025477542492446197,0.000775067522568223,30.13805847624682,0.0010813655200612785,30099,0.1557608933740516
LAS_1Torr_OES_Very_Fine_HysterisisTest,0,35.0,1.0,0.26,2,1.264261414646662,0.0008894910679922949,0.4505036999686453,0.0003174608101815182,0.3347566927532552,0.0001903882579680236,0.5368823903611903,0.00037773207760366436,-0.026761706264737013,0.0010342969323370995,31.2133841655183,0.0011193610474097596,30050,0.15113330575764372
LAS_1Torr_OES_Very_Fine_HysterisisTest,0,35.0,1.0,0.26,4,1.121524338425706,0.0009483806155924329,0.3992237756910156,0.00033694094187163633,0.33440709628631227,0.00023112202128673247,0.4762675350892751,0.00040274016589661243,-0.02734882077399133,0.0012076225702395958,47.087459958411415,0.0010954638220535722,29837,0.1518139431705285
LAS_1Torr_OES_Very_Fine_HysterisisTest,0,35.0,1.0,0.26,6,1.2019282281908978,0.0009518956365314712,0.4277263380053408,0.0003391655742317893,0.3343145269237197,0.00021604835383007195,0.5104119232920412,0.0004042328578526095,-0.02756438058860934,0.001173902212686456,40.18872785117107,0.001105915430832221,29676,0.1509735273806089
LAS_1Torr_OES_Very_Fine_HysterisisTest,0,35.0,1.0,0.13,2,1.1959222997900194,0.0009943572019274394,0.38600676015564944,0.0003211825149369449,0.30322132163934307,0.0002058950648934191,0.5078614403311237,0.00042226462443518503,-0.03114091117177204,0.0011174236070924353,36.53983304165576,0.0011061742767872595,29347,0.1577056931297649
LAS_1Torr_OES_Very_Fine_HysterisisTest,0,35.0,1.0,0.13,4,1.2113038819246713,0.0009247743852385305,0.37830686379639245,0.0002914261687562013,0.2933991840871389,0.0001802563246734994,0.514393396846064,0.0003927155228655174,-0.02907118441235281,0.0007088709372721248,25.05037615433035,0.0011840911498433237,29362,0.15752275569668236
LAS_1Torr_OES_Very_Fine_HysterisisTest,0,35.0,1.0,0.13,6,1.166662323053366,0.0011850044895696614,0.3771371556761536,0.00038265168054950186,0.30368401912360904,0.00025323350958087533,0.4954358722719436,0.000503225073215345,-0.029595512473051512,0.0010821949337232256,36.62789280853396,0.0013499353359347904,29423,0.15846344740045487
LAS_1Torr_OES_Very_Fine_HysterisisTest,0,35.0,1.0,0.07,2,1.1909068798878648,0.0011688709095245638,0.36315868839796134,0.0003562068954567251,0.28647479977346285,0.00023187301350739503,0.5057315876008746,0.0004963737725908483,-0.028705284096526833,0.0008079032788073458,56.529037262226524,0.0009915370645495218,30323,0.1613100290004714
LAS_1Torr_OES_Very_Fine_HysterisisTest,0,35.0,1.0,0.07,4,1.2189582210142342,0.001050163380999519,0.3715811777156809,0.000319678486860622,0.28637340016360946,0.00020233720107233852,0.5176438953738453,0.0004459633266735322,-0.028450414360506524,0.0007618688796934937,44.143011668374456,0.0009867962495197968,30538,0.16131893554677035
LAS_1Torr_OES_Very_Fine_HysterisisTest,0,35.0,1.0,0.07,6,1.2626595068714286,0.0010070127769253076,0.38337784388085966,0.00030641353021690256,0.2852387650108179,0.00018537809167608392,0.5362021227634121,0.0004276389523056198,-0.02821386292526612,0.0007683249745474466,37.38838288980023,0.000986578199415553,30397,0.1613313616896474
LAS_1Torr_OES_Very_Fine_HysterisisTest,0,35.0,1.0,0.0,2,1.2486809565302845,0.0009134916963035045,0.3785581493750895,0.00027766765128829613,0.2848058471770928,0.0001694687003997659,0.5302659789928335,0.0003879242060263244,-0.028259935634007024,0.0007526906224301054,31.260490748048333,0.0009879134330903604,30546,0.16007673605529657
LAS_1Torr_OES_Very_Fine_HysterisisTest,0,35.0,1.0,0.0,4,1.2133370325476212,0.0008102649248050125,0.3668253650327031,0.0002464780739244883,0.2840178890450239,0.00015335085918854397,0.5152567964197342,0.0003440878323228148,-0.02776157058433355,0.00069199747538255,25.8922751333192,0.0009889293207400007,30458,0.16014538877056206
LAS_1Torr_OES_Very_Fine_HysterisisTest,0,35.0,1.0,0.0,6,1.2247169181303013,0.0010864372830893501,0.3716056862733659,0.00032886734756404096,0.2850456538111001,0.00020687575865733427,0.5200893888748109,0.00046136743458673554,-0.02817083217487438,0.0007702476332102135,46.578205926107195,0.0009871087821329274,30613,0.16013823474253872
LAS_1Torr_OES_Very_Fine_HysterisisTest,0,30.0,1.0,1.5,2,1.2387909548677867,0.0010841249957184759,0.3136802588514669,0.000262872985630471,0.2378794643271149,0.0001734030765063636,0.5260660819844114,0.0004603854965504285,-0.009311493363476326,0.0008773036187500992,22.823095008037868,0.0012221723954414809,27539,0.106160125774821
LAS_1Torr_OES_Very_Fine_HysterisisTest,0,30.0,1.0,1.5,4,1.1590091494742478,0.0010350249661296408,0.291738782555927,0.0002500225679800102,0.23646947748411976,0.0001757821586258489,0.49218586869087694,0.00043953463378813623,-0.009388536624600164,0.0009027253481459775,23.222482266354408,0.001224940709956263,27134,0.10603867582855067
LAS_1Torr_OES_Very_Fine_HysterisisTest,0,30.0,1.0,1.5,6,1.1515836687433378,0.0010013641468613035,0.28996352579434054,0.00024218098658766325,0.23654603046919717,0.00017111339003050976,0.4890325573596867,0.00042524019997805935,-0.008876237503215766,0.000864277328669215,21.130996544043764,0.0012541650086042404,27488,0.10607613561672384
LAS_1Torr_OES_Very_Fine_HysterisisTest,0,30.0,1.0,1.37,2,1.2634615306933767,0.0012373362587652845,0.3267368539510349,0.0003072363471877895,0.2429427200353262,0.00019715736898671466,0.5365427109215775,0.0005254483294280868,-0.015264492129431493,0.0010137317995676095,28.568931150853377,0.0012465073663179926,29802,0.10456008091760238
LAS_1Torr_OES_Very_Fine_HysterisisTest,0,30.0,1.0,1.37,4,1.1541779489647412,0.001103537635143075,0.29909980699316363,0.0002752355675542028,0.24345076856933814,0.00019253104466245203,0.49013424673373374,0.0004686292854826498,-0.015629290225423108,0.001097148511377696,27.64949740458236,0.0012369577529710778,29508,0.10462681766325622
LAS_1Torr_OES_Very_Fine_HysterisisTest,0,30.0,1.0,1.37,6,1.204113726182277,0.0013377110607020214,0.31158100690591173,0.00033264332101100633,0.24309233161077418,0.00022544877953213193,0.5113400188363232,0.0005680735831703182,-0.01621656418669111,0.0011882990597980273,37.49318876937033,0.0012341787491073422,29720,0.10461377797797154
LAS_1Torr_OES_Very_Fine_HysterisisTest,0,30.0,1.0,1.43,2,1.24688374201824,0.0011846700948741193,0.32109404603882225,0.0002920632344540955,0.2419212847615741,0.00019157774912541262,0.5295027722603968,0.0005030830688629327,-0.015069625850647828,0.0009585466200704347,27.264742302878307,0.0012357364407779292,29693,0.10260911707399918
LAS_1Torr_OES_Very_Fine_HysterisisTest,0,30.0,1.0,1.43,4,1.3123744458195512,0.0012600905837637114,0.33820073736865125,0.0003108489969446947,0.24209430576759863,0.00019352923819656445,0.5573141134877263,0.0005351112015640881,-0.014855140069843965,0.000915602836319876,27.097260899774007,0.0012575002500241626,29805,0.10271848739355328
LAS_1Torr_OES_Very_Fine_HysterisisTest,0,30.0,1.0,1.43,6,1.1822202804192443,0.0011131797288526767,0.30251636202005927,0.0002734156591215513,0.24039102746356242,0.0001884695721935755,0.5020427284513397,0.00047272390567664217,-0.015075813383206302,0.0010102845166083834,27.118492798608553,0.0012173328700734085,29384,0.10265707660017757
LAS_1Torr_OES_Very_Fine_HysterisisTest,0,30.0,1.0,1.3,2,1.236233788200883,0.0015461025635896042,0.3230381285209638,0.00038986115234619303,0.2454827422373034,0.0002546587391597522,0.5249801532858258,0.0006565693063689221,-0.019262281215739543,0.00129749608777413,49.59344015681267,0.0012202500038916066,29966,0.10674060781918143
LAS_1Torr_OES_Very_Fine_HysterisisTest,0,30.0,1.0,1.3,4,1.2404318485402386,0.001495725574292241,0.3261904417097758,0.0003781046485589483,0.24703933654903132,0.00024925848139270394,0.5267629053683954,0.0006351761687473586,-0.01918361988293273,0.0012696763405721048,44.506640078615625,0.0012468546766478464,29930,0.10662800145216432
LAS_1Torr_OES_Very_Fine_HysterisisTest,0,30.0,1.0,1.3,6,1.1608172551024107,0.0012894689454003676,0.30297361123346955,0.0003238153399776865,0.24519337871994876,0.00022666494643458517,0.4929537004544881,0.0005475870430614668,-0.018839518848816284,0.0012148738448731883,39.05784604064185,0.001223720210404248,29971,0.10668553916059215
LAS_1Torr_OES_Very_Fine_HysterisisTest,0,30.0,1.0,1.24,2,1.1707418328095553,0.0013492840304922874,0.31508485717227014,0.0003497655527909311,0.2528332485318619,0.00024208200436586787,0.4971682805571533,0.000572988170938792,-0.014948641599060493,0.0010415065056796023,43.75313770075692,0.001230116282139373,30172,0.10862938697617597
LAS_1Torr_OES_Very_Fine_HysterisisTest,0,30.0,1.0,1.24,4,1.1392485038637872,0.001148693778898149,0.30475060742570487,0.00029582704587495956,0.2513008183474431,0.00020892325182202826,0.483794295138512,0.0004878053341367118,-0.013838454676577464,0.0008330709100697344,32.461855019342494,0.001242709431648399,30499,0.1085805641767983
LAS_1Torr_OES_Very_Fine_HysterisisTest,0,30.0,1.0,1.24,6,1.2518747565181794,0.0012818110560136305,0.33745090706947706,0.00032989877260004873,0.25323137173385035,0.0002161781492754563,0.5316222609705729,0.0005443350368612918,-0.013946321783312766,0.0008326653432403631,35.1720184611999,0.0012306138509903199,30599,0.10851229930548872
LAS_1Torr_OES_Very_Fine_HysterisisTest,0,30.0,1.0,1.17,2,1.131884792690747,0.0011443025070396139,0.3152426012629525,0.0003055214858815403,0.26164381160793765,0.00022045589923910976,0.4806672149233682,0.00048594053267648926,-0.013823760978820756,0.0008793844515214976,36.61099527855907,0.001224430730049856,29696,0.11037692355684024
LAS_1Torr_OES_Very_Fine_HysterisisTest,0,30.0,1.0,1.17,4,1.211755479155929,0.001248606475344748,0.3390510242838475,0.0003342755299797767,0.26285597801911004,0.00022637075184425291,0.5145851725327925,0.0005302343497455397,-0.01395313593821267,0.0008753392397568777,37.75936867055219,0.0012309250641451982,29825,0.11029246955271922
LAS_1Torr_OES_Very_Fine_HysterisisTest,0,30.0,1.0,1.17,6,1.2144730196126663,0.0012828315228989415,0.3407815641045259,0.00034545611952444227,0.2636064367370387,0.0002325980486523556,0.5157392057093282,0.000544768389247375,-0.014091482627736858,0.0009336653687839518,40.3704790104328,0.001222079714290778,29548,0.11035970396141609
LAS_1Torr_OES_Very_Fine_HysterisisTest,0,30.0,1.0,1.04,2,1.2742059634164187,0.0012844001658485218,0.3739958457165359,0.00036184100002677644,0.27573692921895004,0.00023130117140745664,0.5411054513932813,0.0005454345305743484,-0.016746885381062164,0.0010746442634007698,41.54259181713807,0.0012069016836546282,30641,0.11516606195318106
LAS_1Torr_OES_Very_Fine_HysterisisTest,0,30.0,1.0,1.04,4,1.2438279307097664,0.001343363738371171,0.36617656922651814,0.0003794132901110734,0.27656552102141474,0.0002500754007606104,0.5282050886794701,0.0005704740543575232,-0.01678694283209484,0.001070797220879927,47.550128911841576,0.0012098780067458547,30690,0.11512712536543836
LAS_1Torr_OES_Very_Fine_HysterisisTest,0,30.0,1.0,1.04,6,1.184402709965972,0.0012549820175680915,0.3473624178868694,0.0003537731223022794,0.2755187925832651,0.00024368778883877536,0.5029695209471539,0.0005329417932450109,-0.016739247534454334,0.001090608721846874,44.7942964533556,0.0012186203186876567,30561,0.11515961604351364
LAS_1Torr_OES_Very_Fine_HysterisisTest,0,30.0,1.0,1.11,2,1.2106624435338154,0.0012749596834517832,0.34789492232422614,0.00035070131188576263,0.2699558913777183,0.00023776388569624998,0.5141210030416161,0.0005414255268219557,-0.016241204887166176,0.0009778453883235185,41.65598418709937,0.0012294373613069005,30768,0.11213710456022913
LAS_1Torr_OES_Very_Fine_HysterisisTest,0,30.0,1.0,1.11,4,1.246141120150751,0.001448117948418841,0.36085118097999025,0.0004021211792852704,0.2720374490446054,0.00026553198323267,0.5291874097896823,0.0006149590714902413,-0.015998877261704684,0.0009636798044403415,53.4340069343813,0.001201639737792181,30856,0.11220134759947006
LAS_1Torr_OES_Very_Fine_HysterisisTest,0,30.0,1.0,1.11,6,1.1647171979073847,0.0011325403949732063,0.335456708761566,0.0003126016101768133,0.27057258033685033,0.00021911779295601894,0.49460985367655846,0.00048094562357877383,-0.015496899764030033,0.0009374627913406787,36.461298697154426,0.001214463819659569,30594,0.11223828099858403
LAS_1Torr_OES_Very_Fine_HysterisisTest,0,30.0,1.0,0.98,2,1.2876141678474926,0.0010428730952390965,0.3869480543046334,0.0003163717186958261,0.2823154918695528,0.00018462398278819018,0.546799391556296,0.0004428674273602041,-0.01899388732294813,0.0017078374755296998,25.915473374338514,0.0011884241220260121,27253,0.11755853057478328
LAS_1Torr_OES_Very_Fine_HysterisisTest,0,30.0,1.0,0.98,4,1.1366116441382748,0.0013028199136885562,0.34609460426272076,0.00038199241095830184,0.28605564167671754,0.0002725329816167947,0.4826745239139224,0.0005532566772725231,-0.015887985483792968,0.0009329274880569478,56.549757213999555,0.0012121156928914132,30118,0.1175386943990706
LAS_1Torr_OES_Very_Fine_HysterisisTest,0,30.0,1.0,0.98,6,1.2428033441285837,0.0012367826452045548,0.3795437435143774,0.0003624510874820108,0.2868977970160135,0.0002379067965246062,0.5277699868196296,0.0005252132313950554,-0.01542043914801468,0.0008665924382294684,43.44015369041206,0.0012074754720933598,29991,0.1176024819942209
LAS_1Torr_OES_Very_Fine_HysterisisTest,0,30.0,1.0,0.91,3,1.2048365454209973,0.0011143028295136502,0.37087381114867474,0.0003342820843823307,0.28917838291893455,0.00021638785975573334,0.5116469719048795,0.00047320084261428353,-0.014799392702601645,0.0009063655155286289,38.77293223322639,0.0011872460414632058,29908,0.12058901423906643
LAS_1Torr_OES_Very_Fine_HysterisisTest,0,30.0,1.0,0.91,6,1.158801704620143,0.0011751172931207025,0.36149432769482515,0.00035283559678533845,0.2930624334784771,0.00024809068838117776,0.49209777497240265,0.0004990263674714294,-0.01566533594376575,0.0010103301523989355,48.38248430435847,0.0011886365480860569,30260,0.1205890686058027
LAS_1Torr_OES_Very_Fine_HysterisisTest,0,30.0,1.0,0.91,9,1.2079341770803944,0.0009957694466037753,0.37064722138324985,0.00030774741270891314,0.2882605887147549,0.0001915435152273529,0.5129624149536737,0.0004228643495306615,-0.01796884145937849,0.0016888570500020177,28.205735158507466,0.00118698384587056,27614,0.1205580912758953
LAS_1Torr_OES_Very_Fine_HysterisisTest,0,30.0,1.0,0.85,2,1.0811003160614832,0.0009798211520394891,0.3390980672823769,0.00030734524217041143,0.2946640203571549,0.00021842227056830012,0.45910103336464264,0.0004160917324052299,-0.018365986220382647,0.0015740512531964596,36.61674035691222,0.0011808734156147642,27998,0.12319695959336269
LAS_1Torr_OES_Very_Fine_HysterisisTest,0,30.0,1.0,0.85,4,1.1774162883916335,0.001049643841778872,0.36965820965675783,0.00032952237031545653,0.2949430086476094,0.00021477074959448537,0.5000026608726098,0.00044574269868043203,-0.01824924208972117,0.001547026966436746,35.221329991141914,0.0011825094727779756,27725,0.12317406272138853
LAS_1Torr_OES_Very_Fine_HysterisisTest,0,30.0,1.0,0.85,6,1.2660867390323365,0.00121522289722694,0.39749599732634683,0.00038354056222512396,0.2949423183341073,0.00023034816532481762,0.5376575342578657,0.0005160576494120036,-0.018715125436851023,0.0016687943695453452,40.99446368149373,0.0011670554594087486,27851,0.12310747256794616
LAS_1Torr_OES_Very_Fine_HysterisisTest,0,30.0,1.0,0.72,2,1.216211973682748,0.0012334731403998934,0.3875071090220931,0.00039285250253178237,0.29932169050610313,0.0002495293388072276,0.5164776715100382,0.000523807814105677,-0.020615015168037615,0.0016761391658692711,47.67340165291251,0.0011645352826386872,28982,0.1288795704757313
LAS_1Torr_OES_Very_Fine_HysterisisTest,0,30.0,1.0,0.72,4,1.130667330172767,0.0010593796704769726,0.3593368124699566,0.0003371583183191752,0.2985620865085058,0.0002286892931280778,0.48015020619459126,0.00044987712445901536,-0.02025982580108145,0.001640150737183971,40.088119711283134,0.0011745324544379426,28892,0.12897698104173363
LAS_1Torr_OES_Very_Fine_HysterisisTest,0,30.0,1.0,0.72,6,1.1941329823640556,0.0011433980503498232,0.37870462821935064,0.00036381665216966245,0.29793100987883653,0.00023308273882132586,0.5071015871823705,0.0004855564452844615,-0.020130719769504604,0.0016382568366999535,40.723911619084554,0.0011850674745061526,28731,0.12888732162440486
LAS_1Torr_OES_Very_Fine_HysterisisTest,0,30.0,1.0,0.78,2,1.1929089021919184,0.001109128361460869,0.3811707367186077,0.0003551409716307213,0.3001788308938785,0.0002283606336611255,0.5065817681946223,0.000471003448353223,-0.018814150164130527,0.0013393206643826845,39.18253337657616,0.0011848201363940576,28887,0.12615704737624134
LAS_1Torr_OES_Very_Fine_HysterisisTest,0,30.0,1.0,0.78,4,1.166853290001282,0.0010502865812422222,0.3721851675043203,0.0003357975336094488,0.29964745690715616,0.00021998578486068197,0.49551696846794346,0.0004460156449994965,-0.017231075920601514,0.0013408035744794339,36.76392429566527,0.0011857512644058556,29045,0.1260714855984564
LAS_1Torr_OES_Very_Fine_HysterisisTest,0,30.0,1.0,0.78,6,1.1485516809857004,0.00093984701735005,0.36289774348708387,0.00030219444352942704,0.2968257103547739,0.00019398293009246722,0.48774499070930283,0.00039911628038553476,-0.01738581916754157,0.0014047290895915746,29.219196903366605,0.0011829695759038958,27813,0.12615196879142082
LAS_1Torr_OES_Very_Fine_HysterisisTest,0,30.0,1.0,0.65,2,1.1176791227005707,0.0011055600923090914,0.3373095822079757,0.0003342821011015038,0.2835171468740679,0.0002303539419897189,0.4746346223181912,0.000469488143963273,-0.01799398654494879,0.0013050990784689357,40.75284866568003,0.0011640539366235866,27586,0.13068538262854396
LAS_1Torr_OES_Very_Fine_HysterisisTest,0,30.0,1.0,0.65,4,1.1089247799378246,0.0009353481474832936,0.3315840239862634,0.00028191083563890607,0.2809048898441972,0.00019163762496546895,0.47091699524039426,0.00039720578625828724,-0.016337542828368582,0.001286413994804565,28.482830072251424,0.0011772683221099433,27928,0.13076041416386353
LAS_1Torr_OES_Very_Fine_HysterisisTest,0,30.0,1.0,0.65,6,1.1777251357611889,0.0011698298171599665,0.3527645109763327,0.0003507494286240691,0.2813900477713998,0.00022930010707008188,0.5001338162745723,0.0004967809831704534,-0.01634964378361686,0.001343815124293382,40.08916452174302,0.0011734800420022055,28446,0.13077019155292835
LAS_1Torr_OES_Very_Fine_HysterisisTest,0,30.0,1.0,0.59,2,1.1311776362153665,0.0011431557474407615,0.3394620884033725,0.0003422933415518701,0.2819215394129736,0.000234239937922591,0.4803669132179905,0.0004854535487129918,-0.017618283463741138,0.0011444019597014541,42.230369973633195,0.001164944743789099,29324,0.13177404940527718
LAS_1Torr_OES_Very_Fine_HysterisisTest,0,30.0,1.0,0.59,4,1.1420842037050776,0.0010734154463306119,0.33977258403816496,0.0003185190783873417,0.2794846743261573,0.00021496823200303937,0.4849985059856526,0.0004558375696672414,-0.017068753732639278,0.001071364256452693,35.6020144551621,0.0011747128864640262,29379,0.13182213185160246
LAS_1Torr_OES_Very_Fine_HysterisisTest,0,30.0,1.0,0.59,6,1.2474651295848416,0.0011317687577524491,0.3722050900300029,0.0003394742670290044,0.28029908700719613,0.0002067938684358764,0.5297496648277623,0.0004806179394220225,-0.01706776908421192,0.0011064172230681724,32.905999184570874,0.0011729636584625696,29117,0.13176137547690037
LAS_1Torr_OES_Very_Fine_HysterisisTest,0,30.0,1.0,0.46,2,1.1581220820783535,0.0011280556593469071,0.34424301522989714,0.00033603029337513426,0.27924061413160906,0.00022244233219810086,0.49180916585204815,0.0004790411317108018,-0.01827940663350269,0.0014015127177670406,37.640468487130974,0.0011704087583327496,28183,0.13410032604425645
LAS_1Torr_OES_Very_Fine_HysterisisTest,0,30.0,1.0,0.46,4,1.1836429529514454,0.0010607595343274997,0.35176407351482947,0.00031504156880190267,0.27918916185245213,0.0002038983203732314,0.5026468818494744,0.0004504630986838564,-0.018398480912488285,0.0011169071450998417,31.50167516636909,0.0011866836628636101,28422,0.13418690083650822
LAS_1Torr_OES_Very_Fine_HysterisisTest,0,30.0,1.0,0.46,6,1.1536853239945235,0.0009569599154476055,0.34190665664006425,0.00028674748426008934,0.2784120179072008,0.00018631940915699534,0.48992504817044763,0.0004063834590957154,-0.018527328161176353,0.0013757381779627394,26.161948960368015,0.0011890095216636467,27249,0.13414069899156228
LAS_1Torr_OES_Very_Fine_HysterisisTest,0,30.0,1.0,0.52,2,1.1421822111009519,0.0012893547912235983,0.34092651976012284,0.00038471395747226815,0.2804097970071474,0.00025806429475048326,0.4850401258946053,0.0005475385662460047,-0.017810815134910646,0.0014355378587305413,50.52059052612037,0.0011786498413181683,28195,0.1330079557886608
LAS_1Torr_OES_Very_Fine_HysterisisTest,0,30.0,1.0,0.52,4,1.1564199105521806,0.0010194397929446694,0.3463623557305924,0.0003071767849250524,0.2813733194512186,0.00020190501782342123,0.491086320159544,0.00043291622011450604,-0.01763783819869038,0.0013645802729081644,31.395155313504354,0.001167508225196138,27668,0.13297350701594912
LAS_1Torr_OES_Very_Fine_HysterisisTest,0,30.0,1.0,0.52,6,1.1350394896082026,0.0010946409165326506,0.33940422014230537,0.00032501282581565215,0.2809144350208699,0.00022197936197338835,0.4820068913560165,0.000464851196949219,-0.018170802765145846,0.001174375669977758,37.95534845716457,0.0011719089404265116,28420,0.13299611809585213
LAS_1Torr_OES_Very_Fine_HysterisisTest,0,30.0,1.0,0.39,2,1.179816465993834,0.001086323269400621,0.357329360271954,0.0003292279187607274,0.284526052559031,0.0002142447853394629,0.5010219224536657,0.00046131901743105114,-0.020519451824725563,0.0014412738227901252,34.76755508243436,0.0011704479583867714,27701,0.1353930311098805
LAS_1Torr_OES_Very_Fine_HysterisisTest,0,30.0,1.0,0.39,4,1.1446415332840632,0.0011729964878868292,0.34513266424872974,0.00035364188391566004,0.2832594148160475,0.00023856313099342527,0.48608450386662955,0.0004981257444117826,-0.020536199554006304,0.0014466069787087983,41.76224636034725,0.0011839886652888286,27785,0.13536115893233597
LAS_1Torr_OES_Very_Fine_HysterisisTest,0,30.0,1.0,0.39,6,1.1604467154629952,0.001188562446324603,0.3493109787466745,0.0003592293826725899,0.2827839925099534,0.00023734745853670728,0.49279634675767486,0.0005047359983335719,-0.021008300624911286,0.0015582223150361141,42.484553361036106,0.0011649740211508509,27283,0.13527942440206991
LAS_1Torr_OES_Very_Fine_HysterisisTest,0,30.0,1.0,0.33,2,1.1873201036954182,0.001026775225681899,0.3528428227369994,0.00030714243386749965,0.27917804151472764,0.00019636771042383925,0.504208423994375,0.00043603129158364376,-0.022977730311857326,0.0015024949828032457,29.99631059495017,0.0011597626404876264,27379,0.13580919316409168
LAS_1Torr_OES_Very_Fine_HysterisisTest,0,30.0,1.0,0.33,4,1.1215506346538207,0.0009353943087079701,0.33282835588201337,0.00027914120439678504,0.27878488519636685,0.00018869391914058117,0.4762787020691766,0.0003972253891255101,-0.02277010021181136,0.001439950374333806,27.35497319308274,0.0011698693538920234,27055,0.13574198633192297
LAS_1Torr_OES_Very_Fine_HysterisisTest,0,30.0,1.0,0.33,6,1.1433320166750913,0.0009592337294850027,0.34052809484004937,0.00028750314129116306,0.27980042723514703,0.00019063419269155847,0.48552840336471,0.00040734905901159655,-0.02232761710105134,0.0014109686669456082,27.89478371187506,0.001170940263629675,27559,0.1357856457885908
LAS_1Torr_OES_Very_Fine_HysterisisTest,0,30.0,1.0,0.26,2,1.1629667540500008,0.0011635663649236495,0.3425427511347041,0.00034300669354763477,0.27670389445238,0.00022690265355220578,0.49386650861243026,0.0004941211399057701,-0.02560609648508719,0.0013474681335128216,38.87246261084318,0.0011701312005828052,29542,0.1367652850143531
LAS_1Torr_OES_Very_Fine_HysterisisTest,0,30.0,1.0,0.26,4,1.1528406350454956,0.0010444753703211392,0.33922215888923973,0.0003069618433401165,0.2764284430423047,0.0002049216105509831,0.4895663418010117,0.00044354785093882263,-0.024794418739610982,0.001200912671369495,31.345108268507897,0.0011830311617966045,29772,0.1367798990614462
LAS_1Torr_OES_Very_Fine_HysterisisTest,0,30.0,1.0,0.26,6,1.1439720649482408,0.0013216840405513629,0.33810134828102145,0.0003897515896963272,0.27765101988585433,0.00026325457066272946,0.4858002068405213,0.0005612675343665133,-0.02559589914362956,0.0013463516657252043,52.25372334119984,0.001170849628611792,29780,0.13679286108710267
LAS_1Torr_OES_Very_Fine_HysterisisTest,0,30.0,1.0,0.13,2,1.1396153489496545,0.0009714723631524521,0.33405938003494906,0.00028476421214884196,0.27538049149072086,0.00019166776725410286,0.4839500799028898,0.00041254632820134844,-0.026409896724177356,0.0008792175525895779,29.128037985196578,0.0011527057080170098,29310,0.13966786920875313
LAS_1Torr_OES_Very_Fine_HysterisisTest,0,30.0,1.0,0.13,4,1.123328958216342,0.0010818995068096646,0.3296316152534984,0.00031633310237607774,0.2756701190173342,0.00021710462220494154,0.47703388655398427,0.00045944041842715217,-0.026286936138084086,0.0008992130460774794,36.85372039085885,0.001159674265262583,29860,0.13980512129027584
LAS_1Torr_OES_Very_Fine_HysterisisTest,0,30.0,1.0,0.13,6,1.2181998994567067,0.00109599507243764,0.3578317642329639,0.00032108335773718244,0.27594855242824423,0.00020295911079906367,0.5173218658586269,0.0004654262540147672,-0.026423006714954442,0.0008554783806622702,31.50604637505694,0.001171614102452649,29379,0.13965348858418095
LAS_1Torr_OES_Very_Fine_HysterisisTest,0,30.0,1.0,0.2,2,1.165799565735648,0.0010320719300991657,0.34411726280030397,0.00030281550972088237,0.2773003133816532,0.00020138446686424508,0.4950694929727956,0.00043828059484927697,-0.02574932074852857,0.0009501377345216919,31.989325133341726,0.0011563017905484236,30507,0.1380037015178083
LAS_1Torr_OES_Very_Fine_HysterisisTest,0,30.0,1.0,0.2,4,1.1526464582541898,0.0010036713615564647,0.3398365675335154,0.0002948887550322495,0.27697576990768114,0.00019754914078434953,0.4894838825100287,0.000426219983847332,-0.0253640402629489,0.0009275420558849403,29.883622238958854,0.0011743040605327537,30348,0.1381187553958474
LAS_1Torr_OES_Very_Fine_HysterisisTest,0,30.0,1.0,0.2,6,1.2246505779211132,0.0009122509660628227,0.3586978813252364,0.0002694855732266837,0.27515943533831166,0.00016514730146305302,0.5200612167818615,0.0003873973164054806,-0.025556370151082346,0.0009710857100641019,21.649884563938155,0.0011647144968721154,30054,0.1381011769985414
LAS_1Torr_OES_Very_Fine_HysterisisTest,0,30.0,1.0,0.07,3,1.1254705680581445,0.0009401835767490367,0.33944824760410275,0.00028352338879517616,0.283339562169776,0.00019349846429851018,0.47794334451716136,0.0003992592040028604,-0.02566566259977358,0.0008635735388124235,29.886419482760314,0.001145815698649863,30252,0.14326746967024745
LAS_1Torr_OES_Very_Fine_HysterisisTest,0,30.0,1.0,0.07,6,1.1237616475262215,0.0007795429443660605,0.33440396458629607,0.00023307345013635436,0.2795535433771727,0.00015669312729402687,0.47721763278580037,0.0003310414084554028,-0.025502092064751104,0.0007896027761621983,20.248470512432576,0.0011433852816397473,30438,0.14300154738522794
LAS_1Torr_OES_Very_Fine_HysterisisTest,0,30.0,1.0,0.07,9,1.2111926872470484,0.000866161773713837,0.363886719169623,0.00026122200565450044,0.2822414243506142,0.00016334983604493798,0.5143461768141734,0.00036782503849564993,-0.025341811379302397,0.0007577475378301124,20.12866202402251,0.0011909647457930127,29649,0.1428000883504356
LAS_1Torr_OES_Very_Fine_HysterisisTest,0,30.0,1.0,0.0,1,1.1234667622956898,0.0008997696483755359,0.3833522877851162,0.0003056959145307806,0.32055726266813195,0.0002111759652665862,0.4770924065583636,0.000382096988801414,-0.027796499144321477,0.0009407613855118913,37.03123625153145,0.0011200860963961295,30033,0.14641608031457007
LAS_1Torr_OES_Very_Fine_HysterisisTest,0,30.0,1.0,0.0,2,1.1714854239254904,0.0009534798767672924,0.4012439550602523,0.000327425732885933,0.3217654454234706,0.00021519321397093236,0.49748405462978534,0.00040490562273719764,-0.02727569403692137,0.0009140294612733846,37.313101177809486,0.0011314512992491481,29507,0.14640435666666668
LAS_1Torr_OES_Very_Fine_HysterisisTest,0,30.0,1.0,0.0,3,1.1398419763535779,0.000922909606034796,0.3927441880857042,0.0003177917469781478,0.3236927038436137,0.0002154367883536599,0.4840463197002372,0.00039192362405028966,-0.026982265170594426,0.0008799900510507711,36.815034891283105,0.0011412016281109592,29551,0.14647654666666665
