folder_label,trial,power,pressure,n2_flow,period,fwhm,area,A,sigma,offset,spec,Fit,Chi^2,Fluctuations
LAS_1.0Torr_SmallAdmixture_1kHzLaserFreq_CapCoupling,0,80.0,1.0,8.0,3,1.1650258674831195,0.013782390215074793,0.01111365122355463,0.4947409335764371,-2.7429819574135288e-05,"[-0.00556372 -0.00565745 -0.00562279 ...         nan         nan
         nan]","[-0.00555056 -0.00555061 -0.00555067 ... -0.00582469 -0.00582475
 -0.0058248 ]",,0.08075309683267032
LAS_1.0Torr_SmallAdmixture_1kHzLaserFreq_CapCoupling,0,80.0,1.0,8.0,6,1.1668448699209526,0.013578008843165663,0.010931776799642167,0.49551339278905143,-3.131752844011454e-05,"[-0.00542281 -0.00560942 -0.00548753 ...         nan         nan
         nan]","[-0.00555912 -0.00555918 -0.00555925 ... -0.00587211 -0.00587217
 -0.00587223]",,0.08077931920036256
LAS_1.0Torr_SmallAdmixture_1kHzLaserFreq_CapCoupling,0,80.0,1.0,8.0,9,1.1122758657701832,0.013007454726250698,0.0109862024762863,0.47234007036642356,-4.267856509195841e-05,"[-0.00529376 -0.00545374 -0.0054621  ...         nan         nan
         nan]","[-0.00548193 -0.00548201 -0.0054821  ... -0.00590846 -0.00590854
 -0.00590863]",,0.08074621917854205
LAS_1.0Torr_SmallAdmixture_1kHzLaserFreq_CapCoupling,0,80.0,1.0,8.0,12,1.1661803946797742,0.013768985391972839,0.01109185013407991,0.4952312161350092,-3.618923025033378e-05,"[-0.00574822 -0.00571037 -0.00586882 ...         nan         nan
         nan]","[-0.00559604 -0.00559611 -0.00559619 ... -0.00595772 -0.00595779
 -0.00595786]",,0.08075520020309851
LAS_1.0Torr_SmallAdmixture_1kHzLaserFreq_CapCoupling,0,80.0,1.0,8.0,15,1.1757494751657662,0.013943193584544577,0.011140771154161249,0.49929483046774104,-7.099843741965058e-05,"[-0.00586755 -0.00574334 -0.00571591 ...         nan         nan
         nan]","[-0.00531549 -0.00531563 -0.00531578 ... -0.00602505 -0.00602519
 -0.00602533]",,0.08074840330220404
LAS_1.0Torr_SmallAdmixture_1kHzLaserFreq_CapCoupling,0,80.0,1.0,6.0,3,1.2717310662495223,0.02039237205395973,0.015063998212373583,0.5400544593346231,-7.763898866635674e-05,"[-0.00471038 -0.00457052 -0.00453792 ... -0.00726231 -0.00739509
 -0.00739967]","[-0.00473295 -0.0047331  -0.00473326 ... -0.00550887 -0.00550903
 -0.00550918]",4.213195155459163,0.08549981090130411
LAS_1.0Torr_SmallAdmixture_1kHzLaserFreq_CapCoupling,0,80.0,1.0,6.0,6,1.2703620841705008,0.020262134772213593,0.014983920716968713,0.5394731061726649,-4.802497392805206e-05,"[-0.00421658 -0.00436092 -0.00417861 ... -0.00692682 -0.00689166
 -0.00692872]","[-0.00505952 -0.00505962 -0.00505971 ... -0.00553948 -0.00553958
 -0.00553968]",2.477202978832637,0.08547683736025209
LAS_1.0Torr_SmallAdmixture_1kHzLaserFreq_CapCoupling,0,80.0,1.0,6.0,9,1.2821774277166367,0.02059549213957695,0.015090090240896215,0.5444906205984776,-7.539997369678939e-05,"[-0.0044199  -0.00422503 -0.00420298 ... -0.00713088 -0.00728667
 -0.00722318]","[-0.00459801 -0.00459816 -0.00459831 ... -0.00535156 -0.00535171
 -0.00535186]",4.578143822580344,0.08550240106602303
LAS_1.0Torr_SmallAdmixture_1kHzLaserFreq_CapCoupling,0,80.0,1.0,6.0,12,1.2253640603154843,0.019733818646922544,0.015129124060684748,0.520364204857692,-7.776082216409902e-05,"[-0.00428476 -0.00422162 -0.0040586  ... -0.00709771 -0.00697213
 -0.0073397 ]","[-0.00465904 -0.00465919 -0.00465935 ... -0.00543618 -0.00543634
 -0.00543649]",4.458734266545836,0.08548302859070414
LAS_1.0Torr_SmallAdmixture_1kHzLaserFreq_CapCoupling,0,80.0,1.0,6.0,15,1.2322484301883563,0.01986681886055567,0.01514599636692293,0.5232877275648301,-9.29528917050441e-05,"[-0.00439391 -0.0044567  -0.00442213 ...         nan         nan
         nan]","[-0.00460842 -0.0046086  -0.00460879 ... -0.00553739 -0.00553758
 -0.00553776]",,0.0854623645863292
LAS_1.0Torr_SmallAdmixture_1kHzLaserFreq_CapCoupling,0,80.0,1.0,4.0,2,1.169821660564187,0.022721710922483793,0.018246902922043395,0.4967775193831476,-1.8670814467335063e-05,"[-0.00062748 -0.00080989 -0.000402   ... -0.00254269 -0.00254675
 -0.00255933]","[-0.00134168 -0.00134172 -0.00134176 ... -0.00152828 -0.00152832
 -0.00152836]",1.5759359556849668,0.09777266430628095
LAS_1.0Torr_SmallAdmixture_1kHzLaserFreq_CapCoupling,0,80.0,1.0,4.0,4,1.1866829837827078,0.023024488363732578,0.018227330287426943,0.5039378640787437,-9.978433923142367e-06,"[-0.00085685 -0.00094038 -0.00090396 ... -0.00251653 -0.00254993
 -0.00250443]","[-0.00148064 -0.00148066 -0.00148068 ... -0.00158036 -0.00158038
 -0.0015804 ]",1.3794170168544848,0.0977304520675275
LAS_1.0Torr_SmallAdmixture_1kHzLaserFreq_CapCoupling,0,80.0,1.0,4.0,6,1.2502077749391698,0.02428279668595291,0.018246698584943984,0.5309143590727071,-1.4916121373308296e-05,"[-0.00058895 -0.00059448 -0.00072244 ... -0.00270191 -0.00270405
 -0.00267725]","[-0.0015428  -0.00154283 -0.00154286 ... -0.00169187 -0.0016919
 -0.00169193]",1.489232437176214,0.09777982590564237
LAS_1.0Torr_SmallAdmixture_1kHzLaserFreq_CapCoupling,0,80.0,1.0,4.0,8,1.232554692848328,0.023664778630631683,0.018036988838535866,0.5234177853416941,-3.154408102960479e-06,"[-0.00025696 -0.00025443 -0.00031357 ... -0.00234687 -0.00266993
 -0.00261402]","[-0.00147531 -0.00147532 -0.00147532 ... -0.00150684 -0.00150684
 -0.00150685]",1.6275179600640766,0.09774295855733642
LAS_1.0Torr_SmallAdmixture_1kHzLaserFreq_CapCoupling,0,80.0,1.0,4.0,10,1.2192222389987308,0.024074247677188534,0.01854973195302989,0.5177560134887957,-3.283860099849854e-05,"[-0.00051893 -0.00070222 -0.00049282 ...         nan         nan
         nan]","[-0.00113273 -0.0011328  -0.00113287 ... -0.00146092 -0.00146099
 -0.00146105]",,0.09775701180607527
LAS_1.0Torr_SmallAdmixture_1kHzLaserFreq_CapCoupling,0,80.0,1.0,2.0,2,1.2243642589437278,0.03844145381908523,0.029495580666667867,0.5199396283071966,2.3819788121299803e-05,[0.00314435 0.00326684 0.00340075 ... 0.00248237 0.00231798 0.0022694 ],[0.00222675 0.0022268  0.00222685 ... 0.00246481 0.00246485 0.0024649 ],1.7240731747464328,0.12364316254055048
LAS_1.0Torr_SmallAdmixture_1kHzLaserFreq_CapCoupling,0,80.0,1.0,2.0,4,1.2214659221094346,0.038470170368132724,0.029587654888756414,0.5187088179782251,2.5493533428606724e-05,[0.00348624 0.00346956 0.00347421 ... 0.00253634 0.00244164 0.002519  ],[0.00216069 0.00216074 0.00216079 ... 0.00241548 0.00241553 0.00241558],1.9339837517101444,0.1235740448689007
LAS_1.0Torr_SmallAdmixture_1kHzLaserFreq_CapCoupling,0,80.0,1.0,2.0,6,1.236822947691881,0.03915464480099044,0.029740176659026084,0.5252303462856014,2.023010391826049e-05,[0.00310214 0.00306489 0.00305519 ... 0.00204938 0.00196944 0.00192253],[0.00224517 0.00224521 0.00224525 ... 0.00244735 0.00244739 0.00244743],1.7426799270854136,0.12361266000735281
LAS_1.0Torr_SmallAdmixture_1kHzLaserFreq_CapCoupling,0,80.0,1.0,2.0,8,1.2065268255725419,0.037467720461265556,0.029173469336255774,0.51236476779553,2.27052589953688e-05,[0.00294236 0.00299547 0.0031312  ... 0.0021318  0.00204731 0.00209008],[0.00212796 0.00212801 0.00212806 ... 0.00235488 0.00235493 0.00235497],1.893994703860809,0.12361882739259035
LAS_1.0Torr_SmallAdmixture_1kHzLaserFreq_CapCoupling,0,80.0,1.0,2.0,10,1.218342577550817,0.03781703465305673,0.029159887192300164,0.5173824556665026,2.63415601386796e-05,[0.00344143 0.00355063 0.00355236 ...        nan        nan        nan],[0.00206276 0.00206281 0.00206286 ... 0.00232602 0.00232607 0.00232612],,0.12364721155137355
LAS_1.0Torr_SmallAdmixture_1kHzLaserFreq_CapCoupling,0,80.0,1.0,0.0,2,1.2077680509658055,0.044902160028582556,0.034926212024946286,0.512891867688315,1.351863841724138e-05,[0.00436194 0.00449647 0.00420286 ... 0.00491995 0.0049862  0.00490224],[0.00428342 0.00428345 0.00428348 ... 0.00441853 0.00441855 0.00441858],1.0977532875765295,0.15329826371492983
LAS_1.0Torr_SmallAdmixture_1kHzLaserFreq_CapCoupling,0,80.0,1.0,0.0,4,1.2035631129089728,0.0447873491409205,0.03495861990604203,0.5111061949080505,3.411170741987556e-05,[0.00448775 0.00441365 0.00463067 ... 0.0047178  0.00480795 0.00462152],[0.00408693 0.004087   0.00408706 ... 0.00442784 0.00442791 0.00442798],1.5616841924716989,0.15324916290915164
LAS_1.0Torr_SmallAdmixture_1kHzLaserFreq_CapCoupling,0,80.0,1.0,0.0,6,1.1736264363257216,0.04383306628225416,0.03508647660850226,0.498393258882887,8.068794012237109e-06,[0.0045829  0.00462011 0.00468096 ... 0.00467337 0.00466356 0.00459965],[0.00439162 0.00439164 0.00439166 ... 0.00447226 0.00447228 0.00447229],0.8410550382553286,0.15329062239061456
LAS_1.0Torr_SmallAdmixture_1kHzLaserFreq_CapCoupling,0,80.0,1.0,0.0,8,1.1489289118980954,0.042804550992769,0.03499972059557154,0.4879051859281226,1.771906207602336e-05,[0.00467112 0.00482574 0.00470671 ... 0.00486001 0.00470672 0.00479052],[0.00430046 0.00430049 0.00430053 ... 0.00447754 0.00447758 0.00447761],1.095214306549842,0.1532476766032064
LAS_1.0Torr_SmallAdmixture_1kHzLaserFreq_CapCoupling,0,80.0,1.0,0.0,10,1.1614227365383256,0.04355103002610205,0.03522701928001908,0.4932108247460842,2.1305240785124126e-05,[0.00452437 0.00454179 0.00456373 ...        nan        nan        nan],[0.00422588 0.00422592 0.00422597 ... 0.00443881 0.00443885 0.00443889],,0.15330308227352582
LAS_1.0Torr_SmallAdmixture_1kHzLaserFreq_CapCoupling,0,80.0,1.0,10.0,1,1.2316058382286683,0.010871050664633248,0.008292158039521196,0.5230148438848037,-4.902560287982114e-05,"[-0.00662046 -0.00659368 -0.00640871 ...         nan         nan
         nan]","[-0.00639336 -0.00639346 -0.00639356 ... -0.00688332 -0.00688342
 -0.00688352]",,0.07624370833333333
LAS_1.0Torr_SmallAdmixture_1kHzLaserFreq_CapCoupling,0,80.0,1.0,10.0,2,1.263225620377648,0.0110983320007546,0.008253622032916968,0.5364425290345468,-3.090590772498641e-05,"[-0.00634825 -0.00644899 -0.00654528 ...         nan         nan
         nan]","[-0.00657471 -0.00657477 -0.00657483 ... -0.00688358 -0.00688364
 -0.0068837 ]",,0.07625263385416667
LAS_1.0Torr_SmallAdmixture_1kHzLaserFreq_CapCoupling,0,80.0,1.0,10.0,3,1.2507834154920536,0.010978617120761333,0.00824580983731388,0.5311588111080542,-5.1275658804441216e-05,"[-0.00664687 -0.00680727 -0.00681337 ...         nan         nan
         nan]","[-0.00630156 -0.00630166 -0.00630176 ... -0.006814   -0.00681411
 -0.00681421]",,0.07623858697916666
LAS_1.0Torr_SmallAdmixture_1kHzLaserFreq_CapCoupling,0,80.0,1.0,10.0,4,1.233090048385706,0.010818079236808624,0.00824182056475877,0.5236451299060941,-5.6261435812862966e-05,"[-0.00639324 -0.00648014 -0.00650914 ...         nan         nan
         nan]","[-0.00617284 -0.00617296 -0.00617307 ... -0.00673512 -0.00673523
 -0.00673535]",,0.07625315364583334
LAS_1.0Torr_SmallAdmixture_1kHzLaserFreq_CapCoupling,0,80.0,1.0,10.0,5,1.253365598202816,0.011046398324707725,0.008279625989795656,0.5322553631423428,-6.0446182946176664e-05,"[-0.0066121  -0.00643498 -0.00648921 ...         nan         nan
         nan]","[-0.00617576 -0.00617588 -0.006176   ... -0.00677986 -0.00677998
 -0.0067801 ]",,0.07624002423783104
LAS_1.0Torr_SmallAdmixture_1kHzLaserFreq_CapCoupling,0,75.0,1.0,8.0,2,1.2133357352597416,0.013864393711206062,0.010734644929985309,0.5152562455122955,-3.46787502144937e-05,"[-0.00547332 -0.00554217 -0.00555391 ...         nan         nan
         nan]","[-0.00539545 -0.00539551 -0.00539558 ... -0.00574203 -0.00574209
 -0.00574216]",,0.07931285710705693
LAS_1.0Torr_SmallAdmixture_1kHzLaserFreq_CapCoupling,0,75.0,1.0,8.0,4,1.2139568541880918,0.013722066002037204,0.01061901030388143,0.5155200104355052,-1.8577479749153474e-05,"[-0.00504464 -0.00503181 -0.00514961 ...         nan         nan
         nan]","[-0.00557696 -0.005577   -0.00557703 ... -0.00576262 -0.00576266
 -0.0057627 ]",,0.0793039488256436
LAS_1.0Torr_SmallAdmixture_1kHzLaserFreq_CapCoupling,0,75.0,1.0,8.0,6,1.180769108049688,0.013453983053052397,0.010704186907385541,0.5014264722866197,-4.431386065932423e-05,"[-0.00530894 -0.00562598 -0.00544957 ...         nan         nan
         nan]","[-0.00540587 -0.00540596 -0.00540605 ... -0.00584874 -0.00584883
 -0.00584892]",,0.07929484599632229
LAS_1.0Torr_SmallAdmixture_1kHzLaserFreq_CapCoupling,0,75.0,1.0,8.0,8,1.2077888361732836,0.013789557502173337,0.010725736143876301,0.5129006943532323,-3.7585416408336916e-05,"[-0.00557884 -0.00578429 -0.00577041 ...         nan         nan
         nan]","[-0.00557198 -0.00557206 -0.00557213 ... -0.00594761 -0.00594769
 -0.00594776]",,0.07930777331995988
LAS_1.0Torr_SmallAdmixture_1kHzLaserFreq_CapCoupling,0,75.0,1.0,8.0,10,1.1891923419151884,0.013648430972677655,0.010781977313142475,0.5050034903620667,-7.078103697096582e-05,"[-0.00566866 -0.00563261 -0.00560191 ...         nan         nan
         nan]","[-0.00524578 -0.00524592 -0.00524606 ... -0.00595316 -0.0059533
 -0.00595344]",,0.07928274495400511
LAS_1.0Torr_SmallAdmixture_1kHzLaserFreq_CapCoupling,0,75.0,1.0,6.0,2,1.2275179858385246,0.020004731216583367,0.01530991030032632,0.5212788928091494,-6.931861902770728e-05,"[-0.00458603 -0.00456929 -0.00463538 ... -0.00733122 -0.00725449
 -0.00728352]","[-0.00491071 -0.00491085 -0.00491099 ... -0.00560349 -0.00560362
 -0.00560376]",3.9943003215552704,0.08416259759910386
LAS_1.0Torr_SmallAdmixture_1kHzLaserFreq_CapCoupling,0,75.0,1.0,6.0,4,1.2268770714224546,0.02015410962360206,0.015432289298111539,0.5210067215163059,-6.192038055644672e-05,"[-0.00436413 -0.00432442 -0.00429463 ... -0.00709958 -0.00724513
 -0.00716917]","[-0.00494493 -0.00494505 -0.00494517 ... -0.00556376 -0.00556388
 -0.00556401]",3.680396097831613,0.08426203530705054
LAS_1.0Torr_SmallAdmixture_1kHzLaserFreq_CapCoupling,0,75.0,1.0,6.0,6,1.2046741938034202,0.01959169146381241,0.015278126989487495,0.5115780275208194,-6.257981896000192e-05,"[-0.00448345 -0.00460698 -0.00446717 ... -0.00687238 -0.00711872
 -0.00687787]","[-0.00475437 -0.00475449 -0.00475462 ... -0.00537979 -0.00537992
 -0.00538004]",4.504113892736516,0.0842142044314591
LAS_1.0Torr_SmallAdmixture_1kHzLaserFreq_CapCoupling,0,75.0,1.0,6.0,8,1.206816053734085,0.01956139153913306,0.015227424575800967,0.5124875916869579,-7.242823179031107e-05,"[-0.00415889 -0.00419404 -0.00415282 ... -0.00723633 -0.00713227
 -0.00689192]","[-0.00462575 -0.00462589 -0.00462604 ... -0.00534959 -0.00534974
 -0.00534988]",4.660101008901972,0.08423257061828092
LAS_1.0Torr_SmallAdmixture_1kHzLaserFreq_CapCoupling,0,75.0,1.0,6.0,10,1.2545504431431096,0.020437923816845945,0.01530440456795434,0.532758520461219,-9.910370304626499e-05,"[-0.0042504  -0.00439463 -0.00445646 ...         nan         nan
         nan]","[-0.0044916  -0.0044918  -0.00449199 ... -0.00548204 -0.00548224
 -0.00548244]",,0.08419455014071563
LAS_1.0Torr_SmallAdmixture_1kHzLaserFreq_CapCoupling,0,75.0,1.0,4.0,3,1.1648520060664285,0.02273062967053889,0.018331943259410798,0.49466710143072473,-9.932255406806123e-06,"[-0.00055886 -0.00053664 -0.00036263 ... -0.00244837 -0.00252965
 -0.00260007]","[-0.00117248 -0.0011725  -0.00117252 ... -0.00127174 -0.00127176
 -0.00127178]",2.001038558011946,0.09323246742541862
LAS_1.0Torr_SmallAdmixture_1kHzLaserFreq_CapCoupling,0,75.0,1.0,4.0,6,1.1955619106992965,0.023617648014930107,0.018558051056891383,0.5077083971754552,-4.8117789507835515e-06,"[-0.00064408 -0.00068561 -0.00072801 ... -0.00227031 -0.00223985
 -0.00219269]","[-0.00125317 -0.00125317 -0.00125318 ... -0.00130125 -0.00130126
 -0.00130127]",1.6825764915306916,0.09322896685781538
LAS_1.0Torr_SmallAdmixture_1kHzLaserFreq_CapCoupling,0,75.0,1.0,4.0,9,1.1738074379819858,0.02322264130647344,0.018585855096197073,0.4984701232091638,-2.0432874557543165e-05,"[-0.00040703 -0.00053117 -0.0005842  ... -0.00218446 -0.00223624
 -0.00223897]","[-0.00100173 -0.00100177 -0.00100181 ... -0.00120593 -0.00120598
 -0.00120602]",1.6898736118746212,0.09323434656766999
LAS_1.0Torr_SmallAdmixture_1kHzLaserFreq_CapCoupling,0,75.0,1.0,4.0,12,1.1844836769006835,0.023293963735857105,0.0184749003543903,0.5030039044385304,-1.4582880661974032e-05,"[-0.00071701 -0.00066927 -0.00041611 ... -0.00251899 -0.00250035
 -0.00246137]","[-0.00117312 -0.00117315 -0.00117318 ... -0.00131886 -0.00131889
 -0.00131892]",1.872510673522517,0.09325824433231499
LAS_1.0Torr_SmallAdmixture_1kHzLaserFreq_CapCoupling,0,75.0,1.0,4.0,15,1.2104440500669047,0.024158330965270456,0.01874951320441847,0.5140282598753723,-7.146148818776307e-05,"[-0.00061204 -0.0005944  -0.00051276 ...         nan         nan
         nan]","[-0.00074046 -0.0007406  -0.00074075 ... -0.00145465 -0.00145479
 -0.00145493]",,0.09332444831882232
LAS_1.0Torr_SmallAdmixture_1kHzLaserFreq_CapCoupling,0,75.0,1.0,10.0,2,1.2401001994729688,0.010656120569360203,0.008072538746005855,0.5266220669769567,-5.67743729670754e-05,"[-0.00645229 -0.00636392 -0.00650014 ...         nan         nan
         nan]","[-0.0059788  -0.00597891 -0.00597903 ... -0.0065462  -0.00654632
 -0.00654643]",,0.0744739265275136
LAS_1.0Torr_SmallAdmixture_1kHzLaserFreq_CapCoupling,0,75.0,1.0,10.0,4,1.2469266179662086,0.010647673564267091,0.008021980871666954,0.5295209799990557,-5.7502467961943046e-05,"[-0.00620488 -0.00607521 -0.00616765 ...         nan         nan
         nan]","[-0.00603039 -0.0060305  -0.00603062 ... -0.00660507 -0.00660518
 -0.0066053 ]",,0.0744030746320953
LAS_1.0Torr_SmallAdmixture_1kHzLaserFreq_CapCoupling,0,75.0,1.0,10.0,6,1.2388185632563147,0.010560816087636487,0.008008617743132733,0.5260778061875352,-4.4582412830247724e-05,"[-0.00640027 -0.00627005 -0.00635432 ...         nan         nan
         nan]","[-0.00619937 -0.00619946 -0.00619955 ... -0.00664493 -0.00664502
 -0.00664511]",,0.07437510167434178
LAS_1.0Torr_SmallAdmixture_1kHzLaserFreq_CapCoupling,0,75.0,1.0,10.0,8,1.2436637479224004,0.010407358655588521,0.007861498504069439,0.5281353666691991,-6.327800285296621e-05,"[-0.00620423 -0.00608887 -0.00621163 ...         nan         nan
         nan]","[-0.00599805 -0.00599818 -0.0059983  ... -0.00663045 -0.00663058
 -0.0066307 ]",,0.07441795427226286
LAS_1.0Torr_SmallAdmixture_1kHzLaserFreq_CapCoupling,0,75.0,1.0,10.0,10,1.295065211960536,0.011062344387306883,0.008024598770217467,0.5499635586563537,-9.498658131643084e-05,"[-0.00624168 -0.00619539 -0.00613828 ...         nan         nan
         nan]","[-0.00566965 -0.00566984 -0.00567003 ... -0.00661895 -0.00661914
 -0.00661933]",,0.07434775921097869
LAS_1.0Torr_SmallAdmixture_1kHzLaserFreq_CapCoupling,0,75.0,1.0,0.0,2,1.1963218846544577,0.045664632702882166,0.03585912690346342,0.50803112839934,2.505100550586263e-05,[0.00395847 0.00409089 0.00405846 ... 0.00438898 0.00426935 0.00417312],[0.00349662 0.00349667 0.00349672 ... 0.00374698 0.00374703 0.00374708],1.265727776081821,0.14900957142380403
LAS_1.0Torr_SmallAdmixture_1kHzLaserFreq_CapCoupling,0,75.0,1.0,0.0,4,1.1656474575405005,0.04483120424421983,0.036131082552938024,0.49500489856972507,1.4539419953044186e-05,[0.00387789 0.00379262 0.00409853 ... 0.00423224 0.00420001 0.00416516],[0.00359792 0.00359795 0.00359798 ... 0.00374323 0.00374325 0.00374328],1.005585052569255,0.14895122620179874
LAS_1.0Torr_SmallAdmixture_1kHzLaserFreq_CapCoupling,0,75.0,1.0,0.0,6,1.1905102047750038,0.04573301761368726,0.03608814224473219,0.5055631351903822,-6.648915235538999e-07,[0.00415626 0.00444698 0.00440595 ... 0.0040828  0.00409233 0.00411998],[0.00377946 0.00377946 0.00377945 ... 0.00377281 0.00377281 0.00377281],0.8149292497543739,0.14903494956700206
LAS_1.0Torr_SmallAdmixture_1kHzLaserFreq_CapCoupling,0,75.0,1.0,0.0,8,1.1897422600371557,0.045990983580702076,0.036315129680629984,0.5052370190867468,-2.2309056349397547e-06,[0.004162   0.00419171 0.00408819 ... 0.0041147  0.0041878  0.0040572 ],[0.00380555 0.00380555 0.00380554 ... 0.00378325 0.00378325 0.00378325],0.7429577162388823,0.14902242005389532
LAS_1.0Torr_SmallAdmixture_1kHzLaserFreq_CapCoupling,0,75.0,1.0,0.0,10,1.1849575401042973,0.04496276282782915,0.03564658996142243,0.5032051356131222,1.887784080303748e-05,[0.00407511 0.00416299 0.00419798 ...        nan        nan        nan],[0.00347577 0.00347581 0.00347584 ... 0.00366443 0.00366447 0.00366451],,0.14901116394927535
LAS_1.0Torr_SmallAdmixture_1kHzLaserFreq_CapCoupling,0,75.0,1.0,2.0,1,1.2226504736411112,0.038214302806097104,0.02936239048650804,0.5192118506979339,3.6354312493991924e-05,[0.0035154  0.00355349 0.0036216  ... 0.00225438 0.00239389 0.00229434],[0.00237076 0.00237084 0.00237091 ... 0.00273409 0.00273416 0.00273423],2.073334882468542,0.12216584635416666
LAS_1.0Torr_SmallAdmixture_1kHzLaserFreq_CapCoupling,0,75.0,1.0,2.0,2,1.2162280570585027,0.03796346061120142,0.029323686392224834,0.5164845014908636,4.1391183151219035e-05,[0.00370104 0.00332204 0.00342779 ... 0.00312898 0.00309471 0.00307703],[0.00229713 0.00229721 0.0022973  ... 0.0027108  0.00271088 0.00271096],2.164441009358751,0.12215009479166668
LAS_1.0Torr_SmallAdmixture_1kHzLaserFreq_CapCoupling,0,75.0,1.0,2.0,3,1.1962247029263133,0.03773300313910672,0.029633052803083086,0.5079898591191886,3.767576496819551e-05,[0.00330001 0.00332118 0.00330838 ... 0.00263467 0.00273335 0.00259132],[0.00235781 0.00235788 0.00235796 ... 0.00273434 0.00273441 0.00273449],2.2552905328395054,0.12212220833333333
LAS_1.0Torr_SmallAdmixture_1kHzLaserFreq_CapCoupling,0,75.0,1.0,2.0,4,1.1776218765469353,0.03652881544399345,0.029140534545308516,0.5000899661236992,3.356172661309542e-05,[0.00352747 0.00357527 0.00353759 ... 0.0028227  0.00274279 0.00282233],[0.00243049 0.00243055 0.00243062 ... 0.0027659  0.00276597 0.00276604],2.004457606249168,0.12211951666666666
LAS_1.0Torr_SmallAdmixture_1kHzLaserFreq_CapCoupling,0,75.0,1.0,2.0,5,1.1826285060963233,0.03686383695641403,0.029283297750934287,0.5022160859348299,3.321189520582457e-05,[0.00345363 0.00351225 0.00342758 ...        nan        nan        nan],[0.0025045  0.00250457 0.00250464 ... 0.00283642 0.00283649 0.00283656],,0.12214338020653878
LAS_1.0Torr_SmallAdmixture_1kHzLaserFreq_CapCoupling,0,70.0,1.0,8.0,2,1.2227291050198847,0.013097386976265129,0.010062877810419561,0.5192452423700235,-3.878355767066991e-05,"[-0.00549349 -0.00560035 -0.00567949 ...         nan         nan
         nan]","[-0.00571101 -0.00571109 -0.00571117 ... -0.00609861 -0.00609869
 -0.00609877]",,0.07742084805616814
LAS_1.0Torr_SmallAdmixture_1kHzLaserFreq_CapCoupling,0,70.0,1.0,8.0,4,1.2077849726916094,0.012993098016080215,0.010106269673899076,0.5128990536836269,-2.1010665141366637e-05,"[-0.00545799 -0.00555948 -0.00545151 ...         nan         nan
         nan]","[-0.00590607 -0.00590611 -0.00590615 ... -0.00611605 -0.00611609
 -0.00611613]",,0.07745971216335873
LAS_1.0Torr_SmallAdmixture_1kHzLaserFreq_CapCoupling,0,70.0,1.0,8.0,6,1.189674424517081,0.012903535165186306,0.010189394435463748,0.5052082119937301,-3.200695225306056e-05,"[-0.00576119 -0.00567093 -0.00566238 ...         nan         nan
         nan]","[-0.00577682 -0.00577688 -0.00577695 ... -0.0060967  -0.00609676
 -0.00609682]",,0.07746553342605587
LAS_1.0Torr_SmallAdmixture_1kHzLaserFreq_CapCoupling,0,70.0,1.0,8.0,8,1.1815267714546576,0.012726765605894825,0.01011910888208679,0.5017482223101803,-4.435561971394803e-05,"[-0.0056157  -0.00578246 -0.00587367 ...         nan         nan
         nan]","[-0.00569665 -0.00569674 -0.00569683 ... -0.00613994 -0.00614003
 -0.00614012]",,0.07749420849622426
LAS_1.0Torr_SmallAdmixture_1kHzLaserFreq_CapCoupling,0,70.0,1.0,8.0,10,1.2472661778475194,0.013355908277647374,0.010059631496276408,0.5296651778039059,-6.668480391902709e-05,"[-0.00578614 -0.00550938 -0.00582261 ...         nan         nan
         nan]","[-0.00560321 -0.00560335 -0.00560348 ... -0.00626966 -0.00626979
 -0.00626993]",,0.07745384159482759
LAS_1.0Torr_SmallAdmixture_1kHzLaserFreq_CapCoupling,0,70.0,1.0,4.0,2,1.1980122691370692,0.024501617578381086,0.019213269792431757,0.5087489685953152,-8.71936293201403e-06,"[-0.00064553 -0.00082988 -0.00076999 ... -0.00232313 -0.00227247
 -0.00238622]","[-0.00134473 -0.00134475 -0.00134476 ... -0.00143187 -0.00143189
 -0.0014319 ]",1.7416828510338347,0.08920084859846007
LAS_1.0Torr_SmallAdmixture_1kHzLaserFreq_CapCoupling,0,70.0,1.0,4.0,4,1.1877020839704788,0.024421531452278697,0.01931671027511382,0.5043706360818195,-5.434198425487026e-06,"[-0.00079293 -0.00080505 -0.00079017 ... -0.00240237 -0.00258586
 -0.00233788]","[-0.00138072 -0.00138073 -0.00138074 ... -0.00143503 -0.00143504
 -0.00143505]",1.8620675556432242,0.08917767252079979
LAS_1.0Torr_SmallAdmixture_1kHzLaserFreq_CapCoupling,0,70.0,1.0,4.0,6,1.2192030033445957,0.024692090002656913,0.019026093090214087,0.5177478448585959,-1.0163052499837533e-05,"[-0.00033771 -0.00026714 -0.00027127 ... -0.00249696 -0.00249483
 -0.0024217 ]","[-0.0012218  -0.00122182 -0.00122184 ... -0.00132337 -0.00132339
 -0.00132341]",2.05976834198186,0.0891499766822258
LAS_1.0Torr_SmallAdmixture_1kHzLaserFreq_CapCoupling,0,70.0,1.0,4.0,8,1.19062250680823,0.02390632362030667,0.018862814600892994,0.5056108254729,-3.760918538239581e-06,"[-0.00041069 -0.00042265 -0.00040779 ... -0.00223281 -0.00227178
 -0.0023922 ]","[-0.0012585  -0.00125851 -0.00125851 ... -0.00129608 -0.00129609
 -0.0012961 ]",2.059475128939773,0.08919933089490062
LAS_1.0Torr_SmallAdmixture_1kHzLaserFreq_CapCoupling,0,70.0,1.0,4.0,10,1.2014446451339715,0.024587593861248508,0.01922560673963291,0.5102065644757925,-5.707328659864988e-05,"[-0.00047692 -0.00050597 -0.00061725 ...         nan         nan
         nan]","[-0.00075801 -0.00075812 -0.00075823 ... -0.0013284  -0.00132851
 -0.00132862]",,0.08924835163385525
LAS_1.0Torr_SmallAdmixture_1kHzLaserFreq_CapCoupling,0,70.0,1.0,6.0,2,1.226128148637905,0.019267007697711898,0.014762033887184625,0.5206886832924806,-5.475496047027344e-05,"[-0.0037713  -0.00368556 -0.00383261 ... -0.00680446 -0.00682828
 -0.00660122]","[-0.00472776 -0.00472787 -0.00472798 ... -0.00527499 -0.0052751
 -0.0052752 ]",3.0496705859176965,0.0825245828946049
LAS_1.0Torr_SmallAdmixture_1kHzLaserFreq_CapCoupling,0,70.0,1.0,6.0,4,1.1979891359490402,0.018787264654304303,0.01473256831087035,0.5087391448348636,-5.8365630367293765e-05,"[-0.00401158 -0.00383915 -0.00405975 ... -0.00668343 -0.00672938
 -0.00659408]","[-0.00459248 -0.0045926  -0.00459272 ... -0.00517579 -0.00517591
 -0.00517602]",3.3691691920561024,0.08248026975531488
LAS_1.0Torr_SmallAdmixture_1kHzLaserFreq_CapCoupling,0,70.0,1.0,6.0,6,1.2247858045821627,0.01908981949614483,0.014642305627018555,0.5201186422574662,-7.692687339376091e-05,"[-0.00393954 -0.00387005 -0.00402524 ... -0.00690547 -0.00704577
 -0.0071256 ]","[-0.00443352 -0.00443367 -0.00443382 ... -0.00520232 -0.00520248
 -0.00520263]",4.528493996276882,0.0824968745821634
LAS_1.0Torr_SmallAdmixture_1kHzLaserFreq_CapCoupling,0,70.0,1.0,6.0,8,1.2008787259175793,0.018675748499193786,0.014609880222797673,0.5099662407119505,-5.0456597393175136e-05,"[-0.00389007 -0.00400169 -0.00399009 ... -0.00672015 -0.00685421
 -0.00703991]","[-0.00468096 -0.00468106 -0.00468116 ... -0.00518522 -0.00518532
 -0.00518542]",3.686830801122943,0.08259472408159513
LAS_1.0Torr_SmallAdmixture_1kHzLaserFreq_CapCoupling,0,70.0,1.0,6.0,10,1.2044173727953182,0.018728301738678337,0.014607946727981902,0.511468965680343,-8.046968695819815e-05,"[-0.00397461 -0.00406085 -0.00408363 ...         nan         nan
         nan]","[-0.00419701 -0.00419717 -0.00419733 ... -0.00500123 -0.00500139
 -0.00500155]",,0.0825662885314953
LAS_1.0Torr_SmallAdmixture_1kHzLaserFreq_CapCoupling,0,70.0,1.0,2.0,2,1.1747283332710408,0.03623514000578493,0.028977458324810308,0.4988611914315522,3.1503238198233104e-05,[0.0053727  0.00537207 0.00525889 ... 0.0046772  0.00471058 0.00470764],[0.00453161 0.00453167 0.00453173 ... 0.00484645 0.00484651 0.00484657],1.8808726687604174,0.12453183471281665
LAS_1.0Torr_SmallAdmixture_1kHzLaserFreq_CapCoupling,0,70.0,1.0,2.0,4,1.1980643368570565,0.03730874999359053,0.02925488180176598,0.5087710797201535,6.629027102569927e-05,[0.0048304  0.00489303 0.0047518  ... 0.00484147 0.00498475 0.00499326],[0.00404712 0.00404725 0.00404739 ... 0.00470963 0.00470976 0.00470989],3.101168264684648,0.1245154152035783
LAS_1.0Torr_SmallAdmixture_1kHzLaserFreq_CapCoupling,0,70.0,1.0,2.0,6,1.1632760212478288,0.03628074475030961,0.029299567338168526,0.493997842299045,3.545789347117113e-05,[0.00514612 0.00517498 0.00515309 ... 0.00462188 0.00467245 0.0046956 ],[0.00436186 0.00436193 0.004362   ... 0.00471623 0.0047163  0.00471637],1.9089728163888253,0.12449540485745339
LAS_1.0Torr_SmallAdmixture_1kHzLaserFreq_CapCoupling,0,70.0,1.0,2.0,8,1.2053312720403395,0.037395880347058624,0.029146413838869335,0.5118570629563746,1.5799181709457786e-05,[0.00502586 0.00505228 0.0050437  ... 0.0043452  0.00439466 0.00445282],[0.0043542  0.00435423 0.00435426 ... 0.00451209 0.00451212 0.00451216],1.729617210542107,0.12449809484992894
LAS_1.0Torr_SmallAdmixture_1kHzLaserFreq_CapCoupling,0,70.0,1.0,2.0,10,1.1804204713626418,0.03631568395673311,0.02890182620354517,0.5012784199172755,3.888140933184891e-05,[0.00443911 0.00443313 0.00455404 ...        nan        nan        nan],[0.00362522 0.0036253  0.00362538 ... 0.0040138  0.00401388 0.00401396],,0.12453582156281766
LAS_1.0Torr_SmallAdmixture_1kHzLaserFreq_CapCoupling,0,70.0,1.0,10.0,2,1.278100485202666,0.010451424104831332,0.007682070019730718,0.5427593025206595,-6.433126098620031e-05,"[-0.0061635  -0.00612279 -0.00623103 ...         nan         nan
         nan]","[-0.0057685  -0.00576863 -0.00576875 ... -0.00641142 -0.00641155
 -0.00641168]",,0.07261077403934546
LAS_1.0Torr_SmallAdmixture_1kHzLaserFreq_CapCoupling,0,70.0,1.0,10.0,4,1.2060475047691872,0.009713237183334616,0.007566017980877522,0.5121612189917196,-4.70658408090801e-05,"[-0.00603012 -0.00605767 -0.00588198 ...         nan         nan
         nan]","[-0.00593341 -0.0059335  -0.0059336  ... -0.00640378 -0.00640388
 -0.00640397]",,0.07259615842651558
LAS_1.0Torr_SmallAdmixture_1kHzLaserFreq_CapCoupling,0,70.0,1.0,10.0,6,1.2330727968979598,0.010082319724270608,0.0076813850963029645,0.523637803873779,-6.82161070105464e-05,"[-0.00636817 -0.00664427 -0.0064116  ...         nan         nan
         nan]","[-0.00581381 -0.00581394 -0.00581408 ... -0.00649556 -0.0064957
 -0.00649583]",,0.07261355070283641
LAS_1.0Torr_SmallAdmixture_1kHzLaserFreq_CapCoupling,0,70.0,1.0,10.0,8,1.2249056656821937,0.01004879729962039,0.007706891276482251,0.5201695425800976,-5.561571059913132e-05,"[-0.0065649  -0.0065391  -0.00666624 ...         nan         nan
         nan]","[-0.00593786 -0.00593797 -0.00593808 ... -0.00649368 -0.0064938
 -0.00649391]",,0.07262771105117911
LAS_1.0Torr_SmallAdmixture_1kHzLaserFreq_CapCoupling,0,70.0,1.0,10.0,10,1.3071953218582277,0.010705288695533085,0.007693530654263212,0.5551147420443533,-0.00010049123177114325,"[-0.0062604  -0.00618244 -0.00617996 ...         nan         nan
         nan]","[-0.00559085 -0.00559105 -0.00559125 ... -0.00659516 -0.00659536
 -0.00659556]",,0.07264555889515263
LAS_1.0Torr_SmallAdmixture_1kHzLaserFreq_CapCoupling,0,70.0,1.0,0.0,2,1.1688757506200484,0.04643988648116263,0.03732420709030993,0.4963758284148146,-1.6564751059068006e-07,[0.00327379 0.00335128 0.00334914 ... 0.00333178 0.00314826 0.00323327],[0.00300088 0.00300088 0.00300088 ... 0.00299923 0.00299923 0.00299922],0.8663961674007064,0.1453990631213139
LAS_1.0Torr_SmallAdmixture_1kHzLaserFreq_CapCoupling,0,70.0,1.0,0.0,4,1.1802007893119113,0.046853519817462254,0.03729530055684795,0.5011851295398668,1.043331524269396e-05,[0.00319495 0.00320847 0.00319295 ... 0.0035146  0.00340798 0.0035103 ],[0.00287041 0.00287043 0.00287045 ... 0.00297468 0.0029747  0.00297472],0.9269974529332028,0.14537215833208128
LAS_1.0Torr_SmallAdmixture_1kHzLaserFreq_CapCoupling,0,70.0,1.0,0.0,6,1.1755012254099466,0.04655328457955463,0.03720446226221109,0.49918940850297416,-6.339392477861998e-06,[0.00357126 0.00356492 0.0035035  ... 0.00336635 0.00336353 0.00327982],[0.00306668 0.00306667 0.00306666 ... 0.00300333 0.00300332 0.0030033 ],0.8588341000296157,0.145441453919801
LAS_1.0Torr_SmallAdmixture_1kHzLaserFreq_CapCoupling,0,70.0,1.0,0.0,8,1.1650584375649582,0.046027781273924845,0.03711420147725239,0.49475476481670844,-4.128527842341816e-06,[0.00344553 0.00337341 0.00336429 ... 0.00315529 0.00313149 0.00312795],[0.00308724 0.00308724 0.00308723 ... 0.00304598 0.00304598 0.00304597],0.6739444758473621,0.14545671608153452
LAS_1.0Torr_SmallAdmixture_1kHzLaserFreq_CapCoupling,0,70.0,1.0,0.0,10,1.174580260877818,0.046652906963671796,0.03731331218577226,0.49879831087575977,-8.471013754787056e-06,[0.00322916 0.00317957 0.00332631 ...        nan        nan        nan],[0.00309963 0.00309962 0.0030996  ... 0.00301497 0.00301496 0.00301494],,0.14547156851490453
LAS_1.0Torr_SmallAdmixture_1kHzLaserFreq_CapCoupling,0,65.0,1.0,8.0,2,1.1628255142152009,0.012248402811181036,0.009895385046757393,0.4938065295770479,-2.1257872731579367e-05,"[-0.00592948 -0.00591698 -0.00602076 ...         nan         nan
         nan]","[-0.00624354 -0.00624358 -0.00624362 ... -0.00645599 -0.00645603
 -0.00645607]",,0.07548618739886225
LAS_1.0Torr_SmallAdmixture_1kHzLaserFreq_CapCoupling,0,65.0,1.0,8.0,4,1.1932753887144534,0.01269175805662056,0.009991918683139079,0.5067374006911727,-3.0051971632126055e-05,"[-0.00591431 -0.0058114  -0.00589049 ...         nan         nan
         nan]","[-0.00607388 -0.00607394 -0.006074   ... -0.00637422 -0.00637428
 -0.00637434]",,0.07547180915619839
LAS_1.0Torr_SmallAdmixture_1kHzLaserFreq_CapCoupling,0,65.0,1.0,8.0,6,1.1908434813434126,0.012487022304062838,0.00985081115711104,0.5057046647179196,-3.500408220934011e-05,"[-0.00553872 -0.00546025 -0.00559061 ...         nan         nan
         nan]","[-0.00595044 -0.00595051 -0.00595058 ... -0.00630027 -0.00630034
 -0.00630041]",,0.07546029665682398
LAS_1.0Torr_SmallAdmixture_1kHzLaserFreq_CapCoupling,0,65.0,1.0,8.0,8,1.1670745150541726,0.012441612973049482,0.010014883268608906,0.4956109140980383,-2.0012293161790075e-05,"[-0.0058701  -0.00582578 -0.00563232 ...         nan         nan
         nan]","[-0.00599135 -0.00599139 -0.00599143 ... -0.00619135 -0.00619139
 -0.00619143]",,0.07548833441753403
LAS_1.0Torr_SmallAdmixture_1kHzLaserFreq_CapCoupling,0,65.0,1.0,8.0,10,1.2246010862441326,0.012793724772266767,0.009814544605176482,0.5200401996017652,-6.527214375348855e-05,"[-0.00530981 -0.00515285 -0.00501892 ...         nan         nan
         nan]","[-0.00541017 -0.0054103  -0.00541043 ... -0.0060625  -0.00606263
 -0.00606276]",,0.07553532387744169
LAS_1.0Torr_SmallAdmixture_1kHzLaserFreq_CapCoupling,0,65.0,1.0,6.0,2,1.2258301014671347,0.018498587146281765,0.014176729995202532,0.520562114312656,-5.711651584238151e-05,"[-0.00387553 -0.00400246 -0.00390667 ... -0.00669739 -0.0066921
 -0.00665959]","[-0.0045801  -0.00458022 -0.00458033 ... -0.00515092 -0.00515104
 -0.00515115]",4.0215619183858475,0.08063493722319712
LAS_1.0Torr_SmallAdmixture_1kHzLaserFreq_CapCoupling,0,65.0,1.0,6.0,4,1.215267972064271,0.018286851421675875,0.014136264865421374,0.5160767909329983,-6.73666251197536e-05,"[-0.00432323 -0.0043265  -0.00439805 ... -0.00681197 -0.00681903
 -0.0067104 ]","[-0.00456439 -0.00456452 -0.00456466 ... -0.00523765 -0.00523778
 -0.00523792]",4.115391462829974,0.0806685807846578
LAS_1.0Torr_SmallAdmixture_1kHzLaserFreq_CapCoupling,0,65.0,1.0,6.0,6,1.2174637271509712,0.018155671301421056,0.014009546288730884,0.5170092422646122,-7.174950717936079e-05,"[-0.00381657 -0.00385561 -0.00368604 ... -0.00691156 -0.00677092
 -0.00690029]","[-0.00443669 -0.00443684 -0.00443698 ... -0.00515376 -0.0051539
 -0.00515404]",4.912634423215673,0.08066487893791259
LAS_1.0Torr_SmallAdmixture_1kHzLaserFreq_CapCoupling,0,65.0,1.0,6.0,8,1.2075234033936593,0.018306903039981486,0.014242529068144183,0.5127879754301092,-5.888957184921849e-05,"[-0.00385653 -0.0037982  -0.00383704 ... -0.00633185 -0.00630341
 -0.00631302]","[-0.00452681 -0.00452692 -0.00452704 ... -0.00511535 -0.00511547
 -0.00511558]",3.6120425067464383,0.08064580669758503
LAS_1.0Torr_SmallAdmixture_1kHzLaserFreq_CapCoupling,0,65.0,1.0,6.0,10,1.2459429327166154,0.018636243896018673,0.014051672665846567,0.529103247335505,-8.119099793927386e-05,"[-0.0036364  -0.0037088  -0.00378182 ...         nan         nan
         nan]","[-0.00426489 -0.00426505 -0.00426521 ... -0.00507631 -0.00507647
 -0.00507663]",,0.08072349060480942
LAS_1.0Torr_SmallAdmixture_1kHzLaserFreq_CapCoupling,0,65.0,1.0,2.0,2,1.1758275982818194,0.0326914037139193,0.026119069995255522,0.4993280063005262,8.705100137927787e-05,[0.00470123 0.00482265 0.00480156 ... 0.00481824 0.00465783 0.00465618],[0.0038982  0.00389838 0.00389855 ... 0.00476819 0.00476836 0.00476854],3.7081061524535524,0.11100773802070289
LAS_1.0Torr_SmallAdmixture_1kHzLaserFreq_CapCoupling,0,65.0,1.0,2.0,4,1.2303619942565134,0.03447284923496001,0.026321586513149683,0.5224866319839496,0.00010703341409305721,[0.00445298 0.00436422 0.00455506 ... 0.00498467 0.00513362 0.00504568],[0.0034935  0.00349371 0.00349392 ... 0.00456319 0.0045634  0.00456362],1.1807695355258652,0.11106860808498205
LAS_1.0Torr_SmallAdmixture_1kHzLaserFreq_CapCoupling,0,65.0,1.0,2.0,6,1.1785816612959983,0.03276524559390374,0.02611689471123725,0.5004975491791808,0.00010861441444766022,[0.00420106 0.00418255 0.00417327 ... 0.00502076 0.00513486 0.00501237],[0.0033695  0.00336972 0.00336994 ... 0.00445499 0.00445521 0.00445543],1.961356586998945,0.11042222587444694
LAS_1.0Torr_SmallAdmixture_1kHzLaserFreq_CapCoupling,0,65.0,1.0,2.0,8,1.1554096399296387,0.032502608016505584,0.02642713075124328,0.4906572977275863,6.11723100471906e-05,[0.00458401 0.00460068 0.00468669 ... 0.00505119 0.00491779 0.00480522],[0.00400478 0.00400491 0.00400503 ... 0.00461614 0.00461626 0.00461639],0.7971623772557467,0.1112225910969196
LAS_1.0Torr_SmallAdmixture_1kHzLaserFreq_CapCoupling,0,65.0,1.0,2.0,10,1.1548338466098247,0.03227174200178229,0.026252501668575245,0.4904127808180972,4.051101158418508e-05,[0.00474434 0.00477606 0.00462604 ...        nan        nan        nan],[0.00411945 0.00411953 0.00411961 ... 0.00452431 0.0045244  0.00452448],,0.11051621325425476
LAS_1.0Torr_SmallAdmixture_1kHzLaserFreq_CapCoupling,0,65.0,1.0,4.0,2,1.2178397237821554,0.02551956171849648,0.019685700134643134,0.5171689133324621,3.803527250066156e-05,"[-4.32361087e-05 -1.07364892e-04  3.27191786e-05 ... -1.60019393e-03
 -1.53865107e-03 -1.54046802e-03]","[-0.00123323 -0.00123315 -0.00123308 ... -0.0008531  -0.00085303
 -0.00085295]",2.8913128237718473,0.08817773038328809
LAS_1.0Torr_SmallAdmixture_1kHzLaserFreq_CapCoupling,0,65.0,1.0,4.0,4,1.2569862213961804,0.026072307895728918,0.019485733066968238,0.5337929002467192,4.748805323647383e-05,"[ 0.00020322  0.00015886  0.00016417 ... -0.00144581 -0.00150049
 -0.00148366]","[-0.00124512 -0.00124502 -0.00124493 ... -0.00077052 -0.00077043
 -0.00077033]",3.898245141465187,0.08816500251193168
LAS_1.0Torr_SmallAdmixture_1kHzLaserFreq_CapCoupling,0,65.0,1.0,4.0,6,1.2255320904597669,0.025727581469276693,0.019721596285539565,0.5204355606900143,3.594046022163986e-05,"[ 0.00015958  0.00016161  0.00027998 ... -0.00138136 -0.00123808
 -0.00121009]","[-0.00110403 -0.00110396 -0.00110389 ... -0.00074484 -0.00074477
 -0.0007447 ]",2.98877042087291,0.08815898643556895
LAS_1.0Torr_SmallAdmixture_1kHzLaserFreq_CapCoupling,0,65.0,1.0,4.0,8,1.2659436611315653,0.026331070073143704,0.019539881255579178,0.5375967746677335,7.418286579391076e-06,"[ 0.00019551  0.00015293  0.00013062 ... -0.0014073  -0.00142329
 -0.00146013]","[-0.00066784 -0.00066782 -0.00066781 ... -0.0005937  -0.00059369
 -0.00059367]",2.0285833978278887,0.0880873341078456
LAS_1.0Torr_SmallAdmixture_1kHzLaserFreq_CapCoupling,0,65.0,1.0,4.0,10,1.2408031751559867,0.02603283621665294,0.019709988902254116,0.5269205932632864,-3.135609703842374e-05,[0.00032462 0.00023892 0.0002283  ...        nan        nan        nan],"[-0.00028446 -0.00028452 -0.00028458 ... -0.00059783 -0.00059789
 -0.00059796]",,0.08814194811113657
LAS_1.0Torr_SmallAdmixture_1kHzLaserFreq_CapCoupling,0,65.0,1.0,10.0,2,1.2388066592332034,0.009722782626928769,0.007373179974737898,0.5260727510143655,-2.9932372012890132e-05,"[-0.00521135 -0.00510083 -0.00499647 ...         nan         nan
         nan]","[-0.00549388 -0.00549394 -0.005494   ... -0.00579303 -0.00579309
 -0.00579315]",,0.07099643905422783
LAS_1.0Torr_SmallAdmixture_1kHzLaserFreq_CapCoupling,0,65.0,1.0,10.0,4,1.2020044782248291,0.009517196027609039,0.007438249107218245,0.5104443037000864,-3.4618489678019676e-05,"[-0.00530906 -0.00515562 -0.00518083 ...         nan         nan
         nan]","[-0.00554696 -0.00554702 -0.00554709 ... -0.00589293 -0.005893
 -0.00589307]",,0.07099573605057034
LAS_1.0Torr_SmallAdmixture_1kHzLaserFreq_CapCoupling,0,65.0,1.0,10.0,6,1.227961731999839,0.009690461597756054,0.007413570501023249,0.5214673344534486,-5.8264776536766635e-05,"[-0.00527159 -0.00523609 -0.00525338 ...         nan         nan
         nan]","[-0.00531249 -0.00531261 -0.00531272 ... -0.00589479 -0.0058949
 -0.00589502]",,0.07095166986087449
LAS_1.0Torr_SmallAdmixture_1kHzLaserFreq_CapCoupling,0,65.0,1.0,10.0,8,1.2271319160616097,0.009624037071673712,0.007367732090071228,0.5211149440701663,-5.371052961385237e-05,"[-0.00536387 -0.00557692 -0.00548947 ...         nan         nan
         nan]","[-0.00542435 -0.00542445 -0.00542456 ... -0.00596113 -0.00596124
 -0.00596135]",,0.07091361285783479
LAS_1.0Torr_SmallAdmixture_1kHzLaserFreq_CapCoupling,0,65.0,1.0,10.0,10,1.2420496459278252,0.009670989992283075,0.007314754728580242,0.5274499206632586,-6.002720135198747e-05,"[-0.00575125 -0.00593904 -0.00578216 ...         nan         nan
         nan]","[-0.0055232  -0.00552332 -0.00552344 ... -0.00612311 -0.00612323
 -0.00612335]",,0.07091322709982031
LAS_1.0Torr_SmallAdmixture_1kHzLaserFreq_CapCoupling,0,65.0,1.0,0.0,2,1.1795940110604233,0.0480497012154897,0.03826713269901364,0.5009274545414021,-5.375661851692024e-06,[0.002302   0.00223393 0.00228208 ... 0.00204948 0.00245078 0.00215694],[0.00201606 0.00201605 0.00201604 ... 0.00196234 0.00196233 0.00196232],0.7929354276584544,0.14213649538496176
LAS_1.0Torr_SmallAdmixture_1kHzLaserFreq_CapCoupling,0,65.0,1.0,0.0,4,1.1745745361363316,0.04803654247858308,0.038420140532471427,0.498795879801887,-1.9072355430276143e-05,[0.00202334 0.00198711 0.00203845 ... 0.00221889 0.00226104 0.00234389],[0.00213228 0.00213224 0.0021322  ... 0.00194167 0.00194163 0.0019416 ],0.7977253056639609,0.1422179922915937
LAS_1.0Torr_SmallAdmixture_1kHzLaserFreq_CapCoupling,0,65.0,1.0,0.0,6,1.1812440411985452,0.04853297440672496,0.03859802362058228,0.5016281578251217,-1.5916782919882877e-05,[0.00226099 0.00230692 0.00239974 ... 0.00228393 0.00226667 0.00231413],[0.0021682  0.00216817 0.00216814 ... 0.00200913 0.0020091  0.00200907],0.7134924418501505,0.14221792819383994
LAS_1.0Torr_SmallAdmixture_1kHzLaserFreq_CapCoupling,0,65.0,1.0,0.0,8,1.1810672825345954,0.04834779007978846,0.038456502026054606,0.5015530953317805,8.841430863914516e-06,[0.00242569 0.00237694 0.00246884 ... 0.00244277 0.00236396 0.00239294],[0.00190168 0.0019017  0.00190172 ... 0.00199004 0.00199006 0.00199008],0.9859455574467753,0.14220824944561158
LAS_1.0Torr_SmallAdmixture_1kHzLaserFreq_CapCoupling,0,65.0,1.0,0.0,10,1.157107057654986,0.04727184372384387,0.03837927695043449,0.4913781246667527,-5.297215029566411e-06,[0.0023728  0.0021316  0.00234694 ...        nan        nan        nan],[0.00214628 0.00214627 0.00214626 ... 0.00209334 0.00209333 0.00209332],,0.14219736920659484
LAS_1.0Torr_SmallAdmixture_1kHzLaserFreq_CapCoupling,0,60.0,1.0,8.0,2,1.2192695467909915,0.012288778328799783,0.009468403850596536,0.517776103258441,-2.4909454602044283e-05,"[-0.00639149 -0.0064216  -0.00645509 ...         nan         nan
         nan]","[-0.00665894 -0.00665899 -0.00665904 ... -0.00690789 -0.00690794
 -0.00690799]",,0.07356513879133009
LAS_1.0Torr_SmallAdmixture_1kHzLaserFreq_CapCoupling,0,60.0,1.0,8.0,4,1.1561387196226838,0.011770296103042832,0.009564124748058234,0.49096690936631154,-3.12893278251922e-05,"[-0.005939   -0.00629543 -0.00618576 ...         nan         nan
         nan]","[-0.00654054 -0.0065406  -0.00654067 ... -0.00685325 -0.00685331
 -0.00685337]",,0.07358079122974262
LAS_1.0Torr_SmallAdmixture_1kHzLaserFreq_CapCoupling,0,60.0,1.0,8.0,6,1.196622222922821,0.012101339918262646,0.009500450203627346,0.5081586703187307,-3.830124275384336e-05,"[-0.00606622 -0.00631255 -0.00627055 ...         nan         nan
         nan]","[-0.00654641 -0.00654648 -0.00654656 ... -0.00692919 -0.00692927
 -0.00692934]",,0.0735610764097933
LAS_1.0Torr_SmallAdmixture_1kHzLaserFreq_CapCoupling,0,60.0,1.0,8.0,8,1.1996295671340458,0.01215410004564065,0.00951795036129192,0.5094357718185124,-5.226734562926222e-05,"[-0.00602519 -0.00615813 -0.00605718 ...         nan         nan
         nan]","[-0.00641565 -0.00641576 -0.00641586 ... -0.00693801 -0.00693812
 -0.00693822]",,0.07356474722389457
LAS_1.0Torr_SmallAdmixture_1kHzLaserFreq_CapCoupling,0,60.0,1.0,8.0,10,1.1647983042236598,0.011876896083138053,0.009578996548400987,0.49464429635783524,-7.491094626371204e-05,"[-0.00665337 -0.00658281 -0.00645076 ...         nan         nan
         nan]","[-0.00627968 -0.00627983 -0.00627998 ... -0.00702834 -0.00702849
 -0.00702864]",,0.07361441252900677
LAS_1.0Torr_SmallAdmixture_1kHzLaserFreq_CapCoupling,0,60.0,1.0,6.0,2,1.215024883521086,0.017433842665694962,0.013479560734324766,0.5159735607334347,-4.494712149193954e-05,"[-0.0029391  -0.00298891 -0.0028867  ... -0.00551099 -0.00567717
 -0.00584056]","[-0.00385162 -0.00385171 -0.0038518  ... -0.00430082 -0.00430091
 -0.004301  ]",2.8083394972643734,0.0784550254365318
LAS_1.0Torr_SmallAdmixture_1kHzLaserFreq_CapCoupling,0,60.0,1.0,6.0,4,1.2268706813583987,0.017474486059960614,0.01338053299363898,0.5210040079059519,-4.774422039520593e-05,"[-0.00322719 -0.00314691 -0.00316358 ... -0.00577651 -0.0058035
 -0.00578937]","[-0.00378323 -0.00378332 -0.00378342 ... -0.00426038 -0.00426048
 -0.00426057]",3.3168527967267596,0.07844814515725161
LAS_1.0Torr_SmallAdmixture_1kHzLaserFreq_CapCoupling,0,60.0,1.0,6.0,6,1.2413785905084262,0.017700441766636515,0.013395151948141955,0.5271649496648101,-6.943300906217633e-05,"[-0.00293346 -0.00305071 -0.00294542 ... -0.00599106 -0.00600275
 -0.0060979 ]","[-0.00356175 -0.00356189 -0.00356203 ... -0.00425567 -0.0042558
 -0.00425594]",4.233676034673339,0.07846002145098825
LAS_1.0Torr_SmallAdmixture_1kHzLaserFreq_CapCoupling,0,60.0,1.0,6.0,8,1.2188164042330933,0.017529724808438913,0.013511532100485392,0.5175836713319104,-4.958850160963319e-05,"[-0.00322308 -0.0031979  -0.00318892 ... -0.00589728 -0.00582905
 -0.00579788]","[-0.00393171 -0.00393181 -0.00393191 ... -0.0044273  -0.00442739
 -0.00442749]",3.3285924715014295,0.07849754190037393
LAS_1.0Torr_SmallAdmixture_1kHzLaserFreq_CapCoupling,0,60.0,1.0,6.0,10,1.225300817584638,0.017756890140763502,0.013614195234840979,0.5203373481426832,-9.707287627156006e-05,"[-0.00345968 -0.00349962 -0.00345301 ...         nan         nan
         nan]","[-0.00353349 -0.00353368 -0.00353388 ... -0.00450363 -0.00450383
 -0.00450402]",,0.07854058106316412
LAS_1.0Torr_SmallAdmixture_1kHzLaserFreq_CapCoupling,0,60.0,1.0,4.0,2,1.219470947795799,0.025607717866999637,0.019727279957071114,0.5178616303904324,-6.974033165825322e-06,"[ 2.14277438e-05  1.27946327e-04  1.07170481e-04 ... -9.44807085e-04
 -8.28303471e-04 -9.19755764e-04]","[-3.88594120e-05 -3.88733601e-05 -3.88873081e-05 ... -1.08557899e-04
 -1.08571848e-04 -1.08585796e-04]",1.886099006286958,0.08611622710553657
LAS_1.0Torr_SmallAdmixture_1kHzLaserFreq_CapCoupling,0,60.0,1.0,4.0,4,1.2123501803356038,0.0253171628106762,0.01961800057527421,0.5148377188710698,8.350910314164417e-06,"[ 0.00044428  0.00032225  0.00032739 ... -0.00058571 -0.00090684
 -0.00081439]","[-0.00036579 -0.00036577 -0.00036575 ... -0.00028233 -0.00028231
 -0.00028229]",2.11727479407853,0.08608026572659025
LAS_1.0Torr_SmallAdmixture_1kHzLaserFreq_CapCoupling,0,60.0,1.0,4.0,6,1.1987764147808309,0.02502165092755664,0.019608553660320393,0.5090734713722361,-2.0849999991598635e-05,"[ 6.27571618e-05  1.50374860e-04  6.87505194e-05 ... -8.40395828e-04
 -8.73668468e-04 -8.42221811e-04]","[ 8.75164075e-06  8.70994075e-06  8.66824075e-06 ... -1.99623259e-04
 -1.99664959e-04 -1.99706659e-04]",2.1145219031197087,0.0861270689850191
LAS_1.0Torr_SmallAdmixture_1kHzLaserFreq_CapCoupling,0,60.0,1.0,4.0,8,1.229270370727761,0.02549720685069596,0.019485564110748952,0.5220230621536113,1.4543981437813517e-05,"[ 2.73301646e-05  1.54933366e-04  3.11147752e-04 ... -9.92461715e-04
 -8.46404560e-04 -1.14189329e-03]","[-0.00053068 -0.00053065 -0.00053062 ... -0.00038533 -0.0003853
 -0.00038527]",2.3758591839867416,0.08605261118372545
LAS_1.0Torr_SmallAdmixture_1kHzLaserFreq_CapCoupling,0,60.0,1.0,4.0,10,1.2467994028123857,0.026164872206158856,0.01971468408425022,0.5294669566973212,-6.869767619778534e-05,"[ 6.73791334e-05  1.52641870e-04 -9.57837545e-05 ...             nan
             nan             nan]","[ 0.00019179  0.00019165  0.00019151 ... -0.00049478 -0.00049491
 -0.00049505]",,0.08612447898680019
LAS_1.0Torr_SmallAdmixture_1kHzLaserFreq_CapCoupling,0,60.0,1.0,2.0,2,1.1338701739088943,0.030984013969664208,0.025670961664427814,0.4815103286985957,8.974921729711972e-05,[0.00456095 0.00455919 0.00454    ... 0.0050955  0.00507272 0.00509754],[0.00369398 0.00369416 0.00369434 ... 0.00459093 0.00459111 0.00459129],3.6043101618727347,0.10347059437348693
LAS_1.0Torr_SmallAdmixture_1kHzLaserFreq_CapCoupling,0,60.0,1.0,2.0,4,1.1344573280118582,0.030991187369629927,0.025663615551956506,0.4817596700884836,8.10869747575432e-05,[0.0048624  0.00480257 0.00476778 ... 0.00501602 0.00503033 0.00511759],[0.00374304 0.0037432  0.00374336 ... 0.00455342 0.00455358 0.00455374],3.0308520335708677,0.10351506699223642
LAS_1.0Torr_SmallAdmixture_1kHzLaserFreq_CapCoupling,0,60.0,1.0,2.0,6,1.148662093197017,0.031134760091188065,0.025463671576054565,0.4877918784583474,5.757611231735649e-05,[0.00395971 0.00391084 0.00412145 ... 0.0047112  0.00470823 0.00480319],[0.00393295 0.00393306 0.00393318 ... 0.00450836 0.00450848 0.0045086 ],2.3765338355447607,0.1036770452458469
LAS_1.0Torr_SmallAdmixture_1kHzLaserFreq_CapCoupling,0,60.0,1.0,2.0,8,1.1385414872847401,0.03131861873159574,0.025841726702475493,0.4834940528416371,6.448179602911197e-05,[0.00412279 0.00408002 0.00402864 ... 0.00439759 0.00445266 0.00459954],[0.00364565 0.00364578 0.00364591 ... 0.00429009 0.00429021 0.00429034],2.382767756345526,0.10360835681192086
LAS_1.0Torr_SmallAdmixture_1kHzLaserFreq_CapCoupling,0,60.0,1.0,2.0,10,1.1616674981374695,0.03144335184249208,0.025428151287237643,0.4933147654270973,7.250664345009065e-05,[0.00425594 0.00411914 0.00423708 ...        nan        nan        nan],[0.00351368 0.00351382 0.00351397 ... 0.00423831 0.00423846 0.0042386 ],,0.10357023246368502
LAS_1.0Torr_SmallAdmixture_1kHzLaserFreq_CapCoupling,0,60.0,1.0,10.0,2,1.2559926758683098,0.00956185695796914,0.007151924571295586,0.5333709803085196,-3.5076807008736896e-05,"[-0.00501286 -0.0049436  -0.0049397  ...         nan         nan
         nan]","[-0.00507266 -0.00507273 -0.0050728  ... -0.00542322 -0.00542329
 -0.00542336]",,0.06904859538309259
LAS_1.0Torr_SmallAdmixture_1kHzLaserFreq_CapCoupling,0,60.0,1.0,10.0,4,1.2214667254094136,0.009254335792269676,0.007117564360951854,0.5187091591083173,-9.579930562683806e-06,"[-0.00490271 -0.00506032 -0.00492621 ...         nan         nan
         nan]","[-0.00523598 -0.005236   -0.00523602 ... -0.00533172 -0.00533174
 -0.00533176]",,0.06906107294445284
LAS_1.0Torr_SmallAdmixture_1kHzLaserFreq_CapCoupling,0,60.0,1.0,10.0,6,1.2242512639820131,0.009333031469454198,0.007161763229195308,0.5198916437650432,-1.3314778492731794e-05,"[-0.00475187 -0.0046651  -0.00461103 ...         nan         nan
         nan]","[-0.0050879  -0.00508792 -0.00508795 ... -0.00522097 -0.00522099
 -0.00522102]",,0.06906550876994313
LAS_1.0Torr_SmallAdmixture_1kHzLaserFreq_CapCoupling,0,60.0,1.0,10.0,8,1.207323942534696,0.009064592873962765,0.007053298756055366,0.5127032722021985,-3.844669599345203e-05,"[-0.00455032 -0.00444377 -0.00441883 ...         nan         nan
         nan]","[-0.00479471 -0.00479478 -0.00479486 ... -0.00517894 -0.00517902
 -0.0051791 ]",,0.06901417618736054
LAS_1.0Torr_SmallAdmixture_1kHzLaserFreq_CapCoupling,0,60.0,1.0,10.0,10,1.2685018642577375,0.009663605609898563,0.007156750504187851,0.538683143510045,-6.104383349228125e-05,"[-0.00490788 -0.00484289 -0.00466486 ...         nan         nan
         nan]","[-0.00462195 -0.00462207 -0.00462219 ... -0.00523202 -0.00523214
 -0.00523226]",,0.06905828273090059
LAS_1.0Torr_SmallAdmixture_1kHzLaserFreq_CapCoupling,0,60.0,1.0,0.0,2,1.1649875873529854,0.048872767981692336,0.03941063463136206,0.49472467750191673,-2.8431349748776428e-05,[0.00150978 0.00166254 0.00158368 ... 0.00119174 0.00113461 0.00107522],[0.00139006 0.00139    0.00138994 ... 0.00110591 0.00110586 0.0011058 ],0.6824617636461731,0.14053319516429327
LAS_1.0Torr_SmallAdmixture_1kHzLaserFreq_CapCoupling,0,60.0,1.0,0.0,4,1.184358391295023,0.049467567757468085,0.03923785028208608,0.5029507005404555,-2.0855349983616638e-05,[0.00142042 0.00159007 0.00152644 ... 0.00115365 0.00115242 0.00121298],[0.00132843 0.00132839 0.00132834 ... 0.00112    0.00111996 0.00111992],0.6426258086152999,0.14053617816887234
LAS_1.0Torr_SmallAdmixture_1kHzLaserFreq_CapCoupling,0,60.0,1.0,0.0,6,1.146218916902352,0.04809515732698893,0.03941863378071191,0.4867543570138445,-1.736260270074471e-05,[0.00138747 0.00135853 0.00158832 ... 0.00119766 0.0012186  0.00134633],[0.0012989  0.00129887 0.00129883 ... 0.00112538 0.00112535 0.00112531],0.5026202263432513,0.14047274935423273
LAS_1.0Torr_SmallAdmixture_1kHzLaserFreq_CapCoupling,0,60.0,1.0,0.0,8,1.1755937625127308,0.049979520913343255,0.03993949833247354,0.4992287053923392,-2.5825889427995773e-05,[0.00175763 0.00176623 0.001582   ... 0.00140815 0.00128363 0.00136105],[0.00142487 0.00142482 0.00142477 ... 0.00116677 0.00116672 0.00116666],0.8165913398234153,0.1404590467174894
LAS_1.0Torr_SmallAdmixture_1kHzLaserFreq_CapCoupling,0,60.0,1.0,0.0,10,1.15546491825526,0.04843759215922294,0.039381619507353506,0.4906807722711031,1.266721702666646e-05,[0.00151801 0.00162716 0.00143405 ...        nan        nan        nan],[0.00104907 0.0010491  0.00104912 ... 0.00117567 0.00117569 0.00117572],,0.14049841826347884
LAS_1.0Torr_SmallAdmixture_1kHzLaserFreq_CapCoupling,0,55.0,1.0,8.0,2,1.186318138710077,0.011802566514303106,0.009346372280815534,0.5037829286417872,-4.105080964558296e-05,"[-0.00613721 -0.00603596 -0.00613003 ...         nan         nan
         nan]","[-0.00663213 -0.00663221 -0.00663229 ... -0.00704239 -0.00704247
 -0.00704256]",,0.07155480170291857
LAS_1.0Torr_SmallAdmixture_1kHzLaserFreq_CapCoupling,0,55.0,1.0,8.0,4,1.1739735542123773,0.011606897330492675,0.009288072975050774,0.4985406662770903,-3.0608357077031994e-05,"[-0.00588578 -0.00594701 -0.00592286 ...         nan         nan
         nan]","[-0.00670454 -0.0067046  -0.00670466 ... -0.00701044 -0.0070105
 -0.00701056]",,0.0715305639975888
LAS_1.0Torr_SmallAdmixture_1kHzLaserFreq_CapCoupling,0,55.0,1.0,8.0,6,1.182698882253967,0.011763488285223634,0.009343933260192824,0.5022459719372836,-4.9994659294032646e-05,"[-0.00595147 -0.00611968 -0.0061374  ...         nan         nan
         nan]","[-0.00653992 -0.00654002 -0.00654012 ... -0.00703957 -0.00703967
 -0.00703977]",,0.07149673167729945
LAS_1.0Torr_SmallAdmixture_1kHzLaserFreq_CapCoupling,0,55.0,1.0,8.0,8,1.157985303163311,0.011624941752899704,0.00943095185712031,0.4917510811948654,-5.043868612489078e-05,"[-0.00626523 -0.00635931 -0.00631402 ...         nan         nan
         nan]","[-0.00657231 -0.00657241 -0.00657251 ... -0.00707639 -0.00707649
 -0.00707659]",,0.07146835910027127
LAS_1.0Torr_SmallAdmixture_1kHzLaserFreq_CapCoupling,0,55.0,1.0,8.0,10,1.2496025369624328,0.01276425404669041,0.009596024120919616,0.5306573381687046,-0.00010170243320450178,"[-0.00659904 -0.00644567 -0.00674885 ...         nan         nan
         nan]","[-0.00618017 -0.00618038 -0.00618058 ... -0.00719659 -0.00719679
 -0.007197  ]",,0.07151627675269683
LAS_1.0Torr_SmallAdmixture_1kHzLaserFreq_CapCoupling,0,55.0,1.0,4.0,2,1.2116716758899475,0.023602124392900044,0.01829927690181524,0.5145495845624257,1.1670744982351506e-05,"[ 0.00045356  0.00022863  0.00051153 ... -0.001069   -0.00089383
 -0.00086569]","[-2.01123183e-04 -2.01099841e-04 -2.01076500e-04 ... -8.44857572e-05
 -8.44624157e-05 -8.44390742e-05]",2.5411183737108973,0.08364302040483595
LAS_1.0Torr_SmallAdmixture_1kHzLaserFreq_CapCoupling,0,55.0,1.0,4.0,4,1.2161347200426251,0.023724087291690784,0.01832633477001447,0.5164448649096842,5.73097093143363e-06,"[ 0.00021101  0.00024297  0.00046793 ... -0.00030104 -0.00031615
 -0.00029493]","[-1.34358372e-04 -1.34346910e-04 -1.34335448e-04 ... -7.70830482e-05
 -7.70715862e-05 -7.70601243e-05]",2.1831613408563566,0.08364280511103307
LAS_1.0Torr_SmallAdmixture_1kHzLaserFreq_CapCoupling,0,55.0,1.0,4.0,6,1.2277341072406573,0.024010822732439662,0.018372595364153508,0.5213706711183195,-8.591621600246503e-06,"[ 0.00036817  0.00038428  0.00039633 ... -0.0003411  -0.00031604
 -0.00022503]","[-2.38587416e-05 -2.38759248e-05 -2.38931081e-05 ... -1.09723408e-04
 -1.09740591e-04 -1.09757774e-04]",2.0877150612326676,0.08360525358683656
LAS_1.0Torr_SmallAdmixture_1kHzLaserFreq_CapCoupling,0,55.0,1.0,4.0,8,1.2242054050355753,0.023963795983795486,0.018389465684213555,0.5198721692635692,1.1221590524889237e-05,"[ 2.13586928e-04  6.32174313e-05  1.39499161e-04 ... -1.02524309e-03
 -9.64515705e-04 -1.02196746e-03]","[-0.00042714 -0.00042712 -0.0004271  ... -0.00031499 -0.00031497
 -0.00031495]",2.6673943950813395,0.08357834997240757
LAS_1.0Torr_SmallAdmixture_1kHzLaserFreq_CapCoupling,0,55.0,1.0,4.0,10,1.2274928330042023,0.02430970496469418,0.018604950240019465,0.5212682113838849,-5.593048704410711e-05,[0.00040609 0.00034815 0.00030485 ...        nan        nan        nan],"[ 0.00014181  0.0001417   0.00014159 ... -0.00041716 -0.00041727
 -0.00041738]",,0.08361923337532447
LAS_1.0Torr_SmallAdmixture_1kHzLaserFreq_CapCoupling,0,55.0,1.0,6.0,3,1.2157428954685585,0.016779912625907244,0.012966290416218931,0.5162784723333625,-3.4020278386291154e-05,"[-0.00252582 -0.00236998 -0.00236376 ... -0.00529832 -0.00535873
 -0.0054387 ]","[-0.00337813 -0.0033782  -0.00337827 ... -0.00371813 -0.0037182
 -0.00371827]",2.467283524092711,0.07640438982474694
LAS_1.0Torr_SmallAdmixture_1kHzLaserFreq_CapCoupling,0,55.0,1.0,6.0,6,1.2172636119476967,0.01687163019637741,0.013020875842621255,0.5169242611622572,-2.486711074089075e-05,"[-0.00224653 -0.00214674 -0.00223121 ... -0.0050004  -0.00514473
 -0.00512995]","[-0.00335075 -0.0033508  -0.00335085 ... -0.00359927 -0.00359932
 -0.00359937]",2.539368933157659,0.07643809750130097
LAS_1.0Torr_SmallAdmixture_1kHzLaserFreq_CapCoupling,0,55.0,1.0,6.0,9,1.215159356699725,0.016996060470998445,0.01313962050282348,0.5160306662345208,-4.981006154053177e-05,"[-0.00246201 -0.00247709 -0.00238262 ... -0.00518026 -0.0052111
 -0.00507331]","[-0.00316106 -0.00316116 -0.00316126 ... -0.00365886 -0.00365896
 -0.00365906]",2.791085300317373,0.07641418485924359
LAS_1.0Torr_SmallAdmixture_1kHzLaserFreq_CapCoupling,0,55.0,1.0,6.0,12,1.2184147360191275,0.016859640015742496,0.012999329266152469,0.5174130985466084,-4.106255036662718e-05,"[-0.00241676 -0.0023754  -0.00237245 ... -0.00511997 -0.00507811
 -0.00508013]","[-0.00337252 -0.0033726  -0.00337268 ... -0.00378289 -0.00378298
 -0.00378306]",2.882205640638578,0.07641699085964647
LAS_1.0Torr_SmallAdmixture_1kHzLaserFreq_CapCoupling,0,55.0,1.0,6.0,15,1.254008644891604,0.01743882667445732,0.013064251144921884,0.5325284399280381,-7.32154568703878e-05,"[-0.00256566 -0.00269016 -0.00254028 ...         nan         nan
         nan]","[-0.00315668 -0.00315682 -0.00315697 ... -0.00388839 -0.00388854
 -0.00388869]",,0.07640667822205566
LAS_1.0Torr_SmallAdmixture_1kHzLaserFreq_CapCoupling,0,55.0,1.0,2.0,2,1.1151920973816076,0.030409934072687685,0.025617313624942024,0.4735784799075594,9.241318984620806e-05,[0.00463933 0.00480732 0.00456815 ... 0.00457919 0.00434932 0.00458013],[0.00364437 0.00364455 0.00364474 ... 0.00456795 0.00456813 0.00456832],3.4035165912518304,0.09766544556160334
LAS_1.0Torr_SmallAdmixture_1kHzLaserFreq_CapCoupling,0,55.0,1.0,2.0,4,1.1248039856257241,0.030576845276554313,0.025537808084709842,0.4776602730213896,9.532572192195781e-05,[0.00458006 0.00458181 0.00451526 ... 0.00513416 0.00525688 0.00520192],[0.00357693 0.00357712 0.00357731 ... 0.00452961 0.0045298  0.00452999],3.363523048784382,0.09759375472482613
LAS_1.0Torr_SmallAdmixture_1kHzLaserFreq_CapCoupling,0,55.0,1.0,2.0,6,1.1649393162932928,0.032077559401782176,0.025868175869986444,0.4947041786702568,6.871919178448859e-05,[0.00422041 0.00419123 0.00429027 ... 0.00471244 0.00477876 0.00477784],[0.00383823 0.00383837 0.0038385  ... 0.00452501 0.00452515 0.00452528],2.179304800460456,0.09758288339325502
LAS_1.0Torr_SmallAdmixture_1kHzLaserFreq_CapCoupling,0,55.0,1.0,2.0,8,1.1541531915912624,0.031558259517775016,0.02568723602540214,0.49012373324522696,8.898889089194504e-05,[0.00434304 0.00441725 0.00429283 ... 0.00511953 0.00502986 0.00496934],[0.00366554 0.00366572 0.0036659  ... 0.0045549  0.00455507 0.00455525],3.510912433679435,0.09756217349014246
LAS_1.0Torr_SmallAdmixture_1kHzLaserFreq_CapCoupling,0,55.0,1.0,2.0,10,1.158574487490583,0.031909505836314134,0.025874019884941795,0.4920012847416355,4.566288628750144e-05,[0.00462645 0.00471232 0.00460973 ...        nan        nan        nan],[0.00398856 0.00398865 0.00398874 ... 0.00444492 0.00444501 0.0044451 ],,0.09765891519354152
LAS_1.0Torr_SmallAdmixture_1kHzLaserFreq_CapCoupling,0,55.0,1.0,10.0,2,1.2414375586562627,0.009071670351238756,0.006864836051240937,0.5271899911315502,-1.2548434911191883e-05,"[-0.00391358 -0.00410197 -0.00400698 ...         nan         nan
         nan]","[-0.00445025 -0.00445027 -0.0044503  ... -0.00457566 -0.00457568
 -0.00457571]",,0.06692608418154165
LAS_1.0Torr_SmallAdmixture_1kHzLaserFreq_CapCoupling,0,55.0,1.0,10.0,4,1.2028265435279126,0.008795413058355465,0.00686943512598755,0.5107934026916711,-1.522216804893334e-05,"[-0.00423003 -0.00411467 -0.00420942 ...         nan         nan
         nan]","[-0.00449548 -0.00449551 -0.00449555 ... -0.00464761 -0.00464765
 -0.00464768]",,0.0668532941756003
LAS_1.0Torr_SmallAdmixture_1kHzLaserFreq_CapCoupling,0,55.0,1.0,10.0,6,1.1837761438182208,0.008680737139695844,0.006888978222959637,0.5027034428028502,-3.383613770161229e-05,"[-0.00415033 -0.00404969 -0.00414979 ...         nan         nan
         nan]","[-0.00440094 -0.00440101 -0.00440108 ... -0.0047391  -0.00473917
 -0.00473923]",,0.06692418564021642
LAS_1.0Torr_SmallAdmixture_1kHzLaserFreq_CapCoupling,0,55.0,1.0,10.0,8,1.185041187304162,0.008602225154080406,0.0068193840653715514,0.5032406573083112,-5.706790080752796e-06,"[-0.00430054 -0.00441023 -0.00435877 ...         nan         nan
         nan]","[-0.00479521 -0.00479523 -0.00479524 ... -0.00485225 -0.00485226
 -0.00485227]",,0.06688381570817888
LAS_1.0Torr_SmallAdmixture_1kHzLaserFreq_CapCoupling,0,55.0,1.0,10.0,10,1.1656474215977048,0.008361774073978102,0.0067390551684936295,0.4950048833062251,-2.568984049803255e-06,"[-0.00435602 -0.00446613 -0.00425992 ...         nan         nan
         nan]","[-0.0047793  -0.0047793  -0.00477931 ... -0.00480497 -0.00480497
 -0.00480498]",,0.06691753586958604
LAS_1.0Torr_SmallAdmixture_1kHzLaserFreq_CapCoupling,0,55.0,1.0,0.0,2,1.1742398609178561,0.05042210036987916,0.040339629350321995,0.4986537563223533,-1.671112069140436e-05,[0.00093276 0.00098207 0.00096603 ... 0.00041788 0.00059826 0.00057886],[0.000562   0.00056197 0.00056193 ... 0.00039499 0.00039496 0.00039492],0.6884179646814571,0.13887308439309737
LAS_1.0Torr_SmallAdmixture_1kHzLaserFreq_CapCoupling,0,55.0,1.0,0.0,4,1.1710437541263374,0.050381036026026484,0.04041678478330646,0.4972964947353106,-9.890954858995695e-06,[0.0009003  0.00094599 0.00094436 ... 0.00050948 0.00044648 0.00053563],[0.0005219  0.00052189 0.00052187 ... 0.00042305 0.00042303 0.00042302],0.5611937449921729,0.1388556306221733
LAS_1.0Torr_SmallAdmixture_1kHzLaserFreq_CapCoupling,0,55.0,1.0,0.0,6,1.1692037232027555,0.05068169740790814,0.0407219673936223,0.49651510554700945,-2.540395476977982e-05,[0.00129324 0.00104757 0.00109334 ... 0.00048431 0.0004928  0.00056696],[0.00079825 0.0007982  0.00079814 ... 0.00054436 0.00054431 0.00054426],0.668133152196056,0.13885271522805787
LAS_1.0Torr_SmallAdmixture_1kHzLaserFreq_CapCoupling,0,55.0,1.0,0.0,8,1.1679548215537952,0.049997402874166666,0.04021510355654958,0.49598474584857066,-3.205190571118689e-05,[0.00072794 0.00072152 0.00077998 ... 0.00048245 0.00036883 0.00046223],[0.00086865 0.00086859 0.00086852 ... 0.00054832 0.00054826 0.0005482 ],0.6610887059919168,0.13886058442181298
LAS_1.0Torr_SmallAdmixture_1kHzLaserFreq_CapCoupling,0,55.0,1.0,0.0,10,1.1629505791677994,0.05002548596562783,0.04041083709232677,0.49385963977239494,-1.9656716588532906e-05,[0.0008593  0.00082471 0.00077052 ...        nan        nan        nan],[0.00084073 0.00084069 0.00084065 ... 0.00064428 0.00064424 0.0006442 ],,0.13885237885599205
LAS_1.0Torr_SmallAdmixture_1kHzLaserFreq_CapCoupling,0,50.0,1.0,8.0,2,1.2086648225432208,0.011498699615262963,0.008937388491556836,0.5132726915136037,-3.7917717660154675e-05,"[-0.00632545 -0.00632621 -0.0062335  ...         nan         nan
         nan]","[-0.00652923 -0.00652931 -0.00652938 ... -0.00690818 -0.00690826
 -0.00690833]",,0.06911130876255914
LAS_1.0Torr_SmallAdmixture_1kHzLaserFreq_CapCoupling,0,50.0,1.0,8.0,4,1.1366439401970139,0.010783532323396917,0.008912599541863412,0.4826882387872976,-2.036064909409381e-05,"[-0.00563324 -0.00569517 -0.00566003 ...         nan         nan
         nan]","[-0.00668139 -0.00668143 -0.00668147 ... -0.00688487 -0.00688491
 -0.00688495]",,0.06910473715666114
LAS_1.0Torr_SmallAdmixture_1kHzLaserFreq_CapCoupling,0,50.0,1.0,8.0,6,1.1720571446890105,0.011019185509033089,0.008832191924259289,0.49772684208385276,-3.4567238451014064e-05,"[-0.00620579 -0.00616836 -0.00638475 ...         nan         nan
         nan]","[-0.00661686 -0.00661693 -0.00661699 ... -0.00696232 -0.00696239
 -0.00696246]",,0.06903288937509403
LAS_1.0Torr_SmallAdmixture_1kHzLaserFreq_CapCoupling,0,50.0,1.0,8.0,8,1.1847856996258264,0.011407446832130004,0.009045163874168665,0.5031321616808535,-3.526603938465265e-05,"[-0.00591459 -0.00602958 -0.00608193 ...         nan         nan
         nan]","[-0.00654504 -0.00654511 -0.00654518 ... -0.00689749 -0.00689756
 -0.00689763]",,0.06902564958540215
LAS_1.0Torr_SmallAdmixture_1kHzLaserFreq_CapCoupling,0,50.0,1.0,8.0,10,1.205636252393458,0.011598604871489547,0.009037685931849957,0.5119865761876562,-6.198630609328852e-05,"[-0.00627695 -0.00603913 -0.00622178 ...         nan         nan
         nan]","[-0.00634546 -0.00634558 -0.00634571 ... -0.00696495 -0.00696507
 -0.0069652 ]",,0.06904371907898521
LAS_1.0Torr_SmallAdmixture_1kHzLaserFreq_CapCoupling,0,50.0,1.0,6.0,2,1.2824152745316504,0.01679874004269929,0.012305969013867045,0.5445916248410377,-3.299377031113759e-05,"[-0.00217818 -0.00222203 -0.00207567 ... -0.00466171 -0.00459509
 -0.00469104]","[-0.00293673 -0.0029368  -0.00293686 ... -0.00326647 -0.00326654
 -0.0032666 ]",2.22514427321523,0.07406832921846801
LAS_1.0Torr_SmallAdmixture_1kHzLaserFreq_CapCoupling,0,50.0,1.0,6.0,4,1.2251740052023852,0.01610938242967068,0.012352330629771952,0.5202834958822863,-3.355477469800299e-05,"[-0.0023181  -0.0021586  -0.00234993 ... -0.00444686 -0.00460093
 -0.00464385]","[-0.00302884 -0.0030289  -0.00302897 ... -0.00336418 -0.00336425
 -0.00336432]",2.1990678260650895,0.07408530303789854
LAS_1.0Torr_SmallAdmixture_1kHzLaserFreq_CapCoupling,0,50.0,1.0,6.0,6,1.2633397297388227,0.01624320492235518,0.012078676756863181,0.5364909868185782,-3.785421553511755e-05,"[-0.00226234 -0.00243994 -0.00233859 ... -0.00454076 -0.00437326
 -0.00452153]","[-0.00300923 -0.00300931 -0.00300938 ... -0.00338755 -0.00338762
 -0.0033877 ]",2.433701255366588,0.07410838428157744
LAS_1.0Torr_SmallAdmixture_1kHzLaserFreq_CapCoupling,0,50.0,1.0,6.0,8,1.2156928553523867,0.015454450762287507,0.011942561892997824,0.5162572222525857,-9.721689331953938e-07,"[-0.00207995 -0.00223985 -0.00213923 ... -0.00468222 -0.00457142
 -0.00481814]","[-0.00350522 -0.00350522 -0.00350522 ... -0.00351494 -0.00351494
 -0.00351494]",2.5887505512962936,0.07405565355128141
LAS_1.0Torr_SmallAdmixture_1kHzLaserFreq_CapCoupling,0,50.0,1.0,6.0,10,1.2749593206904788,0.016482395417245988,0.012144839796804986,0.5414253727714137,-6.534236183568952e-05,"[-0.00251619 -0.00239737 -0.00254586 ...         nan         nan
         nan]","[-0.00282582 -0.00282595 -0.00282608 ... -0.00347885 -0.00347898
 -0.00347911]",,0.07401814467805647
LAS_1.0Torr_SmallAdmixture_1kHzLaserFreq_CapCoupling,0,50.0,1.0,4.0,2,1.1878832234750152,0.02234038738255708,0.01766789219092535,0.5044475589468675,1.2498568720116827e-05,"[ 0.00049402  0.000717    0.00070719 ... -0.00041319 -0.00027192
 -0.00032795]",[0.00017499 0.00017502 0.00017504 ... 0.0002999  0.00029993 0.00029995],2.3439951393871565,0.0809457651264851
LAS_1.0Torr_SmallAdmixture_1kHzLaserFreq_CapCoupling,0,50.0,1.0,4.0,4,1.2082637092449278,0.022543707196363953,0.017527960807155893,0.5131023543792909,4.726972081512511e-05,"[8.45131745e-04 9.40795366e-04 8.10971537e-04 ... 1.25564394e-04
 1.71505083e-04 4.04314990e-06]","[-0.00020988 -0.00020979 -0.00020969 ...  0.00026253  0.00026263
  0.00026272]",3.692298073092791,0.0809847061265185
LAS_1.0Torr_SmallAdmixture_1kHzLaserFreq_CapCoupling,0,50.0,1.0,4.0,6,1.1839030815523006,0.02203033293159685,0.017481258677839145,0.5027573482952667,6.673400517555275e-06,"[7.24507429e-04 7.19778743e-04 7.49724793e-04 ... 1.27200329e-04
 1.39609737e-05 1.47611524e-04]",[0.00025529 0.0002553  0.00025531 ... 0.00032198 0.00032199 0.00032201],2.4969635346191796,0.08099622776498465
LAS_1.0Torr_SmallAdmixture_1kHzLaserFreq_CapCoupling,0,50.0,1.0,4.0,8,1.2281807305226684,0.02280721668983042,0.01744527417612998,0.5215603345632835,2.10269721475732e-06,"[ 0.00075106  0.00046214  0.0004898  ... -0.00023653 -0.00019638
 -0.00024148]",[0.00035044 0.00035044 0.00035044 ... 0.00037145 0.00037145 0.00037146],2.2654058375993125,0.08094056878671071
LAS_1.0Torr_SmallAdmixture_1kHzLaserFreq_CapCoupling,0,50.0,1.0,4.0,10,1.2403045438957059,0.023263259263890123,0.017620166824440075,0.5267088440634556,-5.270221826471161e-05,[0.00094738 0.00096203 0.00099117 ...        nan        nan        nan],[0.00068143 0.00068132 0.00068122 ... 0.00015472 0.00015462 0.00015451],,0.0809150324230132
LAS_1.0Torr_SmallAdmixture_1kHzLaserFreq_CapCoupling,0,50.0,1.0,2.0,2,1.152131072039224,0.03670727542924938,0.02993078111911091,0.48926501813605955,7.864704614044485e-05,[0.00454184 0.00453223 0.00473369 ... 0.00538944 0.00528969 0.0054046 ],[0.00383688 0.00383703 0.00383719 ... 0.00462287 0.00462303 0.00462319],3.1019233717327444,0.09465121531254171
LAS_1.0Torr_SmallAdmixture_1kHzLaserFreq_CapCoupling,0,50.0,1.0,2.0,4,1.1092930661496387,0.035264191968159386,0.02986451240797792,0.4710733919946139,8.487633613190603e-05,[0.004644   0.0044936  0.00445208 ... 0.0050909  0.00510655 0.00507263],[0.0036729  0.00367307 0.00367324 ... 0.00452115 0.00452132 0.00452149],3.1789508449413635,0.09464703894673608
LAS_1.0Torr_SmallAdmixture_1kHzLaserFreq_CapCoupling,0,50.0,1.0,2.0,6,1.1551982221813775,0.03691887349113907,0.030023389388255845,0.4905675168763033,5.9142658997834936e-05,[0.00472589 0.00444336 0.00456747 ... 0.00477348 0.00462849 0.00471388],[0.00386744 0.00386755 0.00386767 ... 0.00445851 0.00445863 0.00445874],2.1234453268167277,0.09463015514450675
LAS_1.0Torr_SmallAdmixture_1kHzLaserFreq_CapCoupling,0,50.0,1.0,2.0,8,1.1174188035701365,0.03550688005740949,0.02985137413982494,0.4745240749619363,7.856469250840556e-05,[0.00400863 0.00396342 0.00410242 ... 0.00506    0.00520831 0.00495608],[0.00348749 0.00348764 0.0034878  ... 0.00427266 0.00427282 0.00427298],2.869847250123809,0.09462014990905755
LAS_1.0Torr_SmallAdmixture_1kHzLaserFreq_CapCoupling,0,50.0,1.0,2.0,10,1.135536679147465,0.035803796407100685,0.02962072620063293,0.48221802831330185,5.7491735438894865e-05,[0.00454531 0.00445747 0.00447916 ...        nan        nan        nan],[0.0037191  0.00371922 0.00371933 ... 0.00429367 0.00429379 0.0042939 ],,0.09464278963793465
LAS_1.0Torr_SmallAdmixture_1kHzLaserFreq_CapCoupling,0,50.0,1.0,10.0,2,1.2134209645925844,0.008319013363045134,0.006440626545354908,0.5152924390774992,2.311504359070942e-06,"[-0.00385337 -0.0038483  -0.00380247 ...         nan         nan
         nan]","[-0.00421526 -0.00421526 -0.00421525 ... -0.00419216 -0.00419216
 -0.00419215]",,0.06463808787438644
LAS_1.0Torr_SmallAdmixture_1kHzLaserFreq_CapCoupling,0,50.0,1.0,10.0,4,1.2237211650277842,0.008507313176288023,0.006530970753616288,0.5196665314659749,2.3559034850655886e-05,"[-0.00369919 -0.00361977 -0.00356149 ...         nan         nan
         nan]","[-0.00440917 -0.00440912 -0.00440908 ... -0.00417372 -0.00417367
 -0.00417363]",,0.06462502243397109
LAS_1.0Torr_SmallAdmixture_1kHzLaserFreq_CapCoupling,0,50.0,1.0,10.0,6,1.1689469791103357,0.00817651716459101,0.006571149223714565,0.49640607636961587,3.84945771792814e-06,"[-0.00392259 -0.00381658 -0.0040569  ...         nan         nan
         nan]","[-0.00414507 -0.00414506 -0.00414506 ... -0.0041066  -0.00410659
 -0.00410659]",,0.06468931349961601
LAS_1.0Torr_SmallAdmixture_1kHzLaserFreq_CapCoupling,0,50.0,1.0,10.0,8,1.1779454726678913,0.008136526318831275,0.006489057702916285,0.5002273847437075,-1.0195063475377786e-05,"[-0.00352168 -0.00319819 -0.0033615  ...         nan         nan
         nan]","[-0.00398855 -0.00398857 -0.00398859 ... -0.00409044 -0.00409046
 -0.00409048]",,0.0646550208270727
LAS_1.0Torr_SmallAdmixture_1kHzLaserFreq_CapCoupling,0,50.0,1.0,10.0,10,1.2294533535589423,0.008387918531349951,0.006409290223362668,0.5221007678074117,-1.525972237211792e-05,"[-0.00378897 -0.00379922 -0.00378189 ...         nan         nan
         nan]","[-0.0039268  -0.00392684 -0.00392687 ... -0.00407931 -0.00407934
 -0.00407937]",,0.06466381191854356
LAS_1.0Torr_SmallAdmixture_1kHzLaserFreq_CapCoupling,0,50.0,1.0,0.0,2,1.1525390710035575,0.05210010749461894,0.04246691885428763,0.48943827934351125,-2.4972777480568303e-05,[0.00141624 0.00140626 0.0012741  ... 0.00081314 0.00066432 0.00081295],[0.00098135 0.0009813  0.00098125 ... 0.00073177 0.00073172 0.00073167],0.5971922918321453,0.13658556573808686
LAS_1.0Torr_SmallAdmixture_1kHzLaserFreq_CapCoupling,0,50.0,1.0,0.0,4,1.1464340267178605,0.05224620658757117,0.04281278555515767,0.4868457057417281,-1.911199320347148e-05,[0.00071174 0.00108006 0.00101764 ... 0.00058294 0.00070662 0.00073401],[0.00092356 0.00092352 0.00092348 ... 0.00073255 0.00073251 0.00073248],0.49100228462876777,0.1365498944033791
LAS_1.0Torr_SmallAdmixture_1kHzLaserFreq_CapCoupling,0,50.0,1.0,0.0,6,1.1374811281029762,0.051655787338956184,0.04266213397995269,0.4830437597570333,-4.283714802426415e-05,[0.00076628 0.00085702 0.00080799 ... 0.00043432 0.00056309 0.00047801],[0.0011312  0.00113111 0.00113102 ... 0.00070308 0.000703   0.00070291],0.777013878217555,0.1365074574219926
LAS_1.0Torr_SmallAdmixture_1kHzLaserFreq_CapCoupling,0,50.0,1.0,0.0,8,1.132812291155767,0.05179881276851805,0.04295657461262321,0.4810610872564058,-4.820504633108273e-05,[0.00088486 0.00111624 0.00099601 ... 0.00074984 0.00060185 0.00058451],[0.00121499 0.00121489 0.0012148  ... 0.00073323 0.00073313 0.00073303],1.0130598105498099,0.13652012056452964
LAS_1.0Torr_SmallAdmixture_1kHzLaserFreq_CapCoupling,0,50.0,1.0,0.0,10,1.154561374128083,0.05223618157721113,0.04250325480324977,0.4902970724087362,-3.91142874165454e-05,[0.00069759 0.00076363 0.00079143 ...        nan        nan        nan],[0.00098856 0.00098848 0.0009884  ... 0.00059765 0.00059757 0.0005975 ],,0.13653332686930209
LAS_1.0Torr_SmallAdmixture_1kHzLaserFreq_CapCoupling,0,45.0,1.0,8.0,2,1.2056706079097028,0.010718039544794002,0.008351307427501481,0.5120011656321096,-2.507509615798319e-05,"[-0.00537434 -0.00521529 -0.00524634 ...         nan         nan
         nan]","[-0.00560829 -0.00560834 -0.00560839 ... -0.00585889 -0.00585894
 -0.00585899]",,0.06641136070318766
LAS_1.0Torr_SmallAdmixture_1kHzLaserFreq_CapCoupling,0,45.0,1.0,8.0,4,1.1900322446430371,0.010743914574892828,0.008481479318105715,0.5053601642105083,-2.1096406512432005e-05,"[-0.00528759 -0.0053941  -0.00527371 ...         nan         nan
         nan]","[-0.00589274 -0.00589278 -0.00589282 ... -0.00610358 -0.00610362
 -0.00610366]",,0.06642779545910185
LAS_1.0Torr_SmallAdmixture_1kHzLaserFreq_CapCoupling,0,45.0,1.0,8.0,6,1.1577982603478685,0.010340647735986641,0.00839039952104285,0.49167165142449415,-4.351993186876097e-05,"[-0.00527708 -0.0050825  -0.00519854 ...         nan         nan
         nan]","[-0.00563954 -0.00563963 -0.00563971 ... -0.00607448 -0.00607456
 -0.00607465]",,0.06636203189738707
LAS_1.0Torr_SmallAdmixture_1kHzLaserFreq_CapCoupling,0,45.0,1.0,8.0,8,1.1732711421363624,0.010558168434667576,0.00845391714336043,0.49824237933261784,-2.884407609175549e-05,"[-0.00519935 -0.00527997 -0.00519537 ...         nan         nan
         nan]","[-0.00594059 -0.00594064 -0.0059407  ... -0.00622885 -0.00622891
 -0.00622897]",,0.0664016833107792
LAS_1.0Torr_SmallAdmixture_1kHzLaserFreq_CapCoupling,0,45.0,1.0,8.0,10,1.1929070295366486,0.010766216455744042,0.00847860297462088,0.5065809729511498,-6.822582219725142e-05,"[-0.00538524 -0.00565309 -0.00536505 ...         nan         nan
         nan]","[-0.00564537 -0.0056455  -0.00564564 ... -0.00632721 -0.00632735
 -0.00632749]",,0.06636994893533875
LAS_1.0Torr_SmallAdmixture_1kHzLaserFreq_CapCoupling,0,45.0,1.0,6.0,2,1.2346230895900223,0.015688201720983667,0.011937312412767298,0.524296152563877,-1.6088987655155264e-05,"[-0.00132999 -0.00144553 -0.00143568 ... -0.00359412 -0.00368332
 -0.0036147 ]","[-0.00239373 -0.00239376 -0.00239379 ... -0.00255452 -0.00255456
 -0.00255459]",1.912770845596199,0.07134334469848909
LAS_1.0Torr_SmallAdmixture_1kHzLaserFreq_CapCoupling,0,45.0,1.0,6.0,4,1.196791697145478,0.01517668729446912,0.01191313897447481,0.5082306393946755,-1.0212453591459684e-05,"[-0.00192678 -0.00188549 -0.00176901 ... -0.00366206 -0.00366537
 -0.00356407]","[-0.0024814  -0.00248142 -0.00248144 ... -0.00258347 -0.00258349
 -0.00258351]",1.8110053325431672,0.0713090857526073
LAS_1.0Torr_SmallAdmixture_1kHzLaserFreq_CapCoupling,0,45.0,1.0,6.0,6,1.1789205366830635,0.014811909014496522,0.011803051235391503,0.5006414563060886,-3.762777493004783e-05,"[-0.00165457 -0.00173466 -0.00172427 ... -0.00375377 -0.00388573
 -0.00411598]","[-0.00213624 -0.00213631 -0.00213639 ... -0.00251229 -0.00251236
 -0.00251244]",2.3878574655213334,0.07128869010312207
LAS_1.0Torr_SmallAdmixture_1kHzLaserFreq_CapCoupling,0,45.0,1.0,6.0,8,1.212084775706716,0.015175294651882837,0.011761749505448553,0.5147250119024639,-3.30339979871423e-05,"[-0.00178764 -0.00167889 -0.00159243 ... -0.0038676  -0.00382421
 -0.00388261]","[-0.00238584 -0.00238591 -0.00238597 ... -0.00271598 -0.00271605
 -0.00271611]",2.163208845461547,0.07132486169608236
LAS_1.0Torr_SmallAdmixture_1kHzLaserFreq_CapCoupling,0,45.0,1.0,6.0,10,1.2379202825537476,0.015848129766476593,0.012026884210656993,0.5256963414958011,-8.915750640640811e-05,"[-0.00184186 -0.00194864 -0.00184843 ...         nan         nan
         nan]","[-0.00203597 -0.00203615 -0.00203632 ... -0.00292701 -0.00292719
 -0.00292736]",,0.07127940853437242
LAS_1.0Torr_SmallAdmixture_1kHzLaserFreq_CapCoupling,0,45.0,1.0,4.0,2,1.2034824766730716,0.02177244584895996,0.016995550558846065,0.5110719518515285,3.415874924424931e-05,[0.00173904 0.00180839 0.00183186 ... 0.00148275 0.00146661 0.00140926],[0.00117523 0.0011753  0.00117536 ... 0.00151661 0.00151668 0.00151675],2.83812942494902,0.07821997629306725
LAS_1.0Torr_SmallAdmixture_1kHzLaserFreq_CapCoupling,0,45.0,1.0,4.0,4,1.2132050737633393,0.021731542655943598,0.01682767549868284,0.5152007586836191,3.607820999572434e-05,[0.00179112 0.00172274 0.00175816 ... 0.00124179 0.00135541 0.00117911],[0.00098707 0.00098714 0.00098721 ... 0.00134763 0.0013477  0.00134778],2.8876423853905915,0.07819332489206941
LAS_1.0Torr_SmallAdmixture_1kHzLaserFreq_CapCoupling,0,45.0,1.0,4.0,6,1.2181546601848336,0.021935053659097085,0.016916248643260377,0.5173026545087115,1.8838479654396352e-05,[0.00168432 0.00151304 0.00145754 ... 0.00121307 0.00134337 0.0014596 ],[0.00114566 0.0011457  0.00114574 ... 0.00133393 0.00133397 0.00133401],2.0040975958331733,0.07818583956978951
LAS_1.0Torr_SmallAdmixture_1kHzLaserFreq_CapCoupling,0,45.0,1.0,4.0,8,1.1988457110067776,0.02125295217185564,0.016654199426459,0.5091028987699233,9.480324996941525e-06,[0.00141945 0.00162767 0.00158013 ... 0.00079743 0.00095275 0.00102633],[0.00124391 0.00124393 0.00124395 ... 0.00133866 0.00133868 0.0013387 ],2.2781865564929107,0.07818596345898639
LAS_1.0Torr_SmallAdmixture_1kHzLaserFreq_CapCoupling,0,45.0,1.0,4.0,10,1.2478436340484735,0.022643878283741727,0.017047411080720484,0.5299104008739968,-3.4245718749059606e-05,[0.00144414 0.00153456 0.00178586 ...        nan        nan        nan],[0.0013976  0.00139753 0.00139746 ... 0.00105535 0.00105528 0.00105521],,0.07821471638856924
LAS_1.0Torr_SmallAdmixture_1kHzLaserFreq_CapCoupling,0,45.0,1.0,10.0,2,1.1730687069156305,0.007712164543768606,0.006176189705828544,0.4981564130095609,-1.194584574914076e-05,"[-0.00417788 -0.00426146 -0.00421877 ...         nan         nan
         nan]","[-0.00461462 -0.00461465 -0.00461467 ... -0.00473401 -0.00473404
 -0.00473406]",,0.06211601559891138
LAS_1.0Torr_SmallAdmixture_1kHzLaserFreq_CapCoupling,0,45.0,1.0,10.0,4,1.1729168107970223,0.007749653077483159,0.006207015647622979,0.49809190866710434,1.85139527275489e-06,"[-0.00445404 -0.00422317 -0.00433574 ...         nan         nan
         nan]","[-0.00475135 -0.00475134 -0.00475134 ... -0.00473284 -0.00473284
 -0.00473284]",,0.06212274542092432
LAS_1.0Torr_SmallAdmixture_1kHzLaserFreq_CapCoupling,0,45.0,1.0,10.0,6,1.1597656484982815,0.007695455436383262,0.006233498744225863,0.49250712424738113,1.060636064800407e-06,"[-0.00413576 -0.00425421 -0.00416426 ...         nan         nan
         nan]","[-0.00460002 -0.00460002 -0.00460001 ... -0.00458942 -0.00458942
 -0.00458941]",,0.062030573261036524
LAS_1.0Torr_SmallAdmixture_1kHzLaserFreq_CapCoupling,0,45.0,1.0,10.0,8,1.1315127473825757,0.007456789899544787,0.006190992038991919,0.4805092218279059,-1.2946625499645409e-05,"[-0.00385812 -0.00381604 -0.00382118 ...         nan         nan
         nan]","[-0.00432957 -0.00432959 -0.00432962 ... -0.00445895 -0.00445898
 -0.00445901]",,0.06208895908468577
LAS_1.0Torr_SmallAdmixture_1kHzLaserFreq_CapCoupling,0,45.0,1.0,10.0,10,1.2044133328537838,0.007873733179579748,0.0061414784025224135,0.5114672500751344,-2.36393496874407e-05,"[-0.00399242 -0.00394869 -0.0038904  ...         nan         nan
         nan]","[-0.00418543 -0.00418547 -0.00418552 ... -0.00442168 -0.00442173
 -0.00442177]",,0.06207435441473934
LAS_1.0Torr_SmallAdmixture_1kHzLaserFreq_CapCoupling,0,45.0,1.0,2.0,2,1.1293785920913988,0.03394221409766675,0.028233739747009892,0.47960292952090755,8.622566054165856e-05,[0.00434258 0.00447427 0.00440434 ... 0.00551809 0.00543663 0.00555226],[0.00374088 0.00374105 0.00374123 ... 0.00460262 0.00460279 0.00460296],4.182760400139263,0.09113773786829872
LAS_1.0Torr_SmallAdmixture_1kHzLaserFreq_CapCoupling,0,45.0,1.0,2.0,4,1.1703760795398186,0.03558392200930519,0.028562496655798224,0.4970129594443962,7.817010686744306e-05,[0.00433292 0.00455271 0.004434   ... 0.00543733 0.00536606 0.00534808],[0.0038449  0.00384506 0.00384521 ... 0.00462613 0.00462629 0.00462645],3.6615228620675873,0.0911538140719716
LAS_1.0Torr_SmallAdmixture_1kHzLaserFreq_CapCoupling,0,45.0,1.0,2.0,6,1.1377092584181896,0.03430430223800341,0.028325989354228018,0.4831406377820419,7.428840870838367e-05,[0.00489017 0.00487187 0.00484637 ... 0.00552531 0.00549757 0.00553602],[0.00409562 0.00409577 0.00409592 ... 0.00483806 0.00483821 0.00483835],2.721132244524644,0.0911707446875314
LAS_1.0Torr_SmallAdmixture_1kHzLaserFreq_CapCoupling,0,45.0,1.0,2.0,8,1.1182711487470165,0.03390357187023992,0.028481714235106002,0.4748860326319836,8.048055487965382e-05,[0.00443937 0.00466048 0.00456411 ... 0.00537514 0.00547809 0.00540592],[0.00392229 0.00392245 0.00392261 ... 0.00472661 0.00472677 0.00472693],2.8946199723163124,0.09111120861800462
LAS_1.0Torr_SmallAdmixture_1kHzLaserFreq_CapCoupling,0,45.0,1.0,2.0,10,1.1350937421267917,0.03436379123884908,0.028440493792821285,0.48202993027939556,5.859162816030255e-05,[0.00455009 0.0045646  0.00460865 ...        nan        nan        nan],[0.004008   0.00400812 0.00400824 ... 0.00459357 0.00459369 0.0045938 ],,0.09114021608126723
LAS_1.0Torr_SmallAdmixture_1kHzLaserFreq_CapCoupling,0,45.0,1.0,0.0,2,1.1432624893764194,0.05336229325110436,0.043848659448569346,0.48549887783947143,-1.8991405859724567e-05,"[ 6.57119898e-04  5.65136794e-04  7.62435134e-04 ...  5.27682495e-05
  1.36714111e-04 -4.64122081e-05]",[0.00041767 0.00041763 0.00041759 ... 0.00022787 0.00022783 0.00022779],0.9713683655442085,0.12894296601151725
LAS_1.0Torr_SmallAdmixture_1kHzLaserFreq_CapCoupling,0,45.0,1.0,0.0,4,1.1729400349258057,0.05389419910977705,0.04316522434379072,0.49810177104653863,-1.2305466635655999e-05,"[1.66471351e-04 1.46083574e-04 9.70883019e-05 ... 1.30067797e-04
 5.02125716e-06 1.34003768e-04]",[0.00031821 0.00031818 0.00031816 ... 0.00019523 0.0001952  0.00019518],0.6436412490370789,0.12895173280754468
LAS_1.0Torr_SmallAdmixture_1kHzLaserFreq_CapCoupling,0,45.0,1.0,0.0,6,1.149067827543312,0.053554719823879327,0.04378444774703352,0.4879641779710644,-3.527640774622666e-05,"[ 6.09334345e-04  6.65268519e-04  6.13955854e-04 ... -5.71773812e-07
 -1.13697784e-04 -3.82631928e-05]",[0.00059912 0.00059905 0.00059898 ... 0.00024657 0.0002465  0.00024643],0.8460112567397434,0.12896129350836796
LAS_1.0Torr_SmallAdmixture_1kHzLaserFreq_CapCoupling,0,45.0,1.0,0.0,8,1.143098049828048,0.05189504287051438,0.04264913045701668,0.4854290467928407,-2.374729323981858e-05,"[ 4.17648983e-04  4.44765213e-04  5.68599163e-04 ... -8.35383841e-05
 -5.45758632e-05  3.85438994e-05]",[0.00044742 0.00044738 0.00044733 ... 0.00021009 0.00021005 0.00021   ],0.4382303556312443,0.12893500285745274
LAS_1.0Torr_SmallAdmixture_1kHzLaserFreq_CapCoupling,0,45.0,1.0,0.0,10,1.1848677279780455,0.054486220791465215,0.04320008535831342,0.5031669959147442,-5.142392218648632e-06,[0.00066794 0.00035967 0.00055155 ...        nan        nan        nan],[0.00024713 0.00024712 0.00024711 ... 0.00019574 0.00019573 0.00019572],,0.12894122432486552
LAS_1.0Torr_SmallAdmixture_1kHzLaserFreq_CapCoupling,0,40.0,1.0,8.0,2,1.1704782369815636,0.00985601915578644,0.007910537353006324,0.4970563417155641,-1.539733108203473e-05,"[-0.00472998 -0.00466455 -0.00463754 ...         nan         nan
         nan]","[-0.00503321 -0.00503324 -0.00503327 ... -0.00518709 -0.00518712
 -0.00518715]",,0.06373074509213235
LAS_1.0Torr_SmallAdmixture_1kHzLaserFreq_CapCoupling,0,40.0,1.0,8.0,4,1.1458018624707678,0.00978557295860321,0.008023142859031293,0.4865772503035189,-1.995202656473454e-05,"[-0.00442527 -0.00419961 -0.0043979  ...         nan         nan
         nan]","[-0.00510393 -0.00510397 -0.00510401 ... -0.00530333 -0.00530337
 -0.00530341]",,0.0636515377357701
LAS_1.0Torr_SmallAdmixture_1kHzLaserFreq_CapCoupling,0,40.0,1.0,8.0,6,1.1694884630520455,0.009836238262575753,0.00790134250826237,0.4966360234277159,-3.094787975236099e-05,"[-0.004633   -0.00469891 -0.00477507 ...         nan         nan
         nan]","[-0.00515588 -0.00515594 -0.005156   ... -0.00546517 -0.00546523
 -0.00546529]",,0.06365895497564893
LAS_1.0Torr_SmallAdmixture_1kHzLaserFreq_CapCoupling,0,40.0,1.0,8.0,8,1.1283092219503117,0.00947291557017505,0.007887208445583995,0.47914880983420644,-1.653402397857376e-05,"[-0.00463799 -0.00462224 -0.00458465 ...         nan         nan
         nan]","[-0.00534454 -0.00534457 -0.0053446  ... -0.00550978 -0.00550981
 -0.00550984]",,0.06364882543806798
LAS_1.0Torr_SmallAdmixture_1kHzLaserFreq_CapCoupling,0,40.0,1.0,8.0,10,1.2199580117140554,0.010496923878626323,0.008083230331344764,0.5180684673923869,-7.248205824367845e-05,"[-0.00447953 -0.00446106 -0.00448752 ...         nan         nan
         nan]","[-0.00495038 -0.00495053 -0.00495067 ... -0.00567477 -0.00567491
 -0.00567506]",,0.06366492368873602
LAS_1.0Torr_SmallAdmixture_1kHzLaserFreq_CapCoupling,0,40.0,1.0,6.0,3,1.1873482726055022,0.013946540355749474,0.011034588773460299,0.5042203862290874,-1.039618565348286e-05,"[-0.00160368 -0.00156027 -0.00139375 ... -0.00325273 -0.00321894
 -0.00335607]","[-0.00221265 -0.00221267 -0.00221269 ... -0.00231655 -0.00231657
 -0.00231659]",1.8006555202751755,0.0682988791300711
LAS_1.0Torr_SmallAdmixture_1kHzLaserFreq_CapCoupling,0,40.0,1.0,6.0,6,1.2516218546139375,0.014684298687103534,0.011021681626420997,0.5315148634202693,-1.5671195425184325e-05,"[-0.00170141 -0.00160394 -0.00167579 ... -0.00308644 -0.00292705
 -0.00311175]","[-0.0021273  -0.00212733 -0.00212737 ... -0.00228392 -0.00228395
 -0.00228398]",1.6155778411719077,0.06831565296946884
LAS_1.0Torr_SmallAdmixture_1kHzLaserFreq_CapCoupling,0,40.0,1.0,6.0,9,1.2508630500161069,0.014808057173389436,0.01112131414675547,0.5311926287767211,-2.1392553535572584e-05,"[-0.00132461 -0.00143981 -0.00158072 ... -0.00328437 -0.00331601
 -0.00332076]","[-0.0021049  -0.00210494 -0.00210499 ... -0.0023187  -0.00231874
 -0.00231878]",1.8128352535587358,0.06833176442910915
LAS_1.0Torr_SmallAdmixture_1kHzLaserFreq_CapCoupling,0,40.0,1.0,6.0,12,1.2323875441176755,0.014465169616485191,0.011026660927645794,0.5233468038112773,-2.6389308072525428e-05,"[-0.00158597 -0.00166315 -0.00176873 ... -0.00351898 -0.00346209
 -0.00345109]","[-0.00207982 -0.00207988 -0.00207993 ... -0.00234356 -0.00234361
 -0.00234366]",2.2034211473369627,0.06841313728565453
LAS_1.0Torr_SmallAdmixture_1kHzLaserFreq_CapCoupling,0,40.0,1.0,6.0,15,1.1944630223797652,0.0142806045322312,0.011231601153476158,0.5072417422725253,-5.7440310864828995e-05,"[-0.00189813 -0.00177576 -0.00185428 ...         nan         nan
         nan]","[-0.00180433 -0.00180444 -0.00180456 ... -0.00237839 -0.0023785
 -0.00237862]",,0.06838966241555021
LAS_1.0Torr_SmallAdmixture_1kHzLaserFreq_CapCoupling,0,40.0,1.0,4.0,2,1.2015190504702389,0.020777188769715255,0.01624515705282505,0.5102381615128673,7.813102361224478e-05,[0.00284958 0.00287256 0.0027883  ... 0.00264253 0.00243423 0.00257989],[0.00164188 0.00164203 0.00164219 ... 0.00242272 0.00242287 0.00242303],4.178668153735161,0.07512742269937624
LAS_1.0Torr_SmallAdmixture_1kHzLaserFreq_CapCoupling,0,40.0,1.0,4.0,4,1.197776174585488,0.02067756949077878,0.016217787617342296,0.5086487084705217,5.536317649523963e-05,[0.00292528 0.00285474 0.00299329 ... 0.00261312 0.00254597 0.00251747],[0.00186902 0.00186913 0.00186924 ... 0.00242232 0.00242243 0.00242254],2.9450995140359817,0.07516496826870014
LAS_1.0Torr_SmallAdmixture_1kHzLaserFreq_CapCoupling,0,40.0,1.0,4.0,6,1.1932925553456395,0.020348661853110513,0.016019786121039256,0.5067446906882246,4.26144843516923e-05,[0.00270899 0.0028866  0.0028645  ... 0.00241613 0.00234711 0.00247285],[0.00189099 0.00189107 0.00189116 ... 0.00231688 0.00231696 0.00231705],2.5805561908002077,0.0751683953745046
LAS_1.0Torr_SmallAdmixture_1kHzLaserFreq_CapCoupling,0,40.0,1.0,4.0,8,1.2084634506758527,0.020614270420917107,0.016025154998088226,0.5131871767551435,3.375333718495396e-05,[0.00244443 0.00243426 0.00247022 ... 0.00214564 0.00215105 0.00217162],[0.00188559 0.00188566 0.00188572 ... 0.00222292 0.00222299 0.00222305],2.427588842297207,0.07518842392849379
LAS_1.0Torr_SmallAdmixture_1kHzLaserFreq_CapCoupling,0,40.0,1.0,4.0,10,1.1818638437637967,0.020073011635120475,0.015955590422117,0.501891363740393,3.486960386539917e-05,[0.00254682 0.00260568 0.00259787 ...        nan        nan        nan],[0.00184613 0.0018462  0.00184627 ... 0.00219461 0.00219468 0.00219475],,0.07510850315989752
LAS_1.0Torr_SmallAdmixture_1kHzLaserFreq_CapCoupling,0,40.0,1.0,2.0,2,1.11907820380912,0.031663312546405774,0.02658053393584427,0.4752287573611223,9.235987023898016e-05,[0.00529934 0.00523837 0.00534658 ... 0.00592891 0.00588445 0.00595056],[0.00419762 0.00419781 0.00419799 ... 0.00512067 0.00512085 0.00512104],4.228944094930989,0.08703031805402149
LAS_1.0Torr_SmallAdmixture_1kHzLaserFreq_CapCoupling,0,40.0,1.0,2.0,4,1.1505105449241568,0.03250632258931669,0.026542695648090527,0.48857684363266735,9.491726660798403e-05,[0.00469462 0.00462914 0.00467784 ... 0.00573554 0.00586434 0.00582037],[0.00409428 0.00409447 0.00409466 ... 0.00504289 0.00504308 0.00504327],4.075430214582068,0.08702465753711235
LAS_1.0Torr_SmallAdmixture_1kHzLaserFreq_CapCoupling,0,40.0,1.0,2.0,6,1.1630279454789854,0.03308480814842327,0.02672429519348674,0.49389249421974396,8.254869468234832e-05,[0.00500108 0.00484793 0.00495044 ... 0.0059215  0.00585332 0.0058152 ],[0.00428718 0.00428735 0.00428751 ... 0.00511218 0.00511234 0.00511251],3.247783734564885,0.08697411131194457
LAS_1.0Torr_SmallAdmixture_1kHzLaserFreq_CapCoupling,0,40.0,1.0,2.0,8,1.1331102294282982,0.031900183094933185,0.02644775452415153,0.48118760999140625,8.592991483227391e-05,[0.00496369 0.00484303 0.0047674  ... 0.00576546 0.0058604  0.00562613],[0.00425361 0.00425378 0.00425395 ... 0.00511239 0.00511256 0.00511274],3.9823380349172073,0.08691330216700133
LAS_1.0Torr_SmallAdmixture_1kHzLaserFreq_CapCoupling,0,40.0,1.0,2.0,10,1.1392708523050805,0.03210549445074201,0.026474036685031524,0.48380378564770843,5.790739819406747e-05,[0.0050451  0.00487706 0.00493657 ...        nan        nan        nan],[0.00448513 0.00448525 0.00448536 ... 0.00506386 0.00506397 0.00506409],,0.08698255515587529
LAS_1.0Torr_SmallAdmixture_1kHzLaserFreq_CapCoupling,0,40.0,1.0,10.0,2,1.180591652846929,0.00729949666133019,0.00580845990471045,0.5013511140004808,-7.5807308570994e-06,"[-0.00363813 -0.00385588 -0.0034921  ...         nan         nan
         nan]","[-0.00437864 -0.00437865 -0.00437867 ... -0.0044544  -0.00445441
 -0.00445443]",,0.05931471686959145
LAS_1.0Torr_SmallAdmixture_1kHzLaserFreq_CapCoupling,0,40.0,1.0,10.0,4,1.1043604598976988,0.006903526425731931,0.005872566353400145,0.4689787069836091,6.682779492350537e-06,"[-0.00398153 -0.00402779 -0.0040067  ...         nan         nan
         nan]","[-0.00450137 -0.00450135 -0.00450134 ... -0.00443458 -0.00443457
 -0.00443455]",,0.05933368184829275
LAS_1.0Torr_SmallAdmixture_1kHzLaserFreq_CapCoupling,0,40.0,1.0,10.0,6,1.1022974074914758,0.006862130207906228,0.005848277320427202,0.4681026092917382,-2.8556999333673744e-06,"[-0.00377394 -0.00373234 -0.00389957 ...         nan         nan
         nan]","[-0.00446578 -0.00446579 -0.0044658  ... -0.00449432 -0.00449433
 -0.00449434]",,0.059285266569396915
LAS_1.0Torr_SmallAdmixture_1kHzLaserFreq_CapCoupling,0,40.0,1.0,10.0,8,1.1699470156710154,0.007355688924903844,0.005906428491216353,0.4968307527956511,7.772242287925862e-06,"[-0.00399072 -0.00401143 -0.00417559 ...         nan         nan
         nan]","[-0.00467857 -0.00467855 -0.00467854 ... -0.00460089 -0.00460088
 -0.00460086]",,0.059355040792540795
LAS_1.0Torr_SmallAdmixture_1kHzLaserFreq_CapCoupling,0,40.0,1.0,10.0,10,1.1514822943601393,0.006853713489021475,0.005591604821584579,0.4889895076228661,2.8222325908398063e-05,"[-0.00456417 -0.00475804 -0.00456325 ...         nan         nan
         nan]","[-0.00496348 -0.00496342 -0.00496336 ... -0.00468142 -0.00468137
 -0.00468131]",,0.05934142537155602
LAS_1.0Torr_SmallAdmixture_1kHzLaserFreq_CapCoupling,0,40.0,1.0,0.0,3,1.0670027300374052,0.04861539217296359,0.04280318169784269,0.45311433979380006,-2.668467377160848e-05,"[ 4.32696789e-04  4.79158252e-04  4.68374676e-04 ...  9.05485116e-05
 -1.71819103e-05  6.28522653e-06]",[0.00052521 0.00052516 0.00052511 ... 0.00025853 0.00025847 0.00025842],0.7885774400401157,0.12989199245197855
LAS_1.0Torr_SmallAdmixture_1kHzLaserFreq_CapCoupling,0,40.0,1.0,0.0,6,1.100171921049683,0.05012671751694693,0.04280322574433363,0.4671999983061225,-2.1935968509648588e-05,"[ 3.93055144e-04  4.05626598e-04  4.43701809e-04 ... -8.74691354e-05
 -6.57405854e-05 -1.50591900e-05]",[0.00046285 0.0004628  0.00046276 ... 0.00024362 0.00024357 0.00024353],1.49175531680662,0.12984518092682681
LAS_1.0Torr_SmallAdmixture_1kHzLaserFreq_CapCoupling,0,40.0,1.0,0.0,9,1.2055519481270192,0.05594259877245647,0.04359377697148039,0.5119507754619842,-3.163152042528664e-05,"[ 6.47827821e-04  7.22740828e-04  5.85919605e-04 ... -6.55752347e-05
 -1.99172312e-04 -2.27309292e-04]",[0.0006339  0.00063384 0.00063377 ... 0.00031777 0.00031771 0.00031765],2.813492740972293,0.1298419162821606
LAS_1.0Torr_SmallAdmixture_1kHzLaserFreq_CapCoupling,0,40.0,1.0,0.0,12,1.1075786585567744,0.05085162815910279,0.04313184874605933,0.4703453501230144,-3.403921959842659e-05,"[5.99218100e-04 5.02074854e-04 5.03211684e-04 ... 3.86263060e-05
 6.58365238e-05 9.06438036e-05]",[0.00061146 0.00061139 0.00061133 ... 0.00027127 0.00027121 0.00027114],0.6306983912100896,0.12985559236922614
LAS_1.0Torr_SmallAdmixture_1kHzLaserFreq_CapCoupling,0,40.0,1.0,0.0,15,1.0699371152618735,0.04891635130217234,0.04295004191903508,0.45436045846459205,-2.1433599878574436e-05,[0.00089352 0.00076331 0.00092262 ...        nan        nan        nan],[0.00063991 0.00063987 0.00063982 ... 0.0004257  0.00042566 0.00042562],,0.12985716011289708
LAS_1.0Torr_SmallAdmixture_1kHzLaserFreq_CapCoupling,0,35.0,1.0,8.0,2,1.1547839636713144,0.00936392357956842,0.007617718259244107,0.4903915974845276,3.8162343554442475e-05,"[-0.00367989 -0.0035493  -0.0035259  ...         nan         nan
         nan]","[-0.00533887 -0.0053388  -0.00533872 ... -0.00495748 -0.0049574
 -0.00495733]",,0.060446933440935546
LAS_1.0Torr_SmallAdmixture_1kHzLaserFreq_CapCoupling,0,35.0,1.0,8.0,4,1.1810750126718428,0.00956127967816561,0.007605124539399476,0.5015563780188222,1.6990410400998546e-05,"[-0.00365891 -0.00361706 -0.00363794 ...         nan         nan
         nan]","[-0.00491732 -0.00491728 -0.00491725 ... -0.00474752 -0.00474748
 -0.00474745]",,0.060438161565987684
LAS_1.0Torr_SmallAdmixture_1kHzLaserFreq_CapCoupling,0,35.0,1.0,8.0,6,1.1308777120834896,0.008998391580136779,0.007475100453738058,0.4802395471661728,2.415584902642964e-05,"[-0.00394278 -0.00387167 -0.00385122 ...         nan         nan
         nan]","[-0.00504198 -0.00504194 -0.00504189 ... -0.00480057 -0.00480052
 -0.00480047]",,0.060412421873696165
LAS_1.0Torr_SmallAdmixture_1kHzLaserFreq_CapCoupling,0,35.0,1.0,8.0,8,1.1517438233719035,0.00931433239895708,0.007597376173603098,0.4891005687684157,2.1939279971208114e-05,"[-0.00389607 -0.00379053 -0.00367921 ...         nan         nan
         nan]","[-0.00506502 -0.00506497 -0.00506493 ... -0.00484575 -0.00484571
 -0.00484567]",,0.06040012089237136
LAS_1.0Torr_SmallAdmixture_1kHzLaserFreq_CapCoupling,0,35.0,1.0,8.0,10,1.240086698764871,0.010153661836592314,0.0076919851282215845,0.5266163337541033,-6.615309523073067e-05,"[-0.00384139 -0.00377732 -0.0038014  ...         nan         nan
         nan]","[-0.00412808 -0.00412821 -0.00412835 ... -0.00478921 -0.00478935
 -0.00478948]",,0.06040830258038678
LAS_1.0Torr_SmallAdmixture_1kHzLaserFreq_CapCoupling,0,35.0,1.0,6.0,3,1.1840393694889706,0.013128197991544428,0.010416138950455405,0.5028152244531318,-2.939490773171051e-05,"[-0.0015903  -0.001749   -0.00179946 ... -0.00300619 -0.00315788
 -0.00313484]","[-0.00170123 -0.00170128 -0.00170134 ... -0.001995   -0.00199506
 -0.00199512]",1.7321091410364369,0.06499811259208914
LAS_1.0Torr_SmallAdmixture_1kHzLaserFreq_CapCoupling,0,35.0,1.0,6.0,6,1.1959204786226205,0.01335746526378259,0.010492755197390334,0.5078606669525367,-1.5350075752840043e-05,"[-0.00183135 -0.00170157 -0.00168401 ... -0.00272249 -0.00277949
 -0.00285392]","[-0.00184959 -0.00184962 -0.00184965 ... -0.002003   -0.00200303
 -0.00200306]",1.4879588414608818,0.06494133512477135
LAS_1.0Torr_SmallAdmixture_1kHzLaserFreq_CapCoupling,0,35.0,1.0,6.0,9,1.2790740934349853,0.01395164520986428,0.010247018274085725,0.5431727558689838,-3.1087883823722287e-05,"[-0.00124106 -0.00134356 -0.00127064 ... -0.00273286 -0.00279505
 -0.00289806]","[-0.00158192 -0.00158198 -0.00158204 ... -0.00189261 -0.00189267
 -0.00189273]",1.6718243886265427,0.06492468828139421
LAS_1.0Torr_SmallAdmixture_1kHzLaserFreq_CapCoupling,0,35.0,1.0,6.0,12,1.223423541888329,0.013169829387053633,0.010112792713810364,0.5195401425556702,-5.880403778585867e-06,"[-0.00106943 -0.00102539 -0.00123051 ... -0.0025286  -0.00266447
 -0.00268372]","[-0.00178642 -0.00178644 -0.00178645 ... -0.00184519 -0.0018452
 -0.00184522]",1.6187989869235742,0.06496116470741244
LAS_1.0Torr_SmallAdmixture_1kHzLaserFreq_CapCoupling,0,35.0,1.0,6.0,15,1.2719795509377834,0.013987082903865862,0.010330344611646105,0.5401599810660122,-8.089634857037091e-05,"[-0.00081337 -0.00094568 -0.00104341 ...         nan         nan
         nan]","[-0.00103857 -0.00103873 -0.00103889 ... -0.00184705 -0.00184721
 -0.00184737]",,0.06496147570442784
LAS_1.0Torr_SmallAdmixture_1kHzLaserFreq_CapCoupling,0,35.0,1.0,4.0,3,1.1644907212292872,0.018491397291101188,0.014917686877030744,0.494513677886576,6.632410573983563e-05,[0.00332844 0.00339929 0.00342818 ... 0.00287338 0.00295444 0.00280052],[0.00216436 0.00216449 0.00216462 ... 0.0028272  0.00282734 0.00282747],3.1944745464552087,0.07152340216937839
LAS_1.0Torr_SmallAdmixture_1kHzLaserFreq_CapCoupling,0,35.0,1.0,4.0,6,1.190476316882138,0.018723169831749934,0.014774963152090977,0.5055487443272938,7.296595852779296e-05,[0.00325051 0.00327599 0.0032624  ... 0.0033717  0.00328811 0.00317362],[0.00208504 0.00208519 0.00208533 ... 0.00281426 0.00281441 0.00281455],3.276943202962661,0.0714997439507718
LAS_1.0Torr_SmallAdmixture_1kHzLaserFreq_CapCoupling,0,35.0,1.0,4.0,9,1.179575121153715,0.018727143108538114,0.014914672278351119,0.5009194327366158,4.002454755765195e-05,[0.00312562 0.00315352 0.00306531 ... 0.00261501 0.00257977 0.00260873],[0.00235225 0.00235233 0.00235241 ... 0.00275225 0.00275233 0.00275241],2.2076451206486003,0.071480337922403
LAS_1.0Torr_SmallAdmixture_1kHzLaserFreq_CapCoupling,0,35.0,1.0,4.0,12,1.1864068921732258,0.01860789506380065,0.014734363409710525,0.503820618767339,6.943506024341353e-05,[0.00295927 0.00290813 0.00290425 ... 0.00290771 0.00297554 0.00292282],[0.00204686 0.002047   0.00204714 ... 0.0027408  0.00274094 0.00274108],3.3353368022902936,0.07142860294117648
LAS_1.0Torr_SmallAdmixture_1kHzLaserFreq_CapCoupling,0,35.0,1.0,4.0,14,1.2030214790961307,0.018876763477641757,0.014740830168233176,0.5108761842055406,5.065330532510203e-05,[0.00301536 0.00286532 0.00309165 ...        nan        nan        nan],[0.00228168 0.00228178 0.00228188 ... 0.0027879  0.00278801 0.00278811],,0.07162949511206486
LAS_1.0Torr_SmallAdmixture_1kHzLaserFreq_CapCoupling,0,35.0,1.0,2.0,2,1.1248786258653087,0.029973498474730558,0.02503223120498749,0.4776919698127185,6.479505706736668e-05,[0.00584716 0.00581593 0.00570776 ... 0.00689788 0.00689261 0.00678334],[0.00509691 0.00509704 0.00509717 ... 0.00574447 0.0057446  0.00574473],3.5620759657798784,0.08288010747279646
LAS_1.0Torr_SmallAdmixture_1kHzLaserFreq_CapCoupling,0,35.0,1.0,2.0,4,1.1312517154603987,0.030355258383884403,0.02520823698267304,0.4803983717768679,8.809819637912623e-05,[0.00569577 0.00586828 0.00556742 ... 0.00680683 0.00670414 0.00679724],[0.00493241 0.00493258 0.00493276 ... 0.00581286 0.00581304 0.00581321],4.129664500961419,0.08285411741528763
LAS_1.0Torr_SmallAdmixture_1kHzLaserFreq_CapCoupling,0,35.0,1.0,2.0,6,1.1160453887445938,0.02999678230900186,0.025249954729720716,0.47394083938585024,5.401420747997348e-05,[0.00575684 0.00573203 0.00565168 ... 0.00664069 0.00656856 0.00640391],[0.00515595 0.00515606 0.00515617 ... 0.00569577 0.00569588 0.00569598],3.1373465288221287,0.08280563781583757
LAS_1.0Torr_SmallAdmixture_1kHzLaserFreq_CapCoupling,0,35.0,1.0,2.0,8,1.1423809376215637,0.030524246723103825,0.02510162270005312,0.4851245172777308,4.4639351638145865e-05,[0.00544054 0.00558636 0.005295   ... 0.00635917 0.00647379 0.00632331],[0.00526249 0.00526258 0.00526267 ... 0.00570862 0.00570871 0.0057088 ],2.843893596479726,0.08282710460573747
LAS_1.0Torr_SmallAdmixture_1kHzLaserFreq_CapCoupling,0,35.0,1.0,2.0,10,1.1444971312601064,0.03033579611790369,0.024900523534570666,0.4860231819731534,5.777875853614859e-05,[0.00545241 0.00584043 0.00560463 ...        nan        nan        nan],[0.00496222 0.00496233 0.00496245 ... 0.00553966 0.00553977 0.00553989],,0.08282622726923593
LAS_1.0Torr_SmallAdmixture_1kHzLaserFreq_CapCoupling,0,35.0,1.0,10.0,2,1.1100971530701702,0.006946648645596107,0.005878711319682949,0.47141485627008084,-6.2872257213139275e-06,"[-0.00385675 -0.00378352 -0.00385626 ...         nan         nan
         nan]","[-0.00411145 -0.00411146 -0.00411148 ... -0.00417428 -0.0041743
 -0.00417431]",,0.05681820590493357
LAS_1.0Torr_SmallAdmixture_1kHzLaserFreq_CapCoupling,0,35.0,1.0,10.0,4,1.1304198337465405,0.006838568554457656,0.005683203745380471,0.4800451041394475,2.290979806834844e-07,"[-0.00400571 -0.00398477 -0.00385005 ...         nan         nan
         nan]","[-0.00433373 -0.00433373 -0.00433373 ... -0.00433144 -0.00433144
 -0.00433144]",,0.05675946011916684
LAS_1.0Torr_SmallAdmixture_1kHzLaserFreq_CapCoupling,0,35.0,1.0,10.0,6,1.0786737614751039,0.006542188050674199,0.005697714692403406,0.45807057050974226,-9.914512052444529e-06,"[-0.00406814 -0.00414196 -0.00410993 ...         nan         nan
         nan]","[-0.00427292 -0.00427294 -0.00427296 ... -0.00437201 -0.00437203
 -0.00437205]",,0.05681233727218105
LAS_1.0Torr_SmallAdmixture_1kHzLaserFreq_CapCoupling,0,35.0,1.0,10.0,8,1.0800559797165066,0.0066976265671650406,0.005825624036316655,0.45865754455233176,-1.0423621951908491e-05,"[-0.00425541 -0.00423511 -0.00434579 ...         nan         nan
         nan]","[-0.00439144 -0.00439146 -0.00439148 ... -0.00449561 -0.00449563
 -0.00449565]",,0.05671733708441819
LAS_1.0Torr_SmallAdmixture_1kHzLaserFreq_CapCoupling,0,35.0,1.0,10.0,10,1.1497298210626212,0.007015212657967683,0.005732087807211498,0.4882453007348638,-1.4111708468004212e-05,"[-0.0042567  -0.0042831  -0.00429591 ...         nan         nan
         nan]","[-0.00436815 -0.00436818 -0.00436821 ... -0.00450918 -0.00450921
 -0.00450924]",,0.05676647743553008
LAS_1.0Torr_SmallAdmixture_1kHzLaserFreq_CapCoupling,0,35.0,1.0,0.0,2,1.0457758264605919,0.044695511079111995,0.04015069791808135,0.44410010381360043,-1.1912886174313481e-05,"[ 0.00021355  0.00043422  0.00024687 ... -0.00060485 -0.00046158
 -0.00035369]","[ 5.92717291e-05  5.92479034e-05  5.92240776e-05 ... -5.97856553e-05
 -5.98094811e-05 -5.98333068e-05]",0.6535989321956548,0.11841424247395964
LAS_1.0Torr_SmallAdmixture_1kHzLaserFreq_CapCoupling,0,35.0,1.0,0.0,4,1.2084897151665013,0.05455155229129829,0.04240645260792995,0.5131983302573841,-1.6883056134422083e-05,"[ 3.42122688e-05  9.54665146e-05  5.89917555e-05 ... -6.66739149e-04
 -5.96193629e-04 -7.14005592e-04]","[ 1.00249691e-05  9.99120298e-06  9.95743686e-06 ... -1.58704294e-04
 -1.58738060e-04 -1.58771826e-04]",1.1675025567732527,0.11826042087350867
LAS_1.0Torr_SmallAdmixture_1kHzLaserFreq_CapCoupling,0,35.0,1.0,0.0,6,1.0070741261715686,0.04478019439580181,0.0417726787627414,0.42766500493176013,-2.9163456089761426e-05,"[-5.99565222e-05  3.87840773e-05  4.57705498e-05 ... -5.50605106e-04
 -7.11029874e-04 -5.85341826e-04]","[ 0.00018638  0.00018632  0.00018626 ... -0.00010508 -0.00010514
 -0.0001052 ]",0.7570957821296154,0.11817936344170159
LAS_1.0Torr_SmallAdmixture_1kHzLaserFreq_CapCoupling,0,35.0,1.0,0.0,8,1.2370215492713388,0.05494970145131952,0.04173071845611215,0.525314684611104,-3.4057347455626434e-05,"[ 8.39441987e-05  9.84452585e-05 -5.69360290e-05 ... -3.90208741e-04
 -4.00938131e-04 -4.80515565e-04]","[ 0.00023236  0.00023229  0.00023222 ... -0.00010801 -0.00010808
 -0.00010815]",0.7194167642352699,0.11816587836985054
LAS_1.0Torr_SmallAdmixture_1kHzLaserFreq_CapCoupling,0,35.0,1.0,0.0,10,1.0159630754013371,0.04421852248437107,0.04088783287170855,0.43143979411300803,1.186542136534523e-06,[0.0003387  0.00025988 0.00020623 ...        nan        nan        nan],"[9.79590856e-06 9.79828165e-06 9.80065473e-06 ... 2.16542107e-05
 2.16565838e-05 2.16589568e-05]",,0.11823600089455763
LAS_1.0Torr_SmallAdmixture_1kHzLaserFreq_CapCoupling,0,30.0,1.0,8.0,2,1.1584365064914983,0.009103317170145944,0.007382360156589626,0.4919426896063614,-1.9774003218916044e-06,"[-0.00417937 -0.00412612 -0.00395325 ...         nan         nan
         nan]","[-0.00505856 -0.00505857 -0.00505857 ... -0.00507832 -0.00507833
 -0.00507833]",,0.0573499995819328
LAS_1.0Torr_SmallAdmixture_1kHzLaserFreq_CapCoupling,0,30.0,1.0,8.0,4,1.1737532524253782,0.00924397255447783,0.0073986013695881234,0.49844711272191994,1.2850023102634178e-05,"[-0.00409105 -0.00408619 -0.00401417 ...         nan         nan
         nan]","[-0.00510064 -0.00510061 -0.00510059 ... -0.00497222 -0.00497219
 -0.00497217]",,0.057296829796484885
LAS_1.0Torr_SmallAdmixture_1kHzLaserFreq_CapCoupling,0,30.0,1.0,8.0,6,1.153033521493779,0.008942257631702888,0.00728572935509705,0.48964825313376537,1.3975883130589464e-07,"[-0.00423189 -0.00417728 -0.00434135 ...         nan         nan
         nan]","[-0.0049488  -0.0049488  -0.0049488  ... -0.00494741 -0.00494741
 -0.00494741]",,0.057298719346162846
LAS_1.0Torr_SmallAdmixture_1kHzLaserFreq_CapCoupling,0,30.0,1.0,8.0,8,1.1229991944463593,0.008749683855891796,0.007319488056368222,0.47689384877458857,-1.2551884188225904e-05,"[-0.00373913 -0.00372331 -0.00382051 ...         nan         nan
         nan]","[-0.00483819 -0.00483822 -0.00483824 ... -0.00496364 -0.00496366
 -0.00496369]",,0.057336646161170686
LAS_1.0Torr_SmallAdmixture_1kHzLaserFreq_CapCoupling,0,30.0,1.0,8.0,10,1.2120145504790494,0.009896166331845743,0.007670557721170675,0.5146951899940702,-5.789597320095029e-05,"[-0.00421628 -0.00415547 -0.00407344 ...         nan         nan
         nan]","[-0.00437237 -0.00437249 -0.00437261 ... -0.00495099 -0.0049511
 -0.00495122]",,0.05733109322203768
LAS_1.0Torr_SmallAdmixture_1kHzLaserFreq_CapCoupling,0,30.0,1.0,6.0,2,1.1701075243409311,0.012009834183713758,0.009642264243653179,0.4968989145518984,-1.2657833235673165e-05,"[-0.00145359 -0.00133992 -0.00127335 ... -0.00258467 -0.00244556
 -0.00262894]","[-0.00146563 -0.00146566 -0.00146568 ... -0.00159213 -0.00159216
 -0.00159218]",1.561309052411435,0.061207359803332334
LAS_1.0Torr_SmallAdmixture_1kHzLaserFreq_CapCoupling,0,30.0,1.0,6.0,4,1.2115188528318637,0.01241995740155224,0.009630697001212165,0.514484686585017,-1.598501186403069e-05,"[-0.00095231 -0.00094733 -0.00088724 ... -0.00241682 -0.00254798
 -0.00251871]","[-0.00147425 -0.00147428 -0.00147431 ... -0.001634   -0.00163403
 -0.00163407]",1.4873855746693851,0.061167929751410735
LAS_1.0Torr_SmallAdmixture_1kHzLaserFreq_CapCoupling,0,30.0,1.0,6.0,6,1.2051846756440743,0.012288374834998582,0.009578745604662557,0.5117948091987787,-2.947920650522118e-05,"[-0.0011584  -0.0011797  -0.00123532 ... -0.00257226 -0.0026272
 -0.00259971]","[-0.00151035 -0.00151041 -0.00151047 ... -0.00180497 -0.00180503
 -0.00180509]",1.551936208810549,0.06107757349870543
LAS_1.0Torr_SmallAdmixture_1kHzLaserFreq_CapCoupling,0,30.0,1.0,6.0,8,1.2659420122716338,0.012830771923561765,0.009521530482946312,0.5375960744613908,-2.023302506217858e-05,"[-0.00136941 -0.00132034 -0.0014394  ... -0.00298565 -0.00298481
 -0.00296431]","[-0.00171357 -0.00171361 -0.00171365 ... -0.00191578 -0.00191582
 -0.00191586]",1.6516901165186366,0.061175505825607615
LAS_1.0Torr_SmallAdmixture_1kHzLaserFreq_CapCoupling,0,30.0,1.0,6.0,10,1.1516720850680522,0.011940088961167349,0.009739720903670243,0.48907010431572734,-6.339612838681806e-05,"[-0.00122524 -0.00128421 -0.0012449  ...         nan         nan
         nan]","[-0.00140686 -0.00140698 -0.00140711 ... -0.00204044 -0.00204057
 -0.00204069]",,0.061156106177790506
LAS_1.0Torr_SmallAdmixture_1kHzLaserFreq_CapCoupling,0,30.0,1.0,4.0,2,1.184306839469482,0.017241246973530525,0.013676413576618118,0.5029288084958172,6.0817390463916575e-05,[0.00294994 0.00275329 0.00310103 ... 0.00224361 0.00226827 0.00226863],[0.00179484 0.00179497 0.00179509 ... 0.00240265 0.00240278 0.0024029 ],2.5046254280904514,0.06765361124337962
LAS_1.0Torr_SmallAdmixture_1kHzLaserFreq_CapCoupling,0,30.0,1.0,4.0,4,1.1800335610636796,0.017046633701834693,0.013571006541039515,0.5011141142414433,6.648984007438513e-05,[0.00291919 0.00292494 0.00287813 ... 0.00263598 0.0025077  0.00258469],[0.00174705 0.00174718 0.00174732 ... 0.00241155 0.00241168 0.00241182],2.812625766751583,0.06761687906203531
LAS_1.0Torr_SmallAdmixture_1kHzLaserFreq_CapCoupling,0,30.0,1.0,4.0,6,1.18153875288798,0.017103702295093264,0.013599093132169799,0.50175331035644,5.8588393450390895e-05,[0.00289665 0.00281676 0.00278343 ... 0.002574   0.00236927 0.00242659],[0.00194657 0.00194668 0.0019468  ... 0.0025321  0.00253222 0.00253233],2.659135628763832,0.06757491999215569
LAS_1.0Torr_SmallAdmixture_1kHzLaserFreq_CapCoupling,0,30.0,1.0,4.0,8,1.1663016054700532,0.01674310534628718,0.013486303413908388,0.4952826896183163,6.644505307391177e-05,[0.00287286 0.00299886 0.0029858  ... 0.00282332 0.00276356 0.00276021],[0.00184123 0.00184136 0.00184149 ... 0.00250528 0.00250541 0.00250554],3.505670729775812,0.06759931977685427
LAS_1.0Torr_SmallAdmixture_1kHzLaserFreq_CapCoupling,0,30.0,1.0,4.0,10,1.1923893122845886,0.017258054478569575,0.013596951572749587,0.5063611186768698,5.861005416149286e-05,[0.00306998 0.0029563  0.0030375  ...        nan        nan        nan],[0.0021607  0.00216082 0.00216094 ... 0.00274645 0.00274657 0.00274669],,0.06759333407541461
LAS_1.0Torr_SmallAdmixture_1kHzLaserFreq_CapCoupling,0,30.0,1.0,2.0,2,1.1398971728531533,0.028853360421382604,0.02377926978076277,0.4840697594954317,6.029568066664518e-05,[0.00578063 0.00572297 0.00570214 ... 0.00671848 0.0066961  0.00674018],[0.005281   0.00528112 0.00528124 ... 0.0058836  0.00588372 0.00588384],3.28064564002128,0.078235469881735
LAS_1.0Torr_SmallAdmixture_1kHzLaserFreq_CapCoupling,0,30.0,1.0,2.0,4,1.1722294760435934,0.02951684434038991,0.02365511573427275,0.497800024472013,6.848891565152144e-05,[0.0057589  0.0057788  0.00584986 ... 0.00701987 0.00709655 0.00700766],[0.00531861 0.00531874 0.00531888 ... 0.00600309 0.00600322 0.00600336],3.627744979053203,0.07826755104046436
LAS_1.0Torr_SmallAdmixture_1kHzLaserFreq_CapCoupling,0,30.0,1.0,2.0,6,1.1557287762893453,0.029244096087585224,0.02377114303129034,0.490792822461368,6.250735255089203e-05,[0.00617356 0.00622698 0.00619103 ... 0.0069924  0.00695263 0.00686968],[0.00540157 0.00540169 0.00540182 ... 0.00602626 0.00602639 0.00602651],3.774540182197629,0.07828184644786805
LAS_1.0Torr_SmallAdmixture_1kHzLaserFreq_CapCoupling,0,30.0,1.0,2.0,8,1.1624442882785808,0.029456539490906652,0.02380550326435464,0.4936446378276446,4.817080565967047e-05,[0.00570493 0.00599238 0.00588368 ... 0.00658721 0.00653639 0.00661703],[0.00548543 0.00548552 0.00548562 ... 0.00596684 0.00596694 0.00596704],3.075361895362804,0.07826614068433115
LAS_1.0Torr_SmallAdmixture_1kHzLaserFreq_CapCoupling,0,30.0,1.0,2.0,10,1.1680976280600646,0.029659728262471517,0.02385370343756457,0.4960453901880695,6.759208591050153e-05,[0.00573646 0.00570672 0.00596325 ...        nan        nan        nan],[0.00527249 0.00527262 0.00527276 ... 0.00594801 0.00594814 0.00594828],,0.07831610199697632
LAS_1.0Torr_SmallAdmixture_1kHzLaserFreq_CapCoupling,0,30.0,1.0,10.0,2,1.0965011945764465,0.006688366230278231,0.005730318034670562,0.46564118429781554,-4.751563487541195e-06,"[-0.00419685 -0.004101   -0.00417963 ...         nan         nan
         nan]","[-0.0046997  -0.00469971 -0.00469972 ... -0.00474719 -0.0047472
 -0.0047472 ]",,0.05499174724507541
LAS_1.0Torr_SmallAdmixture_1kHzLaserFreq_CapCoupling,0,30.0,1.0,10.0,4,1.1494275497041797,0.0069065496416054785,0.0056447839641426256,0.48811693790770017,-5.549247841582255e-06,"[-0.00430924 -0.0043083  -0.00433754 ...         nan         nan
         nan]","[-0.00480111 -0.00480112 -0.00480113 ... -0.00485657 -0.00485658
 -0.00485659]",,0.05498334765141634
LAS_1.0Torr_SmallAdmixture_1kHzLaserFreq_CapCoupling,0,30.0,1.0,10.0,6,1.1272197669361923,0.006858279203631842,0.005715764876208936,0.478686160887244,-1.5496244487242035e-05,"[-0.00415185 -0.00419818 -0.00406171 ...         nan         nan
         nan]","[-0.00468996 -0.00468999 -0.00469002 ... -0.00484483 -0.00484486
 -0.00484489]",,0.05497305389846935
LAS_1.0Torr_SmallAdmixture_1kHzLaserFreq_CapCoupling,0,30.0,1.0,10.0,8,1.1075629943181373,0.006784734754259418,0.005754826395373038,0.4703386981333347,2.3049110613603884e-05,"[-0.00442182 -0.00442826 -0.00442989 ...         nan         nan
         nan]","[-0.00510773 -0.00510768 -0.00510764 ... -0.00487738 -0.00487733
 -0.00487728]",,0.05498850135351915
LAS_1.0Torr_SmallAdmixture_1kHzLaserFreq_CapCoupling,0,30.0,1.0,10.0,10,1.1159646723209578,0.00679090543738204,0.005716695055169302,0.47390656227673256,-3.266575474268585e-05,"[-0.00428358 -0.00441147 -0.00434668 ...         nan         nan
         nan]","[-0.0044473  -0.00444737 -0.00444743 ... -0.00477377 -0.00477383
 -0.0047739 ]",,0.054973235144865094
LAS_1.0Torr_SmallAdmixture_1kHzLaserFreq_CapCoupling,0,30.0,1.0,0.0,2,1.013313300648003,0.0458786020996837,0.04253380378951794,0.43031453838107836,8.40590366310517e-06,"[-0.00047087 -0.00036054 -0.00042618 ... -0.00068171 -0.00090777
 -0.00068191]","[-0.0003777  -0.00037768 -0.00037767 ... -0.00029369 -0.00029367
 -0.00029366]",1.4939690331069537,0.10719169921711987
LAS_1.0Torr_SmallAdmixture_1kHzLaserFreq_CapCoupling,0,30.0,1.0,0.0,4,1.244418071865038,0.05792590095810758,0.043729476445767926,0.5284556985536798,-4.298531863526256e-06,"[-0.00025437 -0.00016855 -0.00028631 ... -0.00048353 -0.00058549
 -0.00052858]","[-0.00034058 -0.00034059 -0.0003406  ... -0.00038354 -0.00038355
 -0.00038356]",1.4391812691401773,0.1071382236216135
LAS_1.0Torr_SmallAdmixture_1kHzLaserFreq_CapCoupling,0,30.0,1.0,0.0,7,1.0693118104342765,0.05025908534821197,0.044154808643030306,0.4540949159536403,-2.0210660106196543e-06,"[-0.00024783 -0.00019267 -0.0001323  ... -0.0001864  -0.00018269
 -0.00024291]","[-0.00010836 -0.00010837 -0.00010837 ... -0.00012856 -0.00012857
 -0.00012857]",1.5829446414981592,0.10718769248585308
LAS_1.0Torr_SmallAdmixture_1kHzLaserFreq_CapCoupling,0,30.0,1.0,0.0,10,1.0284475839166447,0.04768250887878727,0.04355567272769292,0.4367414767369741,9.886198550268176e-06,"[-0.00020541 -0.00030737 -0.00029536 ... -0.00015849 -0.00045779
 -0.0004598 ]","[-0.00025795 -0.00025793 -0.00025791 ... -0.00015915 -0.00015913
 -0.00015911]",0.998402113550313,0.10720483520289782
LAS_1.0Torr_SmallAdmixture_1kHzLaserFreq_CapCoupling,0,30.0,1.0,0.0,13,1.1117657103073306,0.050609279298004274,0.04276462493840079,0.47212342728835516,2.1068157286049055e-05,"[-1.99106591e-05 -8.86887863e-05 -4.08984502e-05 ...             nan
             nan             nan]","[-0.00040561 -0.00040557 -0.00040553 ... -0.00019505 -0.00019501
 -0.00019497]",,0.10721594953186206
LAS_1.1Torr_SmallAdmixture_1kHzLaserFreq_CapCoupling,0,80.0,1.1,0.0,2,1.1674714121521659,0.04612702623721997,0.03711735255505627,0.49577946077693674,-5.3948739090032955e-05,[0.0052307  0.00531324 0.00520645 ...        nan        nan        nan],[0.00629526 0.00629515 0.00629504 ... 0.0057561  0.00575599 0.00575588],,0.15680376214302436
LAS_1.1Torr_SmallAdmixture_1kHzLaserFreq_CapCoupling,0,80.0,1.1,0.0,4,1.2148884636081412,0.04811744413378952,0.0372077948956555,0.515915628530406,-4.3871379244529864e-05,[0.00552472 0.00555657 0.0054751  ...        nan        nan        nan],[0.00615499 0.00615491 0.00615482 ... 0.00571654 0.00571646 0.00571637],,0.15694239692014447
LAS_1.1Torr_SmallAdmixture_1kHzLaserFreq_CapCoupling,0,80.0,1.1,0.0,6,1.1906073211389219,0.04744900602278358,0.037439182762967455,0.5056043767129024,-5.560868016471634e-05,[0.00591554 0.00584703 0.00575361 ...        nan        nan        nan],[0.00632034 0.00632023 0.00632012 ... 0.00576458 0.00576447 0.00576436],,0.1569204274266479
LAS_1.1Torr_SmallAdmixture_1kHzLaserFreq_CapCoupling,0,80.0,1.1,0.0,8,1.1897172983919864,0.04696727925274987,0.03708680462893666,0.5052264188520401,-2.0620239125871938e-05,[0.00537929 0.00560701 0.00551218 ...        nan        nan        nan],[0.00594354 0.0059435  0.00594345 ... 0.00573746 0.00573742 0.00573738],,0.15690216738260315
LAS_1.1Torr_SmallAdmixture_1kHzLaserFreq_CapCoupling,0,80.0,1.1,0.0,10,1.7042003135750716,0.0009683219827543774,0.0005337857064909822,0.7237072391884932,-6.337503709815148e-05,[0.00560808 0.00544647 0.00549337 ... 0.00533551 0.00521113 0.00531358],[0.00628141 0.00628129 0.00628116 ... 0.00564804 0.00564792 0.00564779],0.637384271360159,0.15688215622367718
LAS_1.1Torr_SmallAdmixture_1kHzLaserFreq_CapCoupling,0,80.0,1.1,10.0,2,1.276653514088733,0.007998025500921244,0.005885420929514348,0.5421448304649343,-9.496873008877305e-05,"[-0.00244467 -0.00216473 -0.00217822 ...         nan         nan
         nan]","[-0.00176267 -0.00176286 -0.00176305 ... -0.00271179 -0.00271198
 -0.00271217]",,0.07593228409831138
LAS_1.1Torr_SmallAdmixture_1kHzLaserFreq_CapCoupling,0,80.0,1.1,10.0,4,1.359900985641903,0.008384775713205546,0.005792312059250876,0.5774967766694163,-8.170510394462876e-05,"[-0.00247927 -0.00239145 -0.00240097 ...         nan         nan
         nan]","[-0.00195495 -0.00195511 -0.00195527 ... -0.00277151 -0.00277167
 -0.00277183]",,0.07594172783985569
LAS_1.1Torr_SmallAdmixture_1kHzLaserFreq_CapCoupling,0,80.0,1.1,10.0,6,1.3369489872622071,0.00836332466707194,0.005876678198623614,0.5677499603773908,-9.752130212266425e-05,"[-0.00202452 -0.00221105 -0.00221258 ...         nan         nan
         nan]","[-0.00172354 -0.00172373 -0.00172393 ... -0.00269816 -0.00269836
 -0.00269855]",,0.07592456646373034
LAS_1.1Torr_SmallAdmixture_1kHzLaserFreq_CapCoupling,0,80.0,1.1,10.0,8,1.2761113152726764,0.007800150927319282,0.005742251849746832,0.5419145798276507,-6.949841960957719e-05,"[-0.00189854 -0.00185389 -0.00203816 ...         nan         nan
         nan]","[-0.00192852 -0.00192866 -0.0019288  ... -0.00262309 -0.00262322
 -0.00262336]",,0.07600131637186619
LAS_1.1Torr_SmallAdmixture_1kHzLaserFreq_CapCoupling,0,80.0,1.1,10.0,10,1.1780399949168494,0.0018259037422026626,0.0014560813301278902,0.5002675246470337,1.1249519592249347e-05,"[        nan         nan         nan ... -0.00276777 -0.00283225
 -0.00296938]","[-0.00292854 -0.00292852 -0.0029285  ... -0.00281611 -0.00281609
 -0.00281607]",,0.07603379950046711
LAS_1.1Torr_SmallAdmixture_1kHzLaserFreq_CapCoupling,0,80.0,1.1,8.0,2,1.1129927210641872,0.010453064303400164,0.008823057058153384,0.47264449078084825,-4.95490946201186e-05,"[ 1.50796611e-05  6.20627271e-05 -5.59654398e-05 ...             nan
             nan             nan]","[-8.60599093e-05 -8.61590075e-05 -8.62581057e-05 ... -5.81253561e-04
 -5.81352659e-04 -5.81451757e-04]",,0.0800763894120503
LAS_1.1Torr_SmallAdmixture_1kHzLaserFreq_CapCoupling,0,80.0,1.1,8.0,4,1.0887381200445425,0.009936030617635134,0.008573482817085237,0.4623445100792121,-5.7196792005123966e-05,"[-5.02723084e-05 -9.28296367e-05 -1.19535427e-04 ...             nan
             nan             nan]","[-2.07754450e-05 -2.08898386e-05 -2.10042322e-05 ... -5.92400184e-04
 -5.92514578e-04 -5.92628972e-04]",,0.08007802874313646
LAS_1.1Torr_SmallAdmixture_1kHzLaserFreq_CapCoupling,0,80.0,1.1,8.0,6,1.1002430118179474,0.01019397931576806,0.008704080902729042,0.4672301877757657,-7.584452454548276e-05,"[7.70811885e-05 7.39967724e-05 1.06561486e-05 ...            nan
            nan            nan]","[ 0.00025127  0.00025112  0.00025097 ... -0.00050672 -0.00050687
 -0.00050702]",,0.08008216935767377
LAS_1.1Torr_SmallAdmixture_1kHzLaserFreq_CapCoupling,0,80.0,1.1,8.0,8,1.1095819905536894,0.01020490777136232,0.008640074251138148,0.4711960868921116,-3.5659735158886185e-05,"[4.30164703e-05 1.64435929e-05 9.97197002e-05 ...            nan
            nan            nan]","[-7.38627885e-05 -7.39341080e-05 -7.40054275e-05 ... -4.30246182e-04
 -4.30317501e-04 -4.30388821e-04]",,0.08010963604442882
LAS_1.1Torr_SmallAdmixture_1kHzLaserFreq_CapCoupling,0,80.0,1.1,8.0,10,1.1824596515502004,0.0016114094989758774,0.0012802281689730866,0.5021443800112799,-4.1377660970394296e-05,"[        nan         nan         nan ... -0.00055829 -0.0005642
 -0.0005326 ]","[-0.00015267 -0.00015276 -0.00015284 ... -0.0005662  -0.00056629
 -0.00056637]",,0.08007356808391984
LAS_1.1Torr_SmallAdmixture_1kHzLaserFreq_CapCoupling,0,80.0,1.1,6.0,2,0.8990727230399751,0.007237082936796443,0.007561997295257104,0.3818010318610816,-6.879122366631735e-05,[0.00033463 0.00032271 0.00041598 ...        nan        nan        nan],[0.00119438 0.00119424 0.0011941  ... 0.00050688 0.00050674 0.0005066 ],,0.08497770363109301
LAS_1.1Torr_SmallAdmixture_1kHzLaserFreq_CapCoupling,0,80.0,1.1,6.0,4,0.9500767174363483,0.009459018621325243,0.00935309175533233,0.40346043403238546,-7.565776168060807e-05,"[ 3.35598621e-06 -1.80162828e-04 -8.21682316e-06 ...             nan
             nan             nan]",[0.00125784 0.00125769 0.00125754 ... 0.00050172 0.00050157 0.00050142],,0.08503199775046498
LAS_1.1Torr_SmallAdmixture_1kHzLaserFreq_CapCoupling,0,80.0,1.1,6.0,6,0.9309111504822613,0.007947772684000915,0.008020565591155758,0.39532156711789257,-7.797661302344829e-05,"[-7.26755492e-06  8.38964667e-05 -7.66151707e-05 ...             nan
             nan             nan]",[0.00141188 0.00141172 0.00141157 ... 0.00063258 0.00063242 0.00063227],,0.08506543564414505
LAS_1.1Torr_SmallAdmixture_1kHzLaserFreq_CapCoupling,0,80.0,1.1,6.0,8,0.8592096642103175,0.008299609913865446,0.009074575480847781,0.36487274941598563,-5.6259000321060505e-05,[0.00010069 0.00017741 0.00011725 ...        nan        nan        nan],[0.00122682 0.00122671 0.0012266  ... 0.00066457 0.00066446 0.00066435],,0.0850265873215363
LAS_1.1Torr_SmallAdmixture_1kHzLaserFreq_CapCoupling,0,80.0,1.1,6.0,10,1.2491469267727817,0.0016092683058494,0.0012102712703705467,0.5304638583354526,-5.227985743856672e-05,[       nan        nan        nan ... 0.00100149 0.00110401 0.00107007],[0.00106825 0.00106814 0.00106804 ... 0.00054576 0.00054566 0.00054555],,0.08500139422066885
LAS_1.1Torr_SmallAdmixture_1kHzLaserFreq_CapCoupling,0,80.0,1.1,4.0,2,1.279267013975733,0.02650724488963983,0.019465751663179254,0.543254681679474,1.9557072909826318e-05,[0.00505951 0.00507892 0.00514559 ...        nan        nan        nan],[0.00475954 0.00475958 0.00475962 ... 0.004955   0.00495504 0.00495507],,0.09780179475394148
LAS_1.1Torr_SmallAdmixture_1kHzLaserFreq_CapCoupling,0,80.0,1.1,4.0,4,1.2786823883328915,0.02651005921987103,0.01947671925328701,0.5430064140277376,2.9128829656334634e-05,[0.00514254 0.00524556 0.00507038 ...        nan        nan        nan],[0.00458044 0.0045805  0.00458056 ... 0.00487155 0.00487161 0.00487167],,0.09780629865244292
LAS_1.1Torr_SmallAdmixture_1kHzLaserFreq_CapCoupling,0,80.0,1.1,4.0,6,1.2749920784482836,0.02642170610579016,0.019467992077907087,0.5414392837103297,5.536832013888751e-06,[0.00549167 0.00553233 0.00540504 ...        nan        nan        nan],[0.00490901 0.00490902 0.00490903 ... 0.00496435 0.00496436 0.00496437],,0.09776616301405562
LAS_1.1Torr_SmallAdmixture_1kHzLaserFreq_CapCoupling,0,80.0,1.1,4.0,8,1.276033922565554,0.02665708148486671,0.01962538428278463,0.5418817141709795,3.03346682277025e-05,[0.00552386 0.00569793 0.00560914 ...        nan        nan        nan],[0.00474503 0.00474509 0.00474515 ... 0.0050482  0.00504826 0.00504832],,0.09779401890194693
LAS_1.1Torr_SmallAdmixture_1kHzLaserFreq_CapCoupling,0,80.0,1.1,4.0,10,1.3040860901821536,0.0012401191213326133,0.0008933567663814164,0.5537943729220354,1.3023600304534027e-05,[0.00574045 0.00573921 0.00566724 ... 0.00461312 0.00470617 0.00464145],[0.00490954 0.00490957 0.00490959 ... 0.0050397  0.00503973 0.00503975],1.1285350492121944,0.09790574773138001
LAS_1.1Torr_SmallAdmixture_1kHzLaserFreq_CapCoupling,0,80.0,1.1,2.0,2,1.2329918538069407,0.04166790364135666,0.031747478205224666,0.5236034305078864,-4.08786555017944e-05,[0.00269413 0.00270534 0.00271292 ...        nan        nan        nan],[0.0029565  0.00295642 0.00295634 ... 0.00254796 0.00254788 0.0025478 ],,0.1217139644429987
LAS_1.1Torr_SmallAdmixture_1kHzLaserFreq_CapCoupling,0,80.0,1.1,2.0,4,1.2486359281935582,0.04196014558648773,0.03156959053760358,0.5302468572188272,-1.651600589846905e-05,[0.0029789  0.00291629 0.00287713 ...        nan        nan        nan],[0.00266347 0.00266344 0.00266341 ... 0.00249841 0.00249838 0.00249835],,0.12168354487789008
LAS_1.1Torr_SmallAdmixture_1kHzLaserFreq_CapCoupling,0,80.0,1.1,2.0,6,1.2182418547338112,0.041152966212030205,0.03173477453464756,0.5173396826243679,-3.3333964972120806e-05,[0.00259307 0.00261025 0.00246045 ...        nan        nan        nan],[0.00295177 0.00295171 0.00295164 ... 0.00261864 0.00261857 0.0026185 ],,0.1216710638533013
LAS_1.1Torr_SmallAdmixture_1kHzLaserFreq_CapCoupling,0,80.0,1.1,2.0,8,1.2210805386160812,0.04081011937023622,0.03139723079038985,0.518545160677037,-2.5066838531633808e-05,[0.00317525 0.003083   0.00335093 ...        nan        nan        nan],[0.00291584 0.00291579 0.00291574 ... 0.00266532 0.00266527 0.00266522],,0.12162544727754981
LAS_1.1Torr_SmallAdmixture_1kHzLaserFreq_CapCoupling,0,80.0,1.1,2.0,10,0.16726773038019482,0.00012613645089910172,0.000708428839849404,0.07103206494829903,-4.928469889162519e-05,[       nan        nan        nan ... 0.00320378 0.00312904 0.00323677],[0.00319446 0.00319436 0.00319427 ... 0.00270191 0.00270181 0.00270172],,0.1216130035178415
LAS_1.1Torr_SmallAdmixture_1kHzLaserFreq_CapCoupling,0,75.0,1.1,6.0,2,1.2714145858750792,0.02172256190538837,0.016050613756910147,0.5399200624939342,-8.45586807646125e-05,[0.00090634 0.00105034 0.00088421 ...        nan        nan        nan],[0.00176191 0.00176174 0.00176157 ... 0.00091683 0.00091666 0.00091649],,0.08354129456840771
LAS_1.1Torr_SmallAdmixture_1kHzLaserFreq_CapCoupling,0,75.0,1.1,6.0,4,1.2598116924170313,0.021370958066020136,0.015936250480599927,0.5349927673137646,-6.738283199767148e-05,[0.00085373 0.00067108 0.00090381 ...        nan        nan        nan],[0.00147542 0.00147529 0.00147515 ... 0.000802   0.00080187 0.00080173],,0.08359879567067068
LAS_1.1Torr_SmallAdmixture_1kHzLaserFreq_CapCoupling,0,75.0,1.1,6.0,6,1.2759496655521552,0.021230909960364818,0.01563157921974249,0.5418459335118261,-8.446799979883788e-05,[0.00039953 0.00047911 0.00049671 ...        nan        nan        nan],[0.001911   0.00191083 0.00191066 ... 0.00106683 0.00106666 0.00106649],,0.08360423392142143
LAS_1.1Torr_SmallAdmixture_1kHzLaserFreq_CapCoupling,0,75.0,1.1,6.0,8,1.2722473895414455,0.021711652862501814,0.016032051823326413,0.5402737216485366,-4.148591770680796e-05,[0.00102523 0.0010655  0.00107112 ...        nan        nan        nan],[0.00154155 0.00154147 0.00154138 ... 0.00112694 0.00112686 0.00112677],,0.08359999895729063
LAS_1.1Torr_SmallAdmixture_1kHzLaserFreq_CapCoupling,0,75.0,1.1,6.0,10,1.3222185542262743,0.0017118265397499796,0.0012162540458748958,0.5614945214248406,-4.546723715583189e-05,[       nan        nan        nan ... 0.0017864  0.00177999 0.00156188],[0.00151284 0.00151275 0.00151266 ... 0.00105844 0.00105835 0.00105826],,0.08362221654372522
LAS_1.1Torr_SmallAdmixture_1kHzLaserFreq_CapCoupling,0,75.0,1.1,8.0,2,1.077559668114858,0.008816609467085195,0.007686489992341884,0.4575974586205358,-6.95954406899666e-05,"[-0.00060544 -0.00049741 -0.00064216 ...         nan         nan
         nan]","[-0.00037915 -0.00037929 -0.00037943 ... -0.00107469 -0.00107483
 -0.00107497]",,0.07829407232113006
LAS_1.1Torr_SmallAdmixture_1kHzLaserFreq_CapCoupling,0,75.0,1.1,8.0,4,1.0508711284488959,0.008985547771802568,0.008032724772663147,0.44626387934245915,-4.019384479781781e-05,"[-0.00068599 -0.00067975 -0.00074079 ...         nan         nan
         nan]","[-0.0007303  -0.00073038 -0.00073046 ... -0.001132   -0.00113208
 -0.00113216]",,0.07828335997576061
LAS_1.1Torr_SmallAdmixture_1kHzLaserFreq_CapCoupling,0,75.0,1.1,8.0,6,1.0641647448151828,0.008409353483375345,0.00742371910978652,0.4519091584347357,-8.152337230120373e-05,"[-0.00105786 -0.00108701 -0.00110657 ...         nan         nan
         nan]","[-0.00021791 -0.00021807 -0.00021823 ... -0.00103265 -0.00103281
 -0.00103298]",,0.07828747022316951
LAS_1.1Torr_SmallAdmixture_1kHzLaserFreq_CapCoupling,0,75.0,1.1,8.0,8,1.071694447194926,0.008955057201994621,0.007849918967538878,0.45510672862513396,-4.792297752625837e-05,"[-0.00074563 -0.00058056 -0.00076153 ...         nan         nan
         nan]","[-0.00041688 -0.00041698 -0.00041707 ... -0.00089582 -0.00089592
 -0.00089602]",,0.07831119504346372
LAS_1.1Torr_SmallAdmixture_1kHzLaserFreq_CapCoupling,0,75.0,1.1,8.0,10,0.403586317205923,0.0008798493960622406,0.002048045949685909,0.17138732875047302,-6.326007057514774e-05,"[        nan         nan         nan ... -0.00154056 -0.00142343
 -0.00143685]","[-0.00017511 -0.00017524 -0.00017536 ... -0.00080733 -0.00080746
 -0.00080758]",,0.07836687520292596
LAS_1.1Torr_SmallAdmixture_1kHzLaserFreq_CapCoupling,0,75.0,1.1,4.0,2,1.2593848761806,0.025701548428501954,0.01917205230164818,0.5348115151466055,1.8543648082208384e-05,[0.00493554 0.00502248 0.00510085 ...        nan        nan        nan],[0.00437525 0.00437529 0.00437533 ... 0.00456058 0.00456062 0.00456065],,0.09309947657675757
LAS_1.1Torr_SmallAdmixture_1kHzLaserFreq_CapCoupling,0,75.0,1.1,4.0,4,1.2512294501847685,0.025741584411556915,0.019327073867578294,0.5313482246021579,3.0260945443025184e-05,[0.00513873 0.00519133 0.00521537 ...        nan        nan        nan],[0.00416985 0.00416991 0.00416997 ... 0.00447228 0.00447234 0.0044724 ],,0.09306409004721483
LAS_1.1Torr_SmallAdmixture_1kHzLaserFreq_CapCoupling,0,75.0,1.1,4.0,6,1.2728599198521737,0.025892098065679593,0.019109724304518495,0.5405338393216559,3.530529484651422e-05,[0.00501309 0.00514316 0.00506424 ...        nan        nan        nan],[0.00406695 0.00406702 0.00406709 ... 0.00441979 0.00441986 0.00441993],,0.09302796421635107
LAS_1.1Torr_SmallAdmixture_1kHzLaserFreq_CapCoupling,0,75.0,1.1,4.0,8,1.257131008192219,0.025733810919657884,0.01923053456115077,0.5338543855378539,2.6874312805691167e-05,[0.00498416 0.00491763 0.00493144 ...        nan        nan        nan],[0.00423983 0.00423988 0.00423993 ... 0.00450841 0.00450846 0.00450852],,0.09302339603529391
LAS_1.1Torr_SmallAdmixture_1kHzLaserFreq_CapCoupling,0,75.0,1.1,4.0,10,1.3372631868630946,0.0013414363091545406,0.0009423689279723373,0.5678833886627286,2.3003400166201733e-05,[0.00474329 0.00473561 0.00464535 ... 0.00377492 0.00385168 0.00390783],[0.00422646 0.0042265  0.00422655 ... 0.00445635 0.0044564  0.00445645],1.0248461595872722,0.09305188828259621
LAS_1.1Torr_SmallAdmixture_1kHzLaserFreq_CapCoupling,0,75.0,1.1,2.0,2,1.2329663746166415,0.04113733301908121,0.031343875210240756,0.523592610491999,-6.6861391541163e-05,[0.00304854 0.00301947 0.00293278 ...        nan        nan        nan],[0.00345088 0.00345075 0.00345062 ... 0.00278267 0.00278254 0.0027824 ],,0.12003896389893208
LAS_1.1Torr_SmallAdmixture_1kHzLaserFreq_CapCoupling,0,75.0,1.1,2.0,4,1.2315387632886854,0.04103411344215475,0.03130147179696557,0.5229863597804134,-5.90784845865291e-05,[0.00293235 0.00293831 0.0027924  ...        nan        nan        nan],[0.00327683 0.00327671 0.00327659 ... 0.0026864  0.00268628 0.00268616],,0.12001915057664626
LAS_1.1Torr_SmallAdmixture_1kHzLaserFreq_CapCoupling,0,75.0,1.1,2.0,6,1.2527888329463592,0.04194343071506245,0.03145240552441353,0.532010433489364,-7.712605715706393e-05,[0.00301855 0.00290418 0.00301156 ...        nan        nan        nan],[0.0036365  0.00363634 0.00363619 ... 0.0028657  0.00286554 0.00286539],,0.1200343293871983
LAS_1.1Torr_SmallAdmixture_1kHzLaserFreq_CapCoupling,0,75.0,1.1,2.0,8,1.2320145877287776,0.0410020091247765,0.03126490242652716,0.5231884238154535,-3.98455786871438e-05,[0.00316449 0.00334561 0.00327287 ...        nan        nan        nan],[0.00334601 0.00334593 0.00334585 ... 0.00294779 0.00294771 0.00294763],,0.12002036988215997
LAS_1.1Torr_SmallAdmixture_1kHzLaserFreq_CapCoupling,0,75.0,1.1,2.0,10,8.267794822512649,0.013253726320962674,0.0015059692281782031,3.5110091915342028,-0.0001665810894585501,[0.00310524 0.0031468  0.00306743 ...        nan        nan        nan],[0.0041095  0.00410961 0.00410972 ... 0.00244602 0.00244524 0.00244447],,0.11998287933034259
LAS_1.1Torr_SmallAdmixture_1kHzLaserFreq_CapCoupling,0,75.0,1.1,10.0,2,1.2582743885790828,0.008692793654636146,0.00649010620364838,0.5343399344821466,-8.025082598499289e-05,"[-0.00300252 -0.00291012 -0.00284165 ...         nan         nan
         nan]","[-0.00243715 -0.00243731 -0.00243747 ... -0.00323918 -0.00323934
 -0.0032395 ]",,0.0742790837297613
LAS_1.1Torr_SmallAdmixture_1kHzLaserFreq_CapCoupling,0,75.0,1.1,10.0,4,1.3158733156500442,0.009080462318546175,0.0064827857730785044,0.5587999466994301,-8.330363415934836e-05,"[-0.00259471 -0.00280815 -0.00243813 ...         nan         nan
         nan]","[-0.00252372 -0.00252389 -0.00252405 ... -0.00335626 -0.00335642
 -0.00335659]",,0.07422385711960332
LAS_1.1Torr_SmallAdmixture_1kHzLaserFreq_CapCoupling,0,75.0,1.1,10.0,6,1.4022846985612667,0.009429259665135794,0.006316975468003038,0.5954954823491986,-0.0001197611866120942,"[-0.00255291 -0.00261613 -0.00265408 ...         nan         nan
         nan]","[-0.00200411 -0.00200435 -0.00200459 ... -0.003201   -0.00320124
 -0.00320148]",,0.07426135732829142
LAS_1.1Torr_SmallAdmixture_1kHzLaserFreq_CapCoupling,0,75.0,1.1,10.0,8,1.333228005115172,0.008624560098526506,0.006077155023638601,0.566169804749411,-7.676168341554942e-05,"[-0.00263544 -0.00268695 -0.00254665 ...         nan         nan
         nan]","[-0.00247871 -0.00247887 -0.00247902 ... -0.00324587 -0.00324602
 -0.00324618]",,0.07421077289725868
LAS_1.1Torr_SmallAdmixture_1kHzLaserFreq_CapCoupling,0,75.0,1.1,10.0,10,1.237516717546335,0.0014823972762576395,0.0011253336972452735,0.5255249632164867,-4.170486334809283e-05,"[-0.00397102 -0.00396002 -0.00403554 ...         nan         nan
         nan]","[-0.00286656 -0.00286665 -0.00286673 ... -0.00328336 -0.00328345
 -0.00328353]",,0.07423758278935715
LAS_1.1Torr_SmallAdmixture_1kHzLaserFreq_CapCoupling,0,75.0,1.1,0.0,1,1.188033597113876,0.04712057473474344,0.03726058303999953,0.5045114167517042,-1.977613918977526e-05,[0.00524915 0.0050874  0.00500765 ...        nan        nan        nan],[0.00556682 0.00556678 0.00556674 ... 0.00536918 0.00536914 0.0053691 ],,0.1498321078125
LAS_1.1Torr_SmallAdmixture_1kHzLaserFreq_CapCoupling,0,75.0,1.1,0.0,2,1.2482212623297233,0.04930118895047913,0.03710510001876656,0.5300707648398322,-2.572407914359131e-05,[0.0052065  0.00517384 0.00515962 ...        nan        nan        nan],[0.00563621 0.00563616 0.00563611 ... 0.00537912 0.00537907 0.00537902],,0.14984631979166665
LAS_1.1Torr_SmallAdmixture_1kHzLaserFreq_CapCoupling,0,75.0,1.1,0.0,3,1.1680867496857164,0.046492265473020614,0.03739154422247131,0.4960407705678267,-4.0958189310507405e-05,[0.00518892 0.00519748 0.00525097 ...        nan        nan        nan],[0.00592437 0.00592428 0.0059242  ... 0.00551503 0.00551495 0.00551487],,0.14990902604166664
LAS_1.1Torr_SmallAdmixture_1kHzLaserFreq_CapCoupling,0,75.0,1.1,0.0,4,1.1595790697715684,0.04624389010217847,0.03746465886335323,0.4924278915573475,-2.3256445787928292e-05,[0.0055983  0.00553166 0.00549874 ...        nan        nan        nan],[0.00587901 0.00587897 0.00587892 ... 0.00564659 0.00564654 0.00564649],,0.14987491354166665
LAS_1.1Torr_SmallAdmixture_1kHzLaserFreq_CapCoupling,0,75.0,1.1,0.0,5,0.6318207229507233,0.015237369287249664,0.022656035514162592,0.26830955693789305,-9.155445640421967e-06,[0.00516761 0.00501358 0.00497628 ...        nan        nan        nan],[0.00579947 0.00579945 0.00579943 ... 0.00570797 0.00570795 0.00570793],,0.1498265078183172
LAS_1.1Torr_SmallAdmixture_1kHzLaserFreq_CapCoupling,0,70.0,1.1,8.0,2,1.0015558782663447,0.006818577827410831,0.006395675306576512,0.42532162080910996,-7.089217995507918e-05,"[-1.97878194e-04 -4.19190993e-05 -3.96807931e-05 ...             nan
             nan             nan]","[ 0.00025086  0.00025072  0.00025057 ... -0.00045764 -0.00045778
 -0.00045792]",,0.07633943858898894
LAS_1.1Torr_SmallAdmixture_1kHzLaserFreq_CapCoupling,0,70.0,1.1,8.0,4,1.0969696093892283,0.007568156366687981,0.006481317404821637,0.4658401017538522,-6.383157551870239e-05,"[-0.00047786 -0.00033575 -0.00031044 ...         nan         nan
         nan]","[ 6.71885783e-05  6.70609152e-05  6.69332520e-05 ... -5.70744187e-04
 -5.70871851e-04 -5.70999514e-04]",,0.07635507747648035
LAS_1.1Torr_SmallAdmixture_1kHzLaserFreq_CapCoupling,0,70.0,1.1,8.0,6,1.0248430533299324,0.007396851760073822,0.006780431663024011,0.43521077353342424,-7.604146084486841e-05,"[-0.00045993 -0.0005034  -0.00051515 ...         nan         nan
         nan]","[ 0.00023838  0.00023823  0.00023807 ... -0.00052158 -0.00052173
 -0.00052188]",,0.07631747014975432
LAS_1.1Torr_SmallAdmixture_1kHzLaserFreq_CapCoupling,0,70.0,1.1,8.0,8,1.0121750769364588,0.007063567159465863,0.006555959004923622,0.4298311792751687,-5.305592777537955e-05,"[-4.18981189e-05  1.01229128e-05  6.58996550e-05 ...             nan
             nan             nan]","[ 1.33005688e-05  1.31944570e-05  1.30883451e-05 ... -5.16940373e-04
 -5.17046485e-04 -5.17152597e-04]",,0.07634519744344384
LAS_1.1Torr_SmallAdmixture_1kHzLaserFreq_CapCoupling,0,70.0,1.1,8.0,10,1.2813496087813263,0.0017176522874301065,0.0012593179719235785,0.5441390782642525,-7.067519243383086e-05,"[-0.00086974 -0.000846   -0.00089799 ... -0.00192109 -0.00200373
 -0.00192662]","[ 5.69984663e-05  5.68571159e-05  5.67157656e-05 ... -6.49329407e-04
 -6.49470757e-04 -6.49612108e-04]",1.6200834131196375,0.07634081336107923
LAS_1.1Torr_SmallAdmixture_1kHzLaserFreq_CapCoupling,0,70.0,1.1,6.0,2,1.2721320874793485,0.020340309454133357,0.015020802595555969,0.540224757371058,-6.607718115546683e-05,[0.0016733  0.00188252 0.00171354 ...        nan        nan        nan],[0.00190052 0.00190039 0.00190026 ... 0.00124015 0.00124001 0.00123988],,0.08192939826469306
LAS_1.1Torr_SmallAdmixture_1kHzLaserFreq_CapCoupling,0,70.0,1.1,6.0,4,1.2938522172265954,0.021034926515523283,0.015272991660321545,0.5494484472207686,-6.642566252198556e-05,[0.00117609 0.00113582 0.00114619 ...        nan        nan        nan],[0.00184322 0.00184308 0.00184295 ... 0.00117936 0.00117923 0.00117909],,0.08194617496140033
LAS_1.1Torr_SmallAdmixture_1kHzLaserFreq_CapCoupling,0,70.0,1.1,6.0,6,1.3196557395262227,0.020800062645407676,0.01480716043064334,0.5604061942274143,-8.319973260395275e-05,[0.00160974 0.00158389 0.00159626 ...        nan        nan        nan],[0.00212197 0.00212181 0.00212164 ... 0.00129048 0.00129031 0.00129014],,0.08187167473809884
LAS_1.1Torr_SmallAdmixture_1kHzLaserFreq_CapCoupling,0,70.0,1.1,6.0,8,1.321673410997856,0.021170041175291112,0.01504753421396272,0.561263020410753,-4.059200360922532e-05,[0.00147284 0.00143404 0.00140865 ...        nan        nan        nan],[0.00176899 0.00176891 0.00176883 ... 0.00136331 0.00136323 0.00136315],,0.08189640926364998
LAS_1.1Torr_SmallAdmixture_1kHzLaserFreq_CapCoupling,0,70.0,1.1,6.0,10,1.2774131147234407,0.001588377037447754,0.001168126884255442,0.5424674031542193,-4.0517941004242604e-05,[       nan        nan        nan ... 0.00191015 0.00190911 0.00190658],[0.00165719 0.00165711 0.00165703 ... 0.00125225 0.00125217 0.00125209],,0.08191607712331661
LAS_1.1Torr_SmallAdmixture_1kHzLaserFreq_CapCoupling,0,70.0,1.1,4.0,1,1.2531336429856226,0.026042882133238406,0.019523579514197083,0.5321568608310163,1.9693514164746663e-05,[0.00440308 0.00458995 0.00438144 ...        nan        nan        nan],[0.00362635 0.00362639 0.00362643 ... 0.00382317 0.00382321 0.00382325],,0.08908339166666666
LAS_1.1Torr_SmallAdmixture_1kHzLaserFreq_CapCoupling,0,70.0,1.1,4.0,2,1.2453729051653335,0.025832993358181955,0.019486915830929197,0.5288611789224708,2.9880817743286634e-05,[0.00427082 0.00441644 0.00420941 ...        nan        nan        nan],[0.00346517 0.00346523 0.00346529 ... 0.0037638  0.00376386 0.00376392],,0.08912423125
LAS_1.1Torr_SmallAdmixture_1kHzLaserFreq_CapCoupling,0,70.0,1.1,4.0,3,1.2514164769298313,0.026045783103012546,0.019552547094413435,0.5314276475480673,1.574913803865341e-05,[0.00446069 0.00434737 0.00460059 ...        nan        nan        nan],[0.00379143 0.00379146 0.0037915  ... 0.00394883 0.00394886 0.00394889],,0.08909772708333334
LAS_1.1Torr_SmallAdmixture_1kHzLaserFreq_CapCoupling,0,70.0,1.1,4.0,4,1.258720704292738,0.02575019069801915,0.01921847236868697,0.5345294673148557,3.139271102215295e-05,[0.00465408 0.00470887 0.00452045 ...        nan        nan        nan],[0.00373001 0.00373007 0.00373013 ... 0.00404375 0.00404381 0.00404387],,0.08917437031249999
LAS_1.1Torr_SmallAdmixture_1kHzLaserFreq_CapCoupling,0,70.0,1.1,4.0,5,1.3730014618878694,0.0011305740862082958,0.0007735632280066768,0.5830600367043436,1.8237001735262096e-05,[0.00481853 0.00483867 0.00487275 ... 0.00349962 0.00346985 0.00347935],[0.00374002 0.00374006 0.0037401  ... 0.00392228 0.00392232 0.00392236],1.268145861101764,0.08909865595626226
LAS_1.1Torr_SmallAdmixture_1kHzLaserFreq_CapCoupling,0,70.0,1.1,2.0,2,1.2557395966522933,0.04234953263177964,0.03168230881296109,0.5332635074608383,-8.713582154863748e-05,[0.00172741 0.00176993 0.00182623 ...        nan        nan        nan],[0.00273841 0.00273823 0.00273806 ... 0.00186757 0.0018674  0.00186722],,0.12072828010849758
LAS_1.1Torr_SmallAdmixture_1kHzLaserFreq_CapCoupling,0,70.0,1.1,2.0,4,1.2260632444391009,0.04138015936675561,0.03170641032098379,0.5206611210169934,-6.387037228759048e-05,[0.00193423 0.00195932 0.00209333 ...        nan        nan        nan],[0.00256994 0.00256981 0.00256968 ... 0.00193161 0.00193149 0.00193136],,0.12077520805119459
LAS_1.1Torr_SmallAdmixture_1kHzLaserFreq_CapCoupling,0,70.0,1.1,2.0,6,1.2323059435907115,0.041258894860403225,0.03145334493548927,0.5233121512580446,-8.994054545725171e-05,[0.00215309 0.00212005 0.00213353 ...        nan        nan        nan],[0.0029718  0.00297162 0.00297144 ... 0.00207293 0.00207275 0.00207257],,0.12074222342044104
LAS_1.1Torr_SmallAdmixture_1kHzLaserFreq_CapCoupling,0,70.0,1.1,2.0,8,1.2401932541664444,0.04152164566001711,0.0314523415402666,0.5266615836668507,-9.09005005190957e-05,[0.00225979 0.00200583 0.0020618  ...        nan        nan        nan],[0.00299849 0.00299831 0.00299813 ... 0.00209003 0.00208985 0.00208967],,0.12077429423517412
LAS_1.1Torr_SmallAdmixture_1kHzLaserFreq_CapCoupling,0,70.0,1.1,2.0,10,8.71666102411433,0.014333490430996514,0.0015447905118153925,3.7016251167505954,-0.0001650225791532012,[0.00205607 0.00195762 0.0019048  ...        nan        nan        nan],[0.00312374 0.00312387 0.00312399 ... 0.00147587 0.00147509 0.0014743 ],,0.12073080781629647
LAS_1.1Torr_SmallAdmixture_1kHzLaserFreq_CapCoupling,0,70.0,1.1,10.0,2,1.245777054921787,0.0076344387808641315,0.005757110683937235,0.5290328055218393,-9.067206810449122e-05,"[-0.00264129 -0.00274491 -0.00266363 ...         nan         nan
         nan]","[-0.00220867 -0.00220885 -0.00220903 ... -0.00311484 -0.00311502
 -0.00311521]",,0.07242423402718635
LAS_1.1Torr_SmallAdmixture_1kHzLaserFreq_CapCoupling,0,70.0,1.1,10.0,4,1.3259585706622095,0.007958563084845103,0.0056386157246620765,0.5630827601710782,-9.66813954790284e-05,"[-0.00283229 -0.00290232 -0.00293522 ...         nan         nan
         nan]","[-0.00229065 -0.00229084 -0.00229104 ... -0.00325688 -0.00325708
 -0.00325727]",,0.07241535577709868
LAS_1.1Torr_SmallAdmixture_1kHzLaserFreq_CapCoupling,0,70.0,1.1,10.0,6,1.2456004794187743,0.007544471808175513,0.005690073327529434,0.5289578208097865,-8.144276065792235e-05,"[-0.00280574 -0.00276976 -0.00268107 ...         nan         nan
         nan]","[-0.00240389 -0.00240405 -0.00240421 ... -0.00321783 -0.00321799
 -0.00321815]",,0.07242073919142328
LAS_1.1Torr_SmallAdmixture_1kHzLaserFreq_CapCoupling,0,70.0,1.1,10.0,8,1.2860639168612578,0.008143983911942123,0.005948974995489297,0.5461410605770324,-6.80952001958763e-05,"[-0.00277075 -0.00278921 -0.00293056 ...         nan         nan
         nan]","[-0.00247324 -0.00247338 -0.00247352 ... -0.00315379 -0.00315392
 -0.00315406]",,0.07245430934071438
LAS_1.1Torr_SmallAdmixture_1kHzLaserFreq_CapCoupling,0,70.0,1.1,10.0,10,1.1409734720427693,0.0015612104546247967,0.0012854455751230534,0.4845268216781183,-4.959159848265296e-05,"[        nan         nan         nan ... -0.00352864 -0.00354422
 -0.0034425 ]","[-0.00273097 -0.00273107 -0.00273117 ... -0.00322659 -0.00322669
 -0.00322678]",,0.07246422786951039
LAS_1.1Torr_SmallAdmixture_1kHzLaserFreq_CapCoupling,0,70.0,1.1,0.0,2,1.1447009061976872,0.046938534187071466,0.038521685956661354,0.48610971722157326,-4.14782964960294e-05,[0.00465411 0.00458618 0.00439634 ...        nan        nan        nan],[0.00550371 0.00550363 0.00550355 ... 0.00508918 0.0050891  0.00508901],,0.14611239161970888
LAS_1.1Torr_SmallAdmixture_1kHzLaserFreq_CapCoupling,0,70.0,1.1,0.0,4,1.1739145674425442,0.04793624379359965,0.038361475076206,0.49851561690231644,-2.0859594058854532e-05,[0.00515415 0.00505088 0.00515046 ...        nan        nan        nan],[0.00528743 0.00528738 0.00528734 ... 0.00507896 0.00507891 0.00507887],,0.14603985072029918
LAS_1.1Torr_SmallAdmixture_1kHzLaserFreq_CapCoupling,0,70.0,1.1,0.0,6,1.2387059847674153,0.05089199803560119,0.0385966005897115,0.5260299985051023,-2.416296382407475e-05,[0.00509883 0.00512567 0.00504708 ...        nan        nan        nan],[0.00539109 0.00539105 0.005391   ... 0.00514961 0.00514956 0.00514951],,0.14607662717179848
LAS_1.1Torr_SmallAdmixture_1kHzLaserFreq_CapCoupling,0,70.0,1.1,0.0,8,1.179810480201966,0.04865906864057507,0.03874532714774338,0.501019380521903,-1.196888316623458e-05,[0.00503011 0.00491071 0.00496889 ...        nan        nan        nan],[0.00539467 0.00539465 0.00539462 ... 0.00527505 0.00527503 0.00527501],,0.14604385942845644
LAS_1.1Torr_SmallAdmixture_1kHzLaserFreq_CapCoupling,0,70.0,1.1,0.0,10,0.7205408149647449,0.01697867554660201,0.02213670679044676,0.30598551107342675,-2.128139453182681e-05,[0.00456409 0.00462289 0.00467439 ...        nan        nan        nan],[0.00547872 0.00547868 0.00547864 ... 0.00526604 0.00526599 0.00526595],,0.14602421354046907
LAS_1.1Torr_SmallAdmixture_1kHzLaserFreq_CapCoupling,0,65.0,1.1,8.0,2,1.0740302530117918,0.00880071959069616,0.007697850260454012,0.45609865402588584,-7.697539638714828e-05,[0.00019409 0.00018155 0.00036139 ...        nan        nan        nan],"[8.55560118e-04 8.55406167e-04 8.55252217e-04 ... 8.62680068e-05
 8.61140560e-05 8.59601052e-05]",,0.07449298185642364
LAS_1.1Torr_SmallAdmixture_1kHzLaserFreq_CapCoupling,0,65.0,1.1,8.0,4,1.0570667321030915,0.008850533526256378,0.00786565396340128,0.4488949099671854,-5.543203675366987e-05,"[-1.63281706e-04 -2.20145479e-04 -5.03126074e-05 ...             nan
             nan             nan]","[ 4.73398810e-04  4.73287946e-04  4.73177082e-04 ... -8.05889653e-05
 -8.06998294e-05 -8.08106935e-05]",,0.07454992706191169
LAS_1.1Torr_SmallAdmixture_1kHzLaserFreq_CapCoupling,0,65.0,1.1,8.0,6,1.072946300435984,0.008045283706777984,0.00704419170725599,0.4556383417493299,-5.726277227780598e-05,"[ 2.00160031e-04 -1.76496253e-07  6.67500171e-05 ...             nan
             nan             nan]","[6.26120329e-04 6.26005803e-04 6.25891278e-04 ... 5.38361825e-05
 5.37216570e-05 5.36071315e-05]",,0.0744940646369397
LAS_1.1Torr_SmallAdmixture_1kHzLaserFreq_CapCoupling,0,65.0,1.1,8.0,8,1.0738537821203595,0.008544315482676663,0.00747480580600814,0.45602371373828093,-5.254449497501582e-05,"[-1.50960740e-05 -3.07658878e-05 -1.08822507e-05 ...             nan
             nan             nan]","[ 5.19384419e-04  5.19279330e-04  5.19174241e-04 ... -5.74526405e-06
 -5.85035304e-06 -5.95544203e-06]",,0.07448155021651535
LAS_1.1Torr_SmallAdmixture_1kHzLaserFreq_CapCoupling,0,65.0,1.1,8.0,10,1.3560904228859647,0.001614773597991536,0.0011186411237864614,0.5758785796594244,-8.06157056812156e-05,"[-0.00025942 -0.00046185 -0.00020103 ... -0.00161059 -0.00172722
 -0.00166396]","[ 0.0006297   0.00062954  0.00062937 ... -0.00017598 -0.00017614
 -0.0001763 ]",1.705674208755733,0.07447908965652282
LAS_1.1Torr_SmallAdmixture_1kHzLaserFreq_CapCoupling,0,65.0,1.1,6.0,2,1.2961268899181362,0.01999955154274227,0.014495744531396834,0.5504144117734913,-7.742438950496681e-05,[0.00138571 0.00133179 0.00131736 ...        nan        nan        nan],[0.00191281 0.00191266 0.0019125  ... 0.00113903 0.00113888 0.00113872],,0.07990876635052857
LAS_1.1Torr_SmallAdmixture_1kHzLaserFreq_CapCoupling,0,65.0,1.1,6.0,4,1.3056731830256258,0.0198608179546591,0.014289941016356106,0.5544683491975564,-7.154589534535936e-05,[0.00113231 0.00110107 0.00107865 ...        nan        nan        nan],[0.00172831 0.00172817 0.00172803 ... 0.00101328 0.00101314 0.001013  ],,0.07996398545179313
LAS_1.1Torr_SmallAdmixture_1kHzLaserFreq_CapCoupling,0,65.0,1.1,6.0,6,1.3378307091540829,0.020509477302830256,0.014401947431081153,0.5681243931896715,-7.796536084935299e-05,[0.00026486 0.00047135 0.00037796 ...        nan        nan        nan],[0.00197923 0.00197907 0.00197892 ... 0.00120004 0.00119989 0.00119973],,0.07998899821539028
LAS_1.1Torr_SmallAdmixture_1kHzLaserFreq_CapCoupling,0,65.0,1.1,6.0,8,1.2821453203042512,0.019905893126306917,0.014585193871960089,0.5444769858358327,-5.838327040636945e-05,[0.00094694 0.00093216 0.00093647 ...        nan        nan        nan],[0.00187577 0.00187565 0.00187553 ... 0.00129228 0.00129217 0.00129205],,0.07996511025293813
LAS_1.1Torr_SmallAdmixture_1kHzLaserFreq_CapCoupling,0,65.0,1.1,6.0,10,1.380400451282286,0.001695644070080357,0.0011539776369674192,0.5862020982007325,-3.5402150130563245e-05,[       nan        nan        nan ... 0.00186406 0.00179157 0.00197993],[0.00149299 0.00149291 0.00149284 ... 0.00113918 0.00113911 0.00113903],,0.07998416470711937
LAS_1.1Torr_SmallAdmixture_1kHzLaserFreq_CapCoupling,0,65.0,1.1,4.0,3,1.2302593858274655,0.026912216015100028,0.02055041340733035,0.5224430581961078,1.1447536960603992e-05,[0.00392775 0.00398166 0.00386471 ...        nan        nan        nan],[0.00329386 0.00329388 0.00329391 ... 0.00340827 0.00340829 0.00340831],,0.08785134056881225
LAS_1.1Torr_SmallAdmixture_1kHzLaserFreq_CapCoupling,0,65.0,1.1,4.0,6,1.2538182780176654,0.027752830967191604,0.02079411702408007,0.5324475985599938,1.956665891178361e-05,[0.00347619 0.00350089 0.00340368 ...        nan        nan        nan],[0.00293027 0.00293031 0.00293035 ... 0.00312582 0.00312586 0.00312589],,0.08787052900040106
LAS_1.1Torr_SmallAdmixture_1kHzLaserFreq_CapCoupling,0,65.0,1.1,4.0,9,1.2499594672858518,0.027328527074826452,0.02053941569944802,0.5308089125211365,1.0970405304570118e-05,[0.00355374 0.0036938  0.00374028 ...        nan        nan        nan],[0.00321283 0.00321285 0.00321287 ... 0.00332246 0.00332249 0.00332251],,0.08788895398870397
LAS_1.1Torr_SmallAdmixture_1kHzLaserFreq_CapCoupling,0,65.0,1.1,4.0,12,1.2363923901720262,0.027143713730009542,0.02062437197366978,0.5250475053416561,3.6053640400905274e-05,[0.00388124 0.00404226 0.00397309 ...        nan        nan        nan],[0.00297837 0.00297844 0.00297851 ... 0.00333869 0.00333876 0.00333883],,0.0878993894542477
LAS_1.1Torr_SmallAdmixture_1kHzLaserFreq_CapCoupling,0,65.0,1.1,4.0,15,1.4815614459716322,0.0014315938867881877,0.0009077535520812297,0.6291612172649736,8.324783330339831e-06,[0.00354907 0.00370481 0.00363003 ... 0.00279992 0.00280243 0.00273707],[0.00320287 0.00320288 0.0032029  ... 0.00328607 0.00328608 0.0032861 ],0.9420119715445806,0.08785097178421256
LAS_1.1Torr_SmallAdmixture_1kHzLaserFreq_CapCoupling,0,65.0,1.1,2.0,3,1.2317140241356772,0.041357605926898224,0.031543747983840506,0.523060786209457,-5.357331462609612e-05,[0.00223922 0.00236128 0.00222021 ...        nan        nan        nan],[0.00273406 0.00273395 0.00273384 ... 0.00219865 0.00219854 0.00219843],,0.11258374478617016
LAS_1.1Torr_SmallAdmixture_1kHzLaserFreq_CapCoupling,0,65.0,1.1,2.0,6,1.2404723270533935,0.042085968064042203,0.03187263951582086,0.5267800950102283,-7.024366539325961e-05,[0.00207456 0.00210433 0.00215828 ...        nan        nan        nan],[0.00279687 0.00279673 0.00279659 ... 0.00209485 0.00209471 0.00209457],,0.11229605078563411
LAS_1.1Torr_SmallAdmixture_1kHzLaserFreq_CapCoupling,0,65.0,1.1,2.0,9,1.258614529431058,0.042525129625110354,0.03174100657285626,0.5344843790025221,-0.00010570126338345969,[0.00215596 0.00235156 0.00229483 ...        nan        nan        nan],[0.00338162 0.0033814  0.00338119 ... 0.00232524 0.00232503 0.00232481],,0.11260870050002512
LAS_1.1Torr_SmallAdmixture_1kHzLaserFreq_CapCoupling,0,65.0,1.1,2.0,12,1.2508741859241297,0.04199803399257657,0.031541556464028474,0.531197357761446,-6.006453161416403e-05,[0.00252692 0.00249148 0.00255243 ...        nan        nan        nan],[0.00310764 0.00310752 0.0031074  ... 0.00250735 0.00250723 0.00250711],,0.11251524260013065
LAS_1.1Torr_SmallAdmixture_1kHzLaserFreq_CapCoupling,0,65.0,1.1,2.0,15,4.746567648116164,0.004201234663762151,0.0008315053639380405,2.0156816900434444,-0.00014112201693603532,[0.00300084 0.00292092 0.00308568 ...        nan        nan        nan],[0.00364364 0.00364345 0.00364326 ... 0.00223355 0.00223317 0.00223279],,0.11245722731314174
LAS_1.1Torr_SmallAdmixture_1kHzLaserFreq_CapCoupling,0,65.0,1.1,10.0,3,1.2479921258291313,0.007364456792205316,0.005543660977327163,0.529973459527235,-8.504762029482875e-05,"[-0.0018064  -0.001789   -0.00181369 ...         nan         nan
         nan]","[-0.00131394 -0.00131411 -0.00131428 ... -0.0021639  -0.00216407
 -0.00216424]",,0.0706554178375485
LAS_1.1Torr_SmallAdmixture_1kHzLaserFreq_CapCoupling,0,65.0,1.1,10.0,6,1.3276260091342056,0.007590523921918471,0.005371106838861924,0.5637908560935307,-6.32247164410731e-05,"[-0.00152916 -0.0014871  -0.0014712  ...         nan         nan
         nan]","[-0.0015999  -0.00160002 -0.00160015 ... -0.00223176 -0.00223189
 -0.00223202]",,0.07058364643968286
LAS_1.1Torr_SmallAdmixture_1kHzLaserFreq_CapCoupling,0,65.0,1.1,10.0,9,1.2417677723332836,0.006647423281375726,0.005028989620246191,0.5273302199688737,-6.923341259836814e-05,"[-0.00160495 -0.00163395 -0.00142313 ...         nan         nan
         nan]","[-0.00143509 -0.00143523 -0.00143537 ... -0.00212701 -0.00212715
 -0.00212729]",,0.07062722833450422
LAS_1.1Torr_SmallAdmixture_1kHzLaserFreq_CapCoupling,0,65.0,1.1,10.0,12,1.2231676505747209,0.006772929106562356,0.0052018560871071,0.5194314755200943,-4.12334873541048e-05,"[-0.00155612 -0.00159587 -0.00163037 ...         nan         nan
         nan]","[-0.00166979 -0.00166987 -0.00166995 ... -0.00208187 -0.00208196
 -0.00208204]",,0.07066204900140506
LAS_1.1Torr_SmallAdmixture_1kHzLaserFreq_CapCoupling,0,65.0,1.1,10.0,15,1.3294445689851402,0.0018320322071146012,0.0012945852661278535,0.5645631273567944,-7.014565277664974e-05,"[-0.00283303 -0.00311231 -0.00311898 ... -0.0036407  -0.00380086
 -0.00372501]","[-0.00160404 -0.00160418 -0.00160432 ... -0.00230508 -0.00230522
 -0.00230536]",1.7261951249651144,0.07069802285569746
LAS_1.1Torr_SmallAdmixture_1kHzLaserFreq_CapCoupling,0,65.0,1.1,0.0,2,1.1452716654144215,0.048710885383471174,0.03995630293633435,0.48635209634431714,-1.861019801693651e-05,[0.0043301  0.00446543 0.00443383 ...        nan        nan        nan],[0.00468698 0.00468695 0.00468691 ... 0.00450099 0.00450096 0.00450092],,0.14269766847625748
LAS_1.1Torr_SmallAdmixture_1kHzLaserFreq_CapCoupling,0,65.0,1.1,0.0,4,1.1841383610502259,0.05006838776742276,0.039721802367241696,0.502857262298641,-6.5935482026761015e-06,[0.00421545 0.00430022 0.00433607 ...        nan        nan        nan],[0.00454217 0.00454215 0.00454214 ... 0.00447627 0.00447626 0.00447625],,0.14274106933413758
LAS_1.1Torr_SmallAdmixture_1kHzLaserFreq_CapCoupling,0,65.0,1.1,0.0,6,1.1826815343618213,0.04959646342852204,0.03939586886469748,0.5022386049657894,-9.315336545377939e-06,[0.0046903  0.00477775 0.00483709 ...        nan        nan        nan],[0.00476954 0.00476952 0.0047695  ... 0.00467644 0.00467643 0.00467641],,0.1426811947069468
LAS_1.1Torr_SmallAdmixture_1kHzLaserFreq_CapCoupling,0,65.0,1.1,0.0,8,1.1898219652092092,0.05017518409542494,0.03961637941065572,0.5052708667568572,-4.204514381871217e-06,[0.00453778 0.00458527 0.00476726 ...        nan        nan        nan],[0.00477823 0.00477822 0.00477821 ... 0.00473621 0.0047362  0.00473619],,0.14276820063000567
LAS_1.1Torr_SmallAdmixture_1kHzLaserFreq_CapCoupling,0,65.0,1.1,0.0,10,0.6722234932997055,0.016958894451759784,0.023700179794836112,0.2854670337626035,-1.5453876814924973e-05,[0.00450782 0.0044986  0.00455146 ...        nan        nan        nan],[0.00490022 0.00490019 0.00490016 ... 0.00474577 0.00474574 0.00474571],,0.1426891130576297
LAS_1.1Torr_SmallAdmixture_1kHzLaserFreq_CapCoupling,0,60.0,1.1,8.0,2,1.0335663320341992,0.007863297968466833,0.007147170932476302,0.43891520892018526,-6.673185775482827e-05,[0.00041604 0.00023382 0.00033499 ...        nan        nan        nan],[0.00090767 0.00090754 0.00090741 ... 0.00024076 0.00024062 0.00024049],,0.07262343166323265
LAS_1.1Torr_SmallAdmixture_1kHzLaserFreq_CapCoupling,0,60.0,1.1,8.0,4,1.0681853036864528,0.00786997161184267,0.006921406509673509,0.45361653258409124,-3.960463391180361e-05,"[5.14494163e-05 1.36796553e-04 5.27640144e-05 ...            nan
            nan            nan]","[4.46876724e-04 4.46797514e-04 4.46718305e-04 ... 5.10680122e-05
 5.09888029e-05 5.09095937e-05]",,0.07257771799671675
LAS_1.1Torr_SmallAdmixture_1kHzLaserFreq_CapCoupling,0,60.0,1.1,8.0,6,0.9700638529670459,0.006807759771032955,0.006592827156458764,0.41194818899815183,-7.732985976332206e-05,"[-1.28628267e-05  9.46273003e-07  4.64019000e-05 ...             nan
             nan             nan]",[0.00097839 0.00097823 0.00097808 ... 0.00020555 0.0002054  0.00020524],,0.07255263821883846
LAS_1.1Torr_SmallAdmixture_1kHzLaserFreq_CapCoupling,0,60.0,1.1,8.0,8,1.0640514107478132,0.00733038594242104,0.006471903285882048,0.4518610298876696,-3.25056627515828e-05,[0.00022651 0.00028664 0.00021402 ...        nan        nan        nan],[0.00070312 0.00070306 0.00070299 ... 0.00037826 0.0003782  0.00037813],,0.07259091066133977
LAS_1.1Torr_SmallAdmixture_1kHzLaserFreq_CapCoupling,0,60.0,1.1,8.0,10,1.2531052969996301,0.0012937044789167087,0.0009698739746971338,0.5321448233990893,-5.177922373332998e-05,"[ 0.00028358  0.00052672  0.00046125 ... -0.00060613 -0.00065681
 -0.00069132]",[0.00081202 0.00081192 0.00081181 ... 0.00029454 0.00029443 0.00029433],1.1623742729563444,0.07259809690567771
LAS_1.1Torr_SmallAdmixture_1kHzLaserFreq_CapCoupling,0,60.0,1.1,6.0,2,1.2989694429137393,0.01993653734575739,0.014418450328423961,0.5516215328873111,-8.495876890564293e-05,[0.00138957 0.00133271 0.00143841 ...        nan        nan        nan],[0.00222134 0.00222117 0.002221   ... 0.00137227 0.0013721  0.00137193],,0.07778937153959041
LAS_1.1Torr_SmallAdmixture_1kHzLaserFreq_CapCoupling,0,60.0,1.1,6.0,4,1.2996328161908917,0.019628129504694024,0.014188158638451687,0.5519032415803181,-6.412769257870061e-05,[0.00121924 0.00150094 0.00117402 ...        nan        nan        nan],[0.00189933 0.0018992  0.00189907 ... 0.00125844 0.00125831 0.00125818],,0.07777607215523424
LAS_1.1Torr_SmallAdmixture_1kHzLaserFreq_CapCoupling,0,60.0,1.1,6.0,6,1.2986002642797472,0.019521632387578352,0.014122397561757224,0.5514647571562861,-7.4878322042894e-05,[0.00129085 0.00132108 0.00122679 ...        nan        nan        nan],[0.00208292 0.00208277 0.00208262 ... 0.00133459 0.00133444 0.00133429],,0.07779895056786912
LAS_1.1Torr_SmallAdmixture_1kHzLaserFreq_CapCoupling,0,60.0,1.1,6.0,8,1.2855559815947815,0.019391179755063676,0.014170364729876764,0.5459253603295556,-7.863717949777053e-05,[0.00088935 0.00083975 0.00097571 ...        nan        nan        nan],[0.00226611 0.00226596 0.0022658  ... 0.00148021 0.00148006 0.0014799 ],,0.07784689631593869
LAS_1.1Torr_SmallAdmixture_1kHzLaserFreq_CapCoupling,0,60.0,1.1,6.0,10,1.3815163969433948,0.0017891884117491247,0.0012166560573102037,0.5866759966896908,-4.520671843105642e-05,[       nan        nan        nan ... 0.00194858 0.00182665 0.00198815],[0.00168557 0.00168548 0.00168539 ... 0.00123377 0.00123368 0.00123359],,0.07783660971617803
LAS_1.1Torr_SmallAdmixture_1kHzLaserFreq_CapCoupling,0,60.0,1.1,2.0,2,1.2428926514946224,0.03646502037711588,0.027561993764795623,0.527807912166081,-4.9118960917774583e-05,[0.0031072  0.00326061 0.00334968 ...        nan        nan        nan],[0.00364641 0.00364631 0.00364621 ... 0.00315551 0.00315541 0.00315532],,0.10487678598285456
LAS_1.1Torr_SmallAdmixture_1kHzLaserFreq_CapCoupling,0,60.0,1.1,2.0,4,1.2323390844419368,0.035986024677724916,0.02743288233024734,0.5233262248817575,-3.252777029316243e-05,[0.00345521 0.00351784 0.00331234 ...        nan        nan        nan],[0.00362396 0.00362389 0.00362383 ... 0.00329887 0.00329881 0.00329874],,0.10487933074731372
LAS_1.1Torr_SmallAdmixture_1kHzLaserFreq_CapCoupling,0,60.0,1.1,2.0,6,1.2472495355794522,0.03633061979897211,0.027364482907232857,0.529658110483368,-6.54606975720761e-05,[0.00347429 0.00354121 0.00359721 ...        nan        nan        nan],[0.00403431 0.00403418 0.00403405 ... 0.00338009 0.00337996 0.00337983],,0.10477924938587256
LAS_1.1Torr_SmallAdmixture_1kHzLaserFreq_CapCoupling,0,60.0,1.1,2.0,8,1.2238710351515862,0.035716663614038385,0.027415932157955843,0.5197301754476533,-1.7166897781849955e-05,[0.0039055  0.00395505 0.00393563 ...        nan        nan        nan],[0.00372104 0.003721   0.00372097 ... 0.00354947 0.00354944 0.0035494 ],,0.10480134476624745
LAS_1.1Torr_SmallAdmixture_1kHzLaserFreq_CapCoupling,0,60.0,1.1,2.0,10,5.0680214637489005,0.005041813697051993,0.000934579258029722,2.152190556744769,-9.31775169946274e-05,[0.00378352 0.0039     0.00393953 ...        nan        nan        nan],[0.00412175 0.0041217  0.00412165 ... 0.00319095 0.00319062 0.0031903 ],,0.104788722592741
LAS_1.1Torr_SmallAdmixture_1kHzLaserFreq_CapCoupling,0,60.0,1.1,4.0,2,1.2208083038152542,0.02620897626559449,0.020168350152523093,0.5184295532014673,1.4677289294412516e-05,[0.00352826 0.00348276 0.00336158 ...        nan        nan        nan],[0.00279376 0.00279379 0.00279382 ... 0.00294045 0.00294047 0.0029405 ],,0.08587925226871691
LAS_1.1Torr_SmallAdmixture_1kHzLaserFreq_CapCoupling,0,60.0,1.1,4.0,4,1.258115316768565,0.02694596307976754,0.020120605710942714,0.5342723829039046,3.502698706836721e-05,[0.00382593 0.00377722 0.00375048 ...        nan        nan        nan],[0.00266417 0.00266424 0.00266431 ... 0.00301423 0.0030143  0.00301437],,0.08588917265355853
LAS_1.1Torr_SmallAdmixture_1kHzLaserFreq_CapCoupling,0,60.0,1.1,4.0,6,1.2461946165662883,0.02684985891867757,0.020240625389261024,0.5292101276256588,8.076656974325605e-06,[0.00341687 0.00345101 0.00344293 ...        nan        nan        nan],[0.00311567 0.00311569 0.00311571 ... 0.00319639 0.00319641 0.00319642],,0.08586050121838501
LAS_1.1Torr_SmallAdmixture_1kHzLaserFreq_CapCoupling,0,60.0,1.1,4.0,8,1.2398942773571306,0.026348707682447865,0.019963765213283382,0.5265346199058853,4.6339730768661456e-05,[0.00415005 0.00417404 0.00418749 ...        nan        nan        nan],[0.00290675 0.00290684 0.00290693 ... 0.00336987 0.00336996 0.00337005],,0.0858206096126376
LAS_1.1Torr_SmallAdmixture_1kHzLaserFreq_CapCoupling,0,60.0,1.1,4.0,10,1.457843684841184,0.0013315836260315564,0.000858075053592852,0.6190892114739169,-3.423473499522145e-07,[0.00364422 0.0035382  0.00374789 ... 0.00260985 0.00262625 0.00280555],[0.00334128 0.00334128 0.00334128 ... 0.00333786 0.00333786 0.00333786],0.9751913919369526,0.08588408010003469
LAS_1.1Torr_SmallAdmixture_1kHzLaserFreq_CapCoupling,0,60.0,1.1,10.0,2,1.2227009151332773,0.007157055541491787,0.005498977467166135,0.5192332712274017,-4.879883526883295e-05,"[-0.00105834 -0.00101355 -0.00096816 ...         nan         nan
         nan]","[-0.0009979  -0.00099799 -0.00099809 ... -0.00148559 -0.00148569
 -0.00148579]",,0.06872727714149666
LAS_1.1Torr_SmallAdmixture_1kHzLaserFreq_CapCoupling,0,60.0,1.1,10.0,4,1.3113607360928574,0.007629945913018062,0.005465967851460561,0.5568836306027037,-5.141334826271252e-05,"[-0.00106667 -0.00100478 -0.00097487 ...         nan         nan
         nan]","[-0.0010875  -0.0010876  -0.0010877  ... -0.00160132 -0.00160142
 -0.00160153]",,0.06876376445207424
LAS_1.1Torr_SmallAdmixture_1kHzLaserFreq_CapCoupling,0,60.0,1.1,10.0,6,1.3059347335978422,0.007522360899783842,0.005411285932812768,0.5545794194989869,-7.850240172944726e-05,"[-0.00091589 -0.00091181 -0.00105366 ...         nan         nan
         nan]","[-0.00080521 -0.00080537 -0.00080552 ... -0.00158976 -0.00158992
 -0.00159008]",,0.0687442901776018
LAS_1.1Torr_SmallAdmixture_1kHzLaserFreq_CapCoupling,0,60.0,1.1,10.0,8,1.316439291194565,0.007589077374783029,0.00541571665666241,0.5590402943836259,-4.673026397118772e-05,"[-0.0009325  -0.00121107 -0.00112182 ...         nan         nan
         nan]","[-0.00113999 -0.00114009 -0.00114018 ... -0.00160702 -0.00160711
 -0.0016072 ]",,0.0687061514251583
LAS_1.1Torr_SmallAdmixture_1kHzLaserFreq_CapCoupling,0,60.0,1.1,10.0,10,1.3307989863495873,0.001850361733424794,0.0013062068796931927,0.5651382954539512,-5.768841972462308e-05,"[-0.00204533 -0.00197427 -0.00222085 ... -0.00323411 -0.00323347
 -0.00307566]","[-0.00116401 -0.00116413 -0.00116424 ... -0.00174055 -0.00174067
 -0.00174078]",1.4474729690985744,0.06872084945081185
LAS_1.1Torr_SmallAdmixture_1kHzLaserFreq_CapCoupling,0,55.0,1.1,8.0,2,1.0554894199825828,0.007768904951537124,0.006914705906070302,0.44822508718228216,-5.059971460821097e-05,[0.00035854 0.00026884 0.00030477 ...        nan        nan        nan],[0.00085894 0.00085884 0.00085874 ... 0.00035325 0.00035315 0.00035305],,0.07050205038905623
LAS_1.1Torr_SmallAdmixture_1kHzLaserFreq_CapCoupling,0,55.0,1.1,8.0,4,1.1206387525750197,0.008366312712792971,0.007013523340680989,0.4758914614047678,-4.817124045451483e-05,[0.00034224 0.00029013 0.00031576 ...        nan        nan        nan],[0.00079236 0.00079227 0.00079217 ... 0.00031094 0.00031084 0.00031075],,0.07047322832998662
LAS_1.1Torr_SmallAdmixture_1kHzLaserFreq_CapCoupling,0,55.0,1.1,8.0,6,1.079019629606909,0.00819242496006251,0.00713265004570492,0.45821744718192575,-4.906756297584613e-05,[0.000264   0.00035626 0.00033468 ...        nan        nan        nan],[0.00088435 0.00088425 0.00088415 ... 0.00039397 0.00039387 0.00039377],,0.07041762361947791
LAS_1.1Torr_SmallAdmixture_1kHzLaserFreq_CapCoupling,0,55.0,1.1,8.0,8,1.0346804393107918,0.008084763764863839,0.0073405548047785684,0.4393883267191201,-4.131499376143006e-05,[0.0006454  0.00041023 0.00065425 ...        nan        nan        nan],[0.00089313 0.00089305 0.00089297 ... 0.00048023 0.00048015 0.00048007],,0.07035571923109102
LAS_1.1Torr_SmallAdmixture_1kHzLaserFreq_CapCoupling,0,55.0,1.1,8.0,10,1.2962506009794623,0.0016615912144285086,0.0012042121543584911,0.5504669470241518,-2.6192505494235657e-06,[       nan        nan        nan ... 0.00082232 0.00103452 0.00095942],[0.00044196 0.00044195 0.00044195 ... 0.00041578 0.00041578 0.00041577],,0.07044712516474701
LAS_1.1Torr_SmallAdmixture_1kHzLaserFreq_CapCoupling,0,60.0,1.1,0.0,2,1.1400329427000806,0.04991046470023178,0.041128417767973185,0.4841274156408403,-3.597155609340527e-05,[0.00360421 0.00341569 0.00344493 ...        nan        nan        nan],[0.00408245 0.00408238 0.00408231 ... 0.00372295 0.00372288 0.00372281],,0.13918994570207507
LAS_1.1Torr_SmallAdmixture_1kHzLaserFreq_CapCoupling,0,60.0,1.1,0.0,4,1.1803137158602595,0.05186804295548962,0.04128290002126069,0.5012330850295384,-3.4588333317145194e-05,[0.00342126 0.0033108  0.00326397 ...        nan        nan        nan],[0.00396118 0.00396111 0.00396104 ... 0.0036155  0.00361543 0.00361536],,0.13918007911577226
LAS_1.1Torr_SmallAdmixture_1kHzLaserFreq_CapCoupling,0,60.0,1.1,0.0,6,1.1089140644211728,0.048714316191772314,0.04126924358273038,0.4709124447794474,-3.7670953252514396e-05,[0.00370185 0.00355496 0.00364006 ...        nan        nan        nan],[0.00409618 0.0040961  0.00409603 ... 0.00371969 0.00371962 0.00371954],,0.13915756824856493
LAS_1.1Torr_SmallAdmixture_1kHzLaserFreq_CapCoupling,0,60.0,1.1,0.0,8,1.091981919227482,0.047879261209670204,0.04119075789165351,0.46372202476012564,1.7674332409594726e-06,[0.00330831 0.00332828 0.00311739 ...        nan        nan        nan],[0.00375244 0.00375245 0.00375245 ... 0.00377011 0.00377011 0.00377011],,0.13916892354158322
LAS_1.1Torr_SmallAdmixture_1kHzLaserFreq_CapCoupling,0,60.0,1.1,0.0,10,0.6985075502011582,0.016691394616036987,0.02244860249724728,0.2966288450258108,-1.270873906927341e-05,[0.00351609 0.00357093 0.00350582 ...        nan        nan        nan],[0.00405234 0.00405231 0.00405229 ... 0.00392533 0.0039253  0.00392528],,0.13920775552407122
LAS_1.1Torr_SmallAdmixture_1kHzLaserFreq_CapCoupling,0,55.0,1.1,6.0,2,1.324715272789921,0.019460299904354106,0.01380049853756363,0.562554780177485,-8.410901149592187e-05,[0.00177641 0.00179644 0.00183464 ...        nan        nan        nan],[0.00289624 0.00289607 0.0028959  ... 0.00205565 0.00205548 0.00205531],,0.07548291624801139
LAS_1.1Torr_SmallAdmixture_1kHzLaserFreq_CapCoupling,0,55.0,1.1,6.0,4,1.2793955241218913,0.018015449836374514,0.01322842299331143,0.5433092549138192,-5.8003415924946435e-05,[0.00141334 0.00158546 0.00160669 ...        nan        nan        nan],[0.00262404 0.00262393 0.00262381 ... 0.00204436 0.00204424 0.00204412],,0.07546811835384744
LAS_1.1Torr_SmallAdmixture_1kHzLaserFreq_CapCoupling,0,55.0,1.1,6.0,6,1.2322286161471696,0.017577229580780562,0.01340068272077471,0.5232793133162642,-6.360287538532586e-05,[0.00230967 0.00229244 0.00230506 ...        nan        nan        nan],[0.0028698  0.00286967 0.00286954 ... 0.00223415 0.00223402 0.00223389],,0.07544737817131374
LAS_1.1Torr_SmallAdmixture_1kHzLaserFreq_CapCoupling,0,55.0,1.1,6.0,8,1.3043260389572457,0.01869514895424122,0.013465130139162005,0.5538962697848544,-4.6558212766628606e-05,[0.00212498 0.00215312 0.00217119 ...        nan        nan        nan],[0.00281709 0.002817   0.00281691 ... 0.00235179 0.0023517  0.00235161],,0.07548341506136919
LAS_1.1Torr_SmallAdmixture_1kHzLaserFreq_CapCoupling,0,55.0,1.1,6.0,10,1.4212134654541841,0.0019236575010149882,0.0012715581521219059,0.603533789536561,-3.679518264175088e-05,[       nan        nan        nan ... 0.00245337 0.0024913  0.00250352],[0.002638   0.00263793 0.00263785 ... 0.00227027 0.00227019 0.00227012],,0.07555228955069719
LAS_1.1Torr_SmallAdmixture_1kHzLaserFreq_CapCoupling,0,55.0,1.1,4.0,2,1.2673127522720462,0.02553366433988765,0.01892766888022696,0.5381781741438293,-4.101685799517823e-06,[0.00431945 0.0042782  0.00423669 ...        nan        nan        nan],[0.0037687  0.00376869 0.00376868 ... 0.0037277  0.0037277  0.00372769],,0.08324757607148836
LAS_1.1Torr_SmallAdmixture_1kHzLaserFreq_CapCoupling,0,55.0,1.1,4.0,4,1.2585403475617527,0.025537657218886928,0.01906258090855405,0.5344528768631285,8.083416327306724e-06,[0.00407366 0.00415373 0.00422875 ...        nan        nan        nan],[0.00345679 0.0034568  0.00345682 ... 0.00353757 0.00353759 0.0035376 ],,0.08327679453373514
LAS_1.1Torr_SmallAdmixture_1kHzLaserFreq_CapCoupling,0,55.0,1.1,4.0,6,1.2355711521518602,0.024845186870384343,0.018890449733832464,0.5246987576647799,-1.6299426721149245e-05,[0.00423808 0.00414323 0.00416449 ...        nan        nan        nan],[0.00382863 0.0038286  0.00382856 ... 0.00366573 0.0036657  0.00366567],,0.0832099379499414
LAS_1.1Torr_SmallAdmixture_1kHzLaserFreq_CapCoupling,0,55.0,1.1,4.0,8,1.2422134985111433,0.02509905801663062,0.018981431766221163,0.5275195024487813,6.848494581700727e-06,[0.00411647 0.0041396  0.00411198 ...        nan        nan        nan],[0.00353514 0.00353516 0.00353517 ... 0.00360359 0.0036036  0.00360362],,0.0831850326469111
LAS_1.1Torr_SmallAdmixture_1kHzLaserFreq_CapCoupling,0,55.0,1.1,4.0,10,0.21897907082333665,0.0004166360317337013,0.001787401044257322,0.09299184932853695,8.542796790458581e-06,[       nan        nan        nan ... 0.0032767  0.00314466 0.00332891],[0.00344451 0.00344453 0.00344455 ... 0.00352989 0.00352991 0.00352992],,0.08321172204565845
LAS_1.1Torr_SmallAdmixture_1kHzLaserFreq_CapCoupling,0,55.0,1.1,2.0,2,1.1985702978422428,0.0347914229630099,0.027269455758497815,0.5089859415675604,-2.732552598695588e-05,[0.0043006  0.004333   0.00434118 ...        nan        nan        nan],[0.00415693 0.00415687 0.00415682 ... 0.00388384 0.00388378 0.00388373],,0.09805344071195787
LAS_1.1Torr_SmallAdmixture_1kHzLaserFreq_CapCoupling,0,55.0,1.1,2.0,4,1.2341846775468504,0.03535996285309957,0.02691531330923984,0.5241099761109896,-4.617636206845362e-05,[0.00406316 0.00413007 0.00383063 ...        nan        nan        nan],[0.0042881  0.00428801 0.00428792 ... 0.00382662 0.00382653 0.00382643],,0.09799227145483412
LAS_1.1Torr_SmallAdmixture_1kHzLaserFreq_CapCoupling,0,55.0,1.1,2.0,6,1.2034838310447926,0.0345390070757592,0.026961085790467566,0.5110725270002427,-3.769276987387333e-05,[0.00427349 0.00434257 0.00419086 ...        nan        nan        nan],[0.00426698 0.0042669  0.00426682 ... 0.00389027 0.0038902  0.00389012],,0.09799210641764854
LAS_1.1Torr_SmallAdmixture_1kHzLaserFreq_CapCoupling,0,55.0,1.1,2.0,8,1.2146565556111193,0.03515341782878642,0.027188287116642312,0.5158171462716401,-2.9684698025943776e-08,[0.00418604 0.00412826 0.00422728 ...        nan        nan        nan],[0.00390983 0.00390983 0.00390983 ... 0.00390953 0.00390953 0.00390953],,0.09800948075958886
LAS_1.1Torr_SmallAdmixture_1kHzLaserFreq_CapCoupling,0,55.0,1.1,2.0,10,5.1730527755357585,0.0062938806138056694,0.0011429819746390907,2.196793248151482,-0.00014727628146301203,[0.00383918 0.00372176 0.00372755 ...        nan        nan        nan],[0.00511175 0.00511164 0.00511152 ... 0.00364041 0.00363994 0.00363946],,0.09802021658841045
LAS_1.1Torr_SmallAdmixture_1kHzLaserFreq_CapCoupling,0,55.0,1.1,10.0,2,1.2346562338493985,0.006960278544050303,0.005296004632826221,0.5243102276348983,-4.510392509866222e-05,"[-0.00140282 -0.00148789 -0.00125826 ...         nan         nan
         nan]","[-0.00136741 -0.0013675  -0.00136759 ... -0.00181818 -0.00181827
 -0.00181836]",,0.06654207371504728
LAS_1.1Torr_SmallAdmixture_1kHzLaserFreq_CapCoupling,0,55.0,1.1,10.0,4,1.3261650507958687,0.007440852079724955,0.005270998375947573,0.5631704442104997,-4.431518080788656e-05,"[-0.00135899 -0.00132294 -0.00135316 ...         nan         nan
         nan]","[-0.00143396 -0.00143405 -0.00143414 ... -0.00187685 -0.00187694
 -0.00187703]",,0.0665234479774358
LAS_1.1Torr_SmallAdmixture_1kHzLaserFreq_CapCoupling,0,55.0,1.1,10.0,6,1.2295859996751417,0.006819753952438522,0.005210478239157492,0.5221570974265175,-6.8179621187664e-05,"[-0.00086729 -0.00078634 -0.0007611  ...         nan         nan
         nan]","[-0.00093712 -0.00093726 -0.00093739 ... -0.00161851 -0.00161865
 -0.00161878]",,0.06651760209213438
LAS_1.1Torr_SmallAdmixture_1kHzLaserFreq_CapCoupling,0,55.0,1.1,10.0,8,1.3110748311079212,0.007199376536011275,0.0051586397212805835,0.5567622179344451,-3.6428055623430325e-05,"[-0.00122386 -0.00112306 -0.00103604 ...         nan         nan
         nan]","[-0.00127654 -0.00127662 -0.00127669 ... -0.00164061 -0.00164068
 -0.00164075]",,0.06655173530864818
LAS_1.1Torr_SmallAdmixture_1kHzLaserFreq_CapCoupling,0,55.0,1.1,10.0,10,1.2407622891715577,0.0017251125074106916,0.0013061607477566966,0.5269032305843355,-1.7621538710604784e-05,"[        nan         nan         nan ... -0.00187887 -0.00174168
 -0.00184366]","[-0.00173895 -0.00173898 -0.00173902 ... -0.00191506 -0.00191509
 -0.00191513]",,0.06653451860794911
LAS_1.1Torr_SmallAdmixture_1kHzLaserFreq_CapCoupling,0,50.0,1.1,8.0,2,1.0709211287435445,0.0076400058653909395,0.006701993383819961,0.4547783305154723,-7.002758834608002e-05,[0.00089973 0.0008571  0.00077569 ...        nan        nan        nan],[0.00164186 0.00164172 0.00164158 ... 0.00094201 0.00094187 0.00094173],,0.06795561116965226
LAS_1.1Torr_SmallAdmixture_1kHzLaserFreq_CapCoupling,0,50.0,1.1,8.0,4,1.1039136183738103,0.00845958016087847,0.0071991547463509135,0.46878895085985295,-4.7716040588791444e-05,[0.00057504 0.00037673 0.00056349 ...        nan        nan        nan],[0.00132937 0.00132928 0.00132918 ... 0.0008525  0.0008524  0.00085231],,0.06800175518925519
LAS_1.1Torr_SmallAdmixture_1kHzLaserFreq_CapCoupling,0,50.0,1.1,8.0,6,1.1063960367411079,0.007568182172217974,0.00642611888371699,0.4698431368782435,-6.710728444281309e-05,[0.00079341 0.00074348 0.00065165 ...        nan        nan        nan],[0.00166311 0.00166297 0.00166284 ... 0.00099244 0.0009923  0.00099217],,0.06797399309214379
LAS_1.1Torr_SmallAdmixture_1kHzLaserFreq_CapCoupling,0,50.0,1.1,8.0,8,1.099349022834589,0.00783406882786217,0.006694522074360321,0.46685054560937383,-3.213662566997118e-05,[0.00113974 0.00120293 0.00121419 ...        nan        nan        nan],[0.001281   0.00128093 0.00128087 ... 0.00095982 0.00095976 0.0009597 ],,0.06798994869285965
LAS_1.1Torr_SmallAdmixture_1kHzLaserFreq_CapCoupling,0,50.0,1.1,8.0,10,0.41692651202700404,0.001015855629999136,0.0022889708883187952,0.17705238789128974,-6.050051514538407e-05,[       nan        nan        nan ... 0.00076745 0.00086349 0.0007479 ],[0.00156448 0.00156436 0.00156424 ... 0.00095984 0.00095972 0.0009596 ],,0.06797344560821122
LAS_1.1Torr_SmallAdmixture_1kHzLaserFreq_CapCoupling,0,55.0,1.1,0.0,2,1.1771176991024654,0.05373536034681065,0.04288526179892118,0.4998758616762983,-2.084178337403273e-05,[0.00231341 0.00262833 0.00240199 ...        nan        nan        nan],[0.00311437 0.00311433 0.00311429 ... 0.00290608 0.00290604 0.00290599],,0.1372153727927296
LAS_1.1Torr_SmallAdmixture_1kHzLaserFreq_CapCoupling,0,55.0,1.1,0.0,4,1.1939744411328783,0.05409318878133297,0.042561344962045534,0.5070342609204288,-4.459014246656565e-05,[0.00292371 0.00290552 0.00278796 ...        nan        nan        nan],[0.00331299 0.0033129  0.00331282 ... 0.00286736 0.00286727 0.00286718],,0.13721108093603301
LAS_1.1Torr_SmallAdmixture_1kHzLaserFreq_CapCoupling,0,55.0,1.1,0.0,6,1.1981975616500546,0.05466168293634996,0.04285705822681803,0.5088276550806695,-5.559617666918794e-05,[0.00285988 0.00279038 0.00289301 ...        nan        nan        nan],[0.00356404 0.00356393 0.00356382 ... 0.00300841 0.0030083  0.00300819],,0.13719310118361483
LAS_1.1Torr_SmallAdmixture_1kHzLaserFreq_CapCoupling,0,55.0,1.1,0.0,8,1.1957645276966353,0.05423104354725767,0.042605933518712946,0.5077944406919296,-1.8472028098829214e-05,[0.00264097 0.00275101 0.00272436 ...        nan        nan        nan],[0.00307757 0.00307753 0.00307749 ... 0.00289296 0.00289292 0.00289289],,0.13722991843331828
LAS_1.1Torr_SmallAdmixture_1kHzLaserFreq_CapCoupling,0,55.0,1.1,0.0,10,0.6170030738561897,0.016501232079493843,0.025124465690367442,0.2620170807353903,-3.181267746555429e-05,[0.00217338 0.00221386 0.00230301 ...        nan        nan        nan],[0.00327503 0.00327497 0.0032749  ... 0.0029571  0.00295703 0.00295697],,0.13724855063097222
LAS_1.1Torr_SmallAdmixture_1kHzLaserFreq_CapCoupling,0,50.0,1.1,6.0,2,1.259661323647388,0.01801393078969328,0.01343453022019631,0.5349289115766943,-5.1857653826170696e-05,[0.00309528 0.00300326 0.00294612 ...        nan        nan        nan],[0.00347763 0.00347753 0.00347743 ... 0.00295937 0.00295927 0.00295916],,0.07322473496425828
LAS_1.1Torr_SmallAdmixture_1kHzLaserFreq_CapCoupling,0,50.0,1.1,6.0,4,1.2949436746678316,0.018635545812687247,0.01351945014121508,0.5499119465202328,-5.233378504646037e-05,[0.00269435 0.00256992 0.00268085 ...        nan        nan        nan],[0.00325853 0.00325842 0.00325832 ... 0.00273551 0.0027354  0.0027353 ],,0.0732020816631593
LAS_1.1Torr_SmallAdmixture_1kHzLaserFreq_CapCoupling,0,50.0,1.1,6.0,6,1.267599882141912,0.01796672961844702,0.013315412708437498,0.5383001069728248,-3.899009849647856e-05,[0.00237063 0.00219262 0.00236957 ...        nan        nan        nan],[0.00319665 0.00319658 0.0031965  ... 0.00280699 0.00280691 0.00280683],,0.07315528419905831
LAS_1.1Torr_SmallAdmixture_1kHzLaserFreq_CapCoupling,0,50.0,1.1,6.0,8,1.3110200497130446,0.01851965830938225,0.013270626493028482,0.5567389544179857,-3.24345837416189e-05,[0.00315715 0.00326459 0.00319318 ...        nan        nan        nan],[0.00333102 0.00333096 0.0033309  ... 0.00300687 0.00300681 0.00300674],,0.0731912718935751
LAS_1.1Torr_SmallAdmixture_1kHzLaserFreq_CapCoupling,0,50.0,1.1,6.0,10,1.4854680452618083,0.0020741443078554408,0.0013117269606823933,0.6308201972360418,-7.655981377636858e-07,[       nan        nan        nan ... 0.00350582 0.00346029 0.00334122],[0.00286633 0.00286633 0.00286633 ... 0.00285868 0.00285868 0.00285868],,0.07317967825796604
LAS_1.1Torr_SmallAdmixture_1kHzLaserFreq_CapCoupling,0,50.0,1.1,4.0,2,1.2412463743959665,0.02342468087076646,0.017728968966656208,0.5271088026514794,1.9032675625510206e-05,[0.00482023 0.00490972 0.00487674 ...        nan        nan        nan],[0.00399082 0.00399085 0.00399089 ... 0.00418103 0.00418107 0.0041811 ],,0.08039459064143273
LAS_1.1Torr_SmallAdmixture_1kHzLaserFreq_CapCoupling,0,50.0,1.1,4.0,4,1.2247486095199744,0.02308130914380803,0.017704402423761853,0.5201028469688764,2.9716891174740033e-05,[0.00464918 0.00466776 0.00469267 ...        nan        nan        nan],[0.00375977 0.00375983 0.00375989 ... 0.00405676 0.00405682 0.00405688],,0.08041049835777765
LAS_1.1Torr_SmallAdmixture_1kHzLaserFreq_CapCoupling,0,50.0,1.1,4.0,6,1.210149986503977,0.022992930555135672,0.017849371029163525,0.5139033825780399,3.453176776865835e-05,[0.00466329 0.00472995 0.00473561 ...        nan        nan        nan],[0.00368855 0.00368862 0.00368869 ... 0.00403366 0.00403373 0.0040338 ],,0.08040236232212758
LAS_1.1Torr_SmallAdmixture_1kHzLaserFreq_CapCoupling,0,50.0,1.1,4.0,8,1.2436596154853892,0.02377056074362672,0.01795583825357381,0.5281336117847781,3.5942390524912066e-05,[0.00498304 0.0048803  0.00492261 ...        nan        nan        nan],[0.00377724 0.00377731 0.00377739 ... 0.00413645 0.00413652 0.00413659],,0.08042526690017808
LAS_1.1Torr_SmallAdmixture_1kHzLaserFreq_CapCoupling,0,50.0,1.1,4.0,10,24.162949477191965,0.2916028110244297,0.01133729768828679,10.261059875118564,-0.0004683332214753392,[0.0048155  0.00481053 0.00499514 ...        nan        nan        nan],[0.01031383 0.01031385 0.01031387 ... 0.00563618 0.00563429 0.00563239],,0.08041110092512703
LAS_1.1Torr_SmallAdmixture_1kHzLaserFreq_CapCoupling,0,50.0,1.1,10.0,2,1.226668616243962,0.0060177261445500015,0.004608641811107903,0.5209181987525675,-6.735972092913764e-05,"[-0.00105    -0.00121858 -0.00109052 ...         nan         nan
         nan]","[-0.00083126 -0.00083139 -0.00083153 ... -0.00150445 -0.00150459
 -0.00150472]",,0.06435595559320614
LAS_1.1Torr_SmallAdmixture_1kHzLaserFreq_CapCoupling,0,50.0,1.1,10.0,4,1.3250144384169524,0.006715671227552968,0.004761421249259339,0.5626818241219523,-5.9313327481378996e-05,"[-0.00132772 -0.00115925 -0.00128767 ...         nan         nan
         nan]","[-0.00094981 -0.00094993 -0.00095005 ... -0.00154259 -0.00154271
 -0.00154283]",,0.06434595569779117
LAS_1.1Torr_SmallAdmixture_1kHzLaserFreq_CapCoupling,0,50.0,1.1,10.0,6,1.2313022571938494,0.006308998968444055,0.00481352875592178,0.5228859248892909,-6.240270484597922e-05,"[-0.00100813 -0.00092655 -0.00093715 ...         nan         nan
         nan]","[-0.00087692 -0.00087705 -0.00087717 ... -0.00150058 -0.0015007
 -0.00150083]",,0.0644182218457162
LAS_1.1Torr_SmallAdmixture_1kHzLaserFreq_CapCoupling,0,50.0,1.1,10.0,8,1.1934557740585066,0.005880385455517348,0.0046287876183717,0.506814003293751,-2.6139880064016154e-05,"[-0.00071506 -0.00063864 -0.00065765 ...         nan         nan
         nan]","[-0.00114251 -0.00114256 -0.00114261 ... -0.00140375 -0.0014038
 -0.00140385]",,0.06438228591449131
LAS_1.1Torr_SmallAdmixture_1kHzLaserFreq_CapCoupling,0,50.0,1.1,10.0,10,1.2780524056266822,0.0018725052396862233,0.0013763920939213004,0.5427388850046436,-5.5634164491280085e-06,"[        nan         nan         nan ... -0.00171519 -0.00183319
 -0.00185845]","[-0.00157802 -0.00157803 -0.00157804 ... -0.00163362 -0.00163363
 -0.00163364]",,0.06435696458596049
LAS_1.1Torr_SmallAdmixture_1kHzLaserFreq_CapCoupling,0,50.0,1.1,2.0,3,1.224405323475846,0.039169175159226584,0.03005294293889086,0.51995706680837,-2.234173130445247e-05,[0.00391676 0.00368885 0.00381847 ...        nan        nan        nan],[0.00407145 0.0040714  0.00407136 ... 0.00384816 0.00384812 0.00384807],,0.0941973795638099
LAS_1.1Torr_SmallAdmixture_1kHzLaserFreq_CapCoupling,0,50.0,1.1,2.0,6,1.1885585051016498,0.03843961754450695,0.030382694284938533,0.504734324650285,-3.0055363617467112e-05,[0.00386957 0.00386036 0.00397038 ...        nan        nan        nan],[0.0040497  0.00404964 0.00404958 ... 0.00374932 0.00374926 0.0037492 ],,0.09416347637998931
LAS_1.1Torr_SmallAdmixture_1kHzLaserFreq_CapCoupling,0,50.0,1.1,2.0,9,1.217305100372732,0.039302985385451,0.03033149998630149,0.5169418796741783,-4.5212398670616864e-05,[0.00393966 0.00394866 0.00392416 ...        nan        nan        nan],[0.00438129 0.0043812  0.00438111 ... 0.00392943 0.00392934 0.00392925],,0.09421223906187426
LAS_1.1Torr_SmallAdmixture_1kHzLaserFreq_CapCoupling,0,50.0,1.1,2.0,12,1.1718224113372833,0.03747975304600685,0.030047110267923748,0.49762716000741447,1.2081341241236828e-05,[0.0043903  0.00421984 0.00435713 ...        nan        nan        nan],[0.00401116 0.00401118 0.00401121 ... 0.0041319  0.00413192 0.00413195],,0.09421434002052462
LAS_1.1Torr_SmallAdmixture_1kHzLaserFreq_CapCoupling,0,50.0,1.1,2.0,15,0.6397332146301696,0.0004809590366035592,0.0007062801151790399,0.2716696827768687,5.109808040579704e-07,[       nan        nan        nan ... 0.00405801 0.00401874 0.00412816],[0.00413402 0.00413402 0.00413402 ... 0.00413913 0.00413913 0.00413913],,0.0941686791472779
LAS_1.1Torr_SmallAdmixture_1kHzLaserFreq_CapCoupling,0,45.0,1.1,8.0,2,1.1295504847491107,0.008304655601685581,0.006906909575376959,0.47967592561165967,-0.00010229025474814138,[0.00058115 0.00072101 0.00071472 ...        nan        nan        nan],[0.00184288 0.00184267 0.00184247 ... 0.00082059 0.00082038 0.00082018],,0.06539141244884324
LAS_1.1Torr_SmallAdmixture_1kHzLaserFreq_CapCoupling,0,45.0,1.1,8.0,4,1.0934542399246958,0.007921725890674131,0.006805922316284578,0.4643472617927051,-6.958763384586907e-05,"[2.15886465e-04 9.02701151e-05 1.81533372e-04 ...            nan
            nan            nan]",[0.00134976 0.00134962 0.00134948 ... 0.0006543  0.00065416 0.00065402],,0.0653872828685592
LAS_1.1Torr_SmallAdmixture_1kHzLaserFreq_CapCoupling,0,45.0,1.1,8.0,6,1.1677786717629735,0.007822642369121412,0.006293043396993665,0.49590994191984017,-8.887138319893967e-05,[0.00062939 0.00048055 0.00056068 ...        nan        nan        nan],[0.00165944 0.00165926 0.00165908 ... 0.00077125 0.00077108 0.0007709 ],,0.06532044128464908
LAS_1.1Torr_SmallAdmixture_1kHzLaserFreq_CapCoupling,0,45.0,1.1,8.0,8,1.1603625588404356,0.00830075251983613,0.006720344687945465,0.49276060873058564,-6.381558652840574e-05,[0.00082444 0.00071534 0.00078339 ...        nan        nan        nan],[0.00143435 0.00143422 0.0014341  ... 0.00079658 0.00079645 0.00079632],,0.06535270850051828
LAS_1.1Torr_SmallAdmixture_1kHzLaserFreq_CapCoupling,0,45.0,1.1,8.0,10,0.4501376485731093,0.001808143657108817,0.0037735958369997523,0.1911558590317644,-5.8699539133656875e-05,[       nan        nan        nan ... 0.00024589 0.00039879 0.00028733],[0.00126504 0.00126492 0.00126481 ... 0.0006784  0.00067828 0.00067816],,0.06535090452680786
LAS_1.1Torr_SmallAdmixture_1kHzLaserFreq_CapCoupling,0,50.0,1.1,0.0,2,1.2039259596582588,0.05667826126224448,0.044226699403296287,0.5112602817352166,-3.0052325210000588e-05,[0.00214307 0.00225785 0.00212157 ...        nan        nan        nan],[0.00274584 0.00274578 0.00274572 ... 0.0024455  0.00244544 0.00244538],,0.13517958114090037
LAS_1.1Torr_SmallAdmixture_1kHzLaserFreq_CapCoupling,0,50.0,1.1,0.0,4,1.1364788899465943,0.05487540981460514,0.045361164311801115,0.48261814839938544,-6.625117100955298e-05,[0.0020615  0.00184122 0.00196961 ...        nan        nan        nan],[0.00302283 0.0030227  0.00302257 ... 0.00236072 0.00236058 0.00236045],,0.13515757485592583
LAS_1.1Torr_SmallAdmixture_1kHzLaserFreq_CapCoupling,0,50.0,1.1,0.0,6,1.1434379696059647,0.0542050372086208,0.04453432018234288,0.4855733974317075,-4.511023320461275e-05,[0.00263157 0.00273618 0.00273629 ...        nan        nan        nan],[0.0029856  0.00298551 0.00298542 ... 0.00253477 0.00253468 0.00253459],,0.13513340267682591
LAS_1.1Torr_SmallAdmixture_1kHzLaserFreq_CapCoupling,0,50.0,1.1,0.0,8,1.136930073571807,0.05368875892596343,0.044362641779466624,0.48280974844379854,4.310866963792437e-08,[0.00235546 0.00228339 0.00228794 ...        nan        nan        nan],[0.00255302 0.00255302 0.00255302 ... 0.00255345 0.00255345 0.00255345],,0.1351225285937474
LAS_1.1Torr_SmallAdmixture_1kHzLaserFreq_CapCoupling,0,50.0,1.1,0.0,10,0.3208343961988618,9.646068016798146e-05,0.00028244714392267967,0.13624582348696843,-4.024577991252339e-05,[       nan        nan        nan ... 0.00206063 0.00205044 0.00203568],[0.00302734 0.00302726 0.00302718 ... 0.00262513 0.00262505 0.00262497],,0.13508798454894985
LAS_1.1Torr_SmallAdmixture_1kHzLaserFreq_CapCoupling,0,45.0,1.1,6.0,2,1.1946389845536893,0.015601810992926885,0.012268913915828124,0.5073164665276952,2.8453370698580077e-06,[0.00371453 0.00379184 0.00381762 ...        nan        nan        nan],[0.00360455 0.00360456 0.00360456 ... 0.00363299 0.00363299 0.003633  ],,0.07040279886485311
LAS_1.1Torr_SmallAdmixture_1kHzLaserFreq_CapCoupling,0,45.0,1.1,6.0,4,1.302572219191337,0.017943839510471068,0.012941402795773934,0.5531514911043732,-1.9693583492830814e-05,[0.00371698 0.00373988 0.0038277  ...        nan        nan        nan],[0.00378758 0.00378754 0.0037875  ... 0.00359076 0.00359072 0.00359068],,0.07044543327143143
LAS_1.1Torr_SmallAdmixture_1kHzLaserFreq_CapCoupling,0,45.0,1.1,6.0,6,1.290778156441307,0.0171786005041532,0.012502704379491072,0.5481430138005906,-1.425434753803891e-05,[0.00381411 0.00399391 0.00403381 ...        nan        nan        nan],[0.00390841 0.00390839 0.00390836 ... 0.00376596 0.00376593 0.0037659 ],,0.07042648993257714
LAS_1.1Torr_SmallAdmixture_1kHzLaserFreq_CapCoupling,0,45.0,1.1,6.0,8,1.279901902788763,0.017084983938988888,0.012540235140911368,0.5435242941343067,1.407454165686329e-05,[0.003992   0.00409511 0.00421359 ...        nan        nan        nan],[0.00366088 0.00366091 0.00366094 ... 0.00380154 0.00380157 0.0038016 ],,0.07042233926420398
LAS_1.1Torr_SmallAdmixture_1kHzLaserFreq_CapCoupling,0,45.0,1.1,6.0,10,1.320502068438753,0.001955203015365583,0.0013909789647145786,0.5607655970252273,3.520865096513369e-05,[       nan        nan        nan ... 0.00433467 0.00432227 0.00435908],[0.00330673 0.0033068  0.00330687 ... 0.00365861 0.00365868 0.00365875],,0.0704155683167653
LAS_1.1Torr_SmallAdmixture_1kHzLaserFreq_CapCoupling,0,45.0,1.1,4.0,1,1.247101547770541,0.023113792757976728,0.017411540068889887,0.5295952658472254,-1.3695207604099664e-05,[0.00490203 0.0050193  0.00490679 ...        nan        nan        nan],[0.00452512 0.00452509 0.00452506 ... 0.00438825 0.00438822 0.00438819],,0.07762829756071137
LAS_1.1Torr_SmallAdmixture_1kHzLaserFreq_CapCoupling,0,45.0,1.1,4.0,2,1.2288026243581023,0.022739675709426945,0.017384809117034467,0.521824428559233,1.0182280999215926e-05,[0.0049916  0.00488353 0.00484484 ...        nan        nan        nan],[0.00416318 0.0041632  0.00416322 ... 0.00426494 0.00426496 0.00426498],,0.07758606197916668
LAS_1.1Torr_SmallAdmixture_1kHzLaserFreq_CapCoupling,0,45.0,1.1,4.0,3,1.210008906753201,0.022245641802935687,0.01727126559287356,0.5138434715240832,1.5002567068261685e-05,[0.00480787 0.00472961 0.00477324 ...        nan        nan        nan],[0.00418816 0.00418819 0.00418822 ... 0.0043381  0.00433813 0.00433816],,0.07759134218750001
LAS_1.1Torr_SmallAdmixture_1kHzLaserFreq_CapCoupling,0,45.0,1.1,4.0,4,1.2509147702690109,0.022885368242671223,0.017186916786753593,0.5312145923458751,1.8815116069084427e-05,[0.00515371 0.00494287 0.0051316  ...        nan        nan        nan],[0.0043205  0.00432053 0.00432057 ... 0.00450854 0.00450857 0.00450861],,0.07758249791666667
LAS_1.1Torr_SmallAdmixture_1kHzLaserFreq_CapCoupling,0,45.0,1.1,4.0,5,0.7433039332322273,0.0006772100304358626,0.000855903379031375,0.3156521173669804,5.099172166898166e-06,[       nan        nan        nan ... 0.00498886 0.00488982 0.00490339],[0.00453303 0.00453304 0.00453305 ... 0.004584   0.00458401 0.00458402],,0.07757543214285714
LAS_1.1Torr_SmallAdmixture_1kHzLaserFreq_CapCoupling,0,45.0,1.1,2.0,2,1.191417217071593,0.03759864723160355,0.02964668491602243,0.5059483078486935,-2.841766657677143e-05,[0.00506889 0.00504859 0.00519095 ...        nan        nan        nan],[0.00524232 0.00524226 0.0052422  ... 0.00495831 0.00495825 0.0049582 ],,0.09133532965680138
LAS_1.1Torr_SmallAdmixture_1kHzLaserFreq_CapCoupling,0,45.0,1.1,2.0,4,1.2096001731210329,0.03829863645036216,0.029744677294482682,0.5136698983319276,-1.2541003608302815e-05,[0.00523558 0.0052308  0.00522053 ...        nan        nan        nan],[0.00505757 0.00505755 0.00505752 ... 0.00493224 0.00493221 0.00493219],,0.09129184663311465
LAS_1.1Torr_SmallAdmixture_1kHzLaserFreq_CapCoupling,0,45.0,1.1,2.0,6,1.199397285273321,0.03795835694340755,0.029731179141945993,0.5093371307944499,-5.641913699008115e-05,[0.00505111 0.00517791 0.00519632 ...        nan        nan        nan],[0.00549648 0.00549636 0.00549625 ... 0.00493262 0.00493251 0.0049324 ],,0.09125017318510359
LAS_1.1Torr_SmallAdmixture_1kHzLaserFreq_CapCoupling,0,45.0,1.1,2.0,8,1.1847542240948832,0.037292066535792104,0.029570316603205582,0.5031187952535506,-6.040660007546009e-06,[0.00552014 0.00548129 0.00546137 ...        nan        nan        nan],[0.0050119  0.00501189 0.00501188 ... 0.00495153 0.00495152 0.00495151],,0.09124112907261898
LAS_1.1Torr_SmallAdmixture_1kHzLaserFreq_CapCoupling,0,45.0,1.1,2.0,10,0.7089561831485179,0.0005071974020000296,0.0006720868770512213,0.3010659708985109,-9.245646615156471e-06,[       nan        nan        nan ... 0.00533742 0.00534568 0.00532523],[0.00484927 0.00484925 0.00484923 ... 0.00475687 0.00475685 0.00475683],,0.09127981632234558
LAS_1.1Torr_SmallAdmixture_1kHzLaserFreq_CapCoupling,0,45.0,1.1,10.0,2,1.2124609182295043,0.006153587362293703,0.004767913983005186,0.5148847449247737,-3.9007487613736174e-05,"[3.26761470e-04 2.24269123e-04 3.79506658e-05 ...            nan
            nan            nan]","[-9.74250698e-05 -9.75030848e-05 -9.75810997e-05 ... -4.87265901e-04
 -4.87343916e-04 -4.87421931e-04]",,0.06207088205095968
LAS_1.1Torr_SmallAdmixture_1kHzLaserFreq_CapCoupling,0,45.0,1.1,10.0,4,1.2337882738990495,0.0061445966016063355,0.0046786496777748545,0.5239416389810941,-3.101059544546062e-05,"[ 1.27391286e-04 -1.39200701e-05  7.18383633e-05 ...             nan
             nan             nan]","[-0.00016287 -0.00016293 -0.00016299 ... -0.00047279 -0.00047285
 -0.00047291]",,0.06211257333836225
LAS_1.1Torr_SmallAdmixture_1kHzLaserFreq_CapCoupling,0,45.0,1.1,10.0,6,1.154458984803905,0.005595947266621169,0.004553684055561573,0.4902535916661658,-4.364143905982363e-05,"[3.68760615e-05 3.16119947e-04 3.82536694e-04 ...            nan
            nan            nan]","[ 5.57178783e-05  5.56305954e-05  5.55433125e-05 ... -3.80434664e-04
 -3.80521947e-04 -3.80609229e-04]",,0.06208488438472347
LAS_1.1Torr_SmallAdmixture_1kHzLaserFreq_CapCoupling,0,45.0,1.1,10.0,8,1.2644872031762995,0.006775688144555108,0.005033925227435348,0.5369782739214284,-3.0486030935694052e-05,[0.00023123 0.00038571 0.00037909 ...        nan        nan        nan],"[-0.00012619 -0.00012625 -0.00012631 ... -0.00043086 -0.00043092
 -0.00043099]",,0.06210630961061383
LAS_1.1Torr_SmallAdmixture_1kHzLaserFreq_CapCoupling,0,45.0,1.1,10.0,10,1.2884243699137812,0.001957414540460089,0.0014272224525681773,0.5471434526950646,-1.0774756029893645e-05,"[        nan         nan         nan ... -0.00061574 -0.00045394
 -0.00061279]","[-0.00048412 -0.00048414 -0.00048417 ... -0.00059181 -0.00059183
 -0.00059185]",,0.062168508558041694
LAS_1.1Torr_SmallAdmixture_1kHzLaserFreq_CapCoupling,0,45.0,1.1,0.0,2,1.1486500981879224,0.06241622036360689,0.05104785547627366,0.4877867846469881,-3.197903191999091e-05,[0.00241583 0.00248134 0.00244427 ...        nan        nan        nan],[0.00262101 0.00262095 0.00262089 ... 0.00230142 0.00230135 0.00230129],,0.12781642072193855
LAS_1.1Torr_SmallAdmixture_1kHzLaserFreq_CapCoupling,0,45.0,1.1,0.0,4,1.108172220457285,0.06021693263825333,0.0510480503707063,0.4705974126539765,-2.4683299499875442e-05,[0.00211158 0.00222378 0.00208992 ...        nan        nan        nan],[0.00247336 0.00247331 0.00247326 ... 0.00222667 0.00222663 0.00222658],,0.12768762569051553
LAS_1.1Torr_SmallAdmixture_1kHzLaserFreq_CapCoupling,0,45.0,1.1,0.0,6,1.0619729036058607,0.056568340191064936,0.050041208574351126,0.4509783691738123,-1.660750221762676e-05,[0.00209704 0.00227618 0.00216015 ...        nan        nan        nan],[0.00245864 0.00245861 0.00245857 ... 0.00229266 0.00229263 0.0022926 ],,0.12766230400624173
LAS_1.1Torr_SmallAdmixture_1kHzLaserFreq_CapCoupling,0,45.0,1.1,0.0,8,1.1300883824260624,0.06238169777436966,0.051857618668734666,0.47990434972333934,-2.3614546970680267e-05,[0.00239328 0.00239723 0.00230591 ...        nan        nan        nan],[0.00252414 0.00252409 0.00252404 ... 0.00228814 0.00228809 0.00228804],,0.1272650828618635
LAS_1.1Torr_SmallAdmixture_1kHzLaserFreq_CapCoupling,0,45.0,1.1,0.0,10,0.6259707376692372,0.02031410421321517,0.030486771398198928,0.2658252969224279,3.649763123561116e-06,[0.00174682 0.00181003 0.00188122 ...        nan        nan        nan],[0.00208486 0.00208487 0.00208487 ... 0.00212134 0.00212134 0.00212135],,0.1265475838971066
LAS_1.1Torr_SmallAdmixture_1kHzLaserFreq_CapCoupling,0,40.0,1.1,6.0,2,1.2346294864308782,0.015736910357997392,0.011974313269153493,0.5242988690520729,-7.723367910090658e-06,[0.00449307 0.00439939 0.00441454 ...        nan        nan        nan],[0.00409894 0.00409892 0.00409891 ... 0.00402175 0.00402173 0.00402172],,0.06724680626270774
LAS_1.1Torr_SmallAdmixture_1kHzLaserFreq_CapCoupling,0,40.0,1.1,6.0,4,1.2773274851514194,0.01619820047354231,0.011913306140822677,0.5424310396230857,-7.427979637916685e-06,[0.00396398 0.00375413 0.00398045 ...        nan        nan        nan],[0.00393822 0.0039382  0.00393819 ... 0.00386398 0.00386397 0.00386395],,0.06734414593520525
LAS_1.1Torr_SmallAdmixture_1kHzLaserFreq_CapCoupling,0,40.0,1.1,6.0,6,1.2539567159820058,0.015790690709842195,0.011830044307091449,0.5325063877505447,-1.9810655874655e-05,[0.00405498 0.00423797 0.00427912 ...        nan        nan        nan],[0.00409748 0.00409744 0.0040974  ... 0.00389949 0.00389945 0.00389941],,0.06731695948443907
LAS_1.1Torr_SmallAdmixture_1kHzLaserFreq_CapCoupling,0,40.0,1.1,6.0,8,1.2791900071674314,0.01619343022823206,0.011892456899432165,0.5432219798989434,8.228479770277935e-06,[0.00385369 0.00410976 0.00391566 ...        nan        nan        nan],[0.00378194 0.00378195 0.00378197 ... 0.00386417 0.00386419 0.0038642 ],,0.06728199281370924
LAS_1.1Torr_SmallAdmixture_1kHzLaserFreq_CapCoupling,0,40.0,1.1,6.0,10,1.2568523637605387,0.0012789275410329745,0.0009559374222818142,0.5337360561426765,-1.2807671271848121e-05,[       nan        nan        nan ... 0.00402125 0.00405869 0.00400235],[0.00387238 0.00387235 0.00387232 ... 0.00374438 0.00374435 0.00374432],,0.06726403853133896
LAS_1.1Torr_SmallAdmixture_1kHzLaserFreq_CapCoupling,0,40.0,1.1,8.0,2,1.1182062489072218,0.007498086466656616,0.006299358416727127,0.47485847220759714,-9.497904281794408e-05,[0.00126592 0.00127691 0.00139736 ...        nan        nan        nan],[0.00242053 0.00242034 0.00242015 ... 0.00147131 0.00147112 0.00147093],,0.06280001786072396
LAS_1.1Torr_SmallAdmixture_1kHzLaserFreq_CapCoupling,0,40.0,1.1,8.0,4,1.2387977241400216,0.008148928323128692,0.006179707065181239,0.526068956629652,-7.347079163407085e-05,[0.00134478 0.00124569 0.00128075 ...        nan        nan        nan],[0.00199753 0.00199739 0.00199724 ... 0.00126327 0.00126312 0.00126297],,0.06277350513051906
LAS_1.1Torr_SmallAdmixture_1kHzLaserFreq_CapCoupling,0,40.0,1.1,8.0,6,1.11837692216202,0.007078586164589859,0.005946016581465124,0.47493095046561024,-9.182335378072945e-05,[0.00156553 0.00150111 0.00150354 ...        nan        nan        nan],[0.0024834  0.00248321 0.00248303 ... 0.00156571 0.00156553 0.00156535],,0.06277903516578093
LAS_1.1Torr_SmallAdmixture_1kHzLaserFreq_CapCoupling,0,40.0,1.1,8.0,8,1.2146638176286169,0.007069666319478183,0.005467774697900654,0.5158202301665274,-6.656345950201393e-05,[0.00142592 0.00146097 0.0015815  ...        nan        nan        nan],[0.00217265 0.00217252 0.00217238 ... 0.00150741 0.00150728 0.00150715],,0.06269858357147631
LAS_1.1Torr_SmallAdmixture_1kHzLaserFreq_CapCoupling,0,40.0,1.1,8.0,10,1.3048382139600567,0.0018418694892088502,0.0013260807678301544,0.5541137704825794,-2.5891885172687317e-06,[       nan        nan        nan ... 0.0017705  0.00189537 0.0019302 ],[0.00121799 0.00121799 0.00121798 ... 0.00119212 0.00119211 0.00119211],,0.06272850121532743
LAS_1.1Torr_SmallAdmixture_1kHzLaserFreq_CapCoupling,0,40.0,1.1,4.0,2,1.224194046584542,0.021403521608033372,0.016424901060529268,0.5198673457735291,1.0083263520645372e-06,[0.00543404 0.00542814 0.00545244 ...        nan        nan        nan],[0.00485019 0.0048502  0.0048502  ... 0.00486027 0.00486027 0.00486028],,0.07426067262619691
LAS_1.1Torr_SmallAdmixture_1kHzLaserFreq_CapCoupling,0,40.0,1.1,4.0,4,1.222422655122757,0.021460999959902978,0.01649287447022975,0.5191151050808601,1.4548882831121231e-05,[0.00515516 0.00516504 0.00523442 ...        nan        nan        nan],[0.00460022 0.00460025 0.00460028 ... 0.00474562 0.00474565 0.00474568],,0.0742117072031495
LAS_1.1Torr_SmallAdmixture_1kHzLaserFreq_CapCoupling,0,40.0,1.1,4.0,6,1.2079018740268932,0.02103041159607596,0.016356256302414943,0.5129486971098964,-5.294385818912713e-06,[0.00499228 0.00503533 0.00504148 ...        nan        nan        nan],[0.00482747 0.00482746 0.00482745 ... 0.00477456 0.00477454 0.00477453],,0.07414711834400961
LAS_1.1Torr_SmallAdmixture_1kHzLaserFreq_CapCoupling,0,40.0,1.1,4.0,8,1.2401525766250219,0.021825836226814763,0.016533452880502147,0.5266443095054946,8.47423541981581e-06,[0.00530147 0.00537458 0.00519657 ...        nan        nan        nan],[0.00473834 0.00473835 0.00473837 ... 0.00482303 0.00482304 0.00482306],,0.07421757289894237
LAS_1.1Torr_SmallAdmixture_1kHzLaserFreq_CapCoupling,0,40.0,1.1,4.0,10,1.2110485887115305,0.0010444574863881825,0.0008102088618706223,0.5142849838003709,1.593884485782808e-05,[       nan        nan        nan ... 0.0052494  0.00536464 0.00532613],[0.00461402 0.00461405 0.00461409 ... 0.00477332 0.00477335 0.00477338],,0.0742647933121566
LAS_1.1Torr_SmallAdmixture_1kHzLaserFreq_CapCoupling,0,40.0,1.1,2.0,2,1.1973793550556129,0.03522017629649581,0.027632968979797754,0.5084801947317702,-2.0212029836284602e-05,[0.00582497 0.00572144 0.00583172 ...        nan        nan        nan],[0.00603983 0.00603979 0.00603975 ... 0.00583783 0.00583779 0.00583775],,0.08716060834417316
LAS_1.1Torr_SmallAdmixture_1kHzLaserFreq_CapCoupling,0,40.0,1.1,2.0,4,1.2183880960777187,0.03630001396149629,0.027989100059766302,0.51740178560511,-2.8224000809918277e-05,[0.00547802 0.00556479 0.0055405  ...        nan        nan        nan],[0.00602067 0.00602062 0.00602056 ... 0.0057386  0.00573855 0.00573849],,0.08717147006954172
LAS_1.1Torr_SmallAdmixture_1kHzLaserFreq_CapCoupling,0,40.0,1.1,2.0,6,1.1729199586404573,0.034538700459663244,0.027663390439069686,0.498093245433131,-3.212339577683326e-05,[0.00596491 0.00607445 0.00597    ...        nan        nan        nan],[0.00623971 0.00623965 0.00623958 ... 0.00591867 0.00591861 0.00591854],,0.08721522809519044
LAS_1.1Torr_SmallAdmixture_1kHzLaserFreq_CapCoupling,0,40.0,1.1,2.0,8,1.1714975572939546,0.03417985547561203,0.027409216702531526,0.4974892071969591,-1.7286558903732721e-06,[0.00626487 0.00637583 0.0063634  ...        nan        nan        nan],[0.00604593 0.00604593 0.00604593 ... 0.00602866 0.00602865 0.00602865],,0.08725406493896339
LAS_1.1Torr_SmallAdmixture_1kHzLaserFreq_CapCoupling,0,40.0,1.1,2.0,10,1.1481190658090696,0.0008482105835288114,0.0006940400748358125,0.48756127595897886,1.0703389877481954e-05,[       nan        nan        nan ... 0.00606216 0.00632051 0.00609643],[0.00573522 0.00573524 0.00573526 ... 0.00584219 0.00584221 0.00584223],,0.08721228437994924
LAS_1.1Torr_SmallAdmixture_1kHzLaserFreq_CapCoupling,0,40.0,1.1,10.0,2,1.2078681324545975,0.006497056314541659,0.005053181501930908,0.5129343683834331,-5.476599039061247e-05,[0.00028545 0.00031887 0.00026124 ...        nan        nan        nan],"[ 6.79060770e-05  6.77965450e-05  6.76870131e-05 ... -4.79425231e-04
 -4.79534763e-04 -4.79644295e-04]",,0.05960242801674147
LAS_1.1Torr_SmallAdmixture_1kHzLaserFreq_CapCoupling,0,40.0,1.1,10.0,4,1.3283332255698304,0.007012070797890048,0.004959147736136199,0.5640911832616798,-6.132192374505303e-05,"[-2.12814420e-04  3.67153782e-05 -1.61946062e-04 ...             nan
             nan             nan]","[-1.15972362e-05 -1.17198801e-05 -1.18425239e-05 ... -6.24448542e-04
 -6.24571186e-04 -6.24693830e-04]",,0.05957772448019095
LAS_1.1Torr_SmallAdmixture_1kHzLaserFreq_CapCoupling,0,40.0,1.1,10.0,6,1.2543937220013244,0.0063885511304019385,0.004784497070985853,0.5326919671200768,-5.85268441026671e-05,[0.00010222 0.00010058 0.00011039 ...        nan        nan        nan],"[ 0.00017935  0.00017923  0.00017912 ... -0.00040557 -0.00040568
 -0.0004058 ]",,0.0596225771418757
LAS_1.1Torr_SmallAdmixture_1kHzLaserFreq_CapCoupling,0,40.0,1.1,10.0,8,1.2746223945490351,0.006833006740033604,0.005036143476409473,0.5412822934129061,-2.7632770768742995e-05,[0.00052551 0.00044698 0.00035844 ...        nan        nan        nan],"[-0.00012893 -0.00012899 -0.00012905 ... -0.0004051  -0.00040515
 -0.00040521]",,0.05959350284438412
LAS_1.1Torr_SmallAdmixture_1kHzLaserFreq_CapCoupling,0,40.0,1.1,10.0,10,1.2917130496289857,0.00198917318890877,0.0014466862032457624,0.5485400263832088,-2.1659423720460598e-05,"[        nan         nan         nan ... -0.00059307 -0.00061762
 -0.00066752]","[-0.00035156 -0.00035161 -0.00035165 ... -0.00056803 -0.00056807
 -0.00056811]",,0.05963477311512502
LAS_1.1Torr_SmallAdmixture_1kHzLaserFreq_CapCoupling,0,40.0,1.1,0.0,3,1.1657763981166391,0.058463560359013005,0.047112677984812674,0.49505965459085316,-2.325543264460255e-05,[0.00135523 0.00127406 0.00149931 ...        nan        nan        nan],[0.00132713 0.00132709 0.00132704 ... 0.00109472 0.00109467 0.00109463],,0.12482522022129246
LAS_1.1Torr_SmallAdmixture_1kHzLaserFreq_CapCoupling,0,40.0,1.1,0.0,6,1.1503459345372253,0.058726915958993695,0.0479597071268259,0.48850694003758,-5.902880872043894e-05,[0.0010097  0.00083038 0.00090405 ...        nan        nan        nan],[0.00168332 0.0016832  0.00168308 ... 0.00109338 0.00109326 0.00109315],,0.12484469883136742
LAS_1.1Torr_SmallAdmixture_1kHzLaserFreq_CapCoupling,0,40.0,1.1,0.0,9,1.1433147005420394,0.058116971291721685,0.04775347446392189,0.4855210498800612,-2.3236864179016367e-05,[0.00122489 0.00112767 0.0012547  ...        nan        nan        nan],[0.00151154 0.0015115  0.00151145 ... 0.00127932 0.00127927 0.00127922],,0.12483724417784049
LAS_1.1Torr_SmallAdmixture_1kHzLaserFreq_CapCoupling,0,40.0,1.1,0.0,12,1.174043215079655,0.05870727739890897,0.04697595813434749,0.49857024852369325,6.823592498199742e-06,[0.00132868 0.0012892  0.00127204 ...        nan        nan        nan],[0.00127881 0.00127882 0.00127884 ... 0.00134701 0.00134702 0.00134703],,0.12484663377524614
LAS_1.1Torr_SmallAdmixture_1kHzLaserFreq_CapCoupling,0,40.0,1.1,0.0,15,0.6803264416858773,0.020174026714806153,0.027857557190349883,0.28890803911809565,-2.6470413127383532e-05,[0.0011914  0.00116147 0.0011704  ...        nan        nan        nan],[0.00168988 0.00168982 0.00168977 ... 0.00142533 0.00142528 0.00142523],,0.12487994969107288
LAS_1.1Torr_SmallAdmixture_1kHzLaserFreq_CapCoupling,0,35.0,1.1,8.0,2,1.3735099777287616,0.01255829087626185,0.008589472808506882,0.5832759834990744,-5.2955132721170544e-05,[0.00138855 0.00159763 0.00151927 ...        nan        nan        nan],[0.00165657 0.00165646 0.00165636 ... 0.00112734 0.00112723 0.00112712],,0.05979375156956303
LAS_1.1Torr_SmallAdmixture_1kHzLaserFreq_CapCoupling,0,35.0,1.1,8.0,4,1.352106506607385,0.012253557574829495,0.008513714508608553,0.5741867661864642,-3.405562542449871e-05,[0.00167242 0.00157499 0.0015291  ...        nan        nan        nan],[0.00143939 0.00143932 0.00143925 ... 0.00109904 0.00109897 0.0010989 ],,0.059770102963335014
LAS_1.1Torr_SmallAdmixture_1kHzLaserFreq_CapCoupling,0,35.0,1.1,8.0,6,1.4001587915264422,0.012646040804029361,0.008484867738687292,0.5945926927541675,-4.561980111931757e-05,[0.00146307 0.00140936 0.00160197 ...        nan        nan        nan],[0.00159733 0.00159723 0.00159714 ... 0.0011414  0.00114131 0.00114122],,0.059717918131592156
LAS_1.1Torr_SmallAdmixture_1kHzLaserFreq_CapCoupling,0,35.0,1.1,8.0,8,1.3797694098197568,0.012486746597521673,0.008501793966370281,0.5859341195652267,-4.272767054228958e-05,[0.00170643 0.00169771 0.00182608 ...        nan        nan        nan],[0.00169211 0.00169202 0.00169194 ... 0.00126509 0.001265   0.00126492],,0.05973237276075673
LAS_1.1Torr_SmallAdmixture_1kHzLaserFreq_CapCoupling,0,35.0,1.1,8.0,10,1.3506746747267628,0.0019542572794751002,0.0013592482148822916,0.5735787231711844,5.131732491008818e-07,[       nan        nan        nan ... 0.0016064  0.00157326 0.00152597],[0.00106354 0.00106354 0.00106354 ... 0.00106867 0.00106867 0.00106867],,0.059725474410580806
LAS_1.1Torr_SmallAdmixture_1kHzLaserFreq_CapCoupling,0,35.0,1.1,6.0,2,1.2723694511246153,0.014910022641131419,0.011008619456364839,0.5403255564303184,-1.812374770728878e-06,[0.00489944 0.00477608 0.00469162 ...        nan        nan        nan],[0.00480372 0.00480372 0.00480371 ... 0.00478561 0.0047856  0.0047856 ],,0.06406335257798597
LAS_1.1Torr_SmallAdmixture_1kHzLaserFreq_CapCoupling,0,35.0,1.1,6.0,4,1.2847153922791201,0.01533351489087489,0.011212503242783951,0.5455683949141155,1.4888783803418437e-05,[0.00435078 0.00442154 0.00453291 ...        nan        nan        nan],[0.00440949 0.00440952 0.00440955 ... 0.00455829 0.00455832 0.00455835],,0.06402666811109994
LAS_1.1Torr_SmallAdmixture_1kHzLaserFreq_CapCoupling,0,35.0,1.1,6.0,6,1.277694635154829,0.014901842829094139,0.01095672337489129,0.5425869538740216,1.4214154930629916e-05,[0.00495886 0.0049199  0.00500651 ...        nan        nan        nan],[0.00453553 0.00453556 0.00453559 ... 0.00467759 0.00467761 0.00467764],,0.06399737856293541
LAS_1.1Torr_SmallAdmixture_1kHzLaserFreq_CapCoupling,0,35.0,1.1,6.0,8,1.2686485241657073,0.014895350415814128,0.011030042752867607,0.5387454242385785,2.3707876750683442e-05,[0.00511213 0.00505184 0.00503702 ...        nan        nan        nan],[0.00447227 0.00447232 0.00447237 ... 0.00470921 0.00470926 0.00470931],,0.06400395544446678
LAS_1.1Torr_SmallAdmixture_1kHzLaserFreq_CapCoupling,0,35.0,1.1,6.0,10,1.4835123292985404,0.0020999851688540397,0.0013298199909606964,0.6299896811346545,5.0557675092351105e-05,[       nan        nan        nan ... 0.00464707 0.0046188  0.00479837],[0.00396677 0.00396687 0.00396698 ... 0.00447205 0.00447215 0.00447225],,0.06410144331205918
LAS_1.1Torr_SmallAdmixture_1kHzLaserFreq_CapCoupling,0,35.0,1.1,4.0,2,1.2486071220981205,0.020527911628630824,0.015444958703569208,0.5302346243964091,-3.6695325346038284e-05,[0.00503279 0.00491273 0.00472144 ...        nan        nan        nan],[0.00483497 0.0048349  0.00483483 ... 0.00446824 0.00446817 0.00446809],,0.07053788496604103
LAS_1.1Torr_SmallAdmixture_1kHzLaserFreq_CapCoupling,0,35.0,1.1,4.0,4,1.224750020612742,0.020069659192285025,0.015394313695620061,0.5201034462048012,1.675298190407854e-05,[0.0048475  0.00508812 0.00505826 ...        nan        nan        nan],[0.00416091 0.00416095 0.00416098 ... 0.00432834 0.00432838 0.00432841],,0.07060802782796347
LAS_1.1Torr_SmallAdmixture_1kHzLaserFreq_CapCoupling,0,35.0,1.1,4.0,6,1.2299145251042387,0.020156920136406044,0.015396323739087973,0.522296609330958,8.748536339807698e-06,[0.00500605 0.00501595 0.00498534 ...        nan        nan        nan],[0.00436923 0.00436925 0.00436927 ... 0.00445667 0.00445668 0.0044567 ],,0.07056448233463816
LAS_1.1Torr_SmallAdmixture_1kHzLaserFreq_CapCoupling,0,35.0,1.1,4.0,8,1.2409572011655445,0.020344579808688968,0.015401382637379954,0.5269860020871509,2.6675530602159897e-05,[0.0053306  0.00520984 0.00530067 ...        nan        nan        nan],[0.00432154 0.0043216  0.00432165 ... 0.00458814 0.00458819 0.00458824],,0.07051423234718458
LAS_1.1Torr_SmallAdmixture_1kHzLaserFreq_CapCoupling,0,35.0,1.1,4.0,10,1.4653250535105409,0.0013148261270882293,0.0008429506312171184,0.6222662562273552,-1.71591064946429e-05,[0.00441577 0.00438523 0.00419865 ...        nan        nan        nan],[0.00480851 0.00480848 0.00480844 ... 0.00463702 0.00463699 0.00463695],,0.07059869851670507
LAS_1.1Torr_SmallAdmixture_1kHzLaserFreq_CapCoupling,0,35.0,1.1,2.0,2,1.2075296230687635,0.03294556073571827,0.025631079628623547,0.5127906166829377,-1.5702123971243227e-05,[0.0062742 0.0062926 0.0061767 ...       nan       nan       nan],[0.00656859 0.00656856 0.00656853 ... 0.00641167 0.00641163 0.0064116 ],,0.08264925641540367
LAS_1.1Torr_SmallAdmixture_1kHzLaserFreq_CapCoupling,0,35.0,1.1,2.0,4,1.1938133495917085,0.03274554297320114,0.0257681686930436,0.5069658516415501,-9.325911448399535e-06,[0.0061718  0.00611711 0.00618037 ...        nan        nan        nan],[0.00651823 0.00651821 0.00651819 ... 0.00642503 0.00642501 0.00642499],,0.08268877764394929
LAS_1.1Torr_SmallAdmixture_1kHzLaserFreq_CapCoupling,0,35.0,1.1,2.0,6,1.1859282844419083,0.0328773682382959,0.026043923358422934,0.5036173727773418,-2.670679163715252e-05,[0.00669504 0.00669604 0.00675641 ...        nan        nan        nan],[0.00678311 0.00678306 0.006783   ... 0.0065162  0.00651615 0.0065161 ],,0.08264341814714443
LAS_1.1Torr_SmallAdmixture_1kHzLaserFreq_CapCoupling,0,35.0,1.1,2.0,8,1.2016272471814669,0.03327944800234519,0.026018013607200026,0.51028410842565,-4.819737449087029e-06,[0.00667651 0.00685385 0.00673965 ...        nan        nan        nan],[0.00654373 0.00654372 0.00654371 ... 0.00649556 0.00649555 0.00649554],,0.08270193472521598
LAS_1.1Torr_SmallAdmixture_1kHzLaserFreq_CapCoupling,0,35.0,1.1,2.0,10,1.1157090134124101,0.0008793378427109815,0.0007404105730825298,0.4737979939344989,2.0747082907404093e-05,[       nan        nan        nan ... 0.00661784 0.00659526 0.00658393],[0.00620244 0.00620248 0.00620252 ... 0.00640978 0.00640983 0.00640987],,0.08273192604065087
LAS_1.1Torr_SmallAdmixture_1kHzLaserFreq_CapCoupling,0,35.0,1.1,10.0,2,1.212551323178045,0.006158104967765104,0.004771058562454425,0.5149231363715984,-3.627674659614033e-05,"[8.88749531e-05 2.10944523e-04 1.93621964e-04 ...            nan
            nan            nan]","[ 3.10086014e-04  3.10013460e-04  3.09940907e-04 ... -5.24637916e-05
 -5.25363451e-05 -5.26088986e-05]",,0.05715625365662036
LAS_1.1Torr_SmallAdmixture_1kHzLaserFreq_CapCoupling,0,35.0,1.1,10.0,4,1.2713245010915855,0.006499887055017055,0.004803050835233156,0.5398818070086865,-5.447763617130504e-05,[0.00045773 0.00029476 0.00042441 ...        nan        nan        nan],"[ 0.00042211  0.00042201  0.0004219  ... -0.00012234 -0.00012244
 -0.00012255]",,0.05712231708540194
LAS_1.1Torr_SmallAdmixture_1kHzLaserFreq_CapCoupling,0,35.0,1.1,10.0,6,1.204668556157565,0.006270844558611683,0.0048901958278723045,0.5115756334330558,-5.636402585967879e-05,[0.00087605 0.00089353 0.00078622 ...        nan        nan        nan],"[6.03504392e-04 6.03391664e-04 6.03278935e-04 ... 4.02023171e-05
 4.00895891e-05 3.99768610e-05]",,0.0571115885612557
LAS_1.1Torr_SmallAdmixture_1kHzLaserFreq_CapCoupling,0,35.0,1.1,10.0,8,1.235135636291802,0.006181373122865637,0.004701517934181074,0.5245138111076206,-2.7615476579404476e-05,[0.0008562  0.00083347 0.00093248 ...        nan        nan        nan],[0.00045766 0.00045761 0.00045755 ... 0.00018168 0.00018162 0.00018156],,0.05714565521261659
LAS_1.1Torr_SmallAdmixture_1kHzLaserFreq_CapCoupling,0,35.0,1.1,10.0,10,1.3178630736144163,0.001978620759158313,0.0014104576862179943,0.5596449191076491,-1.0264741060598788e-05,"[        nan         nan         nan ... -0.00059181 -0.00047084
 -0.00055459]","[ 9.80780548e-05  9.80575253e-05  9.80369958e-05 ... -4.50776735e-06
 -4.52829683e-06 -4.54882632e-06]",,0.05718096982882006
LAS_1.1Torr_SmallAdmixture_1kHzLaserFreq_CapCoupling,0,35.0,1.1,0.0,2,1.1187072867302283,0.061630682826762664,0.05175452206841409,0.47507124338052137,-4.893953163075651e-05,"[8.21327886e-05 5.39465058e-05 8.79645430e-05 ...            nan
            nan            nan]",[0.00098151 0.00098142 0.00098132 ... 0.00049241 0.00049232 0.00049222],,0.12232333753680653
LAS_1.1Torr_SmallAdmixture_1kHzLaserFreq_CapCoupling,0,35.0,1.1,0.0,4,1.1473872254168442,0.06300952532581419,0.05158981701468284,0.4872504919592547,-1.4987267322054367e-05,[0.00053111 0.00041366 0.00045137 ...        nan        nan        nan],[0.00067354 0.00067351 0.00067348 ... 0.00052376 0.00052373 0.0005237 ],,0.1224114949307368
LAS_1.1Torr_SmallAdmixture_1kHzLaserFreq_CapCoupling,0,35.0,1.1,0.0,6,1.1105323862173013,0.06146762683574412,0.05199756513125046,0.47159968277011405,-4.007931083409776e-05,[0.00036885 0.00037199 0.00035085 ...        nan        nan        nan],[0.00094466 0.00094458 0.0009445  ... 0.00054411 0.00054403 0.00054395],,0.1224144561834973
LAS_1.1Torr_SmallAdmixture_1kHzLaserFreq_CapCoupling,0,35.0,1.1,0.0,8,1.1396214402041611,0.06258194913646085,0.051588899540135305,0.48395266662051156,2.1925196670263257e-05,[0.00074245 0.00062581 0.00073328 ...        nan        nan        nan],[0.00038813 0.00038817 0.00038821 ... 0.00060725 0.00060729 0.00060734],,0.122316302402863
LAS_1.1Torr_SmallAdmixture_1kHzLaserFreq_CapCoupling,0,35.0,1.1,0.0,10,0.7201725609463591,0.02553465838136779,0.03330897521393366,0.3058291279904974,1.2936945327670411e-05,[0.00044637 0.00052042 0.00050412 ...        nan        nan        nan],[0.00048685 0.00048687 0.0004869  ... 0.00061614 0.00061616 0.00061619],,0.12226599963976945
LAS_1.1Torr_SmallAdmixture_1kHzLaserFreq_CapCoupling,0,30.0,1.1,6.0,2,1.2858103730212431,0.014484284626117021,0.010582491181104952,0.5460333904217057,1.9469396907405627e-06,[0.00492974 0.00488662 0.00495812 ...        nan        nan        nan],[0.00475267 0.00475268 0.00475268 ... 0.00477213 0.00477214 0.00477214],,0.06041715102912653
LAS_1.1Torr_SmallAdmixture_1kHzLaserFreq_CapCoupling,0,30.0,1.1,6.0,4,1.355679648656282,0.015415470553203244,0.010682367121708992,0.5757041399052913,7.667041223423332e-06,[0.00442104 0.00452449 0.00458692 ...        nan        nan        nan],[0.00445825 0.00445826 0.00445828 ... 0.00453487 0.00453489 0.0045349 ],,0.06043498628025861
LAS_1.1Torr_SmallAdmixture_1kHzLaserFreq_CapCoupling,0,30.0,1.1,6.0,6,1.2584279956204842,0.01413717444856289,0.010553634167930127,0.5344051653866165,-5.4161570516890775e-06,[0.00480605 0.00468482 0.00467868 ...        nan        nan        nan],[0.00476927 0.00476925 0.00476924 ... 0.00471514 0.00471513 0.00471511],,0.060412809686095664
LAS_1.1Torr_SmallAdmixture_1kHzLaserFreq_CapCoupling,0,30.0,1.1,6.0,8,1.2914326210418934,0.014442927926137526,0.010506335898840279,0.548420939326988,3.515351277969747e-05,[0.00503316 0.00501419 0.00496213 ...        nan        nan        nan],[0.00437707 0.00437714 0.00437721 ... 0.00472839 0.00472846 0.00472853],,0.06044185659215823
LAS_1.1Torr_SmallAdmixture_1kHzLaserFreq_CapCoupling,0,30.0,1.1,6.0,10,1.504064897386541,0.0021938009223500324,0.0013702456403858509,0.6387175531991758,6.814537409120373e-05,[       nan        nan        nan ... 0.00505677 0.00492199 0.00486956],[0.00387826 0.00387839 0.00387853 ... 0.0045593  0.00455944 0.00455957],,0.06040674174066647
LAS_1.1Torr_SmallAdmixture_1kHzLaserFreq_CapCoupling,0,30.0,1.1,8.0,3,1.164720174742996,0.005857947884750486,0.00472488992545243,0.4946111178222488,-7.19786326397715e-05,[0.00100953 0.00091368 0.0010739  ...        nan        nan        nan],[0.00196391 0.00196376 0.00196362 ... 0.00124455 0.00124441 0.00124427],,0.05688301775901522
LAS_1.1Torr_SmallAdmixture_1kHzLaserFreq_CapCoupling,0,30.0,1.1,8.0,6,1.0401701707962168,0.004233896312512704,0.003823874344597664,0.44171960103326957,-3.5998515693289066e-05,[0.0006816  0.00078891 0.00071255 ...        nan        nan        nan],[0.00157638 0.00157631 0.00157624 ... 0.00121661 0.00121654 0.00121647],,0.05687174038766682
LAS_1.1Torr_SmallAdmixture_1kHzLaserFreq_CapCoupling,0,30.0,1.1,8.0,9,1.0145659333968509,0.005718135386895808,0.005294707194747063,0.4308464825317539,-6.439280736559849e-05,[0.00105457 0.00110963 0.0010429  ...        nan        nan        nan],[0.00210497 0.00210484 0.00210471 ... 0.00146143 0.0014613  0.00146117],,0.056894031020861525
LAS_1.1Torr_SmallAdmixture_1kHzLaserFreq_CapCoupling,0,30.0,1.1,8.0,12,1.157467550701754,0.006053462659413101,0.0049131817855465176,0.49153121196848887,-2.649465730284694e-05,[0.00160516 0.00141109 0.00143691 ...        nan        nan        nan],[0.00185458 0.00185453 0.00185448 ... 0.00158979 0.00158974 0.00158969],,0.05693711427485761
LAS_1.1Torr_SmallAdmixture_1kHzLaserFreq_CapCoupling,0,30.0,1.1,8.0,15,1.4225162903975055,0.0019160206771814787,0.0012653501847776014,0.6040870483497219,2.2150775639770616e-06,[       nan        nan        nan ... 0.00195251 0.00194567 0.00176549],[0.00145732 0.00145732 0.00145732 ... 0.00147945 0.00147946 0.00147946],,0.056898551062021276
LAS_1.1Torr_SmallAdmixture_1kHzLaserFreq_CapCoupling,0,30.0,1.1,4.0,2,1.220516208389811,0.018507431292531074,0.014245260136376009,0.5183055116951706,-1.6113892881049644e-06,[0.00441164 0.00412801 0.00419828 ...        nan        nan        nan],[0.00408305 0.00408304 0.00408304 ... 0.00406694 0.00406694 0.00406694],,0.06640021469067868
LAS_1.1Torr_SmallAdmixture_1kHzLaserFreq_CapCoupling,0,30.0,1.1,4.0,4,1.2264123796159707,0.01856135719715971,0.014218081278445727,0.5208093850754748,2.2336178802905324e-05,[0.00454832 0.00459829 0.00452754 ...        nan        nan        nan],[0.00382913 0.00382917 0.00382922 ... 0.00405235 0.0040524  0.00405244],,0.06642292083541772
LAS_1.1Torr_SmallAdmixture_1kHzLaserFreq_CapCoupling,0,30.0,1.1,4.0,6,1.214442433729925,0.018279295183713466,0.014140029075889727,0.5157262170808317,-2.0757514173685275e-06,[0.004653   0.00461504 0.00453983 ...        nan        nan        nan],[0.004222   0.004222   0.00422199 ... 0.00420126 0.00420125 0.00420125],,0.06635768352926463
LAS_1.1Torr_SmallAdmixture_1kHzLaserFreq_CapCoupling,0,30.0,1.1,4.0,8,1.2128791483150987,0.018386599035120726,0.014241366574807348,0.5150623508893895,1.7758859977212877e-05,[0.00491627 0.00479943 0.00477203 ...        nan        nan        nan],[0.00399533 0.00399536 0.0039954  ... 0.00417281 0.00417285 0.00417288],,0.06641773756816248
LAS_1.1Torr_SmallAdmixture_1kHzLaserFreq_CapCoupling,0,30.0,1.1,4.0,10,1.5154810898459794,0.0014349957465040575,0.0008895449161812734,0.6435655637652182,-2.155168526459289e-05,[0.00373062 0.00380453 0.00379926 ...        nan        nan        nan],[0.00434227 0.00434223 0.00434219 ... 0.00412689 0.00412684 0.0041268 ],,0.06650250290260568
LAS_1.1Torr_SmallAdmixture_1kHzLaserFreq_CapCoupling,0,30.0,1.1,2.0,2,1.1577571606390147,0.030259060605685232,0.02455306735975875,0.49165419798513665,-6.4240141868339914e-06,[0.00656365 0.00676622 0.00653665 ...        nan        nan        nan],[0.00660603 0.00660601 0.006606   ... 0.00654182 0.00654181 0.0065418 ],,0.07773413512191452
LAS_1.1Torr_SmallAdmixture_1kHzLaserFreq_CapCoupling,0,30.0,1.1,2.0,4,1.1374986678673014,0.03029332074887692,0.02501864451450994,0.4830512082091399,-1.4971091533559382e-05,[0.00605388 0.00605288 0.00605071 ...        nan        nan        nan],[0.00662406 0.00662403 0.006624   ... 0.00647444 0.00647441 0.00647438],,0.07777113890699695
LAS_1.1Torr_SmallAdmixture_1kHzLaserFreq_CapCoupling,0,30.0,1.1,2.0,6,1.1968575648692417,0.032260193250088824,0.02532166654308554,0.5082586108415394,-4.215189752527052e-05,[0.00660441 0.00649524 0.00654736 ...        nan        nan        nan],[0.00687999 0.0068799  0.00687982 ... 0.00645872 0.00645864 0.00645855],,0.07772754947681611
LAS_1.1Torr_SmallAdmixture_1kHzLaserFreq_CapCoupling,0,30.0,1.1,2.0,8,1.2116855724463211,0.03205999721858091,0.02485657766918432,0.5145554858865642,1.8750343767499464e-05,[0.00664992 0.00659928 0.00668765 ...        nan        nan        nan],[0.00637252 0.00637255 0.00637259 ... 0.00655991 0.00655994 0.00655998],,0.0777137208320797
LAS_1.1Torr_SmallAdmixture_1kHzLaserFreq_CapCoupling,0,30.0,1.1,2.0,10,1.3609289452079303,0.0010721826813075792,0.0007401182728482528,0.5779333109040371,1.538186313606983e-05,[       nan        nan        nan ... 0.00695844 0.00674847 0.00679135],[0.00631289 0.00631292 0.00631295 ... 0.00646661 0.00646664 0.00646667],,0.07766396434513224
LAS_1.1Torr_SmallAdmixture_1kHzLaserFreq_CapCoupling,0,30.0,1.1,10.0,2,1.226424680015786,0.0063097638293280215,0.004833258379132675,0.5208146085743326,-7.041327860051361e-05,[0.00063689 0.00065988 0.00046452 ...        nan        nan        nan],"[ 0.00039195  0.00039181  0.00039167 ... -0.00031176 -0.0003119
 -0.00031205]",,0.05497704522804549
LAS_1.1Torr_SmallAdmixture_1kHzLaserFreq_CapCoupling,0,30.0,1.1,10.0,4,1.2828609727229432,0.006631801348512815,0.004856458762245839,0.5447808954361447,-6.482119940208261e-05,"[-2.22921381e-04 -3.48640086e-05  4.17973198e-05 ...             nan
             nan             nan]","[ 0.00030251  0.00030238  0.00030225 ... -0.00034532 -0.00034545
 -0.00034558]",,0.05493276405708255
LAS_1.1Torr_SmallAdmixture_1kHzLaserFreq_CapCoupling,0,30.0,1.1,10.0,6,1.2354235198258876,0.006153957184864503,0.004679574816414412,0.5246360639883421,-4.448342881931903e-05,[0.00063473 0.00062926 0.00062399 ...        nan        nan        nan],"[ 0.00020803  0.00020795  0.00020786 ... -0.00023653 -0.00023662
 -0.00023671]",,0.055045297660921554
LAS_1.1Torr_SmallAdmixture_1kHzLaserFreq_CapCoupling,0,30.0,1.1,10.0,8,1.2667581542172324,0.006398242824586864,0.0047449845162462565,0.5379426580346539,-5.005169532474325e-05,[0.00021791 0.00019824 0.00026132 ...        nan        nan        nan],"[ 0.00030349  0.00030338  0.00030328 ... -0.00019673 -0.00019683
 -0.00019693]",,0.054980484649012604
LAS_1.1Torr_SmallAdmixture_1kHzLaserFreq_CapCoupling,0,30.0,1.1,10.0,10,1.2676245652622637,0.0020561742999481596,0.0015238319308491896,0.5383105889289317,3.4972145226715655e-06,"[        nan         nan         nan ... -0.00017292 -0.00029289
 -0.00043748]","[-0.00047786 -0.00047786 -0.00047785 ... -0.00044291 -0.00044291
 -0.0004429 ]",,0.054989499598070736
LAS_1.1Torr_SmallAdmixture_1kHzLaserFreq_CapCoupling,0,30.0,1.1,0.0,2,1.1332149716566406,0.05572678647112771,0.04619760764065791,0.4812320899203773,5.158331627766605e-07,[0.00063373 0.00052946 0.00071487 ...        nan        nan        nan],[0.00073622 0.00073622 0.00073622 ... 0.00074138 0.00074138 0.00074138],,0.10975843849405659
LAS_1.1Torr_SmallAdmixture_1kHzLaserFreq_CapCoupling,0,30.0,1.1,0.0,4,1.1451670167559118,0.05676552082035667,0.0465675710382522,0.4863076561507956,7.540148053490504e-07,[0.00048107 0.00046851 0.0003442  ...        nan        nan        nan],[0.00060856 0.00060856 0.00060856 ... 0.00061609 0.00061609 0.0006161 ],,0.1097286288297338
LAS_1.1Torr_SmallAdmixture_1kHzLaserFreq_CapCoupling,0,30.0,1.1,0.0,6,1.1201721509026112,0.055697970726793306,0.04671134700725184,0.4756933139185542,1.7690534015973215e-06,[0.00071324 0.00082918 0.00080044 ...        nan        nan        nan],[0.00072256 0.00072257 0.00072257 ... 0.00074024 0.00074025 0.00074025],,0.10969615457056756
LAS_1.1Torr_SmallAdmixture_1kHzLaserFreq_CapCoupling,0,30.0,1.1,0.0,8,1.1452147519970695,0.0566311887509108,0.04645543532940631,0.4863279274412742,3.3436774178904824e-05,[0.00093454 0.00115007 0.00095402 ...        nan        nan        nan],[0.00053334 0.00053341 0.00053348 ... 0.00086751 0.00086758 0.00086764],,0.10974194761844969
LAS_1.1Torr_SmallAdmixture_1kHzLaserFreq_CapCoupling,0,30.0,1.1,0.0,10,0.6485371733934954,0.017388769442131875,0.025188468625745957,0.27540837983013333,1.4925207835512076e-05,[0.00095302 0.00085728 0.00097103 ...        nan        nan        nan],[0.00084321 0.00084324 0.00084327 ... 0.00099237 0.0009924  0.00099243],,0.10973484499472116
LAS_1.2Torr_SmallAdmixture_1kHzLaserFreq_CapCoupling,0,80.0,1.2,8.0,2,1.2916342602735111,0.013472027484717628,0.009798536031500146,0.5485065676245912,8.55415267500086e-05,[0.00368393 0.00385562 0.0038751  ... 0.00432069 0.00411767 0.00413272],[0.0026234  0.00262357 0.00262374 ... 0.0034783  0.00347847 0.00347864],2.861637150536367,0.07611303637085318
LAS_1.2Torr_SmallAdmixture_1kHzLaserFreq_CapCoupling,0,80.0,1.2,8.0,4,1.3260828802618205,0.013939664279274467,0.009875280400213592,0.5631355495975455,7.272446470302455e-05,[0.00364412 0.00382946 0.0037608  ... 0.00452695 0.00438495 0.0045818 ],[0.00273249 0.00273263 0.00273278 ... 0.00345929 0.00345944 0.00345959],2.3677634975873008,0.07613520044706275
LAS_1.2Torr_SmallAdmixture_1kHzLaserFreq_CapCoupling,0,80.0,1.2,8.0,6,1.2632853459443596,0.013169945540564682,0.009793779243122499,0.5364678921474683,7.760977788053755e-05,[0.00383684 0.00388679 0.00390973 ... 0.00433335 0.004366   0.00416828],[0.00257032 0.00257048 0.00257063 ... 0.00334596 0.00334611 0.00334627],2.4153118874284094,0.07609690346369181
LAS_1.2Torr_SmallAdmixture_1kHzLaserFreq_CapCoupling,0,80.0,1.2,8.0,8,1.278306602788334,0.01366502576360659,0.010042531728085632,0.5428468326001248,8.03095700777248e-05,[0.00367541 0.00375099 0.0037048  ... 0.00397948 0.00390741 0.00408919],[0.0026298  0.00262996 0.00263012 ... 0.00343241 0.00343257 0.00343273],1.9660442278258754,0.07610153077212334
LAS_1.2Torr_SmallAdmixture_1kHzLaserFreq_CapCoupling,0,80.0,1.2,8.0,10,1.2856549553968541,0.013590193837314806,0.009930451916305066,0.5459673906334345,7.70609389723364e-05,[0.00333869 0.00333454 0.0035769  ...        nan        nan        nan],[0.00252661 0.00252676 0.00252692 ... 0.00329676 0.00329691 0.00329707],,0.07608844205699343
LAS_1.2Torr_SmallAdmixture_1kHzLaserFreq_CapCoupling,0,80.0,1.2,6.0,3,1.2649898060476727,0.01781509546061226,0.013230276417469699,0.5371917097092007,4.471900535250259e-05,[0.00164377 0.001623   0.00175041 ... 0.00215467 0.00217811 0.00220656],[0.00108865 0.00108874 0.00108883 ... 0.00153557 0.00153566 0.00153575],0.7938614622279794,0.0810935658696378
LAS_1.2Torr_SmallAdmixture_1kHzLaserFreq_CapCoupling,0,80.0,1.2,6.0,6,1.275570548890981,0.018162306215515137,0.01337624762569802,0.5416849374892323,4.0652685121964996e-05,[0.00154873 0.0017204  0.00159318 ... 0.00213834 0.00207733 0.00214612],[0.00102024 0.00102032 0.0010204  ... 0.00142652 0.0014266  0.00142669],0.7227415421208241,0.08110170620514104
LAS_1.2Torr_SmallAdmixture_1kHzLaserFreq_CapCoupling,0,80.0,1.2,6.0,9,1.2553258997945806,0.017884674689085202,0.013384197779311421,0.5330878265808553,6.324348820930326e-05,[0.00149276 0.00159458 0.00142896 ... 0.00207221 0.00199338 0.00216698],[0.00071089 0.00071102 0.00071115 ... 0.00134295 0.00134308 0.0013432 ],1.3520088626446247,0.08111560257052246
LAS_1.2Torr_SmallAdmixture_1kHzLaserFreq_CapCoupling,0,80.0,1.2,6.0,12,1.2155482564967335,0.017132963931651403,0.01324122257260062,0.5161958167723842,5.4671274729125e-05,[0.0014441  0.00160187 0.00155602 ... 0.00188016 0.00196387 0.00213612],[0.00082832 0.00082843 0.00082853 ... 0.0013747  0.00137481 0.00137492],1.0217687692566269,0.08105843693141035
LAS_1.2Torr_SmallAdmixture_1kHzLaserFreq_CapCoupling,0,80.0,1.2,6.0,15,1.254897231923228,0.017810721103238527,0.013333406863334675,0.5329057880967439,3.194168348183841e-05,[0.00129111 0.00126854 0.0011249  ...        nan        nan        nan],[0.00096245 0.00096251 0.00096258 ... 0.00128167 0.00128174 0.0012818 ],,0.08110542752505048
LAS_1.2Torr_SmallAdmixture_1kHzLaserFreq_CapCoupling,0,80.0,1.2,4.0,2,1.2539627983565245,0.02297853221359568,0.01721493635979068,0.5325089706971828,4.8733985139213385e-05,[0.00422694 0.00411992 0.00411627 ... 0.00434239 0.00448403 0.00437659],[0.00348703 0.00348713 0.00348723 ... 0.00397408 0.00397418 0.00397428],1.1754484743737779,0.09613116434778975
LAS_1.2Torr_SmallAdmixture_1kHzLaserFreq_CapCoupling,0,80.0,1.2,4.0,4,1.2595906052739967,0.02330441821698243,0.01738107535874976,0.5348988802485932,5.1340225002311684e-05,[0.00378923 0.0037574  0.00373791 ... 0.00454818 0.00461618 0.00465511],[0.00335285 0.00335295 0.00335306 ... 0.00386594 0.00386605 0.00386615],1.2584217043875563,0.09613231960808892
LAS_1.2Torr_SmallAdmixture_1kHzLaserFreq_CapCoupling,0,80.0,1.2,4.0,6,1.25424072582092,0.02293835250177625,0.017181026742707446,0.5326269956243878,5.219692382312378e-05,[0.00382072 0.00367618 0.00366776 ... 0.00454501 0.00462428 0.00461792],[0.00325938 0.00325948 0.00325959 ... 0.00378103 0.00378114 0.00378124],1.4583040123900433,0.09603017360240662
LAS_1.2Torr_SmallAdmixture_1kHzLaserFreq_CapCoupling,0,80.0,1.2,4.0,8,1.2448301712741954,0.02296467004618974,0.017330771403415695,0.5286307010597213,5.136888828930689e-05,[0.00417284 0.00406868 0.0041435  ... 0.00456814 0.00471456 0.0045387 ],[0.00339317 0.00339327 0.00339337 ... 0.00390655 0.00390665 0.00390675],1.267161101588765,0.09619765971003594
LAS_1.2Torr_SmallAdmixture_1kHzLaserFreq_CapCoupling,0,80.0,1.2,4.0,10,1.2633612441665603,0.023152110394523855,0.017215943330233983,0.5365001231548273,6.215616717123732e-05,[0.00402849 0.00399405 0.00404846 ...        nan        nan        nan],[0.00328951 0.00328963 0.00328976 ... 0.0039107  0.00391082 0.00391095],,0.0962168390201602
LAS_1.2Torr_SmallAdmixture_1kHzLaserFreq_CapCoupling,0,80.0,1.2,2.0,2,1.217188507851414,0.03636806256286903,0.028069204979555264,0.5168923673891253,7.263129575160192e-05,[0.00499549 0.00501968 0.0048554  ... 0.00608033 0.00607021 0.0059401 ],[0.00474845 0.0047486  0.00474874 ... 0.00547433 0.00547447 0.00547462],1.6842010704400174,0.11842204218622199
LAS_1.2Torr_SmallAdmixture_1kHzLaserFreq_CapCoupling,0,80.0,1.2,2.0,4,1.236511758956186,0.0372711612445625,0.028316688490795317,0.5250981965969865,7.171129540562381e-05,[0.00488948 0.00491392 0.00493143 ... 0.00580762 0.00582758 0.00570679],[0.00454652 0.00454666 0.0045468  ... 0.0052632  0.00526334 0.00526349],1.7747739521673658,0.11841500106414943
LAS_1.2Torr_SmallAdmixture_1kHzLaserFreq_CapCoupling,0,80.0,1.2,2.0,6,1.2073326109757982,0.03569410118820089,0.02777392822908319,0.5127069533501998,6.861321705121676e-05,[0.00487254 0.0047504  0.00481868 ... 0.00593493 0.00591903 0.00584717],[0.0045673  0.00456743 0.00456757 ... 0.00525302 0.00525315 0.00525329],1.3192761647966087,0.11845645090998563
LAS_1.2Torr_SmallAdmixture_1kHzLaserFreq_CapCoupling,0,80.0,1.2,2.0,8,1.2210154039569174,0.03631264527343214,0.027938593196701816,0.518517500534046,7.499439479053625e-05,[0.0048963  0.00495558 0.00502741 ... 0.0059866  0.00587212 0.00593177],[0.00448004 0.00448019 0.00448034 ... 0.00522954 0.00522969 0.00522984],1.628780751572215,0.11845704571614454
LAS_1.2Torr_SmallAdmixture_1kHzLaserFreq_CapCoupling,0,80.0,1.2,2.0,10,1.2334235585852615,0.03696367927557764,0.02815339307221037,0.5237867586476447,6.807830515669914e-05,[0.00470375 0.00474997 0.00464839 ...        nan        nan        nan],[0.00450785 0.00450799 0.00450813 ... 0.00518823 0.00518836 0.0051885 ],,0.11851196812320916
LAS_1.2Torr_SmallAdmixture_1kHzLaserFreq_CapCoupling,0,80.0,1.2,10.0,2,1.2828125565309723,0.010577838971846963,0.007746428897693055,0.5447603349724808,0.00012113121268422561,[0.00207858 0.00227913 0.00212944 ... 0.00301984 0.00305613 0.00293148],[0.0007543  0.00075454 0.00075478 ... 0.00196488 0.00196513 0.00196537],4.5400242461886755,0.07204411187397682
LAS_1.2Torr_SmallAdmixture_1kHzLaserFreq_CapCoupling,0,80.0,1.2,10.0,4,1.3089599316432128,0.010886523282497996,0.007813230611399626,0.555864102824048,9.289381926526166e-05,[0.00187122 0.00184515 0.00196625 ... 0.00251759 0.0024729  0.00241721],[0.00106812 0.0010683  0.00106849 ... 0.0019965  0.00199669 0.00199687],2.716739649230263,0.0720881731106545
LAS_1.2Torr_SmallAdmixture_1kHzLaserFreq_CapCoupling,0,80.0,1.2,10.0,6,1.2573252595290767,0.010356671516618034,0.007738207144269049,0.5339368764854181,0.00012623095582942707,[0.00207537 0.00204762 0.0019982  ... 0.00296583 0.00286385 0.00287842],[0.00064416 0.00064441 0.00064466 ... 0.00190571 0.00190596 0.00190621],4.839658365881317,0.07207990335987181
LAS_1.2Torr_SmallAdmixture_1kHzLaserFreq_CapCoupling,0,80.0,1.2,10.0,8,1.2677868843377291,0.010470953169643889,0.007759035743787748,0.5383795194936294,0.0001017479893659693,[0.00234755 0.00217868 0.0022839  ... 0.00272756 0.00287597 0.00302618],[0.00097063 0.00097084 0.00097104 ... 0.0019875  0.0019877  0.00198791],3.4591580955036005,0.07207183176021899
LAS_1.2Torr_SmallAdmixture_1kHzLaserFreq_CapCoupling,0,80.0,1.2,10.0,10,1.3084159814180274,0.010662957627130733,0.007655959601827109,0.5556331084317871,0.00010291406580751579,[0.00180194 0.00182344 0.00175561 ...        nan        nan        nan],[0.00079406 0.00079427 0.00079447 ... 0.00182259 0.00182279 0.001823  ],,0.07211650269400656
LAS_1.2Torr_SmallAdmixture_1kHzLaserFreq_CapCoupling,0,80.0,1.2,0.0,2,1.1223549254999925,0.040000744135240844,0.033481556825378726,0.47662025294388954,0.00012505586208797842,[0.00940932 0.00950536 0.00945713 ... 0.01128246 0.0112957  0.01127592],[0.00913835 0.0091386  0.00913885 ... 0.01038816 0.01038841 0.01038866],3.381452644462798,0.1704909860895088
LAS_1.2Torr_SmallAdmixture_1kHzLaserFreq_CapCoupling,0,80.0,1.2,0.0,4,1.007450839381615,0.03521704625113967,0.03283952407476069,0.4278249803026346,7.224443551564284e-05,[0.00961229 0.00960277 0.00963298 ... 0.01100862 0.01116026 0.01116077],[0.00888323 0.00888338 0.00888352 ... 0.00960524 0.00960539 0.00960553],0.013546758397207813,0.164826507178934
LAS_1.2Torr_SmallAdmixture_1kHzLaserFreq_CapCoupling,0,80.0,1.2,0.0,6,1.117450657709022,0.03882685735973763,0.0326416177455859,0.47453760216922874,9.976523452644686e-05,[0.00832478 0.00824972 0.00829757 ... 0.00972759 0.00962917 0.00957191],[0.00747622 0.00747642 0.00747662 ... 0.00847328 0.00847348 0.00847367],0.0430616005013976,0.15855886924472765
LAS_1.2Torr_SmallAdmixture_1kHzLaserFreq_CapCoupling,0,80.0,1.2,0.0,8,1.1738067996114385,0.04275093680452176,0.0342150205185345,0.49846985211815253,0.00011117216714380684,[0.00801652 0.00817003 0.00801492 ... 0.00938031 0.00936992 0.00955795],[0.00727159 0.00727181 0.00727203 ... 0.00838264 0.00838286 0.00838309],3.3856099232295773,0.1575835078939006
LAS_1.2Torr_SmallAdmixture_1kHzLaserFreq_CapCoupling,0,80.0,1.2,0.0,10,1.1602246097037723,0.04190950424093325,0.03393424883980533,0.4927020271260361,0.00012941784133400423,[0.00726256 0.00731166 0.00727724 ...        nan        nan        nan],[0.00700172 0.00700198 0.00700224 ... 0.00829513 0.00829538 0.00829564],,0.15852536221468405
LAS_1.2Torr_SmallAdmixture_1kHzLaserFreq_CapCoupling,0,75.0,1.2,8.0,2,1.2720752472369616,0.012943680157140454,0.009559006583607853,0.5402006195425616,6.695445047713347e-05,[0.0031785  0.00320511 0.00330323 ... 0.00344066 0.00328352 0.00338126],[0.00222749 0.00222762 0.00222776 ... 0.00289663 0.00289677 0.0028969 ],1.4928969901212295,0.07457865017056287
LAS_1.2Torr_SmallAdmixture_1kHzLaserFreq_CapCoupling,0,75.0,1.2,8.0,4,1.2844851020120167,0.013189078248364449,0.009646131168662125,0.545470599641993,4.765373221607115e-05,[0.003393   0.0031958  0.00319583 ... 0.00359125 0.00343507 0.00345442],[0.00238088 0.00238098 0.00238108 ... 0.00285714 0.00285723 0.00285733],1.0592654749758668,0.07458002188471957
LAS_1.2Torr_SmallAdmixture_1kHzLaserFreq_CapCoupling,0,75.0,1.2,8.0,6,1.2326132110700108,0.012422510169539753,0.009467827412104803,0.5234426357423888,7.008401701929314e-05,[0.00323941 0.00322647 0.00321656 ... 0.00327612 0.00335592 0.00312433],[0.00194599 0.00194613 0.00194627 ... 0.00264641 0.00264655 0.00264669],1.700680218618909,0.07455043257332532
LAS_1.2Torr_SmallAdmixture_1kHzLaserFreq_CapCoupling,0,75.0,1.2,8.0,8,1.2576986214193764,0.01298853229923892,0.009701776904016213,0.5340954286818322,5.9221988503052546e-05,[0.00297916 0.00292512 0.00299159 ... 0.00317323 0.00311856 0.00320369],[0.00212755 0.00212767 0.00212779 ... 0.00271942 0.00271953 0.00271965],1.1934366036747415,0.07455426866994415
LAS_1.2Torr_SmallAdmixture_1kHzLaserFreq_CapCoupling,0,75.0,1.2,8.0,10,1.269711961730373,0.012920424562546292,0.009559592140993113,0.5391970245920363,5.7364937674274504e-05,[0.00281168 0.00275427 0.00278482 ...        nan        nan        nan],[0.00202997 0.00203009 0.0020302  ... 0.00260328 0.00260339 0.00260351],,0.07458272280208751
LAS_1.2Torr_SmallAdmixture_1kHzLaserFreq_CapCoupling,0,75.0,1.2,6.0,3,1.2247341720231453,0.017399578989573963,0.013346417132693581,0.5200967159284771,5.704610772540642e-05,[0.00171505 0.00175985 0.00178154 ... 0.00260713 0.00233158 0.00240699],[0.00115049 0.0011506  0.00115072 ... 0.00172061 0.00172072 0.00172084],1.0787806378406621,0.08017199733727318
LAS_1.2Torr_SmallAdmixture_1kHzLaserFreq_CapCoupling,0,75.0,1.2,6.0,6,1.2608094471941673,0.017908099289205115,0.013343440676442803,0.5354164747555461,4.135598939333735e-05,[0.00186959 0.00185351 0.00181922 ... 0.00205067 0.00211967 0.00225593],[0.00129322 0.00129331 0.00129339 ... 0.00170653 0.00170662 0.0017067 ],0.7800216585980534,0.08017018184170548
LAS_1.2Torr_SmallAdmixture_1kHzLaserFreq_CapCoupling,0,75.0,1.2,6.0,9,1.2338983826780456,0.01744616037725094,0.01328275784995396,0.5239883978742964,6.490998133414696e-05,[0.00200879 0.00195748 0.00190755 ... 0.00211584 0.00204304 0.00196803],[0.00097905 0.00097918 0.00097931 ... 0.00162776 0.00162789 0.00162802],1.4576626926496188,0.08021071643211299
LAS_1.2Torr_SmallAdmixture_1kHzLaserFreq_CapCoupling,0,75.0,1.2,6.0,12,1.2374978154323681,0.017542513070922604,0.013317268552221753,0.5255169362277549,4.269782206730471e-05,[0.00184713 0.00195435 0.00195716 ... 0.00246453 0.00242121 0.00246538],[0.00131868 0.00131876 0.00131885 ... 0.0017454  0.00174549 0.00174557],0.9426738942586709,0.0802094163703444
LAS_1.2Torr_SmallAdmixture_1kHzLaserFreq_CapCoupling,0,75.0,1.2,6.0,15,1.215371227596638,0.017145950134715524,0.01325318912405824,0.5161206395203182,4.689063838028795e-05,[0.00181924 0.00192594 0.00179714 ...        nan        nan        nan],[0.00125052 0.00125061 0.0012507  ... 0.00171914 0.00171923 0.00171933],,0.08023396074139773
LAS_1.2Torr_SmallAdmixture_1kHzLaserFreq_CapCoupling,0,75.0,1.2,4.0,3,1.2125114262091237,0.02150450637821708,0.016661397587726532,0.5149061936888633,6.334083839237554e-05,[0.00407881 0.0040234  0.00411164 ... 0.00426261 0.00423589 0.00426692],[0.00314775 0.00314787 0.003148   ... 0.00378078 0.0037809  0.00378103],1.3485229081937167,0.09183517894776456
LAS_1.2Torr_SmallAdmixture_1kHzLaserFreq_CapCoupling,0,75.0,1.2,4.0,6,1.2405723540378473,0.022163684490737686,0.016783697763509138,0.5268225725594851,5.24571706726582e-05,[0.00397722 0.00391406 0.00410677 ... 0.00436344 0.00444883 0.00449944],[0.00324916 0.00324926 0.00324937 ... 0.00377342 0.00377352 0.00377363],1.0633734529055099,0.09178252170204225
LAS_1.2Torr_SmallAdmixture_1kHzLaserFreq_CapCoupling,0,75.0,1.2,4.0,9,1.2167092964072037,0.02186483166519582,0.01688212461220734,0.5166888650258676,6.977777243106656e-05,[0.00361734 0.00368245 0.00359651 ... 0.00408569 0.00403747 0.00419379],[0.00290173 0.00290187 0.00290201 ... 0.00359909 0.00359923 0.00359936],1.4707142214315516,0.09178170737571925
LAS_1.2Torr_SmallAdmixture_1kHzLaserFreq_CapCoupling,0,75.0,1.2,4.0,12,1.2423040752550243,0.022209968665530686,0.016795302324728725,0.5275579668503699,4.6721371293530266e-05,[0.00334528 0.003461   0.00351688 ... 0.00415884 0.0041724  0.00405163],[0.00317294 0.00317304 0.00317313 ... 0.00363988 0.00363997 0.00364006],0.8797702115951898,0.09177860049007311
LAS_1.2Torr_SmallAdmixture_1kHzLaserFreq_CapCoupling,0,75.0,1.2,4.0,15,1.2643913508278464,0.022713776392856353,0.016876237147245926,0.5369375691768534,5.201213210787781e-05,[0.00342508 0.00358356 0.00357449 ...        nan        nan        nan],[0.00300953 0.00300963 0.00300974 ... 0.00352934 0.00352944 0.00352954],,0.09181914851641414
LAS_1.2Torr_SmallAdmixture_1kHzLaserFreq_CapCoupling,0,75.0,1.2,2.0,2,1.2296714061581535,0.0361339728385936,0.027605424459003474,0.5221933662204714,6.846098550010031e-05,[0.00458284 0.00464697 0.00456096 ... 0.00581408 0.00590563 0.00558975],[0.00429126 0.00429139 0.00429153 ... 0.00497545 0.00497559 0.00497573],1.5555231359003812,0.11644890758774347
LAS_1.2Torr_SmallAdmixture_1kHzLaserFreq_CapCoupling,0,75.0,1.2,2.0,4,1.23341738995807,0.03663344068757937,0.027902006335515168,0.5237841390728688,4.687426115727615e-05,[0.00484703 0.00464584 0.00473216 ... 0.00531989 0.00546082 0.00546096],[0.00459056 0.00459065 0.00459074 ... 0.00505902 0.00505911 0.00505921],0.9383975374357493,0.11641206044827183
LAS_1.2Torr_SmallAdmixture_1kHzLaserFreq_CapCoupling,0,75.0,1.2,2.0,6,1.2327185868053456,0.03653699040959704,0.027844320033512344,0.5234873846970094,6.85868626126788e-05,[0.0044533  0.00445941 0.00429154 ... 0.00553774 0.00572052 0.0056398 ],[0.00422658 0.00422672 0.00422686 ... 0.00491204 0.00491217 0.00491231],1.4040667936065794,0.11641805343463678
LAS_1.2Torr_SmallAdmixture_1kHzLaserFreq_CapCoupling,0,75.0,1.2,2.0,8,1.212291765616841,0.03581454705073901,0.027753649388261983,0.5148129124240184,6.298680281292915e-05,[0.0046898  0.00453359 0.00472563 ... 0.00547423 0.00535213 0.0053505 ],[0.00419264 0.00419277 0.0041929  ... 0.00482213 0.00482226 0.00482239],1.3488955323793062,0.11650635128256483
LAS_1.2Torr_SmallAdmixture_1kHzLaserFreq_CapCoupling,0,75.0,1.2,2.0,10,1.2176264043653002,0.03622385395744723,0.02794784891638115,0.5170783249168821,4.5193899571019596e-05,[0.00445429 0.00437944 0.00446626 ...        nan        nan        nan],[0.00433833 0.00433842 0.00433851 ... 0.00479    0.00479009 0.00479018],,0.1164485986284194
LAS_1.2Torr_SmallAdmixture_1kHzLaserFreq_CapCoupling,0,75.0,1.2,10.0,2,1.3080685594004957,0.010523772280101342,0.007558031971202108,0.5554855718850923,9.367398583596047e-05,[0.00264711 0.00259194 0.00264413 ... 0.00280445 0.00291849 0.0027412 ],[0.0012374  0.00123759 0.00123777 ... 0.00217358 0.00217376 0.00217395],3.174274005183563,0.07045320141288201
LAS_1.2Torr_SmallAdmixture_1kHzLaserFreq_CapCoupling,0,75.0,1.2,10.0,4,1.2979720242993353,0.010444548666662693,0.0075594837122566925,0.551197968200698,9.935736360726144e-05,[0.002027   0.00228079 0.00215675 ... 0.00277669 0.00281398 0.00280931],[0.00104783 0.00104803 0.00104823 ... 0.00204081 0.00204101 0.0020412 ],3.2966228828756967,0.07044713115267139
LAS_1.2Torr_SmallAdmixture_1kHzLaserFreq_CapCoupling,0,75.0,1.2,10.0,6,1.2807633166734265,0.010278065361666536,0.007538939964910923,0.5438901029299644,0.00011067348455880457,[0.00185411 0.00179973 0.00197383 ... 0.00258628 0.00245734 0.0025325 ],[0.00076033 0.00076056 0.00076078 ... 0.0018664  0.00186663 0.00186685],4.032890691679856,0.07038844136497922
LAS_1.2Torr_SmallAdmixture_1kHzLaserFreq_CapCoupling,0,75.0,1.2,10.0,8,1.2590360629373698,0.01018260293844573,0.0075978100041510736,0.5346633878007533,0.000112449061901669,[0.00198883 0.00186831 0.00190264 ... 0.00297072 0.00273039 0.00288055],[0.0007714  0.00077162 0.00077185 ... 0.00189521 0.00189544 0.00189566],4.239369737287051,0.07036042000484036
LAS_1.2Torr_SmallAdmixture_1kHzLaserFreq_CapCoupling,0,75.0,1.2,10.0,10,1.3073412774499975,0.010439534438349395,0.007501704407883161,0.5551767236773353,0.00010886993756519439,[0.00193231 0.00170234 0.00185323 ...        nan        nan        nan],[0.00067815 0.00067837 0.00067859 ... 0.0017662  0.00176642 0.00176663],,0.07035922637806555
LAS_1.2Torr_SmallAdmixture_1kHzLaserFreq_CapCoupling,0,75.0,1.2,0.0,2,1.2039615995499697,0.04390789721060279,0.03426082317274165,0.5112754166037117,0.00015880676084969423,[0.00633789 0.00628149 0.00634032 ... 0.00815662 0.00818142 0.00814087],[0.00550505 0.00550536 0.00550568 ... 0.00709216 0.00709248 0.0070928 ],0.8132660408809016,0.14951070417106563
LAS_1.2Torr_SmallAdmixture_1kHzLaserFreq_CapCoupling,0,75.0,1.2,0.0,4,1.1661831080688996,0.04335469102654601,0.034925058230595,0.4952323684052776,0.00011810652285818525,[0.00797636 0.00780124 0.00794216 ... 0.00962229 0.009776   0.00984282],[0.00751801 0.00751825 0.00751848 ... 0.00869837 0.0086986  0.00869884],0.7200388810558307,0.15796850026023304
LAS_1.2Torr_SmallAdmixture_1kHzLaserFreq_CapCoupling,0,75.0,1.2,0.0,6,1.1831306640113768,0.04289402610336167,0.034058999889657514,0.5024293327670509,0.00012538513402876345,[0.00790615 0.00793719 0.0078712  ... 0.0096528  0.00947472 0.00973512],[0.00744788 0.00744813 0.00744838 ... 0.00870098 0.00870123 0.00870148],3.803952334487229,0.15864603690272322
LAS_1.2Torr_SmallAdmixture_1kHzLaserFreq_CapCoupling,0,75.0,1.2,0.0,8,1.2193272120346181,0.045394513037033235,0.03497444933115755,0.5178005914327065,2.115295458430208e-06,[0.00804459 0.00795728 0.00815926 ... 0.00814822 0.00804856 0.00817071],[0.00860223 0.00860224 0.00860224 ... 0.00862337 0.00862338 0.00862338],0.021795562862122125,0.1568387457607199
LAS_1.2Torr_SmallAdmixture_1kHzLaserFreq_CapCoupling,0,75.0,1.2,0.0,10,1.1837621449553426,0.04279007796771705,0.03395833746893005,0.5026974980331392,0.0001524233431186718,[0.00601123 0.00591429 0.0060393  ...        nan        nan        nan],[0.0053741  0.0053744  0.00537471 ... 0.00689742 0.00689772 0.00689803],,0.147125052794256
LAS_1.2Torr_SmallAdmixture_1kHzLaserFreq_CapCoupling,0,70.0,1.2,8.0,3,1.2992418541687387,0.01273088806710172,0.009205269059654707,0.5517372152960686,4.936314728559968e-05,[0.00294014 0.0029507  0.00283536 ... 0.00292419 0.00287165 0.00270381],[0.00203531 0.00203541 0.00203551 ... 0.00252865 0.00252875 0.00252884],1.2143981055780335,0.07265815663831207
LAS_1.2Torr_SmallAdmixture_1kHzLaserFreq_CapCoupling,0,70.0,1.2,8.0,6,1.2903642875759531,0.012882627621814404,0.009379072833977448,0.5479672598756878,4.147481869165133e-05,[0.00265736 0.00281278 0.00292784 ... 0.00315312 0.00305151 0.00313656],[0.0020605  0.00206059 0.00206067 ... 0.002475   0.00247509 0.00247517],0.9050527088199835,0.07270072345926111
LAS_1.2Torr_SmallAdmixture_1kHzLaserFreq_CapCoupling,0,70.0,1.2,8.0,9,1.2628149227587668,0.012394799564818069,0.009220778566476179,0.5362681218140258,7.769440316019729e-05,[0.00257937 0.00247859 0.00246803 ... 0.00317308 0.00292177 0.00305887],[0.00155692 0.00155707 0.00155723 ... 0.00233339 0.00233355 0.0023337 ],1.8016747689434276,0.07266704403302476
LAS_1.2Torr_SmallAdmixture_1kHzLaserFreq_CapCoupling,0,70.0,1.2,8.0,12,1.2658999544536975,0.012666831507088989,0.00940018496635623,0.5375782141505678,4.289090180966689e-05,[0.00272219 0.00277152 0.0026918  ... 0.00288226 0.00280354 0.00268269],[0.00195281 0.00195289 0.00195298 ... 0.00238146 0.00238154 0.00238163],1.0040068714912345,0.07263629805687599
LAS_1.2Torr_SmallAdmixture_1kHzLaserFreq_CapCoupling,0,70.0,1.2,8.0,15,1.2485769314286481,0.012317980528347164,0.009268127429989325,0.530221803599535,4.2465559973301995e-05,[0.00261833 0.00250358 0.00263542 ...        nan        nan        nan],[0.00190369 0.00190378 0.00190386 ... 0.00232809 0.00232818 0.00232826],,0.07262949037469922
LAS_1.2Torr_SmallAdmixture_1kHzLaserFreq_CapCoupling,0,70.0,1.2,6.0,2,1.2723454946315658,0.017117589801392708,0.012638785651199115,0.5403153830444157,3.98239568357392e-05,[0.00206936 0.00193691 0.00180131 ... 0.00222868 0.00232515 0.00247223],[0.00127481 0.00127489 0.00127497 ... 0.00167281 0.00167289 0.00167297],0.7606958873437987,0.07871717900106784
LAS_1.2Torr_SmallAdmixture_1kHzLaserFreq_CapCoupling,0,70.0,1.2,6.0,4,1.2297355204172489,0.0168049465511554,0.012837876921172392,0.5222205930394509,4.1652321828506024e-05,[0.00198255 0.00193514 0.00178658 ... 0.00244537 0.0024361  0.00219875],[0.00131055 0.00131063 0.00131071 ... 0.00172682 0.0017269  0.00172699],0.7714755614471641,0.07861280220742818
LAS_1.2Torr_SmallAdmixture_1kHzLaserFreq_CapCoupling,0,70.0,1.2,6.0,6,1.234808544256151,0.01690495880000697,0.012861223357646171,0.5243749079093311,7.472549843841687e-05,[0.0016694  0.00163933 0.00176859 ... 0.0021718  0.00233093 0.0023739 ],[0.00078043 0.00078058 0.00078073 ... 0.00152724 0.00152739 0.00152754],1.6777721461752204,0.07867166539443388
LAS_1.2Torr_SmallAdmixture_1kHzLaserFreq_CapCoupling,0,70.0,1.2,6.0,8,1.242341263966769,0.01684407433865202,0.012737201780123079,0.5275737594421747,3.2248086815343536e-05,[0.00167809 0.00165528 0.00186581 ... 0.00191068 0.00221005 0.00227805],[0.00123565 0.00123571 0.00123578 ... 0.00155793 0.001558   0.00155806],0.5874719554524048,0.07861369485600829
LAS_1.2Torr_SmallAdmixture_1kHzLaserFreq_CapCoupling,0,70.0,1.2,6.0,10,1.2522530474532156,0.017131300219456483,0.012851860964909496,0.5317829063395616,5.495178483454186e-05,[0.00178933 0.00156405 0.00146018 ...        nan        nan        nan],[0.00097429 0.0009744  0.00097451 ... 0.00152348 0.00152359 0.0015237 ],,0.07865916038167066
LAS_1.2Torr_SmallAdmixture_1kHzLaserFreq_CapCoupling,0,70.0,1.2,4.0,2,1.2425828821933707,0.022084588356577946,0.01669674183043907,0.5276763652557745,6.957262781472064e-05,[0.00388249 0.00386299 0.00365652 ... 0.00434706 0.00413157 0.00421612],[0.00297353 0.00297367 0.00297381 ... 0.00366884 0.00366898 0.00366912],1.5484042124418829,0.08734111189091638
LAS_1.2Torr_SmallAdmixture_1kHzLaserFreq_CapCoupling,0,70.0,1.2,4.0,4,1.2527877018930706,0.022291145748459595,0.016715628090367043,0.5320099531752565,5.012965920887815e-05,[0.00370778 0.00365147 0.00365468 ... 0.00406511 0.00394342 0.00421032],[0.00321172 0.00321182 0.00321192 ... 0.00371271 0.00371281 0.00371291],0.9978896427330189,0.08738690961082148
LAS_1.2Torr_SmallAdmixture_1kHzLaserFreq_CapCoupling,0,70.0,1.2,4.0,6,1.2157547379967597,0.02149299625816732,0.01660805529669942,0.5162835013920485,7.715909914152371e-05,[0.00368598 0.0037964  0.00355865 ... 0.0040351  0.00415064 0.00407159],[0.00270446 0.00270462 0.00270477 ... 0.00347559 0.00347574 0.0034759 ],1.7638248796563154,0.08737954619510728
LAS_1.2Torr_SmallAdmixture_1kHzLaserFreq_CapCoupling,0,70.0,1.2,4.0,8,1.227570407795287,0.021900081594700638,0.016759733638069926,0.5213011543644954,6.332521270342637e-05,[0.00331957 0.00339484 0.00322499 ... 0.0039826  0.00401479 0.00413075],[0.00288338 0.0028835  0.00288363 ... 0.00351625 0.00351638 0.0035165 ],1.2041315907319738,0.08737115349295398
LAS_1.2Torr_SmallAdmixture_1kHzLaserFreq_CapCoupling,0,70.0,1.2,4.0,10,1.2097340367480935,0.021499851559741094,0.016696035184744884,0.5137267449802917,8.470291592386353e-05,[0.00324339 0.00333497 0.00347119 ...        nan        nan        nan],[0.00269185 0.00269202 0.00269219 ... 0.00353837 0.00353854 0.00353871],,0.08744048871050823
LAS_1.2Torr_SmallAdmixture_1kHzLaserFreq_CapCoupling,0,70.0,1.2,2.0,2,1.2551112676708438,0.03689484594367684,0.027615395195751218,0.5329966807099894,7.713303602192448e-05,[0.00551752 0.00554442 0.00555964 ... 0.00671827 0.0065886  0.00669625],[0.00511472 0.00511487 0.00511503 ... 0.00588559 0.00588574 0.0058859 ],1.928916302910324,0.11533609229722736
LAS_1.2Torr_SmallAdmixture_1kHzLaserFreq_CapCoupling,0,70.0,1.2,2.0,4,1.2114583853779446,0.034961054957294915,0.027110892727283967,0.5144590084216063,8.64756852988184e-05,[0.00539332 0.00550814 0.00546196 ... 0.0065037  0.00640332 0.00647669],[0.00510803 0.0051082  0.00510838 ... 0.00597227 0.00597244 0.00597262],2.245679663774457,0.11532683106732101
LAS_1.2Torr_SmallAdmixture_1kHzLaserFreq_CapCoupling,0,70.0,1.2,2.0,6,1.254028132539608,0.03649027987608764,0.027336172400181536,0.5325367155701812,8.136333437062147e-05,[0.00552907 0.00557894 0.00551762 ... 0.00688998 0.00673175 0.00668524],[0.00513014 0.0051303  0.00513047 ... 0.00594329 0.00594345 0.00594361],1.761506886138649,0.1153776207287963
LAS_1.2Torr_SmallAdmixture_1kHzLaserFreq_CapCoupling,0,70.0,1.2,2.0,8,1.2219469461761023,0.03555317850044815,0.027333413585675006,0.5189130900913672,8.19941266601619e-05,[0.00540024 0.00543323 0.00555839 ... 0.00679001 0.00670511 0.00691945],[0.00515648 0.00515664 0.00515681 ... 0.00597593 0.00597609 0.00597626],2.2766024544670787,0.11531596405146949
LAS_1.2Torr_SmallAdmixture_1kHzLaserFreq_CapCoupling,0,70.0,1.2,2.0,10,1.2315037721587279,0.03601806635049882,0.027475932271829772,0.5229715004156686,8.644380794033677e-05,[0.0056362  0.00571338 0.00563942 ...        nan        nan        nan],[0.00513126 0.00513143 0.0051316  ... 0.00599518 0.00599535 0.00599552],,0.11534758753100553
LAS_1.2Torr_SmallAdmixture_1kHzLaserFreq_CapCoupling,0,70.0,1.2,10.0,2,1.3141815097178555,0.010323651566103334,0.00737982010992202,0.558081502869398,0.00011958573931525523,[0.00255942 0.00240866 0.00240618 ... 0.00348589 0.00363694 0.00360154],[0.00128467 0.00128491 0.00128514 ... 0.00247981 0.00248004 0.00248028],4.91226175968233,0.06873911923474836
LAS_1.2Torr_SmallAdmixture_1kHzLaserFreq_CapCoupling,0,70.0,1.2,10.0,4,1.3199743122061247,0.01041105220468241,0.0074096370369664735,0.5605414795884228,9.176013643494992e-05,[0.00234065 0.00227647 0.00232239 ... 0.00363579 0.00369048 0.00373805],[0.00153628 0.00153646 0.00153664 ... 0.00245333 0.00245351 0.00245369],3.3482965727242764,0.06877511555533308
LAS_1.2Torr_SmallAdmixture_1kHzLaserFreq_CapCoupling,0,70.0,1.2,10.0,6,1.28636654924382,0.009938110239293715,0.007257831171144379,0.546269576717024,0.00011917478020061248,[0.00244915 0.00229056 0.00231322 ... 0.00349558 0.0034819  0.00337611],[0.00107256 0.0010728  0.00107304 ... 0.0022636  0.00226383 0.00226407],4.724219485469841,0.0687619966876919
LAS_1.2Torr_SmallAdmixture_1kHzLaserFreq_CapCoupling,0,70.0,1.2,10.0,8,1.2772809301448464,0.010050350158915972,0.007392010152535451,0.5424112695320883,0.00010520745303423931,[0.00239361 0.00229899 0.00243857 ... 0.0032039  0.00319341 0.00321717],[0.00118679 0.001187   0.00118721 ... 0.00223823 0.00223844 0.00223865],3.950462377697338,0.06876675500183553
LAS_1.2Torr_SmallAdmixture_1kHzLaserFreq_CapCoupling,0,70.0,1.2,10.0,10,1.2933498707978077,0.010045551539336619,0.007296684226156172,0.5492351203341355,0.00010778949115044225,[0.00206868 0.00221625 0.00225296 ...        nan        nan        nan],[0.00109458 0.0010948  0.00109501 ... 0.00217183 0.00217204 0.00217226],,0.06875178252800519
LAS_1.2Torr_SmallAdmixture_1kHzLaserFreq_CapCoupling,0,70.0,1.2,0.0,3,1.1884104532944377,0.043970535101183976,0.034758664166840265,0.5046714528365663,0.00010019455683302667,[0.00624618 0.00605845 0.00612669 ... 0.00777482 0.00756855 0.00772804],[0.00594901 0.00594921 0.00594941 ... 0.00695035 0.00695055 0.00695075],3.3815971975963017,0.145818940003689
LAS_1.2Torr_SmallAdmixture_1kHzLaserFreq_CapCoupling,0,70.0,1.2,0.0,6,1.192664860966859,0.044131300092303406,0.03476130623198029,0.5064781334283164,0.00010909755874705352,[0.00628464 0.00645324 0.00622949 ... 0.00775779 0.00772838 0.00777334],[0.00577306 0.00577328 0.0057735  ... 0.00686338 0.0068636  0.00686382],3.71504707352098,0.14582606750004193
LAS_1.2Torr_SmallAdmixture_1kHzLaserFreq_CapCoupling,0,70.0,1.2,0.0,9,1.155621053536653,0.0429159876351816,0.03488762904874176,0.49074707682024366,0.000105878013273429,[0.0058963  0.00574471 0.00577248 ... 0.00788751 0.00768323 0.00774347],[0.00573154 0.00573175 0.00573196 ... 0.00678968 0.00678989 0.0067901 ],3.589425331839068,0.14578488082063149
LAS_1.2Torr_SmallAdmixture_1kHzLaserFreq_CapCoupling,0,70.0,1.2,0.0,12,1.1025502679396781,0.04048998474988202,0.0344998338797743,0.46820998923728263,9.975479244217275e-05,[0.0063963  0.00653276 0.00642523 ... 0.00773826 0.00778359 0.00780024],[0.00586762 0.00586782 0.00586802 ... 0.00686457 0.00686477 0.00686497],3.686568939570496,0.14582703271458994
LAS_1.2Torr_SmallAdmixture_1kHzLaserFreq_CapCoupling,0,70.0,1.2,0.0,15,1.07438685733492,0.03932049487825803,0.034381599563851714,0.4562500899387407,0.00013200478525702536,[0.00599632 0.00583242 0.00595059 ...        nan        nan        nan],[0.00546023 0.00546049 0.00546076 ... 0.00677948 0.00677975 0.00678001],,0.14581401301528843
LAS_1.2Torr_SmallAdmixture_1kHzLaserFreq_CapCoupling,0,65.0,1.2,8.0,2,1.303950404871743,0.012552150303460715,0.00904325646041116,0.55373675267598,5.651940412179786e-05,[0.0030548  0.00286464 0.00289664 ... 0.0029551  0.00288778 0.00286106],[0.0017756  0.00177571 0.00177582 ... 0.00234045 0.00234056 0.00234068],1.854192723223718,0.0708010700876095
LAS_1.2Torr_SmallAdmixture_1kHzLaserFreq_CapCoupling,0,65.0,1.2,8.0,4,1.2917751079236726,0.01253017760281757,0.009112511827027553,0.5485663801144919,5.890070678172666e-05,[0.00260078 0.00247998 0.00278867 ... 0.00291526 0.00282189 0.00288058],[0.00165192 0.00165204 0.00165216 ... 0.00224057 0.00224069 0.00224081],1.6867887593353945,0.070887162077597
LAS_1.2Torr_SmallAdmixture_1kHzLaserFreq_CapCoupling,0,65.0,1.2,8.0,6,1.249201388377472,0.011977385715613291,0.009007356817963929,0.5304869860495237,7.61051482783947e-05,[0.00255753 0.0025121  0.00226325 ... 0.00279837 0.00292436 0.00286082],[0.00123741 0.00123756 0.00123771 ... 0.001998   0.00199815 0.00199831],2.9096571914408056,0.07082563777638715
LAS_1.2Torr_SmallAdmixture_1kHzLaserFreq_CapCoupling,0,65.0,1.2,8.0,8,1.238994775955386,0.01197653790745453,0.009080914946833833,0.5261526368309397,6.618394721549828e-05,[0.00246431 0.00230362 0.00242546 ... 0.00265091 0.00247515 0.00260512],[0.00130902 0.00130915 0.00130928 ... 0.00197046 0.00197059 0.00197073],2.080030713750673,0.07086054755944932
LAS_1.2Torr_SmallAdmixture_1kHzLaserFreq_CapCoupling,0,65.0,1.2,8.0,10,1.2872117158420602,0.012338499208144005,0.009004925900440488,0.5466284859254043,7.685495746029646e-05,[0.00242852 0.00229431 0.00243985 ...        nan        nan        nan],[0.00138519 0.00138534 0.0013855  ... 0.00215328 0.00215343 0.00215359],,0.07086099488775918
LAS_1.2Torr_SmallAdmixture_1kHzLaserFreq_CapCoupling,0,65.0,1.2,6.0,3,1.275062748710829,0.016298728396350094,0.012008532965466143,0.5414692946076357,5.325313626153576e-05,[0.00269681 0.00262074 0.00250357 ... 0.00261528 0.00275702 0.00263494],[0.00175543 0.00175553 0.00175564 ... 0.00228764 0.00228774 0.00228785],1.0522883231732725,0.07673778829416884
LAS_1.2Torr_SmallAdmixture_1kHzLaserFreq_CapCoupling,0,65.0,1.2,6.0,6,1.2494558815305385,0.016019695410900228,0.012044842306859455,0.5305950593409854,4.632187441967505e-05,[0.00217918 0.002205   0.00219214 ... 0.00270753 0.00252456 0.00242345],[0.00180048 0.00180057 0.00180066 ... 0.00226342 0.00226351 0.0022636 ],0.8085056561664606,0.07675720264695053
LAS_1.2Torr_SmallAdmixture_1kHzLaserFreq_CapCoupling,0,65.0,1.2,6.0,9,1.2190128561259495,0.015419828497564115,0.011883354346076121,0.5176670967695657,8.45639439684145e-05,[0.00248744 0.00249051 0.00235009 ... 0.00327102 0.00329266 0.00320645],[0.00139979 0.00139996 0.00140013 ... 0.00224492 0.00224509 0.00224526],2.1171993540860408,0.07679595289800495
LAS_1.2Torr_SmallAdmixture_1kHzLaserFreq_CapCoupling,0,65.0,1.2,6.0,12,1.2270333671253446,0.015769176997174516,0.012073145785973939,0.5210730941901838,5.67538088876279e-05,[0.00223267 0.00235515 0.00237518 ... 0.00321186 0.00338527 0.0033008 ],[0.00175559 0.00175571 0.00175582 ... 0.00232279 0.0023229  0.00232302],0.9381243904444718,0.07675347919595635
LAS_1.2Torr_SmallAdmixture_1kHzLaserFreq_CapCoupling,0,65.0,1.2,6.0,15,1.264673796295988,0.016044012602209477,0.011917969347184138,0.537057512723596,6.03403950205443e-05,[0.00242707 0.00231677 0.00234057 ...        nan        nan        nan],[0.00169579 0.00169591 0.00169603 ... 0.00229883 0.00229895 0.00229907],,0.0767252648274674
LAS_1.2Torr_SmallAdmixture_1kHzLaserFreq_CapCoupling,0,65.0,1.2,2.0,2,1.226138948288657,0.03591533153461466,0.02751743704705404,0.5206932694818903,0.0001043341755504786,[0.00615477 0.00619898 0.00601693 ... 0.00738625 0.00734767 0.00733022],[0.00570438 0.00570458 0.00570479 ... 0.00674709 0.0067473  0.00674751],1.1787531554732071,0.11297043794858956
LAS_1.2Torr_SmallAdmixture_1kHzLaserFreq_CapCoupling,0,65.0,1.2,2.0,4,1.1919831603030102,0.03521750851051566,0.02775596288565881,0.5061886418107775,8.088939461596865e-05,[0.00676521 0.00661694 0.00655916 ... 0.00777737 0.00777942 0.00768735],[0.00615588 0.00615604 0.0061562  ... 0.00696429 0.00696445 0.00696461],1.5901919754467972,0.11452781794017992
LAS_1.2Torr_SmallAdmixture_1kHzLaserFreq_CapCoupling,0,65.0,1.2,2.0,6,1.2014593850206647,0.03545274704171778,0.02772098051631235,0.5102128239293436,7.650276521251866e-05,[0.00581515 0.00599574 0.00590134 ... 0.00688654 0.00680382 0.00690247],[0.0056785  0.00567865 0.0056788  ... 0.00644307 0.00644322 0.00644337],0.9238937801411334,0.11204064800210305
LAS_1.2Torr_SmallAdmixture_1kHzLaserFreq_CapCoupling,0,65.0,1.2,2.0,8,1.220583063481859,0.036214216021403414,0.027872731948565314,0.518333902438739,9.390563844163332e-05,[0.00604319 0.00594783 0.00608509 ... 0.00666455 0.00682265 0.00686872],[0.00537974 0.00537993 0.00538012 ... 0.00631824 0.00631842 0.00631861],1.4524922392489676,0.11187253742365073
LAS_1.2Torr_SmallAdmixture_1kHzLaserFreq_CapCoupling,0,65.0,1.2,2.0,10,1.205135334820936,0.035036473408118406,0.027311927783319076,0.5117738560804109,8.256758094502621e-05,[0.00613618 0.00610115 0.00602829 ...        nan        nan        nan],[0.00540999 0.00541016 0.00541032 ... 0.00623517 0.00623534 0.0062355 ],,0.11152868489732432
LAS_1.2Torr_SmallAdmixture_1kHzLaserFreq_CapCoupling,0,65.0,1.2,4.0,2,1.2338948931490148,0.022984363470438265,0.017499357515133616,0.523986916007757,7.939637379582883e-05,[0.00361888 0.0036311  0.00362706 ... 0.00442177 0.00436381 0.00419428],[0.00279957 0.00279973 0.00279988 ... 0.00359305 0.00359321 0.00359337],2.0716637554165156,0.08418152697920343
LAS_1.2Torr_SmallAdmixture_1kHzLaserFreq_CapCoupling,0,65.0,1.2,4.0,4,1.2325192559112477,0.022707349401247003,0.017307746248733453,0.5234027366600953,7.192080015614206e-05,[0.00327524 0.0032574  0.00324907 ... 0.00465919 0.00446585 0.00456225],[0.0028621  0.00286224 0.00286238 ... 0.00358087 0.00358102 0.00358116],1.4866121411681064,0.08407946508495473
LAS_1.2Torr_SmallAdmixture_1kHzLaserFreq_CapCoupling,0,65.0,1.2,4.0,6,1.2060068047830745,0.022179024384934496,0.017276687187634757,0.5121439352989812,8.323039659196195e-05,[0.00335014 0.00330579 0.00334874 ... 0.00425645 0.00427801 0.00414169],[0.00265343 0.0026536  0.00265376 ... 0.00348523 0.0034854  0.00348557],1.9448196888534914,0.08412279315513893
LAS_1.2Torr_SmallAdmixture_1kHzLaserFreq_CapCoupling,0,65.0,1.2,4.0,8,1.2243454485105971,0.022568742311314043,0.017316940971526012,0.5199316402517312,8.164253928357594e-05,[0.00358767 0.00370827 0.00366843 ... 0.00438092 0.00443674 0.00432761],[0.00275332 0.00275349 0.00275365 ... 0.00356926 0.00356942 0.00356959],2.0324381545450563,0.08412629407091698
LAS_1.2Torr_SmallAdmixture_1kHzLaserFreq_CapCoupling,0,65.0,1.2,4.0,10,1.2343439341339342,0.022676532194133358,0.01725870651258059,0.5241776061566145,7.292996743016974e-05,[0.00317449 0.00332324 0.00318998 ...        nan        nan        nan],[0.00281212 0.00281227 0.00281242 ... 0.00354099 0.00354113 0.00354128],,0.08413749638728323
LAS_1.2Torr_SmallAdmixture_1kHzLaserFreq_CapCoupling,0,65.0,1.2,10.0,2,1.287171085508051,0.009977480556303866,0.007282029007350757,0.5466112318111908,9.43090290880466e-05,[0.0022354  0.00219659 0.00213164 ... 0.0027474  0.00273967 0.00266545],[0.00099048 0.00099067 0.00099086 ... 0.001933   0.00193319 0.00193338],3.4408550447894153,0.06722747353335008
LAS_1.2Torr_SmallAdmixture_1kHzLaserFreq_CapCoupling,0,65.0,1.2,10.0,4,1.317857765035555,0.01020824563894761,0.007276966268883952,0.5596426647617714,9.320455196784988e-05,[0.00231572 0.00221458 0.00230309 ... 0.00252536 0.00250617 0.00258957],[0.00095397 0.00095415 0.00095434 ... 0.00188545 0.00188564 0.00188582],3.6544526446627557,0.06725107488074317
LAS_1.2Torr_SmallAdmixture_1kHzLaserFreq_CapCoupling,0,65.0,1.2,10.0,6,1.2762373181742548,0.00972915304294779,0.007161621846158363,0.5419680883332557,0.00010384118402352233,[0.0021436  0.00202528 0.0019455  ... 0.00306397 0.00291525 0.00304993],[0.00077159 0.0007718  0.00077201 ... 0.00180938 0.00180959 0.0018098 ],4.142383976763484,0.0672186019304502
LAS_1.2Torr_SmallAdmixture_1kHzLaserFreq_CapCoupling,0,65.0,1.2,10.0,8,1.2587323884550354,0.009772407210471444,0.00729349917452934,0.5345344291217344,9.507348869096735e-05,[0.00228462 0.0021535  0.00222276 ... 0.00281532 0.00283503 0.00287399],[0.00089557 0.00089576 0.00089595 ... 0.00184573 0.00184592 0.00184611],3.6921219826199234,0.06722134828050966
LAS_1.2Torr_SmallAdmixture_1kHzLaserFreq_CapCoupling,0,65.0,1.2,10.0,10,1.3053445410512463,0.009988123757281381,0.007188305850882158,0.5543287878008912,9.388900164914148e-05,[0.00174182 0.00171322 0.00152061 ...        nan        nan        nan],[0.00079361 0.0007938  0.00079399 ... 0.00173194 0.00173213 0.00173232],,0.06721720774546502
LAS_1.2Torr_SmallAdmixture_1kHzLaserFreq_CapCoupling,0,65.0,1.2,0.0,2,1.0945797461308195,0.04158763085082548,0.03569312413478168,0.46482522027131523,9.266380437412966e-05,[0.00530784 0.00541799 0.00544783 ... 0.00662817 0.00653429 0.0064988 ],[0.00514908 0.00514927 0.00514945 ... 0.00607516 0.00607535 0.00607553],2.8119708574633298,0.14159942098861414
LAS_1.2Torr_SmallAdmixture_1kHzLaserFreq_CapCoupling,0,65.0,1.2,0.0,4,1.1293599901671127,0.04400759594665268,0.03660690704309414,0.47959503001099585,8.576652538980285e-05,[0.00530401 0.00519093 0.00527404 ... 0.0060213  0.0059122  0.00603171],[0.00511512 0.00511529 0.00511546 ... 0.00597227 0.00597244 0.00597261],2.9434743753917063,0.14158803251074217
LAS_1.2Torr_SmallAdmixture_1kHzLaserFreq_CapCoupling,0,65.0,1.2,0.0,6,1.1596316550936678,0.045456907447535604,0.036825411968566354,0.49245022248756454,0.00012042952302631225,[0.00522162 0.0050175  0.00500919 ... 0.00645001 0.00644533 0.00645868],[0.00455579 0.00455603 0.00455627 ... 0.00575936 0.0057596  0.00575984],5.394224451283059,0.14154895723645722
LAS_1.2Torr_SmallAdmixture_1kHzLaserFreq_CapCoupling,0,65.0,1.2,0.0,8,1.1166744612024782,0.042256193923035645,0.035549343346237224,0.4742079818620712,9.520593341415343e-05,[0.00499141 0.00494732 0.00512656 ... 0.00639406 0.00634199 0.00634779],[0.00496513 0.00496532 0.00496551 ... 0.00591662 0.00591681 0.005917  ],2.8290897245458058,0.14156075962325962
LAS_1.2Torr_SmallAdmixture_1kHzLaserFreq_CapCoupling,0,65.0,1.2,0.0,10,1.150145599590632,0.043351225504538383,0.0354092189117394,0.4884218656188294,0.00012955658497087666,[0.00537611 0.00538588 0.00548853 ...        nan        nan        nan],[0.00457162 0.00457188 0.00457214 ... 0.00586641 0.00586666 0.00586692],,0.14156641401471712
LAS_1.2Torr_SmallAdmixture_1kHzLaserFreq_CapCoupling,0,60.0,1.2,8.0,2,1.2641279106007486,0.0117362068549435,0.008721767898332951,0.5368256964128799,8.190652515930677e-05,[0.00276132 0.00273895 0.00282532 ... 0.00321842 0.00315749 0.00321616],[0.00160206 0.00160223 0.00160239 ... 0.00242064 0.0024208  0.00242096],2.4739115064618877,0.06891167872004413
LAS_1.2Torr_SmallAdmixture_1kHzLaserFreq_CapCoupling,0,60.0,1.2,8.0,4,1.2671463065890087,0.011765477968785906,0.008722693305518892,0.5381074911702455,6.788985791455607e-05,[0.00249112 0.00245861 0.00253054 ... 0.00333106 0.00313556 0.00330272],[0.00171935 0.00171948 0.00171962 ... 0.00239784 0.00239797 0.00239811],1.7636325517297373,0.06895478062913908
LAS_1.2Torr_SmallAdmixture_1kHzLaserFreq_CapCoupling,0,60.0,1.2,8.0,6,1.2568740302466452,0.011825417372204364,0.008838783878326458,0.5337452570521695,7.443938952259061e-05,[0.00249294 0.00246365 0.002547   ... 0.00320432 0.003114   0.00299538],[0.00156209 0.00156224 0.00156239 ... 0.00230604 0.00230619 0.00230634],2.1144485908794524,0.06895119395528129
LAS_1.2Torr_SmallAdmixture_1kHzLaserFreq_CapCoupling,0,60.0,1.2,8.0,8,1.242150698349324,0.011695736651314353,0.008845473441104642,0.527492833675534,8.039844381208027e-05,[0.00218085 0.0021441  0.00221351 ... 0.00333548 0.00334449 0.00332057],[0.00139476 0.00139492 0.00139509 ... 0.00219827 0.00219843 0.00219859],2.058188939031214,0.06897954137818584
LAS_1.2Torr_SmallAdmixture_1kHzLaserFreq_CapCoupling,0,60.0,1.2,8.0,10,1.263259669795488,0.01184923961580654,0.008811820471665593,0.5364569884909762,6.24086527018633e-05,[0.00250364 0.00260803 0.0025034  ...        nan        nan        nan],[0.00159251 0.00159264 0.00159276 ... 0.00221622 0.00221635 0.00221647],,0.06900686912639048
LAS_1.2Torr_SmallAdmixture_1kHzLaserFreq_CapCoupling,0,60.0,1.2,6.0,2,1.2573267514963546,0.01536051035675074,0.011476918018176411,0.5339375100655853,5.374770098354296e-05,[0.00188833 0.00149325 0.00187672 ... 0.00219579 0.00239441 0.00232231],[0.00133437 0.00133448 0.00133458 ... 0.00187152 0.00187163 0.00187174],1.0037974629764086,0.07439603875006273
LAS_1.2Torr_SmallAdmixture_1kHzLaserFreq_CapCoupling,0,60.0,1.2,6.0,4,1.2734217401483359,0.015740098333302505,0.01161189155054017,0.5407724224343433,4.690896451715992e-05,[0.00209546 0.00200005 0.00219554 ... 0.00245007 0.0025078  0.00258435],[0.00141092 0.00141102 0.00141111 ... 0.00187973 0.00187983 0.00187992],0.794252484286383,0.07436817995550873
LAS_1.2Torr_SmallAdmixture_1kHzLaserFreq_CapCoupling,0,60.0,1.2,6.0,6,1.2319999563294985,0.014959767288831742,0.01140727562496883,0.5231822104322653,6.70218989822128e-05,[0.00196587 0.00206761 0.00205374 ... 0.00269717 0.00255731 0.00267085],[0.00110725 0.00110739 0.00110752 ... 0.00177707 0.0017772  0.00177734],1.3219030081901277,0.07435862624818104
LAS_1.2Torr_SmallAdmixture_1kHzLaserFreq_CapCoupling,0,60.0,1.2,6.0,8,1.2268529599652893,0.015151367469848952,0.011601846259437667,0.5209964823232023,5.609479643110674e-05,[0.00173209 0.0017195  0.00166293 ... 0.00240252 0.00251282 0.00255162],[0.00128842 0.00128854 0.00128865 ... 0.00184904 0.00184915 0.00184926],0.9973103110247669,0.07437753801543164
LAS_1.2Torr_SmallAdmixture_1kHzLaserFreq_CapCoupling,0,60.0,1.2,6.0,10,1.2569777448314692,0.015422852244398386,0.011526697590184489,0.5337893005811188,5.0536889959165626e-05,[0.00206424 0.00187721 0.00190407 ...        nan        nan        nan],[0.00130355 0.00130365 0.00130375 ... 0.00180861 0.00180872 0.00180882],,0.0743983000314214
LAS_1.2Torr_SmallAdmixture_1kHzLaserFreq_CapCoupling,0,60.0,1.2,4.0,2,1.2184496782954704,0.022389338875971564,0.017262411374223786,0.5174279371651332,8.608978800341502e-05,[0.0032432  0.00328871 0.00325583 ... 0.00417579 0.00420359 0.00413297],[0.00262792 0.00262809 0.00262826 ... 0.0034883  0.00348847 0.00348864],2.33284808393569,0.08289464221559388
LAS_1.2Torr_SmallAdmixture_1kHzLaserFreq_CapCoupling,0,60.0,1.2,4.0,4,1.217237466283778,0.022055984722182422,0.017022327064666262,0.5169131581210826,6.948482336978477e-05,[0.00343515 0.00341574 0.00334056 ... 0.0041202  0.00421379 0.00403348],[0.00293968 0.00293982 0.00293996 ... 0.00363412 0.00363425 0.00363439],1.4964232333802139,0.08295604089452069
LAS_1.2Torr_SmallAdmixture_1kHzLaserFreq_CapCoupling,0,60.0,1.2,4.0,6,1.212204886380496,0.022102686772312922,0.017129190078858374,0.5147760182093082,7.891535597379745e-05,[0.003366   0.00345318 0.00328106 ... 0.00429331 0.00437688 0.00442718],[0.00269013 0.00269029 0.00269045 ... 0.00347881 0.00347897 0.00347913],1.8083992220249943,0.08295883835854286
LAS_1.2Torr_SmallAdmixture_1kHzLaserFreq_CapCoupling,0,60.0,1.2,4.0,8,1.2146935351875925,0.022212062472107053,0.017178686572889602,0.5158328500518722,7.565208508863671e-05,[0.00335416 0.0032355  0.00312774 ... 0.00454337 0.00441854 0.00437426],[0.00279792 0.00279807 0.00279822 ... 0.00355399 0.00355414 0.00355429],1.6682452631973028,0.0829056213270894
LAS_1.2Torr_SmallAdmixture_1kHzLaserFreq_CapCoupling,0,60.0,1.2,4.0,10,1.2273079558038031,0.022263339960768864,0.0170413720603742,0.5211897012655473,7.38366439886007e-05,[0.00339145 0.00355805 0.00335652 ...        nan        nan        nan],[0.00276565 0.00276579 0.00276594 ... 0.00350357 0.00350372 0.00350386],,0.08289924641068287
LAS_1.2Torr_SmallAdmixture_1kHzLaserFreq_CapCoupling,0,60.0,1.2,10.0,2,1.2966851737138492,0.009854453969135316,0.00713946731828556,0.5506514930727145,0.00010875689398871082,[0.0030365  0.00312286 0.00297874 ... 0.00397173 0.00382728 0.00369347],[0.00181496 0.00181518 0.0018154  ... 0.00290188 0.0029021  0.00290231],4.475251834698665,0.06570972696174371
LAS_1.2Torr_SmallAdmixture_1kHzLaserFreq_CapCoupling,0,60.0,1.2,10.0,4,1.295715792724664,0.009846622579996743,0.007139130643366589,0.5502398348692648,9.628825878662324e-05,[0.00285992 0.00276939 0.00289383 ... 0.0036963  0.00364752 0.00374665],[0.00198279 0.00198298 0.00198317 ... 0.00294509 0.00294529 0.00294548],4.232289294964285,0.06567506617573264
LAS_1.2Torr_SmallAdmixture_1kHzLaserFreq_CapCoupling,0,60.0,1.2,10.0,6,1.2472855437505155,0.009259698412428062,0.006974269782678467,0.5296734017457043,0.00011409642174688922,[0.00329902 0.00331743 0.00325354 ... 0.00400394 0.00407822 0.00413409],[0.00169524 0.00169547 0.00169569 ... 0.00283552 0.00283575 0.00283597],4.99351892301096,0.06565566769537
LAS_1.2Torr_SmallAdmixture_1kHzLaserFreq_CapCoupling,0,60.0,1.2,10.0,8,1.2753127665778805,0.009632773864864391,0.007095817671628947,0.5415754674201099,0.00010600389938050586,[0.00303838 0.00308043 0.00288194 ... 0.00384385 0.00381943 0.00397391],[0.001865   0.00186521 0.00186542 ... 0.0029244  0.00292461 0.00292483],4.484989307100969,0.06569042387579406
LAS_1.2Torr_SmallAdmixture_1kHzLaserFreq_CapCoupling,0,60.0,1.2,10.0,10,1.3071006276467863,0.009790493722294746,0.007036608035417472,0.5550745291152841,0.00011594589960628587,[0.0030133  0.00287043 0.00293814 ...        nan        nan        nan],[0.00166992 0.00167015 0.00167038 ... 0.00282868 0.00282891 0.00282914],,0.06569797350007658
LAS_1.2Torr_SmallAdmixture_1kHzLaserFreq_CapCoupling,0,60.0,1.2,0.0,2,1.1717671283675244,0.047168669717104914,0.03781639341654347,0.4976036834917141,0.00010402609843386762,[0.00450889 0.00447185 0.00460132 ... 0.00557952 0.00550104 0.00562869],[0.00406469 0.0040649  0.00406511 ... 0.00510433 0.00510454 0.00510474],4.3465898307758195,0.13774140035786553
LAS_1.2Torr_SmallAdmixture_1kHzLaserFreq_CapCoupling,0,60.0,1.2,0.0,4,1.1384206104552683,0.046390475950213526,0.03828193383359572,0.48344272117842707,9.68620989123803e-05,[0.00432006 0.0042284  0.00426051 ... 0.00556275 0.00570676 0.00570214],[0.00408524 0.00408544 0.00408563 ... 0.00505328 0.00505348 0.00505367],3.497299165704329,0.13771537933326644
LAS_1.2Torr_SmallAdmixture_1kHzLaserFreq_CapCoupling,0,60.0,1.2,0.0,6,1.1871785871474707,0.04765502439936188,0.03771033854786066,0.5041483274497384,0.00010897241677785835,[0.00416109 0.00423901 0.00414713 ... 0.00524724 0.00545471 0.00538032],[0.00378146 0.00378168 0.0037819  ... 0.00487053 0.00487075 0.00487097],3.702642137823813,0.13767061740162878
LAS_1.2Torr_SmallAdmixture_1kHzLaserFreq_CapCoupling,0,60.0,1.2,0.0,8,1.1801501638956446,0.04779965466119379,0.03805005402826494,0.5011636309050248,9.359118326920513e-05,[0.00432605 0.00432103 0.00428166 ... 0.00549801 0.00547275 0.00548664],[0.00398662 0.0039868  0.00398699 ... 0.00492197 0.00492215 0.00492234],3.410146146221983,0.13767273647970701
LAS_1.2Torr_SmallAdmixture_1kHzLaserFreq_CapCoupling,0,60.0,1.2,0.0,10,1.1593908709644647,0.04708806985944301,0.03815476671053593,0.4923479708825168,0.0001350471991007919,[0.00393203 0.0037208  0.00394388 ...        nan        nan        nan],[0.00354833 0.0035486  0.00354887 ... 0.00489799 0.00489826 0.00489853],,0.1377167425219801
LAS_1.2Torr_SmallAdmixture_1kHzLaserFreq_CapCoupling,0,60.0,1.2,2.0,1,1.1780603538785837,0.03054734132243394,0.024359797109694117,0.5002761703020497,9.16241438210108e-05,[0.00582362 0.00572995 0.0057009  ... 0.00656841 0.00648789 0.00656359],[0.0051763  0.00517648 0.00517666 ... 0.00609199 0.00609217 0.00609236],2.4226099268575787,0.10343615520833332
LAS_1.2Torr_SmallAdmixture_1kHzLaserFreq_CapCoupling,0,60.0,1.2,2.0,2,1.2117719228238175,0.03178434494262447,0.024641104448573276,0.5145921555155996,9.630641047780329e-05,[0.00569493 0.00581434 0.00572172 ... 0.0068983  0.00710735 0.00707189],[0.00516659 0.00516679 0.00516698 ... 0.00612908 0.00612927 0.00612947],2.515830916676068,0.10349322812499999
LAS_1.2Torr_SmallAdmixture_1kHzLaserFreq_CapCoupling,0,60.0,1.2,2.0,3,1.1909595601035572,0.03099564408191144,0.02444958208767551,0.5057539588286902,0.00010759096350858827,[0.0056965  0.00564457 0.0056572  ... 0.00666728 0.00675388 0.00667829],[0.00493202 0.00493223 0.00493245 ... 0.00600728 0.00600749 0.00600771],2.936090531338077,0.10341765052083333
LAS_1.2Torr_SmallAdmixture_1kHzLaserFreq_CapCoupling,0,60.0,1.2,2.0,4,1.2098747457043415,0.03147466191020352,0.024439282527299603,0.5137864985723103,9.821351683538366e-05,[0.00578219 0.00593106 0.00601628 ... 0.00690871 0.00677593 0.00654628],[0.00511691 0.0051171  0.0051173  ... 0.00609845 0.00609865 0.00609884],2.6774550865183078,0.10338889635416668
LAS_1.2Torr_SmallAdmixture_1kHzLaserFreq_CapCoupling,0,60.0,1.2,2.0,5,1.1715310263147338,0.030363231094266287,0.02434792638949969,0.49750342018145016,0.00011716583439910566,[0.00572969 0.00580731 0.0056835  ...        nan        nan        nan],[0.00503809 0.00503833 0.00503856 ... 0.00620905 0.00620928 0.00620952],,0.1034130684307786
LAS_1.2Torr_SmallAdmixture_1kHzLaserFreq_CapCoupling,0,55.0,1.2,8.0,2,1.2918018548116597,0.011668846410922558,0.008485937124962192,0.5485777384720205,6.382531041292484e-05,[0.00175163 0.00196383 0.00188155 ... 0.00225768 0.00209513 0.00215563],[0.00106437 0.0010645  0.00106463 ... 0.00170224 0.00170237 0.0017025 ],1.7916317773870727,0.06700763342438519
LAS_1.2Torr_SmallAdmixture_1kHzLaserFreq_CapCoupling,0,55.0,1.2,8.0,4,1.272282757288472,0.011609091265057452,0.00857200417418585,0.540288740947825,7.081389019556036e-05,[0.00180234 0.00176131 0.00178562 ... 0.00249482 0.00244756 0.00252986],[0.00088767 0.00088782 0.00088796 ... 0.00159539 0.00159553 0.00159567],2.6074387918622146,0.06701095607138087
LAS_1.2Torr_SmallAdmixture_1kHzLaserFreq_CapCoupling,0,55.0,1.2,8.0,6,1.2449673926264229,0.011142454742039494,0.008407961062187136,0.5286889736026773,7.927251828793999e-05,[0.00227915 0.0021498  0.00219388 ... 0.00222038 0.0022154  0.00219985],[0.00075601 0.00075617 0.00075633 ... 0.00154826 0.00154842 0.00154858],3.0694653648159793,0.06703265328692574
LAS_1.2Torr_SmallAdmixture_1kHzLaserFreq_CapCoupling,0,55.0,1.2,8.0,8,1.2517436516812137,0.011453759002412163,0.00859607969543594,0.5315665858724937,6.940108484103897e-05,[0.00198411 0.001992   0.001971   ... 0.00245559 0.00258478 0.002556  ],[0.00106286 0.001063   0.00106314 ... 0.00175646 0.0017566  0.00175674],1.9269427383683368,0.06702845319777632
LAS_1.2Torr_SmallAdmixture_1kHzLaserFreq_CapCoupling,0,55.0,1.2,8.0,10,1.2571537669237798,0.011388519955750756,0.00851033539184855,0.5338640502812847,6.785779792403866e-05,[0.0019255 0.0019404 0.0020218 ...       nan       nan       nan],[0.00115481 0.00115494 0.00115508 ... 0.00183298 0.00183312 0.00183325],,0.06704380973160123
LAS_1.2Torr_SmallAdmixture_1kHzLaserFreq_CapCoupling,0,55.0,1.2,6.0,2,1.269491075562369,0.014963211967052489,0.01107294048893315,0.5391032228731024,6.108704376151072e-05,[0.00240773 0.00235818 0.00247369 ... 0.00298792 0.00292734 0.00291466],[0.00180198 0.0018021  0.00180223 ... 0.00241249 0.00241261 0.00241273],1.2796529889078356,0.0720382709159016
LAS_1.2Torr_SmallAdmixture_1kHzLaserFreq_CapCoupling,0,55.0,1.2,6.0,4,1.2556350596689496,0.014914029500028684,0.011158333928368677,0.5332191146913933,5.9169349307035854e-05,[0.00240628 0.0023396  0.0023349  ... 0.0031984  0.00321118 0.00349317],[0.00183956 0.00183967 0.00183979 ... 0.0024309  0.00243101 0.00243113],1.3687332650523134,0.07206874340651061
LAS_1.2Torr_SmallAdmixture_1kHzLaserFreq_CapCoupling,0,55.0,1.2,6.0,6,1.2274113162692177,0.014509891936178954,0.011105595340429588,0.5212335944138295,8.572521960098822e-05,[0.00242134 0.00228133 0.00224173 ... 0.00316117 0.00329575 0.00324858],[0.00143154 0.00143171 0.00143188 ... 0.00228827 0.00228845 0.00228862],2.1967613524954794,0.07202847745541321
LAS_1.2Torr_SmallAdmixture_1kHzLaserFreq_CapCoupling,0,55.0,1.2,6.0,8,1.292388333745654,0.015343039685037281,0.011152857908363683,0.548826793144046,6.784037318713342e-05,[0.00224611 0.00242021 0.00226433 ... 0.00302569 0.00307885 0.00296828],[0.0017912  0.00179133 0.00179147 ... 0.0024692  0.00246933 0.00246947],1.5892610024560934,0.07203456365653521
LAS_1.2Torr_SmallAdmixture_1kHzLaserFreq_CapCoupling,0,55.0,1.2,6.0,10,1.255014684855721,0.014730766547959556,0.011026668776043764,0.5329556657647809,6.144992540473104e-05,[0.00228952 0.00230542 0.00234579 ...        nan        nan        nan],[0.00185141 0.00185154 0.00185166 ... 0.00246555 0.00246567 0.00246579],,0.0720079346589823
LAS_1.2Torr_SmallAdmixture_1kHzLaserFreq_CapCoupling,0,55.0,1.2,4.0,2,1.2275050925065265,0.021184416632333725,0.0162129109145129,0.5212734175151772,8.37513008780759e-05,[0.00332302 0.00355767 0.00354894 ... 0.00441136 0.00435145 0.00434364],[0.00272238 0.00272255 0.00272272 ... 0.00355939 0.00355956 0.00355973],2.1413068261713533,0.08037147194252413
LAS_1.2Torr_SmallAdmixture_1kHzLaserFreq_CapCoupling,0,55.0,1.2,4.0,4,1.2453351796297296,0.02170141630799358,0.016370789016312337,0.5288451583625627,7.798177067804566e-05,[0.00348492 0.00337171 0.00319332 ... 0.00449135 0.00436395 0.00447295],[0.00287889 0.00287905 0.00287921 ... 0.00365824 0.0036584  0.00365856],1.8659386345963604,0.08038599954496878
LAS_1.2Torr_SmallAdmixture_1kHzLaserFreq_CapCoupling,0,55.0,1.2,4.0,6,1.2242019070525734,0.020966425230837228,0.01608937328838156,0.5198706838069589,9.207674796530771e-05,[0.0038159  0.00371289 0.00381597 ... 0.00439652 0.00439817 0.00440624],[0.00260062 0.0026008  0.00260099 ... 0.00352083 0.00352102 0.0035212 ],2.30616949526218,0.08040931765432717
LAS_1.2Torr_SmallAdmixture_1kHzLaserFreq_CapCoupling,0,55.0,1.2,4.0,8,1.2288764220236388,0.021438365820018478,0.016388954727083502,0.5218557675423082,6.688654024413183e-05,[0.00322381 0.00331152 0.00340734 ... 0.00443304 0.0043499  0.0045276 ],[0.00298964 0.00298977 0.00298991 ... 0.0036581  0.00365824 0.00365837],1.3790761560343718,0.0804215541098978
LAS_1.2Torr_SmallAdmixture_1kHzLaserFreq_CapCoupling,0,55.0,1.2,4.0,10,1.2003472061136033,0.020772440104319025,0.0162572999746759,0.5097405250335497,7.87112626344948e-05,[0.00367527 0.00366206 0.00363565 ...        nan        nan        nan],[0.00277197 0.00277212 0.00277228 ... 0.00355861 0.00355876 0.00355892],,0.08042576218931077
LAS_1.2Torr_SmallAdmixture_1kHzLaserFreq_CapCoupling,0,55.0,1.2,2.0,2,1.2093580419493934,0.030249473193234882,0.023497989671399388,0.5135670746906262,0.00011293660739417763,[0.0059651  0.00601195 0.00619406 ... 0.00721168 0.00732051 0.00730808],[0.00530324 0.00530346 0.00530369 ... 0.00643192 0.00643215 0.00643238],3.711108460021766,0.09644292804358717
LAS_1.2Torr_SmallAdmixture_1kHzLaserFreq_CapCoupling,0,55.0,1.2,2.0,4,1.217114606893102,0.03038133158047831,0.02345001473287148,0.516860984541647,9.457991176806117e-05,[0.00602411 0.00616762 0.00612698 ... 0.00699829 0.00700006 0.00712077],[0.00552475 0.00552494 0.00552513 ... 0.00646998 0.00647017 0.00647036],2.9230172355143194,0.0965146010771543
LAS_1.2Torr_SmallAdmixture_1kHzLaserFreq_CapCoupling,0,55.0,1.2,2.0,6,1.184637760030642,0.02971418716706324,0.0235638404184212,0.5030693375191956,0.00011517798029802744,[0.00570438 0.00570437 0.0055416  ... 0.00718466 0.00718602 0.00727786],[0.00513118 0.00513141 0.00513164 ... 0.00628227 0.0062825  0.00628273],3.4866591006987755,0.09644042094605879
LAS_1.2Torr_SmallAdmixture_1kHzLaserFreq_CapCoupling,0,55.0,1.2,2.0,8,1.1921159745537921,0.029874110946048762,0.023542049674514398,0.5062450428300665,0.0001070876081950828,[0.00588216 0.00583251 0.00583909 ... 0.00712587 0.00724269 0.00712417],[0.00531959 0.0053198  0.00532002 ... 0.00638982 0.00639004 0.00639025],3.233637843193355,0.09650907387692051
LAS_1.2Torr_SmallAdmixture_1kHzLaserFreq_CapCoupling,0,55.0,1.2,2.0,10,1.1919613285847563,0.029730320521433255,0.02343177646432987,0.5061793707336522,0.00012091258176350018,[0.00573075 0.00597747 0.00577041 ...        nan        nan        nan],[0.00527209 0.00527233 0.00527257 ... 0.00648049 0.00648073 0.00648097],,0.09650916451705359
LAS_1.2Torr_SmallAdmixture_1kHzLaserFreq_CapCoupling,0,55.0,1.2,10.0,2,1.2877585864205237,0.00923998957461169,0.006740697171598383,0.5468607204775169,0.00010624165666942927,[0.00356579 0.00355416 0.0034339  ... 0.00443298 0.00447429 0.00427291],[0.00229316 0.00229337 0.00229359 ... 0.00335494 0.00335515 0.00335537],4.711153554710796,0.06386808997530123
LAS_1.2Torr_SmallAdmixture_1kHzLaserFreq_CapCoupling,0,55.0,1.2,10.0,4,1.2922569599249487,0.00933324528895526,0.006785027148317078,0.5487710038190899,9.410130816203021e-05,[0.00369167 0.00394948 0.00381151 ... 0.00407408 0.00402251 0.00402419],[0.0024137  0.00241389 0.00241408 ... 0.00335415 0.00335434 0.00335453],4.1122157804663475,0.0638268618996362
LAS_1.2Torr_SmallAdmixture_1kHzLaserFreq_CapCoupling,0,55.0,1.2,10.0,6,1.2459869940533885,0.009069864028049728,0.00683840876457961,0.5291219584624406,0.00012688516314051523,[0.00329105 0.00326791 0.00339844 ... 0.00436317 0.0042816  0.00428191],[0.00190388 0.00190413 0.00190439 ... 0.00317197 0.00317222 0.00317248],6.127136666150289,0.06381877482393779
LAS_1.2Torr_SmallAdmixture_1kHzLaserFreq_CapCoupling,0,55.0,1.2,10.0,8,1.2587226814776713,0.009142486341010761,0.006823419181312528,0.5345303069479893,0.00010165895485596542,[0.00364736 0.00354614 0.00346566 ... 0.00411488 0.00422297 0.00434229],[0.00223268 0.00223288 0.00223308 ... 0.00324865 0.00324886 0.00324906],4.07184085789252,0.06380683549084415
LAS_1.2Torr_SmallAdmixture_1kHzLaserFreq_CapCoupling,0,55.0,1.2,10.0,10,1.28745270270604,0.009160433550746992,0.0066842476997678426,0.5467308236239848,0.00011750355141607327,[0.00341259 0.00339683 0.00349601 ...        nan        nan        nan],[0.00202471 0.00202494 0.00202518 ... 0.00319904 0.00319927 0.00319951],,0.06387209828680082
LAS_1.2Torr_SmallAdmixture_1kHzLaserFreq_CapCoupling,0,55.0,1.2,0.0,2,1.168780588911488,0.04969492197989066,0.0399435640126938,0.49633541695799804,9.384220891689686e-05,[0.00356612 0.00385429 0.00382078 ... 0.00516205 0.00523463 0.00506321],[0.00352825 0.00352844 0.00352863 ... 0.00446611 0.0044663  0.00446649],4.026764423880441,0.1344292893146009
LAS_1.2Torr_SmallAdmixture_1kHzLaserFreq_CapCoupling,0,55.0,1.2,0.0,4,1.1692629566088204,0.04971848098895812,0.03994601404017047,0.4965402596585476,8.365105429337404e-05,[0.00351824 0.00369279 0.00360019 ... 0.00481491 0.00475603 0.00483521],[0.00380589 0.00380606 0.00380622 ... 0.0046419  0.00464206 0.00464223],2.744272749797519,0.13445796391817585
LAS_1.2Torr_SmallAdmixture_1kHzLaserFreq_CapCoupling,0,55.0,1.2,0.0,6,1.1291238412484992,0.04869132055086981,0.040511447906390004,0.4794947467986494,0.00012593847861001935,[0.00376743 0.00360314 0.00359725 ... 0.00520712 0.00533495 0.0052706 ],[0.00327859 0.00327884 0.00327909 ... 0.00453722 0.00453747 0.00453772],5.598307335384948,0.13448954497301113
LAS_1.2Torr_SmallAdmixture_1kHzLaserFreq_CapCoupling,0,55.0,1.2,0.0,8,1.1420527475258595,0.04908590847651115,0.040377410221702256,0.4849851477762707,8.920942516846168e-05,[0.00408914 0.00408295 0.00414526 ... 0.00530226 0.00519869 0.00527469],[0.00376244 0.00376262 0.0037628  ... 0.004654   0.00465418 0.00465436],3.626132554247395,0.13454812801627739
LAS_1.2Torr_SmallAdmixture_1kHzLaserFreq_CapCoupling,0,55.0,1.2,0.0,10,1.1442853235015733,0.048325473978247976,0.039674328450769195,0.48593323549975725,0.0001244666875513493,[0.00407153 0.0041373  0.00412411 ...        nan        nan        nan],[0.0034171  0.00341735 0.0034176  ... 0.00466102 0.00466127 0.00466152],,0.13450309567758806
LAS_1.2Torr_SmallAdmixture_1kHzLaserFreq_CapCoupling,0,50.0,1.2,8.0,2,1.2645874339383145,0.01087708376493044,0.00808037285369139,0.5370208380070478,6.943668099632409e-05,[0.00185662 0.00193537 0.00184717 ... 0.00255766 0.00252715 0.00253819],[0.0008481  0.00084824 0.00084838 ... 0.00154205 0.00154219 0.00154233],1.9113290415651747,0.06495855500913955
LAS_1.2Torr_SmallAdmixture_1kHzLaserFreq_CapCoupling,0,50.0,1.2,8.0,4,1.2626763383706336,0.010844485815519361,0.008068349690131024,0.5362092704430153,5.252736896325335e-05,[0.00192946 0.00185428 0.00199101 ... 0.00210866 0.00206558 0.00221536],[0.00110158 0.00110168 0.00110179 ... 0.00162654 0.00162664 0.00162675],1.415724991682063,0.06501447810283242
LAS_1.2Torr_SmallAdmixture_1kHzLaserFreq_CapCoupling,0,50.0,1.2,8.0,6,1.2292516767408213,0.010442179617247315,0.007980280189105737,0.5220151235482902,7.481646356059758e-05,[0.00198293 0.00195352 0.00194101 ... 0.00206656 0.00193955 0.0019867 ],[0.00071632 0.00071647 0.00071662 ... 0.00146404 0.00146419 0.00146434],2.1530934706444778,0.06502248987523268
LAS_1.2Torr_SmallAdmixture_1kHzLaserFreq_CapCoupling,0,50.0,1.2,8.0,8,1.2186611041820727,0.010641060547588184,0.00820294414008879,0.5175177214724516,6.806947658229194e-05,[0.00152723 0.0015312  0.00154026 ... 0.00232021 0.0024021  0.00239456],[0.00086656 0.0008667  0.00086683 ... 0.00154685 0.00154698 0.00154712],1.9230720361958,0.06500937902915223
LAS_1.2Torr_SmallAdmixture_1kHzLaserFreq_CapCoupling,0,50.0,1.2,8.0,10,1.236365001556297,0.010652643268355256,0.008094284608820786,0.5250358744674468,6.122844071946421e-05,[0.00167522 0.00174455 0.00161835 ...        nan        nan        nan],[0.00086748 0.0008676  0.00086773 ... 0.0014794  0.00147952 0.00147964],,0.06503037000537108
LAS_1.2Torr_SmallAdmixture_1kHzLaserFreq_CapCoupling,0,50.0,1.2,6.0,2,1.2419013291943544,0.01417215829311525,0.010720540760530342,0.5273869363457164,7.060730402867747e-05,[0.00311349 0.00300566 0.00318486 ... 0.00347463 0.00331184 0.00354504],[0.00216063 0.00216077 0.00216091 ... 0.00286628 0.00286642 0.00286656],1.5841126946151105,0.069610110306423
LAS_1.2Torr_SmallAdmixture_1kHzLaserFreq_CapCoupling,0,50.0,1.2,6.0,4,1.2453736061700502,0.014366444205404698,0.0108372083542237,0.5288614766117647,6.928826942291476e-05,[0.00310695 0.00312339 0.00316672 ... 0.00385326 0.00377179 0.00389412],[0.00223641 0.00223655 0.00223669 ... 0.00292888 0.00292902 0.00292916],1.6684369735101094,0.06960824641869817
LAS_1.2Torr_SmallAdmixture_1kHzLaserFreq_CapCoupling,0,50.0,1.2,6.0,6,1.227148528367265,0.014010394563793447,0.010725585891408389,0.5211219986668394,7.531958951505109e-05,[0.0028958  0.00287176 0.00282013 ... 0.00367288 0.0036649  0.00371034],[0.0020124  0.00201255 0.0020127  ... 0.00276515 0.0027653  0.00276545],1.793408584804564,0.06964149754963558
LAS_1.2Torr_SmallAdmixture_1kHzLaserFreq_CapCoupling,0,50.0,1.2,6.0,8,1.2548937147241108,0.014328464661449394,0.010726560896398691,0.5329042944798008,8.119661264131614e-05,[0.00265884 0.00247998 0.00289822 ... 0.00367013 0.00365565 0.00369896],[0.00197296 0.00197312 0.00197329 ... 0.00278444 0.0027846  0.00278477],2.209222990269464,0.0696229632654771
LAS_1.2Torr_SmallAdmixture_1kHzLaserFreq_CapCoupling,0,50.0,1.2,6.0,10,1.2453536668915532,0.01418877594581054,0.010703357140210732,0.52885300917981,7.412162332791396e-05,[0.00262604 0.00270684 0.00267513 ...        nan        nan        nan],[0.00201511 0.00201526 0.0020154  ... 0.00275588 0.00275603 0.00275618],,0.06966033020042921
LAS_1.2Torr_SmallAdmixture_1kHzLaserFreq_CapCoupling,0,50.0,1.2,4.0,1,1.2607039925132193,0.020687068179161,0.015415357728631434,0.5353716922758104,9.951968772719004e-05,[0.00441466 0.00432778 0.00434885 ... 0.00525351 0.00519204 0.0053512 ],[0.00348933 0.00348953 0.00348973 ... 0.00448393 0.00448413 0.00448433],2.5549064664451375,0.07735325307932062
LAS_1.2Torr_SmallAdmixture_1kHzLaserFreq_CapCoupling,0,50.0,1.2,4.0,2,1.2129423850040417,0.01998506975019445,0.015478657331842546,0.5150892050386381,9.269258591581895e-05,[0.00400648 0.00396467 0.0039864  ... 0.00526284 0.0052718  0.00526235],[0.00346592 0.0034661  0.00346629 ... 0.00439229 0.00439247 0.00439266],2.425349648485688,0.07736643125
LAS_1.2Torr_SmallAdmixture_1kHzLaserFreq_CapCoupling,0,50.0,1.2,4.0,3,1.2174508360883396,0.019757118589351023,0.015245440039419748,0.5170037679343513,0.00010050426363583046,[0.00402784 0.00403917 0.00401715 ... 0.00481545 0.0050292  0.00489756],[0.00324305 0.00324325 0.00324345 ... 0.00424749 0.00424769 0.00424789],2.5453437538251262,0.0773812296875
LAS_1.2Torr_SmallAdmixture_1kHzLaserFreq_CapCoupling,0,50.0,1.2,4.0,4,1.2025622684568582,0.019759226330248625,0.015435835881262891,0.5106811754021114,9.968619895127388e-05,[0.0040884  0.00402293 0.00416305 ... 0.0053665  0.00528817 0.00531589],[0.00320859 0.00320879 0.00320899 ... 0.00420486 0.00420506 0.00420526],2.7665558596196536,0.07733245104166667
LAS_1.2Torr_SmallAdmixture_1kHzLaserFreq_CapCoupling,0,50.0,1.2,4.0,5,1.2073130292739644,0.019654239474401262,0.015293403449680604,0.5126986377670727,9.861050771409438e-05,[0.00398997 0.00408399 0.00416426 ...        nan        nan        nan],[0.00316227 0.00316247 0.00316266 ... 0.00414778 0.00414798 0.00414818],,0.07735753382050109
LAS_1.2Torr_SmallAdmixture_1kHzLaserFreq_CapCoupling,0,50.0,1.2,2.0,3,1.1930333209144142,0.03007608900976527,0.023682992518269576,0.5066346039613121,0.00013658450963515098,[0.00683067 0.00677023 0.0067473  ... 0.00811246 0.00806358 0.00820946],[0.00585435 0.00585463 0.0058549  ... 0.00721938 0.00721965 0.00721993],6.444278714031364,0.09076258979253529
LAS_1.2Torr_SmallAdmixture_1kHzLaserFreq_CapCoupling,0,50.0,1.2,2.0,6,1.1558387686056228,0.029288542863538023,0.023805006158422435,0.49083953189740737,0.00012373852860297633,[0.00684167 0.00695444 0.00703592 ... 0.00863257 0.00860192 0.00847365],[0.00613461 0.00613486 0.0061351  ... 0.00737125 0.0073715  0.00737175],4.449619519986448,0.09071996764119825
LAS_1.2Torr_SmallAdmixture_1kHzLaserFreq_CapCoupling,0,50.0,1.2,2.0,9,1.208737821658776,0.030198103666880204,0.02347012215748509,0.5133036913837251,0.00013329451655783858,[0.00686276 0.00702655 0.00688288 ... 0.00824915 0.00806126 0.00822148],[0.0059265  0.00592677 0.00592704 ... 0.00725865 0.00725891 0.00725918],5.164740208847013,0.09071727020227391
LAS_1.2Torr_SmallAdmixture_1kHzLaserFreq_CapCoupling,0,50.0,1.2,2.0,11,1.2071226703394675,0.030113501680758457,0.023435684513433464,0.5126177997705987,0.00012668434643914789,[0.00678778 0.00681888 0.00682524 ... 0.00827489 0.00842118 0.00826472],[0.0060839  0.00608415 0.0060844  ... 0.00734998 0.00735023 0.00735049],4.864854151815629,0.09076501664745003
LAS_1.2Torr_SmallAdmixture_1kHzLaserFreq_CapCoupling,0,50.0,1.2,2.0,13,1.1897205603916274,0.02969016187489121,0.02344419841472568,0.505227804095744,0.0001430863899141507,[0.00691142 0.00691461 0.00679208 ...        nan        nan        nan],[0.0058971  0.00589739 0.00589768 ... 0.00732711 0.0073274  0.00732768],,0.09072962321908794
LAS_1.2Torr_SmallAdmixture_1kHzLaserFreq_CapCoupling,0,50.0,1.2,10.0,2,1.285681654765295,0.008862607663665176,0.00647583637432876,0.5459787288112699,0.00012208601706807076,[0.00401708 0.0038829  0.00395866 ... 0.00461727 0.00478721 0.00457626],[0.00266319 0.00266344 0.00266368 ... 0.00388332 0.00388356 0.00388381],5.808518604605761,0.06204662730659598
LAS_1.2Torr_SmallAdmixture_1kHzLaserFreq_CapCoupling,0,50.0,1.2,10.0,4,1.2734089340070276,0.008783842191070488,0.0064801404985752225,0.540766984166848,0.00011111037070880591,[0.00384148 0.00396041 0.00381275 ... 0.00504521 0.00509198 0.00494506],[0.00278818 0.0027884  0.00278862 ... 0.00389861 0.00389884 0.00389906],5.003273393790222,0.062061849902485366
LAS_1.2Torr_SmallAdmixture_1kHzLaserFreq_CapCoupling,0,50.0,1.2,10.0,6,1.261632550106327,0.00858111029722545,0.006389669405063811,0.5357660143791351,0.00011388733043447244,[0.00414831 0.0039246  0.00409179 ... 0.00470017 0.0046602  0.00478936],[0.00246109 0.00246132 0.00246155 ... 0.00359928 0.00359951 0.00359974],6.93159648729166,0.06202538297411279
LAS_1.2Torr_SmallAdmixture_1kHzLaserFreq_CapCoupling,0,50.0,1.2,10.0,8,1.2362881003035577,0.00871459146969688,0.006622090832437072,0.5250032175122363,0.0001134188296000133,[0.00408101 0.00385533 0.0038577  ... 0.00469854 0.00484175 0.004617  ],[0.0026627  0.00266293 0.00266316 ... 0.00379621 0.00379644 0.00379666],5.131016511904634,0.06207119870063844
LAS_1.2Torr_SmallAdmixture_1kHzLaserFreq_CapCoupling,0,50.0,1.2,10.0,10,1.2813327498861125,0.008724250206421631,0.006396375862042141,0.5441319189506355,0.00012312770215302824,[0.0038774  0.00389267 0.00379438 ...        nan        nan        nan],[0.00263354 0.00263379 0.00263403 ... 0.00386408 0.00386433 0.00386457],,0.062055237587942576
LAS_1.2Torr_SmallAdmixture_1kHzLaserFreq_CapCoupling,0,50.0,1.2,0.0,2,1.1345868007039297,0.05067466854471445,0.041958599101556145,0.48181465207844276,8.180955631540518e-05,[0.00284154 0.00293768 0.00295992 ... 0.00397846 0.0039398  0.00403746],[0.00286324 0.0028634  0.00286357 ... 0.00368084 0.00368101 0.00368117],3.474029708035886,0.13216529620387554
LAS_1.2Torr_SmallAdmixture_1kHzLaserFreq_CapCoupling,0,50.0,1.2,0.0,4,1.156864630672412,0.05173867642017815,0.042014631695882036,0.4912751754061136,7.01725685133072e-05,[0.00259528 0.00259394 0.00258325 ... 0.00363328 0.00363158 0.00338193],[0.00292831 0.00292845 0.00292859 ... 0.00362961 0.00362975 0.00362989],2.5508421753480897,0.13221807273595815
LAS_1.2Torr_SmallAdmixture_1kHzLaserFreq_CapCoupling,0,50.0,1.2,0.0,7,1.175516718589178,0.052329116310210096,0.04181984130538073,0.49919598785041264,8.332791696464547e-05,[0.00230603 0.00249354 0.00235585 ... 0.00362801 0.00373594 0.00373443],[0.00267716 0.00267733 0.00267749 ... 0.00350994 0.00351011 0.00351027],2.6645883787591504,0.1321788511339066
LAS_1.2Torr_SmallAdmixture_1kHzLaserFreq_CapCoupling,0,50.0,1.2,0.0,10,1.1557501376106531,0.05081011504724914,0.04130037683498344,0.49080189377930283,7.524534591590763e-05,[0.00285522 0.00271124 0.00282543 ... 0.00375035 0.00370537 0.00384127],[0.00277197 0.00277212 0.00277227 ... 0.00352398 0.00352413 0.00352428],2.6586781717335946,0.13220310169122207
LAS_1.2Torr_SmallAdmixture_1kHzLaserFreq_CapCoupling,0,50.0,1.2,0.0,13,1.1454710561471055,0.05022205411185428,0.04118870537352795,0.4864367697923391,8.738384100097371e-05,[0.00268625 0.00278123 0.00279937 ...        nan        nan        nan],[0.00260993 0.00261011 0.00261028 ... 0.00348325 0.00348342 0.0034836 ],,0.1322106937897601
LAS_1.2Torr_SmallAdmixture_1kHzLaserFreq_CapCoupling,0,45.0,1.2,8.0,2,1.2608463931540912,0.010182929385134248,0.007587144256986521,0.5354321642601441,5.5380929431502446e-05,[0.00142882 0.00156515 0.00158917 ... 0.00187027 0.00188567 0.00189926],[0.00057425 0.00057436 0.00057447 ... 0.00112773 0.00112784 0.00112795],1.2889815175933788,0.06277867220133668
LAS_1.2Torr_SmallAdmixture_1kHzLaserFreq_CapCoupling,0,45.0,1.2,8.0,4,1.2588386327652026,0.010092036130686672,0.007531414044963778,0.5345795469261252,4.72807144451539e-05,[0.00115842 0.00090509 0.00109359 ... 0.00153518 0.00133614 0.00129214],[0.00052758 0.00052768 0.00052777 ... 0.00100011 0.0010002  0.0010003 ],1.1139361270659625,0.06277688375753629
LAS_1.2Torr_SmallAdmixture_1kHzLaserFreq_CapCoupling,0,45.0,1.2,8.0,6,1.249557637736556,0.010037401865171176,0.007546278145689856,0.5306382712230281,4.2890444529911095e-05,[0.00123147 0.00122161 0.00111383 ... 0.0011081  0.00124717 0.00114208],[0.00041782 0.00041791 0.00041799 ... 0.00084647 0.00084656 0.00084664],0.91229467507538,0.06278624670157155
LAS_1.2Torr_SmallAdmixture_1kHzLaserFreq_CapCoupling,0,45.0,1.2,8.0,8,1.2650514879820256,0.010210548397913516,0.007582434305712028,0.5372179036149657,5.442969812596344e-05,[0.00074319 0.00086255 0.00079685 ... 0.00148574 0.00157679 0.00154525],[0.00029076 0.00029087 0.00029098 ... 0.00083473 0.00083484 0.00083495],1.2939022681267411,0.06282242920904521
LAS_1.2Torr_SmallAdmixture_1kHzLaserFreq_CapCoupling,0,45.0,1.2,8.0,10,1.2667887271321359,0.010149595450264691,0.007526833895408086,0.5379556411562169,5.7249056901652796e-05,[0.00086626 0.0008976  0.0008956  ...        nan        nan        nan],[0.00022254 0.00022266 0.00022277 ... 0.00079469 0.0007948  0.00079492],,0.06281942213169622
LAS_1.2Torr_SmallAdmixture_1kHzLaserFreq_CapCoupling,0,45.0,1.2,6.0,2,1.2748839696560994,0.013825081436051056,0.01018743445773213,0.5413933741333273,8.004822794689895e-05,[0.00319586 0.00322141 0.00328649 ... 0.00381399 0.0038277  0.00394849],[0.00235685 0.00235701 0.00235717 ... 0.00315685 0.00315701 0.00315717],2.492654593647277,0.06704703949563709
LAS_1.2Torr_SmallAdmixture_1kHzLaserFreq_CapCoupling,0,45.0,1.2,6.0,4,1.2561056503480321,0.01362522488906113,0.010190260817554487,0.5334189561527718,7.34741024521182e-05,[0.00348902 0.00344705 0.00335608 ... 0.0037133  0.00387801 0.00403959],[0.00242584 0.00242599 0.00242613 ... 0.00316014 0.00316029 0.00316043],2.193303111817142,0.0670049922209987
LAS_1.2Torr_SmallAdmixture_1kHzLaserFreq_CapCoupling,0,45.0,1.2,6.0,6,1.2327287949487487,0.013360324620825053,0.010181628802508553,0.5234917196963758,9.735535915702307e-05,[0.00304608 0.00316931 0.00320148 ... 0.00421214 0.00412103 0.00417459],[0.00204625 0.00204644 0.00204664 ... 0.00301922 0.00301941 0.00301961],3.164065673500679,0.06697335744198075
LAS_1.2Torr_SmallAdmixture_1kHzLaserFreq_CapCoupling,0,45.0,1.2,6.0,8,1.2224016058700649,0.013343970190996703,0.010255077368257079,0.5191061662862645,7.748007430374126e-05,[0.00334887 0.00330272 0.00328856 ... 0.00386859 0.00389324 0.00397442],[0.00231686 0.00231702 0.00231717 ... 0.0030912  0.00309135 0.00309151],2.396168283316249,0.06697856030081585
LAS_1.2Torr_SmallAdmixture_1kHzLaserFreq_CapCoupling,0,45.0,1.2,6.0,10,1.2694580589222777,0.013685259139443736,0.010127504815065096,0.5390892019970015,7.684954048283792e-05,[0.00311892 0.00324595 0.00313647 ...        nan        nan        nan],[0.00228    0.00228016 0.00228031 ... 0.00304804 0.00304819 0.00304835],,0.06702215454415549
LAS_1.2Torr_SmallAdmixture_1kHzLaserFreq_CapCoupling,0,45.0,1.2,2.0,2,1.1883176071115429,0.032720941208002056,0.025867892372355768,0.5046320246929633,0.00013339782202468795,[0.00725132 0.00737451 0.00726734 ... 0.0087932  0.00868492 0.00868056],[0.00647965 0.00647991 0.00648018 ... 0.00781283 0.00781309 0.00781336],6.033980093924077,0.08863770678919605
LAS_1.2Torr_SmallAdmixture_1kHzLaserFreq_CapCoupling,0,45.0,1.2,2.0,4,1.1890531334034378,0.0325483059228631,0.02571549671202427,0.5049443739501589,0.000141351492644635,[0.00718515 0.00706141 0.00720267 ... 0.00912859 0.00920973 0.0090638 ],[0.00648643 0.00648672 0.006487   ... 0.0078991  0.00789938 0.00789967],6.252119704553357,0.08872029413728633
LAS_1.2Torr_SmallAdmixture_1kHzLaserFreq_CapCoupling,0,45.0,1.2,2.0,6,1.2189740399354447,0.0330843976083126,0.02549743918928449,0.5176506130511658,0.00014218101123207114,[0.00744749 0.00739899 0.00732585 ... 0.00885746 0.0089021  0.00893004],[0.00629516 0.00629544 0.00629573 ... 0.00771612 0.0077164  0.00771668],6.2511211254841905,0.08865614044971955
LAS_1.2Torr_SmallAdmixture_1kHzLaserFreq_CapCoupling,0,45.0,1.2,2.0,8,1.199690414715997,0.032845481689398014,0.025720193774467985,0.5094616114074354,0.0001347889209095198,[0.00738841 0.00728367 0.00734368 ... 0.00852829 0.00869614 0.00867635],[0.0063649  0.00636517 0.00636544 ... 0.00771198 0.00771225 0.00771252],6.061609845185111,0.08862330675046322
LAS_1.2Torr_SmallAdmixture_1kHzLaserFreq_CapCoupling,0,45.0,1.2,2.0,10,1.19088914876939,0.032726755016494594,0.025816620887960932,0.5057240578881425,0.00015387275619029763,[0.0070998  0.00713451 0.00731084 ...        nan        nan        nan],[0.0062551  0.00625541 0.00625571 ... 0.0077929  0.00779321 0.00779352],,0.08863458951165054
LAS_1.2Torr_SmallAdmixture_1kHzLaserFreq_CapCoupling,0,45.0,1.2,4.0,2,1.2394226768859642,0.01957368605755346,0.014836141622186228,0.5263343496252915,9.833330009374127e-05,[0.00430817 0.0044205  0.00429493 ... 0.0052593  0.00509098 0.00534001],[0.00354153 0.00354173 0.00354192 ... 0.00452427 0.00452447 0.00452467],2.755876736195001,0.07424259640145815
LAS_1.2Torr_SmallAdmixture_1kHzLaserFreq_CapCoupling,0,45.0,1.2,4.0,4,1.2188136953317852,0.01916691016922046,0.014773471941953789,0.5175825209674425,9.119106238195992e-05,[0.00457185 0.00441921 0.00442269 ... 0.00520716 0.00519799 0.0052278 ],[0.00365112 0.0036513  0.00365149 ... 0.00456248 0.00456267 0.00456285],2.2979990467992653,0.0743085667076352
LAS_1.2Torr_SmallAdmixture_1kHzLaserFreq_CapCoupling,0,45.0,1.2,4.0,6,1.2205105832056744,0.019095552547383196,0.014698007675822718,0.5183031228994117,0.00011567866568325384,[0.00421233 0.00411968 0.00420237 ... 0.00567917 0.00567931 0.00568982],[0.00320271 0.00320294 0.00320317 ... 0.0043588  0.00435904 0.00435927],3.7251676247190946,0.07428865359854185
LAS_1.2Torr_SmallAdmixture_1kHzLaserFreq_CapCoupling,0,45.0,1.2,4.0,8,1.2153634559712903,0.01910360486219357,0.014766478683325243,0.5161173392149024,8.94224710464171e-05,[0.00446757 0.00441368 0.00452468 ... 0.00537151 0.00545354 0.00537803],[0.00356027 0.00356045 0.00356063 ... 0.00445396 0.00445414 0.00445432],2.1181731165117124,0.0742386479549179
LAS_1.2Torr_SmallAdmixture_1kHzLaserFreq_CapCoupling,0,45.0,1.2,4.0,10,1.186567130765409,0.018667893917098135,0.014779876338913749,0.5038886658321333,0.00010221566391981219,[0.00414499 0.0041843  0.00412618 ...        nan        nan        nan],[0.00332883 0.00332904 0.00332924 ... 0.00435038 0.00435058 0.00435079],,0.074310169428648
LAS_1.2Torr_SmallAdmixture_1kHzLaserFreq_CapCoupling,0,45.0,1.2,10.0,2,1.301853527209552,0.008621835453120903,0.006221647417461212,0.5528462907204621,0.00011321606937111522,[0.00506159 0.00517595 0.00527276 ... 0.00612658 0.00601259 0.00606849],[0.00395505 0.00395528 0.0039555  ... 0.00508653 0.00508676 0.00508698],5.175073683576923,0.06003882964306564
LAS_1.2Torr_SmallAdmixture_1kHzLaserFreq_CapCoupling,0,45.0,1.2,10.0,4,1.2719196225353715,0.008504652088175689,0.006281518951706313,0.5401345318166997,0.00013219213354220946,[0.00529687 0.00534968 0.00513152 ... 0.00640772 0.00626517 0.00634517],[0.00378943 0.00378969 0.00378995 ... 0.00511055 0.00511082 0.00511108],6.95123726777238,0.060056343820365274
LAS_1.2Torr_SmallAdmixture_1kHzLaserFreq_CapCoupling,0,45.0,1.2,10.0,6,1.2512341761711352,0.008209981108445565,0.006164123756829633,0.5313502315437825,0.0001394493913529167,[0.00486556 0.00482824 0.00499767 ... 0.00616507 0.00620019 0.00610368],[0.00364237 0.00364265 0.00364292 ... 0.00503602 0.0050363  0.00503658],6.865431206502638,0.06004819656408974
LAS_1.2Torr_SmallAdmixture_1kHzLaserFreq_CapCoupling,0,45.0,1.2,10.0,8,1.283082843657301,0.008708473995683245,0.006376100461924991,0.5448751153468449,0.00011885316107290523,[0.00508754 0.00525154 0.00516803 ... 0.0062016  0.00618353 0.00621   ],[0.00395549 0.00395573 0.00395597 ... 0.00514331 0.00514355 0.00514379],5.57938328965297,0.06003243584450893
LAS_1.2Torr_SmallAdmixture_1kHzLaserFreq_CapCoupling,0,45.0,1.2,10.0,10,1.3126879584083897,0.008763761950226606,0.006271867297141052,0.5574472500259089,4.20587496811747e-05,[0.00500205 0.00512065 0.0051048  ...        nan        nan        nan],[0.00486473 0.00486481 0.00486489 ... 0.00528506 0.00528514 0.00528523],,0.06006636696910719
LAS_1.2Torr_SmallAdmixture_1kHzLaserFreq_CapCoupling,0,45.0,1.2,0.0,2,1.168784620641802,0.05479015960328862,0.04403883960157588,0.49633712907622235,8.675011740167673e-05,[0.00251361 0.0026793  0.0027308  ... 0.00348323 0.00346016 0.00353562],[0.00227418 0.00227435 0.00227453 ... 0.00314116 0.00314133 0.00314151],3.725070744034028,0.1295359905158251
LAS_1.2Torr_SmallAdmixture_1kHzLaserFreq_CapCoupling,0,45.0,1.2,0.0,4,1.1795982220855223,0.05424509147626132,0.04320103249153417,0.5009292427991112,8.173960452560526e-05,[0.00261609 0.00255078 0.00254918 ... 0.00348664 0.00345634 0.00339221],[0.00228692 0.00228708 0.00228725 ... 0.00310383 0.00310399 0.00310415],2.7664411527821366,0.12954554750888486
LAS_1.2Torr_SmallAdmixture_1kHzLaserFreq_CapCoupling,0,45.0,1.2,0.0,6,1.143585470798365,0.05286975979383154,0.04343166692345874,0.4856360354208446,8.818573476670533e-05,[0.00232162 0.00250497 0.00235096 ... 0.0033325  0.00344349 0.00348543],[0.00220854 0.00220872 0.00220889 ... 0.00308987 0.00309004 0.00309022],3.758371207512952,0.1295376202809629
LAS_1.2Torr_SmallAdmixture_1kHzLaserFreq_CapCoupling,0,45.0,1.2,0.0,8,1.1913079746443167,0.054530995137535676,0.0430018523900887,0.5059019168611925,0.00010737278356064859,[0.00269648 0.00248286 0.00267364 ... 0.00344264 0.00349676 0.00350707],[0.00205229 0.00205251 0.00205272 ... 0.00312538 0.00312559 0.00312581],4.410250250021566,0.12961196030728225
LAS_1.2Torr_SmallAdmixture_1kHzLaserFreq_CapCoupling,0,45.0,1.2,0.0,10,1.1893474697513937,0.055145761178171875,0.043558325157804,0.505069367088627,0.0001159271553416612,[0.00283043 0.00283924 0.00280829 ...        nan        nan        nan],[0.00205641 0.00205664 0.00205687 ... 0.00321498 0.00321521 0.00321545],,0.1296462782437028
LAS_1.2Torr_SmallAdmixture_1kHzLaserFreq_CapCoupling,0,40.0,1.2,8.0,2,1.289672741196496,0.009953453416516067,0.007250401510851912,0.5476735871676963,6.653598550244739e-05,[0.00185299 0.00175931 0.00166763 ... 0.00223025 0.00244494 0.00239231],[0.00086078 0.00086091 0.00086105 ... 0.00152574 0.00152587 0.00152601],1.6222122191054174,0.06058245725798352
LAS_1.2Torr_SmallAdmixture_1kHzLaserFreq_CapCoupling,0,40.0,1.2,8.0,4,1.2786212052708088,0.00998183198156817,0.007333919564720077,0.5429804319735201,5.641218616652555e-05,[0.00141263 0.00154364 0.00154218 ... 0.00202703 0.00204168 0.00196162],[0.00089271 0.00089282 0.00089293 ... 0.00145649 0.0014566  0.00145671],1.4648283143354237,0.06056465069960501
LAS_1.2Torr_SmallAdmixture_1kHzLaserFreq_CapCoupling,0,40.0,1.2,8.0,6,1.24702349606577,0.009565428091138308,0.007206054868963136,0.5295621203400196,7.534333020215597e-05,[0.00132241 0.00132532 0.00142888 ... 0.00178956 0.0019255  0.00169252],[0.00054399 0.00054414 0.00054429 ... 0.00129697 0.00129712 0.00129727],2.192886367738624,0.06056211661896632
LAS_1.2Torr_SmallAdmixture_1kHzLaserFreq_CapCoupling,0,40.0,1.2,8.0,8,1.2196179366450222,0.009547457280228471,0.007354136911524912,0.5179240508074547,5.815873241992278e-05,[0.00153449 0.00144347 0.00151946 ... 0.00187117 0.00183937 0.00186856],[0.00072813 0.00072824 0.00072836 ... 0.00130936 0.00130948 0.0013096 ],1.4216614882054683,0.06056704303909754
LAS_1.2Torr_SmallAdmixture_1kHzLaserFreq_CapCoupling,0,40.0,1.2,8.0,10,1.2757795295310597,0.009786802184625427,0.007206642369372238,0.5417736833959608,6.980510885676006e-05,[0.00151577 0.00158567 0.00162221 ...        nan        nan        nan],[0.0005128  0.00051293 0.00051307 ... 0.00121043 0.00121057 0.00121071],,0.06061511608183782
LAS_1.2Torr_SmallAdmixture_1kHzLaserFreq_CapCoupling,0,40.0,1.2,6.0,2,1.2765767831177548,0.01320175117601287,0.009715214441370143,0.5421122458217298,8.610580519767354e-05,[0.00318058 0.00313787 0.00336205 ... 0.00399848 0.00383658 0.00410215],[0.00228666 0.00228683 0.002287   ... 0.0031472  0.00314737 0.00314754],3.1028703287671973,0.06437136203550337
LAS_1.2Torr_SmallAdmixture_1kHzLaserFreq_CapCoupling,0,40.0,1.2,6.0,4,1.2656214467559765,0.013164094141125043,0.009771358416991945,0.5374599428209567,7.076139802926974e-05,[0.0035721  0.00349837 0.00367901 ... 0.00384648 0.0038435  0.00412163],[0.00245432 0.00245446 0.0024546  ... 0.00316151 0.00316165 0.00316179],2.0640806927681523,0.06434957203085305
LAS_1.2Torr_SmallAdmixture_1kHzLaserFreq_CapCoupling,0,40.0,1.2,6.0,6,1.246826926113775,0.01277103667729056,0.009622496668148217,0.5294786447672641,8.115931324736053e-05,[0.00359754 0.00350976 0.00370606 ... 0.00403038 0.00388837 0.00406307],[0.00218939 0.00218955 0.00218971 ... 0.00300049 0.00300065 0.00300082],2.8099440486126834,0.06435824527426795
LAS_1.2Torr_SmallAdmixture_1kHzLaserFreq_CapCoupling,0,40.0,1.2,6.0,8,1.2265825421568133,0.012753063973886073,0.009767547884419843,0.5208816464532399,8.291005801335843e-05,[0.00268471 0.0030112  0.0029305  ... 0.00380004 0.00381349 0.00387195],[0.00214035 0.00214052 0.00214068 ... 0.00296896 0.00296912 0.00296929],2.7100655974023455,0.06435999705425191
LAS_1.2Torr_SmallAdmixture_1kHzLaserFreq_CapCoupling,0,40.0,1.2,6.0,10,1.2465058848953114,0.012781474790500189,0.009632841722174575,0.5293423111144481,6.633318473167258e-05,[0.00274872 0.0026903  0.00285167 ...        nan        nan        nan],[0.00214636 0.0021465  0.00214663 ... 0.0028093  0.00280943 0.00280956],,0.06435134437883391
LAS_1.2Torr_SmallAdmixture_1kHzLaserFreq_CapCoupling,0,40.0,1.2,4.0,3,1.2130629904406243,0.01820211964889216,0.014096341149860253,0.5151404214518995,0.00010637935080110124,[0.00442316 0.00448251 0.00435489 ... 0.00548047 0.00538556 0.00536565],[0.00355704 0.00355725 0.00355746 ... 0.00462019 0.0046204  0.00462062],3.45679533381884,0.07080224165408489
LAS_1.2Torr_SmallAdmixture_1kHzLaserFreq_CapCoupling,0,40.0,1.2,4.0,6,1.2284440998110593,0.01837504508736037,0.014052086175926308,0.5216721772023619,9.945482964857135e-05,[0.00455307 0.00462503 0.00457595 ... 0.00543556 0.0053435  0.00541363],[0.00375317 0.00375337 0.00375357 ... 0.00474712 0.00474732 0.00474752],3.081473345509302,0.07082453342559974
LAS_1.2Torr_SmallAdmixture_1kHzLaserFreq_CapCoupling,0,40.0,1.2,4.0,9,1.210040229955331,0.017760794494171544,0.013788923735010204,0.5138567732632952,0.00011245495856593978,[0.00474235 0.00469151 0.00480241 ... 0.00583803 0.00580198 0.00575736],[0.0035102  0.00351043 0.00351065 ... 0.00463408 0.0046343  0.00463453],3.349549571738488,0.07087907859419561
LAS_1.2Torr_SmallAdmixture_1kHzLaserFreq_CapCoupling,0,40.0,1.2,4.0,12,1.2328218805780402,0.018203711350131418,0.013871626811963345,0.5235312495235012,0.00010069073409095453,[0.00453778 0.00460812 0.00464058 ... 0.00530048 0.00550513 0.0053081 ],[0.0037454  0.0037456  0.0037458  ... 0.00475171 0.00475191 0.00475211],2.938094534720431,0.07086838512833417
LAS_1.2Torr_SmallAdmixture_1kHzLaserFreq_CapCoupling,0,40.0,1.2,4.0,15,1.2191498768655737,0.018217309458264417,0.014037666695009948,0.5177252841201929,0.0001229871534825405,[0.00440664 0.00425971 0.00438511 ...        nan        nan        nan],[0.0034376  0.00343784 0.00343809 ... 0.00466673 0.00466698 0.00466722],,0.07085898394082249
LAS_1.2Torr_SmallAdmixture_1kHzLaserFreq_CapCoupling,0,40.0,1.2,2.0,1,1.144591873992412,0.029761585338266696,0.02442717214341683,0.48606341550713633,0.0001553307503157074,[0.00787873 0.00777328 0.00776552 ... 0.00994829 0.00999902 0.00976999],[0.00740349 0.0074038  0.00740411 ... 0.00895587 0.00895618 0.00895649],8.483157270569311,0.0848082265625
LAS_1.2Torr_SmallAdmixture_1kHzLaserFreq_CapCoupling,0,40.0,1.2,2.0,2,1.1483177565517138,0.029969653659055632,0.024518135086215007,0.48764565214860034,0.00015352369158160573,[0.00818312 0.00828272 0.00822924 ... 0.01009117 0.01006308 0.0101701 ],[0.00735133 0.00735164 0.00735194 ... 0.00888565 0.00888595 0.00888626],7.354275789932409,0.08478481927083333
LAS_1.2Torr_SmallAdmixture_1kHzLaserFreq_CapCoupling,0,40.0,1.2,2.0,3,1.162960801752822,0.029395348477442938,0.023745500397309438,0.49386398090455236,0.00015103770180946669,[0.00769974 0.00780261 0.00776114 ... 0.01002474 0.01000403 0.0100318 ],[0.00714104 0.00714134 0.00714164 ... 0.00865051 0.00865081 0.00865111],9.438572549751393,0.0847510421875
LAS_1.2Torr_SmallAdmixture_1kHzLaserFreq_CapCoupling,0,40.0,1.2,2.0,4,1.183728943029583,0.030009670239486738,0.0238164345904253,0.5026833984734597,0.0001660595188883286,[0.00809812 0.00825064 0.00807262 ... 0.01026342 0.01024122 0.01015239],[0.00728339 0.00728373 0.00728406 ... 0.00894299 0.00894333 0.00894366],8.683291242642177,0.08475909895833333
LAS_1.2Torr_SmallAdmixture_1kHzLaserFreq_CapCoupling,0,40.0,1.2,2.0,5,1.1560910198847345,0.029535105039079034,0.024000168003023813,0.49094665315265734,0.00019659982445832227,[0.00801136 0.00793488 0.0077668  ...        nan        nan        nan],[0.00706415 0.00706454 0.00706494 ... 0.00902897 0.00902936 0.00902976],,0.08478012672756079
LAS_1.2Torr_SmallAdmixture_1kHzLaserFreq_CapCoupling,0,40.0,1.2,10.0,2,1.2859798135955947,0.008457796454082317,0.006178611204170361,0.5461053452085308,0.00010913117488865322,[0.00556652 0.00574092 0.00559641 ... 0.00620408 0.00603279 0.00612503],[0.00427371 0.00427393 0.00427415 ... 0.00536437 0.00536459 0.0053648 ],5.262827177777439,0.05781731312814071
LAS_1.2Torr_SmallAdmixture_1kHzLaserFreq_CapCoupling,0,40.0,1.2,10.0,4,1.2982096111787256,0.008572827027753561,0.006203646332893214,0.5512988620587622,0.00013634844297733052,[0.00547026 0.00545387 0.00553976 ... 0.0066895  0.00666349 0.0067906 ],[0.0039646  0.00396488 0.00396515 ... 0.00532727 0.00532754 0.00532782],7.348188666695879,0.05783465242881072
LAS_1.2Torr_SmallAdmixture_1kHzLaserFreq_CapCoupling,0,40.0,1.2,10.0,6,1.2438733375835413,0.008016948792514309,0.006054813082291243,0.5282243712033601,0.00015061093684999845,[0.00514304 0.00523683 0.00521865 ... 0.00668717 0.00654264 0.00653098],[0.00378169 0.003782   0.0037823  ... 0.0052869  0.0052872  0.0052875 ],8.275038262782253,0.05787464876465661
LAS_1.2Torr_SmallAdmixture_1kHzLaserFreq_CapCoupling,0,40.0,1.2,10.0,8,1.2471798825111051,0.00833005760957476,0.006274609430352606,0.529628531548666,0.00012067182853125163,[0.00546778 0.00544926 0.00539832 ... 0.00651262 0.00647414 0.00654483],[0.00412127 0.00412151 0.00412175 ... 0.00532726 0.0053275  0.00532774],5.534678560808927,0.05785219011725293
LAS_1.2Torr_SmallAdmixture_1kHzLaserFreq_CapCoupling,0,40.0,1.2,10.0,10,1.2468478417327462,0.0080154106518263,0.006039209692136517,0.5294875268128435,0.00014782877934586122,[0.00568022 0.00555652 0.00564646 ...        nan        nan        nan],[0.0038714  0.0038717  0.00387199 ... 0.0053488  0.0053491  0.00534939],,0.05783802934211536
LAS_1.2Torr_SmallAdmixture_1kHzLaserFreq_CapCoupling,0,40.0,1.2,0.0,2,1.1874320700168328,0.0581160357793407,0.045978521112859494,0.5042559717132128,7.51084017578762e-05,[0.00189327 0.00186777 0.00175787 ... 0.00231436 0.00237631 0.00244462],[0.00167747 0.00167762 0.00167777 ... 0.00242811 0.00242826 0.00242841],3.7089164951274713,0.12281986111111112
LAS_1.2Torr_SmallAdmixture_1kHzLaserFreq_CapCoupling,0,40.0,1.2,0.0,4,1.1637697277939467,0.057064652785038396,0.04606466454831925,0.49420750016532633,7.257757072996145e-05,[0.00180247 0.00170607 0.00174704 ... 0.00214914 0.00197544 0.00214235],[0.00153116 0.00153131 0.00153145 ... 0.0022565  0.00225665 0.00225679],2.9095460966719453,0.12280123015873014
LAS_1.2Torr_SmallAdmixture_1kHzLaserFreq_CapCoupling,0,40.0,1.2,0.0,6,1.1295335201650616,0.05528256298783661,0.045978715642937255,0.47966872141612676,8.573640732145973e-05,[0.00150214 0.001587   0.00144033 ... 0.00241159 0.00254842 0.00250883],[0.0012718  0.00127198 0.00127215 ... 0.00212865 0.00212883 0.002129  ],3.248284913591948,0.12276186560150376
LAS_1.2Torr_SmallAdmixture_1kHzLaserFreq_CapCoupling,0,40.0,1.2,0.0,8,1.1339917800284747,0.055108577235133495,0.04565381578822679,0.48156197006279966,8.233470509454872e-05,[0.0016124  0.0018301  0.00156228 ... 0.00233161 0.00224818 0.0023267 ],[0.0013145  0.00131466 0.00131482 ... 0.00213735 0.00213751 0.00213768],3.0983620586271097,0.12275189825717339
LAS_1.2Torr_SmallAdmixture_1kHzLaserFreq_CapCoupling,0,40.0,1.2,0.0,10,1.1480576076939997,0.055940350988485356,0.04577509939390884,0.4875351771005121,0.00011461849592978181,[0.00153151 0.00163411 0.00159575 ...        nan        nan        nan],[0.00093834 0.00093857 0.0009388  ... 0.00208384 0.00208407 0.0020843 ],,0.12270914927577663
LAS_1.2Torr_SmallAdmixture_1kHzLaserFreq_CapCoupling,0,35.0,1.2,8.0,2,1.2879976259359067,0.009466441079743879,0.006904614937052468,0.5469622312132895,6.545136423611477e-05,[0.00184017 0.00179245 0.00165812 ... 0.00220941 0.00212596 0.0020965 ],[0.00097785 0.00097798 0.00097812 ... 0.00163197 0.00163211 0.00163224],1.7790779787627218,0.057964723221925814
LAS_1.2Torr_SmallAdmixture_1kHzLaserFreq_CapCoupling,0,35.0,1.2,8.0,4,1.2442889234391852,0.00934683612613969,0.007056854826387452,0.528400854266905,5.861115683941481e-05,[0.00175624 0.00188536 0.00160273 ... 0.00252351 0.00241226 0.00257128],[0.0009415  0.00094162 0.00094174 ... 0.00152726 0.00152738 0.0015275 ],1.5934063161769092,0.05799634829457754
LAS_1.2Torr_SmallAdmixture_1kHzLaserFreq_CapCoupling,0,35.0,1.2,8.0,6,1.2644666261082307,0.009454625648531393,0.007024327575744186,0.53696953564518,9.386027699117244e-05,[0.00165935 0.00171758 0.00177169 ... 0.00216579 0.00206786 0.00212   ],[0.00044865 0.00044884 0.00044903 ... 0.00138669 0.00138688 0.00138707],3.0877150492560177,0.05795767901483122
LAS_1.2Torr_SmallAdmixture_1kHzLaserFreq_CapCoupling,0,35.0,1.2,8.0,8,1.2258748843684715,0.00920679617058512,0.007055538579283833,0.5205811318598487,6.949545875595897e-05,[0.00183834 0.00191048 0.00167463 ... 0.00215761 0.00208401 0.00221419],[0.00077202 0.00077216 0.00077229 ... 0.00146655 0.00146669 0.00146683],2.0766309208477147,0.05803147859204081
LAS_1.2Torr_SmallAdmixture_1kHzLaserFreq_CapCoupling,0,35.0,1.2,8.0,10,1.2761909685460706,0.009582704418423713,0.0070540773154688825,0.5419484054584297,7.836659716955797e-05,[0.00142113 0.00165918 0.00171549 ...        nan        nan        nan],[0.00062862 0.00062877 0.00062893 ... 0.00141181 0.00141197 0.00141213],,0.05806733889911599
LAS_1.2Torr_SmallAdmixture_1kHzLaserFreq_CapCoupling,0,35.0,1.2,6.0,2,1.2263083422382084,0.011827068042501958,0.009060354752675573,0.5207652044689857,9.168413371005408e-05,[0.00418898 0.0040359  0.00393903 ... 0.00453565 0.00460962 0.00440047],[0.00269107 0.00269126 0.00269144 ... 0.00360736 0.00360755 0.00360773],3.494486606550272,0.06170710427744892
LAS_1.2Torr_SmallAdmixture_1kHzLaserFreq_CapCoupling,0,35.0,1.2,6.0,4,1.2657058292697516,0.012485790225060935,0.009267253511989709,0.5374957767752128,8.197276690199301e-05,[0.00396367 0.00382957 0.00394688 ... 0.00457564 0.00471674 0.00466833],[0.00287791 0.00287807 0.00287823 ... 0.00369714 0.00369731 0.00369747],3.1587205734440484,0.06163741336840347
LAS_1.2Torr_SmallAdmixture_1kHzLaserFreq_CapCoupling,0,35.0,1.2,6.0,6,1.2425460862868027,0.012021899399250548,0.009089256793832988,0.5276607394729698,0.00010739549399284488,[0.00397129 0.00412504 0.00384505 ... 0.00452232 0.00467679 0.00469165],[0.00253687 0.00253708 0.0025373  ... 0.00361018 0.00361039 0.00361061],4.41244035242515,0.06160645822895792
LAS_1.2Torr_SmallAdmixture_1kHzLaserFreq_CapCoupling,0,35.0,1.2,6.0,8,1.2488893232447358,0.012203736591105765,0.00917987277153551,0.5303544641893524,9.480432179931218e-05,[0.00399541 0.00403423 0.00401302 ... 0.00478704 0.00486603 0.00472508],[0.00277398 0.00277417 0.00277436 ... 0.00372145 0.00372164 0.00372183],3.503421943240504,0.061652287387274546
LAS_1.2Torr_SmallAdmixture_1kHzLaserFreq_CapCoupling,0,35.0,1.2,6.0,10,1.2288254463029498,0.011915645335746534,0.009109513040963016,0.5218341201468749,8.582962368857921e-05,[0.00384489 0.00375922 0.00388719 ...        nan        nan        nan],[0.00284887 0.00284904 0.00284921 ... 0.00370665 0.00370682 0.003707  ],,0.06165356588478786
LAS_1.2Torr_SmallAdmixture_1kHzLaserFreq_CapCoupling,0,35.0,1.2,4.0,2,1.2033551676270984,0.016241128796596775,0.012679150969012579,0.5110178886774691,0.00010222891450000769,[0.00493485 0.00480191 0.00481462 ... 0.00619855 0.00631062 0.00631024],[0.00446737 0.00446757 0.00446778 ... 0.00548904 0.00548925 0.00548945],3.228792114485546,0.06734034415926539
LAS_1.2Torr_SmallAdmixture_1kHzLaserFreq_CapCoupling,0,35.0,1.2,4.0,4,1.2007516425842966,0.016312423525792583,0.012762421655393178,0.5099122733892454,9.915267798138397e-05,[0.00482653 0.00470205 0.00483944 ... 0.00618073 0.00605393 0.00586534],[0.00447664 0.00447684 0.00447704 ... 0.00546757 0.00546777 0.00546797],3.1443641982180575,0.06735358386856674
LAS_1.2Torr_SmallAdmixture_1kHzLaserFreq_CapCoupling,0,35.0,1.2,4.0,6,1.229121820301175,0.016471213966753856,0.012589209767682245,0.5219599785957405,0.0001136292353983185,[0.00459465 0.00453956 0.00451593 ... 0.00621969 0.00633666 0.00636556],[0.00420748 0.00420771 0.00420794 ... 0.00534309 0.00534332 0.00534355],4.295287900775882,0.06736842405121515
LAS_1.2Torr_SmallAdmixture_1kHzLaserFreq_CapCoupling,0,35.0,1.2,4.0,8,1.2263010621203638,0.016619752143009748,0.01273195890322022,0.5207621128875887,0.00011690627260189159,[0.00465043 0.00463484 0.0046496  ... 0.00644386 0.00642426 0.00635662],[0.00408099 0.00408122 0.00408146 ... 0.00524935 0.00524958 0.00524982],4.432606104773723,0.06733476755749432
LAS_1.2Torr_SmallAdmixture_1kHzLaserFreq_CapCoupling,0,35.0,1.2,4.0,10,1.2296269447947081,0.01661852722433238,0.012696585787837783,0.522174485217849,0.00011270377254041277,[0.00483359 0.00466941 0.00468523 ...        nan        nan        nan],[0.004252   0.00425223 0.00425245 ... 0.00537836 0.00537859 0.00537882],,0.06731509460789936
LAS_1.2Torr_SmallAdmixture_1kHzLaserFreq_CapCoupling,0,35.0,1.2,2.0,2,1.152988237089252,0.02743575223834042,0.02235423362768378,0.4896290226177764,0.000205718691659916,[0.00916958 0.00937336 0.00906061 ... 0.01194694 0.01176578 0.01196851],[0.00823133 0.00823174 0.00823215 ... 0.01028728 0.01028769 0.0102881 ],12.032011918335694,0.0801002304099158
LAS_1.2Torr_SmallAdmixture_1kHzLaserFreq_CapCoupling,0,35.0,1.2,2.0,4,1.1765509194154238,0.028519582249362557,0.022771950024316825,0.49963517250421585,0.00017342484974025961,[0.00958438 0.00946443 0.00941636 ... 0.01174153 0.01186547 0.01189874],[0.00861098 0.00861132 0.00861167 ... 0.01034418 0.01034453 0.01034488],9.031465368452565,0.08011240817148033
LAS_1.2Torr_SmallAdmixture_1kHzLaserFreq_CapCoupling,0,35.0,1.2,2.0,6,1.0515164817626514,0.025006569279289504,0.022341165165542957,0.4465379356615895,0.00019001221532274166,[0.00890741 0.0090399  0.00872677 ... 0.01187684 0.0118999  0.01183946],[0.00836837 0.00836875 0.00836913 ... 0.01026736 0.01026774 0.01026812],9.762593479903945,0.08006669832444399
LAS_1.2Torr_SmallAdmixture_1kHzLaserFreq_CapCoupling,0,35.0,1.2,2.0,8,1.0470627383195221,0.024092142973335895,0.02161576035953529,0.4446466049620198,0.00017916126723600646,[0.00904971 0.00895784 0.00892909 ... 0.01168663 0.01173127 0.01184065],[0.00852462 0.00852498 0.00852534 ... 0.01031516 0.01031552 0.01031588],9.366762680325815,0.0800630540111033
LAS_1.2Torr_SmallAdmixture_1kHzLaserFreq_CapCoupling,0,35.0,1.2,2.0,10,1.1587008205160865,0.027741004119921114,0.02249151200842936,0.4920549334379637,0.00018955735769364172,[0.0092012  0.00907763 0.00921747 ...        nan        nan        nan],[0.00835166 0.00835204 0.00835242 ... 0.0102461  0.01024648 0.01024686],,0.08006159965353757
LAS_1.2Torr_SmallAdmixture_1kHzLaserFreq_CapCoupling,0,35.0,1.2,10.0,2,1.2760926616022903,0.007884610471824675,0.005804513440236567,0.5419066583431935,0.00012663485617388326,[0.0047987  0.00505762 0.00507439 ... 0.00600746 0.0062155  0.00614945],[0.00374191 0.00374217 0.00374242 ... 0.0050075  0.00500775 0.00500801],6.07893610337988,0.05540789036648952
LAS_1.2Torr_SmallAdmixture_1kHzLaserFreq_CapCoupling,0,35.0,1.2,10.0,4,1.2833632042110323,0.008269901638709679,0.006053667321215864,0.5449941735119573,0.00010270672536694152,[0.00497904 0.00520015 0.00505791 ... 0.00599308 0.00591841 0.00614179],[0.00394706 0.00394727 0.00394747 ... 0.00497351 0.00497372 0.00497392],4.163074298435089,0.055468259091212946
LAS_1.2Torr_SmallAdmixture_1kHzLaserFreq_CapCoupling,0,35.0,1.2,10.0,6,1.2478545866511574,0.00780710328633705,0.0058775148517316075,0.5299150520161114,0.00011772459788539428,[0.00483027 0.00479321 0.00482053 ... 0.00559702 0.00570498 0.00571476],[0.00358768 0.00358792 0.00358815 ... 0.00476422 0.00476445 0.00476469],4.676887771793563,0.055416344442494735
LAS_1.2Torr_SmallAdmixture_1kHzLaserFreq_CapCoupling,0,35.0,1.2,10.0,8,1.2217001750944139,0.007858220593575485,0.006042649023341265,0.5188082960616879,0.00010470733543048559,[0.0048113  0.00485606 0.00482432 ... 0.00571715 0.00559698 0.00581562],[0.0037423  0.00374251 0.00374272 ... 0.00478875 0.00478896 0.00478917],4.15494377622545,0.05545134799622465
LAS_1.2Torr_SmallAdmixture_1kHzLaserFreq_CapCoupling,0,35.0,1.2,10.0,10,1.2526935458600947,0.008002619872465228,0.006001435435108497,0.531969968789539,0.00013328083531754408,[0.00497922 0.00498938 0.00507701 ...        nan        nan        nan],[0.00341991 0.00342018 0.00342044 ... 0.00475192 0.00475218 0.00475245],,0.055466254010771786
LAS_1.2Torr_SmallAdmixture_1kHzLaserFreq_CapCoupling,0,35.0,1.2,0.0,3,1.1548834039856288,0.05681868520600985,0.04621903027181284,0.49043382589791495,6.791241217115189e-05,[0.00024843 0.00032634 0.00046638 ... 0.00104088 0.00116726 0.00106746],[0.0002114  0.00021154 0.00021167 ... 0.00089012 0.00089026 0.00089039],2.7499488559436287,0.12188165194035845
LAS_1.2Torr_SmallAdmixture_1kHzLaserFreq_CapCoupling,0,35.0,1.2,0.0,6,1.1348730004037868,0.05707169332720526,0.047243415123114654,0.481936189900605,5.559847046538596e-05,"[9.41259611e-05 2.59784244e-04 3.55281800e-04 ... 7.88657948e-04
 7.40546715e-04 8.32636587e-04]",[0.00039325 0.00039336 0.00039348 ... 0.0009489  0.00094902 0.00094913],2.5369138384112753,0.12175844357146443
LAS_1.2Torr_SmallAdmixture_1kHzLaserFreq_CapCoupling,0,35.0,1.2,0.0,9,1.1437176443459776,0.05721814740074076,0.046998366207006814,0.485692164358549,7.159180851262762e-05,[0.00038772 0.00031994 0.00033547 ... 0.00088176 0.00087085 0.00102314],"[5.43591452e-05 5.45023288e-05 5.46455124e-05 ... 7.69847679e-04
 7.69990863e-04 7.70134047e-04]",2.7072815945952047,0.12179271675284904
LAS_1.2Torr_SmallAdmixture_1kHzLaserFreq_CapCoupling,0,35.0,1.2,0.0,12,1.163201068014717,0.0582718766156516,0.047062175833419186,0.4939660125916029,4.896225768455932e-05,[0.00024927 0.00031754 0.00020437 ... 0.00085818 0.00080017 0.00098318],[0.00040082 0.00040092 0.00040102 ... 0.00089015 0.00089025 0.00089035],2.2188672504655487,0.12190693924979502
LAS_1.2Torr_SmallAdmixture_1kHzLaserFreq_CapCoupling,0,35.0,1.2,0.0,15,1.128603790966492,0.05614550741992147,0.04673489768859734,0.4792739017777721,9.700570025521508e-05,[0.00047366 0.00045546 0.00042783 ...        nan        nan        nan],"[-9.34287232e-05 -9.32347118e-05 -9.30407004e-05 ...  8.76046245e-04
  8.76240257e-04  8.76434268e-04]",,0.12188502843081042
LAS_1.2Torr_SmallAdmixture_1kHzLaserFreq_CapCoupling,0,30.0,1.2,8.0,2,1.2631563052324675,0.009016207607365814,0.006705552989577178,0.5364130936026009,7.266058193727434e-05,[0.00162279 0.00183198 0.00161559 ... 0.00231756 0.00226429 0.002127  ],[0.00090466 0.00090481 0.00090495 ... 0.00163083 0.00163098 0.00163112],2.0359166865108467,0.05535764585947303
LAS_1.2Torr_SmallAdmixture_1kHzLaserFreq_CapCoupling,0,30.0,1.2,8.0,4,1.259753295261131,0.00918998136189702,0.006853255406751252,0.5349679683249741,6.121293041237228e-05,[0.00157768 0.00161162 0.00186601 ... 0.00229059 0.00235175 0.00236941],[0.00094658 0.0009467  0.00094683 ... 0.00155834 0.00155847 0.00155859],1.7446711775943056,0.05533904328732748
LAS_1.2Torr_SmallAdmixture_1kHzLaserFreq_CapCoupling,0,30.0,1.2,8.0,6,1.2289194230296347,0.00878288967847572,0.006714007301085288,0.5218740283882215,7.699937821447368e-05,[0.00175862 0.00170707 0.00173904 ... 0.00203492 0.00189582 0.00182818],[0.00058111 0.00058126 0.00058141 ... 0.00135064 0.00135079 0.00135095],2.2867350876157677,0.05525377248013383
LAS_1.2Torr_SmallAdmixture_1kHzLaserFreq_CapCoupling,0,30.0,1.2,8.0,8,1.2223524661083494,0.008952417943722426,0.006880368293122944,0.5190852985508215,6.20011866908795e-05,[0.00176197 0.00183882 0.00175751 ... 0.00187802 0.00182377 0.00181568],[0.00073305 0.00073317 0.00073329 ... 0.00135269 0.00135281 0.00135293],1.6433686858788576,0.055301956294437474
LAS_1.2Torr_SmallAdmixture_1kHzLaserFreq_CapCoupling,0,30.0,1.2,8.0,10,1.241328297143113,0.008982214413431928,0.006797740037564318,0.5271435920390249,5.75558342928235e-05,[0.00170683 0.00182855 0.00158604 ...        nan        nan        nan],[0.00070574 0.00070586 0.00070597 ... 0.00128095 0.00128107 0.00128118],,0.05531334444922547
LAS_1.2Torr_SmallAdmixture_1kHzLaserFreq_CapCoupling,0,30.0,1.2,6.0,2,1.2482995362705793,0.0114130263502222,0.008589142352974578,0.5301040047220139,8.389323277361411e-05,[0.00407521 0.00403544 0.00395214 ... 0.00474436 0.00477905 0.00479251],[0.00287969 0.00287986 0.00288003 ... 0.00371812 0.00371829 0.00371846],3.778238844950962,0.05847514180795211
LAS_1.2Torr_SmallAdmixture_1kHzLaserFreq_CapCoupling,0,30.0,1.2,6.0,4,1.2170182047292142,0.011251307460927272,0.008685077693852902,0.5168200463119546,8.444381809648451e-05,[0.00371023 0.00393503 0.00390955 ... 0.00462645 0.00469561 0.00455224],[0.00291101 0.00291118 0.00291135 ... 0.00375494 0.00375511 0.00375528],3.2220268432827237,0.058453725881153024
LAS_1.2Torr_SmallAdmixture_1kHzLaserFreq_CapCoupling,0,30.0,1.2,6.0,6,1.2052745333381496,0.01102148373116183,0.00859056787249835,0.5118329682480296,0.00010142233473751823,[0.00389349 0.00393607 0.00400436 ... 0.00475253 0.00481984 0.00472279],[0.00261636 0.00261656 0.00261676 ... 0.00362997 0.00363017 0.00363038],4.311833162135557,0.05844327943168138
LAS_1.2Torr_SmallAdmixture_1kHzLaserFreq_CapCoupling,0,30.0,1.2,6.0,8,1.203352321936352,0.01103852920385371,0.008617597396104458,0.5110166802238751,8.946569021774416e-05,[0.00399949 0.0041629  0.00414061 ... 0.00483015 0.00471036 0.0048699 ],[0.00281436 0.00281454 0.00281472 ... 0.00370848 0.00370866 0.00370884],3.465609140761255,0.058481230562800975
LAS_1.2Torr_SmallAdmixture_1kHzLaserFreq_CapCoupling,0,30.0,1.2,6.0,10,1.2024722936285348,0.010924989097778847,0.008535200421849595,0.5106429666105253,0.00010539352364097601,[0.0035968  0.00350835 0.0035369  ...        nan        nan        nan],[0.00270627 0.00270648 0.0027067  ... 0.00375958 0.00375979 0.00376   ],,0.05849884564959424
LAS_1.2Torr_SmallAdmixture_1kHzLaserFreq_CapCoupling,0,30.0,1.2,2.0,2,1.1760474610745282,0.02758117810123125,0.022032092884310128,0.4994213734319861,0.0001778463126195338,[0.00839453 0.00826936 0.00830569 ... 0.01090381 0.01103934 0.0109085 ],[0.00786298 0.00786334 0.00786369 ... 0.00964038 0.00964073 0.00964109],9.153063790670863,0.07473451989309184
LAS_1.2Torr_SmallAdmixture_1kHzLaserFreq_CapCoupling,0,30.0,1.2,2.0,4,1.0665152739434764,0.024213328465113527,0.02132824907178273,0.45290733625017165,0.00016243831753243325,[0.00858943 0.00854521 0.00872279 ... 0.01065874 0.01076285 0.01065425],[0.00797935 0.00797967 0.00798    ... 0.00960276 0.00960308 0.00960341],8.077246906243843,0.07473771493137206
LAS_1.2Torr_SmallAdmixture_1kHzLaserFreq_CapCoupling,0,30.0,1.2,2.0,6,1.0302873779685244,0.023586122305500074,0.021506312731352378,0.43752276533512496,0.00018107069165087421,[0.008406   0.00836325 0.00841043 ... 0.01115199 0.01103557 0.0111539 ],[0.00740448 0.00740484 0.0074052  ... 0.0092141  0.00921446 0.00921482],13.3941489464722,0.07472118074665199
LAS_1.2Torr_SmallAdmixture_1kHzLaserFreq_CapCoupling,0,30.0,1.2,2.0,8,1.03988829691577,0.023496754244978185,0.021227017297574938,0.44159990021747186,0.00016634580745955973,[0.00832859 0.00837335 0.00835584 ... 0.01113389 0.01112858 0.01116652],[0.00783731 0.00783764 0.00783797 ... 0.00949977 0.0095001  0.00950043],7.197717689660604,0.07478823041791792
LAS_1.2Torr_SmallAdmixture_1kHzLaserFreq_CapCoupling,0,30.0,1.2,2.0,10,1.2025360518321833,0.02711209144987392,0.021180329165782098,0.5106700422266782,0.00019470684970566567,[0.00852629 0.00853545 0.00859322 ...        nan        nan        nan],[0.00754432 0.00754471 0.0075451  ... 0.00949022 0.00949061 0.009491  ],,0.07488565580809527
LAS_1.2Torr_SmallAdmixture_1kHzLaserFreq_CapCoupling,0,30.0,1.2,4.0,2,1.2122517635237229,0.01528558351799625,0.01184559793234867,0.5147959250991472,0.00011389868753584287,[0.00483636 0.00465502 0.00478541 ... 0.00643879 0.00634406 0.006054  ],[0.00427596 0.00427619 0.00427641 ... 0.00541426 0.00541449 0.00541472],4.8087050843180315,0.06390670898992942
LAS_1.2Torr_SmallAdmixture_1kHzLaserFreq_CapCoupling,0,30.0,1.2,4.0,4,1.226135812674102,0.015531586509074677,0.011899947145456636,0.5206919379089908,0.00010973849141822168,[0.00509762 0.00497473 0.00500545 ... 0.00609107 0.0060993  0.00611655],[0.0043896  0.00438982 0.00439004 ... 0.00548633 0.00548655 0.00548676],4.38001312453549,0.06388721132774598
LAS_1.2Torr_SmallAdmixture_1kHzLaserFreq_CapCoupling,0,30.0,1.2,4.0,6,1.2079749250849177,0.014936547677609139,0.011616093523161763,0.5129797190379536,0.00012703204470816204,[0.00478119 0.00490842 0.00499074 ... 0.00664894 0.00647033 0.00652512],[0.00417269 0.00417294 0.00417319 ... 0.00544224 0.0054425  0.00544275],5.584391060502012,0.06389072066646592
LAS_1.2Torr_SmallAdmixture_1kHzLaserFreq_CapCoupling,0,30.0,1.2,4.0,8,1.2252579946950217,0.01520525996800405,0.011658269611877123,0.520319162935832,0.00011218412839225884,[0.00481372 0.00489358 0.00476422 ... 0.00647356 0.00650748 0.00652602],[0.0043657  0.00436592 0.00436615 ... 0.00548687 0.00548709 0.00548731],4.431757626412176,0.06384810382685069
LAS_1.2Torr_SmallAdmixture_1kHzLaserFreq_CapCoupling,0,30.0,1.2,4.0,10,1.2205644724503846,0.015206962690057392,0.011704410516024884,0.5183260075545785,0.0001293469070547985,[0.00490864 0.00485899 0.00498162 ...        nan        nan        nan],[0.00421524 0.0042155  0.00421576 ... 0.00550793 0.00550819 0.00550845],,0.06385535634207312
LAS_1.2Torr_SmallAdmixture_1kHzLaserFreq_CapCoupling,0,30.0,1.2,10.0,2,1.3008807071206199,0.008048429479137403,0.005812212177719556,0.5524331720658181,0.00010558785427233019,[0.00474741 0.00481486 0.00490289 ... 0.00539504 0.00533361 0.00516011],[0.00362445 0.00362466 0.00362487 ... 0.00467969 0.0046799  0.00468011],4.568757050222004,0.05321989962007097
LAS_1.2Torr_SmallAdmixture_1kHzLaserFreq_CapCoupling,0,30.0,1.2,10.0,4,1.308955590465392,0.008128986708028247,0.0058341728376441835,0.5558622592955669,0.00011301329836741572,[0.00461551 0.00447503 0.00456803 ... 0.00561757 0.00564857 0.00573218],[0.00344963 0.00344986 0.00345009 ... 0.00457909 0.00457931 0.00457954],4.7701261846517715,0.05321755226116356
LAS_1.2Torr_SmallAdmixture_1kHzLaserFreq_CapCoupling,0,30.0,1.2,10.0,6,1.2642136639380388,0.007847238660493161,0.0058312837005388566,0.5368621125022839,0.00012331506371888158,[0.0044907  0.00445305 0.00434702 ... 0.00542159 0.00532251 0.00541129],[0.00321726 0.00321751 0.00321776 ... 0.00444967 0.00444992 0.00445017],4.903635901727227,0.053165524369016545
LAS_1.2Torr_SmallAdmixture_1kHzLaserFreq_CapCoupling,0,30.0,1.2,10.0,8,1.2319145807852139,0.0076528599437486,0.00583594190048655,0.523145954776779,0.00011297905290788321,[0.0046644  0.00456855 0.00477262 ... 0.00550628 0.00544487 0.00552403],[0.00344663 0.00344686 0.00344708 ... 0.00457574 0.00457597 0.0045762 ],4.819689762794907,0.05320080876202426
LAS_1.2Torr_SmallAdmixture_1kHzLaserFreq_CapCoupling,0,30.0,1.2,10.0,10,1.2622645040536056,0.007741847603792592,0.00576185119811106,0.5360343805112359,0.00010655821559312266,[0.00455926 0.00466982 0.00462437 ...        nan        nan        nan],[0.0033633  0.00336351 0.00336372 ... 0.00442824 0.00442845 0.00442867],,0.05323002040378007
LAS_1.2Torr_SmallAdmixture_1kHzLaserFreq_CapCoupling,0,30.0,1.2,0.0,2,1.1324765773585916,0.0548578547826415,0.045506913646291676,0.4809185227331066,9.033163303801144e-05,"[1.85533914e-04 9.01801048e-05 3.24430084e-05 ... 9.16346136e-04
 9.26209214e-04 1.10317408e-03]","[8.41917239e-05 8.43723872e-05 8.45530505e-05 ... 9.86966065e-04
 9.87146728e-04 9.87327391e-04]",4.0491747751679705,0.11049508251114339
LAS_1.2Torr_SmallAdmixture_1kHzLaserFreq_CapCoupling,0,30.0,1.2,0.0,4,1.1177760445912641,0.05407125006914935,0.04544429831596965,0.4746757812555368,6.547176084484414e-05,[0.00046722 0.00036058 0.00012949 ... 0.00066935 0.00067107 0.00081739],[0.00030052 0.00030065 0.00030078 ... 0.00095485 0.00095498 0.00095511],2.864899917482059,0.11053655771606483
LAS_1.2Torr_SmallAdmixture_1kHzLaserFreq_CapCoupling,0,30.0,1.2,0.0,6,1.1340869395862094,0.05424347990883138,0.044933369192440197,0.4816023806062446,8.062432527149867e-05,"[ 1.38305197e-05  9.58982473e-06 -1.27538120e-05 ...  9.47133408e-04
  9.46122501e-04  9.07022942e-04]","[-8.05318837e-05 -8.03706351e-05 -8.02093864e-05 ...  7.25227623e-04
  7.25388872e-04  7.25550120e-04]",3.246086451184899,0.11041719670790136
LAS_1.2Torr_SmallAdmixture_1kHzLaserFreq_CapCoupling,0,30.0,1.2,0.0,8,1.1321438391714695,0.05432884761254746,0.045081325349410444,0.48077722183505106,8.749567800292113e-05,"[-7.03143690e-05 -2.32435828e-04 -1.65634834e-04 ...  8.06509803e-04
  7.41054378e-04  8.11655105e-04]","[-0.0001725  -0.00017233 -0.00017215 ...  0.00070193  0.0007021
  0.00070228]",3.8709437167741414,0.11042091951720338
LAS_1.2Torr_SmallAdmixture_1kHzLaserFreq_CapCoupling,0,30.0,1.2,0.0,10,1.1202531421088964,0.05352525385161077,0.04488594312300294,0.475727707717119,9.787058339051596e-05,[0.00013407 0.00019849 0.00019232 ...        nan        nan        nan],"[-0.000223   -0.00022281 -0.00022261 ...  0.00075512  0.00075531
  0.00075551]",,0.11032066797239855
LAS_1.3Torr_SmallAdmixture_1kHzLaserFreq_CapCoupling,0,45.0,1.3,0.2,0,0.6085851531706095,0.028322454693342543,0.04371971551489507,0.2584423189597109,-0.011948582812669098,[       nan        nan        nan ... 0.09207192 0.09240806 0.09174363],[0.21262199 0.21259809 0.2125742  ... 0.09320785 0.09318396 0.09316006],,-0.00778310330097381
LAS_1.3Torr_SmallAdmixture_1kHzLaserFreq_CapCoupling,0,45.0,1.3,0.2,9,1.218878921675902,0.18984611431904252,0.14632176653146425,0.5176102200454482,-0.01891997167720523,[       nan        nan        nan ... 0.15413952 0.15386475 0.15373434],[0.44449641 0.44445857 0.44442073 ... 0.25541021 0.25537237 0.25533453],,-0.007140764377934272
LAS_1.3Torr_SmallAdmixture_1kHzLaserFreq_CapCoupling,0,45.0,1.3,0.2,18,0.913964972579142,0.11551331764137412,0.11873268673782157,0.38812518795555345,-0.018136741988026187,[       nan        nan        nan ... 0.16369363 0.16311697 0.16360251],[0.44020795 0.44017168 0.44013541 ... 0.25894935 0.25891308 0.25887681],,-0.007405252503684352
LAS_1.3Torr_SmallAdmixture_1kHzLaserFreq_CapCoupling,0,45.0,1.3,0.2,25,1.0732780659546561,0.15099327431342638,0.13216398920514982,0.45577922959312595,-0.017455172217794555,[       nan        nan        nan ... 0.17289587 0.17274664 0.17294499],[0.42682982 0.42679491 0.42676    ... 0.25238283 0.25234792 0.252313  ],,-0.007970499035881958
LAS_1.3Torr_SmallAdmixture_1kHzLaserFreq_CapCoupling,0,45.0,1.3,0.2,32,1.429258967222683,0.20735333272132586,0.13629122159684587,0.606950399559682,-0.011401513200327687,[0.31862035 0.31835677 0.31884918 ...        nan        nan        nan],[0.40291434 0.40289154 0.40286874 ... 0.28896762 0.28894482 0.28892202],,-0.0075477824444204365
LAS_1.3Torr_SmallAdmixture_1kHzLaserFreq_CapCoupling,0,45.0,1.3,0.0,2,1.150880708438843,0.05004701258271714,0.04085221775203073,0.48873403760401446,-1.2068598384580037e-05,[0.00219918 0.00215285 0.00222558 ... 0.00230017 0.00237992 0.00236851],[0.00274313 0.0027431  0.00274308 ... 0.00262252 0.00262249 0.00262247],3.9414126404180787,0.127792830863919
LAS_1.3Torr_SmallAdmixture_1kHzLaserFreq_CapCoupling,0,45.0,1.3,0.0,4,1.072235759554953,0.04625777553257603,0.04052866021094064,0.45533660281920213,-1.1534346565001725e-05,[0.00201529 0.00219757 0.00217328 ... 0.00230593 0.00226167 0.00229028],[0.00277165 0.00277162 0.0027716  ... 0.00265637 0.00265635 0.00265633],3.5835633455249822,0.1277903498092178
LAS_1.3Torr_SmallAdmixture_1kHzLaserFreq_CapCoupling,0,45.0,1.3,0.0,6,1.1274976056247255,0.04917104341954222,0.04096958697777669,0.47880414811481137,7.044714094342884e-06,[0.00235052 0.0022343  0.00221925 ... 0.00268135 0.00260123 0.00245236],[0.00261438 0.00261439 0.00261441 ... 0.00268478 0.0026848  0.00268481],3.2123356530924627,0.12775310491766242
LAS_1.3Torr_SmallAdmixture_1kHzLaserFreq_CapCoupling,0,45.0,1.3,0.0,8,1.1582059984055817,0.05017658997646456,0.04069894233565464,0.4918448018351056,-5.269447876287129e-07,[0.00229084 0.00237371 0.00249227 ... 0.00234846 0.00231227 0.00234428],[0.0027062  0.00270619 0.00270619 ... 0.00270093 0.00270093 0.00270093],3.538366055179165,0.1278696007798641
LAS_1.3Torr_SmallAdmixture_1kHzLaserFreq_CapCoupling,0,45.0,1.3,0.0,10,1.1543074820540793,0.04973973529376562,0.04048086172365901,0.49018925437205046,0.00011163839111207527,[0.00255491 0.00250193 0.00238314 ...        nan        nan        nan],[0.00192153 0.00192176 0.00192198 ... 0.00303725 0.00303747 0.00303769],,0.12779251821585186
LAS_1.3Torr_SmallAdmixture_1kHzLaserFreq_CapCoupling,0,40.0,1.3,8.0,3,1.1662588263050624,0.006676650109429334,0.005378132081970076,0.4952645229796039,6.704874295938259e-05,[0.00361148 0.00357426 0.00372185 ...        nan        nan        nan],[0.00326787 0.003268   0.00326813 ... 0.00393795 0.00393809 0.00393822],,0.06005723922590125
LAS_1.3Torr_SmallAdmixture_1kHzLaserFreq_CapCoupling,0,40.0,1.3,8.0,6,1.2661649301201672,0.007197382987129396,0.005340133600562053,0.5376907389556072,7.493440865929581e-05,[0.00393118 0.00388736 0.00393922 ...        nan        nan        nan],[0.00324444 0.00324459 0.00324474 ... 0.00399333 0.00399348 0.00399363],,0.06004163327155238
LAS_1.3Torr_SmallAdmixture_1kHzLaserFreq_CapCoupling,0,40.0,1.3,8.0,9,1.3023333293786168,0.0073662109952224095,0.0053136113893214884,0.5530500439414683,7.953968848023848e-05,[0.00432255 0.00444717 0.00438677 ...        nan        nan        nan],[0.00319494 0.0031951  0.00319526 ... 0.00398986 0.00399002 0.00399018],,0.06001430980647531
LAS_1.3Torr_SmallAdmixture_1kHzLaserFreq_CapCoupling,0,40.0,1.3,8.0,11,1.2208838620313753,0.006829979644643047,0.005255485546562646,0.5184616398215386,6.240516779626971e-05,[0.00361303 0.00360321 0.00356031 ...        nan        nan        nan],[0.00344363 0.00344375 0.00344388 ... 0.0040673  0.00406743 0.00406755],,0.06004272591794821
LAS_1.3Torr_SmallAdmixture_1kHzLaserFreq_CapCoupling,0,40.0,1.3,8.0,13,1.1412201706317926,0.006202363427579771,0.0051057031498891545,0.48463158492299724,0.00011368259937333596,[0.00360721 0.00374226 0.00384972 ...        nan        nan        nan],[0.00306257 0.0030628  0.00306303 ... 0.00419872 0.00419895 0.00419917],,0.060057639683447746
LAS_1.3Torr_SmallAdmixture_1kHzLaserFreq_CapCoupling,0,40.0,1.3,6.0,2,1.295192832566391,0.009863674293705197,0.007154381265450007,0.550017754137713,4.865958759549489e-05,[0.00440908 0.00435301 0.00430221 ... 0.00472213 0.00467255 0.0048793 ],[0.00393332 0.00393342 0.00393351 ... 0.00441962 0.00441972 0.00441982],1.9404235837997412,0.06370370195851761
LAS_1.3Torr_SmallAdmixture_1kHzLaserFreq_CapCoupling,0,40.0,1.3,6.0,4,1.2442782774208783,0.009466012572152713,0.007146894109051347,0.5283963333191878,2.898379275729477e-05,[0.00460352 0.00453708 0.00459797 ... 0.00453591 0.00456397 0.00437101],[0.00417219 0.00417225 0.0041723  ... 0.00446185 0.00446191 0.00446197],1.4329867897623225,0.06371943376390564
LAS_1.3Torr_SmallAdmixture_1kHzLaserFreq_CapCoupling,0,40.0,1.3,6.0,6,1.2833835564096925,0.009977241927617607,0.007303345097883601,0.5450028162949603,4.900994494950188e-05,[0.00458129 0.00483893 0.00469281 ... 0.00463638 0.00453485 0.0044245 ],[0.00393287 0.00393297 0.00393306 ... 0.00442267 0.00442277 0.00442287],1.886838552639041,0.0637643234402225
LAS_1.3Torr_SmallAdmixture_1kHzLaserFreq_CapCoupling,0,40.0,1.3,6.0,8,1.3033207487252432,0.009845891592349288,0.007096946483001421,0.5534693623300262,3.791549907170614e-05,[0.00454747 0.00463319 0.00453334 ... 0.00460719 0.00467204 0.00464923],[0.00407873 0.00407881 0.00407889 ... 0.00445766 0.00445774 0.00445781],1.700146766821993,0.06373320631744114
LAS_1.3Torr_SmallAdmixture_1kHzLaserFreq_CapCoupling,0,40.0,1.3,6.0,10,1.1475987237038612,0.00832731983164255,0.006816838081042208,0.48734030701219816,0.00014811842073096475,[0.00463236 0.00459707 0.00473838 ...        nan        nan        nan],[0.00318109 0.00318139 0.00318168 ... 0.00466139 0.00466168 0.00466198],,0.06373549676720003
LAS_1.3Torr_SmallAdmixture_1kHzLaserFreq_CapCoupling,0,40.0,1.3,4.0,2,1.2142076296284239,0.014751437803425605,0.011413246177013567,0.5156265049597306,-3.641246292302812e-05,[0.00174399 0.00167277 0.00169    ... 0.00126851 0.00134832 0.00149218],[0.0024461  0.00244603 0.00244596 ... 0.0020822  0.00208212 0.00208205],2.479435713703095,0.06997677355681572
LAS_1.3Torr_SmallAdmixture_1kHzLaserFreq_CapCoupling,0,40.0,1.3,4.0,4,1.2291567948327566,0.015181818613655643,0.011603374300237229,0.5219748309118041,-5.575904631214607e-05,[0.00162884 0.0019798  0.00187091 ... 0.00157001 0.00152917 0.00137962],[0.00264616 0.00264605 0.00264594 ... 0.0020889  0.00208879 0.00208868],3.1043780317486256,0.06997483680015389
LAS_1.3Torr_SmallAdmixture_1kHzLaserFreq_CapCoupling,0,40.0,1.3,4.0,6,1.211670565133479,0.0150454385670722,0.011665089729018916,0.5145491128675839,-2.9427985048810883e-05,[0.00195449 0.00220872 0.00198327 ... 0.00139464 0.00147464 0.00135675],[0.0024327  0.00243264 0.00243258 ... 0.0021386  0.00213854 0.00213848],2.142837345858551,0.06999250351299809
LAS_1.3Torr_SmallAdmixture_1kHzLaserFreq_CapCoupling,0,40.0,1.3,4.0,8,1.2072737345607392,0.014746879061592671,0.01147525001028546,0.5126819508387835,-5.6867698956032344e-05,[0.00207732 0.00197462 0.00225436 ... 0.00137218 0.00133515 0.00122761],[0.00279587 0.00279576 0.00279565 ... 0.00222754 0.00222742 0.00222731],3.1199156363966445,0.06998585470246153
LAS_1.3Torr_SmallAdmixture_1kHzLaserFreq_CapCoupling,0,40.0,1.3,4.0,10,1.1369324862089243,0.013543829789729704,0.011191147016355764,0.48281077299644853,7.687083015948079e-05,[0.00219655 0.0022622  0.00244088 ...        nan        nan        nan],[0.00169356 0.00169371 0.00169387 ... 0.00246181 0.00246196 0.00246212],,0.06995867515728683
LAS_1.3Torr_SmallAdmixture_1kHzLaserFreq_CapCoupling,0,40.0,1.3,2.0,2,1.1812175935362599,0.027276286971518023,0.021693175707653438,0.5016169265370489,-4.3288240842956936e-05,[0.00348733 0.0035864  0.00352297 ... 0.00325012 0.00317415 0.0031619 ],[0.00457669 0.0045766  0.00457652 ... 0.00414407 0.00414398 0.00414389],3.6085272396964494,0.08231122639892301
LAS_1.3Torr_SmallAdmixture_1kHzLaserFreq_CapCoupling,0,40.0,1.3,2.0,4,1.1982552871594798,0.027732801413795985,0.021742635121314375,0.5088521688474633,-2.6448051007025902e-05,[0.0034495  0.0033363  0.00347002 ... 0.00328613 0.00340828 0.00350531],[0.00435732 0.00435726 0.00435721 ... 0.00409299 0.00409294 0.00409289],3.0430614869354944,0.08231945803230986
LAS_1.3Torr_SmallAdmixture_1kHzLaserFreq_CapCoupling,0,40.0,1.3,2.0,6,1.1912715711286168,0.027667277260047935,0.021818426871031207,0.5058864577114469,-3.233923525799923e-05,[0.00397839 0.00382916 0.00379991 ... 0.00323279 0.00320013 0.00330911],[0.00456528 0.00456521 0.00456515 ... 0.00424208 0.00424201 0.00424195],3.3641862299218497,0.08231586874540103
LAS_1.3Torr_SmallAdmixture_1kHzLaserFreq_CapCoupling,0,40.0,1.3,2.0,8,1.180340442669331,0.027075013761055308,0.02154910255461528,0.5012444348603368,-4.006535550980411e-05,[0.00418124 0.00420166 0.00417999 ... 0.00312786 0.00318242 0.00311942],[0.00454947 0.00454939 0.00454931 ... 0.00414906 0.00414898 0.0041489 ],3.1277108907928026,0.08229246448780406
LAS_1.3Torr_SmallAdmixture_1kHzLaserFreq_CapCoupling,0,40.0,1.3,2.0,10,1.121579263044939,0.025458287785628954,0.021323918322770884,0.47629085942751864,0.00010192279136395472,[0.00418123 0.00403822 0.00426295 ...        nan        nan        nan],[0.00338589 0.00338609 0.0033863  ... 0.00440451 0.00440471 0.00440491],,0.08229023302123421
LAS_1.3Torr_SmallAdmixture_1kHzLaserFreq_CapCoupling,0,40.0,1.3,0.8,0,1.4062993852309902,0.07320687745505364,0.048903718838772134,0.5972003628041596,-0.012022788778568489,[       nan        nan        nan ... 0.09833034 0.09827138 0.09832477],[0.22333571 0.22331166 0.22328762 ... 0.10317996 0.10315591 0.10313187],,-0.007640830931580053
LAS_1.3Torr_SmallAdmixture_1kHzLaserFreq_CapCoupling,0,40.0,1.3,0.8,7,0.0012589397777549062,9.630317780155423e-12,7.186268706622269e-09,0.0005346224992484978,-0.019128692907963617,[       nan        nan        nan ... 0.30577832 0.30563223 0.30489432],[0.5010587  0.50102044 0.50098219 ... 0.30988654 0.30984829 0.30981003],,-0.0076571474094151775
LAS_1.3Torr_SmallAdmixture_1kHzLaserFreq_CapCoupling,0,40.0,1.3,0.8,13,18.527931182131006,5.8326261302107385,0.2957365485425685,7.868087933610016,-0.00027868575741623247,[       nan        nan        nan ... 0.3185212  0.31800135 0.31750506],[0.32493496 0.32497344 0.3250119  ... 0.32226684 0.32222727 0.32218769],,-0.007077070360256876
LAS_1.3Torr_SmallAdmixture_1kHzLaserFreq_CapCoupling,0,40.0,1.3,0.8,19,0.3558107647024677,0.013543041196122782,0.035757315485499194,0.1510989196194783,-0.017223519502880306,[       nan        nan        nan ... 0.28186135 0.28172963 0.28153611],[0.47414138 0.47410694 0.47407249 ... 0.30200953 0.30197508 0.30194064],,-0.007275247153783083
LAS_1.3Torr_SmallAdmixture_1kHzLaserFreq_CapCoupling,0,40.0,1.3,0.8,27,3.889028540196099,0.31820805047562645,0.07686662669337734,1.651518360565419,0.002123881020795163,[       nan        nan        nan ... 0.28090379 0.28115621 0.28047427],[0.2766228  0.27662993 0.27663707 ... 0.29785755 0.29785889 0.29786024],,-0.007720903927755082
LAS_1.3Torr_SmallAdmixture_1kHzLaserFreq_CapCoupling,0,40.0,1.3,10.0,2,1.1322363299843419,0.004975702861307491,0.004128432052440344,0.4808164990669004,5.1869617776412106e-05,[0.0021175  0.00196648 0.00209031 ...        nan        nan        nan],[0.00182418 0.00182428 0.00182438 ... 0.00234256 0.00234267 0.00234277],,0.057539468313573795
LAS_1.3Torr_SmallAdmixture_1kHzLaserFreq_CapCoupling,0,40.0,1.3,10.0,4,1.1960864627772418,0.005438948781500148,0.004271891206272169,0.5079311539330479,3.689751734743177e-05,[0.00196359 0.00189839 0.00203395 ...        nan        nan        nan],[0.00198283 0.00198291 0.00198298 ... 0.00235159 0.00235166 0.00235174],,0.05751855503089366
LAS_1.3Torr_SmallAdmixture_1kHzLaserFreq_CapCoupling,0,40.0,1.3,10.0,6,1.222007014695134,0.005561684457341476,0.004275633158206149,0.5189385988427295,5.073284937723814e-05,[0.00214475 0.00203249 0.00210227 ...        nan        nan        nan],[0.00181352 0.00181362 0.00181372 ... 0.00232054 0.00232064 0.00232074],,0.05755454546406609
LAS_1.3Torr_SmallAdmixture_1kHzLaserFreq_CapCoupling,0,40.0,1.3,10.0,8,1.3194696886524573,0.005810437734540655,0.004136920961757991,0.5603271856958885,3.32900861940038e-05,[0.00186218 0.00185213 0.00170108 ...        nan        nan        nan],[0.00200553 0.0020056  0.00200566 ... 0.00233823 0.0023383  0.00233836],,0.05758437327200523
LAS_1.3Torr_SmallAdmixture_1kHzLaserFreq_CapCoupling,0,40.0,1.3,10.0,10,1.0528417271248034,0.004506979309867733,0.00402152029971346,0.4471007155499927,9.64649559907621e-05,[0.00180798 0.00172477 0.00164297 ...        nan        nan        nan],[0.00156121 0.00156141 0.0015616  ... 0.00252528 0.00252548 0.00252567],,0.05760291185566024
LAS_1.3Torr_SmallAdmixture_1kHzLaserFreq_CapCoupling,0,40.0,1.3,1.0,0,1.5605544448196975,0.08211064341302642,0.04942973931878634,0.6627064552608678,-0.011325295122990854,[       nan        nan        nan ... 0.10439204 0.1040254  0.10353637],[0.22262768 0.22260503 0.22258238 ... 0.10944268 0.10942003 0.10939738],,-0.00906317665102851
LAS_1.3Torr_SmallAdmixture_1kHzLaserFreq_CapCoupling,0,40.0,1.3,1.0,3,0.22992887734550682,0.0004968146728366645,0.0020298721485357365,0.09764180402264448,-0.02008380474561122,[       nan        nan        nan ... 0.32516179 0.32426788 0.32572372],[0.49176481 0.49172464 0.49168448 ... 0.29104727 0.2910071  0.29096693],,-0.007678790503447814
LAS_1.3Torr_SmallAdmixture_1kHzLaserFreq_CapCoupling,0,40.0,1.3,1.0,6,2.1457768658089025,0.04913452683802901,0.021511466042165705,0.9112275353426,-0.018420909645424664,[       nan        nan        nan ... 0.34879777 0.34877741 0.34807222],[0.46921019 0.46917335 0.46913651 ... 0.28511162 0.28507478 0.28503793],,-0.007218751046060119
LAS_1.3Torr_SmallAdmixture_1kHzLaserFreq_CapCoupling,0,40.0,1.3,1.0,9,0.568336829506484,0.027618269363268146,0.045651857254354784,0.24135042960321598,-0.017559679553431674,[       nan        nan        nan ... 0.29419968 0.29516222 0.29580796],[0.45900038 0.45896526 0.45893014 ... 0.28350894 0.28347382 0.2834387 ],,-0.006821357116319236
LAS_1.3Torr_SmallAdmixture_1kHzLaserFreq_CapCoupling,0,40.0,1.3,1.0,12,2.7152254933193283,0.2064016053555265,0.07141261855839211,1.1530501020869484,0.001973832555177061,[       nan        nan        nan ... 0.32936944 0.32985924 0.32942147],[0.28123776 0.28124175 0.28124575 ... 0.30096438 0.30096828 0.30097218],,-0.007652104222471584
LAS_1.3Torr_SmallAdmixture_1kHzLaserFreq_CapCoupling,0,40.0,1.3,0.6,0,1.750656244266895,0.09655134725775846,0.05181139085394623,0.7434352565331106,-0.011519779172628706,[       nan        nan        nan ... 0.09662892 0.09654294 0.09657367],[0.21797622 0.21795318 0.21793014 ... 0.10284755 0.10282451 0.10280147],,-0.007176067303052237
LAS_1.3Torr_SmallAdmixture_1kHzLaserFreq_CapCoupling,0,40.0,1.3,0.6,3,0.001871380452491916,9.556999657742689e-20,4.7976357448043163e-17,0.0007947021074671209,-0.019479012048619328,[       nan        nan        nan ... 0.32304688 0.32326196 0.32326545],[0.50895427 0.50891531 0.50887636 ... 0.31428103 0.31424207 0.31420311],,-0.006961059905136542
LAS_1.3Torr_SmallAdmixture_1kHzLaserFreq_CapCoupling,0,40.0,1.3,0.6,5,19.198686724146558,8.58474362373488,0.42007186762792426,8.152931585858923,0.006661695777214917,[       nan        nan        nan ... 0.30268884 0.3031157  0.3024003 ],[0.2633013  0.26336698 0.26343265 ... 0.33003532 0.32999631 0.32995729],,-0.007904784973695454
LAS_1.3Torr_SmallAdmixture_1kHzLaserFreq_CapCoupling,0,40.0,1.3,0.6,8,0.5162755631784779,0.01392980492041816,0.02534727374406199,0.2192420453817279,-0.01756234059839295,[       nan        nan        nan ... 0.28903623 0.28896011 0.28928167],[0.48236201 0.48232689 0.48229176 ... 0.30684398 0.30680886 0.30677373],,-0.008597318769658033
LAS_1.3Torr_SmallAdmixture_1kHzLaserFreq_CapCoupling,0,40.0,1.3,0.6,10,4.620756991033015,0.2758930315018461,0.05609128530871916,1.962254823158805,-0.00016732553202236682,[       nan        nan        nan ... 0.31607313 0.31636971 0.31591891],[0.31240763 0.31241297 0.31241832 ... 0.31075244 0.3107464  0.31074038],,-0.007579208276456642
LAS_1.3Torr_SmallAdmixture_1kHzLaserFreq_CapCoupling,0,40.0,1.3,0.4,0,1.934019050564437,0.10670339014316821,0.051830483487155986,0.8213022709083565,-0.01120456489836539,[       nan        nan        nan ... 0.10068852 0.10002478 0.10016207],[0.21902417 0.21900177 0.21897936 ... 0.10704575 0.10702334 0.10700093],,-0.007546318509904865
LAS_1.3Torr_SmallAdmixture_1kHzLaserFreq_CapCoupling,0,40.0,1.3,0.4,3,1.2388476455132507,0.16314136385672712,0.12371261265255731,0.5260901562849438,-0.019885420024613232,[       nan        nan        nan ... 0.15029372 0.15089879 0.15045095],[0.44997096 0.44993119 0.44989141 ... 0.25123607 0.2511963  0.25115653],,-0.008126672889816786
LAS_1.3Torr_SmallAdmixture_1kHzLaserFreq_CapCoupling,0,40.0,1.3,0.4,6,1.1954321871032636,0.011212437362998245,0.008811358567657067,0.5076533086363939,-0.019466247565766016,[       nan        nan        nan ... 0.22104205 0.22125944 0.2205848 ],[0.45646597 0.45642703 0.4563881  ... 0.26192029 0.26188135 0.26184242],,-0.007695017130391723
LAS_1.3Torr_SmallAdmixture_1kHzLaserFreq_CapCoupling,0,40.0,1.3,0.4,9,1.1198364791315152,0.12695277881092043,0.10650141808381229,0.4755507672420876,-0.01715932962560302,[       nan        nan        nan ... 0.16982713 0.16946588 0.16951142],[0.42112591 0.42109159 0.42105727 ... 0.24963557 0.24960125 0.24956693],,-0.00796821467525863
LAS_1.3Torr_SmallAdmixture_1kHzLaserFreq_CapCoupling,0,40.0,1.3,0.4,12,1.2101683791224862,0.13173235971341737,0.1022620419280768,0.5139111932039719,-0.010497472923060787,[0.32101049 0.32086628 0.32053426 ...        nan        nan        nan],[0.40021099 0.40019    0.400169   ... 0.29529925 0.29527825 0.29525726],,-0.007000233405613782
LAS_1.3Torr_SmallAdmixture_1kHzLaserFreq_CapCoupling,0,40.0,1.3,0.2,0,0.5913091707408328,0.027494744871872295,0.04368203569143333,0.2511058847102099,-0.011742630418210494,[       nan        nan        nan ... 0.09526201 0.09544311 0.09520379],[0.21375066 0.21372717 0.21370369 ... 0.09639481 0.09637133 0.09634784],,-0.007788101303407165
LAS_1.3Torr_SmallAdmixture_1kHzLaserFreq_CapCoupling,0,40.0,1.3,0.2,6,1.2023998229030657,0.1965203074241599,0.15354169162303274,0.5106121911270135,-0.01851744860815633,[0.35705252 0.35731499 0.3578824  ... 0.1559304  0.15600846 0.15647685],[0.46819666 0.46815962 0.46812259 ... 0.28313327 0.28309624 0.28305921],5403.537091222574,-0.007459614572439868
LAS_1.3Torr_SmallAdmixture_1kHzLaserFreq_CapCoupling,0,40.0,1.3,0.2,10,0.6279763350180199,0.008486945762651223,0.012696263835336754,0.2666769956978884,-0.01822256381966891,[0.38204582 0.38169261 0.38216616 ... 0.203274   0.20187679 0.20197129],[0.50379934 0.50376289 0.50372644 ... 0.32168303 0.32164659 0.32161014],3292.978293343302,-0.007651963895131837
LAS_1.3Torr_SmallAdmixture_1kHzLaserFreq_CapCoupling,0,40.0,1.3,0.2,14,0.5698169022080166,0.007683919064056162,0.012668209713179227,0.24197895860892737,-0.017836809280575797,[       nan        nan        nan ... 0.28019194 0.2795639  0.27919458],[0.49550202 0.49546635 0.49543067 ... 0.31724095 0.31720528 0.3171696 ],,-0.00732893382008799
LAS_1.3Torr_SmallAdmixture_1kHzLaserFreq_CapCoupling,0,40.0,1.3,0.2,19,2.42321976167203,0.3900488227639807,0.151214681562584,1.0290466852383964,-0.011101316898905086,[0.31210681 0.31164415 0.31162293 ...        nan        nan        nan],[0.42999489 0.42997269 0.4299505  ... 0.31904836 0.31902614 0.31900393],,-0.007151994612120775
LAS_1.3Torr_SmallAdmixture_1kHzLaserFreq_CapCoupling,0,40.0,1.3,0.0,2,1.1259331354967235,0.05745168815987277,0.04793557972499062,0.47813977882200565,-3.3218425726620917e-06,[0.00055248 0.00074818 0.00082975 ... 0.0016606  0.00154537 0.00169186],[0.00204252 0.00204252 0.00204251 ... 0.00200932 0.00200932 0.00200931],4.542773508533399,0.12113847597221528
LAS_1.3Torr_SmallAdmixture_1kHzLaserFreq_CapCoupling,0,40.0,1.3,0.0,4,1.1693748530164274,0.05957573159934861,0.047861182430820284,0.49658777768772494,-1.9853507837706706e-05,[0.00145105 0.00164025 0.001421   ... 0.00173095 0.00191136 0.00187682],[0.00220422 0.00220418 0.00220414 ... 0.00200581 0.00200577 0.00200573],4.734865172910341,0.12116876690627659
LAS_1.3Torr_SmallAdmixture_1kHzLaserFreq_CapCoupling,0,40.0,1.3,0.0,6,1.1499023554292818,0.05914693422256202,0.04832135064957535,0.48831856933431556,2.1435444164422754e-06,[0.00125279 0.00112214 0.00108113 ... 0.00165283 0.00172669 0.00184396],[0.0020849  0.00208491 0.00208491 ... 0.00210633 0.00210633 0.00210633],5.002028547392251,0.12118129374864263
LAS_1.3Torr_SmallAdmixture_1kHzLaserFreq_CapCoupling,0,40.0,1.3,0.0,8,1.1403723538909378,0.05766973976605149,0.04750825746019255,0.48427155030266866,-1.9003330572753982e-05,[0.00206482 0.00196813 0.0019395  ... 0.00164448 0.00170104 0.00168788],[0.00233556 0.00233553 0.00233549 ... 0.00214564 0.00214561 0.00214557],5.012721225081848,0.12116393002723067
LAS_1.3Torr_SmallAdmixture_1kHzLaserFreq_CapCoupling,0,40.0,1.3,0.0,10,1.138975397271964,0.057925185599611545,0.047777220524876374,0.4836783174473931,0.00012561430553968434,[0.0017256  0.00171269 0.00170618 ...        nan        nan        nan],[0.00116413 0.00116438 0.00116463 ... 0.00241951 0.00241977 0.00242002],,0.12112949775291643
LAS_1.3Torr_SmallAdmixture_1kHzLaserFreq_CapCoupling,0,35.0,1.3,8.0,3,1.2602608833068982,0.006764122838855819,0.005042185500394868,0.535183521121392,8.175740903400661e-05,[0.00450151 0.00467109 0.00461529 ...        nan        nan        nan],[0.00361921 0.00361937 0.00361953 ... 0.00443629 0.00443645 0.00443662],,0.057561530668401036
LAS_1.3Torr_SmallAdmixture_1kHzLaserFreq_CapCoupling,0,35.0,1.3,8.0,6,1.182040170658836,0.006198941990406833,0.004926666063336013,0.5019662428783599,6.893694702528204e-05,[0.00409033 0.00404462 0.004104   ...        nan        nan        nan],[0.00371814 0.00371828 0.00371841 ... 0.00440709 0.00440723 0.00440737],,0.05752093235107731
LAS_1.3Torr_SmallAdmixture_1kHzLaserFreq_CapCoupling,0,35.0,1.3,8.0,9,1.1701556067779957,0.00623482142403394,0.005005508359610821,0.4969193332829033,7.812990501911607e-05,[0.00423992 0.00428754 0.00416381 ...        nan        nan        nan],[0.00357223 0.00357239 0.00357254 ... 0.00435306 0.00435322 0.00435337],,0.057532062987792676
LAS_1.3Torr_SmallAdmixture_1kHzLaserFreq_CapCoupling,0,35.0,1.3,8.0,12,1.2822188149484015,0.00692151618175505,0.005071154977963126,0.5445081961375734,7.49269884590501e-05,[0.00412982 0.00414808 0.00420966 ...        nan        nan        nan],[0.00356049 0.00356064 0.00356079 ... 0.00430931 0.00430946 0.00430961],,0.057517889900607036
LAS_1.3Torr_SmallAdmixture_1kHzLaserFreq_CapCoupling,0,35.0,1.3,8.0,15,1.1192166076183137,0.005674433644414744,0.00476295157236327,0.47528753204731783,0.00014644901664834207,[0.00397588 0.00382938 0.00374012 ...        nan        nan        nan],[0.00291464 0.00291493 0.00291523 ... 0.00437825 0.00437855 0.00437884],,0.05756415374196379
LAS_1.3Torr_SmallAdmixture_1kHzLaserFreq_CapCoupling,0,35.0,1.3,6.0,2,1.2529561435993208,0.008977548368369776,0.0067311562752293995,0.5320814837818545,4.730179696672406e-05,[0.00475738 0.00494283 0.00484549 ... 0.00495684 0.00477963 0.00470643],[0.00408469 0.00408479 0.00408488 ... 0.00455743 0.00455752 0.00455762],1.9189755956164822,0.06106952361563518
LAS_1.3Torr_SmallAdmixture_1kHzLaserFreq_CapCoupling,0,35.0,1.3,6.0,4,1.2676141196738466,0.009035492070622533,0.006696263437584554,0.538306153095952,3.372423240955671e-05,[0.00461431 0.0045927  0.00463273 ... 0.00463914 0.00447924 0.00442899],[0.00423485 0.00423492 0.00423499 ... 0.00457189 0.00457196 0.00457203],1.4892110083326837,0.06103896632005345
LAS_1.3Torr_SmallAdmixture_1kHzLaserFreq_CapCoupling,0,35.0,1.3,6.0,6,1.2914466620900575,0.009337006767525654,0.006792020519599947,0.5484269020111403,4.32923932874753e-05,[0.00504145 0.00495099 0.00499114 ... 0.00474393 0.00472685 0.00479422],[0.00419677 0.00419685 0.00419694 ... 0.00462943 0.00462952 0.0046296 ],1.7591209944333677,0.06102907751219349
LAS_1.3Torr_SmallAdmixture_1kHzLaserFreq_CapCoupling,0,35.0,1.3,6.0,8,1.2751538779183902,0.008988973743792933,0.006622398424538927,0.541507993618948,4.098895581827519e-05,[0.0044486  0.00440567 0.00426962 ... 0.00470908 0.00494049 0.00486117],[0.0043046  0.00430469 0.00430477 ... 0.00471425 0.00471433 0.00471441],1.7371278686350045,0.06105718152852943
LAS_1.3Torr_SmallAdmixture_1kHzLaserFreq_CapCoupling,0,35.0,1.3,6.0,10,1.1314387620695672,0.007543690119285193,0.00626355040554903,0.48047780315828625,0.00013770583193917576,[0.00482702 0.00469945 0.00484961 ...        nan        nan        nan],[0.00361407 0.00361435 0.00361462 ... 0.0049903  0.00499058 0.00499085],,0.061107799025793996
LAS_1.3Torr_SmallAdmixture_1kHzLaserFreq_CapCoupling,0,35.0,1.3,4.0,2,1.2174920870549122,0.013606365816351723,0.010498899673693654,0.5170212856069478,-2.0527353564911454e-05,[0.00224348 0.0022474  0.00224231 ... 0.00221097 0.00212005 0.00223458],[0.00291089 0.00291085 0.00291081 ... 0.00270574 0.0027057  0.00270566],1.7262709924769708,0.06667683905376452
LAS_1.3Torr_SmallAdmixture_1kHzLaserFreq_CapCoupling,0,35.0,1.3,4.0,4,1.2427639839892628,0.014070973768638655,0.010636611195821622,0.5277532721074358,-4.599151859689053e-05,[0.00250538 0.00263047 0.00254088 ... 0.00231469 0.00212012 0.00227746],[0.0032613  0.00326121 0.00326112 ... 0.00280166 0.00280157 0.00280148],2.4647844220314816,0.06667384597519332
LAS_1.3Torr_SmallAdmixture_1kHzLaserFreq_CapCoupling,0,35.0,1.3,4.0,6,1.240607608083738,0.014122604897282906,0.01069419647792319,0.5268375435743468,-1.9095819002631782e-05,[0.00257542 0.0026647  0.00262098 ... 0.00213966 0.00215171 0.00216121],[0.00289351 0.00289347 0.00289343 ... 0.00270266 0.00270263 0.00270259],1.8287364871439016,0.06662683497372034
LAS_1.3Torr_SmallAdmixture_1kHzLaserFreq_CapCoupling,0,35.0,1.3,4.0,8,1.2220413331835478,0.013820634092708875,0.010624533335655958,0.5189531725629108,-5.0054304687181896e-05,[0.00251536 0.00278222 0.00268255 ... 0.00203641 0.00207487 0.00208417],[0.00329686 0.00329676 0.00329666 ... 0.00279662 0.00279652 0.00279642],2.5852765774490547,0.06659508961450905
LAS_1.3Torr_SmallAdmixture_1kHzLaserFreq_CapCoupling,0,35.0,1.3,4.0,10,1.1191936905545852,0.012153583447017093,0.010201566946162132,0.47527780006640624,9.496684537332652e-05,[0.00236501 0.00223207 0.00242659 ...        nan        nan        nan],[0.00208012 0.00208031 0.0020805  ... 0.00302922 0.00302941 0.0030296 ],,0.06662694859217062
LAS_1.3Torr_SmallAdmixture_1kHzLaserFreq_CapCoupling,0,35.0,1.3,2.0,2,1.1704162821456114,0.025290895940576513,0.020299794885573354,0.49703003191916034,-1.4213331245943527e-05,[0.004335   0.00448528 0.00436481 ... 0.00423024 0.00426651 0.00427819],[0.00493253 0.00493251 0.00493248 ... 0.00479049 0.00479046 0.00479043],2.70150520589524,0.07827070495800144
LAS_1.3Torr_SmallAdmixture_1kHzLaserFreq_CapCoupling,0,35.0,1.3,2.0,4,1.1865686452572122,0.025396514041818235,0.02010708114972263,0.5038893089775857,-1.738019825166281e-05,[0.00427911 0.00424253 0.00422824 ... 0.00423962 0.00421798 0.00429985],[0.00498489 0.00498486 0.00498482 ... 0.00481119 0.00481116 0.00481112],2.7779403544164807,0.0783286648548002
LAS_1.3Torr_SmallAdmixture_1kHzLaserFreq_CapCoupling,0,35.0,1.3,2.0,6,1.1931121401783558,0.025720928679667184,0.02025224489027683,0.5066680754208862,-2.2428035173664328e-05,[0.00423933 0.00434043 0.004326   ... 0.00415344 0.00405358 0.00411777],[0.00504041 0.00504036 0.00504032 ... 0.00481626 0.00481622 0.00481617],2.858769187459959,0.0782740641125194
LAS_1.3Torr_SmallAdmixture_1kHzLaserFreq_CapCoupling,0,35.0,1.3,2.0,8,1.194602993353444,0.02558363209866968,0.02011900007931451,0.5073011824722018,-3.728461930684252e-05,[0.00465825 0.00468762 0.00460525 ... 0.00366973 0.00377146 0.00376563],[0.00516993 0.00516986 0.00516978 ... 0.00479731 0.00479724 0.00479716],3.3902866333289423,0.0782647610757644
LAS_1.3Torr_SmallAdmixture_1kHzLaserFreq_CapCoupling,0,35.0,1.3,2.0,10,1.109147708882525,0.023281027731464767,0.019718803151487954,0.4710116644467189,0.00010729312207482157,[0.00455005 0.004717   0.00445062 ...        nan        nan        nan],[0.00381387 0.00381409 0.0038143  ... 0.00488616 0.00488638 0.00488659],,0.0783101535652921
LAS_1.3Torr_SmallAdmixture_1kHzLaserFreq_CapCoupling,0,35.0,1.3,10.0,3,1.2668559871726992,0.005506901090915387,0.004083643466423821,0.5379842038655862,4.687926887859219e-05,[0.0019634  0.00186891 0.00194918 ...        nan        nan        nan],[0.0018574  0.0018575  0.00185759 ... 0.00232591 0.00232601 0.0023261 ],,0.05523353504774852
LAS_1.3Torr_SmallAdmixture_1kHzLaserFreq_CapCoupling,0,35.0,1.3,10.0,6,1.2463042698034983,0.005432707956725587,0.004095058086931625,0.5292566930680761,4.502986902931483e-05,[0.00207982 0.00197493 0.00207904 ...        nan        nan        nan],[0.00192675 0.00192684 0.00192693 ... 0.00237678 0.00237687 0.00237696],,0.05522887138529447
LAS_1.3Torr_SmallAdmixture_1kHzLaserFreq_CapCoupling,0,35.0,1.3,10.0,9,1.2465875310555223,0.0054920989446633085,0.004138885042877848,0.5293769830463365,6.0510717390854785e-05,[0.00213544 0.00213306 0.00229502 ...        nan        nan        nan],[0.00181327 0.00181339 0.00181351 ... 0.00241801 0.00241813 0.00241825],,0.05521173107586439
LAS_1.3Torr_SmallAdmixture_1kHzLaserFreq_CapCoupling,0,35.0,1.3,10.0,12,1.2313462102582886,0.005498634653068201,0.004195101533595856,0.5229045900371997,3.991308466827585e-05,[0.00170029 0.00176459 0.00177688 ...        nan        nan        nan],[0.00199477 0.00199485 0.00199493 ... 0.00239366 0.00239374 0.00239382],,0.05523321112369924
LAS_1.3Torr_SmallAdmixture_1kHzLaserFreq_CapCoupling,0,35.0,1.3,10.0,15,1.066881871929722,0.004443112124618971,0.003912359252819347,0.4530630160810016,9.267505877350528e-05,[0.00198499 0.00208205 0.00211826 ...        nan        nan        nan],[0.00168372 0.0016839  0.00168409 ... 0.00260991 0.0026101  0.00261028],,0.05526924864529889
LAS_1.3Torr_SmallAdmixture_1kHzLaserFreq_CapCoupling,0,35.0,1.3,1.0,0,1.6261099787012951,0.08591122493577562,0.04963268685422918,0.6905453272884482,-0.011299140087353913,[       nan        nan        nan ... 0.10491827 0.10461063 0.10452095],[0.2230862  0.22306361 0.22304101 ... 0.1101626  0.11014    0.1101174 ],,-0.008419324160978386
LAS_1.3Torr_SmallAdmixture_1kHzLaserFreq_CapCoupling,0,35.0,1.3,1.0,1,1.0690383104310166,0.15149702553758745,0.133130826101771,0.4539787711960666,-0.019325723251202524,[0.36282058 0.36302334 0.36260171 ... 0.1529052  0.15301115 0.1531779 ],[0.47184696 0.4718083  0.47176965 ... 0.27870568 0.27866703 0.27862837],5565.072470121489,-0.0071741729166666665
LAS_1.3Torr_SmallAdmixture_1kHzLaserFreq_CapCoupling,0,35.0,1.3,1.0,2,1.9615910249184845,0.04361283638434806,0.02088688406952091,0.8330110103562939,-0.018156278747549222,[       nan        nan        nan ... 0.34685524 0.34696609 0.34650081],[0.46608363 0.46604731 0.466011   ... 0.28462978 0.28459346 0.28455715],,-0.007589507291666666
LAS_1.3Torr_SmallAdmixture_1kHzLaserFreq_CapCoupling,0,35.0,1.3,1.0,3,0.534493252930634,0.022297781752632074,0.039191079206101695,0.22697838591042277,-0.017425772130378932,[       nan        nan        nan ... 0.28992719 0.28879686 0.28839868],[0.45703164 0.45699679 0.45696194 ... 0.28287848 0.28284363 0.28280877],,-0.008132418749999999
LAS_1.3Torr_SmallAdmixture_1kHzLaserFreq_CapCoupling,0,35.0,1.3,1.0,4,1.1227977232336515,0.14380526186370254,0.12032089224304057,0.4768082918280469,-0.018086890239690363,[0.35054574 0.35135451 0.35073194 ...        nan        nan        nan],[0.45775194 0.45771577 0.45767959 ... 0.27699156 0.27695538 0.27691921],,-0.007257438383455934
LAS_1.3Torr_SmallAdmixture_1kHzLaserFreq_CapCoupling,0,35.0,1.3,0.8,0,1.418949190137833,0.07429110566412436,0.04918557663781735,0.6025722403425455,-0.011874782866908913,[       nan        nan        nan ... 0.1001297  0.1005536  0.10003863],[0.22407699 0.22405325 0.2240295  ... 0.10540041 0.10537667 0.10535292],,-0.007799590938525948
LAS_1.3Torr_SmallAdmixture_1kHzLaserFreq_CapCoupling,0,35.0,1.3,0.8,4,0.3002224821398936,0.0020116796081272445,0.006294821104683407,0.12749274950899606,-0.020367955247121466,[       nan        nan        nan ... 0.31466781 0.31489276 0.31479183],[0.49156738 0.49152664 0.49148591 ... 0.28801003 0.2879693  0.28792856],,-0.00780705085147906
LAS_1.3Torr_SmallAdmixture_1kHzLaserFreq_CapCoupling,0,35.0,1.3,0.8,7,1.102723051021907,0.022718569010329745,0.019354515739229257,0.4682833634565116,-0.0178833898769983,[       nan        nan        nan ... 0.21347343 0.21328964 0.21301364],[0.484597   0.48456124 0.48452547 ... 0.3058704  0.30583464 0.30579887],,-0.007450940732080975
LAS_1.3Torr_SmallAdmixture_1kHzLaserFreq_CapCoupling,0,35.0,1.3,0.8,11,0.43533802817769673,0.02290535512442451,0.049428589034163535,0.1848710389128589,-0.017959549463323767,[       nan        nan        nan ... 0.2781605  0.27762652 0.27825003],[0.46057936 0.46054344 0.46050752 ... 0.28109162 0.2810557  0.28101978],,-0.007647621112339968
LAS_1.3Torr_SmallAdmixture_1kHzLaserFreq_CapCoupling,0,35.0,1.3,0.8,16,2.9019453771869244,0.2570355312954155,0.08320927125215506,1.2323427360449466,0.004678607785378817,[       nan        nan        nan ... 0.31240288 0.31239915 0.31325692],[0.25239517 0.25240467 0.25241418 ... 0.29915362 0.29916282 0.29917203],,-0.007380778558325438
LAS_1.3Torr_SmallAdmixture_1kHzLaserFreq_CapCoupling,0,35.0,1.3,0.6,0,1.7482994372485021,0.0946723914105158,0.05087159090702236,0.7424344127432142,-0.011613689222604116,[       nan        nan        nan ... 0.09846252 0.09924162 0.09869183],[0.2209527  0.22092947 0.22090624 ... 0.10488549 0.10486226 0.10483903],,-0.007599991508152174
LAS_1.3Torr_SmallAdmixture_1kHzLaserFreq_CapCoupling,0,35.0,1.3,0.6,8,0.0019265785588459326,2.4188191013884582e-17,1.1794633672432695e-14,0.0008181425849976624,-0.019709003949990356,[       nan        nan        nan ... 0.36552704 0.36613108 0.36574507],[0.51382349 0.51378407 0.51374466 ... 0.31685171 0.31681229 0.31677287],,-0.008063886768254869
LAS_1.3Torr_SmallAdmixture_1kHzLaserFreq_CapCoupling,0,35.0,1.3,0.6,14,28.2578405403535,12.542083701644533,0.4169639560769068,11.9999999999924,-0.008293468009465529,[       nan        nan        nan ... 0.27175946 0.27111722 0.27164953],[0.39491002 0.39491998 0.39492993 ... 0.31210471 0.3120616  0.31201847],,-0.008567764668488367
LAS_1.3Torr_SmallAdmixture_1kHzLaserFreq_CapCoupling,0,35.0,1.3,0.6,15,2.0983991593385016,0.0103973518585294,0.004654815025154115,0.891108075866121,-0.013340952845777953,[nan nan nan ... nan nan nan],[0.21476923 0.21474254 0.21471586 ... 0.08143974 0.08141306 0.08138638],,-0.008669549275262603
LAS_1.3Torr_SmallAdmixture_1kHzLaserFreq_CapCoupling,0,35.0,1.3,0.6,22,0.5386109985814093,0.01519063771227553,0.02649528396508498,0.2287270314850451,-0.017735780610345822,[       nan        nan        nan ... 0.28570833 0.28480181 0.28537237],[0.48681667 0.4867812  0.48674573 ... 0.30956528 0.30952981 0.30949434],,-0.007653819276663713
LAS_1.3Torr_SmallAdmixture_1kHzLaserFreq_CapCoupling,0,35.0,1.3,0.6,29,3.723314296358233,0.286097901386837,0.0721859645809154,1.5811460006105467,0.0014716734121360505,[       nan        nan        nan ... 0.29342605 0.29294587 0.29271029],[0.28924643 0.28925132 0.28925622 ... 0.3039602  0.30396118 0.30396217],,-0.0064190867499214575
LAS_1.3Torr_SmallAdmixture_1kHzLaserFreq_CapCoupling,0,35.0,1.3,0.4,0,1.8870452837041096,0.10239694816470388,0.050976789567113656,0.801354348790295,-0.011081611969754449,[       nan        nan        nan ... 0.10253111 0.10244276 0.1019206 ],[0.2196236  0.21960144 0.21957927 ... 0.10887397 0.10885181 0.10882964],,-0.008583365243114996
LAS_1.3Torr_SmallAdmixture_1kHzLaserFreq_CapCoupling,0,35.0,1.3,0.4,2,1.1445854544216536,0.16840308274732232,0.13821959135477174,0.48606068936643965,-0.01975088760416932,[       nan        nan        nan ... 0.15263318 0.15150107 0.1519053 ],[0.4487578  0.4487183  0.4486788  ... 0.25136743 0.25132793 0.25128843],,-0.008009056834905345
LAS_1.3Torr_SmallAdmixture_1kHzLaserFreq_CapCoupling,0,35.0,1.3,0.4,4,13.165248713131886,3.233206341987151,0.2307130410959245,5.59076636913835,-0.0006093306538747807,[       nan        nan        nan ... 0.34611504 0.34735916 0.34725528],[0.27329316 0.27334143 0.27338968 ... 0.26735194 0.26730125 0.26725056],,-0.007714608836711486
LAS_1.3Torr_SmallAdmixture_1kHzLaserFreq_CapCoupling,0,35.0,1.3,0.4,6,1.0675483820444174,0.13846615972861084,0.12184953345002139,0.4533460568662632,-0.017071619394929363,[       nan        nan        nan ... 0.17190917 0.17166475 0.17183704],[0.42046466 0.42043052 0.42039638 ... 0.2498509  0.24981676 0.24978261],,-0.007025588041006088
LAS_1.3Torr_SmallAdmixture_1kHzLaserFreq_CapCoupling,0,35.0,1.3,0.4,8,2.238483181843022,0.3046907650232775,0.1278713485364286,0.9505962829586844,-0.010792999148195037,[0.31834124 0.31858475 0.31880287 ...        nan        nan        nan],[0.3955465  0.39552491 0.39550333 ... 0.28768127 0.28765968 0.28763809],,-0.007497638230433315
LAS_1.3Torr_SmallAdmixture_1kHzLaserFreq_CapCoupling,0,35.0,1.3,0.2,0,0.6146939013923929,0.028346904238681553,0.04332260091929419,0.2610364654783266,-0.011549572682213318,[       nan        nan        nan ... 0.09745368 0.09756765 0.09795695],[0.2137954  0.2137723  0.2137492  ... 0.09836897 0.09834587 0.09832277],,-0.007090208143421452
LAS_1.3Torr_SmallAdmixture_1kHzLaserFreq_CapCoupling,0,35.0,1.3,0.2,9,1.1833557844953173,0.22081271192038845,0.17529782328080612,0.502524932634402,-0.018063036365410935,[0.35501093 0.35539682 0.35609214 ... 0.15661505 0.1566932  0.15745869],[0.46158082 0.46154469 0.46150856 ... 0.28105883 0.2810227  0.28098658],5119.837823591036,-0.0073804979766942036
LAS_1.3Torr_SmallAdmixture_1kHzLaserFreq_CapCoupling,0,35.0,1.3,0.2,17,0.906269235609375,0.14163344493137656,0.1468170085126223,0.38485710936670064,-0.017635003616173945,[0.36459823 0.36511855 0.36444807 ... 0.16714884 0.16759433 0.16705936],[0.46262914 0.46259387 0.4625586  ... 0.28638491 0.28634964 0.28631437],4774.930087651442,-0.007850890338504937
LAS_1.3Torr_SmallAdmixture_1kHzLaserFreq_CapCoupling,0,35.0,1.3,0.2,25,1.0284284906330654,0.17467424480726798,0.1595594625151283,0.4367333685659826,-0.016662582644438182,[0.34073518 0.33982515 0.3408745  ... 0.17748582 0.17738971 0.17736045],[0.44607295 0.44603963 0.4460063  ... 0.2795471  0.27951378 0.27948045],4196.668846035574,-0.007819956191079643
LAS_1.3Torr_SmallAdmixture_1kHzLaserFreq_CapCoupling,0,35.0,1.3,0.2,33,1.1017049910397743,0.1941984543228321,0.16559538981895516,0.4678510331880985,-0.01691501419689374,[0.34763867 0.34675007 0.34616363 ...        nan        nan        nan],[0.45037952 0.45034569 0.45031186 ... 0.28133087 0.28129704 0.28126321],,-0.00738492508009925
LAS_1.3Torr_SmallAdmixture_1kHzLaserFreq_CapCoupling,0,35.0,1.3,0.0,2,1.152614232618755,0.05324005264743158,0.04339326095539613,0.48947019754267723,-1.5362861685715907e-05,[0.00079097 0.00074397 0.0006719  ... 0.00137575 0.0010993  0.00112723],[0.00143377 0.00143374 0.00143371 ... 0.00128024 0.00128021 0.00128018],4.031173077063431,0.1199559463337367
LAS_1.3Torr_SmallAdmixture_1kHzLaserFreq_CapCoupling,0,35.0,1.3,0.0,4,1.1532855431561426,0.05373966445946158,0.043774973541998025,0.48975527687976045,-3.2864161659947706e-05,[0.00095948 0.00088987 0.00095611 ... 0.00099987 0.00094946 0.00100061],[0.00177654 0.00177648 0.00177641 ... 0.0014481  0.00144803 0.00144797],4.707171702838118,0.11996822218160733
LAS_1.3Torr_SmallAdmixture_1kHzLaserFreq_CapCoupling,0,35.0,1.3,0.0,6,1.1556360122944447,0.054079136832392564,0.04396190201738418,0.49075342921979254,4.277662660649864e-06,[0.00051149 0.00051181 0.00047135 ... 0.00112164 0.00132074 0.00106852],[0.00125773 0.00125774 0.00125775 ... 0.00130048 0.00130049 0.0013005 ],4.535502555201286,0.11995881123435004
LAS_1.3Torr_SmallAdmixture_1kHzLaserFreq_CapCoupling,0,35.0,1.3,0.0,8,1.1567051191217206,0.05323916311912562,0.04323907078310003,0.4912074370874136,-3.9196862506400294e-05,[0.00105441 0.00106571 0.00105287 ... 0.00081225 0.00076893 0.00084209],[0.00175637 0.0017563  0.00175622 ... 0.00136464 0.00136456 0.00136448],4.776368265747527,0.11989791771699856
LAS_1.3Torr_SmallAdmixture_1kHzLaserFreq_CapCoupling,0,35.0,1.3,0.0,10,1.1023229317079155,0.05060284565182857,0.043125474619273005,0.4681134484284669,0.00013324196766142804,[0.00117635 0.00114028 0.00111668 ...        nan        nan        nan],"[8.07354945e-05 8.10019784e-05 8.12684624e-05 ... 1.41235572e-03
 1.41262220e-03 1.41288869e-03]",,0.11996077457080309
LAS_1.3Torr_SmallAdmixture_1kHzLaserFreq_CapCoupling,0,30.0,1.3,8.0,2,1.187839492375439,0.006145239640577169,0.0048601408203359795,0.5044289880587572,0.00010508561438237499,[0.00515139 0.00518313 0.00514586 ...        nan        nan        nan],[0.00406507 0.00406528 0.00406549 ... 0.0051153  0.00511551 0.00511572],,0.05507260369721248
LAS_1.3Torr_SmallAdmixture_1kHzLaserFreq_CapCoupling,0,30.0,1.3,8.0,4,1.1847018041001496,0.0060391848718169385,0.004788914292110084,0.5030965345314016,8.715511266437445e-05,[0.00522134 0.00536856 0.00526142 ...        nan        nan        nan],[0.00432666 0.00432684 0.00432701 ... 0.00519769 0.00519787 0.00519804],,0.055035131219963965
LAS_1.3Torr_SmallAdmixture_1kHzLaserFreq_CapCoupling,0,30.0,1.3,8.0,6,1.250269686465867,0.006461013681945916,0.004854726285627012,0.5309406504773636,8.524712814511672e-05,[0.00548689 0.00540577 0.0054239  ...        nan        nan        nan],[0.00444455 0.00444472 0.00444489 ... 0.00529651 0.00529668 0.00529685],,0.05506552602706582
LAS_1.3Torr_SmallAdmixture_1kHzLaserFreq_CapCoupling,0,30.0,1.3,8.0,8,1.2056943856836224,0.006134705280816735,0.00477995991610027,0.5120112631229857,7.395511322097922e-05,[0.0049752  0.00502368 0.00495901 ...        nan        nan        nan],[0.00443454 0.00443468 0.00443483 ... 0.00517364 0.00517379 0.00517394],,0.05504176313659724
LAS_1.3Torr_SmallAdmixture_1kHzLaserFreq_CapCoupling,0,30.0,1.3,8.0,10,1.1261914971881846,0.005497092207085538,0.004585519742139,0.47824949493046426,0.00015125500009177212,[0.0051737  0.00517258 0.00518231 ...        nan        nan        nan],[0.00385809 0.00385839 0.00385869 ... 0.00536973 0.00537003 0.00537033],,0.05506381038161949
LAS_1.3Torr_SmallAdmixture_1kHzLaserFreq_CapCoupling,0,30.0,1.3,6.0,3,1.2553731198877014,0.008276237376697696,0.006193382505858285,0.5331078791081049,3.67848861386289e-05,[0.00451544 0.00418446 0.00448488 ... 0.0045104  0.00451841 0.00459891],[0.00393511 0.00393518 0.00393526 ... 0.00430274 0.00430281 0.00430288],1.5038431215364738,0.05802778614331844
LAS_1.3Torr_SmallAdmixture_1kHzLaserFreq_CapCoupling,0,30.0,1.3,6.0,6,1.255704460656,0.008054939793134045,0.006026187655173418,0.5332485865770249,1.1708931018686643e-05,[0.0044434  0.00435496 0.00445843 ... 0.00412801 0.00418546 0.00405895],[0.00416898 0.00416901 0.00416903 ... 0.004286   0.00428603 0.00428605],1.1368359451644523,0.057989433276447656
LAS_1.3Torr_SmallAdmixture_1kHzLaserFreq_CapCoupling,0,30.0,1.3,6.0,9,1.279662692984586,0.008562175805194559,0.006285740126892064,0.5434227110835416,3.177807729372301e-05,[0.00471114 0.00458603 0.00468598 ... 0.00431909 0.00432957 0.00418478],[0.00407296 0.00407302 0.00407308 ... 0.00439055 0.00439061 0.00439067],1.7833723490545683,0.05804348878599273
LAS_1.3Torr_SmallAdmixture_1kHzLaserFreq_CapCoupling,0,30.0,1.3,6.0,12,1.2534149710286935,0.008250556548587312,0.0061838102870282515,0.5322763298510226,3.411610591005731e-05,[0.00455103 0.00462911 0.00462328 ... 0.00447161 0.00438283 0.00431667],[0.00408265 0.00408272 0.00408279 ... 0.00442361 0.00442368 0.00442375],1.7129350517566277,0.058002055411939896
LAS_1.3Torr_SmallAdmixture_1kHzLaserFreq_CapCoupling,0,30.0,1.3,6.0,15,1.0973329983235098,0.00679968391295105,0.005821274454481768,0.46599441882578657,0.00012312965057839593,[0.00490653 0.00504589 0.00491373 ...        nan        nan        nan],[0.00350556 0.00350581 0.00350605 ... 0.00473612 0.00473637 0.00473661],,0.05801757069156769
LAS_1.3Torr_SmallAdmixture_1kHzLaserFreq_CapCoupling,0,30.0,1.3,2.0,2,1.1724286195746656,0.024480492785573963,0.019615597179851545,0.49788459294317605,-1.7097805034253902e-05,[0.00469448 0.00479764 0.00478548 ... 0.00480138 0.00460023 0.0047451 ],[0.00546075 0.00546071 0.00546068 ... 0.00528987 0.00528984 0.00528981],2.7541159587006727,0.07384104259593378
LAS_1.3Torr_SmallAdmixture_1kHzLaserFreq_CapCoupling,0,30.0,1.3,2.0,4,1.1545527823035309,0.024084005862426667,0.01959668996894449,0.49029342379678814,-1.913670812634904e-05,[0.00486389 0.00472094 0.00492434 ... 0.00454989 0.00455143 0.00458957],[0.00533925 0.00533922 0.00533918 ... 0.005148   0.00514796 0.00514793],2.5327360181673946,0.07376607684308124
LAS_1.3Torr_SmallAdmixture_1kHzLaserFreq_CapCoupling,0,30.0,1.3,2.0,6,1.2035817668036477,0.025642146320914952,0.02001458382317662,0.5111141164877544,-9.258504562847056e-06,[0.00467214 0.00483687 0.00458703 ... 0.00448093 0.00466166 0.00447354],[0.00521103 0.00521101 0.00521099 ... 0.0051185  0.00511848 0.00511846],2.776037481590208,0.07384131202337949
LAS_1.3Torr_SmallAdmixture_1kHzLaserFreq_CapCoupling,0,30.0,1.3,2.0,8,1.1648720272258368,0.02425043758491808,0.019557311498247888,0.494675603634301,-2.0009145175811857e-05,[0.00505657 0.00504094 0.0049864  ... 0.00445909 0.00454388 0.00465354],[0.00536252 0.00536248 0.00536244 ... 0.00516255 0.00516251 0.00516247],3.004677090283487,0.07384627682035588
LAS_1.3Torr_SmallAdmixture_1kHzLaserFreq_CapCoupling,0,30.0,1.3,2.0,10,1.1074665119582272,0.0226263181653889,0.019193362990904777,0.4702977258475272,0.00014246765997151046,[0.00497007 0.00499568 0.00498737 ...        nan        nan        nan],[0.00387781 0.00387809 0.00387838 ... 0.00530163 0.00530191 0.0053022 ],,0.07386001709045235
LAS_1.3Torr_SmallAdmixture_1kHzLaserFreq_CapCoupling,0,30.0,1.3,4.0,2,1.2124089801011446,0.012453479625497166,0.009649601084893489,0.5148626888324326,-4.2738096335108385e-05,[0.00210011 0.00218627 0.00214736 ... 0.00183121 0.00179126 0.00194923],[0.00282941 0.00282932 0.00282924 ... 0.00240228 0.0024022  0.00240211],2.4225699701440546,0.06312096397208587
LAS_1.3Torr_SmallAdmixture_1kHzLaserFreq_CapCoupling,0,30.0,1.3,4.0,4,1.235469879033391,0.012464288533249978,0.0094777035841334,0.5246557509311304,-3.06090475448091e-05,[0.00201375 0.00199478 0.00202539 ... 0.00163816 0.00168657 0.00172542],[0.0026332  0.00263314 0.00263307 ... 0.00232729 0.00232723 0.00232717],2.342832239370362,0.06314473143512724
LAS_1.3Torr_SmallAdmixture_1kHzLaserFreq_CapCoupling,0,30.0,1.3,4.0,6,1.2115335306856168,0.012614997934023918,0.00978181703583109,0.514490919695604,-4.275900369964241e-05,[0.0021571  0.00208842 0.00218529 ... 0.00170928 0.00169336 0.0017494 ],[0.00283299 0.0028329  0.00283282 ... 0.00240565 0.00240557 0.00240548],2.640483784572783,0.06309786243220693
LAS_1.3Torr_SmallAdmixture_1kHzLaserFreq_CapCoupling,0,30.0,1.3,4.0,8,1.2441441891022431,0.012615664356435845,0.009525925930297713,0.5283393912530974,-4.4308625732905943e-05,[0.00250045 0.0023199  0.00223703 ... 0.00163093 0.00158797 0.00147252],[0.00278064 0.00278055 0.00278046 ... 0.00233782 0.00233773 0.00233764],2.573547760200576,0.06312121401752191
LAS_1.3Torr_SmallAdmixture_1kHzLaserFreq_CapCoupling,0,30.0,1.3,4.0,10,1.0772028321989982,0.010366163702831633,0.009040414978916639,0.45744592435930304,8.087755809760931e-05,[0.00200465 0.00205936 0.00209258 ...        nan        nan        nan],[0.00170723 0.00170739 0.00170756 ... 0.00251552 0.00251568 0.00251585],,0.06313775608882521
LAS_1.3Torr_SmallAdmixture_1kHzLaserFreq_CapCoupling,0,30.0,1.3,10.0,2,1.217906081990547,0.005059821871841213,0.0039029161281619908,0.5171970930689695,5.160529902739395e-05,[0.00191581 0.00172676 0.0017724  ...        nan        nan        nan],[0.00161699 0.0016171  0.0016172  ... 0.00213274 0.00213284 0.00213294],,0.053171671555600125
LAS_1.3Torr_SmallAdmixture_1kHzLaserFreq_CapCoupling,0,30.0,1.3,10.0,4,1.258180691843709,0.005434095402784675,0.0040574393093774025,0.5343001451421622,1.820847169961605e-05,[0.00142538 0.0014208  0.00147964 ...        nan        nan        nan],[0.00193905 0.00193909 0.00193912 ... 0.00212102 0.00212106 0.0021211 ],,0.05320394060572632
LAS_1.3Torr_SmallAdmixture_1kHzLaserFreq_CapCoupling,0,30.0,1.3,10.0,6,1.2923246658416168,0.005533979201819708,0.0040228485141172166,0.5487997558746073,5.30487174892059e-05,[0.0017249  0.00164885 0.00176566 ...        nan        nan        nan],[0.00161051 0.00161062 0.00161072 ... 0.00214068 0.00214079 0.00214089],,0.05318150165471593
LAS_1.3Torr_SmallAdmixture_1kHzLaserFreq_CapCoupling,0,30.0,1.3,10.0,8,1.1629844043487478,0.005125574338954019,0.004140344092968416,0.49387400400418396,2.2634964618797762e-05,[0.00200365 0.00196188 0.00180888 ...        nan        nan        nan],[0.00195573 0.00195577 0.00195582 ... 0.00218194 0.00218199 0.00218203],,0.053197331666081676
LAS_1.3Torr_SmallAdmixture_1kHzLaserFreq_CapCoupling,0,30.0,1.3,10.0,10,1.1733125455025657,0.0048108108396075575,0.0038518765190257882,0.49825996172337866,9.985406794185509e-05,[0.00209087 0.001965   0.00186219 ...        nan        nan        nan],[0.00142648 0.00142668 0.00142688 ... 0.00242442 0.00242462 0.00242482],,0.053254551086998135
LAS_1.3Torr_SmallAdmixture_1kHzLaserFreq_CapCoupling,0,30.0,1.3,1.0,0,1.5561496090387714,0.08153108650577491,0.049219780406411257,0.6608358937331532,-0.011493528230684402,[       nan        nan        nan ... 0.10501307 0.1040714  0.10359514],[0.22441259 0.2243896  0.22436662 ... 0.10954627 0.10952328 0.1095003 ],,-0.0070690446509519495
LAS_1.3Torr_SmallAdmixture_1kHzLaserFreq_CapCoupling,0,30.0,1.3,1.0,12,1.1828441602892295,0.1797882369349457,0.14279122957928297,0.5023076658385093,-0.017345263955465116,[0.32552891 0.32564459 0.32600996 ... 0.15237027 0.1525105  0.15277683],[0.46438842 0.46435373 0.46431904 ... 0.29103985 0.29100516 0.29097047],6320.318254359494,-0.007512277669808408
LAS_1.3Torr_SmallAdmixture_1kHzLaserFreq_CapCoupling,0,30.0,1.3,1.0,24,0.6495557821977781,0.007750790285843049,0.01120978603141283,0.27584094316185465,-0.01691785844026709,[       nan        nan        nan ... 0.26392782 0.26362432 0.26319816],[0.47138448 0.47135064 0.47131681 ... 0.3023074  0.30227356 0.30223973],,-0.007519012818705441
LAS_1.3Torr_SmallAdmixture_1kHzLaserFreq_CapCoupling,0,30.0,1.3,1.0,35,0.49314020899761707,0.017725705944873854,0.03376765603788555,0.20941736505013306,-0.015557351595135641,[       nan        nan        nan ... 0.27729593 0.27712415 0.27704068],[0.45132641 0.4512953  0.45126418 ... 0.29584624 0.29581512 0.29578401],,-0.007557159082517689
LAS_1.3Torr_SmallAdmixture_1kHzLaserFreq_CapCoupling,0,30.0,1.3,1.0,46,1.102230831632155,0.14173998405606095,0.12080575237346987,0.4680743371273911,-0.01388826465945895,[0.31682186 0.31567103 0.31611172 ...        nan        nan        nan],[0.43178727 0.4317595  0.43173172 ... 0.29298796 0.29296018 0.2929324 ],,-0.007939716448608292
LAS_1.3Torr_SmallAdmixture_1kHzLaserFreq_CapCoupling,0,30.0,1.3,0.8,0,1.4476502869712735,0.07539181414831218,0.04892471707921937,0.6147604739589547,-0.011569852849077775,[       nan        nan        nan ... 0.10101856 0.10059754 0.1012588 ],[0.22175459 0.22173145 0.22170831 ... 0.10612548 0.10610234 0.1060792 ],,-0.008043431434790495
LAS_1.3Torr_SmallAdmixture_1kHzLaserFreq_CapCoupling,0,30.0,1.3,0.8,4,1.0613500423901663,0.1640056474842861,0.1451670165453037,0.4507138643692907,-0.019451133635514106,[0.35971497 0.35837162 0.35939672 ... 0.1500083  0.14958395 0.15021152],[0.47011594 0.47007703 0.47003813 ... 0.27572131 0.2756824  0.2756435 ],5648.92884697321,-0.007245860906243686
LAS_1.3Torr_SmallAdmixture_1kHzLaserFreq_CapCoupling,0,30.0,1.3,0.8,8,1.9421963352412202,0.036845692783015624,0.017822203003786695,0.8247748439799331,-0.0183463949352043,[       nan        nan        nan ... 0.34715745 0.347304   0.3469512 ],[0.46581843 0.46578174 0.46574505 ... 0.28246456 0.28242787 0.28239117],,-0.008048859306966619
LAS_1.3Torr_SmallAdmixture_1kHzLaserFreq_CapCoupling,0,30.0,1.3,0.8,11,0.47254683014778526,0.019156605354279575,0.03808390630304162,0.20067216225075687,-0.017717502659884917,[       nan        nan        nan ... 0.29321253 0.29358075 0.29439665],[0.45773041 0.45769498 0.45765954 ... 0.28066169 0.28062626 0.28059082],,-0.007705224540311174
LAS_1.3Torr_SmallAdmixture_1kHzLaserFreq_CapCoupling,0,30.0,1.3,0.8,16,1.0980439975181613,0.15225435800716167,0.13026201143096247,0.4662963523837889,-0.017887374878025306,[0.34850958 0.34814256 0.34882196 ...        nan        nan        nan],[0.45336148 0.45332571 0.45328993 ... 0.27459506 0.27455928 0.27452351],,-0.0071766055184593796
LAS_1.3Torr_SmallAdmixture_1kHzLaserFreq_CapCoupling,0,30.0,1.3,0.6,0,1.7794517398740544,0.09676238209863057,0.051084380026888074,0.7556635776177398,-0.01113107104034629,[       nan        nan        nan ... 0.0996393  0.10072161 0.09981611],[0.21710962 0.21708735 0.21706509 ... 0.10586569 0.10584343 0.10582117],,-0.007229554106105745
LAS_1.3Torr_SmallAdmixture_1kHzLaserFreq_CapCoupling,0,30.0,1.3,0.6,3,1.070539338539716,0.1583608777985416,0.1389674407429828,0.4546161991438483,-0.020349097683967858,[0.3710817  0.37164388 0.37170273 ... 0.14902899 0.14910023 0.1494235 ],[0.48512402 0.48508332 0.48504262 ... 0.28175514 0.28171444 0.28167374],6232.645941560645,-0.00783090288927243
LAS_1.3Torr_SmallAdmixture_1kHzLaserFreq_CapCoupling,0,30.0,1.3,0.6,6,2.1675971757447248,0.06025459999683505,0.026114362061167906,0.9204937678013677,-0.018959547356418364,[       nan        nan        nan ... 0.30965633 0.30923075 0.3101586 ],[0.47552241 0.47548449 0.47544657 ... 0.28604069 0.28600277 0.28596485],,-0.008439430599595944
LAS_1.3Torr_SmallAdmixture_1kHzLaserFreq_CapCoupling,0,30.0,1.3,0.6,9,0.4967539015900678,0.022887772678137023,0.04328426371976216,0.21095195899928693,-0.018467225011234323,[       nan        nan        nan ... 0.2982667  0.29761016 0.2981025 ],[0.47116257 0.47112563 0.4710887  ... 0.28660112 0.28656419 0.28652725],,-0.007076256907093736
LAS_1.3Torr_SmallAdmixture_1kHzLaserFreq_CapCoupling,0,30.0,1.3,0.6,12,0.9573597647270375,0.11988750233477635,0.11764311922550091,0.40655325945064097,-0.013920677407638256,[0.34407304 0.34472923 0.34439255 ...        nan        nan        nan],[0.44406082 0.44403298 0.44400513 ... 0.30493757 0.30490973 0.30488188],,-0.008087792241815422
LAS_1.3Torr_SmallAdmixture_1kHzLaserFreq_CapCoupling,0,30.0,1.3,0.4,0,1.9385290606667707,0.10558672972999478,0.05116875060424632,0.8232174958580721,-0.010918621523877186,[       nan        nan        nan ... 0.10588594 0.10619776 0.10560516],[0.22175986 0.22173802 0.22171618 ... 0.11263915 0.11261732 0.11259548],,-0.007103035708909162
LAS_1.3Torr_SmallAdmixture_1kHzLaserFreq_CapCoupling,0,30.0,1.3,0.4,5,1.1651073333452198,0.17970329590481127,0.14489650047387778,0.4947755289427676,-0.01881394892632948,[0.34954535 0.34890505 0.3494509  ... 0.15616241 0.15609268 0.15600126],[0.46652972 0.46649209 0.46645446 ... 0.27850311 0.27846549 0.27842786],5293.858699725455,-0.00647219921352075
LAS_1.3Torr_SmallAdmixture_1kHzLaserFreq_CapCoupling,0,30.0,1.3,0.4,8,0.002337677090337746,2.511508513922479e-17,1.0092945400810057e-14,0.0009927200574288565,-0.01889358783783471,[       nan        nan        nan ... 0.26385802 0.26365279 0.26341822],[0.48093213 0.48089434 0.48085655 ... 0.29210961 0.29207182 0.29203403],,-0.0074178443444747255
LAS_1.3Torr_SmallAdmixture_1kHzLaserFreq_CapCoupling,0,30.0,1.3,0.4,11,1.0587350696696556,0.14519310059114962,0.12883280738766267,0.44960338769994657,-0.016089346022528754,[0.330942   0.33031916 0.33034082 ... 0.17466439 0.17415841 0.17461641],[0.43285773 0.43282555 0.43279337 ... 0.2720608  0.27202863 0.27199645],3617.8949828189816,-0.00841366150590183
LAS_1.3Torr_SmallAdmixture_1kHzLaserFreq_CapCoupling,0,30.0,1.3,0.4,15,1.0735906347818702,0.14816631510289002,0.12965180148343505,0.4559119653526476,-0.016378474093793588,[0.33928946 0.34034777 0.34029471 ...        nan        nan        nan],[0.44427379 0.44424104 0.44420828 ... 0.28058732 0.28055457 0.28052181],,-0.008876346253745046
LAS_1.3Torr_SmallAdmixture_1kHzLaserFreq_CapCoupling,0,30.0,1.3,0.2,0,0.6154981003405822,0.027275071023161533,0.04163005293462341,0.2613779773275595,-0.011622974712168407,[       nan        nan        nan ... 0.10073759 0.10155681 0.10087282],[0.21746541 0.21744216 0.21741892 ... 0.1013054  0.10128215 0.10125891],,-0.006764514694552705
LAS_1.3Torr_SmallAdmixture_1kHzLaserFreq_CapCoupling,0,30.0,1.3,0.2,2,1.1284029234997643,0.17348862365203035,0.14443571271821987,0.47918860121854184,-0.01812060851924237,[0.36361767 0.36358702 0.36368986 ... 0.15973946 0.16029427 0.1594638 ],[0.46559641 0.46556017 0.46552393 ... 0.28449905 0.28446281 0.28442656],4635.800756496134,-0.006731921278651474
LAS_1.3Torr_SmallAdmixture_1kHzLaserFreq_CapCoupling,0,30.0,1.3,0.2,4,16.080887435232576,3.9362408932472452,0.22995319430920422,6.828924133360358,-0.002502312264402768,[       nan        nan        nan ... 0.26442806 0.26459868 0.26471839],[0.32940232 0.32943503 0.32946773 ... 0.30450733 0.30446462 0.30442191],,-0.007462332253470272
LAS_1.3Torr_SmallAdmixture_1kHzLaserFreq_CapCoupling,0,30.0,1.3,0.2,6,0.8389512994056063,0.023641794242084006,0.026473506700682353,0.35626981398257124,-0.017613651239348282,[       nan        nan        nan ... 0.32781119 0.32796889 0.32896252],[0.46724031 0.46720508 0.46716986 ... 0.29120948 0.29117425 0.29113903],,-0.008356449791725172
LAS_1.3Torr_SmallAdmixture_1kHzLaserFreq_CapCoupling,0,30.0,1.3,0.2,8,1.0773556843566705,0.15673805022712484,0.1366731243099026,0.45751083469416914,-0.01775626507520939,[0.35311322 0.35204992 0.35169856 ...        nan        nan        nan],[0.45943981 0.4594043  0.45936879 ... 0.2819837  0.28194819 0.28191267],,-0.007952385397173842
LAS_1.3Torr_SmallAdmixture_1kHzLaserFreq_CapCoupling,0,30.0,1.3,0.0,2,1.192998025263122,0.05770626572128061,0.04544133023284948,0.5066196152782633,-2.1662537528286988e-05,[0.00021361 0.00031828 0.00033423 ... 0.00108176 0.00097703 0.00098207],[0.00109187 0.00109183 0.00109178 ... 0.00087537 0.00087533 0.00087529],3.4883047699111263,0.1110483920308376
LAS_1.3Torr_SmallAdmixture_1kHzLaserFreq_CapCoupling,0,30.0,1.3,0.0,4,1.1709600127554125,0.056861708924032014,0.045618986568213546,0.4972609330493543,-2.1705551235507072e-05,[0.00037213 0.00029196 0.00039234 ... 0.00082996 0.0009373  0.00097335],[0.0011443  0.00114425 0.00114421 ... 0.00092737 0.00092733 0.00092729],3.834524640965589,0.11109360383047676
LAS_1.3Torr_SmallAdmixture_1kHzLaserFreq_CapCoupling,0,30.0,1.3,0.0,6,1.1964561037913648,0.058789198713147195,0.046160293454144734,0.5080881260188355,-1.3766323210839283e-05,"[4.15975392e-05 1.99591537e-04 1.69779569e-04 ... 9.22039212e-04
 8.76027564e-04 9.95033907e-04]",[0.00090514 0.00090511 0.00090508 ... 0.00076755 0.00076753 0.0007675 ],3.1933875611489277,0.11111032249173097
LAS_1.3Torr_SmallAdmixture_1kHzLaserFreq_CapCoupling,0,30.0,1.3,0.0,8,1.192667601948701,0.058350450015735876,0.045961328943720826,0.5064792974161326,-2.199461069067087e-05,[0.00029139 0.00043407 0.00029905 ... 0.00068077 0.00082017 0.00067054],[0.000887   0.00088696 0.00088691 ... 0.00066719 0.00066714 0.0006671 ],3.9257956874662754,0.11108812299538938
LAS_1.3Torr_SmallAdmixture_1kHzLaserFreq_CapCoupling,0,30.0,1.3,0.0,10,1.1642742192780644,0.0566786515049662,0.04573324501096297,0.49442173797308675,0.00011154706216135378,[0.00050755 0.00053718 0.00051969 ...        nan        nan        nan],"[-0.00019011 -0.00018989 -0.00018966 ...  0.00092469  0.00092492
  0.00092514]",,0.11100543709384557
LAS_1.4Torr_SmallAdmixture_1kHzLaserFreq_CapCoupling,0,80.0,1.4,8.0,2,1.2976847843580293,0.010706221998940408,0.0077505910380343815,0.5510759886286656,7.667748495522387e-05,[0.01064154 0.01069587 0.0105225  ... 0.01187345 0.01188149 0.01200584],[0.00986551 0.00986566 0.00986581 ... 0.01063182 0.01063198 0.01063213],4.413963782006475,0.07399491591076142
LAS_1.4Torr_SmallAdmixture_1kHzLaserFreq_CapCoupling,0,80.0,1.4,8.0,4,1.2205847915331287,0.010120897967445816,0.007789666814209252,0.5183346362745467,7.178102839990596e-05,[0.01109053 0.01112017 0.0110367  ... 0.01212983 0.01213612 0.01202372],[0.00994142 0.00994156 0.0099417  ... 0.0106588  0.01065894 0.01065908],3.935532973190205,0.07396648293847982
LAS_1.4Torr_SmallAdmixture_1kHzLaserFreq_CapCoupling,0,80.0,1.4,8.0,6,1.2771226693088764,0.010900037647780015,0.008017946867308839,0.5423440623430277,6.554390591596904e-05,[0.01089141 0.0108837  0.01089084 ... 0.01218591 0.01191259 0.01197892],[0.01001539 0.01001552 0.01001565 ... 0.01067043 0.01067056 0.0106707 ],3.6833330091799605,0.07401225865415183
LAS_1.4Torr_SmallAdmixture_1kHzLaserFreq_CapCoupling,0,80.0,1.4,8.0,8,1.2764687519780742,0.010650977313445642,0.007838754475837706,0.5420663692207094,7.328567880988536e-05,[0.01071523 0.01067173 0.01074213 ... 0.01202885 0.01205536 0.01215879],[0.01003775 0.0100379  0.01003804 ... 0.01077017 0.01077031 0.01077046],4.284116546156964,0.07402400910170824
LAS_1.4Torr_SmallAdmixture_1kHzLaserFreq_CapCoupling,0,80.0,1.4,8.0,10,1.2681666920480332,0.010629331756510992,0.007874036246454465,0.5385408089777687,6.882942169417608e-05,[0.01077386 0.01098835 0.01086734 ...        nan        nan        nan],[0.01012428 0.01012441 0.01012455 ... 0.01081216 0.0108123  0.01081243],,0.07406359812815802
LAS_1.4Torr_SmallAdmixture_1kHzLaserFreq_CapCoupling,0,80.0,1.4,6.0,2,1.228116824670475,0.0126740343249449,0.00969489227506261,0.5215331962465667,2.5893560619404955e-05,[0.00790125 0.00789913 0.00802129 ... 0.00832729 0.00829825 0.00845717],[0.00714169 0.00714174 0.00714179 ... 0.00740047 0.00740052 0.00740057],1.778212030645493,0.07847261344874168
LAS_1.4Torr_SmallAdmixture_1kHzLaserFreq_CapCoupling,0,80.0,1.4,6.0,4,1.1613624687073243,0.012047026296957936,0.009744955520591576,0.4931852313547215,4.1517858943700836e-05,[0.00735548 0.00730086 0.00736271 ... 0.00833642 0.00820058 0.00825916],[0.00695268 0.00695276 0.00695285 ... 0.00736761 0.00736769 0.00736778],1.9370166674977425,0.07847913122873725
LAS_1.4Torr_SmallAdmixture_1kHzLaserFreq_CapCoupling,0,80.0,1.4,6.0,6,1.254242216649071,0.013331999730164691,0.009985772588321912,0.5326276287208123,3.1741193385906816e-05,[0.00786443 0.0076296  0.00776527 ... 0.00819829 0.00840253 0.00817426],[0.00718378 0.00718384 0.0071839  ... 0.007501   0.00750106 0.00750112],1.7298971928417204,0.07845055328279038
LAS_1.4Torr_SmallAdmixture_1kHzLaserFreq_CapCoupling,0,80.0,1.4,6.0,8,1.2387364968235006,0.012953660572715995,0.009823842010659015,0.5260429557823048,3.669699459736462e-05,[0.00744666 0.00748191 0.00748855 ... 0.00850199 0.00862453 0.00849164],[0.00717486 0.00717494 0.00717501 ... 0.00754161 0.00754168 0.00754176],1.9210653073055126,0.07844176039216667
LAS_1.4Torr_SmallAdmixture_1kHzLaserFreq_CapCoupling,0,80.0,1.4,6.0,10,1.2293579725723427,0.012843831299928518,0.009814857993912933,0.5220602632317857,2.8413082879503445e-05,[0.00775122 0.00757103 0.007762   ...        nan        nan        nan],[0.00720514 0.00720519 0.00720525 ... 0.0074891  0.00748915 0.00748921],,0.0784099653850555
LAS_1.4Torr_SmallAdmixture_1kHzLaserFreq_CapCoupling,0,80.0,1.4,4.0,2,1.2351093844166046,0.018803071841795114,0.01430181558420727,0.5245026629626688,2.1497776758868222e-05,[0.00709776 0.00707587 0.00710151 ... 0.0075478  0.00741537 0.00758974],[0.00685188 0.00685192 0.00685197 ... 0.00706673 0.00706677 0.00706681],0.8822169179610887,0.09192589019809601
LAS_1.4Torr_SmallAdmixture_1kHzLaserFreq_CapCoupling,0,80.0,1.4,4.0,4,1.1418202133253381,0.017100719326785217,0.014069687189522747,0.4848863995933631,2.1927254563987567e-05,[0.00733679 0.00734144 0.00751966 ... 0.00776596 0.00780208 0.0077553 ],[0.00687984 0.00687988 0.00687993 ... 0.00709898 0.00709903 0.00709907],0.6969762657558225,0.09200420316133782
LAS_1.4Torr_SmallAdmixture_1kHzLaserFreq_CapCoupling,0,80.0,1.4,4.0,6,1.2746012367775543,0.019645838147674708,0.014479848437842295,0.5412733085346241,2.0009234966040854e-05,[0.00697304 0.00689305 0.00699063 ... 0.00796288 0.00795108 0.00798405],[0.00699056 0.0069906  0.00699064 ... 0.00719053 0.00719057 0.00719061],0.740675833181851,0.09194696926918636
LAS_1.4Torr_SmallAdmixture_1kHzLaserFreq_CapCoupling,0,80.0,1.4,4.0,8,1.202370081261408,0.018770325008193835,0.014665653546124714,0.5105995610146954,2.8772349673173075e-05,[0.00670057 0.00665241 0.00666071 ... 0.00812621 0.00811771 0.00817343],[0.0068485  0.00684856 0.00684861 ... 0.00713605 0.00713611 0.00713617],0.9784452734863188,0.09203339889825829
LAS_1.4Torr_SmallAdmixture_1kHzLaserFreq_CapCoupling,0,80.0,1.4,4.0,10,1.1522592476590978,0.017635895094867057,0.014378550078042956,0.4893194493101717,5.721353196348144e-05,[0.00698226 0.00692713 0.00696004 ... 0.00769858 0.0077344  0.00775804],[0.0066657  0.00666581 0.00666593 ... 0.00723749 0.0072376  0.00723772],1.1016698886163494,0.09190231542596951
LAS_1.4Torr_SmallAdmixture_1kHzLaserFreq_CapCoupling,0,80.0,1.4,2.0,1,1.2032753078460743,0.031137184304247598,0.02430984122952997,0.5109839753509741,4.395980997895054e-05,[0.00784688 0.00799683 0.00800017 ... 0.00910929 0.00896523 0.00895162],[0.0079977  0.00799779 0.00799788 ... 0.00843704 0.00843712 0.00843721],0.9826740773069932,0.11297550625
LAS_1.4Torr_SmallAdmixture_1kHzLaserFreq_CapCoupling,0,80.0,1.4,2.0,2,1.198957971065519,0.031243503112379493,0.02448068426856802,0.5091505712275186,4.278398176544091e-05,[0.0080914  0.00806787 0.0081306  ... 0.00937942 0.00926416 0.00926008],[0.00797567 0.00797575 0.00797584 ... 0.00840325 0.00840334 0.00840342],0.8818528803763723,0.11301582447916667
LAS_1.4Torr_SmallAdmixture_1kHzLaserFreq_CapCoupling,0,80.0,1.4,2.0,3,1.2020293502773183,0.030708279585643726,0.02399983211793423,0.5104548658882849,2.5828621987989912e-05,[0.00857535 0.00872585 0.00866111 ... 0.00908158 0.00908848 0.00908299],[0.00823914 0.00823919 0.00823924 ... 0.00849727 0.00849732 0.00849737],0.6897701197260175,0.11294881718749998
LAS_1.4Torr_SmallAdmixture_1kHzLaserFreq_CapCoupling,0,80.0,1.4,2.0,4,1.1951293024530611,0.03128668573019722,0.02459305352281082,0.5075246853681992,3.774056051116556e-05,[0.00793476 0.00781369 0.00786926 ... 0.00913385 0.00905112 0.00914087],[0.00812699 0.00812707 0.00812714 ... 0.00850417 0.00850424 0.00850432],1.3451082070142635,0.112963446875
LAS_1.4Torr_SmallAdmixture_1kHzLaserFreq_CapCoupling,0,80.0,1.4,2.0,5,1.1021208059282115,0.0286965506418957,0.024460666469665784,0.4680276135129155,6.346993009177019e-05,[0.00790919 0.00824836 0.00813196 ... 0.00909772 0.00918541 0.00935638],[0.00787828 0.0078784  0.00787853 ... 0.0085126  0.00851272 0.00851285],1.2742167511184532,0.11297673219095651
LAS_1.4Torr_SmallAdmixture_1kHzLaserFreq_CapCoupling,0,80.0,1.4,10.0,2,1.2613094070452582,0.008437197494498718,0.006284118559498689,0.5356287881559463,4.1756787637393585e-05,[0.0081376  0.00814514 0.00828507 ... 0.008808   0.00903914 0.00875634],[0.00722009 0.00722017 0.00722025 ... 0.0076374  0.00763749 0.00763757],2.9634891365212024,0.07066264581455892
LAS_1.4Torr_SmallAdmixture_1kHzLaserFreq_CapCoupling,0,80.0,1.4,10.0,4,1.2350020048868868,0.008332497882017117,0.006338337188181099,0.5244570630749218,4.48741984979998e-05,[0.00810373 0.00786071 0.00824662 ... 0.00877349 0.00866776 0.00868633],[0.00718604 0.00718613 0.00718622 ... 0.00763452 0.00763461 0.00763469],2.8472922541155357,0.07074173352441508
LAS_1.4Torr_SmallAdmixture_1kHzLaserFreq_CapCoupling,0,80.0,1.4,10.0,6,1.2517521798444053,0.008576793645531369,0.006436864909896137,0.5315702074499513,-7.5609733942798325e-06,[0.00825638 0.0081644  0.00827216 ... 0.00883914 0.00874809 0.00865377],[0.00806727 0.00806726 0.00806724 ... 0.00799171 0.00799169 0.00799168],1.816090009236724,0.07069021915990789
LAS_1.4Torr_SmallAdmixture_1kHzLaserFreq_CapCoupling,0,80.0,1.4,10.0,8,1.2355310788223999,0.008249858855331266,0.006272788346283819,0.5246817400886196,4.753728686510269e-05,[0.00821613 0.0080601  0.00805477 ... 0.00872809 0.0087222  0.0087324 ],[0.00727309 0.00727319 0.00727328 ... 0.00774818 0.00774828 0.00774837],2.8857492761349923,0.07067781188461668
LAS_1.4Torr_SmallAdmixture_1kHzLaserFreq_CapCoupling,0,80.0,1.4,10.0,10,1.3024016442566444,0.008854930327786968,0.006387163043670091,0.5530790545990647,4.551840642767426e-05,[0.00796391 0.00797464 0.00813046 ...        nan        nan        nan],[0.00726379 0.00726388 0.00726397 ... 0.0077187  0.00771879 0.00771888],,0.07068018470103055
LAS_1.4Torr_SmallAdmixture_1kHzLaserFreq_CapCoupling,0,75.0,1.4,8.0,2,1.241074747093331,0.009881121578227778,0.007479560749818909,0.5270359192466529,5.2214306531292704e-05,[0.01060019 0.01072787 0.01055158 ... 0.011742   0.01184805 0.01180232],[0.0098423  0.0098424  0.00984251 ... 0.01036413 0.01036423 0.01036434],2.8907005887089197,0.07266423344298796
LAS_1.4Torr_SmallAdmixture_1kHzLaserFreq_CapCoupling,0,75.0,1.4,8.0,4,1.2551869219039087,0.01015796179100793,0.007602666834358619,0.5330288081047024,7.34346058066649e-05,[0.01023835 0.01023826 0.01021023 ... 0.0120995  0.01200339 0.0119143 ],[0.00965946 0.00965961 0.00965975 ... 0.01039337 0.01039351 0.01039366],3.6708592580049846,0.07275074359939758
LAS_1.4Torr_SmallAdmixture_1kHzLaserFreq_CapCoupling,0,75.0,1.4,8.0,6,1.281231876961848,0.01042108713017096,0.007641050703385901,0.5440890821638172,6.920187549770607e-05,[0.01076259 0.01074398 0.01078897 ... 0.01191261 0.01185848 0.01179084],[0.0098697  0.00986984 0.00986998 ... 0.0105613  0.01056144 0.01056158],3.401695411832487,0.07275764464106425
LAS_1.4Torr_SmallAdmixture_1kHzLaserFreq_CapCoupling,0,75.0,1.4,8.0,8,1.3263640099122411,0.010553176841108961,0.007474605507355066,0.5632549343679503,5.910281619441818e-05,[0.0107962  0.01092958 0.0107864  ... 0.01182928 0.01193866 0.01165551],[0.01007219 0.01007231 0.01007243 ... 0.01066287 0.01066299 0.0106631 ],3.208809021974368,0.07278037305471888
LAS_1.4Torr_SmallAdmixture_1kHzLaserFreq_CapCoupling,0,75.0,1.4,8.0,10,1.285591082315962,0.010437388826397697,0.007627053649234433,0.5459402662334079,6.209656038469234e-05,[0.01070321 0.01059208 0.01066684 ...        nan        nan        nan],[0.01002587 0.01002599 0.01002611 ... 0.01064646 0.01064658 0.01064671],,0.07270527477943006
LAS_1.4Torr_SmallAdmixture_1kHzLaserFreq_CapCoupling,0,80.0,1.4,0.0,2,1.236098506546453,0.04008482485261956,0.030464545161459515,0.5249227044566825,8.573883872156727e-05,[0.01073249 0.01075254 0.01082626 ... 0.01208544 0.01221827 0.01217679],[0.01058077 0.01058094 0.01058111 ... 0.01143764 0.01143781 0.01143798],1.676144177963676,0.1706560348141463
LAS_1.4Torr_SmallAdmixture_1kHzLaserFreq_CapCoupling,0,80.0,1.4,0.0,4,1.2568610699109812,0.0409358089857097,0.030597355519673783,0.5337397533043602,9.153086284590502e-05,[0.01119053 0.01120437 0.01132587 ... 0.01244302 0.01231396 0.01230577],[0.01034499 0.01034518 0.01034536 ... 0.01125975 0.01125994 0.01126012],2.1381868125581462,0.1704800556140527
LAS_1.4Torr_SmallAdmixture_1kHzLaserFreq_CapCoupling,0,80.0,1.4,0.0,6,1.1583810597425408,0.0371832088215778,0.030155269041111283,0.49191914354003907,-0.00030428972771072107,[0.01320897 0.01322942 0.01309402 ... 0.01054881 0.01037438 0.01049386],[0.01488175 0.01488114 0.01488053 ... 0.01184067 0.01184006 0.01183946],0.041122064625899346,0.15674882587912825
LAS_1.4Torr_SmallAdmixture_1kHzLaserFreq_CapCoupling,0,80.0,1.4,0.0,8,1.223341423930647,0.040529951176145045,0.03112405604349582,0.519505270269843,0.00027889970364931437,[0.00982843 0.00975208 0.00958613 ... 0.012455   0.01235393 0.012302  ],[0.00776048 0.00776104 0.0077616  ... 0.01054781 0.01054836 0.01054892],5.013435516836968,0.15092653440048803
LAS_1.4Torr_SmallAdmixture_1kHzLaserFreq_CapCoupling,0,80.0,1.4,0.0,10,1.173198170457287,0.0405462209299935,0.03246734644768586,0.49821139111369656,0.00014852085490118028,[0.01114458 0.0112443  0.01113755 ... 0.01420918 0.01411834 0.01417279],[0.00981556 0.00981586 0.00981615 ... 0.01129988 0.01130017 0.01130047],0.04809204943222189,0.15635391751271463
LAS_1.4Torr_SmallAdmixture_1kHzLaserFreq_CapCoupling,0,75.0,1.4,6.0,2,1.255303084530598,0.012989319346346236,0.009720880135855989,0.5330781378303154,4.112360505394083e-05,[0.00698659 0.00691359 0.00705707 ... 0.00778747 0.00753947 0.00769165],[0.00661892 0.006619   0.00661908 ... 0.00702991 0.00702999 0.00703007],2.081234421950267,0.07652454950151386
LAS_1.4Torr_SmallAdmixture_1kHzLaserFreq_CapCoupling,0,75.0,1.4,6.0,4,1.2682202448893363,0.013249476960067102,0.009814582782224303,0.5385635507755617,3.1077769323794097e-05,[0.00740611 0.00729385 0.00732585 ... 0.00795727 0.00780904 0.00775824],[0.00675886 0.00675892 0.00675898 ... 0.00706945 0.00706951 0.00706957],1.4819959157113263,0.07654675241715594
LAS_1.4Torr_SmallAdmixture_1kHzLaserFreq_CapCoupling,0,75.0,1.4,6.0,6,1.2588962017811236,0.013343410248845741,0.009957371382178589,0.5346039942362466,2.2946872366978656e-05,[0.00774957 0.00785643 0.00770509 ... 0.00772127 0.00778679 0.00791318],[0.00693806 0.0069381  0.00693815 ... 0.00716739 0.00716743 0.00716748],1.5465580556526015,0.07659496485087236
LAS_1.4Torr_SmallAdmixture_1kHzLaserFreq_CapCoupling,0,75.0,1.4,6.0,8,1.2875003416510342,0.01348899826241165,0.009842380161060166,0.546751054021248,3.9393846874056796e-05,[0.00739151 0.00734793 0.00747456 ... 0.00806853 0.00808476 0.00810965],[0.00682104 0.00682112 0.0068212  ... 0.00721475 0.00721482 0.0072149 ],1.6966516071516684,0.07658183515665512
LAS_1.4Torr_SmallAdmixture_1kHzLaserFreq_CapCoupling,0,75.0,1.4,6.0,10,1.2338064411841307,0.012942371715927369,0.009854500721410668,0.5239493539167299,6.457457083538459e-05,[0.00692046 0.00690542 0.00678726 ... 0.00784641 0.00789342 0.00777771],[0.00648086 0.00648099 0.00648112 ... 0.00712622 0.00712635 0.00712647],2.4051010849521526,0.07657697727967593
LAS_1.4Torr_SmallAdmixture_1kHzLaserFreq_CapCoupling,0,75.0,1.4,4.0,2,1.2222908775068562,0.01775181352640816,0.013643818912604948,0.5190591442798729,2.1261599020292064e-05,[0.00586589 0.00580422 0.00563889 ... 0.00672839 0.00690896 0.00692658],[0.00617526 0.00617531 0.00617535 ... 0.00638775 0.0063878  0.00638784],1.0380000784673729,0.08767948533219733
LAS_1.4Torr_SmallAdmixture_1kHzLaserFreq_CapCoupling,0,75.0,1.4,4.0,4,1.2357448788570777,0.017644181286247243,0.013413449601155505,0.5247725326037966,1.7775673210897657e-05,[0.00646172 0.00664651 0.00655257 ... 0.0069058  0.00689646 0.00686485],[0.00614344 0.00614348 0.00614351 ... 0.00632109 0.00632113 0.00632116],0.7835697920211506,0.0876823841501137
LAS_1.4Torr_SmallAdmixture_1kHzLaserFreq_CapCoupling,0,75.0,1.4,4.0,6,1.2687339797524484,0.01874941614204122,0.013883052522265772,0.5387817138849663,1.712127551353714e-05,[0.00584185 0.00588462 0.00584096 ... 0.00687378 0.00682048 0.00681623],[0.00610748 0.00610751 0.00610755 ... 0.00627859 0.00627862 0.00627866],0.9487587382227571,0.08767868533473783
LAS_1.4Torr_SmallAdmixture_1kHzLaserFreq_CapCoupling,0,75.0,1.4,4.0,8,1.1783739767115924,0.017341481678533794,0.0138251817153706,0.500409353656621,2.0197297085944085e-05,[0.00571607 0.00578228 0.00568769 ... 0.00705569 0.00701932 0.00703712],[0.00621321 0.00621325 0.00621329 ... 0.00641506 0.0064151  0.00641514],0.8909213813828711,0.08768303623679106
LAS_1.4Torr_SmallAdmixture_1kHzLaserFreq_CapCoupling,0,75.0,1.4,4.0,10,1.1788896812736227,0.016959689192582072,0.013514889913582347,0.5006283532201411,3.4541133258532735e-05,[0.00658134 0.0063936  0.0064661  ... 0.00683462 0.00674049 0.00678138],[0.00617552 0.00617559 0.00617565 ... 0.00652072 0.00652079 0.00652086],0.8420851012040613,0.08769222940956865
LAS_1.4Torr_SmallAdmixture_1kHzLaserFreq_CapCoupling,0,75.0,1.4,2.0,2,1.1632126057302554,0.03017405273878301,0.024369259628566602,0.49397091220826916,5.144395149948862e-05,[0.00763273 0.00749353 0.00764111 ... 0.00879731 0.0089346  0.00872068],[0.00772978 0.00772989 0.00772999 ... 0.00824391 0.00824402 0.00824412],1.3227721421820702,0.1092888584460588
LAS_1.4Torr_SmallAdmixture_1kHzLaserFreq_CapCoupling,0,75.0,1.4,2.0,4,1.1902928284503933,0.03072988053713781,0.024253523718325308,0.5054708239647031,4.931808527244389e-05,[0.00769409 0.00765564 0.00765691 ... 0.00906353 0.00921716 0.00908478],[0.00768183 0.00768193 0.00768203 ... 0.00817472 0.00817482 0.00817492],1.3323279523009472,0.10930018265698062
LAS_1.4Torr_SmallAdmixture_1kHzLaserFreq_CapCoupling,0,75.0,1.4,2.0,6,1.226526199968298,0.030984681940766562,0.023732200163812507,0.5208577201287489,3.5934298406999474e-05,[0.00818763 0.00823018 0.00827941 ... 0.00908841 0.00896642 0.00896579],[0.00793265 0.00793272 0.0079328  ... 0.00829178 0.00829185 0.00829192],0.8705535663286413,0.10927285550573619
LAS_1.4Torr_SmallAdmixture_1kHzLaserFreq_CapCoupling,0,75.0,1.4,2.0,8,1.223143972199452,0.031082477783405893,0.023872936471720355,0.5194214202399386,5.823972553279627e-05,[0.00803986 0.00784751 0.00793069 ... 0.00944491 0.00941108 0.00939557],[0.00775426 0.00775438 0.00775449 ... 0.00833631 0.00833643 0.00833654],1.2077220544367533,0.10926839472387824
LAS_1.4Torr_SmallAdmixture_1kHzLaserFreq_CapCoupling,0,75.0,1.4,2.0,10,1.1526436722773648,0.029487625295712704,0.024033250803682345,0.48948269941460243,5.9418859366832035e-05,[0.00767392 0.00790832 0.00781339 ... 0.00887405 0.00873219 0.00883098],[0.00778125 0.00778136 0.00778148 ... 0.00837508 0.0083752  0.00837532],1.350892170150623,0.10926516701606265
LAS_1.4Torr_SmallAdmixture_1kHzLaserFreq_CapCoupling,0,75.0,1.4,10.0,2,1.2354508583694344,0.008000445338812974,0.006083541523779736,0.5246476735988532,2.4069256889771875e-05,[0.00821117 0.00801148 0.00810423 ... 0.00855067 0.00839993 0.00856721],[0.00729419 0.00729424 0.00729429 ... 0.00753474 0.00753479 0.00753484],2.4282257071941276,0.06918774171386091
LAS_1.4Torr_SmallAdmixture_1kHzLaserFreq_CapCoupling,0,75.0,1.4,10.0,4,1.2699991099901797,0.008426650769170686,0.0062333192242971305,0.5393189652305207,1.9536901688109365e-05,[0.00794783 0.00785821 0.00789055 ... 0.00836555 0.00837812 0.00835584],[0.00722388 0.00722392 0.00722396 ... 0.00741913 0.00741917 0.00741921],2.2515970769586433,0.06913642747648405
LAS_1.4Torr_SmallAdmixture_1kHzLaserFreq_CapCoupling,0,75.0,1.4,10.0,6,1.2845055397087053,0.008643515432727641,0.006321530242961447,0.5454792787326656,3.0091361668572336e-05,[0.00786861 0.00775993 0.00766022 ... 0.00843844 0.00838872 0.00847876],[0.00713376 0.00713382 0.00713388 ... 0.00743449 0.00743455 0.00743461],2.304035183319681,0.06919005521861896
LAS_1.4Torr_SmallAdmixture_1kHzLaserFreq_CapCoupling,0,75.0,1.4,10.0,8,1.2653399328543775,0.00841064480942211,0.006244387825530024,0.5373403948741006,2.0716007394502412e-05,[0.00801746 0.00803103 0.00821768 ... 0.00805687 0.00815206 0.00809782],[0.00719039 0.00719043 0.00719048 ... 0.00739743 0.00739747 0.00739751],2.236306529359027,0.06924168274773194
LAS_1.4Torr_SmallAdmixture_1kHzLaserFreq_CapCoupling,0,75.0,1.4,10.0,10,1.2815125072554814,0.008596105992962195,0.006301540075279377,0.5442082548769193,3.0102150739579785e-05,[0.00770735 0.00760329 0.00753214 ...        nan        nan        nan],[0.00708883 0.00708889 0.00708895 ... 0.00738967 0.00738973 0.00738979],,0.06923362643085097
LAS_1.4Torr_SmallAdmixture_1kHzLaserFreq_CapCoupling,0,75.0,1.4,0.0,1,1.2581283179858327,0.044119136038339245,0.03294350862779313,0.5342779040125324,0.00015769184536173168,[0.01333217 0.01324761 0.01324536 ... 0.01423878 0.01425875 0.01411226],[0.01143466 0.01143498 0.01143529 ... 0.01301064 0.01301095 0.01301127],8.325381562423203,0.16119385052083335
LAS_1.4Torr_SmallAdmixture_1kHzLaserFreq_CapCoupling,0,75.0,1.4,0.0,2,1.193336769652956,0.04026113483536298,0.031695001703578356,0.5067634667757689,3.1271361003822924e-05,[0.01344143 0.01361395 0.01357864 ... 0.01464857 0.01462242 0.01464224],[0.01294472 0.01294479 0.01294485 ... 0.01325725 0.01325731 0.01325737],0.014263778720490342,0.15570276927083332
LAS_1.4Torr_SmallAdmixture_1kHzLaserFreq_CapCoupling,0,75.0,1.4,0.0,3,1.2089086681447219,0.04215282118268591,0.032756760427690844,0.5133762432062333,0.00010277928581332228,[0.01064034 0.01030645 0.01030262 ... 0.0116228  0.01179336 0.0115192 ],[0.00956688 0.00956709 0.00956729 ... 0.01059406 0.01059426 0.01059447],0.047519475061125846,0.14360127968749997
LAS_1.4Torr_SmallAdmixture_1kHzLaserFreq_CapCoupling,0,75.0,1.4,0.0,4,1.2479271845376254,0.04176452920571762,0.03144026041689976,0.5299458814999275,8.592782439048527e-05,[0.01157955 0.01158323 0.01147882 ... 0.01149026 0.01149019 0.01147037],[0.00999641 0.00999659 0.00999676 ... 0.01085518 0.01085535 0.01085552],0.7637131500465049,0.15162734687499999
LAS_1.4Torr_SmallAdmixture_1kHzLaserFreq_CapCoupling,0,75.0,1.4,0.0,5,1.256932693250581,0.04165132074047509,0.03113038877959838,0.533770168936226,0.00011262265847411906,[0.01079799 0.0109161  0.01097326 ... 0.01213927 0.01221184 0.01213126],[0.01003659 0.01003681 0.01003704 ... 0.01116214 0.01116236 0.01116259],0.44614180379868257,0.1539934489375107
LAS_1.4Torr_SmallAdmixture_1kHzLaserFreq_CapCoupling,0,70.0,1.4,8.0,2,1.2566628912189188,0.0097666481070154,0.0073012049482674484,0.5336555945625996,5.2386847399134434e-05,[0.00994807 0.0099351  0.00997488 ... 0.01096809 0.01075629 0.010971  ],[0.00924314 0.00924324 0.00924335 ... 0.00976669 0.0097668  0.0097669 ],2.8522290074490018,0.07116606161202871
LAS_1.4Torr_SmallAdmixture_1kHzLaserFreq_CapCoupling,0,70.0,1.4,8.0,4,1.3246004590009568,0.010271589607105709,0.007284848893753886,0.5625060232505145,4.983636195997826e-05,[0.00963437 0.00972447 0.00970238 ... 0.01100431 0.01100404 0.01095796],[0.00928116 0.00928126 0.00928136 ... 0.00977922 0.00977932 0.00977942],2.578469471443502,0.07116170699666985
LAS_1.4Torr_SmallAdmixture_1kHzLaserFreq_CapCoupling,0,70.0,1.4,8.0,6,1.2669689952463212,0.009892402515792332,0.007335058501120427,0.5380321939758541,5.462677159901226e-05,[0.01001892 0.01005323 0.01002492 ... 0.01116245 0.01113315 0.01105847],[0.00926078 0.00926089 0.009261   ... 0.00980672 0.00980683 0.00980694],2.9428070085344236,0.07119726088575397
LAS_1.4Torr_SmallAdmixture_1kHzLaserFreq_CapCoupling,0,70.0,1.4,8.0,8,1.2562704021292443,0.009699712478592434,0.007253431649439165,0.5334889197924817,5.1672743961046816e-05,[0.0097241  0.00981983 0.00973188 ... 0.01116634 0.01122295 0.0111732 ],[0.00942073 0.00942083 0.00942093 ... 0.00993714 0.00993725 0.00993735],2.7564670670822973,0.07123057306811727
LAS_1.4Torr_SmallAdmixture_1kHzLaserFreq_CapCoupling,0,70.0,1.4,8.0,10,1.283800275543371,0.010362771089859798,0.007583090343492004,0.5451797806173754,3.615554097101635e-05,[0.01013562 0.01012841 0.01017777 ...        nan        nan        nan],[0.00950403 0.0095041  0.00950417 ... 0.00986536 0.00986544 0.00986551],,0.07120731743776668
LAS_1.4Torr_SmallAdmixture_1kHzLaserFreq_CapCoupling,0,70.0,1.4,6.0,2,1.2062375556269642,0.012497782620887124,0.009733474837005433,0.5122419261600564,9.97659492106292e-06,[0.00593704 0.00608506 0.00613634 ... 0.00679553 0.00673099 0.0067274 ],[0.00591892 0.00591894 0.00591896 ... 0.00601862 0.00601864 0.00601866],1.1603099284278513,0.0757018276737901
LAS_1.4Torr_SmallAdmixture_1kHzLaserFreq_CapCoupling,0,70.0,1.4,6.0,4,1.1955871737529093,0.012626538874957452,0.009921352102541758,0.5077191254065428,2.4948313811061625e-05,[0.00598538 0.00599237 0.00613957 ... 0.00690538 0.00706598 0.0070223 ],[0.00573842 0.00573847 0.00573852 ... 0.00598776 0.00598781 0.00598786],1.2030068662263633,0.07575034094890146
LAS_1.4Torr_SmallAdmixture_1kHzLaserFreq_CapCoupling,0,70.0,1.4,6.0,7,1.2444977488153093,0.013175231081124322,0.009945621231434918,0.5284895342391027,1.610580951911191e-05,[0.00616097 0.00605827 0.00601975 ... 0.00651322 0.00643818 0.00628894],[0.00589247 0.0058925  0.00589253 ... 0.00605343 0.00605346 0.00605349],1.0539950858152776,0.07568925583470965
LAS_1.4Torr_SmallAdmixture_1kHzLaserFreq_CapCoupling,0,70.0,1.4,6.0,10,1.2292975002877877,0.012733781243538427,0.00973123983103022,0.5220345830169928,6.716018828430907e-06,[0.00619304 0.00612122 0.00629487 ... 0.00684372 0.00687504 0.00679039],[0.00607801 0.00607802 0.00607804 ... 0.00614513 0.00614514 0.00614516],0.9837077099841682,0.07568444814240195
LAS_1.4Torr_SmallAdmixture_1kHzLaserFreq_CapCoupling,0,70.0,1.4,6.0,12,1.2671471248886317,0.013331904080504978,0.009884004345884571,0.5381078386701,2.2285568503978418e-05,[0.00606819 0.00597645 0.00603647 ...        nan        nan        nan],[0.00585076 0.00585081 0.00585085 ... 0.00607348 0.00607353 0.00607357],,0.07569896476484489
LAS_1.4Torr_SmallAdmixture_1kHzLaserFreq_CapCoupling,0,70.0,1.4,4.0,3,1.2285996109669377,0.017214630002610927,0.013163006905680502,0.5217382167097997,2.3107864000309747e-05,[0.00614747 0.00615722 0.00612285 ... 0.00666654 0.00691764 0.00663297],[0.00597997 0.00598002 0.00598007 ... 0.00621091 0.00621096 0.00621101],0.7750123014722392,0.08374973612849396
LAS_1.4Torr_SmallAdmixture_1kHzLaserFreq_CapCoupling,0,70.0,1.4,4.0,6,1.091611904349432,0.015084818883590532,0.012981940875885776,0.4635648939089462,2.3663719321009767e-05,[0.00619211 0.00622658 0.00631806 ... 0.00704625 0.00704808 0.00685046],[0.00600955 0.0060096  0.00600964 ... 0.00624605 0.00624609 0.00624614],0.8130709643577738,0.08372416770963706
LAS_1.4Torr_SmallAdmixture_1kHzLaserFreq_CapCoupling,0,70.0,1.4,4.0,9,1.2673828902830269,0.01744118073973215,0.012928133634330298,0.5382079590147066,1.5262449204104036e-05,[0.00630674 0.00621081 0.00630637 ... 0.00678873 0.00688152 0.00679009],[0.00619365 0.00619368 0.00619371 ... 0.00634618 0.00634621 0.00634624],0.6179141084948445,0.0836919879015436
LAS_1.4Torr_SmallAdmixture_1kHzLaserFreq_CapCoupling,0,70.0,1.4,4.0,12,1.249858548763166,0.01699169637843013,0.01277155164641584,0.5307660563704515,1.6113167409227573e-05,[0.00683038 0.00693156 0.00696495 ... 0.00700809 0.00699648 0.0070627 ],[0.00627359 0.00627362 0.00627366 ... 0.00643463 0.00643466 0.00643469],0.761099720282886,0.08373014397883916
LAS_1.4Torr_SmallAdmixture_1kHzLaserFreq_CapCoupling,0,70.0,1.4,4.0,15,1.1727443283327268,0.016654987246263207,0.0133416257213122,0.4980186621085576,5.941962372123358e-05,[0.00618125 0.00609547 0.00619126 ... 0.00707855 0.00706965 0.00702247],[0.00593514 0.00593526 0.00593537 ... 0.00652898 0.0065291  0.00652921],1.2250579224427631,0.08370007453253196
LAS_1.4Torr_SmallAdmixture_1kHzLaserFreq_CapCoupling,0,70.0,1.4,2.0,2,1.2388590927657646,0.03178632929255898,0.024103841078315917,0.5260950174855006,4.388674293761014e-05,[0.00766927 0.00767745 0.00764782 ... 0.00896972 0.00879595 0.00879842],[0.00782518 0.00782527 0.00782536 ... 0.00826379 0.00826387 0.00826396],1.3087785916916252,0.10777806072406423
LAS_1.4Torr_SmallAdmixture_1kHzLaserFreq_CapCoupling,0,70.0,1.4,2.0,4,1.2145977843168925,0.030841938096478103,0.023854865181953164,0.5157921884009311,3.6187352161833804e-05,[0.00770256 0.00779885 0.00780678 ... 0.00905055 0.00909552 0.0089018 ],[0.00790181 0.00790188 0.00790195 ... 0.00826346 0.00826354 0.00826361],0.8291419530773492,0.1077778739771209
LAS_1.4Torr_SmallAdmixture_1kHzLaserFreq_CapCoupling,0,70.0,1.4,2.0,6,1.2131692773418268,0.030259164901361567,0.023431674426296522,0.5151855573430377,1.914780892947745e-05,[0.00829479 0.00834851 0.00845919 ... 0.00907951 0.00925592 0.00924193],[0.00815755 0.00815758 0.00815762 ... 0.00834891 0.00834895 0.00834899],0.5127005919217063,0.10776219313627255
LAS_1.4Torr_SmallAdmixture_1kHzLaserFreq_CapCoupling,0,70.0,1.4,2.0,8,1.188029700670649,0.029823326436110468,0.023582865489890668,0.5045097620846161,4.582245863958512e-05,[0.00816332 0.00805315 0.00817505 ... 0.00927524 0.00917939 0.00915655],[0.00798865 0.00798875 0.00798884 ... 0.0084466  0.00844669 0.00844679],1.1935484818424271,0.10772376315130261
LAS_1.4Torr_SmallAdmixture_1kHzLaserFreq_CapCoupling,0,70.0,1.4,2.0,10,1.2027543096934896,0.03022090403879577,0.023604691017307337,0.5107627278065241,6.764559715667366e-05,[0.00824224 0.00823778 0.00828953 ... 0.00915782 0.00906082 0.00917295],[0.0078117  0.00781183 0.00781197 ... 0.00848775 0.00848788 0.00848802],1.5076112466488834,0.1077552274552547
LAS_1.4Torr_SmallAdmixture_1kHzLaserFreq_CapCoupling,0,70.0,1.4,0.0,3,1.257872489159205,0.04435864119646825,0.03312908226515006,0.5341692635127339,4.608064255025507e-06,[0.01035836 0.01036909 0.01031428 ... 0.01049455 0.01034979 0.01049744],[0.01068765 0.01068766 0.01068767 ... 0.0107337  0.01073371 0.01073372],0.054121710580007705,0.14923919685108739
LAS_1.4Torr_SmallAdmixture_1kHzLaserFreq_CapCoupling,0,70.0,1.4,0.0,6,1.214900921467732,0.0400676926663189,0.0309828427134174,0.5159209188962737,0.0002635030448056764,[0.00984303 0.00989092 0.00985197 ... 0.01314648 0.01298609 0.01308626],[0.00798414 0.00798467 0.00798519 ... 0.01061759 0.01061812 0.01061864],8.16495953767428,0.15166896469986071
LAS_1.4Torr_SmallAdmixture_1kHzLaserFreq_CapCoupling,0,70.0,1.4,0.0,9,1.1858834068173514,0.041409548668392304,0.0328039615779925,0.503598315004901,0.00021780710419908443,[0.01030004 0.01037415 0.01013629 ... 0.01306336 0.01296107 0.01294506],[0.00868539 0.00868583 0.00868626 ... 0.01086216 0.01086259 0.01086303],0.12888838294723698,0.14279266302523827
LAS_1.4Torr_SmallAdmixture_1kHzLaserFreq_CapCoupling,0,70.0,1.4,0.0,12,1.1947820777557132,0.0441973120354931,0.034751611459100204,0.5073772326156711,6.520251279752638e-05,[0.0122222  0.01215526 0.01208783 ... 0.01271032 0.01293692 0.01282874],[0.01161784 0.01161797 0.0116181  ... 0.01226948 0.01226961 0.01226974],0.6037543774336165,0.1435127245477581
LAS_1.4Torr_SmallAdmixture_1kHzLaserFreq_CapCoupling,0,70.0,1.4,0.0,15,1.2238935703719893,0.04546875239603221,0.03490094404517051,0.5197397452746346,-8.363906906649393e-05,[0.0136212  0.01355456 0.01340115 ... 0.0129661  0.01298119 0.01283785],[0.01377534 0.01377518 0.01377501 ... 0.01293945 0.01293929 0.01293912],0.09475211672670741,0.15151715108478994
LAS_1.4Torr_SmallAdmixture_1kHzLaserFreq_CapCoupling,0,70.0,1.4,10.0,2,1.250931948578819,0.008069111603943786,0.006059821443800226,0.5312218873023812,2.199378747899034e-05,[0.00774867 0.00772339 0.00775921 ... 0.0088926  0.00896809 0.00892212],[0.007485   0.00748505 0.00748509 ... 0.00770481 0.00770485 0.0077049 ],2.3737424206262583,0.06765673789763135
LAS_1.4Torr_SmallAdmixture_1kHzLaserFreq_CapCoupling,0,70.0,1.4,10.0,4,1.2657562361573156,0.008202564736862317,0.006087898186580955,0.5375171826094591,3.0164126850638136e-05,[0.0076694  0.00783537 0.00788373 ... 0.00864296 0.00862848 0.00865469],[0.00725795 0.00725801 0.00725807 ... 0.00755941 0.00755947 0.00755954],2.405380307018787,0.06769499159937811
LAS_1.4Torr_SmallAdmixture_1kHzLaserFreq_CapCoupling,0,70.0,1.4,10.0,6,1.2852197439908768,0.008488119172226026,0.0062044297200673565,0.5457825733660192,2.7953253231375463e-05,[0.00791068 0.00786924 0.00767515 ... 0.00864666 0.0087392  0.00872648],[0.00734403 0.00734408 0.00734414 ... 0.00762339 0.00762345 0.0076235 ],2.5276665303047836,0.06761604306684055
LAS_1.4Torr_SmallAdmixture_1kHzLaserFreq_CapCoupling,0,70.0,1.4,10.0,8,1.2616021169395983,0.008230666926523507,0.006128869978510555,0.5357530906031578,2.974514332994645e-05,[0.00823906 0.0083651  0.00836929 ... 0.00866316 0.00869703 0.00869149],[0.0074204  0.00742046 0.00742052 ... 0.00771767 0.00771773 0.00771779],2.4949574589238286,0.06768355548032233
LAS_1.4Torr_SmallAdmixture_1kHzLaserFreq_CapCoupling,0,70.0,1.4,10.0,10,1.2933752080602092,0.008531775019391733,0.006197016501279587,0.549245880078794,9.500923487713445e-06,[0.00821267 0.00823473 0.00820356 ...        nan        nan        nan],[0.00761092 0.00761094 0.00761096 ... 0.00770587 0.00770589 0.00770591],,0.06765667521882046
LAS_1.4Torr_SmallAdmixture_1kHzLaserFreq_CapCoupling,0,65.0,1.4,8.0,2,1.3200020765371752,0.009948249738735555,0.007080107545663427,0.5605532700142386,9.564629531180843e-05,[0.0098573  0.0098919  0.0098686  ... 0.01069241 0.01072343 0.01080406],[0.00833565 0.00833585 0.00833604 ... 0.00929154 0.00929174 0.00929193],5.507396628513983,0.06958791998647022
LAS_1.4Torr_SmallAdmixture_1kHzLaserFreq_CapCoupling,0,65.0,1.4,8.0,4,1.2873001480002662,0.009781981800813853,0.007138629151500868,0.5466660396053097,0.00010455654102384188,[0.00961661 0.0095738  0.00957749 ... 0.0103697  0.01053523 0.01054522],[0.00819717 0.00819738 0.00819759 ... 0.00924211 0.00924231 0.00924252],5.146136686576452,0.06957872841083719
LAS_1.4Torr_SmallAdmixture_1kHzLaserFreq_CapCoupling,0,65.0,1.4,8.0,6,1.2616774037875098,0.009719134599114745,0.00723680818226474,0.5357850619837609,7.345393043424646e-05,[0.00989769 0.01001144 0.0098904  ... 0.01070172 0.01065924 0.01074083],[0.00864462 0.00864477 0.00864492 ... 0.00937872 0.00937887 0.00937902],3.8677383385005,0.06955144286179596
LAS_1.4Torr_SmallAdmixture_1kHzLaserFreq_CapCoupling,0,65.0,1.4,8.0,8,1.2986046876525854,0.010064615100016015,0.007280949091451281,0.5514666355897773,0.0001084538204891842,[0.00986483 0.00971065 0.00970161 ... 0.01080679 0.01070984 0.01061351],[0.00828665 0.00828687 0.00828708 ... 0.00937054 0.00937075 0.00937097],5.927159939389812,0.06954286439276226
LAS_1.4Torr_SmallAdmixture_1kHzLaserFreq_CapCoupling,0,65.0,1.4,8.0,10,1.2387700082145137,0.009527256882040787,0.007225118641383055,0.5260571867597774,0.00011348940060086017,[0.00953279 0.00960727 0.00964812 ...        nan        nan        nan],[0.00824555 0.00824578 0.00824601 ... 0.00937977 0.00937999 0.00938022],,0.06954736112702686
LAS_1.4Torr_SmallAdmixture_1kHzLaserFreq_CapCoupling,0,65.0,1.4,6.0,2,1.227134315197762,0.012432157690382717,0.00951748496018212,0.5211159628894844,8.55962957087164e-06,[0.00566287 0.0055264  0.00546471 ... 0.005798   0.00573698 0.00580757],[0.00546866 0.00546868 0.0054687  ... 0.00555421 0.00555422 0.00555424],0.7571201734804077,0.07412331112113164
LAS_1.4Torr_SmallAdmixture_1kHzLaserFreq_CapCoupling,0,65.0,1.4,6.0,4,1.2464352740629259,0.012650910389507282,0.009534981139174557,0.5293123254548073,8.052226009382245e-06,[0.00567249 0.00565974 0.0057889  ... 0.00592579 0.00612108 0.00601794],[0.00547289 0.00547291 0.00547293 ... 0.00555337 0.00555338 0.0055534 ],0.7433596948603589,0.07410769629824474
LAS_1.4Torr_SmallAdmixture_1kHzLaserFreq_CapCoupling,0,65.0,1.4,6.0,6,1.1944116204641193,0.011953799676541386,0.009401989101451616,0.507219913888758,1.5255292234201485e-06,[0.00594629 0.00582197 0.00603907 ... 0.00613034 0.00613048 0.00608701],[0.00567993 0.00567994 0.00567994 ... 0.00569518 0.00569518 0.00569519],0.6738214422075359,0.07414094675334436
LAS_1.4Torr_SmallAdmixture_1kHzLaserFreq_CapCoupling,0,65.0,1.4,6.0,8,1.1297938349314496,0.011185868484705761,0.009301185335111846,0.4797792669191419,2.1714031506141723e-05,[0.00526689 0.00527615 0.00540194 ... 0.00659913 0.00663095 0.00656371],[0.00553085 0.0055309  0.00553094 ... 0.00574786 0.00574791 0.00574795],0.904810147081261,0.07408648249745313
LAS_1.4Torr_SmallAdmixture_1kHzLaserFreq_CapCoupling,0,65.0,1.4,6.0,10,1.2738268253109324,0.0126877965795887,0.009357150324192704,0.5409444462641265,4.491521269909322e-05,[0.00567655 0.00558744 0.00551119 ... 0.00653077 0.00650898 0.00651769],[0.00537073 0.00537082 0.00537091 ... 0.00581961 0.0058197  0.00581979],1.2020420682021697,0.07410127106111779
LAS_1.4Torr_SmallAdmixture_1kHzLaserFreq_CapCoupling,0,65.0,1.4,4.0,3,1.2319462456230486,0.016279367370776208,0.012414051859883988,0.5231594015953168,2.8169289399817388e-05,[0.00651242 0.00645401 0.00651146 ... 0.00695905 0.00710999 0.00691829],[0.00607164 0.00607169 0.00607175 ... 0.00635316 0.00635322 0.00635327],0.9078873899252267,0.08037187834034806
LAS_1.4Torr_SmallAdmixture_1kHzLaserFreq_CapCoupling,0,65.0,1.4,4.0,6,1.1848090180851674,0.016278100897678498,0.012906936541070613,0.5031420641187873,2.512604432278636e-05,[0.00659822 0.00654055 0.0065692  ... 0.00698346 0.00692581 0.00706068],[0.00612834 0.00612839 0.00612844 ... 0.00637945 0.0063795  0.00637955],0.7390656768435692,0.08043198164061195
LAS_1.4Torr_SmallAdmixture_1kHzLaserFreq_CapCoupling,0,65.0,1.4,4.0,9,1.2579159204327934,0.017033160298319694,0.012720711693356227,0.5341877070764703,1.9937625420255883e-05,[0.00649619 0.00648506 0.00647263 ... 0.00746157 0.00764141 0.00741162],[0.00634668 0.00634672 0.00634676 ... 0.00654594 0.00654598 0.00654602],0.6878961481569839,0.08039890123425861
LAS_1.4Torr_SmallAdmixture_1kHzLaserFreq_CapCoupling,0,65.0,1.4,4.0,12,1.2117662611479507,0.01609150444548465,0.012475144449168432,0.5145897512232297,2.3220129856510213e-05,[0.0070331  0.00702664 0.00680943 ... 0.00728703 0.00705267 0.0071154 ],[0.0062594  0.00625945 0.0062595  ... 0.00649146 0.00649151 0.00649156],0.655600778360232,0.08037274683084476
LAS_1.4Torr_SmallAdmixture_1kHzLaserFreq_CapCoupling,0,65.0,1.4,4.0,15,1.1674053445115138,0.015766505683751528,0.012687660942946828,0.495751404433187,5.309480246077005e-05,[0.00634344 0.00631465 0.00645239 ... 0.00706271 0.00699859 0.00697733],[0.0060726  0.0060727  0.00607281 ... 0.00660323 0.00660333 0.00660344],1.1691698751234363,0.08035424306231975
LAS_1.4Torr_SmallAdmixture_1kHzLaserFreq_CapCoupling,0,65.0,1.4,2.0,2,1.1783199251909515,0.03042814995713258,0.024259403393319667,0.5003864000892114,3.7605888220519084e-05,[0.00851476 0.00871977 0.00855289 ... 0.00913015 0.00938821 0.00925672],[0.00847139 0.00847147 0.00847154 ... 0.00884723 0.0088473  0.00884738],0.7994788823580234,0.10615087391037291
LAS_1.4Torr_SmallAdmixture_1kHzLaserFreq_CapCoupling,0,65.0,1.4,2.0,4,1.2251905286971112,0.03137512441385106,0.024057451317025295,0.5202905127644302,5.752796194521837e-05,[0.00837523 0.00839547 0.00835053 ... 0.00978426 0.00988786 0.00993623],[0.00828282 0.00828293 0.00828305 ... 0.00885775 0.00885787 0.00885798],0.914477655523264,0.10607043923751344
LAS_1.4Torr_SmallAdmixture_1kHzLaserFreq_CapCoupling,0,65.0,1.4,2.0,6,1.1545761230564773,0.029718677623052244,0.024181024598745094,0.4903033357019444,1.7202807136828205e-05,[0.00875093 0.00880644 0.00874881 ... 0.00953131 0.0093789  0.0094729 ],[0.00872339 0.00872342 0.00872346 ... 0.00889531 0.00889535 0.00889538],0.443343259568274,0.10627295399108419
LAS_1.4Torr_SmallAdmixture_1kHzLaserFreq_CapCoupling,0,65.0,1.4,2.0,8,1.1910895090195057,0.03035756209320604,0.023943645968533288,0.5058091430523096,5.865870947142587e-05,[0.0086012  0.00867035 0.00858173 ... 0.00985714 0.00989702 0.0097981 ],[0.00837925 0.00837937 0.00837948 ... 0.00896548 0.0089656  0.00896572],1.1002103934017042,0.10619515939103372
LAS_1.4Torr_SmallAdmixture_1kHzLaserFreq_CapCoupling,0,65.0,1.4,2.0,10,1.2283565954905107,0.03167974519206827,0.02422841520320139,0.5216350175388312,7.428535491506545e-05,[0.00867048 0.00880921 0.00858929 ... 0.00983802 0.00973942 0.00972051],[0.00821513 0.00821528 0.00821542 ... 0.00895753 0.00895768 0.00895783],1.1688674905246892,0.10622598212219393
LAS_1.4Torr_SmallAdmixture_1kHzLaserFreq_CapCoupling,0,65.0,1.4,10.0,2,1.2473219259511805,0.007789015899561363,0.005866402047612718,0.5296888518437879,3.8418525281351995e-05,[0.00849388 0.00859322 0.00852239 ... 0.00867695 0.00856041 0.00845537],[0.00745046 0.00745054 0.00745062 ... 0.00783442 0.00783449 0.00783457],2.5989742691343123,0.06619664249025414
LAS_1.4Torr_SmallAdmixture_1kHzLaserFreq_CapCoupling,0,65.0,1.4,10.0,4,1.2841901250336956,0.008182246374662657,0.005985645830800549,0.5453453344528573,4.213614292549143e-05,[0.00827901 0.00823863 0.00843207 ... 0.00910563 0.00907168 0.00906726],[0.00741375 0.00741384 0.00741392 ... 0.00783486 0.00783495 0.00783503],2.458874655098585,0.06616808724004083
LAS_1.4Torr_SmallAdmixture_1kHzLaserFreq_CapCoupling,0,65.0,1.4,10.0,6,1.2594060110369598,0.008246205713985716,0.0061511482299229,0.5348204902937318,4.8941119547312165e-05,[0.00829824 0.00819181 0.00829633 ... 0.00876677 0.00879343 0.00880838],[0.00737471 0.00737481 0.00737491 ... 0.00786383 0.00786393 0.00786403],3.0875781443133983,0.06621416306948419
LAS_1.4Torr_SmallAdmixture_1kHzLaserFreq_CapCoupling,0,65.0,1.4,10.0,8,1.23019969653945,0.007771501349842682,0.0059346771910642835,0.5224177104893302,4.056855139581005e-05,[0.00879316 0.0085308  0.00875023 ... 0.00895155 0.009008   0.00898966],[0.00757498 0.00757506 0.00757514 ... 0.00798042 0.0079805  0.00798059],2.7809883942664206,0.06623804721092874
LAS_1.4Torr_SmallAdmixture_1kHzLaserFreq_CapCoupling,0,65.0,1.4,10.0,10,1.292149806816125,0.0082296288436978,0.00598322275393242,0.5487255000834437,3.841377868729741e-05,[0.00802854 0.00816697 0.00805565 ...        nan        nan        nan],[0.00752258 0.00752266 0.00752274 ... 0.00790649 0.00790657 0.00790664],,0.06621902575992497
LAS_1.4Torr_SmallAdmixture_1kHzLaserFreq_CapCoupling,0,65.0,1.4,0.0,2,1.205050279666476,0.043691304501391366,0.03406101877756097,0.5117377364819561,4.382273194106909e-05,[0.01146016 0.01141216 0.01130267 ... 0.01204195 0.01222641 0.01226396],[0.01125786 0.01125795 0.01125803 ... 0.01169582 0.01169591 0.011696  ],1.0748905765487822,0.14068061358518888
LAS_1.4Torr_SmallAdmixture_1kHzLaserFreq_CapCoupling,0,65.0,1.4,0.0,4,1.1995165119053093,0.04390414866614283,0.03438484884299957,0.5093877616833111,4.939829889230724e-05,[0.0112048  0.01118399 0.01128143 ... 0.01218582 0.01231046 0.01226572],[0.01112185 0.01112195 0.01112205 ... 0.01161554 0.01161564 0.01161574],1.058056488127044,0.14065290217663248
LAS_1.4Torr_SmallAdmixture_1kHzLaserFreq_CapCoupling,0,65.0,1.4,0.0,6,1.2234075440020047,0.04433924941053897,0.03404747993425288,0.5195333488788633,3.782380262542162e-05,[0.01132647 0.01128789 0.01144695 ... 0.01220334 0.01228498 0.01217453],[0.01121608 0.01121616 0.01121624 ... 0.0115941  0.01159417 0.01159425],0.9295928342199586,0.14065012769994165
LAS_1.4Torr_SmallAdmixture_1kHzLaserFreq_CapCoupling,0,65.0,1.4,0.0,8,1.2095925622145003,0.04415842313655149,0.034295902735315575,0.5136666662775086,3.0697516047085795e-05,[0.01145776 0.01153567 0.01145429 ... 0.01200789 0.01197056 0.0120176 ],[0.01128451 0.01128457 0.01128463 ... 0.0115913  0.01159136 0.01159142],0.8112485377363637,0.1407521641230923
LAS_1.4Torr_SmallAdmixture_1kHzLaserFreq_CapCoupling,0,65.0,1.4,0.0,10,1.242893663895074,0.045525928873059854,0.03441063058986823,0.5278083420929682,6.217472694179736e-05,[0.01117598 0.0111451  0.01116273 ... 0.01209116 0.01215799 0.01210488],[0.01090512 0.01090525 0.01090537 ... 0.0115265  0.01152662 0.01152675],1.214166134891547,0.1405976139100763
LAS_1.4Torr_SmallAdmixture_1kHzLaserFreq_CapCoupling,0,60.0,1.4,8.0,1,1.240651071677921,0.009205454592088316,0.006970491066024489,0.526856000863376,6.425468215575946e-05,[0.00908807 0.00889821 0.00894366 ... 0.01032358 0.01022846 0.01017081],[0.00847687 0.008477   0.00847713 ... 0.00911903 0.00911916 0.00911929],2.97713539358171,0.06769015833333333
LAS_1.4Torr_SmallAdmixture_1kHzLaserFreq_CapCoupling,0,60.0,1.4,8.0,2,1.2516261324319684,0.009277705247656252,0.006963598749332928,0.531516680042325,3.84753249743409e-05,[0.00926948 0.00913966 0.00923459 ... 0.01027681 0.01011931 0.01048292],[0.00872647 0.00872654 0.00872662 ... 0.00911099 0.00911107 0.00911114],2.242499501040593,0.06764874583333333
LAS_1.4Torr_SmallAdmixture_1kHzLaserFreq_CapCoupling,0,60.0,1.4,8.0,3,1.2748207439077723,0.009566416290045392,0.007049656298249278,0.5413665246301305,3.8059034151470635e-05,[0.0093235  0.00903226 0.00918505 ... 0.01012628 0.010204   0.00990963],[0.00875517 0.00875524 0.00875532 ... 0.00913553 0.00913561 0.00913568],2.088636891352628,0.06766399322916666
LAS_1.4Torr_SmallAdmixture_1kHzLaserFreq_CapCoupling,0,60.0,1.4,8.0,4,1.2629871229065128,0.009409905376627324,0.00699929218557388,0.5363412484837725,4.466401891414267e-05,[0.00939374 0.00947618 0.00955525 ... 0.01002608 0.01002432 0.01005613],[0.00864445 0.00864454 0.00864463 ... 0.00909082 0.00909091 0.009091  ],2.289611520913281,0.06767936822916666
LAS_1.4Torr_SmallAdmixture_1kHzLaserFreq_CapCoupling,0,60.0,1.4,8.0,5,1.2736598779579535,0.00963944382661417,0.007109945938763032,0.5408735502509339,4.4374606853358044e-05,[0.009088   0.00898461 0.00918528 ...        nan        nan        nan],[0.00859964 0.00859973 0.00859982 ... 0.00904312 0.00904321 0.0090433 ],,0.06760109489485203
LAS_1.4Torr_SmallAdmixture_1kHzLaserFreq_CapCoupling,0,60.0,1.4,6.0,2,1.2227893810384596,0.011719046630332146,0.009003438732845263,0.5192708392383285,1.3992497556061574e-05,[0.00561287 0.00549622 0.00558669 ... 0.00610495 0.00605631 0.00618223],[0.00538779 0.00538781 0.00538784 ... 0.00552763 0.00552765 0.00552768],0.7845588316410991,0.07215356275354334
LAS_1.4Torr_SmallAdmixture_1kHzLaserFreq_CapCoupling,0,60.0,1.4,6.0,4,1.2211548496602092,0.0118099649401215,0.009085433618818433,0.518576717671927,3.0134162900642408e-05,[0.00609842 0.00596667 0.00597702 ... 0.00609301 0.00631609 0.00619152],[0.00525202 0.00525208 0.00525214 ... 0.00555318 0.00555324 0.0055533 ],1.1193557236470635,0.07215825364698214
LAS_1.4Torr_SmallAdmixture_1kHzLaserFreq_CapCoupling,0,60.0,1.4,6.0,6,1.2514406431961187,0.012094580315952461,0.00907921576688967,0.531437910016462,7.135485407481933e-06,[0.00604463 0.00609115 0.00600586 ... 0.00618923 0.00618177 0.00613896],[0.00572791 0.00572793 0.00572794 ... 0.00579922 0.00579924 0.00579925],0.7242975226167939,0.07219744512816656
LAS_1.4Torr_SmallAdmixture_1kHzLaserFreq_CapCoupling,0,60.0,1.4,6.0,8,1.2375150742698207,0.011749932851155664,0.00891974988596105,0.5255242653812029,3.316211767733046e-06,[0.00595651 0.00591057 0.00598828 ... 0.00642785 0.00641545 0.00639438],[0.00582698 0.00582699 0.005827   ... 0.00586013 0.00586013 0.00586014],0.7406470953457265,0.07226479941598155
LAS_1.4Torr_SmallAdmixture_1kHzLaserFreq_CapCoupling,0,60.0,1.4,6.0,10,1.2210601602833548,0.011675919306859427,0.008983008550051588,0.518536506795918,4.730952571032823e-05,[0.00583069 0.00566839 0.0056217  ... 0.00640319 0.00626896 0.00628648],[0.005368   0.00536809 0.00536819 ... 0.00584081 0.0058409  0.005841  ],1.1940477024577543,0.0722546052694462
LAS_1.4Torr_SmallAdmixture_1kHzLaserFreq_CapCoupling,0,60.0,1.4,4.0,2,1.1895584383957023,0.016357537636240232,0.012918138485017341,0.5051589572230213,3.461880805789275e-05,[0.00648995 0.0065352  0.00655424 ... 0.00761975 0.0073562  0.00751883],[0.00627778 0.00627785 0.00627792 ... 0.00662376 0.00662383 0.0066239 ],0.8432130476202283,0.07893462685343958
LAS_1.4Torr_SmallAdmixture_1kHzLaserFreq_CapCoupling,0,60.0,1.4,4.0,4,1.1186651239273093,0.01613531656842541,0.013550183664243688,0.47505333848668113,4.14603088609712e-05,[0.00642749 0.00642051 0.00638392 ... 0.00738845 0.00745331 0.00751692],[0.00632925 0.00632933 0.00632942 ... 0.0067436  0.00674369 0.00674377],0.9956775508988737,0.07894717171844529
LAS_1.4Torr_SmallAdmixture_1kHzLaserFreq_CapCoupling,0,60.0,1.4,4.0,6,1.2723149205881537,0.018046412346999986,0.013324902688180665,0.5403023994436194,3.4290584216726074e-05,[0.00678894 0.00668977 0.00670666 ... 0.00774182 0.0077166  0.00769363],[0.00644978 0.00644985 0.00644991 ... 0.00679248 0.00679255 0.00679261],0.8380563685647323,0.0788895758733441
LAS_1.4Torr_SmallAdmixture_1kHzLaserFreq_CapCoupling,0,60.0,1.4,4.0,8,1.1147796446037943,0.015849285203048152,0.013356369962942836,0.47340332733966634,2.8796372562890562e-05,[0.00671097 0.00674221 0.00665731 ... 0.00773648 0.00775732 0.00775768],[0.00674237 0.00674243 0.00674249 ... 0.00703016 0.00703022 0.00703028],0.7802169666407736,0.07895552074402812
LAS_1.4Torr_SmallAdmixture_1kHzLaserFreq_CapCoupling,0,60.0,1.4,4.0,10,1.1894073719251166,0.016318654299200992,0.01288906773973394,0.5050948051996408,5.833472889316059e-05,[0.00745612 0.00753166 0.00726163 ... 0.00796218 0.00777055 0.00773678],[0.00645825 0.00645837 0.00645849 ... 0.00704125 0.00704137 0.00704148],1.1656500802415732,0.07896360506932826
LAS_1.4Torr_SmallAdmixture_1kHzLaserFreq_CapCoupling,0,60.0,1.4,2.0,2,1.1868677705144233,0.02895762521528572,0.022920727401723504,0.5040163357785687,3.821824904683245e-05,[0.00862413 0.00868292 0.00874352 ... 0.00905332 0.00911425 0.00915715],[0.00815647 0.00815654 0.00815662 ... 0.00853842 0.0085385  0.00853857],0.7771311675852235,0.09874949236721038
LAS_1.4Torr_SmallAdmixture_1kHzLaserFreq_CapCoupling,0,60.0,1.4,2.0,4,1.2203223145693645,0.02986761894093093,0.022992904681094745,0.5182231725708475,3.324410317947872e-05,[0.00854944 0.00855267 0.00848038 ... 0.00905084 0.00906295 0.00916111],[0.00820925 0.00820932 0.00820939 ... 0.0085415  0.00854156 0.00854163],0.6208637857472578,0.09877688833124215
LAS_1.4Torr_SmallAdmixture_1kHzLaserFreq_CapCoupling,0,60.0,1.4,2.0,6,1.2392705994763311,0.030613836712856102,0.02320702150461232,0.5262697682956251,3.592228031052028e-05,[0.00878087 0.0089574  0.00871295 ... 0.00927435 0.00918044 0.009192  ],[0.00818786 0.00818793 0.008188   ... 0.00854687 0.00854694 0.00854701],0.7375370854538245,0.09870667004961661
LAS_1.4Torr_SmallAdmixture_1kHzLaserFreq_CapCoupling,0,60.0,1.4,2.0,8,1.1815977478382482,0.02925241663267471,0.023257331631737557,0.5017783632051249,4.515926182636911e-05,[0.00854176 0.00852479 0.00843437 ... 0.00925943 0.00913611 0.00929443],[0.00809278 0.00809287 0.00809296 ... 0.0085441  0.00854419 0.00854428],0.8235553197042588,0.09883112293055346
LAS_1.4Torr_SmallAdmixture_1kHzLaserFreq_CapCoupling,0,60.0,1.4,2.0,10,1.1727581001457825,0.02894444137750743,0.023185930020681218,0.49802451045908647,5.338785885870426e-05,[0.00856379 0.00868967 0.00851358 ... 0.00903201 0.00913765 0.00910138],[0.008095   0.00809511 0.00809521 ... 0.00862856 0.00862867 0.00862877],0.863228044216114,0.0987385766355408
LAS_1.4Torr_SmallAdmixture_1kHzLaserFreq_CapCoupling,0,60.0,1.4,10.0,2,1.3042280351551292,0.007936166591251282,0.0057164319005804905,0.55385465140203,7.878261998413752e-05,[0.00802552 0.00816903 0.00805398 ... 0.00939423 0.00901695 0.00927031],[0.0069699  0.00697006 0.00697022 ... 0.00775725 0.00775741 0.00775757],4.644987163417855,0.06456045816357327
LAS_1.4Torr_SmallAdmixture_1kHzLaserFreq_CapCoupling,0,60.0,1.4,10.0,4,1.3080795748655778,0.00817325567885595,0.005869873072400772,0.5554902497224096,6.391753425704613e-05,[0.00803992 0.00815783 0.00833271 ... 0.00913362 0.0091896  0.00909258],[0.00705454 0.00705467 0.00705479 ... 0.00769333 0.00769346 0.00769359],3.3676852155022874,0.0645772638867931
LAS_1.4Torr_SmallAdmixture_1kHzLaserFreq_CapCoupling,0,60.0,1.4,10.0,6,1.284891421212875,0.00801848902000005,0.005862649076698809,0.5456431475195752,8.169230398972002e-05,[0.00830739 0.00834309 0.00833337 ... 0.00911573 0.00908632 0.00897815],[0.00689077 0.00689093 0.00689109 ... 0.0077072  0.00770736 0.00770753],4.942389810467358,0.0645380391491003
LAS_1.4Torr_SmallAdmixture_1kHzLaserFreq_CapCoupling,0,60.0,1.4,10.0,8,1.2624597100387698,0.007797825272077764,0.005802615081594277,0.5361172768606093,6.938711278592359e-05,[0.00832789 0.00845943 0.00839852 ... 0.00899167 0.00887212 0.00884116],[0.00714092 0.00714106 0.0071412  ... 0.00783438 0.00783452 0.00783466],4.149742185032845,0.06448580226727708
LAS_1.4Torr_SmallAdmixture_1kHzLaserFreq_CapCoupling,0,60.0,1.4,10.0,10,1.2505494502352954,0.007751222944973134,0.005822870729861793,0.5310594552115168,9.904521553357203e-05,[0.00820432 0.00826239 0.00821455 ...        nan        nan        nan],[0.00690543 0.00690562 0.00690582 ... 0.00789528 0.00789548 0.00789568],,0.0645564050844695
LAS_1.4Torr_SmallAdmixture_1kHzLaserFreq_CapCoupling,0,55.0,1.4,8.0,2,1.3027477960866876,0.009367821762820465,0.0067553221050483565,0.5532260517467973,5.4381054465340624e-05,[0.00901624 0.0091117  0.00899173 ... 0.01011623 0.01016483 0.01017163],[0.00816137 0.00816148 0.00816158 ... 0.00870485 0.00870496 0.00870507],2.600892151775211,0.06574797565557172
LAS_1.4Torr_SmallAdmixture_1kHzLaserFreq_CapCoupling,0,55.0,1.4,8.0,4,1.2309866715754203,0.008881904794953144,0.006778296356012938,0.5227519080164962,4.997832168636174e-05,[0.00912806 0.0091912  0.00916566 ... 0.00999608 0.0101062  0.01005324],[0.00826605 0.00826615 0.00826625 ... 0.00876553 0.00876563 0.00876573],2.4306150649227503,0.0657230287874224
LAS_1.4Torr_SmallAdmixture_1kHzLaserFreq_CapCoupling,0,55.0,1.4,8.0,6,1.260685175666663,0.009469245312645369,0.007056291467175241,0.5353637014968139,9.980361508450166e-05,[0.00924627 0.00923531 0.00922081 ... 0.01047998 0.01043548 0.01044508],[0.00796708 0.00796728 0.00796748 ... 0.00896452 0.00896472 0.00896492],0.30968567632540367,0.06751689812490587
LAS_1.4Torr_SmallAdmixture_1kHzLaserFreq_CapCoupling,0,55.0,1.4,8.0,8,1.2587664386186954,0.00899701308930728,0.0067146130002631,0.5345488888948843,5.094066320366041e-05,[0.0098895  0.00987661 0.00994064 ... 0.01079509 0.01068688 0.01085988],[0.00905443 0.00905454 0.00905464 ... 0.00956354 0.00956364 0.00956374],1.0737005502170498,0.0694606050337199
LAS_1.4Torr_SmallAdmixture_1kHzLaserFreq_CapCoupling,0,55.0,1.4,8.0,10,1.2934470440954675,0.009485221015572948,0.006889165087517029,0.5492763860341896,3.609890984539464e-05,[0.00897005 0.00901002 0.00891519 ...        nan        nan        nan],[0.00855248 0.00855255 0.00855262 ... 0.00891325 0.00891332 0.0089134 ],,0.06571536845453327
LAS_1.4Torr_SmallAdmixture_1kHzLaserFreq_CapCoupling,0,60.0,1.4,0.0,2,1.1950878120246955,0.0444296175279462,0.03492533231797164,0.5075070660055421,4.974212211157841e-05,[0.01107294 0.01098982 0.01120778 ... 0.01159305 0.0116952  0.01162207],[0.01083488 0.01083498 0.01083508 ... 0.01133201 0.01133211 0.0113322 ],0.9717766156994878,0.13593354987566547
LAS_1.4Torr_SmallAdmixture_1kHzLaserFreq_CapCoupling,0,60.0,1.4,0.0,4,1.2160283864950776,0.045336097704054945,0.0350241990458101,0.5163997092096672,4.919012580710557e-05,[0.01163554 0.01145677 0.01174541 ... 0.01170826 0.01174308 0.01187484],[0.01080304 0.01080314 0.01080324 ... 0.01129465 0.01129475 0.01129485],0.82990731599233,0.13585910041055424
LAS_1.4Torr_SmallAdmixture_1kHzLaserFreq_CapCoupling,0,60.0,1.4,0.0,6,1.2382425749962973,0.046663372625320436,0.03540284648523729,0.5258332064945639,4.397344679433395e-05,[0.01164741 0.0116418  0.01148033 ... 0.01174534 0.01169456 0.0118271 ],[0.01099834 0.01099843 0.01099852 ... 0.01143781 0.0114379  0.01143799],0.8951897179413464,0.13587132524741735
LAS_1.4Torr_SmallAdmixture_1kHzLaserFreq_CapCoupling,0,60.0,1.4,0.0,8,1.2021209933421202,0.04545925823957453,0.03552564349912868,0.5104937831146756,5.452438913389632e-05,[0.01152473 0.01151087 0.01155425 ... 0.01170282 0.01180234 0.01170074],[0.01090056 0.01090067 0.01090078 ... 0.01144548 0.01144558 0.01144569],0.9743561789120303,0.13582917355096044
LAS_1.4Torr_SmallAdmixture_1kHzLaserFreq_CapCoupling,0,60.0,1.4,0.0,10,1.1688821966027134,0.04397373164197406,0.035341938570089916,0.49637856577161543,6.602351099594996e-05,[0.01114653 0.01125772 0.01115678 ... 0.01200306 0.01191977 0.01182695],[0.01080935 0.01080948 0.01080962 ... 0.01146919 0.01146932 0.01146945],1.232384594748676,0.13577868520904923
LAS_1.4Torr_SmallAdmixture_1kHzLaserFreq_CapCoupling,0,55.0,1.4,6.0,2,1.2385379779036063,0.011252818270543793,0.008535319192774992,0.5259586525590868,6.057903094797552e-06,[0.00593562 0.0061033  0.00581721 ... 0.0067134  0.00684587 0.00678699],[0.00614853 0.00614854 0.00614855 ... 0.00620907 0.00620908 0.00620909],0.7290630383965915,0.07002116123642439
LAS_1.4Torr_SmallAdmixture_1kHzLaserFreq_CapCoupling,0,55.0,1.4,6.0,4,1.200393468057898,0.011319558109755032,0.008858774351642782,0.5097601706724564,2.6975045771160115e-05,[0.00619106 0.00616329 0.00627514 ... 0.00698915 0.0068428  0.00696828],[0.00582328 0.00582333 0.00582339 ... 0.00609287 0.00609292 0.00609298],1.0462013760151998,0.07004177631578946
LAS_1.4Torr_SmallAdmixture_1kHzLaserFreq_CapCoupling,0,55.0,1.4,6.0,6,1.2467223165056955,0.011499132975940043,0.008664891970972581,0.5294342211569334,-2.197213187529526e-06,[0.00646865 0.00625466 0.00632228 ... 0.0066851  0.00656821 0.00673933],[0.00620178 0.00620178 0.00620178 ... 0.00617983 0.00617982 0.00617982],0.5506374056643919,0.07005606986215539
LAS_1.4Torr_SmallAdmixture_1kHzLaserFreq_CapCoupling,0,55.0,1.4,6.0,8,1.1605386163229254,0.010502201493344491,0.008501362602239906,0.4928353734595768,2.2517948377694344e-05,[0.00562863 0.00572954 0.00569662 ... 0.00690713 0.00695398 0.00695766],[0.00591827 0.00591831 0.00591836 ... 0.00614331 0.00614336 0.0061434 ],0.9104074141909536,0.07002748120300752
LAS_1.4Torr_SmallAdmixture_1kHzLaserFreq_CapCoupling,0,55.0,1.4,6.0,10,1.176565319660057,0.010658823622499041,0.008510616529945983,0.4996412877250641,6.358051148724795e-05,[0.00554859 0.00551343 0.00545935 ... 0.00684444 0.00686167 0.00704506],[0.00559812 0.00559824 0.00559837 ... 0.00623354 0.00623367 0.00623379],1.3560153704405686,0.0700823349974252
LAS_1.4Torr_SmallAdmixture_1kHzLaserFreq_CapCoupling,0,55.0,1.4,4.0,2,1.0596472029626065,0.014789577282722705,0.013111798150133464,0.44999073504518244,3.426296803614929e-05,[0.00678207 0.00686896 0.00677892 ... 0.0078653  0.00768341 0.00773057],[0.00686757 0.00686764 0.00686771 ... 0.00720999 0.00721006 0.00721013],0.9996232879481437,0.07699423535578835
LAS_1.4Torr_SmallAdmixture_1kHzLaserFreq_CapCoupling,0,55.0,1.4,4.0,4,1.1819708767684505,0.016716583527829555,0.01328643712565524,0.5019368164724943,3.649785777504731e-05,[0.00715442 0.00730601 0.00718464 ... 0.00751362 0.00766894 0.00783128],[0.00675232 0.0067524  0.00675247 ... 0.00711708 0.00711715 0.00711723],0.9978058472851054,0.07696562672297129
LAS_1.4Torr_SmallAdmixture_1kHzLaserFreq_CapCoupling,0,55.0,1.4,4.0,6,1.2173854955975991,0.016698842747018855,0.012886234840503009,0.5169760203827376,2.2685201646649614e-05,[0.00714922 0.00706611 0.00706722 ... 0.00788411 0.00792697 0.00793765],[0.00687465 0.00687469 0.00687474 ... 0.00710136 0.00710141 0.00710145],0.7262016517201558,0.0769992789626251
LAS_1.4Torr_SmallAdmixture_1kHzLaserFreq_CapCoupling,0,55.0,1.4,4.0,8,1.1788233992997919,0.015866474862790633,0.012644436797327059,0.5006002058574708,2.5072752285020438e-05,[0.00730177 0.00729678 0.00722417 ... 0.00780038 0.00772299 0.00783524],[0.00682172 0.00682177 0.00682182 ... 0.00707229 0.00707234 0.00707239],0.7996282908208934,0.07697214425342087
LAS_1.4Torr_SmallAdmixture_1kHzLaserFreq_CapCoupling,0,55.0,1.4,4.0,10,1.204903721204235,0.0165621009830765,0.012913110652143879,0.5116754988334572,5.954845425344983e-05,[0.00730644 0.00749468 0.00737586 ... 0.00779534 0.00759056 0.00770659],[0.0065015  0.00650162 0.00650174 ... 0.00709663 0.00709675 0.00709687],1.295515067431986,0.07701709338932203
LAS_1.4Torr_SmallAdmixture_1kHzLaserFreq_CapCoupling,0,55.0,1.4,2.0,2,1.1807400269267105,0.026340033565966633,0.020957034478179083,0.5014141226707589,4.2880521919533324e-05,[0.0084373  0.00863662 0.00864147 ... 0.00945131 0.00947626 0.00935431],[0.00853272 0.0085328  0.00853289 ... 0.00896127 0.00896135 0.00896144],0.7838757510358124,0.09267080870443653
LAS_1.4Torr_SmallAdmixture_1kHzLaserFreq_CapCoupling,0,55.0,1.4,2.0,4,1.1877518344446707,0.02643162343404713,0.02090575797940548,0.5043917631629724,4.222808972758215e-05,[0.00870501 0.00888186 0.00899176 ... 0.00989888 0.00988924 0.00986861],[0.00857378 0.00857386 0.00857395 ... 0.0089958  0.00899589 0.00899597],0.7153958955795032,0.09264175318521857
LAS_1.4Torr_SmallAdmixture_1kHzLaserFreq_CapCoupling,0,55.0,1.4,2.0,6,1.2284654426500765,0.027433796861168005,0.02097928893470376,0.5216812406715906,4.052292065877672e-05,[0.00898512 0.00893083 0.00889644 ... 0.00990421 0.00997751 0.01017319],[0.00875791 0.00875799 0.00875807 ... 0.0091629  0.00916298 0.00916306],0.8652649370631689,0.09263869323399282
LAS_1.4Torr_SmallAdmixture_1kHzLaserFreq_CapCoupling,0,55.0,1.4,2.0,8,1.2258413641112946,0.026960905984329413,0.020661792700687513,0.5205668971172629,3.6469799076751985e-05,[0.00904453 0.00901832 0.00906812 ... 0.00995013 0.01015807 0.01003914],[0.00894786 0.00894793 0.008948   ... 0.00931234 0.00931241 0.00931248],0.6856600360300658,0.09259149292511897
LAS_1.4Torr_SmallAdmixture_1kHzLaserFreq_CapCoupling,0,55.0,1.4,2.0,10,1.2155436176566887,0.027138159162400848,0.020973824404254666,0.5161938468383952,5.215228343576368e-05,[0.00952746 0.00939583 0.00936682 ... 0.00979785 0.0099043  0.00975272],[0.0088135  0.0088136  0.00881371 ... 0.00933471 0.00933481 0.00933492],0.9843449859076948,0.09259635685661272
LAS_1.4Torr_SmallAdmixture_1kHzLaserFreq_CapCoupling,0,55.0,1.4,0.0,2,1.189307827808746,0.04729354218104735,0.03735728928017703,0.5050525327055788,3.23571808035602e-05,[0.01001224 0.01004841 0.0102835  ... 0.01074496 0.01082608 0.01069132],[0.00972706 0.00972713 0.00972719 ... 0.01005044 0.01005051 0.01005057],0.6717167466952403,0.1318697666115454
LAS_1.4Torr_SmallAdmixture_1kHzLaserFreq_CapCoupling,0,55.0,1.4,0.0,4,1.1973091850878717,0.04797156478207846,0.03763963129584808,0.5084503962901061,4.51312367809202e-05,[0.01018517 0.01031585 0.01030009 ... 0.01061198 0.01059584 0.01063009],[0.00959957 0.00959966 0.00959975 ... 0.01005062 0.01005071 0.0100508 ],0.9669893652017263,0.1318996197885348
LAS_1.4Torr_SmallAdmixture_1kHzLaserFreq_CapCoupling,0,55.0,1.4,0.0,6,1.1812601947029857,0.047748106578638726,0.03797330301016018,0.5016350175868579,5.220343848946817e-05,[0.00992568 0.00985324 0.01000519 ... 0.01069147 0.01083077 0.01082194],[0.00963057 0.00963067 0.00963078 ... 0.01015229 0.01015239 0.0101525 ],1.2045280462433965,0.13189134168086455
LAS_1.4Torr_SmallAdmixture_1kHzLaserFreq_CapCoupling,0,55.0,1.4,0.0,8,1.1634809747337713,0.046188769953641094,0.03729450957430712,0.4940848780308729,5.76077225282532e-05,[0.01035203 0.01034521 0.01043168 ... 0.01092089 0.0107739  0.0110451 ],[0.00964441 0.00964453 0.00964464 ... 0.01022014 0.01022026 0.01022037],1.4331372107007705,0.13191788914779182
LAS_1.4Torr_SmallAdmixture_1kHzLaserFreq_CapCoupling,0,55.0,1.4,0.0,10,1.1800703237583927,0.04699134660274332,0.037409145782358995,0.5011297259204718,5.509595187388033e-05,[0.0102568  0.01013774 0.01006906 ... 0.01094073 0.01080579 0.01071193],[0.00985741 0.00985752 0.00985763 ... 0.01040804 0.01040815 0.01040826],0.8298124385450181,0.13192151406193184
LAS_1.4Torr_SmallAdmixture_1kHzLaserFreq_CapCoupling,0,55.0,1.4,10.0,2,1.263947742375152,0.007569489672466589,0.005626071822941313,0.5367491860120207,6.456018177532596e-05,[0.00867811 0.00873193 0.00878864 ... 0.00933309 0.00940252 0.00923535],[0.00758631 0.00758643 0.00758656 ... 0.00823152 0.00823165 0.00823178],3.4416223334271234,0.06272616207970215
LAS_1.4Torr_SmallAdmixture_1kHzLaserFreq_CapCoupling,0,55.0,1.4,10.0,4,1.2530356425103237,0.007562263155116906,0.005669648714078885,0.5321152438609614,6.329708851897552e-05,[0.00867573 0.0087575  0.00871113 ... 0.00961958 0.00967407 0.00953212],[0.00762556 0.00762568 0.00762581 ... 0.00825815 0.00825827 0.0082584 ],3.405164942208502,0.0627502144377661
LAS_1.4Torr_SmallAdmixture_1kHzLaserFreq_CapCoupling,0,55.0,1.4,10.0,6,1.3236657546053463,0.008195103698976518,0.005816261311318246,0.562109090840506,6.060458453152861e-05,[0.00853841 0.00846663 0.00851895 ... 0.00949017 0.00961875 0.00949974],[0.00773926 0.00773938 0.0077395  ... 0.00834494 0.00834506 0.00834518],3.1863804573011536,0.06274916110888243
LAS_1.4Torr_SmallAdmixture_1kHzLaserFreq_CapCoupling,0,55.0,1.4,10.0,8,1.2770857033365823,0.007677709068691579,0.0056478011579762415,0.5423283643399586,5.627220042676889e-05,[0.00903312 0.00886375 0.00885981 ... 0.00965227 0.00951436 0.00957194],[0.007956   0.00795612 0.00795623 ... 0.00851839 0.0085185  0.00851861],2.9719222741921976,0.06273181497175141
LAS_1.4Torr_SmallAdmixture_1kHzLaserFreq_CapCoupling,0,55.0,1.4,10.0,10,1.325787992161624,0.007978582792239232,0.005653526921751864,0.5630103221514743,6.139893239378711e-05,[0.00877956 0.00890643 0.00861923 ...        nan        nan        nan],[0.0078634  0.00786352 0.00786364 ... 0.00847702 0.00847714 0.00847726],,0.06274879456876324
LAS_1.4Torr_SmallAdmixture_1kHzLaserFreq_CapCoupling,0,50.0,1.4,8.0,2,1.2558008025358134,0.008613530471748714,0.006443594883867237,0.5332894992064281,3.737843575297081e-05,[0.00863437 0.00860477 0.00864497 ... 0.00893642 0.00904785 0.0089824 ],[0.00771889 0.00771897 0.00771904 ... 0.00809245 0.00809253 0.0080926 ],2.1968938409793384,0.06371530388863822
LAS_1.4Torr_SmallAdmixture_1kHzLaserFreq_CapCoupling,0,50.0,1.4,8.0,4,1.2656794029697722,0.008892980380484203,0.006600721532300227,0.537484554558876,3.1014568785576043e-05,[0.00834274 0.00839133 0.0084816  ... 0.00913092 0.00904178 0.00893313],[0.00787458 0.00787464 0.0078747  ... 0.00818454 0.0081846  0.00818466],1.884494270776779,0.06374123928410287
LAS_1.4Torr_SmallAdmixture_1kHzLaserFreq_CapCoupling,0,50.0,1.4,8.0,6,1.2725693745458937,0.008973603443328548,0.006624501396584858,0.5404104560903584,2.5620061154532636e-05,[0.00841785 0.00838254 0.00850621 ... 0.00919481 0.00927748 0.00932329],[0.00796695 0.007967   0.00796705 ... 0.008223   0.00822305 0.0082231 ],1.8466618247143134,0.06368461944987551
LAS_1.4Torr_SmallAdmixture_1kHzLaserFreq_CapCoupling,0,50.0,1.4,8.0,8,1.2596451015600305,0.00885478882078811,0.006603859057570307,0.5349220226904748,3.771403581711033e-05,[0.00854817 0.008676   0.00856514 ... 0.00926367 0.00924917 0.00917309],[0.00795868 0.00795876 0.00795883 ... 0.0083356  0.00833567 0.00833575],2.1427512036166196,0.06369444601109607
LAS_1.4Torr_SmallAdmixture_1kHzLaserFreq_CapCoupling,0,50.0,1.4,8.0,10,1.2454902179850607,0.00874878719876538,0.006598957357711725,0.5289109970900945,2.8561252435375917e-05,[0.0085414  0.0083302  0.00861315 ...        nan        nan        nan],[0.00800847 0.00800852 0.00800858 ... 0.00829391 0.00829396 0.00829402],,0.06367447663212535
LAS_1.4Torr_SmallAdmixture_1kHzLaserFreq_CapCoupling,0,50.0,1.4,6.0,2,1.2348735383295557,0.011040410744197184,0.008399057153079134,0.5244025083510472,1.2364538327516721e-05,[0.00631944 0.0060776  0.00619373 ... 0.00695475 0.00705893 0.00713513],[0.00624798 0.00624801 0.00624803 ... 0.00637155 0.00637158 0.0063716 ],0.9532647901470706,0.06784436945421063
LAS_1.4Torr_SmallAdmixture_1kHzLaserFreq_CapCoupling,0,50.0,1.4,6.0,4,1.2158720394990679,0.010929217376071595,0.008444403602145269,0.5163333147536069,2.406981531267451e-05,[0.00663887 0.00641536 0.00644077 ... 0.00698013 0.00711494 0.00708221],[0.00600651 0.00600656 0.00600661 ... 0.00624707 0.00624712 0.00624716],1.1426846418364096,0.06787369307718064
LAS_1.4Torr_SmallAdmixture_1kHzLaserFreq_CapCoupling,0,50.0,1.4,6.0,6,1.2340302337573335,0.010893761154063701,0.008293156077884271,0.5240443898723117,-9.361438024466942e-06,[0.00678613 0.00656794 0.00658313 ... 0.00681099 0.00683953 0.00683586],[0.00653764 0.00653762 0.0065376  ... 0.00644408 0.00644406 0.00644404],0.7852624200748607,0.06781960122635192
LAS_1.4Torr_SmallAdmixture_1kHzLaserFreq_CapCoupling,0,50.0,1.4,6.0,8,1.240180687666029,0.01126450002671636,0.00853286247419803,0.5266562471654727,2.330218736979877e-05,[0.00663083 0.0067077  0.0067327  ... 0.00707026 0.0069648  0.00695686],[0.00613116 0.0061312  0.00613125 ... 0.00636404 0.00636409 0.00636413],0.952509789659519,0.0678523229532898
LAS_1.4Torr_SmallAdmixture_1kHzLaserFreq_CapCoupling,0,50.0,1.4,6.0,10,1.2146138195475351,0.010628665382897964,0.008220690661364634,0.5157989979364098,3.937600436703938e-05,[0.00668995 0.00671131 0.006533   ... 0.00729115 0.00733786 0.0072714 ],[0.00616589 0.00616596 0.00616604 ... 0.00655941 0.00655949 0.00655957],0.9720848455437566,0.06787407678472342
LAS_1.4Torr_SmallAdmixture_1kHzLaserFreq_CapCoupling,0,50.0,1.4,4.0,2,1.1967458503409687,0.015287841512633439,0.012000850659919151,0.5082111700494039,2.8504909192283066e-05,[0.00746547 0.00742779 0.00747825 ... 0.00784341 0.0080546  0.00764789],[0.00698769 0.00698775 0.0069878  ... 0.00727257 0.00727262 0.00727268],0.8864846561639039,0.07453991599715457
LAS_1.4Torr_SmallAdmixture_1kHzLaserFreq_CapCoupling,0,50.0,1.4,4.0,4,1.1155033061841757,0.01462161085915442,0.012313801527596186,0.47371063811779074,3.839324563464665e-05,[0.00681042 0.00682471 0.00701698 ... 0.00805544 0.00806985 0.00791286],[0.00695213 0.0069522  0.00695228 ... 0.00733583 0.00733591 0.00733598],0.8719429225222773,0.07454015084944346
LAS_1.4Torr_SmallAdmixture_1kHzLaserFreq_CapCoupling,0,50.0,1.4,4.0,6,1.1620370286693966,0.014692382596414326,0.011877910585856615,0.4934716905954162,1.9173682230483004e-05,[0.00815138 0.00814678 0.00801482 ... 0.00814043 0.00814434 0.00814971],[0.00739649 0.00739653 0.00739656 ... 0.00758811 0.00758815 0.00758819],0.684382871473026,0.07453067934555194
LAS_1.4Torr_SmallAdmixture_1kHzLaserFreq_CapCoupling,0,50.0,1.4,4.0,8,1.1197334945399577,0.014739604327401673,0.01236627630232035,0.47550703371273584,3.9226648727546576e-05,[0.00774127 0.00772661 0.00761813 ... 0.00834512 0.00848507 0.008488  ],[0.00738264 0.00738272 0.0073828  ... 0.00777467 0.00777475 0.00777483],1.0038501148385932,0.07459571564566073
LAS_1.4Torr_SmallAdmixture_1kHzLaserFreq_CapCoupling,0,50.0,1.4,4.0,10,1.1819427464859302,0.015778455273390734,0.012541105843061076,0.501924870641398,7.52381999815082e-05,[0.0077276  0.00765402 0.00766627 ... 0.00834232 0.00865347 0.00842612],[0.00719956 0.00719971 0.00719986 ... 0.00795149 0.00795164 0.00795179],1.5959868898105913,0.07462923542037984
LAS_1.4Torr_SmallAdmixture_1kHzLaserFreq_CapCoupling,0,50.0,1.4,2.0,2,1.189199707364345,0.025434741318078786,0.020092793515096966,0.5050066181803354,4.297931890056718e-05,[0.009649   0.00949444 0.00947867 ... 0.01014085 0.010288   0.01016221],[0.00913744 0.00913752 0.00913761 ... 0.00956697 0.00956706 0.00956714],0.9906225253120926,0.08667225520650668
LAS_1.4Torr_SmallAdmixture_1kHzLaserFreq_CapCoupling,0,50.0,1.4,2.0,4,1.1926797884726803,0.02557131854341109,0.020141743104364104,0.5064844725563753,4.489775364955673e-05,[0.00961017 0.00961034 0.00967669 ... 0.01030804 0.01045986 0.01037534],[0.0090959  0.00909599 0.00909608 ... 0.00954461 0.0095447  0.00954479],0.8515055057800804,0.08669382233578836
LAS_1.4Torr_SmallAdmixture_1kHzLaserFreq_CapCoupling,0,50.0,1.4,2.0,6,1.2403598773146034,0.026947424324399817,0.020409733850862047,0.5267323420029327,2.216785853012376e-05,[0.01005299 0.00987739 0.00984698 ... 0.01053641 0.0104903  0.01046355],[0.0094314  0.00943145 0.00943149 ... 0.00965295 0.00965299 0.00965304],0.5308843252832616,0.0866479569575964
LAS_1.4Torr_SmallAdmixture_1kHzLaserFreq_CapCoupling,0,50.0,1.4,2.0,8,1.1939395578347005,0.025718867717846587,0.020236588143463803,0.5070194473476246,2.817319986483195e-05,[0.00989014 0.0098694  0.00988559 ... 0.01047701 0.01047757 0.01045286],[0.0093943  0.00939436 0.00939441 ... 0.00967586 0.00967592 0.00967597],0.6430694120703857,0.08662321091571054
LAS_1.4Torr_SmallAdmixture_1kHzLaserFreq_CapCoupling,0,50.0,1.4,2.0,10,1.2600103291594684,0.02706350391582783,0.0201779809914121,0.5350771205716096,5.2558475911917385e-05,[0.00974292 0.00982818 0.00960924 ... 0.01014366 0.01016247 0.01037533],[0.00910916 0.00910926 0.00910937 ... 0.00963443 0.00963453 0.00963464],1.038412303156697,0.08668045253467241
LAS_1.4Torr_SmallAdmixture_1kHzLaserFreq_CapCoupling,0,50.0,1.4,10.0,3,1.2835085994242523,0.0072700161348382385,0.005321136279787002,0.54505591717408,7.90027805896507e-05,[0.00883346 0.00870101 0.00878604 ... 0.0097622  0.01003391 0.00992968],[0.00789216 0.00789231 0.00789247 ... 0.00868171 0.00868187 0.00868203],4.752361459783936,0.060831465878604954
LAS_1.4Torr_SmallAdmixture_1kHzLaserFreq_CapCoupling,0,50.0,1.4,10.0,6,1.3042086079322726,0.007479426207296242,0.005387521413125131,0.5538464014200845,7.53643585611501e-05,[0.00907378 0.00913461 0.00910986 ... 0.00981307 0.00986327 0.00986776],[0.00792594 0.00792609 0.00792624 ... 0.00867913 0.00867928 0.00867943],3.8138639486598636,0.06078447141180416
LAS_1.4Torr_SmallAdmixture_1kHzLaserFreq_CapCoupling,0,50.0,1.4,10.0,9,1.2904045920840732,0.00733051221099548,0.005336742046035342,0.547984375624386,6.415769374243797e-05,[0.00917937 0.00912313 0.00905764 ... 0.00989365 0.01003977 0.0100549 ],[0.00811462 0.00811475 0.00811488 ... 0.00875581 0.00875594 0.00875607],3.4860032448854623,0.060843383215962436
LAS_1.4Torr_SmallAdmixture_1kHzLaserFreq_CapCoupling,0,50.0,1.4,10.0,12,1.2852971850549588,0.007453771785974822,0.0054480404719512475,0.5458154595580004,6.80777040028869e-05,[0.00931592 0.00932718 0.00934305 ... 0.01013777 0.01003601 0.01012726],[0.00817511 0.00817524 0.00817538 ... 0.00885548 0.00885561 0.00885575],3.6368261251719454,0.06084453386988598
LAS_1.4Torr_SmallAdmixture_1kHzLaserFreq_CapCoupling,0,50.0,1.4,10.0,15,1.2703958442608179,0.007194859240317771,0.005320482600668435,0.5394874427630079,7.003332625489955e-05,[0.00907789 0.00905679 0.00912394 ...        nan        nan        nan],[0.00806585 0.00806599 0.00806613 ... 0.00876576 0.0087659  0.00876604],,0.06079410567938113
LAS_1.4Torr_SmallAdmixture_1kHzLaserFreq_CapCoupling,0,50.0,1.4,0.0,2,1.1798605829093953,0.04942867337731797,0.03935646217862283,0.5010406571827396,4.787184049143685e-05,[0.00880293 0.00886887 0.00900455 ... 0.01004389 0.00980529 0.00989407],[0.00897206 0.00897216 0.00897225 ... 0.00945049 0.00945059 0.00945068],1.2390029467804977,0.1281416993869905
LAS_1.4Torr_SmallAdmixture_1kHzLaserFreq_CapCoupling,0,50.0,1.4,0.0,4,1.165754897512646,0.04866233331924404,0.0392151129591202,0.4950505241250078,4.220824910596642e-05,[0.00967319 0.0096115  0.00973736 ... 0.00977518 0.00987423 0.00984002],[0.0089333  0.00893339 0.00893347 ... 0.00935513 0.00935522 0.0093553 ],0.7172125591072154,0.12811992103216416
LAS_1.4Torr_SmallAdmixture_1kHzLaserFreq_CapCoupling,0,50.0,1.4,0.0,6,1.1792716693688068,0.0489848386477447,0.03902254646837193,0.5007905686284863,3.2731393809618564e-05,[0.00952454 0.00963896 0.00962861 ... 0.00983831 0.00980416 0.00979696],[0.00909094 0.00909101 0.00909107 ... 0.00941806 0.00941813 0.00941819],0.7933452001069035,0.1281232944661883
LAS_1.4Torr_SmallAdmixture_1kHzLaserFreq_CapCoupling,0,50.0,1.4,0.0,8,1.1726033942325214,0.04862877020848391,0.038959190955667626,0.4979588129067034,8.620765883533726e-05,[0.00972826 0.00959335 0.00961137 ... 0.00958625 0.00974904 0.00961181],[0.00821941 0.00821958 0.00821975 ... 0.00908097 0.00908114 0.00908131],3.080517778453568,0.12809610889491027
LAS_1.4Torr_SmallAdmixture_1kHzLaserFreq_CapCoupling,0,50.0,1.4,0.0,10,1.1865251290768424,0.049671224333993,0.03932744336760209,0.503870829357259,3.7617432424903044e-05,[0.00950555 0.00921919 0.00940663 ... 0.00973295 0.00979662 0.00973117],[0.00901591 0.00901598 0.00901606 ... 0.00939186 0.00939193 0.00939201],0.7201900342106975,0.12810072867117506
LAS_1.4Torr_SmallAdmixture_1kHzLaserFreq_CapCoupling,0,45.0,1.4,8.0,3,1.2566429644616028,0.008345997616029685,0.00623927520399234,0.5336471324479009,6.689831999350336e-05,[0.00873448 0.0086682  0.00875252 ... 0.00965192 0.00955198 0.00947745],[0.00792536 0.00792549 0.00792563 ... 0.00859394 0.00859407 0.00859421],3.580950958827874,0.06145099651783772
LAS_1.4Torr_SmallAdmixture_1kHzLaserFreq_CapCoupling,0,45.0,1.4,8.0,6,1.24322412712765,0.008482057748714342,0.006409432599764314,0.5279486769067784,5.0861106148536534e-05,[0.008802   0.0088798  0.0086752  ... 0.00982176 0.00993741 0.01005386],[0.00811164 0.00811174 0.00811184 ... 0.00861994 0.00862005 0.00862015],2.6896599484911867,0.06144317263907722
LAS_1.4Torr_SmallAdmixture_1kHzLaserFreq_CapCoupling,0,45.0,1.4,8.0,9,1.2880412958303873,0.008883100774388728,0.006478919616103225,0.5469807761099887,6.699032109383499e-05,[0.00866727 0.00863957 0.00872342 ... 0.00987849 0.00989172 0.00989783],[0.00794655 0.00794668 0.00794682 ... 0.00861605 0.00861618 0.00861632],3.5210180248378644,0.06150354808062545
LAS_1.4Torr_SmallAdmixture_1kHzLaserFreq_CapCoupling,0,45.0,1.4,8.0,12,1.2863172289389635,0.008571502634743074,0.006260033628090366,0.5462486323119682,6.636881695328069e-05,[0.00922059 0.00926981 0.0092929  ... 0.01006479 0.01012803 0.00996584],[0.00814795 0.00814808 0.00814822 ... 0.00881124 0.00881137 0.00881151],3.6234117767642746,0.06147746220682035
LAS_1.4Torr_SmallAdmixture_1kHzLaserFreq_CapCoupling,0,45.0,1.4,8.0,15,1.2553624780050618,0.008488995475127393,0.006352650288481202,0.5331033599166439,7.537909292042374e-05,[0.00897466 0.0092336  0.00917236 ...        nan        nan        nan],[0.00812251 0.00812266 0.00812282 ... 0.00887585 0.008876   0.00887615],,0.06153218347033013
LAS_1.4Torr_SmallAdmixture_1kHzLaserFreq_CapCoupling,0,45.0,1.4,6.0,2,1.2529308575569993,0.01068866718004065,0.00801427496815151,0.5320707457883611,3.3899349112507514e-05,[0.00670093 0.00682656 0.00687839 ... 0.00726453 0.00714761 0.00724536],[0.00616965 0.00616971 0.00616978 ... 0.00650844 0.0065085  0.00650857],1.182211798141514,0.065435433866962
LAS_1.4Torr_SmallAdmixture_1kHzLaserFreq_CapCoupling,0,45.0,1.4,6.0,4,1.1875087352511349,0.010080791569367933,0.00797490672526516,0.5042885284406212,1.2525885254914281e-05,[0.00714342 0.00690499 0.007104   ... 0.00708469 0.00712691 0.00723269],[0.00643039 0.00643042 0.00643044 ... 0.00655558 0.0065556  0.00655563],0.7792931425175071,0.06534105144146866
LAS_1.4Torr_SmallAdmixture_1kHzLaserFreq_CapCoupling,0,45.0,1.4,6.0,6,1.2700397767870424,0.011169007957051986,0.008261617181386158,0.5393362348290823,1.2978749981789756e-05,[0.00679943 0.00683029 0.00686187 ... 0.00730668 0.00730863 0.00729409],[0.00652928 0.00652931 0.00652934 ... 0.00665899 0.00665902 0.00665904],0.8835096124553389,0.06536985144818097
LAS_1.4Torr_SmallAdmixture_1kHzLaserFreq_CapCoupling,0,45.0,1.4,6.0,8,1.2310687885000544,0.010630805296457775,0.008112442530736529,0.5227867798636284,2.0790983042418083e-05,[0.00740496 0.00731991 0.00753185 ... 0.00777592 0.00760611 0.00768326],[0.00659075 0.0065908  0.00659084 ... 0.00679854 0.00679858 0.00679862],0.9240229630068308,0.06540517026194792
LAS_1.4Torr_SmallAdmixture_1kHzLaserFreq_CapCoupling,0,45.0,1.4,6.0,10,1.1913708450799092,0.0103490262870997,0.008160566571269415,0.5059286154769636,4.614036322905136e-05,[0.00718406 0.0072998  0.00726339 ... 0.00751324 0.00751831 0.00749453],[0.00639931 0.0063994  0.00639949 ... 0.00686043 0.00686052 0.00686062],1.3222375309333128,0.06536446373278713
LAS_1.4Torr_SmallAdmixture_1kHzLaserFreq_CapCoupling,0,45.0,1.4,4.0,3,1.1421919326574967,0.01404410104059727,0.011551081465498256,0.48504425425955844,2.1759570092021723e-05,[0.0073406  0.007285   0.00719376 ... 0.00811619 0.00819321 0.00822107],[0.00752771 0.00752775 0.00752779 ... 0.00774517 0.00774521 0.00774526],0.7404499414598172,0.07194198979805597
LAS_1.4Torr_SmallAdmixture_1kHzLaserFreq_CapCoupling,0,45.0,1.4,4.0,6,1.2348454076269628,0.015445865268072389,0.01175080017707194,0.5243905623415624,4.530944685088892e-05,[0.00787244 0.00767261 0.00772784 ... 0.00852295 0.00857428 0.00863907],[0.00726418 0.00726428 0.00726437 ... 0.00771701 0.0077171  0.00771719],1.183586796975687,0.07193491809116809
LAS_1.4Torr_SmallAdmixture_1kHzLaserFreq_CapCoupling,0,45.0,1.4,4.0,9,1.1513938198754996,0.01450575231824631,0.011835433062180226,0.4889519359685793,1.5961257746699965e-05,[0.00765269 0.00801405 0.00773194 ... 0.00871867 0.00860007 0.0086613 ],[0.00769269 0.00769273 0.00769276 ... 0.00785221 0.00785224 0.00785227],0.6509795456620198,0.0719328253309871
LAS_1.4Torr_SmallAdmixture_1kHzLaserFreq_CapCoupling,0,45.0,1.4,4.0,12,1.1526481594796616,0.01370418420165295,0.011169255255663962,0.48948460495396895,3.7819913950655376e-05,[0.00787374 0.00805953 0.00798375 ... 0.00851986 0.00847147 0.00849393],[0.00750645 0.00750652 0.0075066  ... 0.00788442 0.00788449 0.00788457],0.906862638704061,0.07191112867209626
LAS_1.4Torr_SmallAdmixture_1kHzLaserFreq_CapCoupling,0,45.0,1.4,4.0,15,1.041673441287824,0.013245171330750143,0.011945209715136088,0.44235798123339537,5.3798388521590926e-05,[0.00770317 0.00789844 0.00777099 ... 0.00845453 0.00855312 0.00846054],[0.00741548 0.00741559 0.0074157  ... 0.00795314 0.00795325 0.00795336],1.078759166963403,0.07193348438277988
LAS_1.4Torr_SmallAdmixture_1kHzLaserFreq_CapCoupling,0,45.0,1.4,2.0,2,1.183593903193991,0.025618229136133767,0.02033359533181804,0.5026260523353219,3.8832004116334596e-05,[0.00928916 0.00946525 0.00943592 ... 0.01047527 0.01050285 0.0104536 ],[0.00941513 0.00941521 0.00941529 ... 0.00980322 0.0098033  0.00980337],1.020068607363985,0.08342974673612855
LAS_1.4Torr_SmallAdmixture_1kHzLaserFreq_CapCoupling,0,45.0,1.4,2.0,4,1.2163004816774439,0.026305491964407245,0.020317643672899465,0.5165152573947357,4.0931279482873515e-05,[0.00958568 0.00964625 0.00975753 ... 0.01051729 0.01041231 0.01045914],[0.00929041 0.0092905  0.00929058 ... 0.00969948 0.00969956 0.00969964],0.8956301047323568,0.08341609025859904
LAS_1.4Torr_SmallAdmixture_1kHzLaserFreq_CapCoupling,0,45.0,1.4,2.0,6,1.208161901707757,0.026135668991482987,0.020322459862082903,0.5130591206989145,2.7987415701039728e-05,[0.0096368  0.00963918 0.0097985  ... 0.0104449  0.01040386 0.01050753],[0.00953327 0.00953332 0.00953338 ... 0.00981297 0.00981303 0.00981309],0.7598141508338756,0.08347078364298267
LAS_1.4Torr_SmallAdmixture_1kHzLaserFreq_CapCoupling,0,45.0,1.4,2.0,8,1.1883066256473402,0.025717105649931092,0.02033112264659935,0.50462736129449,3.921753450196271e-05,[0.00972102 0.00967546 0.00965812 ... 0.01047711 0.01040332 0.01062565],[0.00935309 0.00935317 0.00935325 ... 0.00974503 0.00974511 0.00974519],0.9795235392461448,0.08345207130303792
LAS_1.4Torr_SmallAdmixture_1kHzLaserFreq_CapCoupling,0,45.0,1.4,2.0,10,1.1670830714568985,0.025123883386617585,0.020223335610230434,0.4956145476677219,5.209831402755933e-05,[0.00972512 0.00988476 0.00984198 ... 0.01047221 0.01052912 0.01058273],[0.00926236 0.00926246 0.00926257 ... 0.00978303 0.00978313 0.00978324],1.1100302500944006,0.08351055912294815
LAS_1.4Torr_SmallAdmixture_1kHzLaserFreq_CapCoupling,0,45.0,1.4,0.0,2,1.2029313862441986,0.05152587020220348,0.04023947154336122,0.5108379252939426,3.2417009584710824e-05,[0.00945929 0.0094548  0.0095177  ... 0.0099078  0.01002954 0.00996652],[0.00935253 0.00935259 0.00935266 ... 0.00967651 0.00967657 0.00967664],1.0526464840648302,0.12490472604344478
LAS_1.4Torr_SmallAdmixture_1kHzLaserFreq_CapCoupling,0,45.0,1.4,0.0,4,1.1924654723128258,0.05169812474021865,0.04072834538817176,0.5063934608630161,2.002782192745798e-05,[0.00982562 0.00982869 0.00989305 ... 0.00994454 0.00993582 0.00999438],[0.00944306 0.0094431  0.00944314 ... 0.00964322 0.00964326 0.0096433 ],1.0400644995248407,0.12492986714278542
LAS_1.4Torr_SmallAdmixture_1kHzLaserFreq_CapCoupling,0,45.0,1.4,0.0,6,1.161574681050233,0.050011972723758034,0.040447775183536934,0.4932753496392827,1.4689962056394408e-05,[0.00967234 0.00995241 0.00974595 ... 0.01000637 0.01005441 0.01002093],[0.00965237 0.0096524  0.00965243 ... 0.00979918 0.00979921 0.00979924],0.9480464297698227,0.1249537028901831
LAS_1.4Torr_SmallAdmixture_1kHzLaserFreq_CapCoupling,0,45.0,1.4,0.0,8,1.176448502374593,0.050950025799033696,0.040685464335846265,0.4995916799914666,2.598775126901072e-05,[0.00981956 0.00999463 0.0097539  ... 0.01012546 0.01011693 0.01020355],[0.00952143 0.00952148 0.00952153 ... 0.00978115 0.0097812  0.00978126],1.013643041968718,0.12497467803125366
LAS_1.4Torr_SmallAdmixture_1kHzLaserFreq_CapCoupling,0,45.0,1.4,0.0,10,1.1357689374049162,0.048805202278506356,0.04036862156105976,0.48231665931397694,3.782533499662422e-05,[0.00994039 0.00985031 0.00974799 ... 0.00990496 0.01005216 0.00995923],[0.00943879 0.00943887 0.00943894 ... 0.00981682 0.00981689 0.00981697],0.9734686553736396,0.12499221570830453
LAS_1.4Torr_SmallAdmixture_1kHzLaserFreq_CapCoupling,0,45.0,1.4,10.0,2,1.2599132305275602,0.006814699604535717,0.005081288692364901,0.5350358865791807,6.290977080222596e-05,[0.00911747 0.00918111 0.00910839 ... 0.01009775 0.01024553 0.01024376],[0.00818279 0.00818291 0.00818304 ... 0.00881151 0.00881163 0.00881176],3.4498012979650117,0.058998946998947
LAS_1.4Torr_SmallAdmixture_1kHzLaserFreq_CapCoupling,0,45.0,1.4,10.0,4,1.3005286365561757,0.007116309039837712,0.005140468122619536,0.552283661463007,7.371373415487027e-05,[0.00920981 0.00928381 0.00914692 ... 0.01029378 0.01015956 0.01014037],[0.00814834 0.00814849 0.00814864 ... 0.00888504 0.00888519 0.00888533],3.6510066874600247,0.05896510158117301
LAS_1.4Torr_SmallAdmixture_1kHzLaserFreq_CapCoupling,0,45.0,1.4,10.0,6,1.3480817546579402,0.007565179590290311,0.005271944155182038,0.5724776114007567,5.8308642316797316e-05,[0.00935207 0.0093598  0.00932411 ... 0.01022387 0.01002288 0.01016313],[0.00844422 0.00844433 0.00844445 ... 0.00902695 0.00902707 0.00902719],3.1341275018364243,0.05898124205592628
LAS_1.4Torr_SmallAdmixture_1kHzLaserFreq_CapCoupling,0,45.0,1.4,10.0,8,1.3029087926083163,0.007030154617183215,0.005068957520182933,0.5532944206745922,7.370796049512311e-05,[0.00931744 0.0093234  0.00929763 ... 0.01055933 0.01065525 0.01049935],[0.00835346 0.0083536  0.00835375 ... 0.00909009 0.00909024 0.00909039],3.9383475162302526,0.05895362490174436
LAS_1.4Torr_SmallAdmixture_1kHzLaserFreq_CapCoupling,0,45.0,1.4,10.0,10,1.2587340525571435,0.006962330972062738,0.005196231283735756,0.5345351358008336,6.504957530700842e-05,[0.00931778 0.00930996 0.00939136 ...        nan        nan        nan],[0.00843123 0.00843136 0.00843149 ... 0.00908133 0.00908146 0.00908159],,0.058962070674500815
LAS_1.4Torr_SmallAdmixture_1kHzLaserFreq_CapCoupling,0,40.0,1.4,8.0,2,1.2833024785415665,0.00831627666890579,0.0060879024652310005,0.5449683856945001,6.666470691547216e-05,[0.00918039 0.00918731 0.009228   ... 0.00963265 0.00969568 0.0096916 ],[0.00800159 0.00800173 0.00800186 ... 0.00866784 0.00866797 0.00866811],3.683610819456147,0.05946724334084835
LAS_1.4Torr_SmallAdmixture_1kHzLaserFreq_CapCoupling,0,40.0,1.4,8.0,4,1.2514550643520788,0.00823006119332053,0.006178109395392133,0.5314440341175332,6.225807753388739e-05,[0.00914094 0.00905017 0.0091418  ... 0.00967066 0.0097627  0.00970213],[0.00798646 0.00798658 0.00798671 ... 0.00860867 0.00860879 0.00860892],3.3756675163868977,0.05947201799432198
LAS_1.4Torr_SmallAdmixture_1kHzLaserFreq_CapCoupling,0,40.0,1.4,8.0,6,1.3028351986022926,0.008500329205396622,0.006129344789990326,0.553263168177749,7.112309566682902e-05,[0.00900659 0.00895509 0.00914835 ... 0.00972547 0.00961671 0.00962503],[0.00792964 0.00792979 0.00792993 ... 0.00864045 0.00864059 0.00864073],4.103801676235989,0.059489864625083495
LAS_1.4Torr_SmallAdmixture_1kHzLaserFreq_CapCoupling,0,40.0,1.4,8.0,8,1.270179348536603,0.008244775082815015,0.006097917649357238,0.5393955054938855,7.293922131472642e-05,[0.00857929 0.00859683 0.00861155 ... 0.01009956 0.00989615 0.00992657],[0.0079958  0.00799595 0.0079961  ... 0.00872476 0.0087249  0.00872505],4.093702087645404,0.05952189046771011
LAS_1.4Torr_SmallAdmixture_1kHzLaserFreq_CapCoupling,0,40.0,1.4,8.0,10,1.2148598538657975,0.007922731801379574,0.006126558203130328,0.5159034790914695,7.211840703650738e-05,[0.00908016 0.00909889 0.00899232 ...        nan        nan        nan],[0.00801475 0.0080149  0.00801504 ... 0.00873551 0.00873565 0.00873579],,0.05945527048928784
LAS_1.4Torr_SmallAdmixture_1kHzLaserFreq_CapCoupling,0,40.0,1.4,6.0,1,1.2575336727207762,0.010231622369384416,0.007643507035943383,0.5340253814190071,3.3904137924449727e-05,[0.00705225 0.00715328 0.00702483 ... 0.00734072 0.00727118 0.0072356 ],[0.0064029  0.00640297 0.00640303 ... 0.00674174 0.0067418  0.00674187],1.5636232649918373,0.0628995609375
LAS_1.4Torr_SmallAdmixture_1kHzLaserFreq_CapCoupling,0,40.0,1.4,6.0,2,1.1963801685686632,0.0100672222038251,0.007905115848368702,0.5080558792988104,3.960199795665835e-05,[0.00720402 0.00714138 0.00724873 ... 0.00756003 0.00759231 0.00751957],[0.00632289 0.00632297 0.00632305 ... 0.00671867 0.00671875 0.00671883],1.9041748076139342,0.062845703125
LAS_1.4Torr_SmallAdmixture_1kHzLaserFreq_CapCoupling,0,40.0,1.4,6.0,3,1.2776921060920112,0.010587550575448006,0.007784613877842596,0.5425858798799288,3.934175537659934e-05,[0.00741706 0.00723986 0.00719465 ... 0.00746812 0.00750894 0.00752438],[0.00636045 0.00636053 0.00636061 ... 0.00675363 0.00675371 0.00675379],1.7162595476316282,0.06285835052083333
LAS_1.4Torr_SmallAdmixture_1kHzLaserFreq_CapCoupling,0,40.0,1.4,6.0,4,1.2362427680086252,0.010071949199391299,0.007653807805338182,0.5249839666590648,3.719053455879355e-05,[0.0071134  0.00713422 0.00716285 ... 0.00781024 0.00776481 0.00769193],[0.00656161 0.00656168 0.00656176 ... 0.00693329 0.00693336 0.00693344],1.6007145755849561,0.06281338229166666
LAS_1.4Torr_SmallAdmixture_1kHzLaserFreq_CapCoupling,0,40.0,1.4,6.0,5,1.093664935881549,0.009047650768012453,0.007771759098480418,0.464436736127399,4.7824515314374344e-05,[0.00727131 0.00705264 0.00695521 ... 0.00753081 0.00747856 0.00758695],[0.00655974 0.00655984 0.00655993 ... 0.0070377  0.0070378  0.00703789],1.3292973141541293,0.06283097026838984
LAS_1.4Torr_SmallAdmixture_1kHzLaserFreq_CapCoupling,0,40.0,1.4,4.0,2,1.209397138198755,0.01483695841451929,0.011525074267891339,0.5135836773390724,2.9443524509057222e-05,[0.00783451 0.00789013 0.00785568 ... 0.00871434 0.00865408 0.00870287],[0.00795386 0.00795392 0.00795398 ... 0.00824812 0.00824818 0.00824824],0.9808849706782314,0.06890915303113829
LAS_1.4Torr_SmallAdmixture_1kHzLaserFreq_CapCoupling,0,40.0,1.4,4.0,4,1.11771940611359,0.013145268243639966,0.0110485287801535,0.4746517291086249,5.117542058486185e-05,[0.00844275 0.00838489 0.00842047 ... 0.00924282 0.00923407 0.00917409],[0.00771195 0.00771205 0.00771215 ... 0.0082234  0.0082235  0.0082236 ],1.2164027566242452,0.06887042646002473
LAS_1.4Torr_SmallAdmixture_1kHzLaserFreq_CapCoupling,0,40.0,1.4,4.0,6,1.2253755054405628,0.01514211797678114,0.011608743640376559,0.5203690651548101,2.4108089774318747e-05,[0.00830306 0.00840709 0.0083061  ... 0.00903076 0.00887016 0.00905515],[0.00801592 0.00801597 0.00801602 ... 0.00825686 0.0082569  0.00825695],0.8407396219248141,0.06890909351926097
LAS_1.4Torr_SmallAdmixture_1kHzLaserFreq_CapCoupling,0,40.0,1.4,4.0,8,1.1896549359663886,0.014322479287285932,0.011310061900386354,0.5051999359682506,4.906305556779831e-05,[0.00861078 0.00847199 0.00836254 ... 0.00920376 0.00933205 0.00941097],[0.00787057 0.00787067 0.00787077 ... 0.00836091 0.00836101 0.0083611 ],1.1157720651175702,0.06886665111005313
LAS_1.4Torr_SmallAdmixture_1kHzLaserFreq_CapCoupling,0,40.0,1.4,4.0,10,1.1354937316425964,0.013942424716029701,0.011535099814909756,0.4821997901872254,7.813365119784706e-05,[0.00826236 0.00821938 0.00812298 ... 0.00890152 0.00894291 0.00900044],[0.00765411 0.00765427 0.00765443 ... 0.00843498 0.00843514 0.00843529],1.6373636411050834,0.06888643422538716
LAS_1.4Torr_SmallAdmixture_1kHzLaserFreq_CapCoupling,0,40.0,1.4,2.0,2,1.1795534698805168,0.025510977842515232,0.02031782722301453,0.5009102382874501,5.0052196005452565e-05,[0.00980919 0.00980506 0.00991331 ... 0.01119425 0.01112383 0.01112875],[0.00972809 0.00972819 0.00972829 ... 0.01022831 0.01022841 0.01022851],1.2177560323760204,0.08098249339254948
LAS_1.4Torr_SmallAdmixture_1kHzLaserFreq_CapCoupling,0,40.0,1.4,2.0,4,1.2050049876877018,0.025844609390188972,0.020148787567398033,0.5117185027494806,3.764255371258568e-05,[0.01044205 0.01049035 0.01051946 ... 0.01101987 0.01114239 0.01091162],[0.00986019 0.00986027 0.00986034 ... 0.01023639 0.01023647 0.01023654],0.9770603230732344,0.08097537156454392
LAS_1.4Torr_SmallAdmixture_1kHzLaserFreq_CapCoupling,0,40.0,1.4,2.0,6,1.1837438304926435,0.025734792077889913,0.02042352611670443,0.5026897205969239,4.126110634501077e-05,[0.01035526 0.01033236 0.01038435 ... 0.01135336 0.01119646 0.01113431],[0.00992248 0.00992256 0.00992265 ... 0.01033485 0.01033493 0.01033501],1.053660295885498,0.08098134806627524
LAS_1.4Torr_SmallAdmixture_1kHzLaserFreq_CapCoupling,0,40.0,1.4,2.0,8,1.2105418899534768,0.026182040733596652,0.02031849149682771,0.514069808649674,5.5202110198255534e-05,[0.0102965  0.01027073 0.01019755 ... 0.01114387 0.01111941 0.01118817],[0.00982932 0.00982943 0.00982954 ... 0.01038101 0.01038112 0.01038123],1.2202282914864269,0.08097002235241967
LAS_1.4Torr_SmallAdmixture_1kHzLaserFreq_CapCoupling,0,40.0,1.4,2.0,10,1.1751861400229089,0.024991128200630815,0.019977769196611747,0.49905560405889254,6.0183177378624677e-05,[0.01074982 0.0106424  0.01063928 ... 0.01133486 0.01127795 0.01151145],[0.00992174 0.00992186 0.00992198 ... 0.01052321 0.01052333 0.01052345],1.2226954504943122,0.08098179790553864
LAS_1.4Torr_SmallAdmixture_1kHzLaserFreq_CapCoupling,0,40.0,1.4,10.0,2,1.2920407284007982,0.006931875832531582,0.005040137222653613,0.5486791787454047,8.987214374750317e-05,[0.00958022 0.00960409 0.00958431 ... 0.01057236 0.01055102 0.01069449],[0.00831927 0.00831945 0.00831962 ... 0.00921745 0.00921763 0.00921781],5.610342070478841,0.05690242865568998
LAS_1.4Torr_SmallAdmixture_1kHzLaserFreq_CapCoupling,0,40.0,1.4,10.0,4,1.2703556649167755,0.006902435175383232,0.0051044011505136915,0.5394703801665997,9.324126714346077e-05,[0.00959437 0.00959537 0.00963554 ... 0.01082958 0.01096855 0.01090558],[0.00831284 0.00831303 0.00831322 ... 0.0092447  0.00924488 0.00924507],5.834382890672596,0.056945553687063895
LAS_1.4Torr_SmallAdmixture_1kHzLaserFreq_CapCoupling,0,40.0,1.4,10.0,6,1.322867905513593,0.0074046897087127975,0.005258455149282467,0.561770275527023,7.004576391204267e-05,[0.00944609 0.00947285 0.00948339 ... 0.01067844 0.01055659 0.01056303],[0.00851131 0.00851145 0.00851159 ... 0.00921135 0.00921149 0.00921163],4.312417075796535,0.05688972796713686
LAS_1.4Torr_SmallAdmixture_1kHzLaserFreq_CapCoupling,0,40.0,1.4,10.0,8,1.2775814457617427,0.006929025419419016,0.005095084000831406,0.5425388867644667,6.479449709909904e-05,[0.00982973 0.0096476  0.00973362 ... 0.01050963 0.01045087 0.01057342],[0.00853368 0.00853381 0.00853394 ... 0.00918123 0.00918136 0.00918149],4.071027155230158,0.05690893456235463
LAS_1.4Torr_SmallAdmixture_1kHzLaserFreq_CapCoupling,0,40.0,1.4,10.0,10,1.2784859355283476,0.007089318260457926,0.005209263292902819,0.5429229882029242,8.872034598755315e-05,[0.00935637 0.00946054 0.0093522  ...        nan        nan        nan],[0.00825038 0.00825056 0.00825074 ... 0.00913705 0.00913723 0.00913741],,0.05692572198626337
LAS_1.4Torr_SmallAdmixture_1kHzLaserFreq_CapCoupling,0,35.0,1.4,8.0,2,1.248897840502746,0.007593604248672075,0.005712008364129219,0.5303580811358057,4.199504094822052e-05,[0.00871343 0.00867097 0.00868384 ... 0.00959998 0.00953321 0.00972316],[0.00803795 0.00803803 0.00803812 ... 0.00845765 0.00845773 0.00845782],2.412499149547448,0.056935329358890514
LAS_1.4Torr_SmallAdmixture_1kHzLaserFreq_CapCoupling,0,35.0,1.4,8.0,4,1.2581928733746885,0.007500294984141088,0.005600140374700597,0.534305318162073,5.22362290280275e-05,[0.00852332 0.00845136 0.00848234 ... 0.00968868 0.00951345 0.00972173],[0.00794529 0.00794539 0.00794549 ... 0.00846733 0.00846744 0.00846754],2.829892704040206,0.05697153731512224
LAS_1.4Torr_SmallAdmixture_1kHzLaserFreq_CapCoupling,0,35.0,1.4,8.0,6,1.2098916315945414,0.007417972521332139,0.005759788510748549,0.5137936693496423,4.285613684916585e-05,[0.00848894 0.00862723 0.00852941 ... 0.00927557 0.00928664 0.00934748],[0.007971   0.00797109 0.00797118 ... 0.00839931 0.00839939 0.00839948],2.52743153911747,0.0569603230749237
LAS_1.4Torr_SmallAdmixture_1kHzLaserFreq_CapCoupling,0,35.0,1.4,8.0,8,1.2971798390577982,0.007776030168218545,0.0056315187766282655,0.550861558102946,4.798003307841488e-05,[0.00855702 0.00879924 0.00864148 ... 0.00981879 0.00978036 0.00975197],[0.00802726 0.00802736 0.00802745 ... 0.00850677 0.00850687 0.00850696],2.535740683147607,0.056885438675923126
LAS_1.4Torr_SmallAdmixture_1kHzLaserFreq_CapCoupling,0,35.0,1.4,8.0,10,1.1926963154141286,0.00703174633231938,0.005538614107855841,0.5064914909022074,7.357465546984207e-05,[0.00844827 0.00829199 0.00826071 ...        nan        nan        nan],[0.00773525 0.00773539 0.00773554 ... 0.00847055 0.0084707  0.00847084],,0.056931488841296306
LAS_1.4Torr_SmallAdmixture_1kHzLaserFreq_CapCoupling,0,40.0,1.4,0.0,2,1.145568663560378,0.05716085649106045,0.04687544376712335,0.48647821984432005,2.8959002206937922e-05,[0.00881165 0.0088342  0.00891099 ... 0.00933695 0.00934008 0.009294  ],[0.00877442 0.00877448 0.00877453 ... 0.00906384 0.00906389 0.00906395],1.2746339575204941,0.11828474223854162
LAS_1.4Torr_SmallAdmixture_1kHzLaserFreq_CapCoupling,0,40.0,1.4,0.0,4,1.1939430572548686,0.05852574170586685,0.046050155564748604,0.5070209334145432,3.2427329536467815e-05,[0.00919949 0.00919763 0.00930961 ... 0.0093646  0.0092652  0.00922673],[0.00864328 0.00864335 0.00864341 ... 0.00896736 0.00896742 0.00896749],1.0829920115909724,0.11820461551957491
LAS_1.4Torr_SmallAdmixture_1kHzLaserFreq_CapCoupling,0,40.0,1.4,0.0,6,1.1810593189407028,0.05894357238968405,0.04688485019724977,0.5015497135048297,1.4095553646047708e-05,[0.0093112  0.00930955 0.0090939  ... 0.00925958 0.00930746 0.00933677],[0.00900058 0.00900061 0.00900064 ... 0.00914146 0.00914148 0.00914151],1.2864315650500295,0.11831569199375072
LAS_1.4Torr_SmallAdmixture_1kHzLaserFreq_CapCoupling,0,40.0,1.4,0.0,8,1.1480558766018407,0.057007520420729256,0.046648417503844374,0.4875344419733576,1.6011786364257032e-05,[0.00923357 0.00911349 0.00922366 ... 0.00928305 0.00937234 0.0094052 ],[0.00899007 0.00899011 0.00899014 ... 0.0091501  0.00915013 0.00915016],1.0862895952798084,0.11826471826073151
LAS_1.4Torr_SmallAdmixture_1kHzLaserFreq_CapCoupling,0,40.0,1.4,0.0,10,1.1459794153430825,0.05665662673276367,0.0464452908363933,0.4866526500660992,3.774647085333145e-05,[0.00906621 0.00919158 0.00906021 ... 0.009439   0.00950177 0.00945439],[0.00885709 0.00885717 0.00885725 ... 0.00923433 0.00923441 0.00923448],1.0609170842632567,0.11839175948252766
LAS_1.4Torr_SmallAdmixture_1kHzLaserFreq_CapCoupling,0,35.0,1.4,6.0,2,1.223704893326019,0.009302181544024691,0.007141277413655389,0.5196596215104564,2.14647188550031e-05,[0.00697446 0.00700467 0.00673482 ... 0.00775265 0.00764681 0.00764017],[0.00672845 0.0067285  0.00672854 ... 0.00694297 0.00694302 0.00694306],1.1480312394495449,0.0602004722987642
LAS_1.4Torr_SmallAdmixture_1kHzLaserFreq_CapCoupling,0,35.0,1.4,6.0,4,1.2152971473889973,0.009384442418554718,0.0072542711605483,0.5160891805526586,5.49512264368334e-05,[0.00709938 0.0070007  0.00705533 ... 0.00789341 0.0078965  0.00782275],[0.00630143 0.00630154 0.00630165 ... 0.00685061 0.00685072 0.00685083],2.0297623689933038,0.06022757807281229
LAS_1.4Torr_SmallAdmixture_1kHzLaserFreq_CapCoupling,0,35.0,1.4,6.0,6,1.2531699542842847,0.009777281940955852,0.007329527099089018,0.5321722808197916,4.848870400541347e-05,[0.00682032 0.00673763 0.00663186 ... 0.00776612 0.00812027 0.00793999],[0.00650828 0.00650837 0.00650847 ... 0.00699287 0.00699297 0.00699307],2.245461967636761,0.06023966578991316
LAS_1.4Torr_SmallAdmixture_1kHzLaserFreq_CapCoupling,0,35.0,1.4,6.0,8,1.2565176735219223,0.009596721231689274,0.007175002682666242,0.5335939262846763,2.4934515350399052e-05,[0.00734863 0.0073542  0.00720924 ... 0.00823754 0.0081038  0.00812206],[0.00717108 0.00717113 0.00717118 ... 0.00742028 0.00742033 0.00742038],1.1935509866028327,0.0602406124749499
LAS_1.4Torr_SmallAdmixture_1kHzLaserFreq_CapCoupling,0,35.0,1.4,6.0,10,1.1750015189906209,0.00895013145389046,0.007155809589310092,0.49897720272513557,7.142605186082892e-05,[0.00725589 0.00754247 0.00740521 ... 0.00838343 0.00834502 0.00834082],[0.00683184 0.00683198 0.00683213 ... 0.00754567 0.00754582 0.00754596],1.8829677573521788,0.06020564771614539
LAS_1.4Torr_SmallAdmixture_1kHzLaserFreq_CapCoupling,0,35.0,1.4,2.0,2,1.200910687595743,0.02435102317337966,0.019049092642643435,0.5099798135869696,8.453444216989627e-05,[0.01104004 0.01110815 0.01120879 ... 0.01210937 0.01226423 0.01225544],[0.01035535 0.01035552 0.01035569 ... 0.01120019 0.01120036 0.01120053],3.1299509107217434,0.07724136695539376
LAS_1.4Torr_SmallAdmixture_1kHzLaserFreq_CapCoupling,0,35.0,1.4,2.0,4,1.1945996173329445,0.023799805787246418,0.01871624974421829,0.5072997488082975,6.811093560426126e-05,[0.01143694 0.0113989  0.01154811 ... 0.01216877 0.01215399 0.01223076],[0.01063619 0.01063633 0.01063646 ... 0.01131689 0.01131703 0.01131716],1.4392882118122377,0.07725738712444556
LAS_1.4Torr_SmallAdmixture_1kHzLaserFreq_CapCoupling,0,35.0,1.4,2.0,6,1.211992551409279,0.023991411619082473,0.018596175708659957,0.5146858478492992,5.953626836631208e-05,[0.01134501 0.0113701  0.01149569 ... 0.01217023 0.0123336  0.01227875],[0.01086124 0.01086136 0.01086148 ... 0.01145625 0.01145637 0.01145649],1.3860068585069736,0.07726022470499623
LAS_1.4Torr_SmallAdmixture_1kHzLaserFreq_CapCoupling,0,35.0,1.4,2.0,8,1.1776652199082926,0.02390512331662105,0.019069395627812517,0.5001083723545485,6.841673572920467e-05,[0.01143888 0.01152884 0.0116166  ... 0.0121963  0.01234494 0.01219425],[0.01090455 0.01090469 0.01090482 ... 0.01158831 0.01158844 0.01158858],1.6037438180125438,0.07716536164114152
LAS_1.4Torr_SmallAdmixture_1kHzLaserFreq_CapCoupling,0,35.0,1.4,2.0,10,1.191630801896096,0.023880799744356928,0.018826731810987696,0.506039008972524,8.365356717763711e-05,[0.01134343 0.01139691 0.01147584 ... 0.01243283 0.01234404 0.0125744 ],[0.01081428 0.01081445 0.01081461 ... 0.01165031 0.01165048 0.01165065],2.0143137041032917,0.0772236767128273
LAS_1.4Torr_SmallAdmixture_1kHzLaserFreq_CapCoupling,0,35.0,1.4,4.0,2,1.1934562123577435,0.013717625491734291,0.010797923399901784,0.5068141894222995,4.5043427338980035e-05,[0.00850458 0.0084575  0.00835557 ... 0.0094034  0.00949079 0.00954013],[0.00841263 0.00841272 0.00841281 ... 0.0088628  0.00886289 0.00886298],1.072877625622619,0.06567576273449496
LAS_1.4Torr_SmallAdmixture_1kHzLaserFreq_CapCoupling,0,35.0,1.4,4.0,4,1.2161877956364167,0.013913164548316408,0.010747144058069725,0.5164674040391194,6.842668947209e-05,[0.00846804 0.00847999 0.00858223 ... 0.00969169 0.00969617 0.00966883],[0.00802464 0.00802478 0.00802491 ... 0.0087085  0.00870863 0.00870877],1.5824857410724997,0.06570252207256826
LAS_1.4Torr_SmallAdmixture_1kHzLaserFreq_CapCoupling,0,35.0,1.4,4.0,6,1.149482175021563,0.012794659263743973,0.01045669097078034,0.4881401351441508,5.4837789497421286e-05,[0.00870324 0.00869534 0.00869663 ... 0.01022032 0.01019805 0.01008334],[0.00841829 0.0084184  0.00841851 ... 0.00896634 0.00896645 0.00896656],1.2467781290117754,0.06575335521813873
LAS_1.4Torr_SmallAdmixture_1kHzLaserFreq_CapCoupling,0,35.0,1.4,4.0,8,1.1370727537285934,0.012725254785530033,0.010513468630109726,0.4828703391276122,6.63676525849156e-05,[0.00890277 0.00885314 0.00877672 ... 0.00977239 0.00989098 0.00985702],[0.00839129 0.00839142 0.00839155 ... 0.00905457 0.0090547  0.00905483],1.5431677136461885,0.06566699288887776
LAS_1.4Torr_SmallAdmixture_1kHzLaserFreq_CapCoupling,0,35.0,1.4,4.0,10,1.1749392061058417,0.013061913448572627,0.010443815612730568,0.49895074087939467,7.886301071521378e-05,[0.00900087 0.00903628 0.00908336 ... 0.00996579 0.00987494 0.00984729],[0.00836312 0.00836328 0.00836343 ... 0.00915127 0.00915143 0.00915159],1.615994372887725,0.0657127293523043
LAS_1.4Torr_SmallAdmixture_1kHzLaserFreq_CapCoupling,0,35.0,1.4,10.0,2,1.2369202686957608,0.006314021746766344,0.004795480806282727,0.5252716747107119,6.389402587514669e-05,[0.01023009 0.010292   0.01021913 ... 0.01104557 0.01115544 0.01109043],[0.00937223 0.00937236 0.00937249 ... 0.01001079 0.01001092 0.01001105],3.913335239028315,0.0547117106385113
LAS_1.4Torr_SmallAdmixture_1kHzLaserFreq_CapCoupling,0,35.0,1.4,10.0,4,1.2678475969508576,0.006669800569501319,0.004942123415740933,0.5384053017665705,8.263483520591374e-05,[0.01042945 0.01017759 0.01039841 ... 0.01131485 0.01141896 0.01141835],[0.00917478 0.00917495 0.00917511 ... 0.01000063 0.0100008  0.01000096],4.704729256813773,0.05470220956748359
LAS_1.4Torr_SmallAdmixture_1kHzLaserFreq_CapCoupling,0,35.0,1.4,10.0,6,1.2761430518491295,0.006904342379883931,0.005082656373962421,0.5419280571107747,6.532430340908247e-05,[0.00982499 0.00984052 0.00972316 ... 0.01119222 0.01131107 0.01137536],[0.00942953 0.00942966 0.00942979 ... 0.01008238 0.01008251 0.01008264],3.2439690499841505,0.054680145738318385
LAS_1.4Torr_SmallAdmixture_1kHzLaserFreq_CapCoupling,0,35.0,1.4,10.0,8,1.291528341429722,0.006669048919755627,0.004850960654688035,0.5484615880330455,6.1015201663318976e-05,[0.01054185 0.01056439 0.01051877 ... 0.01150519 0.01147783 0.01157985],[0.00966218 0.0096623  0.00966242 ... 0.01027196 0.01027209 0.01027221],4.11068851388713,0.05467558710887252
LAS_1.4Torr_SmallAdmixture_1kHzLaserFreq_CapCoupling,0,35.0,1.4,10.0,10,1.2557909393920157,0.006547746249399123,0.00489826508951357,0.5332853107149047,9.823799924601106e-05,[0.01021187 0.01016513 0.01018124 ...        nan        nan        nan],[0.00915149 0.00915169 0.00915189 ... 0.01013328 0.01013348 0.01013368],,0.05470354605614718
LAS_1.4Torr_SmallAdmixture_1kHzLaserFreq_CapCoupling,0,30.0,1.4,8.0,2,1.2954409971817586,0.007438156334773356,0.0053940560480051246,0.550123139946659,5.648273574163247e-05,[0.00842061 0.00839639 0.0084801  ... 0.00953033 0.00962564 0.00939217],[0.00776302 0.00776313 0.00776325 ... 0.00832751 0.00832762 0.00832774],2.9634322931709196,0.05447611181397602
LAS_1.4Torr_SmallAdmixture_1kHzLaserFreq_CapCoupling,0,30.0,1.4,8.0,4,1.2607171731249849,0.00735835201093001,0.005483156996844434,0.5353772895662672,7.21426597905401e-05,[0.00832636 0.00840901 0.00825095 ... 0.00969241 0.00951338 0.00961599],[0.00760376 0.0076039  0.00760405 ... 0.00832475 0.0083249  0.00832504],3.5578147470921553,0.054471061103316974
LAS_1.4Torr_SmallAdmixture_1kHzLaserFreq_CapCoupling,0,30.0,1.4,8.0,6,1.2687343673283298,0.0074795865806510115,0.005538277076801873,0.538781878473289,5.7423251523835656e-05,[0.00858801 0.00866711 0.0086882  ... 0.00938944 0.00928729 0.0093435 ],[0.00787314 0.00787325 0.00787337 ... 0.00844703 0.00844714 0.00844726],2.7971489467196755,0.054472132896210494
LAS_1.4Torr_SmallAdmixture_1kHzLaserFreq_CapCoupling,0,30.0,1.4,8.0,8,1.2562678892856198,0.007230326975912788,0.005406839382182034,0.5334878526860463,6.656728854800656e-05,[0.00853966 0.00863275 0.00871905 ... 0.00969873 0.00956736 0.00990546],[0.0078417  0.00784183 0.00784197 ... 0.00850697 0.00850711 0.00850724],3.6819521949476064,0.0544742459004062
LAS_1.4Torr_SmallAdmixture_1kHzLaserFreq_CapCoupling,0,30.0,1.4,8.0,10,1.2474157613291423,0.00731294130499843,0.00550742574515641,0.5297287000598585,6.727771690019248e-05,[0.00838319 0.00844811 0.0083523  ...        nan        nan        nan],[0.00778959 0.00778973 0.00778986 ... 0.00846196 0.0084621  0.00846223],,0.05449356245221713
LAS_1.4Torr_SmallAdmixture_1kHzLaserFreq_CapCoupling,0,35.0,1.4,0.0,2,1.1542022469883106,0.05297203524930406,0.04311541133422538,0.49014456515429444,1.034539152892961e-05,[0.00816226 0.00794773 0.00841631 ... 0.00862014 0.00848421 0.00856125],[0.00830092 0.00830095 0.00830097 ... 0.00840432 0.00840434 0.00840436],0.9010111991948404,0.11744912745713092
LAS_1.4Torr_SmallAdmixture_1kHzLaserFreq_CapCoupling,0,35.0,1.4,0.0,4,1.1437649279963222,0.052652971753618626,0.04324679249111243,0.48571224387606643,2.5223006871099676e-05,[0.00812674 0.00824787 0.00831265 ... 0.00860179 0.00849106 0.00857525],[0.00822368 0.00822373 0.00822378 ... 0.00847576 0.00847581 0.00847586],1.1638016155846267,0.11747865380593892
LAS_1.4Torr_SmallAdmixture_1kHzLaserFreq_CapCoupling,0,35.0,1.4,0.0,6,1.1403815222708082,0.05208261741876757,0.04290524830498172,0.4842754437551173,7.98402404704665e-06,[0.00884575 0.00879427 0.00893599 ... 0.00886743 0.00893355 0.00867466],[0.0086491  0.00864912 0.00864914 ... 0.0087289  0.00872891 0.00872893],1.2284279107680267,0.11749659974905896
LAS_1.4Torr_SmallAdmixture_1kHzLaserFreq_CapCoupling,0,35.0,1.4,0.0,8,1.1668487940353907,0.05368430075744504,0.04322156707044441,0.49551505920702094,1.2930042574641566e-05,[0.00928754 0.00920138 0.00929704 ... 0.00882201 0.00886355 0.00887162],[0.00871277 0.0087128  0.00871282 ... 0.00884199 0.00884202 0.00884205],1.1665626885113107,0.11750454307820996
LAS_1.4Torr_SmallAdmixture_1kHzLaserFreq_CapCoupling,0,35.0,1.4,0.0,10,1.1694917367329407,0.05332453064918105,0.04283489176327738,0.49663741363199165,1.6112088598635357e-05,[0.00864269 0.00862019 0.00874092 ... 0.00865936 0.00873219 0.00875763],[0.00856338 0.00856341 0.00856344 ... 0.0087244  0.00872444 0.00872447],0.9633763162531549,0.11746750980673555
LAS_1.4Torr_SmallAdmixture_1kHzLaserFreq_CapCoupling,0,30.0,1.4,6.0,2,1.2018859428532374,0.00834498052043139,0.0065227369015605175,0.5103939663624874,3.0070534122175167e-05,[0.0075913  0.00751032 0.00748624 ... 0.00832469 0.00833039 0.00826055],[0.00742196 0.00742202 0.00742208 ... 0.00772249 0.00772255 0.00772261],1.212390683561965,0.057237514488736575
LAS_1.4Torr_SmallAdmixture_1kHzLaserFreq_CapCoupling,0,30.0,1.4,6.0,4,1.1039881783335508,0.007753035087861058,0.006597434943186978,0.46882061355947097,3.645482719640721e-05,[0.00761473 0.0075674  0.00754467 ... 0.00852067 0.00840121 0.00848431],[0.00724615 0.00724622 0.00724629 ... 0.00761048 0.00761055 0.00761062],1.3029592796562715,0.05730070060390733
LAS_1.4Torr_SmallAdmixture_1kHzLaserFreq_CapCoupling,0,30.0,1.4,6.0,6,1.235151539225493,0.008890707350118234,0.006762135376479702,0.5245205644617568,2.872382025178432e-05,[0.00753384 0.00749203 0.00755795 ... 0.00836632 0.00823203 0.0083911 ],[0.0073666  0.00736666 0.00736671 ... 0.00765367 0.00765372 0.00765378],1.2355345220832226,0.05727125434662097
LAS_1.4Torr_SmallAdmixture_1kHzLaserFreq_CapCoupling,0,30.0,1.4,6.0,8,1.223514636837224,0.0088060106276381,0.006761418630522801,0.5195788270186665,3.6186848276728397e-05,[0.0077891  0.00792585 0.00791901 ... 0.00862311 0.00872851 0.0085905 ],[0.0074184  0.00741848 0.00741855 ... 0.00778005 0.00778013 0.0077802 ],1.213208635404098,0.05725210244166709
LAS_1.4Torr_SmallAdmixture_1kHzLaserFreq_CapCoupling,0,30.0,1.4,6.0,10,1.208638083403417,0.008449602369900713,0.006567616530931504,0.5132613364464255,5.646415426247453e-05,[0.00770456 0.0078493  0.00782845 ... 0.00829918 0.00836669 0.00837485],[0.0071126  0.00711272 0.00711283 ... 0.00767691 0.00767702 0.00767713],1.344113136802719,0.05720313131313132
LAS_1.4Torr_SmallAdmixture_1kHzLaserFreq_CapCoupling,0,30.0,1.4,4.0,2,1.214004250063988,0.012445160136174053,0.009630483065189021,0.5155401376108264,4.7368122008391025e-05,[0.00807885 0.00792481 0.00815998 ... 0.0089158  0.00884129 0.00892463],[0.00777882 0.00777891 0.00777901 ... 0.00825221 0.00825231 0.0082524 ],1.0613467199726134,0.0623012821718844
LAS_1.4Torr_SmallAdmixture_1kHzLaserFreq_CapCoupling,0,30.0,1.4,4.0,4,1.235809759131571,0.012807278857162893,0.009735831189402135,0.5248000847195646,5.7160844239383434e-05,[0.00866714 0.00853725 0.00848829 ... 0.00925142 0.00926453 0.00946566],[0.00772849 0.0077286  0.00772871 ... 0.00829975 0.00829987 0.00829998],1.2548570966929715,0.06234950028011908
LAS_1.4Torr_SmallAdmixture_1kHzLaserFreq_CapCoupling,0,30.0,1.4,4.0,6,1.2019351271496883,0.012401995360404152,0.009693448929688186,0.5104148530100912,3.883979553056477e-05,[0.00857325 0.00874016 0.00858633 ... 0.00895873 0.00888732 0.00902325],[0.00796177 0.00796185 0.00796193 ... 0.00834994 0.00835002 0.00835009],0.9234281141877654,0.06232350251270987
LAS_1.4Torr_SmallAdmixture_1kHzLaserFreq_CapCoupling,0,30.0,1.4,4.0,8,1.0905297936859664,0.011211187925493245,0.009657881826517676,0.46310536382054346,4.403000687290928e-05,[0.0080184  0.00787922 0.00802589 ... 0.00901701 0.00898596 0.00902494],[0.00799994 0.00800002 0.00800011 ... 0.00843997 0.00844006 0.00844015],0.9069867549430911,0.06233973426316141
LAS_1.4Torr_SmallAdmixture_1kHzLaserFreq_CapCoupling,0,30.0,1.4,4.0,10,1.1951983960819446,0.012194038683592279,0.00958463009557687,0.507554026730835,8.201894906194706e-05,[0.00885336 0.00858571 0.00878466 ... 0.00932177 0.00944297 0.00955331],[0.00768958 0.00768975 0.00768991 ... 0.00850928 0.00850945 0.00850961],1.8428476807804328,0.06234579623779436
LAS_1.4Torr_SmallAdmixture_1kHzLaserFreq_CapCoupling,0,30.0,1.4,10.0,2,1.2676884132919397,0.006599630620260037,0.004890743628570327,0.5383377026906863,7.176723335685029e-05,[0.0108211  0.01089876 0.01078224 ... 0.01180297 0.01162548 0.01179952],[0.00978519 0.00978533 0.00978548 ... 0.01050243 0.01050258 0.01050272],4.421805477996745,0.05270517676767676
LAS_1.4Torr_SmallAdmixture_1kHzLaserFreq_CapCoupling,0,30.0,1.4,10.0,4,1.3012209244496804,0.0067010385514387795,0.0048379220645314355,0.5525776490630215,9.121531969546548e-05,[0.01033143 0.01040695 0.01022389 ... 0.01166181 0.01177539 0.01183809],[0.0095126  0.00951278 0.00951296 ... 0.0104242  0.01042438 0.01042457],4.953474163151225,0.05273031635144401
LAS_1.4Torr_SmallAdmixture_1kHzLaserFreq_CapCoupling,0,30.0,1.4,10.0,6,1.3132611545089932,0.0070684816625234455,0.0050564163531222,0.5576906639979502,7.694096681237824e-05,[0.01062512 0.01079446 0.01067384 ... 0.0119549  0.01182404 0.0121309 ],[0.00981183 0.00981198 0.00981214 ... 0.01058078 0.01058093 0.01058108],4.779583928704785,0.05274486792949553
LAS_1.4Torr_SmallAdmixture_1kHzLaserFreq_CapCoupling,0,30.0,1.4,10.0,8,1.2586483381230684,0.00655177416555359,0.004890151368189802,0.5344987362321039,7.895876469358184e-05,[0.01067562 0.01072927 0.01084624 ... 0.01188439 0.01190573 0.01183007],[0.00984992 0.00985008 0.00985024 ... 0.01063904 0.01063919 0.01063935],4.548174217298076,0.05278378652258215
LAS_1.4Torr_SmallAdmixture_1kHzLaserFreq_CapCoupling,0,30.0,1.4,10.0,10,1.2554502002423171,0.006605659402284746,0.004942930186877498,0.5331406121208794,7.621339466792991e-05,[0.01074241 0.01043808 0.01062743 ...        nan        nan        nan],[0.00986222 0.00986237 0.00986252 ... 0.01062389 0.01062405 0.0106242 ],,0.05275559061001929
LAS_1.4Torr_SmallAdmixture_1kHzLaserFreq_CapCoupling,0,30.0,1.4,2.0,2,1.1984151356497805,0.023423561892378077,0.01836172340204751,0.5089200502512411,7.216533861272461e-05,[0.01060425 0.01067743 0.01075542 ... 0.01229127 0.01222738 0.01225444],[0.01050304 0.01050319 0.01050333 ... 0.01122427 0.01122441 0.01122455],1.5859988845554998,0.07289279346226527
LAS_1.4Torr_SmallAdmixture_1kHzLaserFreq_CapCoupling,0,30.0,1.4,2.0,4,1.1746778746446278,0.023164714835595707,0.01852575683660426,0.4988397636258396,5.560720023564213e-05,[0.01125698 0.01116961 0.01141604 ... 0.01172611 0.01181795 0.01176315],[0.0106138  0.01061391 0.01061402 ... 0.01116954 0.01116965 0.01116976],1.0864386850693044,0.0729318383250556
LAS_1.4Torr_SmallAdmixture_1kHzLaserFreq_CapCoupling,0,30.0,1.4,2.0,6,1.2119592866264182,0.02395261424654653,0.018566612751616567,0.5146717215966664,4.991750507477246e-05,[0.01097692 0.01099526 0.01107091 ... 0.011801   0.01176231 0.01176732],[0.01064453 0.01064463 0.01064473 ... 0.01114341 0.01114351 0.01114361],1.188709907741931,0.07293369402080302
LAS_1.4Torr_SmallAdmixture_1kHzLaserFreq_CapCoupling,0,30.0,1.4,2.0,8,1.1699174009082978,0.02303657285719974,0.01849824209703357,0.49681817656385785,6.112206360468568e-05,[0.01122126 0.01132313 0.0113817  ... 0.01173446 0.01188661 0.01197896],[0.01056645 0.01056658 0.0105667  ... 0.01117731 0.01117743 0.01117755],1.3795933476878737,0.07294874862037827
LAS_1.4Torr_SmallAdmixture_1kHzLaserFreq_CapCoupling,0,30.0,1.4,2.0,10,1.1632932591072536,0.02303031767031441,0.018598525170164255,0.49400516254394483,7.847786545407391e-05,[0.0105109  0.01052451 0.01055872 ... 0.01201867 0.01197105 0.01202223],[0.01035271 0.01035287 0.01035302 ... 0.01113702 0.01113717 0.01113733],1.5941095050738558,0.07291828151924183
LAS_1.4Torr_SmallAdmixture_1kHzLaserFreq_CapCoupling,0,30.0,1.4,0.0,2,1.1326159170968986,0.05453109327465648,0.0452302860106083,0.48097769487180186,4.656204299481063e-06,[0.00826023 0.00823334 0.00807187 ... 0.00799264 0.00814308 0.00799988],[0.00817809 0.00817809 0.0081781  ... 0.00822462 0.00822463 0.00822464],1.2236097924057698,0.1108434021693784
LAS_1.4Torr_SmallAdmixture_1kHzLaserFreq_CapCoupling,0,30.0,1.4,0.0,4,1.1641332032439569,0.05656591855671757,0.045647811133630874,0.4943618539771079,3.414723834741351e-06,[0.00809769 0.00825154 0.00813932 ... 0.00811138 0.00780863 0.00790847],[0.00818262 0.00818263 0.00818263 ... 0.00821675 0.00821675 0.00821676],1.1712925058008319,0.11083579630788487
LAS_1.4Torr_SmallAdmixture_1kHzLaserFreq_CapCoupling,0,30.0,1.4,0.0,6,1.1540124170065478,0.055459257396302294,0.04514725585209204,0.4900639517833647,-3.6043299113031016e-06,[0.00826777 0.00830288 0.00817441 ... 0.00809583 0.0080574  0.00814949],[0.00829821 0.0082982  0.00829819 ... 0.00826218 0.00826218 0.00826217],1.2463952927847022,0.11082943940342095
LAS_1.4Torr_SmallAdmixture_1kHzLaserFreq_CapCoupling,0,30.0,1.4,0.0,8,1.1483999510679213,0.05539098903610818,0.045312053484654016,0.4876805569458399,2.0450262102283046e-05,[0.0083608  0.00817558 0.00830003 ... 0.00828624 0.00830157 0.00812844],[0.00808472 0.00808476 0.0080848  ... 0.0082891  0.00828914 0.00828918],1.3511542324511006,0.11083849760116812
LAS_1.4Torr_SmallAdmixture_1kHzLaserFreq_CapCoupling,0,30.0,1.4,0.0,10,1.1520109818556548,0.05516430633893037,0.04498516649982081,0.4892140205306066,1.692489394381185e-05,[0.00825034 0.00831224 0.00820772 ... 0.00822782 0.00816677 0.00816446],[0.00830542 0.00830546 0.00830549 ... 0.00847457 0.00847461 0.00847464],1.4026923823507855,0.11094655771072798
LAS_1.5Torr_SmallAdmixture_1kHzLaserFreq_CapCoupling,0,80.0,1.5,8.0,3,1.2345584473910902,0.009317477396135075,0.0070901346370989314,0.5242687015494912,-3.4934438168969346e-06,[0.00363198 0.00352046 0.00360169 ... 0.00472731 0.00474637 0.00477596],[0.00364422 0.00364422 0.00364421 ... 0.00360931 0.0036093  0.0036093 ],1.7577339480447136,0.07261990609533842
LAS_1.5Torr_SmallAdmixture_1kHzLaserFreq_CapCoupling,0,80.0,1.5,8.0,6,1.2563144001110904,0.009539482397629525,0.007133361985693914,0.533507604015057,8.608489813368459e-06,[0.00337659 0.0034767  0.00330432 ... 0.00452343 0.00446328 0.00455021],[0.00353575 0.00353577 0.00353579 ... 0.00362179 0.0036218  0.00362182],1.8078939267837595,0.07262366656634564
LAS_1.5Torr_SmallAdmixture_1kHzLaserFreq_CapCoupling,0,80.0,1.5,8.0,9,1.229790555058746,0.009150600156326792,0.006990145495886984,0.5222439640998482,1.2401828741469837e-05,[0.00381677 0.00406397 0.00386198 ... 0.00507566 0.00511462 0.00507459],[0.00367938 0.0036794  0.00367943 ... 0.00380332 0.00380334 0.00380337],2.0059149819737416,0.07263164156550962
LAS_1.5Torr_SmallAdmixture_1kHzLaserFreq_CapCoupling,0,80.0,1.5,8.0,12,1.2211573419180026,0.009013374179964395,0.006933995662039776,0.518577776036365,1.3453305899365237e-05,[0.00390369 0.00396858 0.00396895 ... 0.0048783  0.00487258 0.00497212],[0.00374442 0.00374445 0.00374448 ... 0.00387888 0.0038789  0.00387893],1.7295291935427244,0.07260209023040395
LAS_1.5Torr_SmallAdmixture_1kHzLaserFreq_CapCoupling,0,80.0,1.5,8.0,15,1.3599797600863481,0.010825651955509616,0.007478067918148868,0.5775302290959027,-6.136762219160077e-05,[0.00379501 0.00380651 0.00385843 ...        nan        nan        nan],[0.00441738 0.00441725 0.00441713 ... 0.00380407 0.00380394 0.00380382],,0.07263017700635849
LAS_1.5Torr_SmallAdmixture_1kHzLaserFreq_CapCoupling,0,80.0,1.5,6.0,2,1.234510579091853,0.011655749038097612,0.00886978641010235,0.5242483737544488,4.0169241590928016e-05,[0.00522837 0.00503871 0.00515384 ... 0.00680582 0.0067447  0.00670988],[0.00513939 0.00513947 0.00513955 ... 0.00554084 0.00554092 0.005541  ],1.8199860510386938,0.07698192808127803
LAS_1.5Torr_SmallAdmixture_1kHzLaserFreq_CapCoupling,0,80.0,1.5,6.0,4,1.2764550326419923,0.01194646729793782,0.008792285228583363,0.5420605431550996,4.3771217536663675e-05,[0.00492184 0.00485725 0.0047366  ... 0.00651527 0.00664473 0.00671929],[0.00508254 0.00508263 0.00508272 ... 0.00551999 0.00552008 0.00552017],2.037540853934264,0.07695112155435489
LAS_1.5Torr_SmallAdmixture_1kHzLaserFreq_CapCoupling,0,80.0,1.5,6.0,6,1.2488884629954313,0.01165976934862185,0.008770696752905299,0.5303540988751084,2.503445939641657e-05,[0.00540853 0.00543626 0.00541138 ... 0.00686356 0.00687794 0.00692248],[0.00549234 0.00549239 0.00549244 ... 0.00574253 0.00574258 0.00574263],1.7725158992909764,0.07695668242533393
LAS_1.5Torr_SmallAdmixture_1kHzLaserFreq_CapCoupling,0,80.0,1.5,6.0,8,1.2564443770103826,0.011794895497120067,0.00881898532963842,0.5335628001221083,2.845133004288742e-05,[0.00549002 0.00543805 0.00540005 ... 0.00690355 0.00699114 0.00682565],[0.00544905 0.0054491  0.00544916 ... 0.00573339 0.00573345 0.0057335 ],1.6040381543590445,0.07693645921932589
LAS_1.5Torr_SmallAdmixture_1kHzLaserFreq_CapCoupling,0,80.0,1.5,6.0,10,1.333409104930172,0.01292359284087947,0.009105161232639027,0.5662467107598649,-1.598410907068957e-05,[0.00547556 0.0051714  0.00534543 ...        nan        nan        nan],[0.00566375 0.00566372 0.00566369 ... 0.00550401 0.00550397 0.00550394],,0.07690367293835068
LAS_1.5Torr_SmallAdmixture_1kHzLaserFreq_CapCoupling,0,80.0,1.5,4.0,2,1.2205835647028267,0.016744724242754427,0.012887784687662255,0.5183341152876862,2.4491480326131737e-05,[0.00311241 0.00304531 0.00311975 ... 0.00489325 0.00482664 0.00489827],[0.00370104 0.00370109 0.00370114 ... 0.00394581 0.00394586 0.00394591],1.0833355180167594,0.08958181846733669
LAS_1.5Torr_SmallAdmixture_1kHzLaserFreq_CapCoupling,0,80.0,1.5,4.0,4,1.2655832508105025,0.01756996869673472,0.01304211601151316,0.5374437224963697,1.9886554207937137e-05,[0.00304167 0.0030917  0.00304731 ... 0.00484557 0.00490578 0.00496452],[0.00380533 0.00380537 0.00380541 ... 0.00400407 0.00400411 0.00400415],1.4223306753716751,0.08959271566164154
LAS_1.5Torr_SmallAdmixture_1kHzLaserFreq_CapCoupling,0,80.0,1.5,4.0,6,1.2432968440021617,0.01715990977338596,0.012966057959536838,0.5279795569201642,1.540035896256515e-05,[0.00391856 0.00386233 0.00405549 ... 0.00496481 0.00500305 0.00521469],[0.00396557 0.0039656  0.00396563 ... 0.00411948 0.00411952 0.00411955],1.2883313270194072,0.0896086264688159
LAS_1.5Torr_SmallAdmixture_1kHzLaserFreq_CapCoupling,0,80.0,1.5,4.0,8,1.1565160818755316,0.015813944626968505,0.012845657175621656,0.4911271603602863,2.204190961326413e-05,[0.00323033 0.00322974 0.00325152 ... 0.00520507 0.00508219 0.00508631],[0.00393495 0.003935   0.00393504 ... 0.00415524 0.00415529 0.00415533],1.1323168204413292,0.08960933733805362
LAS_1.5Torr_SmallAdmixture_1kHzLaserFreq_CapCoupling,0,80.0,1.5,4.0,10,1.2729160855403439,0.017938219228894735,0.01323876102167186,0.5405576906933515,-3.5557841957229913e-05,[0.00335951 0.00316108 0.00325876 ...        nan        nan        nan],[0.00428796 0.00428789 0.00428782 ... 0.0039326  0.00393253 0.00393245],,0.0895301999279539
LAS_1.5Torr_SmallAdmixture_1kHzLaserFreq_CapCoupling,0,80.0,1.5,2.0,1,1.2076474744893806,0.030460716230144957,0.023695600717079393,0.5128406635733002,3.947477695436724e-05,[0.00231858 0.00236794 0.00240656 ... 0.00373826 0.00382494 0.00380861],[0.00276329 0.00276337 0.00276345 ... 0.0031578  0.00315788 0.00315796],1.5866570346810873,0.1106066453125
LAS_1.5Torr_SmallAdmixture_1kHzLaserFreq_CapCoupling,0,80.0,1.5,2.0,2,1.1810967867695983,0.029687919524876868,0.023613592587095222,0.5015656246267749,4.260035085142349e-05,[0.00251006 0.00248485 0.00249733 ... 0.00384783 0.00385563 0.00385924],[0.00276276 0.00276285 0.00276293 ... 0.00318851 0.00318859 0.00318868],1.4883634079796342,0.11061718645833335
LAS_1.5Torr_SmallAdmixture_1kHzLaserFreq_CapCoupling,0,80.0,1.5,2.0,3,1.2313430496963382,0.03045944794105255,0.023238642465633595,0.5229032478701169,2.6249307658281713e-05,[0.00284862 0.00263025 0.00277916 ... 0.00419499 0.00423214 0.00422017],[0.00319247 0.00319252 0.00319258 ... 0.00345481 0.00345486 0.00345491],0.9042045073559484,0.11063294635416666
LAS_1.5Torr_SmallAdmixture_1kHzLaserFreq_CapCoupling,0,80.0,1.5,2.0,4,1.0769080150605164,0.026973912532265467,0.023530606728532806,0.45732072704789745,4.201410947438193e-05,[0.00328563 0.00336423 0.00342642 ... 0.00460448 0.00440982 0.00445602],[0.00310258 0.00310267 0.00310275 ... 0.00352247 0.00352256 0.00352264],1.376346937180635,0.1106383453125
LAS_1.5Torr_SmallAdmixture_1kHzLaserFreq_CapCoupling,0,80.0,1.5,2.0,5,1.2162400425318018,0.030717874101919094,0.02372682615651574,0.5164895912527434,9.55713970071797e-06,[0.0026358  0.00268306 0.00270769 ...        nan        nan        nan],[0.0034493  0.00344932 0.00344934 ... 0.00354482 0.00354483 0.00354485],,0.11064435663656111
LAS_1.5Torr_SmallAdmixture_1kHzLaserFreq_CapCoupling,0,80.0,1.5,10.0,2,1.2492600505278992,0.007826388448890753,0.0058854047749028835,0.5305118975711285,-1.2509860700355456e-05,[0.00319036 0.00318006 0.00312771 ... 0.0040231  0.00402939 0.00411404],[0.00304643 0.00304641 0.00304638 ... 0.00292141 0.00292138 0.00292136],2.755602625262843,0.06935075658829232
LAS_1.5Torr_SmallAdmixture_1kHzLaserFreq_CapCoupling,0,80.0,1.5,10.0,4,1.267837864759416,0.007947699306376677,0.005889053494803473,0.5384011688853926,2.1718831586390207e-05,[0.00333397 0.00332816 0.00340238 ... 0.0043413  0.00433699 0.00433537],[0.00269799 0.00269803 0.00269807 ... 0.00291504 0.00291509 0.00291513],2.745151020781931,0.06937019403502616
LAS_1.5Torr_SmallAdmixture_1kHzLaserFreq_CapCoupling,0,80.0,1.5,10.0,6,1.1958802382819629,0.007352575058385702,0.005775898692170047,0.507843578453251,3.97753084514424e-06,[0.00324617 0.00318238 0.00332535 ... 0.0043616  0.00446444 0.00429584],[0.00298728 0.00298729 0.0029873  ... 0.00302704 0.00302704 0.00302705],3.1918440628716644,0.06936918603436461
LAS_1.5Torr_SmallAdmixture_1kHzLaserFreq_CapCoupling,0,80.0,1.5,10.0,8,1.2204763523546724,0.007492052153385085,0.005766857402253544,0.5182885863954125,-3.021294998398073e-06,[0.00308994 0.00308942 0.00307351 ... 0.00401514 0.00428098 0.00409695],[0.00298764 0.00298763 0.00298763 ... 0.00295744 0.00295744 0.00295743],2.7730042360483935,0.0693709399914757
LAS_1.5Torr_SmallAdmixture_1kHzLaserFreq_CapCoupling,0,80.0,1.5,10.0,10,1.4105754517172224,0.009510844953205174,0.006334182471484372,0.5990162410472786,-9.862220940634874e-05,[0.00344231 0.00358239 0.003396   ...        nan        nan        nan],[0.00380787 0.00380767 0.00380747 ... 0.00282224 0.00282204 0.00282184],,0.06938719135360592
LAS_1.5Torr_SmallAdmixture_1kHzLaserFreq_CapCoupling,0,80.0,1.5,0.0,2,1.2333853823180705,0.039640753971313086,0.030193322030801526,0.5237705466796552,7.73011694951375e-05,[0.00347564 0.00369265 0.00355594 ... 0.00574187 0.00577848 0.00566809],[0.00400196 0.00400211 0.00400227 ... 0.0047745  0.00477466 0.00477481],2.1753230818496494,0.1650566187547075
LAS_1.5Torr_SmallAdmixture_1kHzLaserFreq_CapCoupling,0,80.0,1.5,0.0,4,1.2446230823543205,0.040031194679506804,0.03021540989073983,0.5285427584925975,7.155162761853655e-05,[0.00425839 0.00443261 0.00422131 ... 0.00573871 0.00575    0.00579843],[0.00414873 0.00414887 0.00414902 ... 0.00486382 0.00486396 0.0048641 ],2.006527794864285,0.16509216147794795
LAS_1.5Torr_SmallAdmixture_1kHzLaserFreq_CapCoupling,0,80.0,1.5,0.0,6,1.2178856280473913,0.038762726135654256,0.02990030354019571,0.5171884070790576,6.872374030697264e-05,[0.00456644 0.00451779 0.00445151 ... 0.00588236 0.00575774 0.00579998],[0.00422174 0.00422188 0.00422202 ... 0.00490857 0.0049087  0.00490884],1.8105971531668574,0.16504853178090215
LAS_1.5Torr_SmallAdmixture_1kHzLaserFreq_CapCoupling,0,80.0,1.5,0.0,8,1.245172934908648,0.03928871577936202,0.029641894069979732,0.5287762593732647,6.865126334028452e-05,[0.00489117 0.00495935 0.00509185 ... 0.00584812 0.00590197 0.00584731],[0.00420276 0.0042029  0.00420304 ... 0.00488886 0.004889   0.00488914],1.5843686974806424,0.16507782659636788
LAS_1.5Torr_SmallAdmixture_1kHzLaserFreq_CapCoupling,0,80.0,1.5,0.0,10,1.2137740133775288,0.03925533112829537,0.030382856316885996,0.5154423650923085,4.60753197212022e-05,[0.00413249 0.00409851 0.0042228  ...        nan        nan        nan],[0.00436859 0.00436868 0.00436877 ... 0.00482907 0.00482916 0.00482925],,0.16511978628492155
LAS_1.5Torr_SmallAdmixture_1kHzLaserFreq_CapCoupling,0,75.0,1.5,8.0,2,1.2525794551002294,0.009209674352511413,0.006907275523484443,0.5319215189047564,-7.815533178892749e-06,[0.00287408 0.00283033 0.00273121 ... 0.00406046 0.00426901 0.00426281],[0.0032858  0.00328578 0.00328577 ... 0.00320769 0.00320767 0.00320766],1.7136737092471805,0.07119550692253769
LAS_1.5Torr_SmallAdmixture_1kHzLaserFreq_CapCoupling,0,75.0,1.5,8.0,4,1.240589158402135,0.009158188686337389,0.0069350467872796836,0.5268297087159498,2.065190922063248e-05,[0.0033178  0.00316082 0.00316569 ... 0.0039992  0.00406649 0.00406525],[0.00290934 0.00290938 0.00290942 ... 0.00311574 0.00311578 0.00311582],1.8318374380731381,0.07121920586934388
LAS_1.5Torr_SmallAdmixture_1kHzLaserFreq_CapCoupling,0,75.0,1.5,8.0,6,1.2301940489639596,0.008853751630006136,0.00676116450455959,0.5224153121848388,3.1519893617415794e-06,[0.00350969 0.00357207 0.00341027 ... 0.00463119 0.00445351 0.00465888],[0.00332356 0.00332357 0.00332357 ... 0.00335506 0.00335507 0.00335507],1.888199137271068,0.07119517154040024
LAS_1.5Torr_SmallAdmixture_1kHzLaserFreq_CapCoupling,0,75.0,1.5,8.0,8,1.2369293273339457,0.008962190683787757,0.006806707417401114,0.5252755215601576,1.2659130631809359e-05,[0.00339214 0.00358315 0.00363358 ... 0.00423735 0.00433835 0.00430716],[0.00333551 0.00333553 0.00333556 ... 0.00346202 0.00346205 0.00346207],1.643463508291762,0.07115487717607197
LAS_1.5Torr_SmallAdmixture_1kHzLaserFreq_CapCoupling,0,75.0,1.5,8.0,10,1.3406861011103792,0.010497040953578124,0.007355421660343104,0.5693369665080962,-6.957569799719036e-05,[0.00369008 0.00359293 0.00361444 ...        nan        nan        nan],[0.00409219 0.00409205 0.00409191 ... 0.00339685 0.00339671 0.00339657],,0.07112915426942076
LAS_1.5Torr_SmallAdmixture_1kHzLaserFreq_CapCoupling,0,75.0,1.5,6.0,2,1.241743377499844,0.011713494029415801,0.008861809254996713,0.5273198604369465,2.955593241765311e-05,[0.00590749 0.00580275 0.00595403 ... 0.00710375 0.00712057 0.00722693],[0.00587109 0.00587115 0.00587121 ... 0.00616647 0.00616653 0.00616659],1.6277271319752582,0.07509216207118605
LAS_1.5Torr_SmallAdmixture_1kHzLaserFreq_CapCoupling,0,75.0,1.5,6.0,4,1.2777186670915763,0.01203266052281912,0.008846963066450799,0.5425971592979129,4.3004839511051574e-05,[0.00587079 0.00576992 0.0057747  ... 0.00747628 0.00760963 0.00744328],[0.00580257 0.00580265 0.00580274 ... 0.00623236 0.00623244 0.00623253],2.0873980954868485,0.0750567574182859
LAS_1.5Torr_SmallAdmixture_1kHzLaserFreq_CapCoupling,0,75.0,1.5,6.0,6,1.2313359563831936,0.01143367351082612,0.008723223806523924,0.5229002356173719,5.433257601653662e-05,[0.00560182 0.0056709  0.0055632  ... 0.0077577  0.0077433  0.00774043],[0.00579029 0.0057904  0.00579051 ... 0.00633329 0.0063334  0.00633351],2.5566745210652013,0.07507738625713377
LAS_1.5Torr_SmallAdmixture_1kHzLaserFreq_CapCoupling,0,75.0,1.5,6.0,8,1.234807264679881,0.01144138548109633,0.008704568193240536,0.5243743645233204,3.542647101736958e-05,[0.0059629  0.00614284 0.00590122 ... 0.00725625 0.00717399 0.00724144],[0.00591179 0.00591186 0.00591194 ... 0.00626585 0.00626592 0.00626599],1.670013825655086,0.0750356688590986
LAS_1.5Torr_SmallAdmixture_1kHzLaserFreq_CapCoupling,0,75.0,1.5,6.0,10,1.2869835805636807,0.012438931632421695,0.00907983307570647,0.5465316057927331,-1.3349955046579092e-05,[0.00583295 0.00598184 0.0060248  ...        nan        nan        nan],[0.006337   0.00633697 0.00633695 ... 0.00620358 0.00620355 0.00620353],,0.07506674715419111
LAS_1.5Torr_SmallAdmixture_1kHzLaserFreq_CapCoupling,0,75.0,1.5,4.0,2,1.2317815139487243,0.01629097358224497,0.012424563704005388,0.5230894464942161,2.1061076549837612e-05,[0.00287356 0.00291779 0.00273768 ... 0.00478162 0.00464486 0.00467876],[0.00361997 0.00362001 0.00362005 ... 0.00383045 0.0038305  0.00383054],1.0539903803488395,0.08607063280415331
LAS_1.5Torr_SmallAdmixture_1kHzLaserFreq_CapCoupling,0,75.0,1.5,4.0,4,1.2892779699120254,0.01668156391814388,0.012155084766386506,0.547505943238682,4.085672452888879e-05,[0.00279178 0.00257557 0.00259116 ... 0.00470728 0.00477411 0.00475824],[0.00338724 0.00338732 0.0033874  ... 0.00379556 0.00379564 0.00379573],1.4399161601977295,0.0861085919763288
LAS_1.5Torr_SmallAdmixture_1kHzLaserFreq_CapCoupling,0,75.0,1.5,4.0,6,1.2301777130736355,0.015938798845329796,0.012171820098728688,0.5224083749709492,1.583888898019456e-05,[0.00350748 0.00351265 0.00355834 ... 0.00487778 0.00500457 0.00496903],[0.00380696 0.003807   0.00380703 ... 0.00396526 0.00396529 0.00396532],1.4375026411126386,0.08609184027777779
LAS_1.5Torr_SmallAdmixture_1kHzLaserFreq_CapCoupling,0,75.0,1.5,4.0,8,1.0842316407550974,0.014307144991761573,0.012396488768452913,0.46043078452767605,2.6671334446384818e-05,[0.00342592 0.00351456 0.00351688 ... 0.00465263 0.00461963 0.00461352],[0.00364692 0.00364698 0.00364703 ... 0.00391348 0.00391353 0.00391358],1.246333684897695,0.08603243503920588
LAS_1.5Torr_SmallAdmixture_1kHzLaserFreq_CapCoupling,0,75.0,1.5,4.0,10,1.2150374335006193,0.016357384271223147,0.012647130156417953,0.5159788902190401,-2.366764444176881e-05,[0.00326891 0.00353524 0.00341265 ...        nan        nan        nan],[0.00409428 0.00409423 0.00409418 ... 0.00385774 0.00385769 0.00385765],,0.08605352075331078
LAS_1.5Torr_SmallAdmixture_1kHzLaserFreq_CapCoupling,0,75.0,1.5,2.0,2,1.2264841849616765,0.030581765068429117,0.02342439511734496,0.5208398779982174,2.2573129249411045e-05,[0.0021562  0.00209625 0.00220312 ... 0.00366473 0.00338566 0.00344187],[0.00281418 0.00281423 0.00281427 ... 0.00303978 0.00303982 0.00303987],0.9187447743123384,0.10709003126154724
LAS_1.5Torr_SmallAdmixture_1kHzLaserFreq_CapCoupling,0,75.0,1.5,2.0,4,1.1609578411568722,0.02875718992113632,0.023270075178303498,0.49301340185492337,3.1150661910804716e-05,[0.00247341 0.00250135 0.00261237 ... 0.0039249  0.003947   0.00394073],[0.00278692 0.00278699 0.00278705 ... 0.00309824 0.00309831 0.00309837],1.0677113084542726,0.10711877550891868
LAS_1.5Torr_SmallAdmixture_1kHzLaserFreq_CapCoupling,0,75.0,1.5,2.0,6,1.1920907466073773,0.029236346332127506,0.023039952046889266,0.5062343295076333,1.2129678240187046e-05,[0.00309547 0.00308858 0.00306693 ... 0.00377969 0.00358734 0.00382934],[0.0030903  0.00309032 0.00309034 ... 0.00321152 0.00321154 0.00321157],0.6050263226350512,0.1071186637105714
LAS_1.5Torr_SmallAdmixture_1kHzLaserFreq_CapCoupling,0,75.0,1.5,2.0,8,1.2547242572427362,0.031005639007521523,0.023214545319764843,0.5328323325132241,2.462322742710371e-05,[0.00245437 0.00252661 0.00250718 ... 0.00386772 0.00401232 0.00398119],[0.00290436 0.00290441 0.00290446 ... 0.00315045 0.0031505  0.00315054],0.7946248126005973,0.10715958620386203
LAS_1.5Torr_SmallAdmixture_1kHzLaserFreq_CapCoupling,0,75.0,1.5,2.0,10,1.233993101770393,0.030578698374439165,0.02327952169736337,0.5240286213693134,4.238378222716729e-07,[0.00259874 0.00249322 0.00249999 ...        nan        nan        nan],[0.00310824 0.00310824 0.00310824 ... 0.00311248 0.00311248 0.00311248],,0.10718885426908024
LAS_1.5Torr_SmallAdmixture_1kHzLaserFreq_CapCoupling,0,75.0,1.5,10.0,2,1.2844486163825006,0.007856668135400277,0.0057463154528937035,0.5454551056217203,2.0684954237966233e-06,[0.00274161 0.00274018 0.00273892 ... 0.00386179 0.00379459 0.00401491],[0.00279275 0.00279276 0.00279276 ... 0.00281343 0.00281343 0.00281343],2.732303599973136,0.0680556271208398
LAS_1.5Torr_SmallAdmixture_1kHzLaserFreq_CapCoupling,0,75.0,1.5,10.0,4,1.2555449052383842,0.007696402393865238,0.005758684767469517,0.5331808296297574,2.580523143064248e-05,[0.00297302 0.0027978  0.00296983 ... 0.00380698 0.00399934 0.00394184],[0.00252928 0.00252933 0.00252938 ... 0.00278718 0.00278723 0.00278728],2.9387534986430457,0.06803784131939221
LAS_1.5Torr_SmallAdmixture_1kHzLaserFreq_CapCoupling,0,75.0,1.5,10.0,6,1.2399061468664268,0.007375052842146355,0.005587841942555099,0.5265396604223873,1.3524301996625821e-05,[0.00322572 0.00330241 0.00335514 ... 0.00419088 0.00417298 0.00402644],[0.00278565 0.00278568 0.00278571 ... 0.00292081 0.00292084 0.00292087],3.104021008120209,0.06806679026043495
LAS_1.5Torr_SmallAdmixture_1kHzLaserFreq_CapCoupling,0,75.0,1.5,10.0,8,1.2345218816448522,0.007169776211124001,0.005456002969902413,0.5242531735067794,2.0427594803013788e-05,[0.00268749 0.0029102  0.00279877 ... 0.00440016 0.00424936 0.00428415],[0.00275604 0.00275608 0.00275613 ... 0.0029602  0.00296024 0.00296028],2.9425033439501878,0.06806166524580848
LAS_1.5Torr_SmallAdmixture_1kHzLaserFreq_CapCoupling,0,75.0,1.5,10.0,10,1.4487789064060304,0.009679702067564456,0.006276646442578473,0.6152397545040386,-0.00011226116016622947,[0.00346833 0.00339928 0.00351168 ...        nan        nan        nan],[0.00380479 0.00380457 0.00380434 ... 0.00268285 0.00268263 0.0026824 ],,0.06810291990035451
LAS_1.5Torr_SmallAdmixture_1kHzLaserFreq_CapCoupling,0,75.0,1.5,0.0,2,1.2348976553013111,0.04342381049782284,0.03303427307495409,0.5244127498859816,-3.122716175306639e-05,[0.00392736 0.00379941 0.00407889 ... 0.00416416 0.00411197 0.00427108],[0.00465373 0.00465367 0.00465361 ... 0.00434165 0.00434158 0.00434152],0.07686833224761166,0.14897878652299426
LAS_1.5Torr_SmallAdmixture_1kHzLaserFreq_CapCoupling,0,75.0,1.5,0.0,4,1.181836594202793,0.037943228161740845,0.03016092341715844,0.5018797919172886,-9.872115403162332e-05,[0.00327656 0.00324251 0.00333985 ... 0.00411924 0.00397211 0.00400802],[0.00481045 0.00481025 0.00481006 ... 0.00382383 0.00382363 0.00382344],0.16154761223726452,0.15651887877345888
LAS_1.5Torr_SmallAdmixture_1kHzLaserFreq_CapCoupling,0,75.0,1.5,0.0,6,1.2218709577918827,0.03945564636693353,0.030335531600875622,0.518880820795724,0.0001154951978697316,[0.00252591 0.00260554 0.00237459 ... 0.0048931  0.00490054 0.00481838],[0.00213187 0.0021321  0.00213233 ... 0.00328613 0.00328636 0.00328659],0.4195789775235241,0.15817098276898417
LAS_1.5Torr_SmallAdmixture_1kHzLaserFreq_CapCoupling,0,75.0,1.5,0.0,8,1.2448384444200502,0.03991374091342328,0.03012154413651507,0.5286342143412871,8.85125988999459e-05,[0.00406118 0.00404159 0.00409486 ... 0.00662396 0.00674063 0.00669977],[0.00376327 0.00376345 0.00376362 ... 0.00464787 0.00464804 0.00464822],0.27221745492392335,0.16599277031990917
LAS_1.5Torr_SmallAdmixture_1kHzLaserFreq_CapCoupling,0,75.0,1.5,0.0,10,1.2397306307763516,0.042382661864150586,0.03211653526764229,0.5264651256015862,1.1291766423191538e-05,[0.00598213 0.00581644 0.00593623 ...        nan        nan        nan],[0.00589364 0.00589366 0.00589368 ... 0.00600649 0.00600651 0.00600653],,0.16575536077381292
LAS_1.5Torr_SmallAdmixture_1kHzLaserFreq_CapCoupling,0,70.0,1.5,8.0,2,1.2663084241414033,0.00884102031064132,0.006558895055277448,0.5377516752558306,-4.838971737128295e-06,[0.00305721 0.003044   0.00303861 ... 0.00375594 0.00387782 0.00386732],[0.00313539 0.00313538 0.00313537 ... 0.00308703 0.00308702 0.00308701],1.4734982598937014,0.06957289002156686
LAS_1.5Torr_SmallAdmixture_1kHzLaserFreq_CapCoupling,0,70.0,1.5,8.0,4,1.2419923056465951,0.00882196316941693,0.006672892444652411,0.5274255704878169,3.143084590640927e-05,[0.00334707 0.00333878 0.0034327  ... 0.00393648 0.00391582 0.0037014 ],[0.00285798 0.00285804 0.0028581  ... 0.0031721  0.00317216 0.00317222],1.8363319630118038,0.06953558165730431
LAS_1.5Torr_SmallAdmixture_1kHzLaserFreq_CapCoupling,0,70.0,1.5,8.0,6,1.2125114593559503,0.008546064412664124,0.006621373706183043,0.5149062077650245,1.392529860735875e-05,[0.00353385 0.00349189 0.00347642 ... 0.00473902 0.00468903 0.00483258],[0.00323506 0.00323508 0.00323511 ... 0.00337422 0.00337425 0.00337428],1.9807876269022369,0.06958831832923751
LAS_1.5Torr_SmallAdmixture_1kHzLaserFreq_CapCoupling,0,70.0,1.5,8.0,8,1.2364847863734973,0.008657961878381108,0.006578012310177183,0.5250867423957427,7.658359368000971e-06,[0.00317843 0.0033079  0.00323944 ... 0.00459594 0.00446585 0.00451247],[0.00342217 0.00342219 0.0034222  ... 0.00349871 0.00349873 0.00349874],1.3612448915028599,0.06952770141358983
LAS_1.5Torr_SmallAdmixture_1kHzLaserFreq_CapCoupling,0,70.0,1.5,8.0,10,1.3650145473456672,0.01014360248172402,0.006981081872110417,0.5796683063854787,-6.868182552228298e-05,[0.00356678 0.00354236 0.00357514 ...        nan        nan        nan],[0.00413398 0.00413384 0.0041337  ... 0.00344757 0.00344743 0.0034473 ],,0.06956961641349002
LAS_1.5Torr_SmallAdmixture_1kHzLaserFreq_CapCoupling,0,70.0,1.5,6.0,2,1.2423615356154065,0.01177182581716694,0.00890150869451022,0.5275823680187325,3.001317163006378e-05,[0.00595173 0.00591169 0.00585723 ... 0.0072866  0.00717862 0.00716801],[0.00572123 0.00572129 0.00572135 ... 0.00602118 0.00602124 0.0060213 ],1.8493695977438855,0.07398527061080186
LAS_1.5Torr_SmallAdmixture_1kHzLaserFreq_CapCoupling,0,70.0,1.5,6.0,4,1.260126756358954,0.011854948622827616,0.008837984446527319,0.5351265626509444,5.219456673686649e-05,[0.00587539 0.00598257 0.00581738 ... 0.00716275 0.00707077 0.00724824],[0.00562202 0.00562213 0.00562223 ... 0.00614366 0.00614376 0.00614387],2.2542248217611305,0.07397339651973323
LAS_1.5Torr_SmallAdmixture_1kHzLaserFreq_CapCoupling,0,70.0,1.5,6.0,6,1.2288048906482023,0.011544222365434067,0.0088257077476036,0.5218253909640268,4.027735606696057e-05,[0.00597496 0.00577998 0.00576355 ... 0.00758981 0.00754896 0.0074499 ],[0.00578769 0.00578777 0.00578785 ... 0.00619022 0.0061903  0.00619038],2.3286128929557983,0.07398445048309178
LAS_1.5Torr_SmallAdmixture_1kHzLaserFreq_CapCoupling,0,70.0,1.5,6.0,8,1.2071360978170222,0.011416028470400836,0.008884369160350259,0.5126235018953038,3.6815054596751035e-05,[0.00582631 0.00576832 0.00578871 ... 0.0069667  0.00707012 0.00713478],[0.00581897 0.00581904 0.00581911 ... 0.0061869  0.00618697 0.00618704],2.0829031110616967,0.07401532803018906
LAS_1.5Torr_SmallAdmixture_1kHzLaserFreq_CapCoupling,0,70.0,1.5,6.0,10,1.3065829147049455,0.01275991352243512,0.009174418478192245,0.5548546766713858,-2.4929699491011427e-05,[0.00582303 0.00585802 0.00581254 ...        nan        nan        nan],[0.0062497  0.00624965 0.0062496  ... 0.00600055 0.0060005  0.00600045],,0.07401512243104898
LAS_1.5Torr_SmallAdmixture_1kHzLaserFreq_CapCoupling,0,70.0,1.5,4.0,3,1.1742711883041197,0.015247532983178672,0.012198290339804206,0.49866705983840315,1.0947588739300613e-05,[0.00257977 0.0025796  0.00255206 ... 0.00390774 0.00394314 0.00380187],[0.00301953 0.00301955 0.00301957 ... 0.00312894 0.00312896 0.00312898],0.7377389988690889,0.0822930529805749
LAS_1.5Torr_SmallAdmixture_1kHzLaserFreq_CapCoupling,0,70.0,1.5,4.0,6,1.2034241133138714,0.015473316510083336,0.012079041955261046,0.5110471672148752,1.4064878190528397e-05,[0.00253305 0.00252435 0.00263249 ... 0.00386615 0.00378906 0.00365551],[0.0029812  0.00298123 0.00298126 ... 0.00312177 0.00312179 0.00312182],0.943325893592393,0.08230166679194227
LAS_1.5Torr_SmallAdmixture_1kHzLaserFreq_CapCoupling,0,70.0,1.5,4.0,9,1.1971789907468233,0.01503857307195116,0.011800905521593278,0.5083951078440428,-7.581675886503115e-07,[0.0032345  0.00332404 0.00329633 ... 0.00395391 0.00396031 0.00402188],[0.00335047 0.00335047 0.00335047 ... 0.00334289 0.00334289 0.00334289],0.8022381974402438,0.08232397310467504
LAS_1.5Torr_SmallAdmixture_1kHzLaserFreq_CapCoupling,0,70.0,1.5,4.0,12,1.306691543850028,0.016420103233373326,0.011805125065765348,0.5549008072219184,2.4277595773051923e-05,[0.00282821 0.00279876 0.00285776 ... 0.00416383 0.00411535 0.00417481],[0.00307271 0.00307276 0.00307281 ... 0.00331535 0.00331539 0.00331544],0.9962989352641902,0.08231059903793154
LAS_1.5Torr_SmallAdmixture_1kHzLaserFreq_CapCoupling,0,70.0,1.5,4.0,15,1.2938413563843159,0.01621787860075396,0.011775539299153523,0.5494438350457098,-3.409144273014732e-05,[0.00278723 0.00264215 0.00280609 ...        nan        nan        nan],[0.00364558 0.00364551 0.00364544 ... 0.00330487 0.0033048  0.00330473],,0.08234696538984285
LAS_1.5Torr_SmallAdmixture_1kHzLaserFreq_CapCoupling,0,70.0,1.5,2.0,2,1.216757806597223,0.029568861089525222,0.02282959702052425,0.5167094654068274,4.543918203340761e-07,[0.0021255  0.00211046 0.00197521 ... 0.00339769 0.00353365 0.00352954],[0.00316359 0.00316359 0.00316359 ... 0.00316813 0.00316813 0.00316813],0.49887630992754434,0.105467528703098
LAS_1.5Torr_SmallAdmixture_1kHzLaserFreq_CapCoupling,0,70.0,1.5,2.0,4,1.2297414884454918,0.029781319071094606,0.022750863988171655,0.5222231274276966,3.538422995480062e-05,[0.00255795 0.00257975 0.00250289 ... 0.00373954 0.00382487 0.00354199],[0.0028001  0.00280017 0.00280024 ... 0.00315373 0.0031538  0.00315387],0.8959222507719549,0.10548952986883377
LAS_1.5Torr_SmallAdmixture_1kHzLaserFreq_CapCoupling,0,70.0,1.5,2.0,6,1.1898728607958753,0.02877537495098872,0.022718948240770455,0.5052924801225042,2.7034014187456124e-05,[0.00249098 0.0024595  0.00262362 ... 0.00410823 0.0040358  0.00417656],[0.00309479 0.00309484 0.0030949  ... 0.00336497 0.00336502 0.00336508],0.5903514598954533,0.10549941241466648
LAS_1.5Torr_SmallAdmixture_1kHzLaserFreq_CapCoupling,0,70.0,1.5,2.0,8,1.2245374732710357,0.029901297508826113,0.022939594887401882,0.5200131856593491,3.50191314958464e-05,[0.00212699 0.00225592 0.00242907 ... 0.00404244 0.00387949 0.00398941],[0.00302813 0.0030282  0.00302827 ... 0.00337811 0.00337818 0.00337825],0.7554384669447413,0.10547292337593722
LAS_1.5Torr_SmallAdmixture_1kHzLaserFreq_CapCoupling,0,70.0,1.5,2.0,10,1.2236373080170295,0.030012834866304357,0.02304210220474136,0.5196309206723044,9.317110545157594e-06,[0.00286357 0.00275581 0.00293884 ...        nan        nan        nan],[0.00339662 0.00339663 0.00339665 ... 0.00348973 0.00348975 0.00348977],,0.10544704621647509
LAS_1.5Torr_SmallAdmixture_1kHzLaserFreq_CapCoupling,0,70.0,1.5,0.0,2,1.2392153879895746,0.04761740865010114,0.036098299968299455,0.5262463221359608,-0.000523957442252513,[0.00815094 0.00823046 0.0080754  ... 0.00383576 0.00371343 0.00385302],[0.01264315 0.0126421  0.01264105 ... 0.00740672 0.00740567 0.00740462],0.10645706215674906,0.15235181568287037
LAS_1.5Torr_SmallAdmixture_1kHzLaserFreq_CapCoupling,0,70.0,1.5,0.0,4,1.2039269506078765,0.044027531294593476,0.03435516097249334,0.5112607025527733,4.86230147671603e-05,[0.00363342 0.00360857 0.00357246 ... 0.00472541 0.00487683 0.00482508],[0.00331283 0.00331293 0.00331302 ... 0.00379877 0.00379887 0.00379896],0.19628441262289462,0.13792362751503576
LAS_1.5Torr_SmallAdmixture_1kHzLaserFreq_CapCoupling,0,70.0,1.5,0.0,6,1.2190177845240575,0.04210719518994693,0.03244995221982189,0.5176691896675425,5.138006531770986e-05,[0.00189796 0.00205218 0.00206151 ... 0.00455057 0.00452575 0.00454426],[0.00270272 0.00270282 0.00270293 ... 0.00321621 0.00321632 0.00321642],0.08979454095612148,0.1419730811596388
LAS_1.5Torr_SmallAdmixture_1kHzLaserFreq_CapCoupling,0,70.0,1.5,0.0,8,1.2186548740746495,0.04115323503502638,0.0317242264019568,0.5175150757894252,-5.057804938790099e-05,[0.0038626  0.00402538 0.004271   ... 0.00517177 0.00498902 0.00527359],[0.00517337 0.00517327 0.00517317 ... 0.0046679  0.0046678  0.00466769],0.0937654536485283,0.15766022306545374
LAS_1.5Torr_SmallAdmixture_1kHzLaserFreq_CapCoupling,0,70.0,1.5,0.0,10,1.2828969796373537,0.04185301210918854,0.030648041444726166,0.5447961861648297,0.00016863516183850653,[0.00347599 0.00348184 0.00325461 ...        nan        nan        nan],[0.00252515 0.00252549 0.00252582 ... 0.00421049 0.00421083 0.00421116],,0.1619701195721032
LAS_1.5Torr_SmallAdmixture_1kHzLaserFreq_CapCoupling,0,70.0,1.5,10.0,2,1.2305957525978803,0.007363548052983641,0.0056213354628158844,0.5225859000116108,5.615755913295045e-06,[0.00328509 0.00307955 0.00300796 ... 0.00375749 0.00361248 0.00386052],[0.00252426 0.00252427 0.00252429 ... 0.00258039 0.0025804  0.00258041],2.8127111839340047,0.06655508848262949
LAS_1.5Torr_SmallAdmixture_1kHzLaserFreq_CapCoupling,0,70.0,1.5,10.0,4,1.2205821221796258,0.0072125038378838885,0.00555119959153006,0.5183335027044853,1.4683420114317823e-05,[0.00328897 0.00320292 0.003199   ... 0.00370621 0.00362167 0.00365021],[0.00245208 0.00245211 0.00245214 ... 0.00259883 0.00259886 0.00259889],2.9253233978511264,0.06655137331979136
LAS_1.5Torr_SmallAdmixture_1kHzLaserFreq_CapCoupling,0,70.0,1.5,10.0,6,1.2105863279304199,0.0070758296384457265,0.005490974073239207,0.5140886797209632,1.5024546371646882e-05,[0.00291769 0.00285806 0.00287058 ... 0.00383279 0.00368188 0.00388141],[0.0024787  0.00247873 0.00247876 ... 0.00262885 0.00262888 0.00262891],2.995856349633557,0.06656070641906577
LAS_1.5Torr_SmallAdmixture_1kHzLaserFreq_CapCoupling,0,70.0,1.5,10.0,8,1.2377272655126081,0.007162580739499612,0.005436411999533115,0.5256143747053676,3.3234675471806392e-06,[0.00292187 0.00288457 0.00285733 ... 0.00373506 0.00374047 0.00364084],[0.00269365 0.00269365 0.00269366 ... 0.00272686 0.00272687 0.00272687],2.82296708066861,0.06662275424082895
LAS_1.5Torr_SmallAdmixture_1kHzLaserFreq_CapCoupling,0,70.0,1.5,10.0,10,1.3606811769996454,0.008721546898150427,0.006021503363570053,0.5778280934336798,-9.141161152411076e-05,[0.00272905 0.00266468 0.00264818 ...        nan        nan        nan],[0.00355034 0.00355016 0.00354998 ... 0.00263678 0.00263659 0.00263641],,0.06659206094013169
LAS_1.5Torr_SmallAdmixture_1kHzLaserFreq_CapCoupling,0,65.0,1.5,8.0,1,1.2898847964157703,0.008839129039299362,0.006437634859972315,0.5477636387279935,3.3516596298504554e-05,[0.00343203 0.00343705 0.00346838 ... 0.00489253 0.00492297 0.00495767],[0.00326806 0.00326813 0.00326819 ... 0.00360302 0.00360309 0.00360316],1.9367367709845742,0.0680165484375
LAS_1.5Torr_SmallAdmixture_1kHzLaserFreq_CapCoupling,0,65.0,1.5,8.0,2,1.243692164301041,0.008562614423202327,0.006467869962667455,0.5281474339941314,2.1441465094866625e-05,[0.00404185 0.00392092 0.00381799 ... 0.00454667 0.00446843 0.00453455],[0.00346003 0.00346007 0.00346011 ... 0.00367431 0.00367436 0.0036744 ],1.9208584673091595,0.06807318020833333
LAS_1.5Torr_SmallAdmixture_1kHzLaserFreq_CapCoupling,0,65.0,1.5,8.0,3,1.2403472659144874,0.008362144006442238,0.00633347613639057,0.5267269864344074,2.530950193294825e-05,[0.00377234 0.00376775 0.0038629  ... 0.00492241 0.00490166 0.0049425 ],[0.00346332 0.00346337 0.00346342 ... 0.00371626 0.00371631 0.00371636],2.1246638988368596,0.06810109166666667
LAS_1.5Torr_SmallAdmixture_1kHzLaserFreq_CapCoupling,0,65.0,1.5,8.0,4,1.2437836491263778,0.008525276086255954,0.006439192356533171,0.5281862840224085,1.631661316450369e-05,[0.00333468 0.00321628 0.00332364 ... 0.00472403 0.0046546  0.00479179],[0.00351671 0.00351674 0.00351678 ... 0.00367978 0.00367981 0.00367985],1.375951419070768,0.06806516458333334
LAS_1.5Torr_SmallAdmixture_1kHzLaserFreq_CapCoupling,0,65.0,1.5,8.0,5,1.3558989773745036,0.009717227711519937,0.0067326003707824525,0.5757972802361987,-4.910236775403109e-05,[0.00350638 0.00342534 0.00358682 ...        nan        nan        nan],[0.00401505 0.00401495 0.00401485 ... 0.00352432 0.00352422 0.00352412],,0.0680992289773052
LAS_1.5Torr_SmallAdmixture_1kHzLaserFreq_CapCoupling,0,65.0,1.5,6.0,2,1.2424057678170484,0.01132126152111953,0.00856050043419773,0.5276011517052971,2.380829908526712e-05,[0.00559884 0.00576238 0.00578344 ... 0.00714639 0.00717014 0.00712481],[0.00582414 0.00582419 0.00582424 ... 0.00606208 0.00606213 0.00606218],1.5842092221968604,0.07235851640304627
LAS_1.5Torr_SmallAdmixture_1kHzLaserFreq_CapCoupling,0,65.0,1.5,6.0,4,1.2426616591588997,0.011253442288743459,0.00850746711449709,0.5277098187528667,3.782469834118537e-05,[0.00519535 0.0054385  0.00536189 ... 0.00729382 0.00721343 0.00726134],[0.00567386 0.00567393 0.00567401 ... 0.00605188 0.00605195 0.00605203],1.7784147912178412,0.07242808184785338
LAS_1.5Torr_SmallAdmixture_1kHzLaserFreq_CapCoupling,0,65.0,1.5,6.0,6,1.2085526753945317,0.01073458496344572,0.008344252998933268,0.5132250670044928,2.941468965804006e-05,[0.00639158 0.00635127 0.00637527 ... 0.00735726 0.00729118 0.00752352],[0.00599932 0.00599938 0.00599944 ... 0.0062933  0.00629335 0.00629341],1.8104892566179078,0.07241396416779795
LAS_1.5Torr_SmallAdmixture_1kHzLaserFreq_CapCoupling,0,65.0,1.5,6.0,8,1.2745291566888004,0.011601742479882965,0.008551479051127438,0.5412426989392514,3.3024548643605896e-05,[0.00612979 0.00611475 0.00627702 ... 0.00729483 0.00723937 0.00719761],[0.00607332 0.00607339 0.00607345 ... 0.00640337 0.00640343 0.0064035 ],1.5982185649674958,0.07238033010290446
LAS_1.5Torr_SmallAdmixture_1kHzLaserFreq_CapCoupling,0,65.0,1.5,6.0,10,1.2930511300318417,0.012178215837284147,0.008847809402025338,0.5491082568115506,-1.577545190489655e-05,[0.00634412 0.00619915 0.0062285  ...        nan        nan        nan],[0.00645614 0.00645611 0.00645608 ... 0.00629848 0.00629845 0.00629842],,0.07240820731754063
LAS_1.5Torr_SmallAdmixture_1kHzLaserFreq_CapCoupling,0,65.0,1.5,4.0,2,1.2263293114529723,0.015449874916213765,0.01183547380951145,0.5207741092746027,-7.116100177689959e-06,[0.00260085 0.00263614 0.00264767 ... 0.00354325 0.00356887 0.00358052],[0.0031197  0.00311969 0.00311967 ... 0.00304858 0.00304857 0.00304855],0.9286616850130391,0.07919342464552333
LAS_1.5Torr_SmallAdmixture_1kHzLaserFreq_CapCoupling,0,65.0,1.5,4.0,4,1.209357476485972,0.0152196887954636,0.011822759856094336,0.5135668345604207,2.710112875024859e-05,[0.00272492 0.00254947 0.00252975 ... 0.00393227 0.00360205 0.00379672],[0.00272599 0.00272605 0.0027261  ... 0.00299684 0.0029969  0.00299695],1.0235131315936226,0.07917281207725838
LAS_1.5Torr_SmallAdmixture_1kHzLaserFreq_CapCoupling,0,65.0,1.5,4.0,6,1.2008879439393334,0.014518815324839965,0.011357859346949606,0.5099701552453662,6.23358691692793e-06,[0.0030299  0.002831   0.00281109 ... 0.00391897 0.00378823 0.00384209],[0.00317255 0.00317256 0.00317257 ... 0.00323485 0.00323486 0.00323487],0.8430257049182769,0.07909828098135444
LAS_1.5Torr_SmallAdmixture_1kHzLaserFreq_CapCoupling,0,65.0,1.5,4.0,8,1.1397625703195071,0.01391348530065932,0.011468043528061174,0.48401259906233185,1.889204719654022e-05,[0.00274901 0.00277216 0.00288832 ... 0.00369796 0.0037688  0.00389547],[0.0030074  0.00300744 0.00300748 ... 0.00319621 0.00319625 0.00319629],0.8471198437776314,0.07919909036089272
LAS_1.5Torr_SmallAdmixture_1kHzLaserFreq_CapCoupling,0,65.0,1.5,4.0,10,1.2622231912025146,0.01574044903345546,0.011715174232706252,0.5360168365587041,-3.340608226798265e-05,[0.00258472 0.00256616 0.00279322 ...        nan        nan        nan],[0.00351448 0.00351441 0.00351435 ... 0.00318062 0.00318055 0.00318049],,0.07920098355407755
LAS_1.5Torr_SmallAdmixture_1kHzLaserFreq_CapCoupling,0,65.0,1.5,2.0,2,1.2049542852296855,0.029983825278080918,0.023376756752955866,0.5116969713980198,1.9608555153065976e-05,[0.00249628 0.00233307 0.00244616 ... 0.00394778 0.0038698  0.00384061],[0.00307131 0.00307135 0.00307139 ... 0.00326728 0.00326731 0.00326735],0.6593118365037272,0.10400685286360212
LAS_1.5Torr_SmallAdmixture_1kHzLaserFreq_CapCoupling,0,65.0,1.5,2.0,4,1.206608346455863,0.0299346415678406,0.023306417775032614,0.5123993865272217,2.2673707490459803e-05,[0.00240001 0.00241174 0.00242174 ... 0.0037465  0.00392431 0.00371237],[0.00303937 0.00303941 0.00303946 ... 0.00326597 0.00326601 0.00326606],0.643422934531049,0.10393601168048228
LAS_1.5Torr_SmallAdmixture_1kHzLaserFreq_CapCoupling,0,65.0,1.5,2.0,6,1.195066491986502,0.02919008333973594,0.02294621482702177,0.5074980122189316,8.76702850187481e-06,[0.00325441 0.00330925 0.00331963 ... 0.00403938 0.00392799 0.00402526],[0.0033654  0.00336542 0.00336543 ... 0.00345302 0.00345303 0.00345305],0.5926519405124683,0.10396137538725614
LAS_1.5Torr_SmallAdmixture_1kHzLaserFreq_CapCoupling,0,65.0,1.5,2.0,8,1.2510754825482373,0.03152039872791351,0.02366878579073849,0.5312828405670356,1.0714042459241839e-05,[0.00319267 0.00319055 0.00327187 ... 0.00407542 0.00398682 0.00413213],[0.00345292 0.00345294 0.00345296 ... 0.00355999 0.00356001 0.00356004],0.8332314289268741,0.10404035778257666
LAS_1.5Torr_SmallAdmixture_1kHzLaserFreq_CapCoupling,0,65.0,1.5,2.0,10,1.2194188958134824,0.030302331878866114,0.023344840969964684,0.5178395259487676,1.5840203320429694e-05,[0.00285585 0.00275134 0.0027801  ...        nan        nan        nan],[0.0034011  0.00340113 0.00340116 ... 0.00355941 0.00355944 0.00355947],,0.10410289619598413
LAS_1.5Torr_SmallAdmixture_1kHzLaserFreq_CapCoupling,0,65.0,1.5,10.0,2,1.2458582782512095,0.007149933129482784,0.005391394702994797,0.5290672978940245,6.344818047641943e-06,[0.00282496 0.00284942 0.0027789  ... 0.00338882 0.00362609 0.00361265],[0.00255616 0.00255617 0.00255618 ... 0.00261957 0.00261958 0.00261959],2.6022674922340125,0.065193739130253
LAS_1.5Torr_SmallAdmixture_1kHzLaserFreq_CapCoupling,0,65.0,1.5,10.0,4,1.25946245980466,0.007257620303648206,0.005413483359362754,0.5348444618782353,1.3425080962291827e-05,[0.00289022 0.00287735 0.00284734 ... 0.00341207 0.00333167 0.00338823],[0.00257726 0.00257729 0.00257731 ... 0.00271143 0.00271146 0.00271148],2.4374162619159185,0.06521729564875667
LAS_1.5Torr_SmallAdmixture_1kHzLaserFreq_CapCoupling,0,65.0,1.5,10.0,6,1.2341537591424485,0.0068794720336861,0.0052366509750836265,0.5240968462735454,1.9194484209766663e-05,[0.00292404 0.00304464 0.00298827 ... 0.00391773 0.00404485 0.00380553],[0.00260869 0.00260872 0.00260876 ... 0.00280052 0.00280055 0.00280059],2.881353167993782,0.0651896206458302
LAS_1.5Torr_SmallAdmixture_1kHzLaserFreq_CapCoupling,0,65.0,1.5,10.0,8,1.205929693176456,0.006775501931289864,0.005278217405352344,0.5121111890147031,2.9351890852374234e-07,[0.00281814 0.00294295 0.00299975 ... 0.00404392 0.003882   0.00399002],[0.00286416 0.00286416 0.00286416 ... 0.00286709 0.00286709 0.00286709],2.393426119639532,0.06523686746433888
LAS_1.5Torr_SmallAdmixture_1kHzLaserFreq_CapCoupling,0,65.0,1.5,10.0,10,1.3916181425772072,0.008675040793278306,0.005856244946873918,0.5909658130835714,-7.198813112564278e-05,[0.00305047 0.00303728 0.00300485 ...        nan        nan        nan],[0.00342274 0.0034226  0.00342245 ... 0.00270329 0.00270315 0.00270301],,0.06519468396983773
LAS_1.5Torr_SmallAdmixture_1kHzLaserFreq_CapCoupling,0,65.0,1.5,0.0,3,1.1677273145457638,0.04262853121167189,0.034294677239809265,0.495888132517751,0.0001624151426579091,[0.00288521 0.00286993 0.00308618 ... 0.0058632  0.00584963 0.00586626],[0.00244855 0.00244887 0.0024492  ... 0.00407173 0.00407205 0.00407238],0.1445818238708613,0.14510805565357665
LAS_1.5Torr_SmallAdmixture_1kHzLaserFreq_CapCoupling,0,65.0,1.5,0.0,6,1.215652874673337,0.04485818207096092,0.034665692295986233,0.5162402440214321,-8.746226557220783e-05,[0.00402592 0.00405351 0.00403472 ... 0.00358488 0.0034075  0.00345888],[0.00521473 0.00521456 0.00521438 ... 0.00434063 0.00434046 0.00434028],0.04290673894083792,0.14681056023256203
LAS_1.5Torr_SmallAdmixture_1kHzLaserFreq_CapCoupling,0,65.0,1.5,0.0,9,1.1836931832651785,0.040386754489875075,0.03205291985277863,0.5026682126997187,0.00010189418457699012,[0.00141451 0.0013534  0.00155474 ... 0.00349817 0.00331149 0.00331189],[0.00090087 0.00090108 0.00090128 ... 0.0019192  0.00191941 0.00191961],0.0701139966929738,0.145067975878409
LAS_1.5Torr_SmallAdmixture_1kHzLaserFreq_CapCoupling,0,65.0,1.5,0.0,12,1.164494784495735,0.04272323425232976,0.03446627624067594,0.4945154033969632,-9.452519568038884e-05,[0.00492619 0.00487923 0.00491163 ... 0.00478599 0.00465603 0.0047011 ],[0.00546251 0.00546232 0.00546213 ... 0.00451783 0.00451764 0.00451745],0.04999978613006841,0.14128123477172289
LAS_1.5Torr_SmallAdmixture_1kHzLaserFreq_CapCoupling,0,65.0,1.5,0.0,15,1.2094575959331404,0.04486633431687844,0.034849594692369104,0.5136093513749772,1.683510058923559e-05,[0.00299864 0.00310681 0.00316732 ...        nan        nan        nan],[0.00348892 0.00348895 0.00348899 ... 0.00365717 0.0036572  0.00365724],,0.13909545887171204
LAS_1.5Torr_SmallAdmixture_1kHzLaserFreq_CapCoupling,0,60.0,1.5,8.0,2,1.282780799047637,0.008584897233355726,0.006287101039248072,0.5447468488110213,2.9132308092271977e-06,[0.00350207 0.00332698 0.00343207 ... 0.00413304 0.00408843 0.00400624],[0.00339104 0.00339104 0.00339105 ... 0.00342015 0.00342016 0.00342016],1.3671479661757682,0.06650566642068574
LAS_1.5Torr_SmallAdmixture_1kHzLaserFreq_CapCoupling,0,60.0,1.5,8.0,4,1.2524086717142449,0.008293671871476017,0.006221119918231445,0.5318489938783345,2.3609909962115597e-05,[0.00328242 0.00335218 0.00311652 ... 0.0046128  0.00444567 0.00442962],[0.00323541 0.00323545 0.0032355  ... 0.00347136 0.00347141 0.00347146],1.6284449328261088,0.06650724966229737
LAS_1.5Torr_SmallAdmixture_1kHzLaserFreq_CapCoupling,0,60.0,1.5,8.0,6,1.2181477914299057,0.007858417448977842,0.006060422516128168,0.5172997376170609,1.0955311973216176e-05,[0.0037386  0.00383766 0.00384409 ... 0.00470414 0.00445168 0.00473678],[0.00353491 0.00353493 0.00353495 ... 0.00364439 0.00364442 0.00364444],1.763848862981247,0.0665041623932693
LAS_1.5Torr_SmallAdmixture_1kHzLaserFreq_CapCoupling,0,60.0,1.5,8.0,8,1.2598955740069497,0.008392309221069413,0.006257699685040684,0.5350283885452448,2.0838546887502612e-05,[0.00377048 0.00365421 0.00368387 ... 0.00476952 0.00480283 0.0048811 ],[0.00345137 0.00345141 0.00345145 ... 0.00365963 0.00365967 0.00365971],1.4737873407699973,0.06647434867170303
LAS_1.5Torr_SmallAdmixture_1kHzLaserFreq_CapCoupling,0,60.0,1.5,8.0,10,1.3088720572362131,0.00899416577923888,0.00645552372908273,0.5558267859992718,-5.466849492063628e-05,[0.00361834 0.00352078 0.00355286 ...        nan        nan        nan],[0.00411798 0.00411787 0.00411777 ... 0.00357163 0.00357152 0.00357141],,0.0665330722445273
LAS_1.5Torr_SmallAdmixture_1kHzLaserFreq_CapCoupling,0,60.0,1.5,6.0,2,1.2720084706304482,0.01111447725201651,0.008208557179362572,0.540172262128731,5.1453482602733496e-05,[0.00572498 0.00568431 0.00565248 ... 0.00717458 0.00701977 0.00703349],[0.00550522 0.00550532 0.00550543 ... 0.00601945 0.00601955 0.00601965],2.3858056415418125,0.07055884692558266
LAS_1.5Torr_SmallAdmixture_1kHzLaserFreq_CapCoupling,0,60.0,1.5,6.0,4,1.2723672625653197,0.011256089742054453,0.008310800369662794,0.540324627034758,4.8114717067708245e-05,[0.00581311 0.0057117  0.00575781 ... 0.00730647 0.00719161 0.00718238],[0.00560314 0.00560324 0.00560333 ... 0.006084   0.0060841  0.00608419],2.2807955434785527,0.07056988482470307
LAS_1.5Torr_SmallAdmixture_1kHzLaserFreq_CapCoupling,0,60.0,1.5,6.0,6,1.241462377524793,0.010885354205668309,0.008237146544097037,0.5272005307346008,3.197394877250467e-05,[0.0058372  0.00596909 0.00584235 ... 0.00733768 0.00722056 0.007092  ],[0.00594505 0.00594511 0.00594518 ... 0.0062646  0.00626466 0.00626473],2.034323132365824,0.07060286392618013
LAS_1.5Torr_SmallAdmixture_1kHzLaserFreq_CapCoupling,0,60.0,1.5,6.0,8,1.2261822798223574,0.01064969742459438,0.008159245923032798,0.520711670689996,4.3462814658580915e-05,[0.00588229 0.00596947 0.0059596  ... 0.0072522  0.0072809  0.00726335],[0.00567957 0.00567965 0.00567974 ... 0.00611394 0.00611402 0.00611411],2.35179925325545,0.07060695930486861
LAS_1.5Torr_SmallAdmixture_1kHzLaserFreq_CapCoupling,0,60.0,1.5,6.0,10,1.3288273787022074,0.011938439672758679,0.008440084436738389,0.564301030775684,-3.084234009858339e-05,[0.00558564 0.00568197 0.00562533 ...        nan        nan        nan],[0.00641504 0.00641498 0.00641491 ... 0.0061068  0.00610674 0.00610668],,0.0705915935208177
LAS_1.5Torr_SmallAdmixture_1kHzLaserFreq_CapCoupling,0,60.0,1.5,4.0,2,1.1763956008172336,0.015383781991415981,0.012285066588216384,0.4995692147684993,1.7479579484619533e-06,[0.00232434 0.00245253 0.00232659 ... 0.00305455 0.00310211 0.00313351],[0.00270106 0.00270107 0.00270107 ... 0.00271853 0.00271854 0.00271854],0.6425164495279497,0.07768598329903634
LAS_1.5Torr_SmallAdmixture_1kHzLaserFreq_CapCoupling,0,60.0,1.5,4.0,4,1.2060752874976126,0.015507207303313678,0.01207888825869438,0.5121730172301813,2.8031199263049026e-06,[0.00250255 0.00234036 0.00227293 ... 0.00324677 0.00307515 0.0031981 ],[0.00268935 0.00268936 0.00268936 ... 0.00271737 0.00271737 0.00271738],0.6698784158863517,0.07763160975355055
LAS_1.5Torr_SmallAdmixture_1kHzLaserFreq_CapCoupling,0,60.0,1.5,4.0,6,1.161840343356819,0.014819462868348442,0.011982675544393749,0.4933881660335318,7.93965097459798e-06,[0.00221569 0.0024396  0.00226736 ... 0.00349119 0.00360542 0.00350974],[0.00278044 0.00278045 0.00278047 ... 0.00285979 0.0028598  0.00285982],0.6818004389991094,0.07767439170843776
LAS_1.5Torr_SmallAdmixture_1kHzLaserFreq_CapCoupling,0,60.0,1.5,4.0,8,1.19135874414161,0.015266497455468637,0.012038285609070803,0.5059234766816129,2.6377398226517736e-06,[0.002297   0.00243001 0.00219964 ... 0.00389067 0.00377493 0.00391313],[0.00288724 0.00288725 0.00288725 ... 0.0029136  0.00291361 0.00291361],0.6506212154914917,0.07764839807852966
LAS_1.5Torr_SmallAdmixture_1kHzLaserFreq_CapCoupling,0,60.0,1.5,4.0,10,1.2576367679740745,0.016463722261977648,0.012298172916790856,0.5340691619420733,-3.961421673569186e-05,[0.00254137 0.00258455 0.0026492  ...        nan        nan        nan],[0.00322756 0.00322748 0.0032274  ... 0.00283166 0.00283158 0.0028315 ],,0.07765667164980067
LAS_1.5Torr_SmallAdmixture_1kHzLaserFreq_CapCoupling,0,60.0,1.5,2.0,3,1.224436508816758,0.029333733018583625,0.022506027975031873,0.5199703100033128,2.5340202109339967e-05,[0.00254417 0.00264121 0.00247505 ... 0.0040336  0.00395067 0.00387403],[0.00312093 0.00312098 0.00312103 ... 0.00337418 0.00337423 0.00337428],0.8171296694930411,0.09686721671926134
LAS_1.5Torr_SmallAdmixture_1kHzLaserFreq_CapCoupling,0,60.0,1.5,2.0,6,1.2338647464399979,0.02980231225309105,0.02269082020762851,0.5239741138791696,1.555729506124543e-05,[0.00273646 0.00286375 0.00285203 ... 0.00402963 0.00397903 0.00417156],[0.00331551 0.00331554 0.00331557 ... 0.00347099 0.00347102 0.00347105],1.0303887945519952,0.0968829767361285
LAS_1.5Torr_SmallAdmixture_1kHzLaserFreq_CapCoupling,0,60.0,1.5,2.0,9,1.2143807099608115,0.028948979631046413,0.022394748551794352,0.5157000054094796,2.16744023384147e-05,[0.00361024 0.00361513 0.00353114 ... 0.00439694 0.00431315 0.00428596],[0.00335697 0.00335701 0.00335705 ... 0.00357358 0.00357362 0.00357367],0.807960354460712,0.0969040026131677
LAS_1.5Torr_SmallAdmixture_1kHzLaserFreq_CapCoupling,0,60.0,1.5,2.0,12,1.2083375054615755,0.02913725745297417,0.02265312938369571,0.5131336927470797,3.034163532260375e-05,[0.00340895 0.00351625 0.00322742 ... 0.00409311 0.00393671 0.00412844],[0.0033401  0.00334016 0.00334022 ... 0.00364334 0.0036434  0.00364346],0.8974049945429751,0.09686993229140577
LAS_1.5Torr_SmallAdmixture_1kHzLaserFreq_CapCoupling,0,60.0,1.5,2.0,15,1.1912941739727427,0.028615815359668985,0.022566016267510265,0.5058960562555792,6.857712542086281e-06,[0.00287618 0.00285268 0.00290682 ...        nan        nan        nan],[0.00353652 0.00353653 0.00353654 ... 0.00360505 0.00360507 0.00360508],,0.09683449539724505
LAS_1.5Torr_SmallAdmixture_1kHzLaserFreq_CapCoupling,0,60.0,1.5,10.0,2,1.2787625071079822,0.007173683906669207,0.005270115482799126,0.5430404373388861,1.517823190254987e-05,[0.00279589 0.00271126 0.00259948 ... 0.00363793 0.00353717 0.00356122],[0.00244741 0.00244744 0.00244747 ... 0.0025991  0.00259913 0.00259916],2.500985669646919,0.0636630459726951
LAS_1.5Torr_SmallAdmixture_1kHzLaserFreq_CapCoupling,0,60.0,1.5,10.0,4,1.2269652330351573,0.007007636099637244,0.005365461392313157,0.5210441603061143,2.2702972337675935e-05,[0.00303646 0.00319227 0.00295574 ... 0.00351075 0.00350548 0.00339416],[0.00242202 0.00242207 0.00242211 ... 0.00264891 0.00264896 0.002649  ],2.543631125976872,0.06373764937579278
LAS_1.5Torr_SmallAdmixture_1kHzLaserFreq_CapCoupling,0,60.0,1.5,10.0,6,1.2629091752956505,0.00689559100866024,0.005129407069740425,0.5363081471811797,2.4544036452648562e-05,[0.00289801 0.00298272 0.00287894 ... 0.00406369 0.00399741 0.00408225],[0.00249198 0.00249203 0.00249208 ... 0.00273728 0.00273733 0.00273737],2.662651649134766,0.06376290139528673
LAS_1.5Torr_SmallAdmixture_1kHzLaserFreq_CapCoupling,0,60.0,1.5,10.0,8,1.2368134765106822,0.006899384474459961,0.005240514514504735,0.525226324245268,1.5080017206026286e-05,[0.00283155 0.00281299 0.002698   ... 0.00387007 0.00390556 0.00408139],[0.00265035 0.00265038 0.00265041 ... 0.00280106 0.00280109 0.00280112],2.487078835606605,0.06377004681554176
LAS_1.5Torr_SmallAdmixture_1kHzLaserFreq_CapCoupling,0,60.0,1.5,10.0,10,1.3565186487082843,0.008173633550741848,0.005660531145155201,0.5760604304225955,-5.93457497342483e-05,[0.00307526 0.00310293 0.0030025  ...        nan        nan        nan],[0.00334382 0.0033437  0.00334358 ... 0.00275071 0.00275059 0.00275048],,0.06376692708333333
LAS_1.5Torr_SmallAdmixture_1kHzLaserFreq_CapCoupling,0,60.0,1.5,0.0,2,1.216242068762442,0.0454606604551652,0.03511425911236995,0.5164904517136709,4.009292097401677e-05,[0.00156034 0.00177588 0.00164781 ... 0.00321557 0.0030706  0.00305694],[0.00197055 0.00197063 0.00197071 ... 0.00237124 0.00237132 0.0023714 ],0.8838274107484018,0.1346342569915432
LAS_1.5Torr_SmallAdmixture_1kHzLaserFreq_CapCoupling,0,60.0,1.5,0.0,4,1.2289811453480257,0.045883953751701415,0.035073846992398273,0.5219002394435084,3.957121945313649e-05,[0.002159   0.0021626  0.00220679 ... 0.00334803 0.00337263 0.00328903],[0.0020335  0.00203358 0.00203366 ... 0.00242898 0.00242906 0.00242914],1.0105533804015057,0.13464641049908907
LAS_1.5Torr_SmallAdmixture_1kHzLaserFreq_CapCoupling,0,60.0,1.5,0.0,6,1.2224155611542666,0.04524497326083061,0.03477116612852834,0.5191120925498154,5.591696075644867e-05,[0.00232055 0.00238377 0.00225526 ... 0.00364551 0.00349761 0.00356585],[0.00211964 0.00211975 0.00211986 ... 0.00267847 0.00267859 0.0026787 ],1.143708694825959,0.13468510933243077
LAS_1.5Torr_SmallAdmixture_1kHzLaserFreq_CapCoupling,0,60.0,1.5,0.0,8,1.2268434001707949,0.045841125070999564,0.03510216689696087,0.5209924226522671,3.888219016576731e-05,[0.0020482  0.00225026 0.00221402 ... 0.00334591 0.00337935 0.0035335 ],[0.00224615 0.00224623 0.00224631 ... 0.00263474 0.00263482 0.0026349 ],0.6614641943365448,0.13468959451102308
LAS_1.5Torr_SmallAdmixture_1kHzLaserFreq_CapCoupling,0,60.0,1.5,0.0,10,1.2409248259906738,0.04637018082046344,0.03510436375387201,0.5269722536162479,-2.200889199277561e-06,[0.00235409 0.00238948 0.00243027 ...        nan        nan        nan],[0.0027181  0.0027181  0.00271809 ... 0.00269611 0.0026961  0.0026961 ],,0.13474690865219383
LAS_1.5Torr_SmallAdmixture_1kHzLaserFreq_CapCoupling,0,55.0,1.5,8.0,2,1.2360273925441123,0.007986793195043678,0.006070327656125105,0.5248925051204357,9.804202661393048e-06,[0.00412631 0.00414636 0.00416726 ... 0.00490162 0.00485863 0.00502349],[0.00392952 0.00392954 0.00392956 ... 0.0040275  0.00402752 0.00402754],1.5761695356615486,0.06486760540101762
LAS_1.5Torr_SmallAdmixture_1kHzLaserFreq_CapCoupling,0,55.0,1.5,8.0,4,1.2640848826532685,0.008289899302237098,0.0061608524459539175,0.5368074241259716,3.420577743651955e-05,[0.00427731 0.00410122 0.00410444 ... 0.00467754 0.00453743 0.00471957],[0.00365298 0.00365305 0.00365312 ... 0.00399484 0.0039949  0.00399497],1.9911172116623324,0.06486853011816295
LAS_1.5Torr_SmallAdmixture_1kHzLaserFreq_CapCoupling,0,55.0,1.5,8.0,6,1.254350989130772,0.008117973924477224,0.006079899006138969,0.5326738201408023,3.0370308001183052e-05,[0.00402618 0.00397313 0.00419005 ... 0.00504432 0.00503545 0.00501018],[0.0037678  0.00376786 0.00376792 ... 0.00407132 0.00407138 0.00407144],2.021176179085953,0.06486611528837785
LAS_1.5Torr_SmallAdmixture_1kHzLaserFreq_CapCoupling,0,55.0,1.5,8.0,8,1.2641032773286127,0.008255239203326138,0.006135004624445211,0.5368152356253612,1.5908881636147535e-05,[0.00378147 0.00374322 0.0037984  ... 0.00487819 0.00493103 0.00503635],[0.00389649 0.00389652 0.00389655 ... 0.00405548 0.00405552 0.00405555],1.6028265857214532,0.06490864966191338
LAS_1.5Torr_SmallAdmixture_1kHzLaserFreq_CapCoupling,0,55.0,1.5,8.0,10,1.3098407667969105,0.00892835522968801,0.006403549158691287,0.5562381590732957,-3.2727374753373665e-05,[0.00410858 0.00406136 0.00407741 ...        nan        nan        nan],[0.00432414 0.00432407 0.00432401 ... 0.00399706 0.003997   0.00399693],,0.06487710698992563
LAS_1.5Torr_SmallAdmixture_1kHzLaserFreq_CapCoupling,0,55.0,1.5,6.0,2,1.2690403026847374,0.010610647138151191,0.007854784006165105,0.5389117972571269,2.9790380421371326e-05,[0.00584371 0.00592985 0.00586195 ... 0.00695688 0.00703369 0.00696808],[0.00553025 0.00553031 0.00553037 ... 0.00582798 0.00582804 0.0058281 ],1.9396873144058675,0.06863100767875126
LAS_1.5Torr_SmallAdmixture_1kHzLaserFreq_CapCoupling,0,55.0,1.5,6.0,4,1.2619959003837264,0.010349140824298164,0.007703962183951566,0.535920315035003,4.176046894597342e-05,[0.00538596 0.00543469 0.00529021 ... 0.00718208 0.00701126 0.00704803],[0.00548955 0.00548963 0.00548972 ... 0.0059069  0.00590699 0.00590707],1.888259594706406,0.06861631839543471
LAS_1.5Torr_SmallAdmixture_1kHzLaserFreq_CapCoupling,0,55.0,1.5,6.0,6,1.249978976615148,0.010360418362985454,0.007786501545385275,0.5308171973704765,3.164374103330028e-05,[0.00599998 0.00607403 0.00599717 ... 0.00726867 0.00739533 0.00726317],[0.00583376 0.00583382 0.00583389 ... 0.00615001 0.00615007 0.00615014],2.1235294441484114,0.06862727058157099
LAS_1.5Torr_SmallAdmixture_1kHzLaserFreq_CapCoupling,0,55.0,1.5,6.0,8,1.2612719230514622,0.010263679855690704,0.007644730130634241,0.5356128701693998,3.8603696152964935e-05,[0.00593628 0.00612448 0.00591954 ... 0.00719021 0.0072483  0.00728892],[0.00584417 0.00584425 0.00584432 ... 0.00622997 0.00623005 0.00623013],2.0587070800381264,0.06860822423632092
LAS_1.5Torr_SmallAdmixture_1kHzLaserFreq_CapCoupling,0,55.0,1.5,6.0,10,1.3534757077146087,0.011732357437474404,0.008143340793610024,0.5747682123611361,-1.555233334772664e-05,[0.00595864 0.00610809 0.00592543 ...        nan        nan        nan],[0.00633646 0.00633642 0.00633639 ... 0.00618103 0.00618099 0.00618096],,0.06862320577049306
LAS_1.5Torr_SmallAdmixture_1kHzLaserFreq_CapCoupling,0,55.0,1.5,4.0,3,1.1270156585467257,0.013940156098542994,0.011619982571271992,0.4785994840348462,-1.6613678242265887e-05,[0.00120972 0.00129442 0.00118168 ... 0.00193124 0.00197    0.00202478],[0.00208942 0.00208939 0.00208935 ... 0.00192338 0.00192335 0.00192332],0.4502294457451744,0.07552231122236129
LAS_1.5Torr_SmallAdmixture_1kHzLaserFreq_CapCoupling,0,55.0,1.5,4.0,6,1.225583468532779,0.015305971694671973,0.011732371369132867,0.5204573789487473,7.120861633520763e-06,[0.00154793 0.00138907 0.00138553 ... 0.00234459 0.00231996 0.00248123],[0.00177898 0.00177899 0.00177901 ... 0.00185014 0.00185016 0.00185017],0.5930239757803248,0.0755623107008761
LAS_1.5Torr_SmallAdmixture_1kHzLaserFreq_CapCoupling,0,55.0,1.5,4.0,9,1.122233829508997,0.013766640518699275,0.011524242956908223,0.4765688282113496,-1.0434451148014627e-05,[0.00210864 0.00205806 0.00200614 ... 0.00250683 0.00232557 0.00230909],[0.0020917  0.00209168 0.00209166 ... 0.00198742 0.0019874  0.00198737],0.49117325924782435,0.07550029411764705
LAS_1.5Torr_SmallAdmixture_1kHzLaserFreq_CapCoupling,0,55.0,1.5,4.0,12,1.159224543025587,0.014032927963349554,0.011372305510086464,0.4922773379102739,6.444085386029179e-07,[0.00157449 0.00164421 0.00146245 ... 0.00233653 0.00234584 0.0023836 ],[0.00200617 0.00200617 0.00200617 ... 0.00201261 0.00201261 0.00201261],0.42530999620314225,0.07554579265748854
LAS_1.5Torr_SmallAdmixture_1kHzLaserFreq_CapCoupling,0,55.0,1.5,4.0,15,1.2122216651431534,0.015411243738429017,0.01194327514126476,0.5147831434937616,-2.373798771738904e-05,[0.00166754 0.00140999 0.00158129 ...        nan        nan        nan],[0.00222671 0.00222666 0.00222662 ... 0.00198947 0.00198943 0.00198938],,0.07558499947447878
LAS_1.5Torr_SmallAdmixture_1kHzLaserFreq_CapCoupling,0,55.0,1.5,2.0,2,1.201493050233952,0.025777712512481087,0.0201553759209109,0.5102271202291218,2.1627991657732304e-05,[0.00312672 0.00330088 0.00321549 ... 0.00425164 0.00418361 0.00422797],[0.003442   0.00344204 0.00344208 ... 0.00365815 0.00365819 0.00365823],0.7255183613333189,0.09149807325093595
LAS_1.5Torr_SmallAdmixture_1kHzLaserFreq_CapCoupling,0,55.0,1.5,2.0,4,1.1997437802289106,0.025791680260623107,0.020195700379049497,0.5094842736541859,2.5640964625611886e-05,[0.00307698 0.00291522 0.00312025 ... 0.00455703 0.00446834 0.00444686],[0.00349731 0.00349736 0.00349741 ... 0.00375356 0.00375361 0.00375367],0.884775265109352,0.09155185770156438
LAS_1.5Torr_SmallAdmixture_1kHzLaserFreq_CapCoupling,0,55.0,1.5,2.0,6,1.1946131453207014,0.025454891690846963,0.020017588349259267,0.5073054936157555,1.7585845753948854e-05,[0.00331785 0.00346137 0.0035187  ... 0.00440228 0.00453593 0.00453713],[0.00364616 0.0036462  0.00364623 ... 0.00382192 0.00382195 0.00382199],0.6606384437552798,0.09152713848776574
LAS_1.5Torr_SmallAdmixture_1kHzLaserFreq_CapCoupling,0,55.0,1.5,2.0,8,1.1981467237773902,0.025661544190690697,0.020120583533984906,0.5088060662239025,1.1900448732066046e-05,[0.00337531 0.0034132  0.00340629 ... 0.00427729 0.00417023 0.00415846],[0.00361056 0.00361058 0.00361061 ... 0.00372949 0.00372952 0.00372954],0.5277942184969814,0.09153148200401304
LAS_1.5Torr_SmallAdmixture_1kHzLaserFreq_CapCoupling,0,55.0,1.5,2.0,10,1.2193587021823356,0.02634299794185598,0.02029558181279711,0.5178139640671818,-1.0012017745250285e-05,[0.00302275 0.00320524 0.0029996  ...        nan        nan        nan],[0.00378129 0.00378127 0.00378125 ... 0.00368123 0.00368121 0.00368119],,0.09153522526924993
LAS_1.5Torr_SmallAdmixture_1kHzLaserFreq_CapCoupling,0,55.0,1.5,10.0,2,1.2647924530818806,0.00687741451712376,0.005108268603843381,0.5371079016211013,1.196817570927132e-05,[0.00269988 0.00278403 0.0028151  ... 0.00368438 0.00355376 0.00355853],[0.00240019 0.00240021 0.00240024 ... 0.0025198  0.00251982 0.00251985],2.4543351915805864,0.062116068074823456
LAS_1.5Torr_SmallAdmixture_1kHzLaserFreq_CapCoupling,0,55.0,1.5,10.0,4,1.2446215381887242,0.006790267936464147,0.005125277553172241,0.5285421027458453,1.4858057805626343e-05,[0.00305227 0.00289434 0.00313278 ... 0.00370514 0.00353349 0.00374362],[0.00242798 0.00242801 0.00242804 ... 0.00257647 0.0025765  0.00257653],2.5235637179745334,0.062129568997178676
LAS_1.5Torr_SmallAdmixture_1kHzLaserFreq_CapCoupling,0,55.0,1.5,10.0,6,1.2082706412227249,0.00632647469529442,0.0049188699689791116,0.5131052981192219,8.044055969180125e-06,[0.00324541 0.00317289 0.00323109 ... 0.00373897 0.00373295 0.00377441],[0.00273092 0.00273093 0.00273095 ... 0.00281131 0.00281133 0.00281134],2.5938328851038897,0.06207906348073584
LAS_1.5Torr_SmallAdmixture_1kHzLaserFreq_CapCoupling,0,55.0,1.5,10.0,8,1.1921842926663642,0.006350333832705356,0.00500404205233106,0.5062740548612475,3.167557277036413e-05,[0.00334187 0.00315586 0.00327322 ... 0.00419554 0.00423844 0.00404168],[0.002618   0.00261806 0.00261812 ... 0.00293456 0.00293463 0.00293469],2.3779291577994384,0.06211198021000267
LAS_1.5Torr_SmallAdmixture_1kHzLaserFreq_CapCoupling,0,55.0,1.5,10.0,10,1.4072344379961939,0.008274647603088589,0.005523964036520518,0.597597443153113,-6.487451491355625e-05,[0.0034455  0.0035135  0.00346137 ...        nan        nan        nan],[0.00353854 0.00353841 0.00353828 ... 0.00289018 0.00289005 0.00288992],,0.06215223826835365
LAS_1.5Torr_SmallAdmixture_1kHzLaserFreq_CapCoupling,0,55.0,1.5,0.0,2,1.1679816307910698,0.04560072154190782,0.03667781806042252,0.4959961306834039,2.7555925903577167e-05,[0.00180731 0.00178982 0.00193443 ... 0.00273874 0.00270852 0.002523  ],[0.00172475 0.0017248  0.00172486 ... 0.00200014 0.0020002  0.00200025],0.7670181499907062,0.13061855955418794
LAS_1.5Torr_SmallAdmixture_1kHzLaserFreq_CapCoupling,0,55.0,1.5,0.0,4,1.201554630184528,0.04652720825617636,0.03637736713058285,0.5102532708263641,4.6785280143948336e-05,[0.00177557 0.00171526 0.00177353 ... 0.00286488 0.00283264 0.00279027],[0.00150334 0.00150343 0.00150353 ... 0.00197091 0.00197101 0.0019711 ],1.084205684853886,0.13065067422195537
LAS_1.5Torr_SmallAdmixture_1kHzLaserFreq_CapCoupling,0,55.0,1.5,0.0,6,1.175277174641469,0.04560407304400632,0.03645281913277257,0.4990942629019545,4.9470924940907495e-05,[0.00181725 0.00182155 0.00179703 ... 0.00311467 0.00318472 0.00318909],[0.00165118 0.00165128 0.00165138 ... 0.00214559 0.00214569 0.00214579],1.1710575525812343,0.13059028368528156
LAS_1.5Torr_SmallAdmixture_1kHzLaserFreq_CapCoupling,0,55.0,1.5,0.0,8,1.1826048605107893,0.04630768961416589,0.03678588797209093,0.5022060445791926,4.2106674806459436e-05,[0.00195258 0.00220566 0.00197295 ... 0.00278247 0.00285543 0.00276448],[0.00170836 0.00170844 0.00170853 ... 0.00212917 0.00212926 0.00212934],0.8091162768455188,0.13066855994261786
LAS_1.5Torr_SmallAdmixture_1kHzLaserFreq_CapCoupling,0,55.0,1.5,0.0,10,1.188284171595779,0.046769469665686146,0.036975148166750314,0.5046178259367422,3.005052962715146e-05,[0.00170341 0.00160325 0.00180012 ...        nan        nan        nan],[0.0018037  0.00180376 0.00180382 ... 0.00210402 0.00210408 0.00210414],,0.13063964020354052
LAS_1.5Torr_SmallAdmixture_1kHzLaserFreq_CapCoupling,0,50.0,1.5,8.0,2,1.2792578975953566,0.007995528579130938,0.005871605423943972,0.5432508103091773,1.351531650142743e-05,[0.00383929 0.0038372  0.00361703 ... 0.00493364 0.00487504 0.00479031],[0.00377428 0.0037743  0.00377433 ... 0.00390935 0.00390938 0.0039094 ],1.5038660513038624,0.06304403625315734
LAS_1.5Torr_SmallAdmixture_1kHzLaserFreq_CapCoupling,0,50.0,1.5,8.0,4,1.2271225023735342,0.007609900097798159,0.00582584365067373,0.5211109464449145,5.968519696058787e-07,[0.00369695 0.00390369 0.00378907 ... 0.00456654 0.00447216 0.00460833],[0.00391871 0.00391871 0.00391871 ... 0.00392467 0.00392467 0.00392467],1.755114353788801,0.06305876867232063
LAS_1.5Torr_SmallAdmixture_1kHzLaserFreq_CapCoupling,0,50.0,1.5,8.0,6,1.260476433478946,0.007863675660604218,0.005860823627447934,0.5352750568514799,1.5979135105842876e-05,[0.00381704 0.00382502 0.00386035 ... 0.00500352 0.00476493 0.00485332],[0.00381267 0.0038127  0.00381273 ... 0.00397237 0.0039724  0.00397243],1.8059572465583085,0.06300296237516936
LAS_1.5Torr_SmallAdmixture_1kHzLaserFreq_CapCoupling,0,50.0,1.5,8.0,8,1.2333017508008164,0.007584381759319458,0.005777216286255863,0.5237350316442576,2.191204446352007e-05,[0.00428099 0.00413435 0.00415406 ... 0.00483957 0.00486346 0.00489482],[0.00372266 0.0037227  0.00372275 ... 0.00394165 0.00394169 0.00394174],1.6463256901439836,0.06304619276660145
LAS_1.5Torr_SmallAdmixture_1kHzLaserFreq_CapCoupling,0,50.0,1.5,8.0,10,1.3136177675584366,0.008611501711461201,0.006158538604703074,0.55784210361653,-4.605572115439778e-05,[0.00383545 0.00367415 0.00366843 ...        nan        nan        nan],[0.0043206  0.0043205  0.00432041 ... 0.00386031 0.00386022 0.00386013],,0.06303549194627665
LAS_1.5Torr_SmallAdmixture_1kHzLaserFreq_CapCoupling,0,50.0,1.5,6.0,2,1.2540153792295972,0.010417142710537612,0.0078039331589581755,0.5325312997380722,4.666951149926581e-05,[0.00545803 0.00535744 0.00542386 ... 0.00722089 0.00721864 0.00717389],[0.0054798  0.0054799  0.00547999 ... 0.00594622 0.00594631 0.00594641],2.3241173299522577,0.06668829111278321
LAS_1.5Torr_SmallAdmixture_1kHzLaserFreq_CapCoupling,0,50.0,1.5,6.0,4,1.2448548065262783,0.010412187477246234,0.0078576208387145,0.5286411626880462,5.2420756458387754e-05,[0.00573974 0.0057208  0.00588479 ... 0.00718749 0.00716559 0.00708026],[0.00553599 0.0055361  0.0055362  ... 0.00605989 0.00605999 0.0060601 ],2.420410979654263,0.06667957580887886
LAS_1.5Torr_SmallAdmixture_1kHzLaserFreq_CapCoupling,0,50.0,1.5,6.0,6,1.2431595335006311,0.0103086159486946,0.007790068654126253,0.527921246518985,4.3005737234242e-05,[0.0057969  0.00584181 0.00586462 ... 0.00722762 0.00750784 0.00738664],[0.00564292 0.00564301 0.00564309 ... 0.00607272 0.00607281 0.00607289],2.413459318056172,0.06670024611236519
LAS_1.5Torr_SmallAdmixture_1kHzLaserFreq_CapCoupling,0,50.0,1.5,6.0,8,1.2457185412553442,0.010183416389555451,0.007679648864525048,0.5290079570555769,5.647283467595052e-05,[0.0057131  0.00566255 0.00572727 ... 0.00692279 0.00714018 0.0071259 ],[0.00555084 0.00555095 0.00555107 ... 0.00611523 0.00611534 0.00611546],2.703588747111264,0.06670122742663658
LAS_1.5Torr_SmallAdmixture_1kHzLaserFreq_CapCoupling,0,50.0,1.5,6.0,10,1.3055554754526404,0.011060007766348176,0.007958438989207128,0.5544183633936586,-2.0536269618929885e-05,[0.00559051 0.00559976 0.00570492 ...        nan        nan        nan],[0.00624392 0.00624388 0.00624384 ... 0.00603868 0.00603864 0.0060386 ],,0.0667330702307281
LAS_1.5Torr_SmallAdmixture_1kHzLaserFreq_CapCoupling,0,50.0,1.5,4.0,2,1.1565331690882747,0.013862853613258851,0.011260620811868386,0.4911344166314307,-8.035453295292315e-07,[0.00149875 0.00152906 0.00143544 ... 0.00210484 0.00219469 0.00216851],[0.00189344 0.00189343 0.00189343 ... 0.00188541 0.0018854  0.0018854 ],0.441311150313686,0.07312467366069933
LAS_1.5Torr_SmallAdmixture_1kHzLaserFreq_CapCoupling,0,50.0,1.5,4.0,4,1.1745779512374281,0.013782684137272452,0.011023506158493174,0.4987973300617928,1.1079208703660357e-06,[0.00139292 0.00158504 0.00142535 ... 0.00230406 0.00235064 0.00241607],[0.00188332 0.00188332 0.00188332 ... 0.00189439 0.00189439 0.00189439],0.5803543758403373,0.07310666685524154
LAS_1.5Torr_SmallAdmixture_1kHzLaserFreq_CapCoupling,0,50.0,1.5,4.0,6,1.214804087624488,0.014640123556106065,0.011321560384497427,0.5158797973492374,1.2752568204194471e-05,[0.00190077 0.00206846 0.00210454 ... 0.00267081 0.00280889 0.00276083],[0.00190693 0.00190696 0.00190698 ... 0.00203438 0.00203441 0.00203443],0.6656469866479575,0.07315546517906475
LAS_1.5Torr_SmallAdmixture_1kHzLaserFreq_CapCoupling,0,50.0,1.5,4.0,8,1.1038096361552052,0.013285082874137242,0.011306752263960095,0.4687447936773011,3.872318101236678e-06,[0.00177253 0.00172068 0.0017676  ... 0.00271736 0.00255689 0.00242783],[0.00206845 0.00206845 0.00206846 ... 0.00210715 0.00210715 0.00210716],0.456607055270892,0.0731373290136789
LAS_1.5Torr_SmallAdmixture_1kHzLaserFreq_CapCoupling,0,50.0,1.5,4.0,10,1.2589529768991732,0.014732527025864075,0.01099348851903565,0.5346281044089833,-4.417652026457119e-05,[0.00140864 0.0017218  0.0015692  ...        nan        nan        nan],[0.00247628 0.0024762  0.00247611 ... 0.00203478 0.0020347  0.00203461],,0.07312414343326813
LAS_1.5Torr_SmallAdmixture_1kHzLaserFreq_CapCoupling,0,50.0,1.5,2.0,2,1.202384939002966,0.024654177176732392,0.019262594169462896,0.5106058705165996,2.0047779506354033e-05,[0.00344344 0.00360595 0.00354298 ... 0.00445387 0.00446419 0.00436703],[0.00390754 0.00390758 0.00390762 ... 0.0041079  0.00410794 0.00410798],0.6673191531803556,0.08608591762485773
LAS_1.5Torr_SmallAdmixture_1kHzLaserFreq_CapCoupling,0,50.0,1.5,2.0,4,1.2235943382056138,0.02529284930659068,0.019419054813533378,0.5196126730735096,3.096269283584584e-05,[0.0030908  0.00331678 0.00334454 ... 0.00457171 0.00460161 0.00465869],[0.00372829 0.00372835 0.00372841 ... 0.00403773 0.00403779 0.00403785],0.9352058180190908,0.08607077224342238
LAS_1.5Torr_SmallAdmixture_1kHzLaserFreq_CapCoupling,0,50.0,1.5,2.0,6,1.2098782420765388,0.024960279500444674,0.01938097259211398,0.5137879833448749,6.109527336612593e-06,[0.00375446 0.00372681 0.00381814 ... 0.00465131 0.00465729 0.00466039],[0.00408097 0.00408098 0.00408099 ... 0.00414203 0.00414204 0.00414205],0.7447906136919978,0.08611093582898871
LAS_1.5Torr_SmallAdmixture_1kHzLaserFreq_CapCoupling,0,50.0,1.5,2.0,8,1.2041040939851586,0.02498019950913741,0.019489453416415066,0.5113359284188245,2.09914842948882e-05,[0.0031426  0.00311618 0.00314322 ... 0.00492456 0.00462115 0.00482064],[0.00386562 0.00386567 0.00386571 ... 0.00407541 0.00407546 0.0040755 ],0.8499866474985729,0.08611478333249782
LAS_1.5Torr_SmallAdmixture_1kHzLaserFreq_CapCoupling,0,50.0,1.5,2.0,10,1.191905325427534,0.02481122606916421,0.019555740042739328,0.5061555883824952,-3.336515151320506e-06,[0.00331827 0.00316838 0.00329761 ...        nan        nan        nan],[0.00403418 0.00403417 0.00403416 ... 0.00400083 0.00400082 0.00400082],,0.08608561465211982
LAS_1.5Torr_SmallAdmixture_1kHzLaserFreq_CapCoupling,0,50.0,1.5,10.0,3,1.26648849387594,0.006629373451272803,0.004917439506684927,0.5378281438313876,1.1780712941750172e-05,[0.00300777 0.0030017  0.00300208 ... 0.00391234 0.00391369 0.00380982],[0.00260033 0.00260035 0.00260037 ... 0.00271806 0.00271809 0.00271811],2.3238081909136517,0.06052965627873924
LAS_1.5Torr_SmallAdmixture_1kHzLaserFreq_CapCoupling,0,50.0,1.5,10.0,6,1.212052782393011,0.006275579417909696,0.004864073030701557,0.5147114255930674,9.862572400376128e-06,[0.00305739 0.00313278 0.00305365 ... 0.00362691 0.00347586 0.00347967],[0.00259856 0.00259858 0.0025986  ... 0.00269713 0.00269715 0.00269717],2.316642924813394,0.06053745297215951
LAS_1.5Torr_SmallAdmixture_1kHzLaserFreq_CapCoupling,0,50.0,1.5,10.0,9,1.2269593214344872,0.006255288360965828,0.004789442463697123,0.5210416498804524,1.3285065820124244e-05,[0.0030795  0.00310175 0.0030589  ... 0.00375805 0.00389096 0.00382534],[0.0026773  0.00267733 0.00267736 ... 0.00281007 0.0028101  0.00281013],2.4796342845265946,0.06049013982944569
LAS_1.5Torr_SmallAdmixture_1kHzLaserFreq_CapCoupling,0,50.0,1.5,10.0,12,1.2293042072152134,0.006368963900843835,0.004867177774246051,0.5220374311868305,1.4090404591085053e-05,[0.00293756 0.00284432 0.00314385 ... 0.00406797 0.00379791 0.00400667],[0.0026908  0.00269083 0.00269086 ... 0.00283162 0.00283165 0.00283168],2.2414112505730523,0.060550450944737065
LAS_1.5Torr_SmallAdmixture_1kHzLaserFreq_CapCoupling,0,50.0,1.5,10.0,15,1.4054300828346975,0.008118211710628787,0.00542648888086862,0.5968312040660525,-9.93752481068256e-05,[0.00315431 0.00315668 0.00312712 ...        nan        nan        nan],[0.00363832 0.00363812 0.00363792 ... 0.00264516 0.00264496 0.00264476],,0.06055986096745771
LAS_1.5Torr_SmallAdmixture_1kHzLaserFreq_CapCoupling,0,50.0,1.5,0.0,2,1.1995508983573577,0.04892587880451268,0.038316668767487,0.5094023642649909,2.7831137274359538e-05,[0.00149899 0.00144343 0.00150866 ... 0.00256731 0.00259745 0.0026145 ],[0.00185583 0.00185588 0.00185594 ... 0.00213397 0.00213403 0.00213408],0.8137549150373018,0.1272445697354789
LAS_1.5Torr_SmallAdmixture_1kHzLaserFreq_CapCoupling,0,50.0,1.5,0.0,4,1.2118598670986833,0.049511383223663274,0.038381367667245474,0.5146295020105266,3.269332785415224e-05,[0.00179182 0.00187489 0.00178714 ... 0.00246767 0.00252841 0.00236207],[0.00171724 0.0017173  0.00171737 ... 0.00204397 0.00204404 0.0020441 ],0.9927969787747719,0.1272278630806028
LAS_1.5Torr_SmallAdmixture_1kHzLaserFreq_CapCoupling,0,50.0,1.5,0.0,6,1.1873133458875549,0.04830591099825917,0.03822105910835936,0.5042055542176048,2.4543452518125993e-05,[0.00238829 0.00209149 0.00211898 ... 0.00266757 0.00266655 0.00274769],[0.00184797 0.00184802 0.00184807 ... 0.00209326 0.00209331 0.00209336],0.6584508040098926,0.12720103502851793
LAS_1.5Torr_SmallAdmixture_1kHzLaserFreq_CapCoupling,0,50.0,1.5,0.0,8,1.168205947883007,0.047553077268198754,0.038240802988194336,0.4960913893815836,3.633447360655511e-05,[0.00211943 0.00210572 0.0021375  ... 0.00279317 0.00256892 0.00267607],[0.00175028 0.00175035 0.00175042 ... 0.0021134  0.00211348 0.00211355],0.7068269835288377,0.12727098648117482
LAS_1.5Torr_SmallAdmixture_1kHzLaserFreq_CapCoupling,0,50.0,1.5,0.0,10,1.1850593347488234,0.04858846984886537,0.038517750590668025,0.5032483638184965,1.6272070046710727e-06,[0.00189031 0.00180464 0.00171942 ...        nan        nan        nan],[0.00206008 0.00206009 0.00206009 ... 0.00207634 0.00207635 0.00207635],,0.12725840468200245
LAS_1.5Torr_SmallAdmixture_1kHzLaserFreq_CapCoupling,0,45.0,1.5,8.0,2,1.26228088510434,0.007592399354998504,0.005650551373334949,0.536041336902986,4.172551322209216e-05,[0.00414062 0.00425853 0.00417624 ... 0.00524813 0.00533048 0.0053009 ],[0.00381665 0.00381674 0.00381682 ... 0.00423366 0.00423374 0.00423383],2.442057352012767,0.06107164449755577
LAS_1.5Torr_SmallAdmixture_1kHzLaserFreq_CapCoupling,0,45.0,1.5,8.0,4,1.247333692765739,0.007570947762762356,0.005702107306711278,0.5296938487498501,2.4085445511483384e-05,[0.00471017 0.00468862 0.00463882 ... 0.00515874 0.00498844 0.00507016],[0.00409606 0.00409611 0.00409616 ... 0.00433677 0.00433682 0.00433687],1.9853352326365843,0.061087845884011546
LAS_1.5Torr_SmallAdmixture_1kHzLaserFreq_CapCoupling,0,45.0,1.5,8.0,6,1.2148133169827016,0.0071970241642419245,0.005565589956145783,0.515883716696804,3.950724852239563e-05,[0.00469946 0.00462877 0.00477775 ... 0.00564126 0.00574134 0.0057719 ],[0.0041366  0.00413668 0.00413676 ... 0.00453143 0.00453151 0.00453159],2.9024215343765265,0.06109571361831349
LAS_1.5Torr_SmallAdmixture_1kHzLaserFreq_CapCoupling,0,45.0,1.5,8.0,8,1.252107168265142,0.007593342835794122,0.005697171544649575,0.531720957152242,4.6926825429064087e-05,[0.00466792 0.00468851 0.00470794 ... 0.00570638 0.00571986 0.00572629],[0.0040474  0.00404749 0.00404758 ... 0.00451638 0.00451648 0.00451657],2.9505339274913105,0.061067798536723734
LAS_1.5Torr_SmallAdmixture_1kHzLaserFreq_CapCoupling,0,45.0,1.5,8.0,10,1.3433653620469452,0.0085230387154251,0.005960299798760868,0.570474743869139,-3.921789942882719e-05,[0.0044584  0.00441079 0.00453935 ...        nan        nan        nan],[0.00496592 0.00496584 0.00496576 ... 0.00457398 0.0045739  0.00457382],,0.06107448991781345
LAS_1.5Torr_SmallAdmixture_1kHzLaserFreq_CapCoupling,0,45.0,1.5,6.0,2,1.2389182900858218,0.009738461699366879,0.0073844046300585815,0.5261201562727222,4.6390945033040065e-05,[0.00538114 0.00541312 0.00528357 ... 0.00690702 0.00677245 0.00704705],[0.00526616 0.00526625 0.00526634 ... 0.00572979 0.00572988 0.00572997],2.02879432001176,0.06453223766128494
LAS_1.5Torr_SmallAdmixture_1kHzLaserFreq_CapCoupling,0,45.0,1.5,6.0,4,1.2809148037378186,0.0099344109784486,0.007286008396377272,0.5439544335630894,3.442539415463882e-05,[0.00543253 0.00530259 0.00530776 ... 0.00673646 0.00682987 0.00675233],[0.00550598 0.00550605 0.00550612 ... 0.00585003 0.0058501  0.00585017],1.747513483575909,0.06454029459570129
LAS_1.5Torr_SmallAdmixture_1kHzLaserFreq_CapCoupling,0,45.0,1.5,6.0,6,1.2142824182467353,0.00935154771723075,0.007234884082230112,0.5156582647617033,3.167541840666033e-05,[0.00551359 0.00553187 0.00567637 ... 0.00704304 0.00700202 0.00689796],[0.0056905  0.00569057 0.00569063 ... 0.00600707 0.00600713 0.00600719],1.8577229512449116,0.0645790073744464
LAS_1.5Torr_SmallAdmixture_1kHzLaserFreq_CapCoupling,0,45.0,1.5,6.0,8,1.2537031989739065,0.009710823899983375,0.007276610593319376,0.5323987289896834,4.405873520997154e-05,[0.00525484 0.00527275 0.00523186 ... 0.00684142 0.00699929 0.00673131],[0.00536778 0.00536786 0.00536795 ... 0.0058081  0.00580819 0.00580828],1.808622675300216,0.06452447720815577
LAS_1.5Torr_SmallAdmixture_1kHzLaserFreq_CapCoupling,0,45.0,1.5,6.0,10,1.2914239073302312,0.010369275261909722,0.0075430566825066,0.5484172389543499,-1.9294358254189357e-05,[0.00582399 0.00575563 0.00580604 ...        nan        nan        nan],[0.00603092 0.00603088 0.00603084 ... 0.00583809 0.00583805 0.00583801],,0.06457274815294568
LAS_1.5Torr_SmallAdmixture_1kHzLaserFreq_CapCoupling,0,45.0,1.5,4.0,2,1.260353543880172,0.014098856566304973,0.010508949262482116,0.5352228704438463,-8.918184467728971e-06,[0.00163857 0.00160495 0.00158827 ... 0.00243793 0.00248836 0.00231668],[0.00230274 0.00230272 0.0023027  ... 0.00221361 0.00221359 0.00221357],0.4470711308057196,0.07040079409942049
LAS_1.5Torr_SmallAdmixture_1kHzLaserFreq_CapCoupling,0,45.0,1.5,4.0,4,1.1719215631243962,0.013014985963918443,0.01043308987647654,0.49766926589458077,1.3684527637433353e-05,[0.00214668 0.00213301 0.00202791 ... 0.00247949 0.00241297 0.00260147],[0.00207441 0.00207444 0.00207447 ... 0.00221117 0.0022112  0.00221123],0.5081669762887083,0.07041360164807559
LAS_1.5Torr_SmallAdmixture_1kHzLaserFreq_CapCoupling,0,45.0,1.5,4.0,6,1.1762770700698304,0.013438398301656242,0.010732617894048122,0.4995188793946123,-1.3953188719702711e-06,[0.00242121 0.0022471  0.00223646 ... 0.00296507 0.00304695 0.00309855],[0.00232199 0.00232199 0.00232199 ... 0.00230805 0.00230804 0.00230804],0.6619012279698325,0.07040021208086289
LAS_1.5Torr_SmallAdmixture_1kHzLaserFreq_CapCoupling,0,45.0,1.5,4.0,8,1.1270676411471194,0.012717881360807556,0.010600652010789571,0.47862155901272124,-2.6980963397835004e-06,[0.00187841 0.00181569 0.00174672 ... 0.00279437 0.00264302 0.00285277],[0.00232986 0.00232985 0.00232984 ... 0.00230289 0.00230289 0.00230288],0.4536055127870667,0.07042249993719224
LAS_1.5Torr_SmallAdmixture_1kHzLaserFreq_CapCoupling,0,45.0,1.5,4.0,10,1.2450791205178677,0.014242175330011141,0.010746008196831674,0.5287364200696294,-2.763710515208711e-05,[0.00157564 0.00145783 0.00157834 ...        nan        nan        nan],[0.00253321 0.00253316 0.0025331  ... 0.00225701 0.00225695 0.0022569 ],,0.07039817304006134
LAS_1.5Torr_SmallAdmixture_1kHzLaserFreq_CapCoupling,0,45.0,1.5,2.0,2,1.1517179947939424,0.023760658732399742,0.019381175496585308,0.4890896003812493,5.786765239288646e-05,[0.00449669 0.00456918 0.00455758 ... 0.00505417 0.00504931 0.00509445],[0.0039793  0.00397942 0.00397953 ... 0.00455763 0.00455775 0.00455786],1.9508544903293399,0.08275987302977232
LAS_1.5Torr_SmallAdmixture_1kHzLaserFreq_CapCoupling,0,45.0,1.5,2.0,4,1.1920807743014006,0.024611789619591762,0.019395692945142443,0.5062300946592007,6.832475446732708e-05,[0.00397956 0.00400865 0.00399086 ... 0.00526492 0.00535922 0.00544321],[0.00379361 0.00379375 0.00379389 ... 0.00447645 0.00447659 0.00447672],2.4657010559805506,0.08273635226419815
LAS_1.5Torr_SmallAdmixture_1kHzLaserFreq_CapCoupling,0,45.0,1.5,2.0,6,1.1830998039042429,0.024182358797384684,0.01920193821872391,0.5024162276861769,7.73706416240067e-05,[0.00479156 0.0047209  0.00462433 ... 0.00551251 0.00562457 0.00565117],[0.00373151 0.00373166 0.00373182 ... 0.00450475 0.00450491 0.00450506],3.3524814690549185,0.0827721593278292
LAS_1.5Torr_SmallAdmixture_1kHzLaserFreq_CapCoupling,0,45.0,1.5,2.0,8,1.1959895741886066,0.02467361413563431,0.019380865368321502,0.5078900091377844,7.507877389718965e-05,[0.00426307 0.00423117 0.00428062 ... 0.0056575  0.00562995 0.00559954],[0.00385548 0.00385563 0.00385578 ... 0.00460582 0.00460597 0.00460612],2.894940155285825,0.08276015813943792
LAS_1.5Torr_SmallAdmixture_1kHzLaserFreq_CapCoupling,0,45.0,1.5,2.0,10,1.203367781892175,0.02469068668731122,0.019275363575282863,0.5110232454626312,5.911071744658684e-05,[0.00434547 0.00445455 0.00450543 ...        nan        nan        nan],[0.00411891 0.00411902 0.00411914 ... 0.00470966 0.00470978 0.00470989],,0.08284910324116479
LAS_1.5Torr_SmallAdmixture_1kHzLaserFreq_CapCoupling,0,45.0,1.5,10.0,1,1.2176956097889788,0.006075249208913656,0.0046869805051141696,0.5171077137543963,1.4469729857987826e-07,[0.00261658 0.0025319  0.00256878 ... 0.00367163 0.00365444 0.00384966],[0.00256943 0.00256943 0.00256943 ... 0.00257087 0.00257087 0.00257087],2.1448635830338842,0.058658342708333325
LAS_1.5Torr_SmallAdmixture_1kHzLaserFreq_CapCoupling,0,45.0,1.5,10.0,2,1.2326186610455507,0.006256205262938189,0.004768151442892927,0.5234449501339073,6.381032215092527e-06,[0.00274277 0.00288632 0.0029311  ... 0.00327459 0.00334017 0.00325156],[0.00254937 0.00254939 0.0025494  ... 0.00261315 0.00261316 0.00261317],2.1523381627610747,0.05867215625
LAS_1.5Torr_SmallAdmixture_1kHzLaserFreq_CapCoupling,0,45.0,1.5,10.0,3,1.2374661577094002,0.006135683969840528,0.004657978091504032,0.5255034924306228,2.0622575333548523e-05,[0.00282252 0.00302332 0.00295109 ... 0.00372393 0.00363259 0.00361338],[0.00244266 0.0024427  0.00244274 ... 0.00264876 0.0026488  0.00264884],2.450520980985765,0.05863576458333333
LAS_1.5Torr_SmallAdmixture_1kHzLaserFreq_CapCoupling,0,45.0,1.5,10.0,4,1.206019562480517,0.005965492628534344,0.004646861738732093,0.5121493529942609,2.0057325708668435e-05,[0.00285283 0.00298542 0.00295209 ... 0.00375223 0.00355911 0.0036984 ],[0.00253665 0.00253669 0.00253673 ... 0.0027371  0.00273714 0.00273718],2.2345797516624955,0.058653348813274
LAS_1.5Torr_SmallAdmixture_1kHzLaserFreq_CapCoupling,0,45.0,1.5,10.0,5,1.3971314275447404,0.007609520313631422,0.005116674719865393,0.5933070896406345,-5.896842911880677e-05,[0.00318748 0.00318453 0.00318171 ...        nan        nan        nan],[0.00336403 0.00336391 0.00336379 ... 0.0027747  0.00277458 0.00277446],,0.05863326799068987
LAS_1.5Torr_SmallAdmixture_1kHzLaserFreq_CapCoupling,0,45.0,1.5,0.0,1,1.2020344135496788,0.052213573884338775,0.0408069662633325,0.5104570160620832,4.4156784874982026e-05,[0.00043446 0.00046993 0.0004131  ... 0.00167656 0.00160421 0.00164039],[0.00064396 0.00064405 0.00064414 ... 0.00108526 0.00108535 0.00108544],1.0855652735639265,0.12435174375000002
LAS_1.5Torr_SmallAdmixture_1kHzLaserFreq_CapCoupling,0,45.0,1.5,0.0,2,1.1894661121354133,0.05136244992290736,0.040565930958973,0.50511974987022,4.182961124292312e-05,[0.00083786 0.00081178 0.00091625 ... 0.00161133 0.00164996 0.00182229],[0.00068961 0.00068969 0.00068978 ... 0.00110766 0.00110774 0.00110782],1.0982888915461244,0.1243799359375
LAS_1.5Torr_SmallAdmixture_1kHzLaserFreq_CapCoupling,0,45.0,1.5,0.0,3,1.1899320536093436,0.05124977705352789,0.04046109266751163,0.5053176169959537,3.5198794564207626e-05,[0.00093609 0.00092498 0.00100221 ... 0.00163659 0.00156939 0.00167603],[0.00091082 0.00091089 0.00091096 ... 0.00126259 0.00126266 0.00126273],1.0349286408850904,0.1243318359375
LAS_1.5Torr_SmallAdmixture_1kHzLaserFreq_CapCoupling,0,45.0,1.5,0.0,4,1.190360730428149,0.051356936741749654,0.04053109251820336,0.5054996592796984,4.753966799393363e-05,[0.00051253 0.00054949 0.00081385 ... 0.00169589 0.00182088 0.00173167],[0.00074631 0.0007464  0.0007465  ... 0.00122142 0.00122151 0.00122161],1.2303830119828352,0.12432594270833333
LAS_1.5Torr_SmallAdmixture_1kHzLaserFreq_CapCoupling,0,45.0,1.5,0.0,5,1.2005803792001184,0.051512849822117734,0.04030808123584012,0.5098395445263586,4.936786987573803e-06,[0.00094076 0.00093887 0.00094971 ...        nan        nan        nan],[0.00115624 0.00115625 0.00115626 ... 0.00120558 0.00120559 0.0012056 ],,0.12433701499875886
LAS_1.5Torr_SmallAdmixture_1kHzLaserFreq_CapCoupling,0,40.0,1.5,8.0,2,1.303136314482992,0.007541381767314783,0.005436618630286688,0.5533910403186945,3.108103748224391e-05,[0.00470017 0.00463023 0.00459457 ... 0.00559783 0.00567544 0.00564556],[0.00437716 0.00437722 0.00437729 ... 0.00468779 0.00468785 0.00468791],1.971253287839244,0.05894840630766649
LAS_1.5Torr_SmallAdmixture_1kHzLaserFreq_CapCoupling,0,40.0,1.5,8.0,4,1.2602431131589744,0.007317680534358202,0.005454901372449468,0.535175974834379,3.359330867066382e-05,[0.00447729 0.00463247 0.00439573 ... 0.00596809 0.0058606  0.00573171],[0.00443384 0.00443391 0.00443398 ... 0.00476958 0.00476964 0.00476971],2.150519051502744,0.05892891660375776
LAS_1.5Torr_SmallAdmixture_1kHzLaserFreq_CapCoupling,0,40.0,1.5,8.0,6,1.2222848799865693,0.006916126613144708,0.005315673351589111,0.5190565973675092,3.912789749517909e-05,[0.00493374 0.00484591 0.00494203 ... 0.00584835 0.00588155 0.00578211],[0.00449593 0.00449601 0.00449609 ... 0.00488697 0.00488705 0.00488713],2.712552720355755,0.058922746288374434
LAS_1.5Torr_SmallAdmixture_1kHzLaserFreq_CapCoupling,0,40.0,1.5,8.0,8,1.2087984368316789,0.006709154426601025,0.005214128000878143,0.5133294322776124,2.9794483825182124e-05,[0.00495221 0.00466214 0.00479925 ... 0.00603688 0.00609536 0.00598341],[0.00468415 0.00468421 0.00468427 ... 0.00498192 0.00498198 0.00498203],1.9670713372114588,0.05890164454370072
LAS_1.5Torr_SmallAdmixture_1kHzLaserFreq_CapCoupling,0,40.0,1.5,8.0,10,1.3466720755639678,0.008133466923517456,0.005673899512487453,0.5718789758077962,-2.1442859473204326e-05,[0.00479203 0.00487267 0.00494316 ...        nan        nan        nan],[0.00506818 0.00506814 0.0050681  ... 0.00485388 0.00485384 0.0048538 ],,0.0588910862169891
LAS_1.5Torr_SmallAdmixture_1kHzLaserFreq_CapCoupling,0,40.0,1.5,6.0,2,1.2242572390513102,0.009096666082777405,0.006980352623167669,0.5198941811433493,3.615677823028041e-05,[0.00588391 0.00580637 0.00588598 ... 0.00683424 0.00681152 0.0066457 ],[0.00537411 0.00537419 0.00537426 ... 0.00573547 0.00573554 0.00573561],1.6299894538936925,0.06229564650133601
LAS_1.5Torr_SmallAdmixture_1kHzLaserFreq_CapCoupling,0,40.0,1.5,6.0,4,1.2488796100167718,0.009214482292900028,0.006931355192636923,0.5303503393612219,4.7122514968612844e-05,[0.0053228  0.00537598 0.00538981 ... 0.00693266 0.00702385 0.00694876],[0.00530214 0.00530223 0.00530233 ... 0.00577308 0.00577318 0.00577327],2.035858831316651,0.06226460473029392
LAS_1.5Torr_SmallAdmixture_1kHzLaserFreq_CapCoupling,0,40.0,1.5,6.0,6,1.2199888600319393,0.008849902961475246,0.006814757927106508,0.5180815674668274,4.3682134485082006e-05,[0.00617657 0.00615491 0.00620014 ... 0.00728494 0.00707976 0.00735851],[0.00549389 0.00549398 0.00549407 ... 0.00593045 0.00593054 0.00593063],1.9326518798952155,0.06229986063052671
LAS_1.5Torr_SmallAdmixture_1kHzLaserFreq_CapCoupling,0,40.0,1.5,6.0,8,1.2143874614012515,0.008756683478342964,0.006774077597801055,0.5157028724822541,6.047872127695237e-05,[0.00528746 0.00534714 0.00509683 ... 0.00724216 0.00716941 0.00717844],[0.00537583 0.00537595 0.00537607 ... 0.00598025 0.00598037 0.0059805 ],2.3353214068494412,0.06227378788258696
LAS_1.5Torr_SmallAdmixture_1kHzLaserFreq_CapCoupling,0,40.0,1.5,6.0,10,1.3034115052553352,0.009726562605712643,0.007010445640973886,0.553507903079789,6.277499492965793e-06,[0.00557891 0.00563561 0.005679   ...        nan        nan        nan],[0.00587409 0.0058741  0.00587412 ... 0.00593683 0.00593684 0.00593685],,0.06227500346167802
LAS_1.5Torr_SmallAdmixture_1kHzLaserFreq_CapCoupling,0,40.0,1.5,2.0,2,1.22425275984741,0.025498157693922247,0.019566155504373534,0.5198922790005891,4.5149922150968986e-05,[0.00390862 0.00392056 0.00406366 ... 0.00560522 0.00558179 0.00564285],[0.00436357 0.00436366 0.00436375 ... 0.00481479 0.00481488 0.00481497],1.317841910597139,0.08007174475904116
LAS_1.5Torr_SmallAdmixture_1kHzLaserFreq_CapCoupling,0,40.0,1.5,2.0,4,1.186467525614958,0.02449390649240278,0.019394116031974856,0.5038463674192837,7.238835034877355e-05,[0.00415744 0.00419086 0.00418983 ... 0.0056861  0.00565536 0.005511  ],[0.00409921 0.00409935 0.0040995  ... 0.00482266 0.0048228  0.00482295],2.5027692892497297,0.08010131076171385
LAS_1.5Torr_SmallAdmixture_1kHzLaserFreq_CapCoupling,0,40.0,1.5,2.0,6,1.1664772060041855,0.02413486537270602,0.019437321304533094,0.4953572602992067,5.533465274408309e-05,[0.00434373 0.00442488 0.00446156 ... 0.00580321 0.00586525 0.00589891],[0.00438676 0.00438687 0.00438698 ... 0.00493978 0.00493989 0.00494   ],1.7378369101071545,0.08000614142236699
LAS_1.5Torr_SmallAdmixture_1kHzLaserFreq_CapCoupling,0,40.0,1.5,2.0,8,1.1995445079034976,0.024634329762465518,0.019292662808391786,0.5093996504891023,5.7108427938850354e-05,[0.00484915 0.00489381 0.00485844 ... 0.00566201 0.00559434 0.00560496],[0.00434814 0.00434825 0.00434837 ... 0.00491888 0.00491899 0.00491911],1.7268918488292788,0.08000299528104904
LAS_1.5Torr_SmallAdmixture_1kHzLaserFreq_CapCoupling,0,40.0,1.5,2.0,10,1.1543814911912944,0.023760580471084956,0.019336393755798,0.4902206831588791,2.9981043873241537e-05,[0.00432622 0.00437539 0.00427527 ...        nan        nan        nan],[0.00479842 0.00479848 0.00479854 ... 0.00509805 0.00509811 0.00509817],,0.08001756791871686
LAS_1.5Torr_SmallAdmixture_1kHzLaserFreq_CapCoupling,0,40.0,1.5,4.0,2,1.2090923082401217,0.013499562417823444,0.010488853576361964,0.5134542279744483,2.0763783624822086e-05,[0.00236566 0.00222524 0.00233983 ... 0.00365986 0.00365562 0.0034788 ],[0.0026966  0.00269664 0.00269668 ... 0.00290411 0.00290415 0.00290419],0.6665958492861642,0.06769021286958993
LAS_1.5Torr_SmallAdmixture_1kHzLaserFreq_CapCoupling,0,40.0,1.5,4.0,4,1.1887410055807803,0.013330559990260595,0.01053486414786745,0.5048118254680293,2.6767754461168303e-05,[0.00245605 0.00250914 0.00266035 ... 0.00350178 0.00362214 0.0034714 ],[0.00272381 0.00272387 0.00272392 ... 0.00299133 0.00299138 0.00299144],0.9378033227423929,0.06765349323115259
LAS_1.5Torr_SmallAdmixture_1kHzLaserFreq_CapCoupling,0,40.0,1.5,4.0,6,1.1832068989746878,0.013042261984381591,0.01035523636425101,0.5024617067751931,2.906655078601217e-05,[0.00293642 0.00292912 0.0027986  ... 0.00409079 0.00401281 0.0043279 ],[0.00283313 0.00283319 0.00283325 ... 0.00312362 0.00312368 0.00312374],1.117154132714287,0.06768576702455015
LAS_1.5Torr_SmallAdmixture_1kHzLaserFreq_CapCoupling,0,40.0,1.5,4.0,8,1.048357299743392,0.011430021030273943,0.010242488753394135,0.44519635458157214,2.7477066132934427e-05,[0.00259816 0.00261229 0.00248869 ... 0.00389774 0.00382147 0.00393427],[0.0028979  0.00289795 0.00289801 ... 0.0031725  0.00317256 0.00317261],0.7836033868469082,0.0676655146677051
LAS_1.5Torr_SmallAdmixture_1kHzLaserFreq_CapCoupling,0,40.0,1.5,4.0,10,1.1480472641989448,0.012586560589451144,0.010299475114896695,0.4875307846225914,-2.7048845196559414e-05,[0.00265556 0.00258537 0.00262813 ...        nan        nan        nan],[0.00332306 0.003323   0.00332295 ... 0.00305273 0.00305268 0.00305262],,0.06765597524709803
LAS_1.5Torr_SmallAdmixture_1kHzLaserFreq_CapCoupling,0,40.0,1.5,10.0,3,1.2444445774538735,0.005969563638094639,0.004506452694478381,0.5284669544408935,1.4340041276638542e-05,[0.00354115 0.00362065 0.00360281 ... 0.00463064 0.00445995 0.00426319],[0.00335189 0.00335192 0.00335195 ... 0.0034952  0.00349523 0.00349526],2.0953019590308877,0.05670707381722332
LAS_1.5Torr_SmallAdmixture_1kHzLaserFreq_CapCoupling,0,40.0,1.5,10.0,6,1.2722452547937517,0.006336254857301063,0.004678747276015851,0.5402728151046594,2.4074347908637023e-05,[0.00382154 0.00378703 0.00386472 ... 0.00439483 0.00420337 0.00441482],[0.00330047 0.00330051 0.00330056 ... 0.00354107 0.00354111 0.00354116],2.2347907523860315,0.056738516509195626
LAS_1.5Torr_SmallAdmixture_1kHzLaserFreq_CapCoupling,0,40.0,1.5,10.0,9,1.2152700145930992,0.005820054911360859,0.0044990631564640875,0.5160776583151291,2.7330319793334406e-05,[0.00387567 0.00395897 0.00392191 ... 0.00487458 0.00467404 0.00466017],[0.00337919 0.00337925 0.0033793  ... 0.00365233 0.00365239 0.00365244],2.5832259102025805,0.056667494021153335
LAS_1.5Torr_SmallAdmixture_1kHzLaserFreq_CapCoupling,0,40.0,1.5,10.0,12,1.2333551610416476,0.005787437838249546,0.004408247539027368,0.5237577128852059,2.8967799563668135e-05,[0.00357163 0.00368182 0.0035577  ... 0.00491106 0.00484641 0.00494677],[0.00343427 0.00343433 0.00343439 ... 0.00372378 0.00372383 0.00372389],2.1472149415845863,0.05665171902367959
LAS_1.5Torr_SmallAdmixture_1kHzLaserFreq_CapCoupling,0,40.0,1.5,10.0,15,1.3923230665842998,0.00745907040597386,0.005032832517102395,0.5912651667469565,-5.192892278659399e-05,[0.003721   0.00378627 0.00376001 ...        nan        nan        nan],[0.00428536 0.00428525 0.00428515 ... 0.00376638 0.00376627 0.00376617],,0.05668825344085399
LAS_1.5Torr_SmallAdmixture_1kHzLaserFreq_CapCoupling,0,40.0,1.5,0.0,3,1.217046342105772,0.057636460314930686,0.04448954617328219,0.5168319951556113,3.2088757252088456e-05,"[9.84432364e-05 3.34264016e-05 2.21016477e-04 ... 8.29866499e-04
 1.16822259e-03 1.12764415e-03]",[0.00049957 0.00049963 0.0004997  ... 0.00082026 0.00082033 0.00082039],1.108050402264643,0.11915982914301503
LAS_1.5Torr_SmallAdmixture_1kHzLaserFreq_CapCoupling,0,40.0,1.5,0.0,6,1.1822043768159396,0.055641770212277536,0.04421566542583667,0.5020359748128448,1.917025789167916e-05,[0.00048673 0.00050053 0.00047102 ... 0.00113734 0.00113604 0.00129267],[0.00059097 0.00059101 0.00059105 ... 0.00078256 0.0007826  0.00078263],0.6431450203940287,0.1191609442239748
LAS_1.5Torr_SmallAdmixture_1kHzLaserFreq_CapCoupling,0,40.0,1.5,0.0,9,1.1426624928298608,0.054381187802326134,0.04470936554060741,0.4852440827659265,2.5687223977205245e-05,[0.00079074 0.00078063 0.00088859 ... 0.00131619 0.00149811 0.00142554],[0.00055599 0.00055604 0.0005561  ... 0.00081271 0.00081276 0.00081281],0.7855491310747482,0.11924512106294269
LAS_1.5Torr_SmallAdmixture_1kHzLaserFreq_CapCoupling,0,40.0,1.5,0.0,12,1.1464293290753933,0.0546457458633117,0.04477925458147994,0.48684371083664946,4.19508468209915e-05,"[1.70480705e-04 1.55514038e-04 9.11096852e-05 ... 1.54250664e-03
 1.53983200e-03 1.47838538e-03]",[0.00028663 0.00028671 0.00028679 ... 0.00070588 0.00070597 0.00070605],1.0932406711336384,0.11917346965472783
LAS_1.5Torr_SmallAdmixture_1kHzLaserFreq_CapCoupling,0,40.0,1.5,0.0,15,1.1923745969225596,0.05631492164751334,0.044368889507765956,0.5063548696379847,9.486003971504798e-06,[0.00083389 0.00062799 0.0007988  ...        nan        nan        nan],[0.00057395 0.00057397 0.00057399 ... 0.00066875 0.00066877 0.00066879],,0.11927977284035671
LAS_1.5Torr_SmallAdmixture_1kHzLaserFreq_CapCoupling,0,35.0,1.5,8.0,2,1.289429716482402,0.007153761550053632,0.005212002016970969,0.5475703840738518,4.030477677348123e-05,[0.00482664 0.00505066 0.00488007 ... 0.00624446 0.00647205 0.00643836],[0.00477634 0.00477642 0.0047765  ... 0.00517915 0.00517923 0.00517931],2.3889859529847515,0.056643532158976925
LAS_1.5Torr_SmallAdmixture_1kHzLaserFreq_CapCoupling,0,35.0,1.5,8.0,4,1.2759982498024027,0.007033584277329055,0.005178385843414673,0.541866565343269,3.85497140398419e-05,[0.0055537  0.00554159 0.00563612 ... 0.00623042 0.00630375 0.00619167],[0.00491737 0.00491744 0.00491752 ... 0.00530263 0.00530271 0.00530279],2.0460958335038715,0.05665748077566032
LAS_1.5Torr_SmallAdmixture_1kHzLaserFreq_CapCoupling,0,35.0,1.5,8.0,6,1.2287163935587364,0.006641291250880241,0.005077719002111198,0.5217878097103541,4.064236864343186e-05,[0.00533294 0.00545762 0.00520457 ... 0.0065093  0.00683474 0.00662532],[0.00497466 0.00497475 0.00497483 ... 0.00538084 0.00538093 0.00538101],2.3631686030342367,0.05661647599047141
LAS_1.5Torr_SmallAdmixture_1kHzLaserFreq_CapCoupling,0,35.0,1.5,8.0,8,1.239360801273958,0.006746213081560119,0.005113639266591509,0.5263080734722,4.07253753913198e-05,[0.00512386 0.00520442 0.00508575 ... 0.00634101 0.00648482 0.00654735],[0.00495876 0.00495885 0.00495893 ... 0.00536577 0.00536586 0.00536594],2.3683215628473184,0.05661400033433635
LAS_1.5Torr_SmallAdmixture_1kHzLaserFreq_CapCoupling,0,35.0,1.5,8.0,10,1.3324178578422332,0.007543280859650313,0.0053184811367907505,0.5658257668792357,-2.1130716744699056e-05,[0.00567376 0.00563301 0.00559244 ...        nan        nan        nan],[0.00566733 0.00566729 0.00566724 ... 0.00545615 0.00545611 0.00545606],,0.05664899481892602
LAS_1.5Torr_SmallAdmixture_1kHzLaserFreq_CapCoupling,0,35.0,1.5,4.0,2,1.1487025207617623,0.012025756987006732,0.009834960935477902,0.4878090464643827,2.440700189980515e-05,[0.00201483 0.0020761  0.00210766 ... 0.00352695 0.00350137 0.00352393],[0.00253088 0.00253092 0.00253097 ... 0.0027748  0.00277485 0.0027749 ],0.6863784310782673,0.06471265297422008
LAS_1.5Torr_SmallAdmixture_1kHzLaserFreq_CapCoupling,0,35.0,1.5,4.0,4,1.169520290089683,0.012180691100718921,0.009784349529722954,0.496649539126168,2.607587161321842e-05,[0.00166109 0.0018707  0.00191564 ... 0.0033932  0.00353827 0.00330513],[0.0026109  0.00261095 0.002611   ... 0.0028715  0.00287155 0.00287161],0.8228104223416022,0.06474361823736918
LAS_1.5Torr_SmallAdmixture_1kHzLaserFreq_CapCoupling,0,35.0,1.5,4.0,6,1.1143426041629312,0.011602286084179172,0.009781210935395997,0.4732177333526501,2.6870378463798497e-05,[0.00266644 0.00259315 0.0025214  ... 0.00366661 0.00374426 0.00378204],[0.00274964 0.00274969 0.00274974 ... 0.00301818 0.00301823 0.00301829],0.8068595896963089,0.06475289177700873
LAS_1.5Torr_SmallAdmixture_1kHzLaserFreq_CapCoupling,0,35.0,1.5,4.0,8,1.175443085257939,0.012222926551844527,0.009768803782695085,0.4991647186536881,2.624149709194643e-05,[0.00209699 0.00200187 0.00191858 ... 0.00396839 0.00389068 0.00395396],[0.00284201 0.00284207 0.00284212 ... 0.00310427 0.00310432 0.00310438],0.8517977700756582,0.06472214855635804
LAS_1.5Torr_SmallAdmixture_1kHzLaserFreq_CapCoupling,0,35.0,1.5,4.0,10,1.195447969130054,0.012698802506594395,0.009979295442043205,0.5076600106460968,-8.876180974660553e-06,[0.00251986 0.00256454 0.00267484 ...        nan        nan        nan],[0.00317176 0.00317175 0.00317173 ... 0.00308306 0.00308304 0.00308302],,0.0646997707794695
LAS_1.5Torr_SmallAdmixture_1kHzLaserFreq_CapCoupling,0,35.0,1.5,6.0,2,1.2595852771583897,0.008761594589822218,0.006534665598109518,0.5348966176062235,4.368909812394011e-05,[0.00600636 0.00597288 0.00594396 ... 0.00660622 0.00679513 0.00668484],[0.00545619 0.00545628 0.00545636 ... 0.00589282 0.00589291 0.00589299],1.7127587175565941,0.05969344611748593
LAS_1.5Torr_SmallAdmixture_1kHzLaserFreq_CapCoupling,0,35.0,1.5,6.0,4,1.277252986322273,0.00855342969106052,0.006291166118668383,0.5423994028832407,6.553249507065259e-05,[0.00545078 0.00574252 0.00530046 ... 0.00701274 0.00710792 0.00709178],[0.0052393  0.00523943 0.00523956 ... 0.00589423 0.00589436 0.00589449],2.5616886949181636,0.05969038328239047
LAS_1.5Torr_SmallAdmixture_1kHzLaserFreq_CapCoupling,0,35.0,1.5,6.0,6,1.1917493179361893,0.008049038717661128,0.0063449308636168876,0.5060893381007916,5.3026085389904054e-05,[0.0053957  0.00551772 0.00542166 ... 0.00722074 0.00715528 0.0071094 ],[0.00535776 0.00535787 0.00535798 ... 0.00588771 0.00588781 0.00588792],2.2239475485797198,0.05970157714085282
LAS_1.5Torr_SmallAdmixture_1kHzLaserFreq_CapCoupling,0,35.0,1.5,6.0,8,1.2112461773385907,0.008156588613966492,0.0063262147318507034,0.5143688919645966,5.5954324574338015e-05,[0.00576827 0.00565893 0.00582606 ... 0.00722974 0.00706855 0.00722889],[0.00530339 0.0053035  0.00530361 ... 0.00586259 0.0058627  0.00586282],2.3414494993232933,0.05967461657146198
LAS_1.5Torr_SmallAdmixture_1kHzLaserFreq_CapCoupling,0,35.0,1.5,6.0,10,1.2845054819436166,0.009159073024479191,0.006698589269162658,0.545479254202091,1.9711784400192062e-07,[0.00526392 0.00537386 0.00508158 ...        nan        nan        nan],[0.00576107 0.00576107 0.00576107 ... 0.00576304 0.00576304 0.00576304],,0.05972145820198315
LAS_1.5Torr_SmallAdmixture_1kHzLaserFreq_CapCoupling,0,35.0,1.5,2.0,2,1.180281559916826,0.02304598493340534,0.01834329884160621,0.501219429657655,1.2433383642315184e-05,[0.00429329 0.00421476 0.00418825 ... 0.00540221 0.00536412 0.00526702],[0.00468199 0.00468202 0.00468204 ... 0.00480625 0.00480627 0.0048063 ],0.4723231093022518,0.07595448946759842
LAS_1.5Torr_SmallAdmixture_1kHzLaserFreq_CapCoupling,0,35.0,1.5,2.0,4,1.1759828566154782,0.0228705755576415,0.018270224895966143,0.49939393844425267,2.5430666821909964e-05,[0.00480652 0.00495057 0.0048477  ... 0.0053508  0.00517268 0.00537473],[0.00451491 0.00451496 0.00451502 ... 0.00476907 0.00476912 0.00476917],0.6392366146685902,0.07595709062306236
LAS_1.5Torr_SmallAdmixture_1kHzLaserFreq_CapCoupling,0,35.0,1.5,2.0,6,1.1632914738265774,0.022734507580499073,0.01835966687157601,0.4940044044050459,1.8060422607855333e-05,[0.00492203 0.00477263 0.00474294 ... 0.005309   0.00541268 0.00525243],[0.00464914 0.00464918 0.00464922 ... 0.00482964 0.00482967 0.00482971],0.6757230088252258,0.0759231111641781
LAS_1.5Torr_SmallAdmixture_1kHzLaserFreq_CapCoupling,0,35.0,1.5,2.0,8,1.1826110968633037,0.02308319667295448,0.018336725846430788,0.502208692914265,3.3376100638826686e-05,[0.00492207 0.00464476 0.00470335 ... 0.00551865 0.00552218 0.0054994 ],[0.00451295 0.00451302 0.00451309 ... 0.00484651 0.00484658 0.00484665],0.7109957613034754,0.0759581222872991
LAS_1.5Torr_SmallAdmixture_1kHzLaserFreq_CapCoupling,0,35.0,1.5,2.0,10,1.1760422349329702,0.022868060501399275,0.018267293374712834,0.49941915409400783,1.9111505828337973e-05,[0.00432882 0.00434925 0.00425678 ...        nan        nan        nan],[0.00463961 0.00463965 0.00463968 ... 0.00483061 0.00483065 0.00483069],,0.07598619794667896
LAS_1.5Torr_SmallAdmixture_1kHzLaserFreq_CapCoupling,0,35.0,1.5,10.0,2,1.2344139326623935,0.005794913360475421,0.00441015569706323,0.5242073317947188,3.0870931516701896e-05,[0.00417301 0.00428081 0.00415994 ... 0.00512685 0.0051164  0.00509444],[0.00368481 0.00368487 0.00368493 ... 0.00399334 0.0039934  0.00399346],2.1808228850538938,0.05448922951839421
LAS_1.5Torr_SmallAdmixture_1kHzLaserFreq_CapCoupling,0,35.0,1.5,10.0,4,1.2239960331463924,0.005621531874973963,0.0043146190540939945,0.5197832572086439,3.110565161536546e-05,[0.00372563 0.0039319  0.00389568 ... 0.00505501 0.00500125 0.00509524],[0.00358152 0.00358159 0.00358165 ... 0.00389239 0.00389246 0.00389252],2.0495247139973714,0.05448312096330045
LAS_1.5Torr_SmallAdmixture_1kHzLaserFreq_CapCoupling,0,35.0,1.5,10.0,6,1.2064767308543758,0.00546793202871331,0.004257669504766534,0.5123434945274211,2.1794987653870263e-05,[0.00398671 0.00409427 0.00387645 ... 0.00496991 0.00481525 0.00494513],[0.00377435 0.00377439 0.00377443 ... 0.00399217 0.00399221 0.00399225],2.287143252825273,0.05449096540746675
LAS_1.5Torr_SmallAdmixture_1kHzLaserFreq_CapCoupling,0,35.0,1.5,10.0,8,1.2284096390243824,0.005461037908012063,0.004176377674187771,0.5216575430536721,2.9084756878122112e-05,[0.00393836 0.00388204 0.00399156 ... 0.00502652 0.00502904 0.00494834],[0.00369626 0.00369632 0.00369638 ... 0.00398693 0.00398699 0.00398705],2.459207253161794,0.05448153183881573
LAS_1.5Torr_SmallAdmixture_1kHzLaserFreq_CapCoupling,0,35.0,1.5,10.0,10,1.3503865316875736,0.006864304585939996,0.004775361327339538,0.5734563600887921,-3.291585557975876e-05,[0.00383857 0.00380609 0.00376979 ...        nan        nan        nan],[0.00415213 0.00415206 0.004152   ... 0.00382317 0.0038231  0.00382304],,0.05449508317118767
LAS_1.5Torr_SmallAdmixture_1kHzLaserFreq_CapCoupling,0,30.0,1.5,8.0,2,1.238076522571662,0.006402036270913612,0.0048577865930217005,0.5257626905224471,2.74160376111763e-05,[0.00493802 0.00475711 0.00488206 ... 0.00577027 0.0057756  0.00562876],[0.00453911 0.00453917 0.00453922 ... 0.00481311 0.00481316 0.00481322],1.8462291577335979,0.05409401412273669
LAS_1.5Torr_SmallAdmixture_1kHzLaserFreq_CapCoupling,0,30.0,1.5,8.0,4,1.27678581932235,0.006556391816131073,0.004824081527709854,0.5422010153245359,3.8832406106660057e-05,[0.00439362 0.00445223 0.00450035 ... 0.00599823 0.00591655 0.00578672],[0.00453907 0.00453914 0.00453922 ... 0.00492716 0.00492724 0.00492731],2.1847133952200486,0.05410413169389323
LAS_1.5Torr_SmallAdmixture_1kHzLaserFreq_CapCoupling,0,30.0,1.5,8.0,6,1.271753770115488,0.0064366383309950774,0.004754708135911223,0.5400641007787809,4.0892813147573846e-05,[0.00470202 0.00482061 0.00474345 ... 0.00623416 0.00619625 0.00606571],[0.00462088 0.00462096 0.00462104 ... 0.00502956 0.00502964 0.00502973],2.165198900092421,0.054167713239961245
LAS_1.5Torr_SmallAdmixture_1kHzLaserFreq_CapCoupling,0,30.0,1.5,8.0,8,1.2507789265663376,0.0064815535471427575,0.004868176859030989,0.5311569048368189,3.831291157316159e-05,[0.00508736 0.00513549 0.00521669 ... 0.00599141 0.00609603 0.006116  ],[0.0047762  0.00477628 0.00477636 ... 0.0051591  0.00515918 0.00515925],2.039431863215849,0.05415507449722723
LAS_1.5Torr_SmallAdmixture_1kHzLaserFreq_CapCoupling,0,30.0,1.5,8.0,10,1.346221728947898,0.00731191290952389,0.005102490487343652,0.5716877312084392,-2.900625213380218e-05,[0.00538128 0.00523274 0.00519605 ...        nan        nan        nan],[0.00526773 0.00526767 0.00526762 ... 0.00497784 0.00497778 0.00497773],,0.05418407232659374
LAS_1.5Torr_SmallAdmixture_1kHzLaserFreq_CapCoupling,0,35.0,1.5,0.0,3,1.1731916517284042,0.055217793242819856,0.04421583919678583,0.49820862286442147,7.975728708473167e-06,"[-0.00071743 -0.00083762 -0.00067672 ...  0.00041212  0.0003328
  0.00043576]","[9.66213655e-05 9.66373169e-05 9.66532684e-05 ... 1.76330798e-04
 1.76346750e-04 1.76362701e-04]",0.7003688407932601,0.11614516608845761
LAS_1.5Torr_SmallAdmixture_1kHzLaserFreq_CapCoupling,0,35.0,1.5,0.0,6,1.1684605859366477,0.05464082620231202,0.04393098893639853,0.4961995242066536,1.881211421528718e-05,"[ 1.44472563e-05 -2.63713007e-05 -2.52681009e-04 ...  6.31660069e-04
  6.62251297e-04  7.71201998e-04]","[-3.62701369e-06 -3.58938946e-06 -3.55176523e-06 ...  1.84381256e-04
  1.84418880e-04  1.84456504e-04]",0.8684341759559937,0.11619257766018068
LAS_1.5Torr_SmallAdmixture_1kHzLaserFreq_CapCoupling,0,35.0,1.5,0.0,9,1.1705387032346812,0.05459734742898926,0.04381810131623285,0.49708201936904134,2.7964744832615217e-05,[0.0005357  0.00039842 0.00054891 ... 0.00092085 0.00097483 0.00109725],"[6.79992935e-05 6.80552230e-05 6.81111525e-05 ... 3.47478953e-04
 3.47534883e-04 3.47590812e-04]",0.6059044170367082,0.11614982600479352
LAS_1.5Torr_SmallAdmixture_1kHzLaserFreq_CapCoupling,0,35.0,1.5,0.0,12,1.1505595577119687,0.053856398259072465,0.04397400193839733,0.4885976574472581,2.5728467667654238e-05,[0.00023551 0.00016498 0.00035917 ... 0.00062682 0.00071668 0.00059031],"[8.09111251e-06 8.14256945e-06 8.19402639e-06 ... 2.65221418e-04
 2.65272875e-04 2.65324332e-04]",0.7289061319642108,0.11619722110485384
LAS_1.5Torr_SmallAdmixture_1kHzLaserFreq_CapCoupling,0,35.0,1.5,0.0,15,1.1526064258091397,0.05404668471114208,0.04405100411628362,0.48946688229587887,-3.8024041690883074e-06,[0.00025445 0.00013064 0.00010297 ...        nan        nan        nan],[0.00039504 0.00039503 0.00039502 ... 0.00035704 0.00035703 0.00035702],,0.11618009218034889
LAS_1.5Torr_SmallAdmixture_1kHzLaserFreq_CapCoupling,0,30.0,1.5,6.0,2,1.2068476368987442,0.007563359775574843,0.005887488949020148,0.5125010038220915,5.973489227652097e-05,[0.00463379 0.00456561 0.00457869 ... 0.00615384 0.00581682 0.00600583],[0.00439867 0.00439879 0.00439891 ... 0.00499567 0.00499578 0.0049959 ],2.1502427247232223,0.0567641889768728
LAS_1.5Torr_SmallAdmixture_1kHzLaserFreq_CapCoupling,0,30.0,1.5,6.0,4,1.1450363060348112,0.007332636758688505,0.006016012143868158,0.48625214841831454,4.616812059502223e-05,[0.00489238 0.00470186 0.00474178 ... 0.00653553 0.00654657 0.00642741],[0.0047643  0.00476439 0.00476448 ... 0.0052257  0.00522579 0.00522589],1.6880357368575674,0.05677378812636165
LAS_1.5Torr_SmallAdmixture_1kHzLaserFreq_CapCoupling,0,30.0,1.5,6.0,6,1.2092909082264607,0.007709623425950974,0.005989218641936687,0.5135385656234156,6.505652324044675e-05,[0.00497204 0.00488955 0.00505411 ... 0.00653776 0.00649807 0.00648703],[0.00460163 0.00460176 0.00460189 ... 0.0052518  0.00525193 0.00525206],2.564601016651033,0.05676480224568461
LAS_1.5Torr_SmallAdmixture_1kHzLaserFreq_CapCoupling,0,30.0,1.5,6.0,8,1.1688280694296642,0.007404511019552981,0.0059513232649389455,0.49635558007758607,6.011962924414196e-05,[0.00531604 0.00554769 0.00540265 ... 0.00638694 0.00626952 0.00626586],[0.00467992 0.00468004 0.00468016 ... 0.00528076 0.00528088 0.005281  ],2.0728275310985147,0.05681077069716775
LAS_1.5Torr_SmallAdmixture_1kHzLaserFreq_CapCoupling,0,30.0,1.5,6.0,10,1.3935724118799335,0.009090633433164092,0.0061281924507870745,0.591795714844791,8.147980794808652e-06,[0.00495208 0.00498771 0.00493202 ...        nan        nan        nan],[0.00516806 0.00516807 0.00516809 ... 0.00524949 0.00524951 0.00524952],,0.05678503755200245
LAS_1.5Torr_SmallAdmixture_1kHzLaserFreq_CapCoupling,0,30.0,1.5,4.0,2,1.1725499338843322,0.011460990803383343,0.009182450742941488,0.4979361103871194,7.490612022174427e-05,[0.00230709 0.00234107 0.00233542 ... 0.00399083 0.00398981 0.00402384],[0.00217904 0.00217919 0.00217934 ... 0.00292765 0.0029278  0.00292795],3.09081316488509,0.06158494139418824
LAS_1.5Torr_SmallAdmixture_1kHzLaserFreq_CapCoupling,0,30.0,1.5,4.0,4,1.1272304272766815,0.010777223970765706,0.008981771352191947,0.47869068791703207,4.391010639802201e-05,[0.00234971 0.00241859 0.00221333 ... 0.00399342 0.0038475  0.00399277],[0.00272843 0.00272852 0.00272861 ... 0.00316727 0.00316736 0.00316745],1.3196119819966357,0.06154516601155008
LAS_1.5Torr_SmallAdmixture_1kHzLaserFreq_CapCoupling,0,30.0,1.5,4.0,6,1.1812921632245295,0.011278051597545075,0.008969010742364667,0.501648593367993,3.5456439867552986e-05,[0.00285898 0.00283545 0.00249651 ... 0.00408184 0.00398215 0.00409861],[0.00302897 0.00302904 0.00302911 ... 0.00338332 0.00338339 0.00338346],1.0659116259097596,0.061580552217381866
LAS_1.5Torr_SmallAdmixture_1kHzLaserFreq_CapCoupling,0,30.0,1.5,4.0,8,1.0758748609834121,0.010279910110043153,0.008976258419337555,0.4568819869075269,4.418023147514572e-05,[0.00306758 0.00329844 0.00317131 ... 0.00396663 0.00413378 0.00408138],[0.00297901 0.0029791  0.00297919 ... 0.00342055 0.00342063 0.00342072],1.144689759222929,0.0616078746474054
LAS_1.5Torr_SmallAdmixture_1kHzLaserFreq_CapCoupling,0,30.0,1.5,4.0,10,1.221777252659601,0.011937791057502825,0.009179092113830705,0.518841027889901,4.444830446953232e-06,[0.0027535  0.00283268 0.00278684 ...        nan        nan        nan],[0.00337408 0.00337409 0.0033741  ... 0.0034185  0.00341851 0.00341852],,0.061631095639218376
LAS_1.5Torr_SmallAdmixture_1kHzLaserFreq_CapCoupling,0,30.0,1.5,2.0,2,1.177616493282202,0.022594442544205028,0.018024596070579168,0.5000876800616518,4.100175410289014e-05,[0.00342124 0.00325796 0.00317825 ... 0.00441087 0.00446144 0.00450191],[0.00372406 0.00372414 0.00372422 ... 0.00413383 0.00413391 0.00413399],0.8816962110532345,0.07144593251474629
LAS_1.5Torr_SmallAdmixture_1kHzLaserFreq_CapCoupling,0,30.0,1.5,2.0,4,1.1567059895165748,0.022368850096519576,0.018167219546513527,0.49120780671007586,4.8175128405375056e-05,[0.00358869 0.00340075 0.0036421  ... 0.00497905 0.00515903 0.00505759],[0.00382786 0.00382795 0.00382805 ... 0.00430932 0.00430942 0.00430951],1.1598200907148,0.07145784947047389
LAS_1.5Torr_SmallAdmixture_1kHzLaserFreq_CapCoupling,0,30.0,1.5,2.0,6,1.180819995642708,0.022655450630430344,0.018024233131639564,0.5014480822576778,3.1804392440303516e-05,[0.00351615 0.00341283 0.00342111 ... 0.00495096 0.00508994 0.00499831],[0.00410212 0.00410218 0.00410224 ... 0.00441997 0.00442003 0.0044201 ],0.9081849855264315,0.07144741776811739
LAS_1.5Torr_SmallAdmixture_1kHzLaserFreq_CapCoupling,0,30.0,1.5,2.0,8,1.1647655580773146,0.022328066955361353,0.018008618398532652,0.49463039034985207,4.259812982300384e-05,[0.00384617 0.00379382 0.00387013 ... 0.00495674 0.00521158 0.00501765],[0.00394923 0.00394932 0.0039494  ... 0.00437496 0.00437505 0.00437513],1.0299484522431932,0.07141451496037929
LAS_1.5Torr_SmallAdmixture_1kHzLaserFreq_CapCoupling,0,30.0,1.5,2.0,10,1.1659762609298525,0.022274292020709446,0.01794659203799652,0.4951445285130177,3.2294336446066834e-05,[0.00387619 0.00409569 0.00400321 ...        nan        nan        nan],[0.00414089 0.00414095 0.00414101 ... 0.00446364 0.0044637  0.00446376],,0.07148025592095195
LAS_1.5Torr_SmallAdmixture_1kHzLaserFreq_CapCoupling,0,30.0,1.5,10.0,2,1.2502294195042751,0.005743869532135693,0.004316011988115709,0.530923550673208,2.2099729505475474e-05,[0.0040047  0.00405223 0.00396473 ... 0.00518853 0.00499888 0.00512126],[0.00345348 0.00345353 0.00345357 ... 0.00367435 0.00367439 0.00367444],2.1248633421112264,0.05254585428445156
LAS_1.5Torr_SmallAdmixture_1kHzLaserFreq_CapCoupling,0,30.0,1.5,10.0,4,1.2078501430365596,0.005487327225273446,0.004267913354619989,0.512926728980976,2.5116611620390315e-05,[0.00381483 0.00395933 0.00394317 ... 0.00514549 0.005143   0.00517383],[0.00358422 0.00358427 0.00358432 ... 0.00383523 0.00383528 0.00383533],2.3481918012284284,0.052620271405580295
LAS_1.5Torr_SmallAdmixture_1kHzLaserFreq_CapCoupling,0,30.0,1.5,10.0,6,1.2077194528621793,0.005377340747387413,0.0041828210569883565,0.5128712299738838,3.191034080787325e-05,[0.00381362 0.00387513 0.00395358 ... 0.00530909 0.00538593 0.00537728],[0.00367953 0.0036796  0.00367966 ... 0.00399845 0.00399851 0.00399857],2.4131274370575344,0.05260172758126116
LAS_1.5Torr_SmallAdmixture_1kHzLaserFreq_CapCoupling,0,30.0,1.5,10.0,8,1.2103642929626606,0.0053820005779389255,0.004177297699788367,0.5139943901516911,4.055181532141954e-05,[0.004409   0.00448008 0.00439412 ... 0.0053896  0.00538878 0.00531295],[0.00364666 0.00364675 0.00364683 ... 0.00405194 0.00405202 0.0040521 ],2.4464584290044837,0.05262364755841297
LAS_1.5Torr_SmallAdmixture_1kHzLaserFreq_CapCoupling,0,30.0,1.5,10.0,10,1.3115831313080677,0.0063388391185944,0.0045402701739143585,0.5569780731549827,-2.3301010716539167e-05,[0.00412183 0.00418709 0.00423273 ...        nan        nan        nan],[0.00427759 0.00427755 0.0042775  ... 0.00404472 0.00404468 0.00404463],,0.05256369825084021
LAS_1.5Torr_SmallAdmixture_1kHzLaserFreq_CapCoupling,0,30.0,1.5,0.0,3,1.1378141977342435,0.05964037931306379,0.049242130880463884,0.48318520140645793,2.2831939170311418e-05,"[-0.00011187 -0.00011468 -0.00017096 ...  0.00069385  0.0007241
  0.0006991 ]",[0.00028956 0.0002896  0.00028965 ... 0.00051774 0.00051779 0.00051783],0.9318354649978726,0.11098313063289443
LAS_1.5Torr_SmallAdmixture_1kHzLaserFreq_CapCoupling,0,30.0,1.5,0.0,6,1.177607153619399,0.06120995249818049,0.04883030051871651,0.5000837138720389,2.0724127845147453e-05,[0.00033723 0.00022032 0.00031367 ... 0.00064181 0.00060356 0.00049274],[0.00027934 0.00027938 0.00027943 ... 0.00048646 0.0004865  0.00048654],0.8630119118703123,0.11097995715649815
LAS_1.5Torr_SmallAdmixture_1kHzLaserFreq_CapCoupling,0,30.0,1.5,0.0,9,1.1475569533156653,0.05957253173509587,0.04876852250057567,0.48732256876154756,2.1903705534152894e-05,[0.00061414 0.00071033 0.00064191 ... 0.00041234 0.00050255 0.00073864],[0.00035858 0.00035863 0.00035867 ... 0.00057749 0.00057753 0.00057758],0.8702970041300013,0.11098501367390355
LAS_1.5Torr_SmallAdmixture_1kHzLaserFreq_CapCoupling,0,30.0,1.5,0.0,12,1.1589175713319395,0.0605484927092436,0.049081584943753837,0.4921469790345308,2.074415710791211e-05,[0.00080179 0.00067257 0.00058945 ... 0.00073487 0.00087112 0.00077715],[0.00038409 0.00038413 0.00038417 ... 0.00059141 0.00059145 0.00059149],0.6463360746382397,0.11099068263480577
LAS_1.5Torr_SmallAdmixture_1kHzLaserFreq_CapCoupling,0,30.0,1.5,0.0,15,1.1807300874209115,0.061758052497335875,0.04913723923358023,0.5014099017512793,9.06014293210321e-06,[0.00027894 0.00033619 0.00046018 ...        nan        nan        nan],[0.00049921 0.00049923 0.00049925 ... 0.00058976 0.00058978 0.0005898 ],,0.11097389275378983
