power,pressure,n2_flow,freq,trial,run_id,Measured Pressure,delivered_power,delivered_power_error,gamma,gamma_error,forward_power,forward_power_error,reverse_power,reverse_power_error,Nitrogen_Gas_Flow,Argon_Gas_Flow,basename,df_source,run_id_off,row_uid,period,period_label,fwhm,fwhm_err,area,area_err,A,A_err,sigma,sigma_err,offset,slope,Chi^2,k_chi2,k_struct,inflate,sigma_noise,rel_axis,n_points
30,0.7,1.0,2420,0,33a310dd,0.708,30.0,0.0816496580927737,0.437464693743467,0.0004813876592501,37.1,0.0816496580927737,7.099999999999999,8.881784197001252e-16,0.804,79.2,Scope_TrialNumber_0_30.00W_0.70Torr_1.00NitrogenFlow_2420.00MHz.csv,/home/user/MiniChamberDataAnalysis/TestData/Nafisa_Requested_Data_0.7Torr/LAS_DataFrame_33a310dd_Laser_True_20260922_151050.csv,34299012,33a310dd|Scope_TrialNumber_0_30.00W_0.70Torr_1.00NitrogenFlow_2420.00MHz.csv,0,leading partial,2.790409171137298,19370523.902291834,7.087526559310543e-12,0.0017408424665061096,2.3861327336723364e-12,0.0005849575735237238,1.1849776703852646,8225904.116608303,-0.007539794522063112,4.999923820802371e-05,0.950830070953697,1.0,1.5203798284966077,1.5203798284966077,0.004329805837567961,0.012875587005467953,6219
30,0.7,1.0,2420,0,33a310dd,0.708,30.0,0.0816496580927737,0.437464693743467,0.0004813876592501,37.1,0.0816496580927737,7.099999999999999,8.881784197001252e-16,0.804,79.2,Scope_TrialNumber_0_30.00W_0.70Torr_1.00NitrogenFlow_2420.00MHz.csv,/home/user/MiniChamberDataAnalysis/TestData/Nafisa_Requested_Data_0.7Torr/LAS_DataFrame_33a310dd_Laser_True_20260922_151050.csv,34299012,33a310dd|Scope_TrialNumber_0_30.00W_0.70Torr_1.00NitrogenFlow_2420.00MHz.csv,6,full 5,1.4541400342107285,0.03719061092534189,0.32056697836514275,0.007479738144181343,0.2071001160213417,0.004450681245227541,0.6175164158633688,0.015793398312461324,-0.006924455920385255,8.64138768989749e-05,2.927753297334216,1.7110678821526093,15.591989880002203,26.678953102520286,0.004668229611109287,0.0146316299489461,23525
30,0.7,1.0,2420,0,33a310dd,0.708,30.0,0.0816496580927737,0.437464693743467,0.0004813876592501,37.1,0.0816496580927737,7.099999999999999,8.881784197001252e-16,0.804,79.2,Scope_TrialNumber_0_30.00W_0.70Torr_1.00NitrogenFlow_2420.00MHz.csv,/home/user/MiniChamberDataAnalysis/TestData/Nafisa_Requested_Data_0.7Torr/LAS_DataFrame_33a310dd_Laser_True_20260922_151050.csv,34299012,33a310dd|Scope_TrialNumber_0_30.00W_0.70Torr_1.00NitrogenFlow_2420.00MHz.csv,11,full 10,1.4779574624969032,0.03487318430487537,0.325258880276871,0.007017148655641939,0.2067450012018459,0.004133254246652877,0.6276307463984911,0.01480927783779632,-0.007018300145956324,8.256873784806428e-05,2.614624496734365,1.6169800545258326,15.083335167202302,24.389452121094187,0.004739252373741848,0.013690047851328114,23596
30,0.7,1.0,2420,0,33a310dd,0.708,30.0,0.0816496580927737,0.437464693743467,0.0004813876592501,37.1,0.0816496580927737,7.099999999999999,8.881784197001252e-16,0.804,79.2,Scope_TrialNumber_0_30.00W_0.70Torr_1.00NitrogenFlow_2420.00MHz.csv,/home/user/MiniChamberDataAnalysis/TestData/Nafisa_Requested_Data_0.7Torr/LAS_DataFrame_33a310dd_Laser_True_20260922_151050.csv,34299012,33a310dd|Scope_TrialNumber_0_30.00W_0.70Torr_1.00NitrogenFlow_2420.00MHz.csv,16,full 15,1.4745138519989907,0.029086413059943795,0.32776789683433594,0.005918570598154897,0.20882637394671788,0.003530342473276958,0.6261683796647022,0.012351862351996206,-0.007003938873345513,6.776044718732116e-05,2.187556560419987,1.4790390665631477,14.115027863134374,20.876677635203084,0.004702329558331706,0.01571785070199107,23528
30,0.7,1.0,2420,0,33a310dd,0.708,30.0,0.0816496580927737,0.437464693743467,0.0004813876592501,37.1,0.0816496580927737,7.099999999999999,8.881784197001252e-16,0.804,79.2,Scope_TrialNumber_0_30.00W_0.70Torr_1.00NitrogenFlow_2420.00MHz.csv,/home/user/MiniChamberDataAnalysis/TestData/Nafisa_Requested_Data_0.7Torr/LAS_DataFrame_33a310dd_Laser_True_20260922_151050.csv,34299012,33a310dd|Scope_TrialNumber_0_30.00W_0.70Torr_1.00NitrogenFlow_2420.00MHz.csv,21,trailing partial,1.6474482773349113,0.9030716587435973,0.004995066272785439,0.0052159178846767126,0.002848375594419958,0.0014882212485037539,0.6996068683937413,0.3834992234965998,-0.008851768603445793,-0.001300047013060054,0.9419562451614835,1.0,1.0,1.0,0.00562784701365635,0.10506424792138966,3970
35,0.7,1.0,2420,0,33a310dd,0.708,34.96666666666667,0.0471404520791038,0.4422129801957014,0.000239932400202,43.46666666666667,0.0471404520791038,8.5,0.0,0.805,79.19,Scope_TrialNumber_0_35.00W_0.70Torr_1.00NitrogenFlow_2420.00MHz.csv,/home/user/MiniChamberDataAnalysis/TestData/Nafisa_Requested_Data_0.7Torr/LAS_DataFrame_33a310dd_Laser_True_20260922_151050.csv,34299012,33a310dd|Scope_TrialNumber_0_35.00W_0.70Torr_1.00NitrogenFlow_2420.00MHz.csv,0,leading partial,4.348518792096238,5.92885991317854,0.006227310414244651,0.02134484691541109,0.001345324196323842,0.0028248850334784323,1.8466459045447292,2.517754987558133,-0.003914236082333769,0.0003323882730552839,1.022673889680202,1.0112734000655816,1.2209135836921412,1.2346774309666058,0.0041470069625604514,0.022646148846278868,6171
35,0.7,1.0,2420,0,33a310dd,0.708,34.96666666666667,0.0471404520791038,0.4422129801957014,0.000239932400202,43.46666666666667,0.0471404520791038,8.5,0.0,0.805,79.19,Scope_TrialNumber_0_35.00W_0.70Torr_1.00NitrogenFlow_2420.00MHz.csv,/home/user/MiniChamberDataAnalysis/TestData/Nafisa_Requested_Data_0.7Torr/LAS_DataFrame_33a310dd_Laser_True_20260922_151050.csv,34299012,33a310dd|Scope_TrialNumber_0_35.00W_0.70Torr_1.00NitrogenFlow_2420.00MHz.csv,4,full 3,1.4467304275331845,0.034573305258668426,0.3626219030195304,0.007909719680743046,0.23546925348796025,0.004757306545374198,0.6143698456219698,0.014681930932099753,-0.0004879373722349227,2.5259647233597477e-05,3.1377831537011494,1.7713788848524612,15.92911582954631,28.21649943482743,0.004694683793597096,0.01920093551883325,23310
35,0.7,1.0,2420,0,33a310dd,0.708,34.96666666666667,0.0471404520791038,0.4422129801957014,0.000239932400202,43.46666666666667,0.0471404520791038,8.5,0.0,0.805,79.19,Scope_TrialNumber_0_35.00W_0.70Torr_1.00NitrogenFlow_2420.00MHz.csv,/home/user/MiniChamberDataAnalysis/TestData/Nafisa_Requested_Data_0.7Torr/LAS_DataFrame_33a310dd_Laser_True_20260922_151050.csv,34299012,33a310dd|Scope_TrialNumber_0_35.00W_0.70Torr_1.00NitrogenFlow_2420.00MHz.csv,8,full 7,1.3676975850655413,0.030309797264708224,0.3419400056430137,0.006902554417528036,0.234870041365484,0.004401519698665461,0.5808076875987208,0.012871385789613433,-0.00012082960044697837,-5.3991368233190874e-06,2.8043560078415397,1.6746211535274298,15.44447198253995,25.86363948702312,0.004736151389591176,0.019697275789350058,23264
35,0.7,1.0,2420,0,33a310dd,0.708,34.96666666666667,0.0471404520791038,0.4422129801957014,0.000239932400202,43.46666666666667,0.0471404520791038,8.5,0.0,0.805,79.19,Scope_TrialNumber_0_35.00W_0.70Torr_1.00NitrogenFlow_2420.00MHz.csv,/home/user/MiniChamberDataAnalysis/TestData/Nafisa_Requested_Data_0.7Torr/LAS_DataFrame_33a310dd_Laser_True_20260922_151050.csv,34299012,33a310dd|Scope_TrialNumber_0_35.00W_0.70Torr_1.00NitrogenFlow_2420.00MHz.csv,13,full 12,1.4691631228525606,0.03008472079400836,0.3686412423150339,0.006907151968693404,0.23572285480762717,0.00411672164314139,0.6238961342089524,0.012775804612964792,-0.00020305862164200935,-2.1221397816703633e-05,2.5905024936722367,1.609503803559419,15.011089704987517,24.160405975749043,0.004734162625913009,0.014554325702823534,23277
35,0.7,1.0,2420,0,33a310dd,0.708,34.96666666666667,0.0471404520791038,0.4422129801957014,0.000239932400202,43.46666666666667,0.0471404520791038,8.5,0.0,0.805,79.19,Scope_TrialNumber_0_35.00W_0.70Torr_1.00NitrogenFlow_2420.00MHz.csv,/home/user/MiniChamberDataAnalysis/TestData/Nafisa_Requested_Data_0.7Torr/LAS_DataFrame_33a310dd_Laser_True_20260922_151050.csv,34299012,33a310dd|Scope_TrialNumber_0_35.00W_0.70Torr_1.00NitrogenFlow_2420.00MHz.csv,18,trailing partial,2.916634297613377,1.051894427673041,0.02009065641303055,0.020075169535913522,0.006471127217900188,0.004185094541781087,1.2385805462153876,0.4466984345121014,-0.009095420668473577,0.0013671661068771236,1.0517857780736806,1.025566076892991,1.2420577570458475,1.2738123011680176,0.005384166085510815,0.15210785701786814,5122
40,0.7,1.0,2420,0,33a310dd,0.708,40.0,0.1414213562373115,0.4542581015982319,0.0006363738357312,50.4,0.1414213562373115,10.4,0.0,0.8,79.21,Scope_TrialNumber_0_40.00W_0.70Torr_1.00NitrogenFlow_2420.00MHz.csv,/home/user/MiniChamberDataAnalysis/TestData/Nafisa_Requested_Data_0.7Torr/LAS_DataFrame_33a310dd_Laser_True_20260922_151050.csv,34299012,33a310dd|Scope_TrialNumber_0_40.00W_0.70Torr_1.00NitrogenFlow_2420.00MHz.csv,0,leading partial,4.962385164756254,4.8377688486729,0.0153064157058606,0.0428685720096441,0.0028976826747517457,0.005333030582980334,2.10733095092667,2.0544112739660823,-0.0055355246861303825,0.0006577653668478457,0.9940278559491137,1.0,1.214334560585088,1.214334560585088,0.004280150304419716,0.012564406779661095,6283
40,0.7,1.0,2420,0,33a310dd,0.708,40.0,0.1414213562373115,0.4542581015982319,0.0006363738357312,50.4,0.1414213562373115,10.4,0.0,0.8,79.21,Scope_TrialNumber_0_40.00W_0.70Torr_1.00NitrogenFlow_2420.00MHz.csv,/home/user/MiniChamberDataAnalysis/TestData/Nafisa_Requested_Data_0.7Torr/LAS_DataFrame_33a310dd_Laser_True_20260922_151050.csv,34299012,33a310dd|Scope_TrialNumber_0_40.00W_0.70Torr_1.00NitrogenFlow_2420.00MHz.csv,3,full 2,1.5064604246041537,0.03641964257850049,0.3821526060736862,0.008481030701603403,0.23831253608416478,0.0049037051434977046,0.6397348399437267,0.015465998200309116,0.00014409524088105648,-5.179649493781863e-06,3.283257374761083,1.8119760966307152,16.107912739097628,29.187152849858293,0.004684729524682882,0.02592009925136966,23295
40,0.7,1.0,2420,0,33a310dd,0.708,40.0,0.1414213562373115,0.4542581015982319,0.0006363738357312,50.4,0.1414213562373115,10.4,0.0,0.8,79.21,Scope_TrialNumber_0_40.00W_0.70Torr_1.00NitrogenFlow_2420.00MHz.csv,/home/user/MiniChamberDataAnalysis/TestData/Nafisa_Requested_Data_0.7Torr/LAS_DataFrame_33a310dd_Laser_True_20260922_151050.csv,34299012,33a310dd|Scope_TrialNumber_0_40.00W_0.70Torr_1.00NitrogenFlow_2420.00MHz.csv,7,full 6,1.500496508193481,0.028764865746870857,0.38146996752341644,0.006707276796731166,0.23883235065125075,0.003939879916603543,0.6372021978323867,0.012215313780587765,8.351129743036412e-06,-9.044903687672523e-06,2.4180777109730283,1.5550169487735586,14.83281569786421,23.065279808213344,0.004744187194125022,0.016909822619118282,23351
40,0.7,1.0,2420,0,33a310dd,0.708,40.0,0.1414213562373115,0.4542581015982319,0.0006363738357312,50.4,0.1414213562373115,10.4,0.0,0.8,79.21,Scope_TrialNumber_0_40.00W_0.70Torr_1.00NitrogenFlow_2420.00MHz.csv,/home/user/MiniChamberDataAnalysis/TestData/Nafisa_Requested_Data_0.7Torr/LAS_DataFrame_33a310dd_Laser_True_20260922_151050.csv,34299012,33a310dd|Scope_TrialNumber_0_40.00W_0.70Torr_1.00NitrogenFlow_2420.00MHz.csv,11,full 10,1.4341075716553353,0.036590932243967034,0.3612566897313044,0.008414591061767807,0.23664752088400867,0.005069624125761689,0.6090094122824944,0.015538738223831504,4.9105126781727333e-05,-4.260574556288852e-06,3.3475519270788046,1.8296316369911196,16.130120010375496,29.512177879446533,0.004808987198405791,0.022798433117709523,23377
40,0.7,1.0,2420,0,33a310dd,0.708,40.0,0.1414213562373115,0.4542581015982319,0.0006363738357312,50.4,0.1414213562373115,10.4,0.0,0.8,79.21,Scope_TrialNumber_0_40.00W_0.70Torr_1.00NitrogenFlow_2420.00MHz.csv,/home/user/MiniChamberDataAnalysis/TestData/Nafisa_Requested_Data_0.7Torr/LAS_DataFrame_33a310dd_Laser_True_20260922_151050.csv,34299012,33a310dd|Scope_TrialNumber_0_40.00W_0.70Torr_1.00NitrogenFlow_2420.00MHz.csv,14,trailing partial,2.4038132182887457,1.258812588890334,0.02508652987231541,0.03602785005507215,0.009804098411624013,0.009037285378869902,1.0208054850565673,0.5345684871107803,-0.002466806406811518,-0.0035729811920623728,1.000655956201755,1.000327924333693,1.5663953499477028,1.5669090090991344,0.005317809437510194,0.09249011857707141,3796
45,0.7,1.0,2420,0,33a310dd,0.708,45.03333333333334,0.1247219128924639,0.5096340311142991,0.0005221265050064,60.833333333333336,0.1247219128924639,15.800000000000002,1.7763568394002505e-15,0.803,79.21,Scope_TrialNumber_0_45.00W_0.70Torr_1.00NitrogenFlow_2420.00MHz.csv,/home/user/MiniChamberDataAnalysis/TestData/Nafisa_Requested_Data_0.7Torr/LAS_DataFrame_33a310dd_Laser_True_20260922_151050.csv,34299012,33a310dd|Scope_TrialNumber_0_45.00W_0.70Torr_1.00NitrogenFlow_2420.00MHz.csv,0,leading partial,0.7059831438892554,0.41493269322494025,0.0007379185274953268,0.00044287613296411935,0.0009819330381647291,0.0003133283866925031,0.299803437370509,0.1762056910040813,-0.0010905694221621316,-5.559648916379402e-05,0.9725265862251967,1.0,1.1757468504047783,1.1757468504047783,0.004293535685675006,0.006183445620789241,6242
45,0.7,1.0,2420,0,33a310dd,0.708,45.03333333333334,0.1247219128924639,0.5096340311142991,0.0005221265050064,60.833333333333336,0.1247219128924639,15.800000000000002,1.7763568394002505e-15,0.803,79.21,Scope_TrialNumber_0_45.00W_0.70Torr_1.00NitrogenFlow_2420.00MHz.csv,/home/user/MiniChamberDataAnalysis/TestData/Nafisa_Requested_Data_0.7Torr/LAS_DataFrame_33a310dd_Laser_True_20260922_151050.csv,34299012,33a310dd|Scope_TrialNumber_0_45.00W_0.70Torr_1.00NitrogenFlow_2420.00MHz.csv,6,full 5,1.463850566261041,0.03716703555873719,0.29114215959251166,0.006721728411606079,0.18684270404794526,0.003982512180137745,0.6216400991447317,0.015783386776057746,9.657873656735116e-05,4.233255886647937e-05,2.522180192881403,1.5881373343893792,14.973801946943885,23.780453909693957,0.004747347506166949,0.016856217689550507,25735
45,0.7,1.0,2420,0,33a310dd,0.708,45.03333333333334,0.1247219128924639,0.5096340311142991,0.0005221265050064,60.833333333333336,0.1247219128924639,15.800000000000002,1.7763568394002505e-15,0.803,79.21,Scope_TrialNumber_0_45.00W_0.70Torr_1.00NitrogenFlow_2420.00MHz.csv,/home/user/MiniChamberDataAnalysis/TestData/Nafisa_Requested_Data_0.7Torr/LAS_DataFrame_33a310dd_Laser_True_20260922_151050.csv,34299012,33a310dd|Scope_TrialNumber_0_45.00W_0.70Torr_1.00NitrogenFlow_2420.00MHz.csv,11,full 10,1.50599103116633,0.03715965240638256,0.29966032154219313,0.006747086356293976,0.18692812319462523,0.003898593993260572,0.6395355069038988,0.01578025143993293,0.00028549969522394963,2.8111697316923837e-05,2.465293998889321,1.5701254723394946,14.779473409805812,23.20562766850035,0.004761117068618478,0.018920211140878395,25648
45,0.7,1.0,2420,0,33a310dd,0.708,45.03333333333334,0.1247219128924639,0.5096340311142991,0.0005221265050064,60.833333333333336,0.1247219128924639,15.800000000000002,1.7763568394002505e-15,0.803,79.21,Scope_TrialNumber_0_45.00W_0.70Torr_1.00NitrogenFlow_2420.00MHz.csv,/home/user/MiniChamberDataAnalysis/TestData/Nafisa_Requested_Data_0.7Torr/LAS_DataFrame_33a310dd_Laser_True_20260922_151050.csv,34299012,33a310dd|Scope_TrialNumber_0_45.00W_0.70Torr_1.00NitrogenFlow_2420.00MHz.csv,15,full 14,1.4841873958172147,0.03460267232688993,0.2950428747657162,0.006271297886061423,0.1867515356556511,0.0036896595568273473,0.6302763554901317,0.014694401977725287,0.0003758888507177868,6.760319379945634e-06,2.2496013245209157,1.4998671022863712,14.39954169060443,21.59739886973866,0.004838878664403363,0.009497293647904288,25709
45,0.7,1.0,2420,0,33a310dd,0.708,45.03333333333334,0.1247219128924639,0.5096340311142991,0.0005221265050064,60.833333333333336,0.1247219128924639,15.800000000000002,1.7763568394002505e-15,0.803,79.21,Scope_TrialNumber_0_45.00W_0.70Torr_1.00NitrogenFlow_2420.00MHz.csv,/home/user/MiniChamberDataAnalysis/TestData/Nafisa_Requested_Data_0.7Torr/LAS_DataFrame_33a310dd_Laser_True_20260922_151050.csv,34299012,33a310dd|Scope_TrialNumber_0_45.00W_0.70Torr_1.00NitrogenFlow_2420.00MHz.csv,20,trailing partial,0.3468808192303721,0.1051744868299735,0.0027598341010295806,0.000797279004574891,0.007474299222672955,0.0012547369696736534,0.14730672093706126,0.044663492249400825,-0.0031482888296306606,0.00014834169053399817,1.0219906216523584,1.0109355180486828,3.232514294664252,3.267863513076178,0.005457960170650574,0.018581905341492642,6172
50,0.7,1.0,2420,0,33a310dd,0.708,49.86666666666667,0.1247219128924633,0.5128868092892197,0.0006610855048712,67.66666666666667,0.1885618083164086,17.8,0.0816496580927723,0.803,79.19,Scope_TrialNumber_0_50.00W_0.70Torr_1.00NitrogenFlow_2420.00MHz.csv,/home/user/MiniChamberDataAnalysis/TestData/Nafisa_Requested_Data_0.7Torr/LAS_DataFrame_33a310dd_Laser_True_20260922_151050.csv,34299012,33a310dd|Scope_TrialNumber_0_50.00W_0.70Torr_1.00NitrogenFlow_2420.00MHz.csv,0,leading partial,14.047128212115293,561143.0949275573,1.4397441742357122e-08,0.040514668829337755,9.628653833323274e-10,0.0027173780305853354,5.965266110995191,238295.53180153185,-0.0030975231872625475,6.506466333313006e-06,0.9710299660655514,1.0,1.1931002170877762,1.1931002170877762,0.004271712197456609,0.001640044247787555,6277
50,0.7,1.0,2420,0,33a310dd,0.708,49.86666666666667,0.1247219128924633,0.5128868092892197,0.0006610855048712,67.66666666666667,0.1885618083164086,17.8,0.0816496580927723,0.803,79.19,Scope_TrialNumber_0_50.00W_0.70Torr_1.00NitrogenFlow_2420.00MHz.csv,/home/user/MiniChamberDataAnalysis/TestData/Nafisa_Requested_Data_0.7Torr/LAS_DataFrame_33a310dd_Laser_True_20260922_151050.csv,34299012,33a310dd|Scope_TrialNumber_0_50.00W_0.70Torr_1.00NitrogenFlow_2420.00MHz.csv,2,full 1,1.4971686251149185,0.03468765159543617,0.2909896864328149,0.0061507996467917,0.18258902475405914,0.0035878897471726696,0.6357889760086705,0.014730489350399714,-0.002146192575511865,6.840307547860464e-05,2.2459907300320086,1.4986629808038927,14.36776953564403,21.532444319791644,0.004741308811358628,0.0125027663212912,25739
50,0.7,1.0,2420,0,33a310dd,0.708,49.86666666666667,0.1247219128924633,0.5128868092892197,0.0006610855048712,67.66666666666667,0.1885618083164086,17.8,0.0816496580927723,0.803,79.19,Scope_TrialNumber_0_50.00W_0.70Torr_1.00NitrogenFlow_2420.00MHz.csv,/home/user/MiniChamberDataAnalysis/TestData/Nafisa_Requested_Data_0.7Torr/LAS_DataFrame_33a310dd_Laser_True_20260922_151050.csv,34299012,33a310dd|Scope_TrialNumber_0_50.00W_0.70Torr_1.00NitrogenFlow_2420.00MHz.csv,3,full 2,1.524724697226245,0.028991237509875457,0.2980810177197548,0.005198940164087716,0.1836583487026165,0.003021432074472666,0.6474909623958995,0.012311445017232485,-0.0018473282567730098,3.8662955792874266e-05,1.8873094950070444,1.373793832788255,13.149057799643117,18.06409451212602,0.004726594834304501,0.024954372532996292,25793
50,0.7,1.0,2420,0,33a310dd,0.708,49.86666666666667,0.1247219128924633,0.5128868092892197,0.0006610855048712,67.66666666666667,0.1885618083164086,17.8,0.0816496580927723,0.803,79.19,Scope_TrialNumber_0_50.00W_0.70Torr_1.00NitrogenFlow_2420.00MHz.csv,/home/user/MiniChamberDataAnalysis/TestData/Nafisa_Requested_Data_0.7Torr/LAS_DataFrame_33a310dd_Laser_True_20260922_151050.csv,34299012,33a310dd|Scope_TrialNumber_0_50.00W_0.70Torr_1.00NitrogenFlow_2420.00MHz.csv,5,full 4,1.5188711661574272,0.03383203079540753,0.2947962938302638,0.006000381843791242,0.18233450882294344,0.003465479692800854,0.6450051966231946,0.014367140651277612,-0.002097275603957743,5.3509552561650846e-05,2.1086367913507615,1.4521145930506867,14.107200017643878,20.48527101270558,0.004804321183303217,0.011154603723993307,25793
50,0.7,1.0,2420,0,33a310dd,0.708,49.86666666666667,0.1247219128924633,0.5128868092892197,0.0006610855048712,67.66666666666667,0.1885618083164086,17.8,0.0816496580927723,0.803,79.19,Scope_TrialNumber_0_50.00W_0.70Torr_1.00NitrogenFlow_2420.00MHz.csv,/home/user/MiniChamberDataAnalysis/TestData/Nafisa_Requested_Data_0.7Torr/LAS_DataFrame_33a310dd_Laser_True_20260922_151050.csv,34299012,33a310dd|Scope_TrialNumber_0_50.00W_0.70Torr_1.00NitrogenFlow_2420.00MHz.csv,7,trailing partial,2.4740991776640557,1.161665358777518,0.026067684905116583,0.02401616688375567,0.009898129868982935,0.004699244701894843,1.0506531838323716,0.49331385692457463,-0.012711484412406004,0.0022321403966912524,1.0567036379943924,1.0279609126782945,3.8905711195802364,3.9993550389235137,0.005404203768516581,0.07557672738888072,6221
55,0.7,1.0,2420,0,33a310dd,0.708,54.63333333333333,2.7824849006278933,0.4587444383732402,0.0375648060633276,69.3,0.4320493798938569,14.666666666666666,2.357022603955158,0.791,79.21,Scope_TrialNumber_0_55.00W_0.70Torr_1.00NitrogenFlow_2420.00MHz.csv,/home/user/MiniChamberDataAnalysis/TestData/Nafisa_Requested_Data_0.7Torr/LAS_DataFrame_33a310dd_Laser_True_20260922_151050.csv,34299012,33a310dd|Scope_TrialNumber_0_55.00W_0.70Torr_1.00NitrogenFlow_2420.00MHz.csv,0,leading partial,2.2204515065981743,1.1449051485130832,0.0010127482169383993,0.0006830578237473608,0.00042847746330030857,0.00015208706567835156,0.9429389355181028,0.48619645094707686,-0.009137804756588703,6.627829810590368e-05,1.007045583722253,1.0035166085931277,1.0,1.0035166085931277,0.004153981972404032,0.004808952319169838,6244
55,0.7,1.0,2420,0,33a310dd,0.708,54.63333333333333,2.7824849006278933,0.4587444383732402,0.0375648060633276,69.3,0.4320493798938569,14.666666666666666,2.357022603955158,0.791,79.21,Scope_TrialNumber_0_55.00W_0.70Torr_1.00NitrogenFlow_2420.00MHz.csv,/home/user/MiniChamberDataAnalysis/TestData/Nafisa_Requested_Data_0.7Torr/LAS_DataFrame_33a310dd_Laser_True_20260922_151050.csv,34299012,33a310dd|Scope_TrialNumber_0_55.00W_0.70Torr_1.00NitrogenFlow_2420.00MHz.csv,7,full 6,1.445198460761392,0.03993331783177085,0.30075813816271363,0.0075326437302116475,0.19550491820583424,0.004448300868171045,0.6137192792336698,0.016958118696176635,-0.008549931661704245,9.332269485957118e-05,2.9839688924397216,1.7274168264896927,15.677718158812707,27.081954148496077,0.004704088698130421,0.030671624270343367,25877
55,0.7,1.0,2420,0,33a310dd,0.708,54.63333333333333,2.7824849006278933,0.4587444383732402,0.0375648060633276,69.3,0.4320493798938569,14.666666666666666,2.357022603955158,0.791,79.21,Scope_TrialNumber_0_55.00W_0.70Torr_1.00NitrogenFlow_2420.00MHz.csv,/home/user/MiniChamberDataAnalysis/TestData/Nafisa_Requested_Data_0.7Torr/LAS_DataFrame_33a310dd_Laser_True_20260922_151050.csv,34299012,33a310dd|Scope_TrialNumber_0_55.00W_0.70Torr_1.00NitrogenFlow_2420.00MHz.csv,14,full 13,1.4791781593113336,0.034577712881901077,0.3093350191765087,0.006591594731608115,0.1964610191087326,0.003880829013483996,0.6281491286065101,0.014683802677349225,-0.00879731614262417,7.916950349047493e-05,2.485900000916988,1.5766737141580651,14.833965431396832,23.38832337241279,0.004721227544094514,0.009508982782555258,25838
55,0.7,1.0,2420,0,33a310dd,0.708,54.63333333333333,2.7824849006278933,0.4587444383732402,0.0375648060633276,69.3,0.4320493798938569,14.666666666666666,2.357022603955158,0.791,79.21,Scope_TrialNumber_0_55.00W_0.70Torr_1.00NitrogenFlow_2420.00MHz.csv,/home/user/MiniChamberDataAnalysis/TestData/Nafisa_Requested_Data_0.7Torr/LAS_DataFrame_33a310dd_Laser_True_20260922_151050.csv,34299012,33a310dd|Scope_TrialNumber_0_55.00W_0.70Torr_1.00NitrogenFlow_2420.00MHz.csv,22,full 21,1.5182343882636153,0.03158578161514124,0.3197443708509612,0.006077061723500974,0.1978480950990048,0.0035226272788771063,0.6447347819496165,0.013413246452437985,-0.008903232449859527,0.00010545174540397448,2.1803925729644624,1.4766152420195529,14.24606559875778,21.035957601936143,0.004739972865828293,0.01719652482865847,25850
55,0.7,1.0,2420,0,33a310dd,0.708,54.63333333333333,2.7824849006278933,0.4587444383732402,0.0375648060633276,69.3,0.4320493798938569,14.666666666666666,2.357022603955158,0.791,79.21,Scope_TrialNumber_0_55.00W_0.70Torr_1.00NitrogenFlow_2420.00MHz.csv,/home/user/MiniChamberDataAnalysis/TestData/Nafisa_Requested_Data_0.7Torr/LAS_DataFrame_33a310dd_Laser_True_20260922_151050.csv,34299012,33a310dd|Scope_TrialNumber_0_55.00W_0.70Torr_1.00NitrogenFlow_2420.00MHz.csv,29,trailing partial,2.0365616379546014,0.744383113485524,0.03129440866448757,0.019665396467940095,0.014435671165743699,0.004134748341310663,0.8648480983725595,0.316110403024763,-0.022764779739244796,0.0034592970045585363,1.1004490904062507,1.049022921773519,5.200222197026866,5.4551522829966315,0.005340984573159366,0.09142277767319962,6445
60,0.7,1.0,2420,0,33a310dd,0.708,60.1,0.1414213562373132,0.4600337227985305,0.0008292739972203,76.23333333333333,0.124721912892469,16.133333333333333,0.0471404520791021,0.801,79.19,Scope_TrialNumber_0_60.00W_0.70Torr_1.00NitrogenFlow_2420.00MHz.csv,/home/user/MiniChamberDataAnalysis/TestData/Nafisa_Requested_Data_0.7Torr/LAS_DataFrame_33a310dd_Laser_True_20260922_151050.csv,34299012,33a310dd|Scope_TrialNumber_0_60.00W_0.70Torr_1.00NitrogenFlow_2420.00MHz.csv,0,leading partial,0.5308858798460605,0.23211346848069445,0.0006191979934336787,0.0002731675870646913,0.0010957113383695436,0.0003550819237760236,0.22544647560917255,0.09856951446055989,0.0019465947237218284,-0.00020145910736996087,0.9860391984045261,1.0,1.2177998209523484,1.2177998209523484,0.00422966005112001,0.005892686804451413,6246
60,0.7,1.0,2420,0,33a310dd,0.708,60.1,0.1414213562373132,0.4600337227985305,0.0008292739972203,76.23333333333333,0.124721912892469,16.133333333333333,0.0471404520791021,0.801,79.19,Scope_TrialNumber_0_60.00W_0.70Torr_1.00NitrogenFlow_2420.00MHz.csv,/home/user/MiniChamberDataAnalysis/TestData/Nafisa_Requested_Data_0.7Torr/LAS_DataFrame_33a310dd_Laser_True_20260922_151050.csv,34299012,33a310dd|Scope_TrialNumber_0_60.00W_0.70Torr_1.00NitrogenFlow_2420.00MHz.csv,5,full 4,1.4948206364006174,0.033183990533583375,0.3242106975216346,0.006572520410751798,0.20375395414558145,0.003850983187701005,0.6347918770077273,0.014091943290361807,0.0056211633887066695,-9.473857710936439e-05,2.33114506382907,1.5268087843043967,14.778231196625125,22.56353320748852,0.004837819198071361,0.015322635664732319,25950
60,0.7,1.0,2420,0,33a310dd,0.708,60.1,0.1414213562373132,0.4600337227985305,0.0008292739972203,76.23333333333333,0.124721912892469,16.133333333333333,0.0471404520791021,0.801,79.19,Scope_TrialNumber_0_60.00W_0.70Torr_1.00NitrogenFlow_2420.00MHz.csv,/home/user/MiniChamberDataAnalysis/TestData/Nafisa_Requested_Data_0.7Torr/LAS_DataFrame_33a310dd_Laser_True_20260922_151050.csv,34299012,33a310dd|Scope_TrialNumber_0_60.00W_0.70Torr_1.00NitrogenFlow_2420.00MHz.csv,9,full 8,1.5252655233300814,0.03197849478745592,0.3305319355028382,0.006331715930468227,0.2035803060270949,0.0036449766962858353,0.6477206300959761,0.013580016381691548,0.005586007167692718,-9.113204776255042e-05,2.2851194509863695,1.5116611561412727,14.401715381192153,21.77051372355048,0.0047397101619276625,0.015037551586874654,25986
60,0.7,1.0,2420,0,33a310dd,0.708,60.1,0.1414213562373132,0.4600337227985305,0.0008292739972203,76.23333333333333,0.124721912892469,16.133333333333333,0.0471404520791021,0.801,79.19,Scope_TrialNumber_0_60.00W_0.70Torr_1.00NitrogenFlow_2420.00MHz.csv,/home/user/MiniChamberDataAnalysis/TestData/Nafisa_Requested_Data_0.7Torr/LAS_DataFrame_33a310dd_Laser_True_20260922_151050.csv,34299012,33a310dd|Scope_TrialNumber_0_60.00W_0.70Torr_1.00NitrogenFlow_2420.00MHz.csv,13,full 12,1.5037115363926419,0.030296972442926038,0.326206689331951,0.006005004853934384,0.2037962182925035,0.00352032500019165,0.6385674946014308,0.012865939589251222,0.005708170994691609,-0.00012598200977347322,2.131850147248481,1.4600856643527738,14.196376641760063,20.72792602038644,0.0047944378821196485,0.014118429372078604,26034
60,0.7,1.0,2420,0,33a310dd,0.708,60.1,0.1414213562373132,0.4600337227985305,0.0008292739972203,76.23333333333333,0.124721912892469,16.133333333333333,0.0471404520791021,0.801,79.19,Scope_TrialNumber_0_60.00W_0.70Torr_1.00NitrogenFlow_2420.00MHz.csv,/home/user/MiniChamberDataAnalysis/TestData/Nafisa_Requested_Data_0.7Torr/LAS_DataFrame_33a310dd_Laser_True_20260922_151050.csv,34299012,33a310dd|Scope_TrialNumber_0_60.00W_0.70Torr_1.00NitrogenFlow_2420.00MHz.csv,17,trailing partial,2.316277205202037,0.8212231066038487,0.03904395161052503,0.025402099700286337,0.015835472355509,0.005032005879373492,0.9836323629441477,0.34874134366945025,-0.011323040830529261,0.0039594976094374,1.1452126943463719,1.0701461088778355,5.360228067401114,5.736227209027063,0.0051692890050194,0.038400633412509266,6737
65,0.7,1.0,2420,0,33a310dd,0.708,64.93333333333334,0.0942809041582009,0.4889310186278788,0.001710863048269,85.33333333333333,0.3091206165165192,20.4,0.2160246899469284,0.803,79.21,Scope_TrialNumber_0_65.00W_0.70Torr_1.00NitrogenFlow_2420.00MHz.csv,/home/user/MiniChamberDataAnalysis/TestData/Nafisa_Requested_Data_0.7Torr/LAS_DataFrame_33a310dd_Laser_True_20260922_151050.csv,34299012,33a310dd|Scope_TrialNumber_0_65.00W_0.70Torr_1.00NitrogenFlow_2420.00MHz.csv,0,leading partial,4.367028159932848,6.880160566067929,0.005644217519901599,0.022295897139687076,0.0012141868916564964,0.002932897717837181,1.8545061093513209,2.9217351791217245,-0.0008416258150728146,-0.00018835806739789221,0.9669816060148566,1.0,1.258090896558385,1.258090896558385,0.004247060770371407,0.024982242384964277,6208
65,0.7,1.0,2420,0,33a310dd,0.708,64.93333333333334,0.0942809041582009,0.4889310186278788,0.001710863048269,85.33333333333333,0.3091206165165192,20.4,0.2160246899469284,0.803,79.21,Scope_TrialNumber_0_65.00W_0.70Torr_1.00NitrogenFlow_2420.00MHz.csv,/home/user/MiniChamberDataAnalysis/TestData/Nafisa_Requested_Data_0.7Torr/LAS_DataFrame_33a310dd_Laser_True_20260922_151050.csv,34299012,33a310dd|Scope_TrialNumber_0_65.00W_0.70Torr_1.00NitrogenFlow_2420.00MHz.csv,5,full 4,1.4802109599222677,0.03363542623262435,0.3211690013446058,0.0066347795058022095,0.2038345484495708,0.003913222971483291,0.6285877186436186,0.014283650380673689,0.002317122745621041,-4.68509678525761e-05,2.5079288702830516,1.5836441741385758,14.84015737864993,23.501528775998562,0.004729738401089122,0.014029751271958043,26091
65,0.7,1.0,2420,0,33a310dd,0.708,64.93333333333334,0.0942809041582009,0.4889310186278788,0.001710863048269,85.33333333333333,0.3091206165165192,20.4,0.2160246899469284,0.803,79.21,Scope_TrialNumber_0_65.00W_0.70Torr_1.00NitrogenFlow_2420.00MHz.csv,/home/user/MiniChamberDataAnalysis/TestData/Nafisa_Requested_Data_0.7Torr/LAS_DataFrame_33a310dd_Laser_True_20260922_151050.csv,34299012,33a310dd|Scope_TrialNumber_0_65.00W_0.70Torr_1.00NitrogenFlow_2420.00MHz.csv,10,full 9,1.4936577925640635,0.03692125305370863,0.3221215356695564,0.007247822052790816,0.20259860082173514,0.0042173206190116615,0.6342980626973694,0.015679012556232667,0.002511522427509092,-5.240842972145525e-05,2.710735804359455,1.6464312328061124,15.246258286064974,25.101915825606362,0.004788113608733008,0.01793313706252054,26232
65,0.7,1.0,2420,0,33a310dd,0.708,64.93333333333334,0.0942809041582009,0.4889310186278788,0.001710863048269,85.33333333333333,0.3091206165165192,20.4,0.2160246899469284,0.803,79.21,Scope_TrialNumber_0_65.00W_0.70Torr_1.00NitrogenFlow_2420.00MHz.csv,/home/user/MiniChamberDataAnalysis/TestData/Nafisa_Requested_Data_0.7Torr/LAS_DataFrame_33a310dd_Laser_True_20260922_151050.csv,34299012,33a310dd|Scope_TrialNumber_0_65.00W_0.70Torr_1.00NitrogenFlow_2420.00MHz.csv,13,full 12,1.5571215638691533,0.035592432228174556,0.3405259863716816,0.007142905344640816,0.2054449783410802,0.004054052663262008,0.6612486449463225,0.015114714308331261,0.002326378141055756,-4.943964332326457e-05,2.517456157156115,1.5866493491493685,15.00394326068014,23.805996809232198,0.004804902557677111,0.009575311704837186,26043
65,0.7,1.0,2420,0,33a310dd,0.708,64.93333333333334,0.0942809041582009,0.4889310186278788,0.001710863048269,85.33333333333333,0.3091206165165192,20.4,0.2160246899469284,0.803,79.21,Scope_TrialNumber_0_65.00W_0.70Torr_1.00NitrogenFlow_2420.00MHz.csv,/home/user/MiniChamberDataAnalysis/TestData/Nafisa_Requested_Data_0.7Torr/LAS_DataFrame_33a310dd_Laser_True_20260922_151050.csv,34299012,33a310dd|Scope_TrialNumber_0_65.00W_0.70Torr_1.00NitrogenFlow_2420.00MHz.csv,18,trailing partial,1.7105422967745407,0.4605633167917984,0.019502109585868545,0.00841439674547964,0.01071064351509897,0.0019399904171417308,0.726400431482678,0.19558323268211572,-0.0010451266396791217,-0.0008868283972306902,1.078084472492389,1.0383084669270444,2.99694370646327,3.111752025324532,0.005268514106721198,0.12544851076769617,6843
70,0.7,1.0,2420,0,33a310dd,0.708,69.86666666666667,0.0471404520791071,0.513346059995394,0.0013466935511271,94.86666666666667,0.1247219128924639,25.0,0.1632993161855446,0.797,79.21,Scope_TrialNumber_0_70.00W_0.70Torr_1.00NitrogenFlow_2420.00MHz.csv,/home/user/MiniChamberDataAnalysis/TestData/Nafisa_Requested_Data_0.7Torr/LAS_DataFrame_33a310dd_Laser_True_20260922_151050.csv,34299012,33a310dd|Scope_TrialNumber_0_70.00W_0.70Torr_1.00NitrogenFlow_2420.00MHz.csv,0,leading partial,0.7568591688309149,0.46606149566326266,0.0007762680872373132,0.0005064134663264781,0.0009635282354338808,0.00028605515355438244,0.3214084959179832,0.19791809427082452,-0.0015854480355035824,-5.641074311151078e-05,0.9744493123580017,1.0,1.1315479677275593,1.1315479677275593,0.004219378374554553,0.019952659911336375,6290
70,0.7,1.0,2420,0,33a310dd,0.708,69.86666666666667,0.0471404520791071,0.513346059995394,0.0013466935511271,94.86666666666667,0.1247219128924639,25.0,0.1632993161855446,0.797,79.21,Scope_TrialNumber_0_70.00W_0.70Torr_1.00NitrogenFlow_2420.00MHz.csv,/home/user/MiniChamberDataAnalysis/TestData/Nafisa_Requested_Data_0.7Torr/LAS_DataFrame_33a310dd_Laser_True_20260922_151050.csv,34299012,33a310dd|Scope_TrialNumber_0_70.00W_0.70Torr_1.00NitrogenFlow_2420.00MHz.csv,2,full 1,1.5057769057994859,0.037766645143778005,0.3245523666010519,0.007422540506484446,0.20248457185185764,0.004282236762583117,0.6394445762328711,0.016038017522176155,0.0025580715726417594,-9.422990002672231e-05,2.7714496434346985,1.6647671439077294,15.478824364079127,25.768638227637386,0.0047260383291819604,0.015420770510549594,25313
70,0.7,1.0,2420,0,33a310dd,0.708,69.86666666666667,0.0471404520791071,0.513346059995394,0.0013466935511271,94.86666666666667,0.1247219128924639,25.0,0.1632993161855446,0.797,79.21,Scope_TrialNumber_0_70.00W_0.70Torr_1.00NitrogenFlow_2420.00MHz.csv,/home/user/MiniChamberDataAnalysis/TestData/Nafisa_Requested_Data_0.7Torr/LAS_DataFrame_33a310dd_Laser_True_20260922_151050.csv,34299012,33a310dd|Scope_TrialNumber_0_70.00W_0.70Torr_1.00NitrogenFlow_2420.00MHz.csv,6,full 5,1.5165587465909394,0.03174968246017902,0.32785315856143704,0.006277811541030096,0.20308971201042286,0.003638153055435503,0.6440232024485791,0.013482848732826094,0.002874120616670262,-0.0001350082733806574,2.257198984531861,1.5023977451167387,14.412989457545658,21.654042861407923,0.004753362278094556,0.011895830137468123,25142
70,0.7,1.0,2420,0,33a310dd,0.708,69.86666666666667,0.0471404520791071,0.513346059995394,0.0013466935511271,94.86666666666667,0.1247219128924639,25.0,0.1632993161855446,0.797,79.21,Scope_TrialNumber_0_70.00W_0.70Torr_1.00NitrogenFlow_2420.00MHz.csv,/home/user/MiniChamberDataAnalysis/TestData/Nafisa_Requested_Data_0.7Torr/LAS_DataFrame_33a310dd_Laser_True_20260922_151050.csv,34299012,33a310dd|Scope_TrialNumber_0_70.00W_0.70Torr_1.00NitrogenFlow_2420.00MHz.csv,9,full 8,1.4815042779282241,0.03168655603247613,0.3199366632401323,0.006236928431924923,0.20287516732038638,0.003692370107877638,0.6291369402322006,0.01345604140721491,0.0026857505190923275,-0.00012214668201310133,2.2699141102795135,1.5066234135574534,14.52629583457896,21.885657416638768,0.00477406807171828,0.018943336848269023,25196
70,0.7,1.0,2420,0,33a310dd,0.708,69.86666666666667,0.0471404520791071,0.513346059995394,0.0013466935511271,94.86666666666667,0.1247219128924639,25.0,0.1632993161855446,0.797,79.21,Scope_TrialNumber_0_70.00W_0.70Torr_1.00NitrogenFlow_2420.00MHz.csv,/home/user/MiniChamberDataAnalysis/TestData/Nafisa_Requested_Data_0.7Torr/LAS_DataFrame_33a310dd_Laser_True_20260922_151050.csv,34299012,33a310dd|Scope_TrialNumber_0_70.00W_0.70Torr_1.00NitrogenFlow_2420.00MHz.csv,13,trailing partial,2.543913041010991,0.4460462759707812,0.031316190264433275,0.010932642691988311,0.011564702128956382,0.0021003000640708682,1.080300401883812,0.18941841305963525,-0.002073875607223557,-0.0009527245154410673,1.0564751467939335,1.027849768591662,1.5646652132748586,1.608240777387987,0.005326693741979823,0.025066645060425035,5703
75,0.7,1.0,2420,0,33a310dd,0.708,74.86666666666666,0.0471404520791038,0.5365521541607116,0.0003727220626885,105.13333333333333,0.0471404520791071,30.266666666666666,0.0471404520791038,0.807,79.2,Scope_TrialNumber_0_75.00W_0.70Torr_1.00NitrogenFlow_2420.00MHz.csv,/home/user/MiniChamberDataAnalysis/TestData/Nafisa_Requested_Data_0.7Torr/LAS_DataFrame_33a310dd_Laser_True_20260922_151050.csv,34299012,33a310dd|Scope_TrialNumber_0_75.00W_0.70Torr_1.00NitrogenFlow_2420.00MHz.csv,0,leading partial,0.026690029150684334,0.02153025716566341,7.427769848206252e-05,5.205807215588379e-05,0.002614430974807418,0.0018245198388448056,0.011334211803999463,0.009143058388302636,-0.0014889117781624757,5.7100942360559844e-05,1.0024962365209522,1.0012473403315247,1.5640149596821578,1.5659658186204775,0.004199966754291855,0.0029881860465114825,6309
75,0.7,1.0,2420,0,33a310dd,0.708,74.86666666666666,0.0471404520791038,0.5365521541607116,0.0003727220626885,105.13333333333333,0.0471404520791071,30.266666666666666,0.0471404520791038,0.807,79.2,Scope_TrialNumber_0_75.00W_0.70Torr_1.00NitrogenFlow_2420.00MHz.csv,/home/user/MiniChamberDataAnalysis/TestData/Nafisa_Requested_Data_0.7Torr/LAS_DataFrame_33a310dd_Laser_True_20260922_151050.csv,34299012,33a310dd|Scope_TrialNumber_0_75.00W_0.70Torr_1.00NitrogenFlow_2420.00MHz.csv,6,full 5,1.494324586874833,0.03209069636489507,0.32431045218339133,0.0063544175001098435,0.20388430420608356,0.003724011566439012,0.6345812241695917,0.013627664004564433,0.0034917009115007173,-0.00014000312374802003,2.3451751956779905,1.531396485459592,14.672184564077073,22.468931875442106,0.0047029007278610825,0.01701650687616926,25073
75,0.7,1.0,2420,0,33a310dd,0.708,74.86666666666666,0.0471404520791038,0.5365521541607116,0.0003727220626885,105.13333333333333,0.0471404520791071,30.266666666666666,0.0471404520791038,0.807,79.2,Scope_TrialNumber_0_75.00W_0.70Torr_1.00NitrogenFlow_2420.00MHz.csv,/home/user/MiniChamberDataAnalysis/TestData/Nafisa_Requested_Data_0.7Torr/LAS_DataFrame_33a310dd_Laser_True_20260922_151050.csv,34299012,33a310dd|Scope_TrialNumber_0_75.00W_0.70Torr_1.00NitrogenFlow_2420.00MHz.csv,12,full 11,1.5362643601884258,0.03224207731197177,0.33376090016620685,0.006424266628319176,0.2040973154841854,0.0036878951975008304,0.6523914060567778,0.01369194957381468,0.003499339792129618,-0.00014868780719418565,2.253032967355698,1.5010106486483359,14.577604333412067,21.881139336233637,0.004766687343016599,0.012660251242694789,25186
75,0.7,1.0,2420,0,33a310dd,0.708,74.86666666666666,0.0471404520791038,0.5365521541607116,0.0003727220626885,105.13333333333333,0.0471404520791071,30.266666666666666,0.0471404520791038,0.807,79.2,Scope_TrialNumber_0_75.00W_0.70Torr_1.00NitrogenFlow_2420.00MHz.csv,/home/user/MiniChamberDataAnalysis/TestData/Nafisa_Requested_Data_0.7Torr/LAS_DataFrame_33a310dd_Laser_True_20260922_151050.csv,34299012,33a310dd|Scope_TrialNumber_0_75.00W_0.70Torr_1.00NitrogenFlow_2420.00MHz.csv,18,full 17,1.587457661486545,0.03238588385184257,0.3452218255436284,0.006476626545215718,0.20429789102704893,0.003589467178895567,0.6741311994673805,0.01375301858848281,0.0033210223502093674,-0.0001515601016451128,2.206106837683502,1.485296885367872,14.302944430887363,21.244118814786752,0.004787103244015547,0.0258836576684843,25123
75,0.7,1.0,2420,0,33a310dd,0.708,74.86666666666666,0.0471404520791038,0.5365521541607116,0.0003727220626885,105.13333333333333,0.0471404520791071,30.266666666666666,0.0471404520791038,0.807,79.2,Scope_TrialNumber_0_75.00W_0.70Torr_1.00NitrogenFlow_2420.00MHz.csv,/home/user/MiniChamberDataAnalysis/TestData/Nafisa_Requested_Data_0.7Torr/LAS_DataFrame_33a310dd_Laser_True_20260922_151050.csv,34299012,33a310dd|Scope_TrialNumber_0_75.00W_0.70Torr_1.00NitrogenFlow_2420.00MHz.csv,24,trailing partial,2.434072696605914,0.56813159046586,0.018186574692754726,0.0080321578893721,0.007019160217380968,0.0015449501725937071,1.033655502356624,0.24126327260747993,-0.002743239298895032,0.00026108853295634966,1.0120222792151987,1.0059931805013385,1.3737978934674946,1.3820313122154038,0.005315084597561291,0.014967947700116075,5779
80,0.7,1.0,2420,0,33a310dd,0.708,80.0,0.0816496580927679,0.5151516237489328,0.0001931219952734,108.9,0.0816496580927737,28.899999999999995,3.552713678800501e-15,0.804,79.2,Scope_TrialNumber_0_80.00W_0.70Torr_1.00NitrogenFlow_2420.00MHz.csv,/home/user/MiniChamberDataAnalysis/TestData/Nafisa_Requested_Data_0.7Torr/LAS_DataFrame_33a310dd_Laser_True_20260922_151050.csv,34299012,33a310dd|Scope_TrialNumber_0_80.00W_0.70Torr_1.00NitrogenFlow_2420.00MHz.csv,0,leading partial,4.701522003406775,3.2838432816355008,0.023020583425412196,0.04371960980719393,0.004599870899588858,0.0055847828865977734,1.9965525660135883,1.3945198439111899,-0.007280632775762589,0.000930912608132473,1.0082555015538541,1.0041192665982732,1.7132208481082247,1.7202780615233022,0.004177740310973021,0.0042279467680607155,6300
80,0.7,1.0,2420,0,33a310dd,0.708,80.0,0.0816496580927679,0.5151516237489328,0.0001931219952734,108.9,0.0816496580927737,28.899999999999995,3.552713678800501e-15,0.804,79.2,Scope_TrialNumber_0_80.00W_0.70Torr_1.00NitrogenFlow_2420.00MHz.csv,/home/user/MiniChamberDataAnalysis/TestData/Nafisa_Requested_Data_0.7Torr/LAS_DataFrame_33a310dd_Laser_True_20260922_151050.csv,34299012,33a310dd|Scope_TrialNumber_0_80.00W_0.70Torr_1.00NitrogenFlow_2420.00MHz.csv,2,full 1,1.486476294167392,0.037275444028543374,0.31504216861234374,0.007192950155824672,0.19910331481107943,0.004194099582855229,0.6312483611238562,0.015829423614428875,0.002911282579178768,-0.00016150951483964179,2.745070301517955,1.6568253684435048,15.401928919307375,25.518306556472112,0.004697563297837458,0.019328857920572616,25062
80,0.7,1.0,2420,0,33a310dd,0.708,80.0,0.0816496580927679,0.5151516237489328,0.0001931219952734,108.9,0.0816496580927737,28.899999999999995,3.552713678800501e-15,0.804,79.2,Scope_TrialNumber_0_80.00W_0.70Torr_1.00NitrogenFlow_2420.00MHz.csv,/home/user/MiniChamberDataAnalysis/TestData/Nafisa_Requested_Data_0.7Torr/LAS_DataFrame_33a310dd_Laser_True_20260922_151050.csv,34299012,33a310dd|Scope_TrialNumber_0_80.00W_0.70Torr_1.00NitrogenFlow_2420.00MHz.csv,4,full 3,1.5748188224627717,0.03395915963711479,0.33586968358072,0.006638551434406699,0.20035860445670006,0.003693557498082991,0.6687639787107698,0.014421127299631282,0.0030486090360933565,-0.00019236085520976732,2.278000385391266,1.5093046032498763,14.63197626050984,22.084109124630412,0.0047650500858772175,0.01687942718328243,25081
80,0.7,1.0,2420,0,33a310dd,0.708,80.0,0.0816496580927679,0.5151516237489328,0.0001931219952734,108.9,0.0816496580927737,28.899999999999995,3.552713678800501e-15,0.804,79.2,Scope_TrialNumber_0_80.00W_0.70Torr_1.00NitrogenFlow_2420.00MHz.csv,/home/user/MiniChamberDataAnalysis/TestData/Nafisa_Requested_Data_0.7Torr/LAS_DataFrame_33a310dd_Laser_True_20260922_151050.csv,34299012,33a310dd|Scope_TrialNumber_0_80.00W_0.70Torr_1.00NitrogenFlow_2420.00MHz.csv,6,full 5,1.5277100985393717,0.032905944225582566,0.3273101116234046,0.006454670984626731,0.20127334423484922,0.0037158314723687038,0.648758745604823,0.013973867894924465,0.0029364587644389465,-0.0001884370201309425,2.27282103951848,1.5075878214944827,14.614173116003778,22.032149410899372,0.004786191507379769,0.020519660902037756,24997
80,0.7,1.0,2420,0,33a310dd,0.708,80.0,0.0816496580927679,0.5151516237489328,0.0001931219952734,108.9,0.0816496580927737,28.899999999999995,3.552713678800501e-15,0.804,79.2,Scope_TrialNumber_0_80.00W_0.70Torr_1.00NitrogenFlow_2420.00MHz.csv,/home/user/MiniChamberDataAnalysis/TestData/Nafisa_Requested_Data_0.7Torr/LAS_DataFrame_33a310dd_Laser_True_20260922_151050.csv,34299012,33a310dd|Scope_TrialNumber_0_80.00W_0.70Torr_1.00NitrogenFlow_2420.00MHz.csv,8,trailing partial,1.326673402583331,0.43257217018524347,0.005539110561882133,0.003079039681965842,0.0039223270343238794,0.0009801276327568184,0.5633863213381534,0.18369648716811318,-0.004030159715912428,0.00026742542513905304,1.0202602195376738,1.0100793134886359,1.0,1.0100793134886359,0.0053139600251590775,0.0030674846625778685,3913
85,0.7,1.0,2420,0,33a310dd,0.708,85.06666666666668,0.1247219128924626,0.5389990093521607,0.0003435734312485,119.9,0.1414213562373081,34.83333333333333,0.0471404520791038,0.802,79.2,Scope_TrialNumber_0_85.00W_0.70Torr_1.00NitrogenFlow_2420.00MHz.csv,/home/user/MiniChamberDataAnalysis/TestData/Nafisa_Requested_Data_0.7Torr/LAS_DataFrame_33a310dd_Laser_True_20260922_151050.csv,34299012,33a310dd|Scope_TrialNumber_0_85.00W_0.70Torr_1.00NitrogenFlow_2420.00MHz.csv,0,leading partial,1.4232847335355383,0.39523100666845806,0.0038850075760366847,0.001500970652837589,0.002564294310874305,0.0003673744749372705,0.6044133761044285,0.16783915505665042,-0.0026390545038487657,-0.00022897660067951967,0.992623276721658,1.0,1.0,1.0,0.004168150467753013,0.012485568031704182,6195
85,0.7,1.0,2420,0,33a310dd,0.708,85.06666666666668,0.1247219128924626,0.5389990093521607,0.0003435734312485,119.9,0.1414213562373081,34.83333333333333,0.0471404520791038,0.802,79.2,Scope_TrialNumber_0_85.00W_0.70Torr_1.00NitrogenFlow_2420.00MHz.csv,/home/user/MiniChamberDataAnalysis/TestData/Nafisa_Requested_Data_0.7Torr/LAS_DataFrame_33a310dd_Laser_True_20260922_151050.csv,34299012,33a310dd|Scope_TrialNumber_0_85.00W_0.70Torr_1.00NitrogenFlow_2420.00MHz.csv,10,full 9,1.5825288467578023,0.03481092608070737,0.32498069450722517,0.006553794670716938,0.19291842919847563,0.0036319839202590544,0.6720381245680296,0.01478283920427977,0.002857369677880791,-0.0002010069342254601,2.279010480980622,1.509639189005314,14.58723089066865,22.021455411622284,0.0047119159550605945,0.02206707465061727,25167
85,0.7,1.0,2420,0,33a310dd,0.708,85.06666666666668,0.1247219128924626,0.5389990093521607,0.0003435734312485,119.9,0.1414213562373081,34.83333333333333,0.0471404520791038,0.802,79.2,Scope_TrialNumber_0_85.00W_0.70Torr_1.00NitrogenFlow_2420.00MHz.csv,/home/user/MiniChamberDataAnalysis/TestData/Nafisa_Requested_Data_0.7Torr/LAS_DataFrame_33a310dd_Laser_True_20260922_151050.csv,34299012,33a310dd|Scope_TrialNumber_0_85.00W_0.70Torr_1.00NitrogenFlow_2420.00MHz.csv,19,full 18,1.550775254757181,0.032928225564339664,0.31885202102013477,0.006193136596223961,0.19315595474983344,0.003502838412819715,0.6585536156062402,0.013983329908297468,0.002568339948403876,-0.00018588790604873848,2.146629759943483,1.4651381368128682,14.297319982271606,20.94754876024281,0.004771482666538137,0.021407653443379644,25071
85,0.7,1.0,2420,0,33a310dd,0.708,85.06666666666668,0.1247219128924626,0.5389990093521607,0.0003435734312485,119.9,0.1414213562373081,34.83333333333333,0.0471404520791038,0.802,79.2,Scope_TrialNumber_0_85.00W_0.70Torr_1.00NitrogenFlow_2420.00MHz.csv,/home/user/MiniChamberDataAnalysis/TestData/Nafisa_Requested_Data_0.7Torr/LAS_DataFrame_33a310dd_Laser_True_20260922_151050.csv,34299012,33a310dd|Scope_TrialNumber_0_85.00W_0.70Torr_1.00NitrogenFlow_2420.00MHz.csv,28,full 27,1.5933249627409256,0.03560239445317911,0.327198643160105,0.006710918153598307,0.19291896512797413,0.0036892147895854614,0.6766228128994819,0.015118944875769133,0.0027911717207957432,-0.00019906980984810976,2.2459018697150532,1.4986333339796807,14.56402260960091,21.82612975958166,0.004831342195204566,0.019511939691072656,25134
85,0.7,1.0,2420,0,33a310dd,0.708,85.06666666666668,0.1247219128924626,0.5389990093521607,0.0003435734312485,119.9,0.1414213562373081,34.83333333333333,0.0471404520791038,0.802,79.2,Scope_TrialNumber_0_85.00W_0.70Torr_1.00NitrogenFlow_2420.00MHz.csv,/home/user/MiniChamberDataAnalysis/TestData/Nafisa_Requested_Data_0.7Torr/LAS_DataFrame_33a310dd_Laser_True_20260922_151050.csv,34299012,33a310dd|Scope_TrialNumber_0_85.00W_0.70Torr_1.00NitrogenFlow_2420.00MHz.csv,39,trailing partial,0.0018795123708764086,0.004605126501601205,8.79128636075998e-06,1.869063713023991e-05,0.004394151516635481,0.009317045849611665,0.0007981554152481771,0.0019556171654470014,-0.005327253124016627,0.0016173623752735507,1.0405266681578444,1.0200620903444282,2.0680885610448514,2.109578740596812,0.005224264254808092,0.06262833675564483,3897
90,0.7,1.0,2420,0,33a310dd,0.708,90.0,0.1414213562373014,0.5614644499729522,8.327370293360114e-05,131.43333333333334,0.1885618083164019,41.43333333333333,0.0471404520791038,0.806,79.2,Scope_TrialNumber_0_90.00W_0.70Torr_1.00NitrogenFlow_2420.00MHz.csv,/home/user/MiniChamberDataAnalysis/TestData/Nafisa_Requested_Data_0.7Torr/LAS_DataFrame_33a310dd_Laser_True_20260922_151050.csv,34299012,33a310dd|Scope_TrialNumber_0_90.00W_0.70Torr_1.00NitrogenFlow_2420.00MHz.csv,0,leading partial,4.210446471192064,1.828646331501101,0.02257562855485197,0.0237718149275741,0.005037087444196802,0.0031793695324886526,1.7880119884645906,0.7765545971802984,-0.008489595332918909,0.0010180511420392847,1.0232750307187901,1.0115705762421079,1.6079612466929198,1.6265662848921352,0.004126505729935164,0.00775615091946731,6284
90,0.7,1.0,2420,0,33a310dd,0.708,90.0,0.1414213562373014,0.5614644499729522,8.327370293360114e-05,131.43333333333334,0.1885618083164019,41.43333333333333,0.0471404520791038,0.806,79.2,Scope_TrialNumber_0_90.00W_0.70Torr_1.00NitrogenFlow_2420.00MHz.csv,/home/user/MiniChamberDataAnalysis/TestData/Nafisa_Requested_Data_0.7Torr/LAS_DataFrame_33a310dd_Laser_True_20260922_151050.csv,34299012,33a310dd|Scope_TrialNumber_0_90.00W_0.70Torr_1.00NitrogenFlow_2420.00MHz.csv,6,full 5,1.5015099373315406,0.03261432017931352,0.30537306849068574,0.006065503674348161,0.19106023697777758,0.0035584269368003876,0.6376325615623873,0.013850026564932212,0.0022945053073177906,-0.00020266794866566923,2.2232232573458655,1.491047704584218,14.480555884607266,21.591199612847156,0.004690204232091746,0.017429263908979198,25123
90,0.7,1.0,2420,0,33a310dd,0.708,90.0,0.1414213562373014,0.5614644499729522,8.327370293360114e-05,131.43333333333334,0.1885618083164019,41.43333333333333,0.0471404520791038,0.806,79.2,Scope_TrialNumber_0_90.00W_0.70Torr_1.00NitrogenFlow_2420.00MHz.csv,/home/user/MiniChamberDataAnalysis/TestData/Nafisa_Requested_Data_0.7Torr/LAS_DataFrame_33a310dd_Laser_True_20260922_151050.csv,34299012,33a310dd|Scope_TrialNumber_0_90.00W_0.70Torr_1.00NitrogenFlow_2420.00MHz.csv,12,full 11,1.4995008897442141,0.04153796107763299,0.3010319764403639,0.007598230897552015,0.18859652747318698,0.004356694611036427,0.6367793976055212,0.017639547941374456,0.0021296241343370546,-0.0001864777602508557,2.86550396280738,1.6927799510885577,15.617533295901671,26.43704724876035,0.004734111544630802,0.025083178615500957,25046
90,0.7,1.0,2420,0,33a310dd,0.708,90.0,0.1414213562373014,0.5614644499729522,8.327370293360114e-05,131.43333333333334,0.1885618083164019,41.43333333333333,0.0471404520791038,0.806,79.2,Scope_TrialNumber_0_90.00W_0.70Torr_1.00NitrogenFlow_2420.00MHz.csv,/home/user/MiniChamberDataAnalysis/TestData/Nafisa_Requested_Data_0.7Torr/LAS_DataFrame_33a310dd_Laser_True_20260922_151050.csv,34299012,33a310dd|Scope_TrialNumber_0_90.00W_0.70Torr_1.00NitrogenFlow_2420.00MHz.csv,19,full 18,1.5013230787054157,0.03261766927724817,0.3050045730371204,0.006053956608694451,0.19085343464647017,0.003543704013303741,0.6375532100100175,0.013851448795875814,0.0024970787875675557,-0.0002274151295864872,2.0851344694097516,1.4439994700171297,14.379410758986419,20.763861515135,0.004858942984284899,0.02279444467286176,25085
90,0.7,1.0,2420,0,33a310dd,0.708,90.0,0.1414213562373014,0.5614644499729522,8.327370293360114e-05,131.43333333333334,0.1885618083164019,41.43333333333333,0.0471404520791038,0.806,79.2,Scope_TrialNumber_0_90.00W_0.70Torr_1.00NitrogenFlow_2420.00MHz.csv,/home/user/MiniChamberDataAnalysis/TestData/Nafisa_Requested_Data_0.7Torr/LAS_DataFrame_33a310dd_Laser_True_20260922_151050.csv,34299012,33a310dd|Scope_TrialNumber_0_90.00W_0.70Torr_1.00NitrogenFlow_2420.00MHz.csv,26,trailing partial,1.3563701019919814,0.26270919788024993,0.01127524015412563,0.0037627044121576057,0.0078093588995516204,0.0011848046364699063,0.5759973484403368,0.11156232444793765,-0.003952990062869804,-0.0011470638953363836,1.0303040696430523,1.015038949815746,1.1718027098008552,1.1894253919475053,0.0053239851313757755,0.00760649087220977,3945
95,0.7,1.0,2420,0,33a310dd,0.708,94.96666666666668,0.1247219128924626,0.5816910867088168,0.0005224342783363,143.53333333333333,0.1885618083164153,48.56666666666666,0.1247219128924664,0.806,79.2,Scope_TrialNumber_0_95.00W_0.70Torr_1.00NitrogenFlow_2420.00MHz.csv,/home/user/MiniChamberDataAnalysis/TestData/Nafisa_Requested_Data_0.7Torr/LAS_DataFrame_33a310dd_Laser_True_20260922_151050.csv,34299012,33a310dd|Scope_TrialNumber_0_95.00W_0.70Torr_1.00NitrogenFlow_2420.00MHz.csv,0,leading partial,4.564061128013699,1.9253371943771183,0.025487752114627997,0.028457863319172317,0.005246236589551993,0.0036920414717560154,1.938178306934581,0.8176154260449289,-0.008888044063277386,0.0011782253130065343,1.0230212692969363,1.011445139044593,1.2527531348924204,1.267091068709814,0.004179795797616254,0.02377061157024775,6116
95,0.7,1.0,2420,0,33a310dd,0.708,94.96666666666668,0.1247219128924626,0.5816910867088168,0.0005224342783363,143.53333333333333,0.1885618083164153,48.56666666666666,0.1247219128924664,0.806,79.2,Scope_TrialNumber_0_95.00W_0.70Torr_1.00NitrogenFlow_2420.00MHz.csv,/home/user/MiniChamberDataAnalysis/TestData/Nafisa_Requested_Data_0.7Torr/LAS_DataFrame_33a310dd_Laser_True_20260922_151050.csv,34299012,33a310dd|Scope_TrialNumber_0_95.00W_0.70Torr_1.00NitrogenFlow_2420.00MHz.csv,8,full 7,1.5403768080356592,0.03750627178100218,0.30889191237880187,0.006869590934657048,0.18838544962743628,0.003893703827807218,0.6541378018613793,0.01592744713556625,0.0025979559470176343,-0.00020112052638666684,2.5225816705292003,1.5882637282671919,15.068263171681581,23.93237584356621,0.004672326096339976,0.009881935649412693,25255
95,0.7,1.0,2420,0,33a310dd,0.708,94.96666666666668,0.1247219128924626,0.5816910867088168,0.0005224342783363,143.53333333333333,0.1885618083164153,48.56666666666666,0.1247219128924664,0.806,79.2,Scope_TrialNumber_0_95.00W_0.70Torr_1.00NitrogenFlow_2420.00MHz.csv,/home/user/MiniChamberDataAnalysis/TestData/Nafisa_Requested_Data_0.7Torr/LAS_DataFrame_33a310dd_Laser_True_20260922_151050.csv,34299012,33a310dd|Scope_TrialNumber_0_95.00W_0.70Torr_1.00NitrogenFlow_2420.00MHz.csv,14,full 13,1.5683894160821603,0.038593501364354826,0.31507662497470557,0.007106298809513679,0.1887252770982754,0.003958228811942375,0.6660336612097877,0.01638915102909598,0.0023451384886067936,-0.0001907397224666659,2.4883748696458134,1.5774583574997514,15.112757619732918,23.83974581211574,0.0047585883172393964,0.021748686423732375,25096
95,0.7,1.0,2420,0,33a310dd,0.708,94.96666666666668,0.1247219128924626,0.5816910867088168,0.0005224342783363,143.53333333333333,0.1885618083164153,48.56666666666666,0.1247219128924664,0.806,79.2,Scope_TrialNumber_0_95.00W_0.70Torr_1.00NitrogenFlow_2420.00MHz.csv,/home/user/MiniChamberDataAnalysis/TestData/Nafisa_Requested_Data_0.7Torr/LAS_DataFrame_33a310dd_Laser_True_20260922_151050.csv,34299012,33a310dd|Scope_TrialNumber_0_95.00W_0.70Torr_1.00NitrogenFlow_2420.00MHz.csv,20,full 19,1.5452555097727534,0.041216899170853305,0.3080528577868958,0.007494713731680904,0.18728057372047874,0.004183967272691259,0.6562095957325877,0.017503205503039444,0.0026765722615130854,-0.00020550507513717164,2.771641551272529,1.6648247809521965,15.425266509591463,25.68036593795986,0.004695001873544932,0.019648339698810257,25116
95,0.7,1.0,2420,0,33a310dd,0.708,94.96666666666668,0.1247219128924626,0.5816910867088168,0.0005224342783363,143.53333333333333,0.1885618083164153,48.56666666666666,0.1247219128924664,0.806,79.2,Scope_TrialNumber_0_95.00W_0.70Torr_1.00NitrogenFlow_2420.00MHz.csv,/home/user/MiniChamberDataAnalysis/TestData/Nafisa_Requested_Data_0.7Torr/LAS_DataFrame_33a310dd_Laser_True_20260922_151050.csv,34299012,33a310dd|Scope_TrialNumber_0_95.00W_0.70Torr_1.00NitrogenFlow_2420.00MHz.csv,26,trailing partial,2.2854317771760018,0.5344115010130195,0.04565256027504502,0.027736918351493885,0.018765695576113146,0.0071093198256717925,0.9705335157132844,0.2269436690675001,-0.02453157098711317,0.008828430660761714,1.0323053996505704,1.0160243105608107,1.6195349491079691,1.6454868800965619,0.005326593230186784,0.10175607409189658,4158
100,0.7,1.0,2420,0,33a310dd,0.708,100.13333333333333,0.0942809041582043,0.5903502039393614,0.0005012387209895,153.70000000000002,0.2449489742783155,53.56666666666666,0.1699673171197586,0.805,79.2,Scope_TrialNumber_0_100.00W_0.70Torr_1.00NitrogenFlow_2420.00MHz.csv,/home/user/MiniChamberDataAnalysis/TestData/Nafisa_Requested_Data_0.7Torr/LAS_DataFrame_33a310dd_Laser_True_20260922_151050.csv,34299012,33a310dd|Scope_TrialNumber_0_100.00W_0.70Torr_1.00NitrogenFlow_2420.00MHz.csv,0,leading partial,1.8965728565944757,0.40769193910261564,0.0064416960245492405,0.002043928716275664,0.0031907919395088363,0.00039887510217618204,0.8054003364701056,0.17313082584077347,-0.002571971915377574,-0.00029897315067525457,0.9713415809019476,1.0,1.0,1.0,0.004249798999149491,0.010093698543381829,6285
100,0.7,1.0,2420,0,33a310dd,0.708,100.13333333333333,0.0942809041582043,0.5903502039393614,0.0005012387209895,153.70000000000002,0.2449489742783155,53.56666666666666,0.1699673171197586,0.805,79.2,Scope_TrialNumber_0_100.00W_0.70Torr_1.00NitrogenFlow_2420.00MHz.csv,/home/user/MiniChamberDataAnalysis/TestData/Nafisa_Requested_Data_0.7Torr/LAS_DataFrame_33a310dd_Laser_True_20260922_151050.csv,34299012,33a310dd|Scope_TrialNumber_0_100.00W_0.70Torr_1.00NitrogenFlow_2420.00MHz.csv,7,full 6,1.5509685087635035,0.035418153622228825,0.3108701565567029,0.006500838673544356,0.18829719124174377,0.00368324412928025,0.6586356830265215,0.015040704998654503,0.0032628308623503435,-0.00022165805873079633,2.2820697659883504,1.5106520995875756,14.727726806296733,22.24847142208438,0.0047388826092046935,0.016455012993189525,25172
100,0.7,1.0,2420,0,33a310dd,0.708,100.13333333333333,0.0942809041582043,0.5903502039393614,0.0005012387209895,153.70000000000002,0.2449489742783155,53.56666666666666,0.1699673171197586,0.805,79.2,Scope_TrialNumber_0_100.00W_0.70Torr_1.00NitrogenFlow_2420.00MHz.csv,/home/user/MiniChamberDataAnalysis/TestData/Nafisa_Requested_Data_0.7Torr/LAS_DataFrame_33a310dd_Laser_True_20260922_151050.csv,34299012,33a310dd|Scope_TrialNumber_0_100.00W_0.70Torr_1.00NitrogenFlow_2420.00MHz.csv,13,full 12,1.4922087778158026,0.036462525988555684,0.2978335858307376,0.006636961225830485,0.1875045754574197,0.003877729722716945,0.6336827227900511,0.0154842091078244,0.0033120792681666693,-0.00022866281494840187,2.454269162634601,1.566610724664746,15.004841009239346,23.506744846963752,0.004732233029502938,0.016751086039856557,25140
100,0.7,1.0,2420,0,33a310dd,0.708,100.13333333333333,0.0942809041582043,0.5903502039393614,0.0005012387209895,153.70000000000002,0.2449489742783155,53.56666666666666,0.1699673171197586,0.805,79.2,Scope_TrialNumber_0_100.00W_0.70Torr_1.00NitrogenFlow_2420.00MHz.csv,/home/user/MiniChamberDataAnalysis/TestData/Nafisa_Requested_Data_0.7Torr/LAS_DataFrame_33a310dd_Laser_True_20260922_151050.csv,34299012,33a310dd|Scope_TrialNumber_0_100.00W_0.70Torr_1.00NitrogenFlow_2420.00MHz.csv,18,full 17,1.516774899448571,0.039305439844668215,0.3021309435413548,0.0071357810784189344,0.18712933047259475,0.004079570505302425,0.6441149941156697,0.016691483464993023,0.0034339548780869464,-0.00023555789104532849,2.6441717472061304,1.6260909406322053,15.256451566955183,24.808377679219838,0.004723698481657466,0.011342320966975584,25157
100,0.7,1.0,2420,0,33a310dd,0.708,100.13333333333333,0.0942809041582043,0.5903502039393614,0.0005012387209895,153.70000000000002,0.2449489742783155,53.56666666666666,0.1699673171197586,0.805,79.2,Scope_TrialNumber_0_100.00W_0.70Torr_1.00NitrogenFlow_2420.00MHz.csv,/home/user/MiniChamberDataAnalysis/TestData/Nafisa_Requested_Data_0.7Torr/LAS_DataFrame_33a310dd_Laser_True_20260922_151050.csv,34299012,33a310dd|Scope_TrialNumber_0_100.00W_0.70Torr_1.00NitrogenFlow_2420.00MHz.csv,23,trailing partial,0.795970098958371,0.14557661769948327,0.005514175781399187,0.0015187638216827895,0.006508061417292134,0.0006997124887123375,0.33801737871137816,0.061820697512182915,-0.003360233141417467,-0.0008122914564344772,1.0370419384906167,1.0183525609977209,1.0,1.0183525609977209,0.0052575133832492025,0.14967907573812506,3896
105,0.7,1.0,2420,0,33a310dd,0.708,105.0,0.0816496580927737,0.6075467393885016,0.0011706568131684,166.43333333333334,0.2867441755680944,61.43333333333334,0.3399346342395182,0.802,79.2,Scope_TrialNumber_0_105.00W_0.70Torr_1.00NitrogenFlow_2420.00MHz.csv,/home/user/MiniChamberDataAnalysis/TestData/Nafisa_Requested_Data_0.7Torr/LAS_DataFrame_33a310dd_Laser_True_20260922_151050.csv,34299012,33a310dd|Scope_TrialNumber_0_105.00W_0.70Torr_1.00NitrogenFlow_2420.00MHz.csv,0,leading partial,4.593430633831271,2.023756281070083,0.03045504323357539,0.03556934182665595,0.00622859148613438,0.004589393892528877,1.9506503877118555,0.8594101639913145,-0.008903666874388951,0.0012614190363037004,0.9852955215803817,1.0,1.5869703643917332,1.5869703643917332,0.004202511582007588,0.043703154875717035,6250
105,0.7,1.0,2420,0,33a310dd,0.708,105.0,0.0816496580927737,0.6075467393885016,0.0011706568131684,166.43333333333334,0.2867441755680944,61.43333333333334,0.3399346342395182,0.802,79.2,Scope_TrialNumber_0_105.00W_0.70Torr_1.00NitrogenFlow_2420.00MHz.csv,/home/user/MiniChamberDataAnalysis/TestData/Nafisa_Requested_Data_0.7Torr/LAS_DataFrame_33a310dd_Laser_True_20260922_151050.csv,34299012,33a310dd|Scope_TrialNumber_0_105.00W_0.70Torr_1.00NitrogenFlow_2420.00MHz.csv,10,full 9,1.6154425184967929,0.03696556988576039,0.3221232651723993,0.006785346166213184,0.18732613520720934,0.0036965197543493457,0.6860152740357538,0.0156978321820233,0.003822602930327553,-0.0002312129286095779,2.308317993950658,1.5193149752275392,14.75070995973474,22.410974537063,0.0047319114117884455,0.014936471536285552,25100
105,0.7,1.0,2420,0,33a310dd,0.708,105.0,0.0816496580927737,0.6075467393885016,0.0011706568131684,166.43333333333334,0.2867441755680944,61.43333333333334,0.3399346342395182,0.802,79.2,Scope_TrialNumber_0_105.00W_0.70Torr_1.00NitrogenFlow_2420.00MHz.csv,/home/user/MiniChamberDataAnalysis/TestData/Nafisa_Requested_Data_0.7Torr/LAS_DataFrame_33a310dd_Laser_True_20260922_151050.csv,34299012,33a310dd|Scope_TrialNumber_0_105.00W_0.70Torr_1.00NitrogenFlow_2420.00MHz.csv,21,full 20,1.5308206447322512,0.037234238073747976,0.3036448608260742,0.006739436954519106,0.18634142590588998,0.0038386839963888207,0.6500796729510309,0.015811925056574166,0.0035307969123250403,-0.0002124125496744192,2.3694401131306146,1.539298578291624,14.947062125627973,23.00799147961572,0.004787608367790564,0.018038867462720248,25126
105,0.7,1.0,2420,0,33a310dd,0.708,105.0,0.0816496580927737,0.6075467393885016,0.0011706568131684,166.43333333333334,0.2867441755680944,61.43333333333334,0.3399346342395182,0.802,79.2,Scope_TrialNumber_0_105.00W_0.70Torr_1.00NitrogenFlow_2420.00MHz.csv,/home/user/MiniChamberDataAnalysis/TestData/Nafisa_Requested_Data_0.7Torr/LAS_DataFrame_33a310dd_Laser_True_20260922_151050.csv,34299012,33a310dd|Scope_TrialNumber_0_105.00W_0.70Torr_1.00NitrogenFlow_2420.00MHz.csv,31,full 30,1.580550676580889,0.03653582271189467,0.3150429115443022,0.006680587190262725,0.18725312631862806,0.003725893717381757,0.6711980730400636,0.015515335360335138,0.0038353923812911054,-0.00023823994271936368,2.3017080948611253,1.5171381264938026,14.688174553483227,22.28398962368549,0.0047722335723945465,0.012818114408827899,25092
105,0.7,1.0,2420,0,33a310dd,0.708,105.0,0.0816496580927737,0.6075467393885016,0.0011706568131684,166.43333333333334,0.2867441755680944,61.43333333333334,0.3399346342395182,0.802,79.2,Scope_TrialNumber_0_105.00W_0.70Torr_1.00NitrogenFlow_2420.00MHz.csv,/home/user/MiniChamberDataAnalysis/TestData/Nafisa_Requested_Data_0.7Torr/LAS_DataFrame_33a310dd_Laser_True_20260922_151050.csv,34299012,33a310dd|Scope_TrialNumber_0_105.00W_0.70Torr_1.00NitrogenFlow_2420.00MHz.csv,43,trailing partial,1.0110389789517136,0.21614710867283984,0.006267221013306178,0.0021026549709439123,0.005823376918518211,0.000800904822903049,0.42934872288231496,0.09178922573253322,-0.0030143307444446196,-0.0007575579272934696,1.005217179853711,1.0026051964027072,1.0,1.0026051964027072,0.005404940963105101,0.06078224101479932,3785
110,0.7,1.0,2420,0,33a310dd,0.708,109.96666666666668,0.0942809041582076,0.6203590269663435,0.0018477139098228,178.76666666666665,0.8178562764256883,68.8,0.7257180352359085,0.793,79.2,Scope_TrialNumber_0_110.00W_0.70Torr_1.00NitrogenFlow_2420.00MHz.csv,/home/user/MiniChamberDataAnalysis/TestData/Nafisa_Requested_Data_0.7Torr/LAS_DataFrame_33a310dd_Laser_True_20260922_151050.csv,34299012,33a310dd|Scope_TrialNumber_0_110.00W_0.70Torr_1.00NitrogenFlow_2420.00MHz.csv,0,leading partial,1.8898224884874537,0.9535809471535072,0.006120860757562412,0.004614373351081708,0.003042700998857382,0.0008925988213721929,0.8025337190734741,0.40494854337838554,-0.003647245304154884,0.00020340807162886547,0.9841802832157619,1.0,2.0593953210827114,2.0593953210827114,0.0043058228398451135,0.015059286621731326,7688
110,0.7,1.0,2420,0,33a310dd,0.708,109.96666666666668,0.0942809041582076,0.6203590269663435,0.0018477139098228,178.76666666666665,0.8178562764256883,68.8,0.7257180352359085,0.793,79.2,Scope_TrialNumber_0_110.00W_0.70Torr_1.00NitrogenFlow_2420.00MHz.csv,/home/user/MiniChamberDataAnalysis/TestData/Nafisa_Requested_Data_0.7Torr/LAS_DataFrame_33a310dd_Laser_True_20260922_151050.csv,34299012,33a310dd|Scope_TrialNumber_0_110.00W_0.70Torr_1.00NitrogenFlow_2420.00MHz.csv,6,full 5,1.563954048315384,0.037740802597529384,0.3083304298323487,0.006818128249081099,0.18520819090177246,0.003807269464194205,0.6641501339414787,0.016027043203224203,0.004121572721653116,-0.00024802668782226506,2.4404989287709116,1.562209630226018,14.932973808976516,23.328435492296016,0.004690100556818787,0.00969398207362308,25088
110,0.7,1.0,2420,0,33a310dd,0.708,109.96666666666668,0.0942809041582076,0.6203590269663435,0.0018477139098228,178.76666666666665,0.8178562764256883,68.8,0.7257180352359085,0.793,79.2,Scope_TrialNumber_0_110.00W_0.70Torr_1.00NitrogenFlow_2420.00MHz.csv,/home/user/MiniChamberDataAnalysis/TestData/Nafisa_Requested_Data_0.7Torr/LAS_DataFrame_33a310dd_Laser_True_20260922_151050.csv,34299012,33a310dd|Scope_TrialNumber_0_110.00W_0.70Torr_1.00NitrogenFlow_2420.00MHz.csv,12,full 11,1.5575930823820372,0.03602718558222565,0.30803753829306524,0.0065227912359621725,0.18578789928164238,0.0036705013461865747,0.6614488804224383,0.015299337059003227,0.004223773608743544,-0.00026070762868996846,2.328944927320669,1.5260881125677734,14.69617266070751,22.427654397749237,0.004691745742246251,0.0135757265013922,25151
110,0.7,1.0,2420,0,33a310dd,0.708,109.96666666666668,0.0942809041582076,0.6203590269663435,0.0018477139098228,178.76666666666665,0.8178562764256883,68.8,0.7257180352359085,0.793,79.2,Scope_TrialNumber_0_110.00W_0.70Torr_1.00NitrogenFlow_2420.00MHz.csv,/home/user/MiniChamberDataAnalysis/TestData/Nafisa_Requested_Data_0.7Torr/LAS_DataFrame_33a310dd_Laser_True_20260922_151050.csv,34299012,33a310dd|Scope_TrialNumber_0_110.00W_0.70Torr_1.00NitrogenFlow_2420.00MHz.csv,17,full 16,1.531468146072216,0.038989402386333284,0.30080854318079864,0.006982850583856434,0.18452277962172553,0.0039546426678603985,0.6503546414529047,0.016557274713457287,0.004103317910849888,-0.000255258714016631,2.517031614728438,1.5865155576698384,15.156379343847279,24.045831626959487,0.004732589352678495,0.015420770510548326,25051
110,0.7,1.0,2420,0,33a310dd,0.708,109.96666666666668,0.0942809041582076,0.6203590269663435,0.0018477139098228,178.76666666666665,0.8178562764256883,68.8,0.7257180352359085,0.793,79.2,Scope_TrialNumber_0_110.00W_0.70Torr_1.00NitrogenFlow_2420.00MHz.csv,/home/user/MiniChamberDataAnalysis/TestData/Nafisa_Requested_Data_0.7Torr/LAS_DataFrame_33a310dd_Laser_True_20260922_151050.csv,34299012,33a310dd|Scope_TrialNumber_0_110.00W_0.70Torr_1.00NitrogenFlow_2420.00MHz.csv,23,trailing partial,1.176623462057104,0.3239445779026727,0.006033629590295495,0.002716751795948891,0.004817358097788638,0.0009319026176762435,0.4996659785277307,0.13756659604892021,-0.0027985026106060436,-0.0007735067614099398,1.0326406630377891,1.0161892850437801,1.021327607187323,1.0378621709431604,0.005344409806671475,0.06082036775106159,3536
30,0.7,3.0,2420,0,33a310dd,0.7070000000000001,29.96666666666667,0.0471404520791038,0.4521338508456555,0.0002831145033697,37.66666666666667,0.0471404520791038,7.7,0.0,2.404,77.61,Scope_TrialNumber_0_30.00W_0.70Torr_3.00NitrogenFlow_2420.00MHz.csv,/home/user/MiniChamberDataAnalysis/TestData/Nafisa_Requested_Data_0.7Torr/LAS_DataFrame_33a310dd_Laser_True_20260922_151050.csv,34299012,33a310dd|Scope_TrialNumber_0_30.00W_0.70Torr_3.00NitrogenFlow_2420.00MHz.csv,0,leading partial,1.6910776308192097,0.5976295367616823,0.0022366248014109606,0.0011680247732129057,0.0012425028151379371,0.00033904435347356475,0.7181345489170846,0.25378989703386345,-0.002701061202450252,0.0001654523304201491,0.9804410973280829,1.0,1.1786498532242733,1.1786498532242733,0.004239650946352907,0.023782483156881636,6177
30,0.7,3.0,2420,0,33a310dd,0.7070000000000001,29.96666666666667,0.0471404520791038,0.4521338508456555,0.0002831145033697,37.66666666666667,0.0471404520791038,7.7,0.0,2.404,77.61,Scope_TrialNumber_0_30.00W_0.70Torr_3.00NitrogenFlow_2420.00MHz.csv,/home/user/MiniChamberDataAnalysis/TestData/Nafisa_Requested_Data_0.7Torr/LAS_DataFrame_33a310dd_Laser_True_20260922_151050.csv,34299012,33a310dd|Scope_TrialNumber_0_30.00W_0.70Torr_3.00NitrogenFlow_2420.00MHz.csv,4,full 3,1.5923777743147374,0.030692112251200575,0.21167186203147498,0.003771207698926134,0.1248776774278396,0.0020519643913151824,0.6762205790098108,0.01303374001591582,-0.00045044855909806986,-1.0274264370543654e-05,1.4225807413198608,1.1927198922294626,10.514498992326518,12.540852104974478,0.004682697583364497,0.014109778373687442,23757
30,0.7,3.0,2420,0,33a310dd,0.7070000000000001,29.96666666666667,0.0471404520791038,0.4521338508456555,0.0002831145033697,37.66666666666667,0.0471404520791038,7.7,0.0,2.404,77.61,Scope_TrialNumber_0_30.00W_0.70Torr_3.00NitrogenFlow_2420.00MHz.csv,/home/user/MiniChamberDataAnalysis/TestData/Nafisa_Requested_Data_0.7Torr/LAS_DataFrame_33a310dd_Laser_True_20260922_151050.csv,34299012,33a310dd|Scope_TrialNumber_0_30.00W_0.70Torr_3.00NitrogenFlow_2420.00MHz.csv,7,full 6,1.5688018992764423,0.03034623427092279,0.20871202086491172,0.00371812161348764,0.12498190689574583,0.0020476550106238844,0.6662088266943658,0.012886859161471063,-0.0006318407963461177,-2.293282294256857e-06,1.418725893565281,1.191102805623965,10.357250892233631,12.336550596290794,0.00476189816221159,0.010899117973017979,23948
30,0.7,3.0,2420,0,33a310dd,0.7070000000000001,29.96666666666667,0.0471404520791038,0.4521338508456555,0.0002831145033697,37.66666666666667,0.0471404520791038,7.7,0.0,2.404,77.61,Scope_TrialNumber_0_30.00W_0.70Torr_3.00NitrogenFlow_2420.00MHz.csv,/home/user/MiniChamberDataAnalysis/TestData/Nafisa_Requested_Data_0.7Torr/LAS_DataFrame_33a310dd_Laser_True_20260922_151050.csv,34299012,33a310dd|Scope_TrialNumber_0_30.00W_0.70Torr_3.00NitrogenFlow_2420.00MHz.csv,12,full 11,1.5316703329074972,0.034903785138928445,0.20289799738262845,0.004245055045521854,0.12444580169736634,0.002374392242834169,0.6504405022963725,0.014822272815530457,-0.0005456706348960916,1.0351433583840975e-05,1.5954525698684727,1.2631122554501926,11.570674288677857,14.61506049785144,0.004674603441884783,0.01946611816797399,23890
30,0.7,3.0,2420,0,33a310dd,0.7070000000000001,29.96666666666667,0.0471404520791038,0.4521338508456555,0.0002831145033697,37.66666666666667,0.0471404520791038,7.7,0.0,2.404,77.61,Scope_TrialNumber_0_30.00W_0.70Torr_3.00NitrogenFlow_2420.00MHz.csv,/home/user/MiniChamberDataAnalysis/TestData/Nafisa_Requested_Data_0.7Torr/LAS_DataFrame_33a310dd_Laser_True_20260922_151050.csv,34299012,33a310dd|Scope_TrialNumber_0_30.00W_0.70Torr_3.00NitrogenFlow_2420.00MHz.csv,17,trailing partial,7.0634662323433055,36347726.44418715,5.903633122676165e-12,0.041670466699043646,7.851800876194046e-13,0.005542167352246065,2.9995779283637236,15435458.229976734,-0.0025212038565200273,4.43894112032475e-05,1.0548211686878881,1.0270448717986416,1.5794266888736637,1.6221420811896048,0.0053418152921590415,0.03165829145728648,3981
35,0.7,3.0,2420,0,33a310dd,0.7070000000000001,34.9,0.0,0.4446359740566292,5.551115123125783e-17,43.5,0.0,8.6,0.0,2.402,77.61,Scope_TrialNumber_0_35.00W_0.70Torr_3.00NitrogenFlow_2420.00MHz.csv,/home/user/MiniChamberDataAnalysis/TestData/Nafisa_Requested_Data_0.7Torr/LAS_DataFrame_33a310dd_Laser_True_20260922_151050.csv,34299012,33a310dd|Scope_TrialNumber_0_35.00W_0.70Torr_3.00NitrogenFlow_2420.00MHz.csv,0,leading partial,14.128821640075449,5.722929519912381e-15,2.965237450406958e-11,0.05189937619607171,1.9716114139393507e-12,0.0034508333378314706,5.999958115648601,2.430304401386716e-15,-0.002694671807423231,-0.0001643077374879451,1.0410790133577683,1.0203327953946046,1.5386829020203756,1.5699686266443325,0.004074194277533574,0.0417192257644763,6172
35,0.7,3.0,2420,0,33a310dd,0.7070000000000001,34.9,0.0,0.4446359740566292,5.551115123125783e-17,43.5,0.0,8.6,0.0,2.402,77.61,Scope_TrialNumber_0_35.00W_0.70Torr_3.00NitrogenFlow_2420.00MHz.csv,/home/user/MiniChamberDataAnalysis/TestData/Nafisa_Requested_Data_0.7Torr/LAS_DataFrame_33a310dd_Laser_True_20260922_151050.csv,34299012,33a310dd|Scope_TrialNumber_0_35.00W_0.70Torr_3.00NitrogenFlow_2420.00MHz.csv,9,full 8,1.578005520097684,0.03167910621744723,0.23013153013208376,0.004250897106404061,0.13700467815656847,0.0023261952576823096,0.6701172445968984,0.013452877762058831,-0.0014833826218103026,-1.0790612491778043e-07,1.5685023673010836,1.2523986455203007,11.50842007580586,14.413129715017895,0.004634117974164052,0.006268469449630009,23836
35,0.7,3.0,2420,0,33a310dd,0.7070000000000001,34.9,0.0,0.4446359740566292,5.551115123125783e-17,43.5,0.0,8.6,0.0,2.402,77.61,Scope_TrialNumber_0_35.00W_0.70Torr_3.00NitrogenFlow_2420.00MHz.csv,/home/user/MiniChamberDataAnalysis/TestData/Nafisa_Requested_Data_0.7Torr/LAS_DataFrame_33a310dd_Laser_True_20260922_151050.csv,34299012,33a310dd|Scope_TrialNumber_0_35.00W_0.70Torr_3.00NitrogenFlow_2420.00MHz.csv,16,full 15,1.6047603736782876,0.029668221180122224,0.23496568633559078,0.004010817951435551,0.13755045836092847,0.0021657245264044027,0.6814789848016587,0.012598933512022273,-0.0014208845223205836,-5.470410313388108e-06,1.4816512256991892,1.2172309664559102,10.783623380141735,13.126160308906474,0.004727846072063696,0.0262251886925049,23834
35,0.7,3.0,2420,0,33a310dd,0.7070000000000001,34.9,0.0,0.4446359740566292,5.551115123125783e-17,43.5,0.0,8.6,0.0,2.402,77.61,Scope_TrialNumber_0_35.00W_0.70Torr_3.00NitrogenFlow_2420.00MHz.csv,/home/user/MiniChamberDataAnalysis/TestData/Nafisa_Requested_Data_0.7Torr/LAS_DataFrame_33a310dd_Laser_True_20260922_151050.csv,34299012,33a310dd|Scope_TrialNumber_0_35.00W_0.70Torr_3.00NitrogenFlow_2420.00MHz.csv,23,full 22,1.5210670379037199,0.030953957798092607,0.2223305130177747,0.004154346862653326,0.13731516554928883,0.0023570777254040484,0.645937697495576,0.013144935581557689,-0.0014241533884095817,3.3501491570353575e-06,1.6027209294266997,1.2659861489869073,11.486641129243843,14.541928568006034,0.004642125749607179,0.01167486001253179,23817
35,0.7,3.0,2420,0,33a310dd,0.7070000000000001,34.9,0.0,0.4446359740566292,5.551115123125783e-17,43.5,0.0,8.6,0.0,2.402,77.61,Scope_TrialNumber_0_35.00W_0.70Torr_3.00NitrogenFlow_2420.00MHz.csv,/home/user/MiniChamberDataAnalysis/TestData/Nafisa_Requested_Data_0.7Torr/LAS_DataFrame_33a310dd_Laser_True_20260922_151050.csv,34299012,33a310dd|Scope_TrialNumber_0_35.00W_0.70Torr_3.00NitrogenFlow_2420.00MHz.csv,33,trailing partial,1.5745469859274759,0.5825906532674696,0.006165730098356092,0.004249370541969363,0.0036787195025394922,0.0012501743683934565,0.668648540362999,0.2474034712320502,-0.0038670032205885335,-0.0004914841767044753,1.0298377878275247,1.0148092371611153,1.000353056495989,1.0151675221544847,0.005486819622366836,0.07780847145487733,4345
40,0.7,3.0,2420,0,33a310dd,0.7070000000000001,39.9,0.0816496580927737,0.4446570099982539,0.000567954884338,49.73333333333334,0.1247219128924633,9.833333333333334,0.047140452079103,2.399,77.59,Scope_TrialNumber_0_40.00W_0.70Torr_3.00NitrogenFlow_2420.00MHz.csv,/home/user/MiniChamberDataAnalysis/TestData/Nafisa_Requested_Data_0.7Torr/LAS_DataFrame_33a310dd_Laser_True_20260922_151050.csv,34299012,33a310dd|Scope_TrialNumber_0_40.00W_0.70Torr_3.00NitrogenFlow_2420.00MHz.csv,0,leading partial,3.879741155638084,1.731041716367835,0.012436989626584325,0.012429422882368276,0.003011482266809264,0.0017139055738369562,1.6475743714790285,0.7351057334595961,-0.005625211461263833,0.0003204714918333961,1.0221493231499759,1.0110140073955336,1.148969491898796,1.1616242503798118,0.004199830902497147,0.004112956919060135,6250
40,0.7,3.0,2420,0,33a310dd,0.7070000000000001,39.9,0.0816496580927737,0.4446570099982539,0.000567954884338,49.73333333333334,0.1247219128924633,9.833333333333334,0.047140452079103,2.399,77.59,Scope_TrialNumber_0_40.00W_0.70Torr_3.00NitrogenFlow_2420.00MHz.csv,/home/user/MiniChamberDataAnalysis/TestData/Nafisa_Requested_Data_0.7Torr/LAS_DataFrame_33a310dd_Laser_True_20260922_151050.csv,34299012,33a310dd|Scope_TrialNumber_0_40.00W_0.70Torr_3.00NitrogenFlow_2420.00MHz.csv,5,full 4,1.526382670457412,0.02721176102139672,0.23418942409586435,0.003848500146578677,0.14413572659792315,0.002186910359849853,0.6481950388006616,0.011555770929850002,-0.00159509511184773,-1.4933608511605638e-05,1.442834629668226,1.2011805150218788,10.947975410169242,13.150494741633956,0.004763934489501907,0.019060534091244117,24072
40,0.7,3.0,2420,0,33a310dd,0.7070000000000001,39.9,0.0816496580927737,0.4446570099982539,0.000567954884338,49.73333333333334,0.1247219128924633,9.833333333333334,0.047140452079103,2.399,77.59,Scope_TrialNumber_0_40.00W_0.70Torr_3.00NitrogenFlow_2420.00MHz.csv,/home/user/MiniChamberDataAnalysis/TestData/Nafisa_Requested_Data_0.7Torr/LAS_DataFrame_33a310dd_Laser_True_20260922_151050.csv,34299012,33a310dd|Scope_TrialNumber_0_40.00W_0.70Torr_3.00NitrogenFlow_2420.00MHz.csv,13,full 12,1.5382468088001973,0.03290287269466336,0.23539541059517793,0.004630167151496826,0.14376056084290229,0.0025935945338320136,0.6532332744687419,0.013972563535839495,-0.0014502472069842474,-2.6666530796989297e-05,1.688406115319136,1.2993868228203393,12.154077663437079,15.79284835940516,0.004721069496730497,0.01317895280779817,24020
40,0.7,3.0,2420,0,33a310dd,0.7070000000000001,39.9,0.0816496580927737,0.4446570099982539,0.000567954884338,49.73333333333334,0.1247219128924633,9.833333333333334,0.047140452079103,2.399,77.59,Scope_TrialNumber_0_40.00W_0.70Torr_3.00NitrogenFlow_2420.00MHz.csv,/home/user/MiniChamberDataAnalysis/TestData/Nafisa_Requested_Data_0.7Torr/LAS_DataFrame_33a310dd_Laser_True_20260922_151050.csv,34299012,33a310dd|Scope_TrialNumber_0_40.00W_0.70Torr_3.00NitrogenFlow_2420.00MHz.csv,18,full 17,1.5197930312595198,0.028335279115301048,0.23385426660498457,0.004020781373711824,0.14455350913776824,0.002295145132655887,0.6453966766872605,0.012032885134935497,-0.0015067742626891244,-1.757781826205405e-05,1.5853115357006031,1.2590915517549164,11.278253739901785,14.200354002458628,0.004628084649048396,0.02294137750302028,24072
40,0.7,3.0,2420,0,33a310dd,0.7070000000000001,39.9,0.0816496580927737,0.4446570099982539,0.000567954884338,49.73333333333334,0.1247219128924633,9.833333333333334,0.047140452079103,2.399,77.59,Scope_TrialNumber_0_40.00W_0.70Torr_3.00NitrogenFlow_2420.00MHz.csv,/home/user/MiniChamberDataAnalysis/TestData/Nafisa_Requested_Data_0.7Torr/LAS_DataFrame_33a310dd_Laser_True_20260922_151050.csv,34299012,33a310dd|Scope_TrialNumber_0_40.00W_0.70Torr_3.00NitrogenFlow_2420.00MHz.csv,24,trailing partial,1.894887405224817,0.6697667737966324,0.009585633715963026,0.007455210191679603,0.0047523149016168225,0.0020836557900121683,0.8046845911743173,0.28442376104702716,-0.004669393342791474,-0.0007283110099898191,0.9889084187610633,1.0,1.0,1.0,0.0054867033914397885,0.09198273904156291,4404
45,0.7,3.0,2420,0,33a310dd,0.7070000000000001,45.06666666666666,0.1699673171197619,0.4423997525080076,0.001424842552687,56.03333333333333,0.1247219128924665,10.966666666666669,0.047140452079103,2.392,77.6,Scope_TrialNumber_0_45.00W_0.70Torr_3.00NitrogenFlow_2420.00MHz.csv,/home/user/MiniChamberDataAnalysis/TestData/Nafisa_Requested_Data_0.7Torr/LAS_DataFrame_33a310dd_Laser_True_20260922_151050.csv,34299012,33a310dd|Scope_TrialNumber_0_45.00W_0.70Torr_3.00NitrogenFlow_2420.00MHz.csv,0,leading partial,14.128121192950253,1.5237303404369162e-14,4.6235586747451554e-11,0.06309113709459899,3.0743956114123134e-12,0.004195190948092357,5.9996606631419125,6.470686979466789e-15,-0.004038838566976338,-0.00026592696604591366,1.074308145707701,1.0364883722009144,1.8715474542602382,1.9398371743629594,0.004101189119041302,0.017862650602409796,6249
45,0.7,3.0,2420,0,33a310dd,0.7070000000000001,45.06666666666666,0.1699673171197619,0.4423997525080076,0.001424842552687,56.03333333333333,0.1247219128924665,10.966666666666669,0.047140452079103,2.392,77.6,Scope_TrialNumber_0_45.00W_0.70Torr_3.00NitrogenFlow_2420.00MHz.csv,/home/user/MiniChamberDataAnalysis/TestData/Nafisa_Requested_Data_0.7Torr/LAS_DataFrame_33a310dd_Laser_True_20260922_151050.csv,34299012,33a310dd|Scope_TrialNumber_0_45.00W_0.70Torr_3.00NitrogenFlow_2420.00MHz.csv,2,full 1,1.476659399500152,0.041510471544798686,0.2390167633096058,0.006137720786491683,0.1520602907909446,0.0034738472800669965,0.6270795097978471,0.017627874211616504,-0.003269597589391611,3.984353810717729e-05,2.3326035207801388,1.5272863257359894,14.372758598486547,21.951317670572866,0.0045927653230351684,0.019422409957857007,24474
45,0.7,3.0,2420,0,33a310dd,0.7070000000000001,45.06666666666666,0.1699673171197619,0.4423997525080076,0.001424842552687,56.03333333333333,0.1247219128924665,10.966666666666669,0.047140452079103,2.392,77.6,Scope_TrialNumber_0_45.00W_0.70Torr_3.00NitrogenFlow_2420.00MHz.csv,/home/user/MiniChamberDataAnalysis/TestData/Nafisa_Requested_Data_0.7Torr/LAS_DataFrame_33a310dd_Laser_True_20260922_151050.csv,34299012,33a310dd|Scope_TrialNumber_0_45.00W_0.70Torr_3.00NitrogenFlow_2420.00MHz.csv,4,full 3,1.5590688896640368,0.030222216894442384,0.25624988280270194,0.004572724152920991,0.15440670656904062,0.002543675677401758,0.6620755980712514,0.012834193830741395,-0.0034570035362383165,2.4496793968150154e-05,1.6434619854387682,1.2819758131254928,11.978040297605968,15.355557950173331,0.004747742619775534,0.00762468405233405,24491
45,0.7,3.0,2420,0,33a310dd,0.7070000000000001,45.06666666666666,0.1699673171197619,0.4423997525080076,0.001424842552687,56.03333333333333,0.1247219128924665,10.966666666666669,0.047140452079103,2.392,77.6,Scope_TrialNumber_0_45.00W_0.70Torr_3.00NitrogenFlow_2420.00MHz.csv,/home/user/MiniChamberDataAnalysis/TestData/Nafisa_Requested_Data_0.7Torr/LAS_DataFrame_33a310dd_Laser_True_20260922_151050.csv,34299012,33a310dd|Scope_TrialNumber_0_45.00W_0.70Torr_3.00NitrogenFlow_2420.00MHz.csv,7,full 6,1.5569105927618954,0.024165999556961557,0.25941867959909093,0.0037268343358445033,0.15653280255104407,0.0021086680697017354,0.6611590537660099,0.01026235512473903,-0.0030725590253114143,2.1610129619878776e-06,1.457281773757125,1.207179263306459,10.57835927937926,12.7699759618721,0.004678812375817947,0.02154275811611602,24574
45,0.7,3.0,2420,0,33a310dd,0.7070000000000001,45.06666666666666,0.1699673171197619,0.4423997525080076,0.001424842552687,56.03333333333333,0.1247219128924665,10.966666666666669,0.047140452079103,2.392,77.6,Scope_TrialNumber_0_45.00W_0.70Torr_3.00NitrogenFlow_2420.00MHz.csv,/home/user/MiniChamberDataAnalysis/TestData/Nafisa_Requested_Data_0.7Torr/LAS_DataFrame_33a310dd_Laser_True_20260922_151050.csv,34299012,33a310dd|Scope_TrialNumber_0_45.00W_0.70Torr_3.00NitrogenFlow_2420.00MHz.csv,9,trailing partial,2.0756011051288352,1.0872190039926835,0.01085735379648933,0.015101022357497634,0.004914144090234597,0.0043284254447440215,0.8814266336439122,0.4616994008892064,-0.006371599355819111,-0.0007706227666603707,0.9860993910578004,1.0,1.264000483709812,1.264000483709812,0.005603859102984766,0.1928051738075979,4949
50,0.7,3.0,2420,0,33a310dd,0.7070000000000001,49.96666666666667,0.1699673171197596,0.4454170072646118,0.0012780505508673,62.333333333333336,0.1247219128924639,12.366666666666667,0.047140452079103,2.399,77.62,Scope_TrialNumber_0_50.00W_0.70Torr_3.00NitrogenFlow_2420.00MHz.csv,/home/user/MiniChamberDataAnalysis/TestData/Nafisa_Requested_Data_0.7Torr/LAS_DataFrame_33a310dd_Laser_True_20260922_151050.csv,34299012,33a310dd|Scope_TrialNumber_0_50.00W_0.70Torr_3.00NitrogenFlow_2420.00MHz.csv,0,leading partial,1.7192823057738118,0.6639586994307497,0.0030145511300659717,0.001592955358073007,0.001647188306783348,0.0003708465097765202,0.7301119715715751,0.281957298958708,-0.00624216782938721,-6.462326319308243e-05,0.9887226434940329,1.0,1.2882528541810114,1.2882528541810114,0.004208695918910134,0.017278601489155224,6170
50,0.7,3.0,2420,0,33a310dd,0.7070000000000001,49.96666666666667,0.1699673171197596,0.4454170072646118,0.0012780505508673,62.333333333333336,0.1247219128924639,12.366666666666667,0.047140452079103,2.399,77.62,Scope_TrialNumber_0_50.00W_0.70Torr_3.00NitrogenFlow_2420.00MHz.csv,/home/user/MiniChamberDataAnalysis/TestData/Nafisa_Requested_Data_0.7Torr/LAS_DataFrame_33a310dd_Laser_True_20260922_151050.csv,34299012,33a310dd|Scope_TrialNumber_0_50.00W_0.70Torr_3.00NitrogenFlow_2420.00MHz.csv,2,full 1,1.5598959482686667,0.03006223147257326,0.2730198411425964,0.0048563528969214525,0.16442443925742958,0.0027009883814916183,0.6624268175227653,0.012766254277480535,-0.003988713387061258,6.572705668403334e-08,1.7043533166565792,1.305508834384731,12.533525285272114,16.36262798590715,0.004727419954484818,0.01693969311703638,24434
50,0.7,3.0,2420,0,33a310dd,0.7070000000000001,49.96666666666667,0.1699673171197596,0.4454170072646118,0.0012780505508673,62.333333333333336,0.1247219128924639,12.366666666666667,0.047140452079103,2.399,77.62,Scope_TrialNumber_0_50.00W_0.70Torr_3.00NitrogenFlow_2420.00MHz.csv,/home/user/MiniChamberDataAnalysis/TestData/Nafisa_Requested_Data_0.7Torr/LAS_DataFrame_33a310dd_Laser_True_20260922_151050.csv,34299012,33a310dd|Scope_TrialNumber_0_50.00W_0.70Torr_3.00NitrogenFlow_2420.00MHz.csv,4,full 3,1.5912530497307373,0.030737410027152346,0.27908549229128315,0.004970005966942619,0.16476531840554257,0.0027044664054091997,0.6757429524555553,0.01305297621022602,-0.004228314229076795,1.2736515588010098e-05,1.8159475112463,1.347570967053795,12.446687940199794,16.772795304191845,0.004624819351880216,0.01551956206859782,24445
50,0.7,3.0,2420,0,33a310dd,0.7070000000000001,49.96666666666667,0.1699673171197596,0.4454170072646118,0.0012780505508673,62.333333333333336,0.1247219128924639,12.366666666666667,0.047140452079103,2.399,77.62,Scope_TrialNumber_0_50.00W_0.70Torr_3.00NitrogenFlow_2420.00MHz.csv,/home/user/MiniChamberDataAnalysis/TestData/Nafisa_Requested_Data_0.7Torr/LAS_DataFrame_33a310dd_Laser_True_20260922_151050.csv,34299012,33a310dd|Scope_TrialNumber_0_50.00W_0.70Torr_3.00NitrogenFlow_2420.00MHz.csv,5,full 4,1.6168297856108453,0.030655670501661236,0.284446748204921,0.004982770071349275,0.16527397098120575,0.002682168484939464,0.6866043921371475,0.01301826462975362,-0.004085881697809737,1.5843234118985524e-05,1.749841887458744,1.3228158932590521,12.48373974007858,16.513689335485573,0.004647896673505754,0.022991791742211134,24469
50,0.7,3.0,2420,0,33a310dd,0.7070000000000001,49.96666666666667,0.1699673171197596,0.4454170072646118,0.0012780505508673,62.333333333333336,0.1247219128924639,12.366666666666667,0.047140452079103,2.399,77.62,Scope_TrialNumber_0_50.00W_0.70Torr_3.00NitrogenFlow_2420.00MHz.csv,/home/user/MiniChamberDataAnalysis/TestData/Nafisa_Requested_Data_0.7Torr/LAS_DataFrame_33a310dd_Laser_True_20260922_151050.csv,34299012,33a310dd|Scope_TrialNumber_0_50.00W_0.70Torr_3.00NitrogenFlow_2420.00MHz.csv,7,trailing partial,2.3702932277445488,1.7864097884775019,0.012166528632765837,0.024473336232413524,0.0048220576324486415,0.0061351750554497235,1.0065708556992499,0.7586183888009256,-0.008026983412531438,-0.0004118620746402859,1.0588019328748457,1.0289810167708857,1.3096902912777748,1.3476464475739622,0.0052714042865203686,0.16972754793138284,4956
55,0.7,3.0,2420,0,33a310dd,0.7070000000000001,54.86666666666667,0.1699673171197595,0.4504509695085936,0.0011532936087322,68.83333333333333,0.1247219128924639,13.966666666666669,0.047140452079103,2.401,77.59,Scope_TrialNumber_0_55.00W_0.70Torr_3.00NitrogenFlow_2420.00MHz.csv,/home/user/MiniChamberDataAnalysis/TestData/Nafisa_Requested_Data_0.7Torr/LAS_DataFrame_33a310dd_Laser_True_20260922_151050.csv,34299012,33a310dd|Scope_TrialNumber_0_55.00W_0.70Torr_3.00NitrogenFlow_2420.00MHz.csv,0,leading partial,4.067351061112094,1.828303907994919,0.013388946177911165,0.014089584277370008,0.003092448862428381,0.001908067483198279,1.7272449628135542,0.7764091833059327,-0.004252129923249734,-0.0009670529052723081,1.026965044917029,1.0133928383983326,1.085184993765498,1.099718701019295,0.004167431144108092,0.012764732142857102,6264
55,0.7,3.0,2420,0,33a310dd,0.7070000000000001,54.86666666666667,0.1699673171197595,0.4504509695085936,0.0011532936087322,68.83333333333333,0.1247219128924639,13.966666666666669,0.047140452079103,2.401,77.59,Scope_TrialNumber_0_55.00W_0.70Torr_3.00NitrogenFlow_2420.00MHz.csv,/home/user/MiniChamberDataAnalysis/TestData/Nafisa_Requested_Data_0.7Torr/LAS_DataFrame_33a310dd_Laser_True_20260922_151050.csv,34299012,33a310dd|Scope_TrialNumber_0_55.00W_0.70Torr_3.00NitrogenFlow_2420.00MHz.csv,4,full 3,1.5442463165771638,0.036424084323729025,0.26886378480250284,0.005818848225563301,0.16356241852374906,0.0032102240214696297,0.6557810308417295,0.015467884435836075,-0.004530470039942467,3.172521669055859e-05,2.115267403220397,1.4543958894401472,13.879215457783301,20.185873910454184,0.004594046604332805,0.022603552886053504,24376
55,0.7,3.0,2420,0,33a310dd,0.7070000000000001,54.86666666666667,0.1699673171197595,0.4504509695085936,0.0011532936087322,68.83333333333333,0.1247219128924639,13.966666666666669,0.047140452079103,2.401,77.59,Scope_TrialNumber_0_55.00W_0.70Torr_3.00NitrogenFlow_2420.00MHz.csv,/home/user/MiniChamberDataAnalysis/TestData/Nafisa_Requested_Data_0.7Torr/LAS_DataFrame_33a310dd_Laser_True_20260922_151050.csv,34299012,33a310dd|Scope_TrialNumber_0_55.00W_0.70Torr_3.00NitrogenFlow_2420.00MHz.csv,8,full 7,1.512607668700982,0.0316667955570401,0.2659163679213928,0.005115581621009336,0.16515303618439625,0.002920324957254259,0.6423453341552907,0.01344764990592897,-0.004572085291585439,2.6223935936999444e-05,1.8537978928011494,1.361542468232684,13.02276817497977,17.731051924184,0.004726271019812506,0.016458501497656323,24380
55,0.7,3.0,2420,0,33a310dd,0.7070000000000001,54.86666666666667,0.1699673171197595,0.4504509695085936,0.0011532936087322,68.83333333333333,0.1247219128924639,13.966666666666669,0.047140452079103,2.401,77.59,Scope_TrialNumber_0_55.00W_0.70Torr_3.00NitrogenFlow_2420.00MHz.csv,/home/user/MiniChamberDataAnalysis/TestData/Nafisa_Requested_Data_0.7Torr/LAS_DataFrame_33a310dd_Laser_True_20260922_151050.csv,34299012,33a310dd|Scope_TrialNumber_0_55.00W_0.70Torr_3.00NitrogenFlow_2420.00MHz.csv,13,full 12,1.562270939402975,0.030966580751944434,0.2760205255084469,0.005042403581292941,0.16597887396407476,0.0028017605076071104,0.6634353833956947,0.013150296056502883,-0.00426812412359589,8.709183350105371e-06,1.7935105870065784,1.3392201413533842,12.777332263211772,17.111660719657625,0.004686885626937746,0.014652809370372515,24415
55,0.7,3.0,2420,0,33a310dd,0.7070000000000001,54.86666666666667,0.1699673171197595,0.4504509695085936,0.0011532936087322,68.83333333333333,0.1247219128924639,13.966666666666669,0.047140452079103,2.401,77.59,Scope_TrialNumber_0_55.00W_0.70Torr_3.00NitrogenFlow_2420.00MHz.csv,/home/user/MiniChamberDataAnalysis/TestData/Nafisa_Requested_Data_0.7Torr/LAS_DataFrame_33a310dd_Laser_True_20260922_151050.csv,34299012,33a310dd|Scope_TrialNumber_0_55.00W_0.70Torr_3.00NitrogenFlow_2420.00MHz.csv,16,trailing partial,2.1188881102450026,0.9012414358547146,0.015746215023508734,0.01580746857997662,0.0069812942552186855,0.004123041912313674,0.8998089322010822,0.38272199939714274,-0.007486808484993479,-0.0013033654695904005,1.0128036305410435,1.0063814537942577,1.479278919418296,1.4887188694913833,0.005316443666013274,0.1898016997167139,4943
60,0.7,3.0,2420,0,33a310dd,0.7070000000000001,59.93333333333334,0.0942809041582043,0.4697152606123023,0.0002209472334579,76.89999999999999,0.1414213562373081,16.966666666666665,0.0471404520791038,2.4,77.61,Scope_TrialNumber_0_60.00W_0.70Torr_3.00NitrogenFlow_2420.00MHz.csv,/home/user/MiniChamberDataAnalysis/TestData/Nafisa_Requested_Data_0.7Torr/LAS_DataFrame_33a310dd_Laser_True_20260922_151050.csv,34299012,33a310dd|Scope_TrialNumber_0_60.00W_0.70Torr_3.00NitrogenFlow_2420.00MHz.csv,0,leading partial,3.5091521681994626,1.397763968276631,0.00986007541536427,0.007975370432785121,0.0026396468354736315,0.001129189795234504,1.4901997184898865,0.5935757049572169,-0.00808773335468931,9.626535982908756e-05,1.0371427700676288,1.0184020669988985,1.0766916003875084,1.0965049513549905,0.004073619090158613,0.003477016885553398,6263
60,0.7,3.0,2420,0,33a310dd,0.7070000000000001,59.93333333333334,0.0942809041582043,0.4697152606123023,0.0002209472334579,76.89999999999999,0.1414213562373081,16.966666666666665,0.0471404520791038,2.4,77.61,Scope_TrialNumber_0_60.00W_0.70Torr_3.00NitrogenFlow_2420.00MHz.csv,/home/user/MiniChamberDataAnalysis/TestData/Nafisa_Requested_Data_0.7Torr/LAS_DataFrame_33a310dd_Laser_True_20260922_151050.csv,34299012,33a310dd|Scope_TrialNumber_0_60.00W_0.70Torr_3.00NitrogenFlow_2420.00MHz.csv,8,full 7,1.5587098112061393,0.03357412278903907,0.2807169829940063,0.005564587314473698,0.169188643513189,0.0030848607022346216,0.6619231114900983,0.014257617205138835,-0.005083637665980598,9.79028699957866e-06,1.9440925624065517,1.3943071980042818,13.557874443928016,18.903841926807132,0.004683238540532862,0.014519212333459562,24318
60,0.7,3.0,2420,0,33a310dd,0.7070000000000001,59.93333333333334,0.0942809041582043,0.4697152606123023,0.0002209472334579,76.89999999999999,0.1414213562373081,16.966666666666665,0.0471404520791038,2.4,77.61,Scope_TrialNumber_0_60.00W_0.70Torr_3.00NitrogenFlow_2420.00MHz.csv,/home/user/MiniChamberDataAnalysis/TestData/Nafisa_Requested_Data_0.7Torr/LAS_DataFrame_33a310dd_Laser_True_20260922_151050.csv,34299012,33a310dd|Scope_TrialNumber_0_60.00W_0.70Torr_3.00NitrogenFlow_2420.00MHz.csv,15,full 14,1.5399699246357308,0.02918622645702456,0.2787285440652362,0.00486370650863089,0.17003447972823216,0.002746260340155476,0.6539650143905119,0.012394249199046956,-0.005457738362875468,3.231646362391404e-05,1.7404850090257138,1.319274425214752,12.593072218256317,16.613718112427964,0.004720849843630369,0.018321704922232573,24348
60,0.7,3.0,2420,0,33a310dd,0.7070000000000001,59.93333333333334,0.0942809041582043,0.4697152606123023,0.0002209472334579,76.89999999999999,0.1414213562373081,16.966666666666665,0.0471404520791038,2.4,77.61,Scope_TrialNumber_0_60.00W_0.70Torr_3.00NitrogenFlow_2420.00MHz.csv,/home/user/MiniChamberDataAnalysis/TestData/Nafisa_Requested_Data_0.7Torr/LAS_DataFrame_33a310dd_Laser_True_20260922_151050.csv,34299012,33a310dd|Scope_TrialNumber_0_60.00W_0.70Torr_3.00NitrogenFlow_2420.00MHz.csv,23,full 22,1.4832889463710286,0.03541027268036764,0.26568463187142305,0.005811680606629646,0.168270685336298,0.003346757129101236,0.6298948191395805,0.01503735827078975,-0.005362632176886367,3.969327720749001e-05,2.161138714232605,1.4700811930749285,14.084854775335415,20.705880112412192,0.004653489767693625,0.01657942191947319,24322
60,0.7,3.0,2420,0,33a310dd,0.7070000000000001,59.93333333333334,0.0942809041582043,0.4697152606123023,0.0002209472334579,76.89999999999999,0.1414213562373081,16.966666666666665,0.0471404520791038,2.4,77.61,Scope_TrialNumber_0_60.00W_0.70Torr_3.00NitrogenFlow_2420.00MHz.csv,/home/user/MiniChamberDataAnalysis/TestData/Nafisa_Requested_Data_0.7Torr/LAS_DataFrame_33a310dd_Laser_True_20260922_151050.csv,34299012,33a310dd|Scope_TrialNumber_0_60.00W_0.70Torr_3.00NitrogenFlow_2420.00MHz.csv,30,trailing partial,7.064460133908368,170621294.63508722,2.365795331927344e-11,0.08352903069193092,3.146052616134687e-12,0.011107849235194155,2.999999999496998,72456192.5634724,-0.009616993369074116,0.0009521415188073432,1.0722873438387015,1.035513082408282,3.4210483217902836,3.542540292764737,0.005250902847004657,0.018249688925756465,4823
65,0.7,3.0,2420,0,33a310dd,0.7070000000000001,65.06666666666666,0.2054804667656324,0.5175104562055601,0.0010438164902816,88.86666666666667,0.1885618083164153,23.8,0.0816496580927723,2.398,77.61,Scope_TrialNumber_0_65.00W_0.70Torr_3.00NitrogenFlow_2420.00MHz.csv,/home/user/MiniChamberDataAnalysis/TestData/Nafisa_Requested_Data_0.7Torr/LAS_DataFrame_33a310dd_Laser_True_20260922_151050.csv,34299012,33a310dd|Scope_TrialNumber_0_65.00W_0.70Torr_3.00NitrogenFlow_2420.00MHz.csv,0,leading partial,4.548380449035123,3.027287222646634,0.013342148633861616,0.023355801400560743,0.002755730736477897,0.003030476487767738,1.9315193356846696,1.285570516963578,-0.006864828518929051,-0.0009148876807650499,1.045394162716645,1.0224451881233756,1.0712700491017169,1.0953149068847428,0.004104523320768024,0.012622003929273047,6165
65,0.7,3.0,2420,0,33a310dd,0.7070000000000001,65.06666666666666,0.2054804667656324,0.5175104562055601,0.0010438164902816,88.86666666666667,0.1885618083164153,23.8,0.0816496580927723,2.398,77.61,Scope_TrialNumber_0_65.00W_0.70Torr_3.00NitrogenFlow_2420.00MHz.csv,/home/user/MiniChamberDataAnalysis/TestData/Nafisa_Requested_Data_0.7Torr/LAS_DataFrame_33a310dd_Laser_True_20260922_151050.csv,34299012,33a310dd|Scope_TrialNumber_0_65.00W_0.70Torr_3.00NitrogenFlow_2420.00MHz.csv,8,full 7,1.5378219007271379,0.03435262041053212,0.23474540640246058,0.004829219832629735,0.14340320272048238,0.002700863878290363,0.6530528326239581,0.014588214705842045,-0.006766081829840082,1.3983107132682003e-05,1.7316002879506955,1.3159028413795206,12.673586023169355,16.677207858356333,0.004670778847463427,0.014106627482067256,24370
65,0.7,3.0,2420,0,33a310dd,0.7070000000000001,65.06666666666666,0.2054804667656324,0.5175104562055601,0.0010438164902816,88.86666666666667,0.1885618083164153,23.8,0.0816496580927723,2.398,77.61,Scope_TrialNumber_0_65.00W_0.70Torr_3.00NitrogenFlow_2420.00MHz.csv,/home/user/MiniChamberDataAnalysis/TestData/Nafisa_Requested_Data_0.7Torr/LAS_DataFrame_33a310dd_Laser_True_20260922_151050.csv,34299012,33a310dd|Scope_TrialNumber_0_65.00W_0.70Torr_3.00NitrogenFlow_2420.00MHz.csv,17,full 16,1.6427807057754882,0.03256552526543689,0.25314854862214714,0.00465604185605807,0.14476502115484288,0.0024716912859953813,0.6976247332538301,0.013829305272882916,-0.006863977740338335,2.9311448401280445e-06,1.6073574943950302,1.2678160333404174,11.869515663608905,15.048362266308594,0.004706009408309086,0.006179387542158224,24404
65,0.7,3.0,2420,0,33a310dd,0.7070000000000001,65.06666666666666,0.2054804667656324,0.5175104562055601,0.0010438164902816,88.86666666666667,0.1885618083164153,23.8,0.0816496580927723,2.398,77.61,Scope_TrialNumber_0_65.00W_0.70Torr_3.00NitrogenFlow_2420.00MHz.csv,/home/user/MiniChamberDataAnalysis/TestData/Nafisa_Requested_Data_0.7Torr/LAS_DataFrame_33a310dd_Laser_True_20260922_151050.csv,34299012,33a310dd|Scope_TrialNumber_0_65.00W_0.70Torr_3.00NitrogenFlow_2420.00MHz.csv,25,full 24,1.5507627131862274,0.031064281437167742,0.23750629058542597,0.0043730196498107015,0.143879048293075,0.002445288921528953,0.6585482896914298,0.0131917857174345,-0.006304044755966776,-2.6568271081591392e-05,1.611078032345373,1.269282487212903,11.834493733573984,15.021315641056301,0.004678169591928412,0.021024527992611893,24347
65,0.7,3.0,2420,0,33a310dd,0.7070000000000001,65.06666666666666,0.2054804667656324,0.5175104562055601,0.0010438164902816,88.86666666666667,0.1885618083164153,23.8,0.0816496580927723,2.398,77.61,Scope_TrialNumber_0_65.00W_0.70Torr_3.00NitrogenFlow_2420.00MHz.csv,/home/user/MiniChamberDataAnalysis/TestData/Nafisa_Requested_Data_0.7Torr/LAS_DataFrame_33a310dd_Laser_True_20260922_151050.csv,34299012,33a310dd|Scope_TrialNumber_0_65.00W_0.70Torr_3.00NitrogenFlow_2420.00MHz.csv,34,trailing partial,1.1874194702934326,0.34795442029794144,0.006700280335705569,0.0031442901795902386,0.0053009852731693416,0.0010756769507248975,0.5042506211033321,0.14776263733281084,-0.010327063722997736,-0.0004179791487651466,1.030361982506209,1.0150674768241807,1.6185781121747504,1.6429660003680697,0.0052762004533955945,0.00401767778223979,4979
70,0.7,3.0,2420,0,33a310dd,0.7070000000000001,69.96666666666667,0.1247219128924576,0.5209929220804339,0.0006388214086296,96.03333333333336,0.0942809041582009,26.066666666666663,0.0471404520791038,2.407,77.6,Scope_TrialNumber_0_70.00W_0.70Torr_3.00NitrogenFlow_2420.00MHz.csv,/home/user/MiniChamberDataAnalysis/TestData/Nafisa_Requested_Data_0.7Torr/LAS_DataFrame_33a310dd_Laser_True_20260922_151050.csv,34299012,33a310dd|Scope_TrialNumber_0_70.00W_0.70Torr_3.00NitrogenFlow_2420.00MHz.csv,0,leading partial,0.5345751785084153,0.13802427001775697,0.0007996705072494119,0.00022301487305839614,0.0014053033425212268,0.00029263971115771884,0.2270131765000282,0.0586135107474605,-0.006800301376206176,-0.0007491409931198491,1.0493759358596682,1.0243905192160205,1.0196870421668924,1.0445577385631912,0.004129525712912926,0.014450292397660925,6200
70,0.7,3.0,2420,0,33a310dd,0.7070000000000001,69.96666666666667,0.1247219128924576,0.5209929220804339,0.0006388214086296,96.03333333333336,0.0942809041582009,26.066666666666663,0.0471404520791038,2.407,77.6,Scope_TrialNumber_0_70.00W_0.70Torr_3.00NitrogenFlow_2420.00MHz.csv,/home/user/MiniChamberDataAnalysis/TestData/Nafisa_Requested_Data_0.7Torr/LAS_DataFrame_33a310dd_Laser_True_20260922_151050.csv,34299012,33a310dd|Scope_TrialNumber_0_70.00W_0.70Torr_3.00NitrogenFlow_2420.00MHz.csv,1,full 0,1.57067935635217,0.03261469832171137,0.24078783336960974,0.004604362451877038,0.1440173425657558,0.0025474693786551876,0.667006109306126,0.013850187147223266,-0.005843320024584966,-6.652057236673873e-05,1.6481796513965492,1.2838144925948412,12.282220025738214,15.768092070281302,0.00464219422894684,0.017594097664476532,24274
70,0.7,3.0,2420,0,33a310dd,0.7070000000000001,69.96666666666667,0.1247219128924576,0.5209929220804339,0.0006388214086296,96.03333333333336,0.0942809041582009,26.066666666666663,0.0471404520791038,2.407,77.6,Scope_TrialNumber_0_70.00W_0.70Torr_3.00NitrogenFlow_2420.00MHz.csv,/home/user/MiniChamberDataAnalysis/TestData/Nafisa_Requested_Data_0.7Torr/LAS_DataFrame_33a310dd_Laser_True_20260922_151050.csv,34299012,33a310dd|Scope_TrialNumber_0_70.00W_0.70Torr_3.00NitrogenFlow_2420.00MHz.csv,2,full 1,1.5765546020537982,0.03515342381470615,0.2421704667100298,0.004984895184294157,0.1443045257875132,0.0027534325526807468,0.6695010964343466,0.014928284600296977,-0.006170240402293355,-5.548361389980904e-05,1.7727543337738436,1.3314482091969795,12.737983444618987,16.95996524611872,0.0046591767123802495,0.011269949649601027,24290
70,0.7,3.0,2420,0,33a310dd,0.7070000000000001,69.96666666666667,0.1247219128924576,0.5209929220804339,0.0006388214086296,96.03333333333336,0.0942809041582009,26.066666666666663,0.0471404520791038,2.407,77.6,Scope_TrialNumber_0_70.00W_0.70Torr_3.00NitrogenFlow_2420.00MHz.csv,/home/user/MiniChamberDataAnalysis/TestData/Nafisa_Requested_Data_0.7Torr/LAS_DataFrame_33a310dd_Laser_True_20260922_151050.csv,34299012,33a310dd|Scope_TrialNumber_0_70.00W_0.70Torr_3.00NitrogenFlow_2420.00MHz.csv,3,full 2,1.5554295106406064,0.03493839747853883,0.2376649884010926,0.004913501289422833,0.14354321325287955,0.002733411052239729,0.6605300960991962,0.014836971322825491,-0.005928719615323353,-5.386608256246926e-05,1.7264137420917631,1.3139306458454203,12.67650750841855,16.656051697600706,0.00472623074577921,0.016766072984204825,24288
70,0.7,3.0,2420,0,33a310dd,0.7070000000000001,69.96666666666667,0.1247219128924576,0.5209929220804339,0.0006388214086296,96.03333333333336,0.0942809041582009,26.066666666666663,0.0471404520791038,2.407,77.6,Scope_TrialNumber_0_70.00W_0.70Torr_3.00NitrogenFlow_2420.00MHz.csv,/home/user/MiniChamberDataAnalysis/TestData/Nafisa_Requested_Data_0.7Torr/LAS_DataFrame_33a310dd_Laser_True_20260922_151050.csv,34299012,33a310dd|Scope_TrialNumber_0_70.00W_0.70Torr_3.00NitrogenFlow_2420.00MHz.csv,4,trailing partial,1.013226546738602,0.5492888047317824,0.003602380866485515,0.0030553250070605308,0.0033400337653450005,0.0011592460483975397,0.430277697387821,0.2332614782564258,-0.010188672701707516,1.1836461677667106e-05,1.058748717875727,1.028955158340599,1.550505996578611,1.5954011432175927,0.005235841343012226,0.037339055793986,4661
75,0.7,3.0,2420,0,33a310dd,0.7070000000000001,74.96666666666667,0.1247219128924639,0.5182835939635858,0.0002237751891394,102.5,0.1632993161855475,27.53333333333333,0.0471404520791038,2.402,77.59,Scope_TrialNumber_0_75.00W_0.70Torr_3.00NitrogenFlow_2420.00MHz.csv,/home/user/MiniChamberDataAnalysis/TestData/Nafisa_Requested_Data_0.7Torr/LAS_DataFrame_33a310dd_Laser_True_20260922_151050.csv,34299012,33a310dd|Scope_TrialNumber_0_75.00W_0.70Torr_3.00NitrogenFlow_2420.00MHz.csv,0,leading partial,1.444926447048728,0.6742185538312956,0.0025693424631814837,0.0016152198400035081,0.0016704906305706733,0.00038808874276111756,0.6136037656455984,0.28631425796379034,-0.009636417406735952,-0.00024953016231610075,1.0074217964484782,1.0037040382744697,1.236418198670721,1.2409979390018482,0.00419334373600683,0.016248316391359555,6279
75,0.7,3.0,2420,0,33a310dd,0.7070000000000001,74.96666666666667,0.1247219128924639,0.5182835939635858,0.0002237751891394,102.5,0.1632993161855475,27.53333333333333,0.0471404520791038,2.402,77.59,Scope_TrialNumber_0_75.00W_0.70Torr_3.00NitrogenFlow_2420.00MHz.csv,/home/user/MiniChamberDataAnalysis/TestData/Nafisa_Requested_Data_0.7Torr/LAS_DataFrame_33a310dd_Laser_True_20260922_151050.csv,34299012,33a310dd|Scope_TrialNumber_0_75.00W_0.70Torr_3.00NitrogenFlow_2420.00MHz.csv,1,full 0,1.5611957628617525,0.04006905136226419,0.2524816469035035,0.005954768707638463,0.1519288464208043,0.003257468917550045,0.6629787979578855,0.017015759419415664,-0.005837332676596885,-0.00011264366350179033,2.1268685203390345,1.4583787300763251,14.018450293924476,20.444209737291665,0.004609766223673729,0.019670301125320557,24129
75,0.7,3.0,2420,0,33a310dd,0.7070000000000001,74.96666666666667,0.1247219128924639,0.5182835939635858,0.0002237751891394,102.5,0.1632993161855475,27.53333333333333,0.0471404520791038,2.402,77.59,Scope_TrialNumber_0_75.00W_0.70Torr_3.00NitrogenFlow_2420.00MHz.csv,/home/user/MiniChamberDataAnalysis/TestData/Nafisa_Requested_Data_0.7Torr/LAS_DataFrame_33a310dd_Laser_True_20260922_151050.csv,34299012,33a310dd|Scope_TrialNumber_0_75.00W_0.70Torr_3.00NitrogenFlow_2420.00MHz.csv,2,full 1,1.5596931683234392,0.03887982901702157,0.2535896707681543,0.005821732509097944,0.1527426003082758,0.00320862691328625,0.6623407048086939,0.01651074318781356,-0.006047754995415426,-0.0001217563702532361,2.0801909000593897,1.442286691354874,13.80190266091557,19.906300523213947,0.004652415905096387,0.012295549183289416,24279
75,0.7,3.0,2420,0,33a310dd,0.7070000000000001,74.96666666666667,0.1247219128924639,0.5182835939635858,0.0002237751891394,102.5,0.1632993161855475,27.53333333333333,0.0471404520791038,2.402,77.59,Scope_TrialNumber_0_75.00W_0.70Torr_3.00NitrogenFlow_2420.00MHz.csv,/home/user/MiniChamberDataAnalysis/TestData/Nafisa_Requested_Data_0.7Torr/LAS_DataFrame_33a310dd_Laser_True_20260922_151050.csv,34299012,33a310dd|Scope_TrialNumber_0_75.00W_0.70Torr_3.00NitrogenFlow_2420.00MHz.csv,3,full 2,1.5819429973117973,0.0384349829080622,0.25798899106195955,0.005782137378963328,0.15320683242668479,0.0031512504229219943,0.6717893372149403,0.016321834438757316,-0.005710778219225509,-0.00011841744534468042,2.0156474216608116,1.4197349828967418,13.732113199052947,19.49596149779356,0.004658289407660171,0.011339223318338632,24160
75,0.7,3.0,2420,0,33a310dd,0.7070000000000001,74.96666666666667,0.1247219128924639,0.5182835939635858,0.0002237751891394,102.5,0.1632993161855475,27.53333333333333,0.0471404520791038,2.402,77.59,Scope_TrialNumber_0_75.00W_0.70Torr_3.00NitrogenFlow_2420.00MHz.csv,/home/user/MiniChamberDataAnalysis/TestData/Nafisa_Requested_Data_0.7Torr/LAS_DataFrame_33a310dd_Laser_True_20260922_151050.csv,34299012,33a310dd|Scope_TrialNumber_0_75.00W_0.70Torr_3.00NitrogenFlow_2420.00MHz.csv,4,trailing partial,0.9915833926556946,0.5290631754329599,0.0025336787339348714,0.0021016741839607876,0.002400435780325172,0.0008100107321280874,0.42108669609301813,0.2246724443124088,-0.011262724776396681,0.0004026261137866895,1.0566821422557675,1.0279504571017843,1.0502160714776212,1.079570090731061,0.005175212796827787,0.08058608058608366,4369
80,0.7,3.0,2420,0,33a310dd,0.7070000000000001,80.50000000000001,0.2943920288775958,0.4499255705288225,0.0016479390599473,100.93333333333334,0.5557777333511014,20.433333333333334,0.2624669291337274,2.401,77.6,Scope_TrialNumber_0_80.00W_0.70Torr_3.00NitrogenFlow_2420.00MHz.csv,/home/user/MiniChamberDataAnalysis/TestData/Nafisa_Requested_Data_0.7Torr/LAS_DataFrame_33a310dd_Laser_True_20260922_151050.csv,34299012,33a310dd|Scope_TrialNumber_0_80.00W_0.70Torr_3.00NitrogenFlow_2420.00MHz.csv,0,leading partial,3.8635757014833025,1.6893936990629228,0.01809318125741596,0.01765903825713338,0.0043993984528271956,0.002438940987625022,1.6407095351664223,0.7174194489416788,-0.013604732531792452,0.0003193262384275923,1.016567627711585,1.0082497843845963,1.6627329002729452,1.6764500881893716,0.004173930848758037,0.01567130044843042,6200
80,0.7,3.0,2420,0,33a310dd,0.7070000000000001,80.50000000000001,0.2943920288775958,0.4499255705288225,0.0016479390599473,100.93333333333334,0.5557777333511014,20.433333333333334,0.2624669291337274,2.401,77.6,Scope_TrialNumber_0_80.00W_0.70Torr_3.00NitrogenFlow_2420.00MHz.csv,/home/user/MiniChamberDataAnalysis/TestData/Nafisa_Requested_Data_0.7Torr/LAS_DataFrame_33a310dd_Laser_True_20260922_151050.csv,34299012,33a310dd|Scope_TrialNumber_0_80.00W_0.70Torr_3.00NitrogenFlow_2420.00MHz.csv,1,full 0,1.5472167499695686,0.03384836603099273,0.2755737146482332,0.005548277180118914,0.16732252968136643,0.003100455102347349,0.657042457759966,0.014374077587125287,-0.005456594510458928,-0.0001608179989714345,1.9285513309902695,1.3887229136837447,13.772975127213659,19.126846148757895,0.00468451612552002,0.013995024164850631,25706
80,0.7,3.0,2420,0,33a310dd,0.7070000000000001,80.50000000000001,0.2943920288775958,0.4499255705288225,0.0016479390599473,100.93333333333334,0.5557777333511014,20.433333333333334,0.2624669291337274,2.401,77.6,Scope_TrialNumber_0_80.00W_0.70Torr_3.00NitrogenFlow_2420.00MHz.csv,/home/user/MiniChamberDataAnalysis/TestData/Nafisa_Requested_Data_0.7Torr/LAS_DataFrame_33a310dd_Laser_True_20260922_151050.csv,34299012,33a310dd|Scope_TrialNumber_0_80.00W_0.70Torr_3.00NitrogenFlow_2420.00MHz.csv,2,full 1,1.557445581028934,0.031435659433590925,0.2780562662014578,0.005160617932932153,0.1677210589105203,0.0028866748856941713,0.661386242365057,0.013349495431689248,-0.006271850478647859,-0.00013892572226862517,1.8144910114145405,1.3470304419034265,13.049580570305794,17.57818228227338,0.004714041858331584,0.025595125429307766,25881
80,0.7,3.0,2420,0,33a310dd,0.7070000000000001,80.50000000000001,0.2943920288775958,0.4499255705288225,0.0016479390599473,100.93333333333334,0.5557777333511014,20.433333333333334,0.2624669291337274,2.401,77.6,Scope_TrialNumber_0_80.00W_0.70Torr_3.00NitrogenFlow_2420.00MHz.csv,/home/user/MiniChamberDataAnalysis/TestData/Nafisa_Requested_Data_0.7Torr/LAS_DataFrame_33a310dd_Laser_True_20260922_151050.csv,34299012,33a310dd|Scope_TrialNumber_0_80.00W_0.70Torr_3.00NitrogenFlow_2420.00MHz.csv,3,full 2,1.5885416968043125,0.03369751888461536,0.28495276042318457,0.0055869633124331665,0.16851634826359033,0.0030756676686525494,0.6745915468812116,0.014310018702160521,-0.005659408472028963,-0.0001594974790980938,1.9639419120065122,1.4014071185799337,13.607393129004103,19.06949759630203,0.004613829057440004,0.016652929348917062,25674
80,0.7,3.0,2420,0,33a310dd,0.7070000000000001,80.50000000000001,0.2943920288775958,0.4499255705288225,0.0016479390599473,100.93333333333334,0.5557777333511014,20.433333333333334,0.2624669291337274,2.401,77.6,Scope_TrialNumber_0_80.00W_0.70Torr_3.00NitrogenFlow_2420.00MHz.csv,/home/user/MiniChamberDataAnalysis/TestData/Nafisa_Requested_Data_0.7Torr/LAS_DataFrame_33a310dd_Laser_True_20260922_151050.csv,34299012,33a310dd|Scope_TrialNumber_0_80.00W_0.70Torr_3.00NitrogenFlow_2420.00MHz.csv,4,trailing partial,0.45310852103917376,0.06112185771088984,0.004626787729799441,0.0006321834556969687,0.009592794379666807,0.0008500819624107512,0.1924174724074164,0.02595606311398055,-0.013696680165789664,0.001315034673406628,1.0702086649159774,1.0345089003560952,2.5333189627640964,2.620741014420329,0.005099607999998529,0.03683063725004681,5892
85,0.7,3.0,2420,0,33a310dd,0.7070000000000001,84.86666666666667,0.1885618083164086,0.47180071899351,0.0004078407923428,109.16666666666669,0.1885618083164086,24.3,0.0,2.404,77.61,Scope_TrialNumber_0_85.00W_0.70Torr_3.00NitrogenFlow_2420.00MHz.csv,/home/user/MiniChamberDataAnalysis/TestData/Nafisa_Requested_Data_0.7Torr/LAS_DataFrame_33a310dd_Laser_True_20260922_151050.csv,34299012,33a310dd|Scope_TrialNumber_0_85.00W_0.70Torr_3.00NitrogenFlow_2420.00MHz.csv,0,leading partial,1.9396026677888285,0.9925390951079045,0.005176458837445752,0.0041002026253034824,0.0025071930887240077,0.0008012969150895275,0.8236734148249262,0.4214925455566434,-0.010513096433812309,-0.00016661126166851094,1.0436772136992265,1.0216052142091026,1.6907300402277503,1.7272586249166355,0.00411470480770173,0.029019700827498256,6319
85,0.7,3.0,2420,0,33a310dd,0.7070000000000001,84.86666666666667,0.1885618083164086,0.47180071899351,0.0004078407923428,109.16666666666669,0.1885618083164086,24.3,0.0,2.404,77.61,Scope_TrialNumber_0_85.00W_0.70Torr_3.00NitrogenFlow_2420.00MHz.csv,/home/user/MiniChamberDataAnalysis/TestData/Nafisa_Requested_Data_0.7Torr/LAS_DataFrame_33a310dd_Laser_True_20260922_151050.csv,34299012,33a310dd|Scope_TrialNumber_0_85.00W_0.70Torr_3.00NitrogenFlow_2420.00MHz.csv,2,full 1,1.5665782534868398,0.032840575924809184,0.27790545290635255,0.0053748634539582205,0.1666528574828906,0.0029871852506396634,0.6652645312717517,0.013946108533477157,-0.004403868925359926,-0.00018776790986715398,1.8620842998173188,1.3645820971335212,13.423027358289888,18.316822822455844,0.004691519119355214,0.02038156064571645,25811
85,0.7,3.0,2420,0,33a310dd,0.7070000000000001,84.86666666666667,0.1885618083164086,0.47180071899351,0.0004078407923428,109.16666666666669,0.1885618083164086,24.3,0.0,2.404,77.61,Scope_TrialNumber_0_85.00W_0.70Torr_3.00NitrogenFlow_2420.00MHz.csv,/home/user/MiniChamberDataAnalysis/TestData/Nafisa_Requested_Data_0.7Torr/LAS_DataFrame_33a310dd_Laser_True_20260922_151050.csv,34299012,33a310dd|Scope_TrialNumber_0_85.00W_0.70Torr_3.00NitrogenFlow_2420.00MHz.csv,4,full 3,1.6065149413746052,0.03834007467448102,0.2838829764688234,0.006249636844077147,0.1660054594044651,0.0033487047075060387,0.6822240810989405,0.016281530622853653,-0.004571699752309812,-0.00018917590533771303,2.0815895712318273,1.4427714896101278,14.164321359424758,20.435879027053808,0.0047507135867971406,0.015531365066978362,25888
85,0.7,3.0,2420,0,33a310dd,0.7070000000000001,84.86666666666667,0.1885618083164086,0.47180071899351,0.0004078407923428,109.16666666666669,0.1885618083164086,24.3,0.0,2.404,77.61,Scope_TrialNumber_0_85.00W_0.70Torr_3.00NitrogenFlow_2420.00MHz.csv,/home/user/MiniChamberDataAnalysis/TestData/Nafisa_Requested_Data_0.7Torr/LAS_DataFrame_33a310dd_Laser_True_20260922_151050.csv,34299012,33a310dd|Scope_TrialNumber_0_85.00W_0.70Torr_3.00NitrogenFlow_2420.00MHz.csv,6,full 5,1.5971132424827212,0.03493469907445628,0.28349135214769494,0.005724850062898267,0.1667523237003004,0.0031132707115992353,0.6782315471846302,0.014835400755218702,-0.004511429767544571,-0.00017300533943205264,2.00489607121099,1.4159435268438463,13.695640299605238,19.392253228207753,0.004631873874937313,0.011579453376583719,25862
85,0.7,3.0,2420,0,33a310dd,0.7070000000000001,84.86666666666667,0.1885618083164086,0.47180071899351,0.0004078407923428,109.16666666666669,0.1885618083164086,24.3,0.0,2.404,77.61,Scope_TrialNumber_0_85.00W_0.70Torr_3.00NitrogenFlow_2420.00MHz.csv,/home/user/MiniChamberDataAnalysis/TestData/Nafisa_Requested_Data_0.7Torr/LAS_DataFrame_33a310dd_Laser_True_20260922_151050.csv,34299012,33a310dd|Scope_TrialNumber_0_85.00W_0.70Torr_3.00NitrogenFlow_2420.00MHz.csv,8,trailing partial,0.39046783250305594,0.052501440956186814,0.0041803295297348905,0.0005762425680640251,0.010057569588529942,0.0009807915189595784,0.1658164212280281,0.02229530917531186,-0.01306866464683653,0.0015298180741059285,1.0264129241903872,1.0131203897811885,2.9474210994673853,2.9860924131416966,0.005271767076195904,0.09510883434450834,6268
90,0.7,3.0,2420,0,33a310dd,0.706,89.90000000000002,0.2449489742783212,0.4904041105803167,0.0005942328465643,118.36666666666667,0.2494438257849329,28.46666666666667,0.0471404520791038,2.387,77.58,Scope_TrialNumber_0_90.00W_0.70Torr_3.00NitrogenFlow_2420.00MHz.csv,/home/user/MiniChamberDataAnalysis/TestData/Nafisa_Requested_Data_0.7Torr/LAS_DataFrame_33a310dd_Laser_True_20260922_151050.csv,34299012,33a310dd|Scope_TrialNumber_0_90.00W_0.70Torr_3.00NitrogenFlow_2420.00MHz.csv,0,leading partial,1.2909977484927087,0.7084368207879641,0.0033216808169855977,0.002699891296269414,0.002417131084125519,0.0007605585826003077,0.5482362659588033,0.3008454180109772,-0.010518166473266751,-0.000328683516190044,0.9976825747814043,1.0,1.5581070096378555,1.5581070096378555,0.004223418829470435,0.004325251215559033,6210
90,0.7,3.0,2420,0,33a310dd,0.706,89.90000000000002,0.2449489742783212,0.4904041105803167,0.0005942328465643,118.36666666666667,0.2494438257849329,28.46666666666667,0.0471404520791038,2.387,77.58,Scope_TrialNumber_0_90.00W_0.70Torr_3.00NitrogenFlow_2420.00MHz.csv,/home/user/MiniChamberDataAnalysis/TestData/Nafisa_Requested_Data_0.7Torr/LAS_DataFrame_33a310dd_Laser_True_20260922_151050.csv,34299012,33a310dd|Scope_TrialNumber_0_90.00W_0.70Torr_3.00NitrogenFlow_2420.00MHz.csv,5,full 4,1.5932763335046878,0.03867780500308659,0.2795692971409287,0.006245964767478149,0.16484134872971523,0.00338093984438132,0.6766021619642478,0.016424951488205226,-0.005824726416080615,-0.0001127098703551964,2.202064972717316,1.4839356363122074,14.256098805957256,21.155133052947882,0.0046319497434630505,0.01703794070249602,25970
90,0.7,3.0,2420,0,33a310dd,0.706,89.90000000000002,0.2449489742783212,0.4904041105803167,0.0005942328465643,118.36666666666667,0.2494438257849329,28.46666666666667,0.0471404520791038,2.387,77.58,Scope_TrialNumber_0_90.00W_0.70Torr_3.00NitrogenFlow_2420.00MHz.csv,/home/user/MiniChamberDataAnalysis/TestData/Nafisa_Requested_Data_0.7Torr/LAS_DataFrame_33a310dd_Laser_True_20260922_151050.csv,34299012,33a310dd|Scope_TrialNumber_0_90.00W_0.70Torr_3.00NitrogenFlow_2420.00MHz.csv,10,full 9,1.6740054842521706,0.03935374953226991,0.2961733166985182,0.006467122056795319,0.16620988239294962,0.0033696896080340965,0.7108846757885353,0.016711998700415634,-0.005994925530394359,-0.0001292087204446891,2.100406124683095,1.4492777941730477,14.130269673230327,20.478686063089558,0.004741866114294442,0.017133302310907574,25950
90,0.7,3.0,2420,0,33a310dd,0.706,89.90000000000002,0.2449489742783212,0.4904041105803167,0.0005942328465643,118.36666666666667,0.2494438257849329,28.46666666666667,0.0471404520791038,2.387,77.58,Scope_TrialNumber_0_90.00W_0.70Torr_3.00NitrogenFlow_2420.00MHz.csv,/home/user/MiniChamberDataAnalysis/TestData/Nafisa_Requested_Data_0.7Torr/LAS_DataFrame_33a310dd_Laser_True_20260922_151050.csv,34299012,33a310dd|Scope_TrialNumber_0_90.00W_0.70Torr_3.00NitrogenFlow_2420.00MHz.csv,14,full 13,1.517681009936323,0.03927287684471675,0.26612873712103763,0.006305086058554632,0.16473241408960645,0.0035571849490340737,0.6444997838110283,0.016677655232122245,-0.005707367453570385,-0.00011084280160712151,2.2745361001411544,1.5081565237538026,14.564493414919157,21.965535758879625,0.0046990840766367465,0.023837637997781762,25959
90,0.7,3.0,2420,0,33a310dd,0.706,89.90000000000002,0.2449489742783212,0.4904041105803167,0.0005942328465643,118.36666666666667,0.2494438257849329,28.46666666666667,0.0471404520791038,2.387,77.58,Scope_TrialNumber_0_90.00W_0.70Torr_3.00NitrogenFlow_2420.00MHz.csv,/home/user/MiniChamberDataAnalysis/TestData/Nafisa_Requested_Data_0.7Torr/LAS_DataFrame_33a310dd_Laser_True_20260922_151050.csv,34299012,33a310dd|Scope_TrialNumber_0_90.00W_0.70Torr_3.00NitrogenFlow_2420.00MHz.csv,19,trailing partial,2.1545613146275753,0.9819771236926097,0.020019390203201773,0.015867381823046908,0.00872890519570718,0.003196880327956256,0.9149579472852066,0.417007289268129,-0.010186682545934023,-0.000875579766682207,1.0759928963103986,1.0373007742744622,3.8915134839082057,4.036669949957492,0.0052611817142939445,0.06498268486453274,6520
95,0.7,3.0,2420,0,33a310dd,0.7070000000000001,95.06666666666666,0.0471404520791004,0.5108309859505556,0.0003223855987623,128.63333333333333,0.0471404520791004,33.56666666666667,0.0471404520791038,2.402,77.62,Scope_TrialNumber_0_95.00W_0.70Torr_3.00NitrogenFlow_2420.00MHz.csv,/home/user/MiniChamberDataAnalysis/TestData/Nafisa_Requested_Data_0.7Torr/LAS_DataFrame_33a310dd_Laser_True_20260922_151050.csv,34299012,33a310dd|Scope_TrialNumber_0_95.00W_0.70Torr_3.00NitrogenFlow_2420.00MHz.csv,0,leading partial,1.1920944567686391,0.3982253949681256,0.0017658156252984985,0.0007211230086121923,0.0013915617309490584,0.0002983585847917111,0.5062359050680544,0.16911075468736794,-0.010177617823325076,-0.0007844197390614827,1.0843527507573392,1.041322596872525,1.2455749497931654,1.297045341317984,0.004007638953073623,0.025993943257889774,6265
95,0.7,3.0,2420,0,33a310dd,0.7070000000000001,95.06666666666666,0.0471404520791004,0.5108309859505556,0.0003223855987623,128.63333333333333,0.0471404520791004,33.56666666666667,0.0471404520791038,2.402,77.62,Scope_TrialNumber_0_95.00W_0.70Torr_3.00NitrogenFlow_2420.00MHz.csv,/home/user/MiniChamberDataAnalysis/TestData/Nafisa_Requested_Data_0.7Torr/LAS_DataFrame_33a310dd_Laser_True_20260922_151050.csv,34299012,33a310dd|Scope_TrialNumber_0_95.00W_0.70Torr_3.00NitrogenFlow_2420.00MHz.csv,5,full 4,1.6461204245787386,0.0396281093946781,0.29401920429864026,0.006535878941235891,0.167796108381583,0.003427817916870172,0.6990429812470463,0.016828508606549282,-0.0057620784466505155,-0.00017513214459511707,2.1934811740507154,1.4810405713722752,14.416296902389085,21.351120601386693,0.004641800230012172,0.01828681061967224,26114
95,0.7,3.0,2420,0,33a310dd,0.7070000000000001,95.06666666666666,0.0471404520791004,0.5108309859505556,0.0003223855987623,128.63333333333333,0.0471404520791004,33.56666666666667,0.0471404520791038,2.402,77.62,Scope_TrialNumber_0_95.00W_0.70Torr_3.00NitrogenFlow_2420.00MHz.csv,/home/user/MiniChamberDataAnalysis/TestData/Nafisa_Requested_Data_0.7Torr/LAS_DataFrame_33a310dd_Laser_True_20260922_151050.csv,34299012,33a310dd|Scope_TrialNumber_0_95.00W_0.70Torr_3.00NitrogenFlow_2420.00MHz.csv,11,full 10,1.5663318802551731,0.03864207304193843,0.2800159484815235,0.006353012600792348,0.1679448806156772,0.0034864504930373305,0.6651599061934208,0.01640977752142014,-0.005942345351079659,-0.00018095874950322397,2.259914370212672,1.5033011575238915,14.398843489791116,21.645798085208334,0.004660155758794201,0.013766125105351933,26062
95,0.7,3.0,2420,0,33a310dd,0.7070000000000001,95.06666666666666,0.0471404520791004,0.5108309859505556,0.0003223855987623,128.63333333333333,0.0471404520791004,33.56666666666667,0.0471404520791038,2.402,77.62,Scope_TrialNumber_0_95.00W_0.70Torr_3.00NitrogenFlow_2420.00MHz.csv,/home/user/MiniChamberDataAnalysis/TestData/Nafisa_Requested_Data_0.7Torr/LAS_DataFrame_33a310dd_Laser_True_20260922_151050.csv,34299012,33a310dd|Scope_TrialNumber_0_95.00W_0.70Torr_3.00NitrogenFlow_2420.00MHz.csv,16,full 15,1.6142431233526455,0.035446652180242004,0.29053025770325824,0.005905977231351125,0.16907921163064626,0.0031917006566411677,0.6855059378142119,0.015052807221953188,-0.0058939317556874,-0.00016571362008129334,2.0349523479823084,1.4265175596473771,13.87553840949813,19.793699190710722,0.004633717885168739,0.025302315034281757,26025
95,0.7,3.0,2420,0,33a310dd,0.7070000000000001,95.06666666666666,0.0471404520791004,0.5108309859505556,0.0003223855987623,128.63333333333333,0.0471404520791004,33.56666666666667,0.0471404520791038,2.402,77.62,Scope_TrialNumber_0_95.00W_0.70Torr_3.00NitrogenFlow_2420.00MHz.csv,/home/user/MiniChamberDataAnalysis/TestData/Nafisa_Requested_Data_0.7Torr/LAS_DataFrame_33a310dd_Laser_True_20260922_151050.csv,34299012,33a310dd|Scope_TrialNumber_0_95.00W_0.70Torr_3.00NitrogenFlow_2420.00MHz.csv,21,trailing partial,2.927149471620058,0.932725628720015,0.0793763252106311,0.054790053246393994,0.02547498160651935,0.009780371954344077,1.2430459294742358,0.3960921050796288,-0.006567157257265512,-0.005539068803812235,1.132756737757934,1.0643104517752018,5.590793406592547,5.950339856352333,0.005182226724782423,0.09419152276295092,6681
100,0.7,3.0,2420,0,33a310dd,0.7070000000000001,100.1,0.1414213562373048,0.531125491059189,0.0004314206125623,139.43333333333337,0.1247219128924576,39.33333333333333,0.0471404520791038,2.401,77.62,Scope_TrialNumber_0_100.00W_0.70Torr_3.00NitrogenFlow_2420.00MHz.csv,/home/user/MiniChamberDataAnalysis/TestData/Nafisa_Requested_Data_0.7Torr/LAS_DataFrame_33a310dd_Laser_True_20260922_151050.csv,34299012,33a310dd|Scope_TrialNumber_0_100.00W_0.70Torr_3.00NitrogenFlow_2420.00MHz.csv,0,leading partial,14.128919394942528,3371068.491081226,2.985360483904267e-10,0.06366890752894136,1.984977655078417e-11,0.00423338583007044,5.999999628318449,1431560.9798696614,-0.011710896536440599,-0.0005999815405836841,1.0158623744596873,1.0078999823691275,1.93203037357326,1.9472933794611076,0.0041266157919398055,0.01631339805825268,6115
100,0.7,3.0,2420,0,33a310dd,0.7070000000000001,100.1,0.1414213562373048,0.531125491059189,0.0004314206125623,139.43333333333337,0.1247219128924576,39.33333333333333,0.0471404520791038,2.401,77.62,Scope_TrialNumber_0_100.00W_0.70Torr_3.00NitrogenFlow_2420.00MHz.csv,/home/user/MiniChamberDataAnalysis/TestData/Nafisa_Requested_Data_0.7Torr/LAS_DataFrame_33a310dd_Laser_True_20260922_151050.csv,34299012,33a310dd|Scope_TrialNumber_0_100.00W_0.70Torr_3.00NitrogenFlow_2420.00MHz.csv,5,full 4,1.5400634798819912,0.034809217864183443,0.27860525844987377,0.005791993402745454,0.169948946422402,0.003255933477808276,0.6540047436456021,0.014782113791513077,-0.0064801719123406135,-0.00019566977817049404,2.0381807396817093,1.4276486751584612,14.05209783057584,20.061458851018685,0.004674536730228552,0.021151706955779538,26147
100,0.7,3.0,2420,0,33a310dd,0.7070000000000001,100.1,0.1414213562373048,0.531125491059189,0.0004314206125623,139.43333333333337,0.1247219128924576,39.33333333333333,0.0471404520791038,2.401,77.62,Scope_TrialNumber_0_100.00W_0.70Torr_3.00NitrogenFlow_2420.00MHz.csv,/home/user/MiniChamberDataAnalysis/TestData/Nafisa_Requested_Data_0.7Torr/LAS_DataFrame_33a310dd_Laser_True_20260922_151050.csv,34299012,33a310dd|Scope_TrialNumber_0_100.00W_0.70Torr_3.00NitrogenFlow_2420.00MHz.csv,9,full 8,1.6409022717279655,0.03644927423368867,0.29797818225890726,0.006133611394745678,0.17059627345045486,0.0032533451109637876,0.696827035760348,0.015478581605674084,-0.006314038278227231,-0.00022279225605417258,1.9938666229630821,1.4120434210615063,13.951193107630115,19.699690443587734,0.004742849713769085,0.012276194246379197,26095
100,0.7,3.0,2420,0,33a310dd,0.7070000000000001,100.1,0.1414213562373048,0.531125491059189,0.0004314206125623,139.43333333333337,0.1247219128924576,39.33333333333333,0.0471404520791038,2.401,77.62,Scope_TrialNumber_0_100.00W_0.70Torr_3.00NitrogenFlow_2420.00MHz.csv,/home/user/MiniChamberDataAnalysis/TestData/Nafisa_Requested_Data_0.7Torr/LAS_DataFrame_33a310dd_Laser_True_20260922_151050.csv,34299012,33a310dd|Scope_TrialNumber_0_100.00W_0.70Torr_3.00NitrogenFlow_2420.00MHz.csv,15,full 14,1.5371189883377931,0.03883055377032026,0.27661699559201897,0.006419398710973344,0.1690593373399488,0.0035892961345700327,0.6527543332159765,0.016489817917194567,-0.00640387180887883,-0.00018516031890269458,2.335601760100063,1.5282675682288305,14.633827089056066,22.364403339272897,0.004636994414017675,0.017367421969818518,26078
100,0.7,3.0,2420,0,33a310dd,0.7070000000000001,100.1,0.1414213562373048,0.531125491059189,0.0004314206125623,139.43333333333337,0.1247219128924576,39.33333333333333,0.0471404520791038,2.401,77.62,Scope_TrialNumber_0_100.00W_0.70Torr_3.00NitrogenFlow_2420.00MHz.csv,/home/user/MiniChamberDataAnalysis/TestData/Nafisa_Requested_Data_0.7Torr/LAS_DataFrame_33a310dd_Laser_True_20260922_151050.csv,34299012,33a310dd|Scope_TrialNumber_0_100.00W_0.70Torr_3.00NitrogenFlow_2420.00MHz.csv,20,trailing partial,3.1865170821672866,0.9267763996893303,0.09635856600681295,0.06653120813918152,0.028408079007463737,0.01159047487059036,1.3531892124374227,0.39356570012429537,-0.008109172343070247,-0.005923060785948576,1.123734757392942,1.0600635629022166,4.651709987739123,4.931108263190561,0.005189425883215657,0.01798279906176469,6601
105,0.7,3.0,2420,0,33a310dd,0.7070000000000001,104.96666666666664,0.1699673171197498,0.5499025784054309,0.0003104466022062,150.46666666666667,0.1699673171197498,45.5,0.0,2.395,77.6,Scope_TrialNumber_0_105.00W_0.70Torr_3.00NitrogenFlow_2420.00MHz.csv,/home/user/MiniChamberDataAnalysis/TestData/Nafisa_Requested_Data_0.7Torr/LAS_DataFrame_33a310dd_Laser_True_20260922_151050.csv,34299012,33a310dd|Scope_TrialNumber_0_105.00W_0.70Torr_3.00NitrogenFlow_2420.00MHz.csv,0,leading partial,3.0895836459858628,0.9467374436175406,0.013055578969387851,0.007437630140596989,0.003969757412065951,0.0011078110582824696,1.3120253721745674,0.4020423750066633,-0.014336318764114887,-4.5731173672487205e-05,1.051468377229866,1.0254113209975138,1.4118688049541241,1.4477462563631895,0.004120160495069994,0.027205803011292277,6307
105,0.7,3.0,2420,0,33a310dd,0.7070000000000001,104.96666666666664,0.1699673171197498,0.5499025784054309,0.0003104466022062,150.46666666666667,0.1699673171197498,45.5,0.0,2.395,77.6,Scope_TrialNumber_0_105.00W_0.70Torr_3.00NitrogenFlow_2420.00MHz.csv,/home/user/MiniChamberDataAnalysis/TestData/Nafisa_Requested_Data_0.7Torr/LAS_DataFrame_33a310dd_Laser_True_20260922_151050.csv,34299012,33a310dd|Scope_TrialNumber_0_105.00W_0.70Torr_3.00NitrogenFlow_2420.00MHz.csv,6,full 5,1.6976105939090824,0.039053616937400296,0.31377598528250533,0.0067263950880515015,0.17363985521339506,0.003487446162032513,0.7209088429034376,0.016584544122515747,-0.005712601385738219,-0.0002325233218299707,2.169252386426034,1.4728382078239395,14.501508011038785,21.358375069722864,0.0046861360241471734,0.014484665129059804,25341
105,0.7,3.0,2420,0,33a310dd,0.7070000000000001,104.96666666666664,0.1699673171197498,0.5499025784054309,0.0003104466022062,150.46666666666667,0.1699673171197498,45.5,0.0,2.395,77.6,Scope_TrialNumber_0_105.00W_0.70Torr_3.00NitrogenFlow_2420.00MHz.csv,/home/user/MiniChamberDataAnalysis/TestData/Nafisa_Requested_Data_0.7Torr/LAS_DataFrame_33a310dd_Laser_True_20260922_151050.csv,34299012,33a310dd|Scope_TrialNumber_0_105.00W_0.70Torr_3.00NitrogenFlow_2420.00MHz.csv,12,full 11,1.6378944260664514,0.04046820641931914,0.3000674728785473,0.0068501520375890594,0.1721079000337639,0.0036288567280098084,0.6955497213142351,0.017185264965241653,-0.0057376609299194265,-0.0002464212976560262,2.351897901835065,1.5335898740651182,14.69259327216008,22.53241226594198,0.004652614939250295,0.019738968571960495,25182
105,0.7,3.0,2420,0,33a310dd,0.7070000000000001,104.96666666666664,0.1699673171197498,0.5499025784054309,0.0003104466022062,150.46666666666667,0.1699673171197498,45.5,0.0,2.395,77.6,Scope_TrialNumber_0_105.00W_0.70Torr_3.00NitrogenFlow_2420.00MHz.csv,/home/user/MiniChamberDataAnalysis/TestData/Nafisa_Requested_Data_0.7Torr/LAS_DataFrame_33a310dd_Laser_True_20260922_151050.csv,34299012,33a310dd|Scope_TrialNumber_0_105.00W_0.70Torr_3.00NitrogenFlow_2420.00MHz.csv,17,full 16,1.5878644384879952,0.04024955612120738,0.28972705420496486,0.006741382009977993,0.1714128667225243,0.0036537489363725494,0.6743039417549743,0.017092412732828757,-0.005677015608486124,-0.00021906076132876788,2.4020570637005942,1.549857110736533,14.85353671833541,23.020859502498325,0.004607501238705901,0.023131155765824293,25372
105,0.7,3.0,2420,0,33a310dd,0.7070000000000001,104.96666666666664,0.1699673171197498,0.5499025784054309,0.0003104466022062,150.46666666666667,0.1699673171197498,45.5,0.0,2.395,77.6,Scope_TrialNumber_0_105.00W_0.70Torr_3.00NitrogenFlow_2420.00MHz.csv,/home/user/MiniChamberDataAnalysis/TestData/Nafisa_Requested_Data_0.7Torr/LAS_DataFrame_33a310dd_Laser_True_20260922_151050.csv,34299012,33a310dd|Scope_TrialNumber_0_105.00W_0.70Torr_3.00NitrogenFlow_2420.00MHz.csv,24,trailing partial,2.6074579051282893,0.2996579394923948,0.037400864717167956,0.009087392632983042,0.013475104047434799,0.0018026675946285298,1.1072854210793928,0.1272530103201395,-0.01225392829835001,-0.0011547972702536128,1.0224149626761234,1.0111453716830847,1.2819441179498858,1.2962318616213815,0.0052668270647477705,0.011803357819915638,5731
110,0.7,3.0,2420,0,33a310dd,0.7070000000000001,110.06666666666666,0.0942809041581976,0.5618247997869789,0.0003644751071813,160.83333333333334,0.2054804667656316,50.76666666666667,0.1247219128924633,2.405,77.6,Scope_TrialNumber_0_110.00W_0.70Torr_3.00NitrogenFlow_2420.00MHz.csv,/home/user/MiniChamberDataAnalysis/TestData/Nafisa_Requested_Data_0.7Torr/LAS_DataFrame_33a310dd_Laser_True_20260922_151050.csv,34299012,33a310dd|Scope_TrialNumber_0_110.00W_0.70Torr_3.00NitrogenFlow_2420.00MHz.csv,0,leading partial,3.044060226547145,1.0121950151500796,0.013682314296862574,0.008315944479350362,0.004222543298342602,0.0012405365260131631,1.2926933558980882,0.42983964625491217,-0.012759348256775471,-0.0002299749104121262,1.004613024367805,1.0023038583023638,1.654507372172531,1.6583191227182328,0.00418868201295593,0.04211387992253075,6171
110,0.7,3.0,2420,0,33a310dd,0.7070000000000001,110.06666666666666,0.0942809041581976,0.5618247997869789,0.0003644751071813,160.83333333333334,0.2054804667656316,50.76666666666667,0.1247219128924633,2.405,77.6,Scope_TrialNumber_0_110.00W_0.70Torr_3.00NitrogenFlow_2420.00MHz.csv,/home/user/MiniChamberDataAnalysis/TestData/Nafisa_Requested_Data_0.7Torr/LAS_DataFrame_33a310dd_Laser_True_20260922_151050.csv,34299012,33a310dd|Scope_TrialNumber_0_110.00W_0.70Torr_3.00NitrogenFlow_2420.00MHz.csv,1,full 0,1.6272784643869955,0.0414220997238235,0.30162952662715076,0.0071040930327481745,0.17413247202089566,0.003763663545527089,0.6910415374715431,0.017590346154573815,-0.005100042096791563,-0.00019694183689729654,2.438054223560171,1.5614269831023706,15.038522153990709,23.481554277223875,0.0046497959027254855,0.0213435022991199,25208
110,0.7,3.0,2420,0,33a310dd,0.7070000000000001,110.06666666666666,0.0942809041581976,0.5618247997869789,0.0003644751071813,160.83333333333334,0.2054804667656316,50.76666666666667,0.1247219128924633,2.405,77.6,Scope_TrialNumber_0_110.00W_0.70Torr_3.00NitrogenFlow_2420.00MHz.csv,/home/user/MiniChamberDataAnalysis/TestData/Nafisa_Requested_Data_0.7Torr/LAS_DataFrame_33a310dd_Laser_True_20260922_151050.csv,34299012,33a310dd|Scope_TrialNumber_0_110.00W_0.70Torr_3.00NitrogenFlow_2420.00MHz.csv,2,full 1,1.6281653822989053,0.04130307196443286,0.3021401554012801,0.0070889319345922176,0.17433224441567172,0.0037622744561937684,0.6914181768303685,0.017539799719128862,-0.005021954432707253,-0.00022478618239171993,2.451680954748585,1.5657844534764627,14.929684547540761,23.3766679598471,0.004657289671674945,0.011632324366765838,25267
110,0.7,3.0,2420,0,33a310dd,0.7070000000000001,110.06666666666666,0.0942809041581976,0.5618247997869789,0.0003644751071813,160.83333333333334,0.2054804667656316,50.76666666666667,0.1247219128924633,2.405,77.6,Scope_TrialNumber_0_110.00W_0.70Torr_3.00NitrogenFlow_2420.00MHz.csv,/home/user/MiniChamberDataAnalysis/TestData/Nafisa_Requested_Data_0.7Torr/LAS_DataFrame_33a310dd_Laser_True_20260922_151050.csv,34299012,33a310dd|Scope_TrialNumber_0_110.00W_0.70Torr_3.00NitrogenFlow_2420.00MHz.csv,3,full 2,1.63184478957868,0.04217640101375317,0.30273643270166384,0.0072225787117459654,0.1742824393084099,0.003812468111937314,0.6929806772377941,0.017910668419335137,-0.004850871452937551,-0.00020050638999069694,2.4676824832806767,1.5708858912348398,15.05837165220513,23.654983573419702,0.004678577043567866,0.01480463932361447,25243
110,0.7,3.0,2420,0,33a310dd,0.7070000000000001,110.06666666666666,0.0942809041581976,0.5618247997869789,0.0003644751071813,160.83333333333334,0.2054804667656316,50.76666666666667,0.1247219128924633,2.405,77.6,Scope_TrialNumber_0_110.00W_0.70Torr_3.00NitrogenFlow_2420.00MHz.csv,/home/user/MiniChamberDataAnalysis/TestData/Nafisa_Requested_Data_0.7Torr/LAS_DataFrame_33a310dd_Laser_True_20260922_151050.csv,34299012,33a310dd|Scope_TrialNumber_0_110.00W_0.70Torr_3.00NitrogenFlow_2420.00MHz.csv,4,trailing partial,2.8115615311307094,0.32256927049026085,0.04128614420339722,0.010296765890871886,0.013795089500617343,0.0019166836745079566,1.1939602506202367,0.13698255676519067,-0.011770581113559777,-0.0010210641030133417,1.0538272601849734,1.026560889662651,1.082354778799381,1.1111030846549144,0.005262758542987515,0.023332418473612004,5827
30,0.7,5.0,2420,0,33a310dd,0.705,30.03333333333333,0.0942809041582076,0.4682263943151044,0.0008854175894009,38.46666666666667,0.1247219128924665,8.433333333333332,0.047140452079103,3.997,76.0,Scope_TrialNumber_0_30.00W_0.70Torr_5.00NitrogenFlow_2420.00MHz.csv,/home/user/MiniChamberDataAnalysis/TestData/Nafisa_Requested_Data_0.7Torr/LAS_DataFrame_33a310dd_Laser_True_20260922_151050.csv,34299012,33a310dd|Scope_TrialNumber_0_30.00W_0.70Torr_5.00NitrogenFlow_2420.00MHz.csv,0,leading partial,1.1977159350025968,0.6044777939183338,0.0011595887284304477,0.0006933488240797643,0.0009095319245670109,0.00024019432424072162,0.5086231270750268,0.2566980840824247,-0.0010643607406630418,0.0001963840364727865,0.9766096834368191,1.0,1.0,1.0,0.004164200133334539,0.006185430038511014,6228
30,0.7,5.0,2420,0,33a310dd,0.705,30.03333333333333,0.0942809041582076,0.4682263943151044,0.0008854175894009,38.46666666666667,0.1247219128924665,8.433333333333332,0.047140452079103,3.997,76.0,Scope_TrialNumber_0_30.00W_0.70Torr_5.00NitrogenFlow_2420.00MHz.csv,/home/user/MiniChamberDataAnalysis/TestData/Nafisa_Requested_Data_0.7Torr/LAS_DataFrame_33a310dd_Laser_True_20260922_151050.csv,34299012,33a310dd|Scope_TrialNumber_0_30.00W_0.70Torr_5.00NitrogenFlow_2420.00MHz.csv,1,full 0,1.5354578644818897,0.026860987342956905,0.13970442931101087,0.002248186046118237,0.08547518751907233,0.0012714694604300026,0.6520489188640779,0.011406811063816927,-0.0007505667958781067,5.889823115003178e-05,1.1991297446904032,1.0950478275812445,7.143373270758796,7.822335381746349,0.00463409751873325,0.009875557814771932,25297
30,0.7,5.0,2420,0,33a310dd,0.705,30.03333333333333,0.0942809041582076,0.4682263943151044,0.0008854175894009,38.46666666666667,0.1247219128924665,8.433333333333332,0.047140452079103,3.997,76.0,Scope_TrialNumber_0_30.00W_0.70Torr_5.00NitrogenFlow_2420.00MHz.csv,/home/user/MiniChamberDataAnalysis/TestData/Nafisa_Requested_Data_0.7Torr/LAS_DataFrame_33a310dd_Laser_True_20260922_151050.csv,34299012,33a310dd|Scope_TrialNumber_0_30.00W_0.70Torr_5.00NitrogenFlow_2420.00MHz.csv,2,full 1,1.58091982165316,0.02405746659468019,0.14493303114297384,0.00203796286273719,0.08612422369925761,0.0011297384589881172,0.6713548345187379,0.010216265419281329,-0.0005986098587390134,4.0343497368779134e-05,1.1434220619772637,1.0693091517317448,6.464333319024142,6.912370777876959,0.004620534460597937,0.020797540728901182,25250
30,0.7,5.0,2420,0,33a310dd,0.705,30.03333333333333,0.0942809041582076,0.4682263943151044,0.0008854175894009,38.46666666666667,0.1247219128924665,8.433333333333332,0.047140452079103,3.997,76.0,Scope_TrialNumber_0_30.00W_0.70Torr_5.00NitrogenFlow_2420.00MHz.csv,/home/user/MiniChamberDataAnalysis/TestData/Nafisa_Requested_Data_0.7Torr/LAS_DataFrame_33a310dd_Laser_True_20260922_151050.csv,34299012,33a310dd|Scope_TrialNumber_0_30.00W_0.70Torr_5.00NitrogenFlow_2420.00MHz.csv,3,full 2,1.5345665562397754,0.033381934477437404,0.13795411031038537,0.0027563991964206927,0.08445331579034498,0.0015402241373199323,0.6516704151036758,0.014176002343736916,-0.0006513746942294188,5.853473323978253e-05,1.2826026738491825,1.1325204959951862,8.42083295816053,9.536765918468575,0.004617318015806152,0.020100951817228273,25160
30,0.7,5.0,2420,0,33a310dd,0.705,30.03333333333333,0.0942809041582076,0.4682263943151044,0.0008854175894009,38.46666666666667,0.1247219128924665,8.433333333333332,0.047140452079103,3.997,76.0,Scope_TrialNumber_0_30.00W_0.70Torr_5.00NitrogenFlow_2420.00MHz.csv,/home/user/MiniChamberDataAnalysis/TestData/Nafisa_Requested_Data_0.7Torr/LAS_DataFrame_33a310dd_Laser_True_20260922_151050.csv,34299012,33a310dd|Scope_TrialNumber_0_30.00W_0.70Torr_5.00NitrogenFlow_2420.00MHz.csv,4,trailing partial,4.626364091335576,17.58640762507265,0.07728327284450758,1.1001520178465518,0.01569327145393075,0.16377629344092237,1.9646359394204884,7.468259692362825,-0.01667972274432886,0.0033733992715565798,1.0009884135119924,1.0004940846961528,1.0,1.0004940846961528,0.00531096102115764,0.0460544034473481,3714
35,0.7,5.0,2420,0,33a310dd,0.705,35.099999999999994,0.0,0.4557136640112861,0.0,44.29999999999999,7.105427357601002e-15,9.2,0.0,3.998,76.0,Scope_TrialNumber_0_35.00W_0.70Torr_5.00NitrogenFlow_2420.00MHz.csv,/home/user/MiniChamberDataAnalysis/TestData/Nafisa_Requested_Data_0.7Torr/LAS_DataFrame_33a310dd_Laser_True_20260922_151050.csv,34299012,33a310dd|Scope_TrialNumber_0_35.00W_0.70Torr_5.00NitrogenFlow_2420.00MHz.csv,0,leading partial,1.3331687471864218,0.43421998221865,0.0013362634122110338,0.0006289843578379715,0.0009416179806515569,0.0002530894947590288,0.5661446402240473,0.18439624850948771,0.005046842792105958,-3.363299021147147e-05,1.0649234593934203,1.0319512873161312,1.0,1.0319512873161312,0.003944413504688161,0.026978067632850263,6202
35,0.7,5.0,2420,0,33a310dd,0.705,35.099999999999994,0.0,0.4557136640112861,0.0,44.29999999999999,7.105427357601002e-15,9.2,0.0,3.998,76.0,Scope_TrialNumber_0_35.00W_0.70Torr_5.00NitrogenFlow_2420.00MHz.csv,/home/user/MiniChamberDataAnalysis/TestData/Nafisa_Requested_Data_0.7Torr/LAS_DataFrame_33a310dd_Laser_True_20260922_151050.csv,34299012,33a310dd|Scope_TrialNumber_0_35.00W_0.70Torr_5.00NitrogenFlow_2420.00MHz.csv,3,full 2,1.583491737931641,0.025086173689580278,0.1631841476529162,0.0023925044575538535,0.09681217017161076,0.0013245841001581083,0.6724470268006527,0.01065311710018613,0.0034636120894839077,6.944927942732732e-05,1.192594431797776,1.0920597198861315,7.416960854553479,8.099764193230074,0.004647282702553553,0.02654598978566035,25054
35,0.7,5.0,2420,0,33a310dd,0.705,35.099999999999994,0.0,0.4557136640112861,0.0,44.29999999999999,7.105427357601002e-15,9.2,0.0,3.998,76.0,Scope_TrialNumber_0_35.00W_0.70Torr_5.00NitrogenFlow_2420.00MHz.csv,/home/user/MiniChamberDataAnalysis/TestData/Nafisa_Requested_Data_0.7Torr/LAS_DataFrame_33a310dd_Laser_True_20260922_151050.csv,34299012,33a310dd|Scope_TrialNumber_0_35.00W_0.70Torr_5.00NitrogenFlow_2420.00MHz.csv,7,full 6,1.5480477798222068,0.028157083339384645,0.15832244302249282,0.002649534085511422,0.09607843308764887,0.001482984094144572,0.6573953636452338,0.011957212356332977,0.0035190101304957795,5.399100189767538e-05,1.2348234492564996,1.111226101770697,8.230042100935524,9.1454376012313,0.004631021474836835,0.012321549643840524,25181
35,0.7,5.0,2420,0,33a310dd,0.705,35.099999999999994,0.0,0.4557136640112861,0.0,44.29999999999999,7.105427357601002e-15,9.2,0.0,3.998,76.0,Scope_TrialNumber_0_35.00W_0.70Torr_5.00NitrogenFlow_2420.00MHz.csv,/home/user/MiniChamberDataAnalysis/TestData/Nafisa_Requested_Data_0.7Torr/LAS_DataFrame_33a310dd_Laser_True_20260922_151050.csv,34299012,33a310dd|Scope_TrialNumber_0_35.00W_0.70Torr_5.00NitrogenFlow_2420.00MHz.csv,12,full 11,1.6288079123394497,0.029053700050701316,0.16736568409088579,0.002765099806966121,0.09653045126986101,0.0014822005071035687,0.6916910342157556,0.012337970416044876,0.0036804958018095495,0.00010525998330603324,1.2374818829589704,1.1124216300301655,8.1555897522074,9.07245444600787,0.004659940493614113,0.022247247554773957,25251
35,0.7,5.0,2420,0,33a310dd,0.705,35.099999999999994,0.0,0.4557136640112861,0.0,44.29999999999999,7.105427357601002e-15,9.2,0.0,3.998,76.0,Scope_TrialNumber_0_35.00W_0.70Torr_5.00NitrogenFlow_2420.00MHz.csv,/home/user/MiniChamberDataAnalysis/TestData/Nafisa_Requested_Data_0.7Torr/LAS_DataFrame_33a310dd_Laser_True_20260922_151050.csv,34299012,33a310dd|Scope_TrialNumber_0_35.00W_0.70Torr_5.00NitrogenFlow_2420.00MHz.csv,18,trailing partial,7.443267251427463,19.521957897142784,0.15450938600332764,1.5123086922834068,0.019501097060928858,0.13976154860208942,3.1608645710036143,8.29021221317411,-0.014499707605535258,0.0022495082249219616,1.0350442334398764,1.0173712367861971,1.0,1.0173712367861971,0.005246562328417715,0.1183901406659361,5605
40,0.7,5.0,2420,0,33a310dd,0.705,40.1,0.0,0.4461686708144268,0.0008462382348241,50.06666666666666,0.0471404520791038,9.966666666666669,0.047140452079103,3.999,76.0,Scope_TrialNumber_0_40.00W_0.70Torr_5.00NitrogenFlow_2420.00MHz.csv,/home/user/MiniChamberDataAnalysis/TestData/Nafisa_Requested_Data_0.7Torr/LAS_DataFrame_33a310dd_Laser_True_20260922_151050.csv,34299012,33a310dd|Scope_TrialNumber_0_40.00W_0.70Torr_5.00NitrogenFlow_2420.00MHz.csv,0,leading partial,5.824097724707443,5.016785239684767,0.03310805170169322,0.09356719551596507,0.005340387380819303,0.010518332021278737,2.4732665823009405,2.1304325357137137,0.0072947428404290405,-0.00087317503465293,1.016399923618215,1.008166615008757,1.0,1.008166615008757,0.00406868825012944,0.016594499520306765,6256
40,0.7,5.0,2420,0,33a310dd,0.705,40.1,0.0,0.4461686708144268,0.0008462382348241,50.06666666666666,0.0471404520791038,9.966666666666669,0.047140452079103,3.999,76.0,Scope_TrialNumber_0_40.00W_0.70Torr_5.00NitrogenFlow_2420.00MHz.csv,/home/user/MiniChamberDataAnalysis/TestData/Nafisa_Requested_Data_0.7Torr/LAS_DataFrame_33a310dd_Laser_True_20260922_151050.csv,34299012,33a310dd|Scope_TrialNumber_0_40.00W_0.70Torr_5.00NitrogenFlow_2420.00MHz.csv,5,full 4,1.6251500834901935,0.0293183147781313,0.1814060336232222,0.003021548726817336,0.10486390906168,0.0016109699500315429,0.6901376973240578,0.012450341944386656,0.007204371784519905,3.101372083594156e-05,1.2786248152289938,1.130762935026168,8.755555969897127,9.900458166306764,0.004663318924905345,0.01837676633546013,25056
40,0.7,5.0,2420,0,33a310dd,0.705,40.1,0.0,0.4461686708144268,0.0008462382348241,50.06666666666666,0.0471404520791038,9.966666666666669,0.047140452079103,3.999,76.0,Scope_TrialNumber_0_40.00W_0.70Torr_5.00NitrogenFlow_2420.00MHz.csv,/home/user/MiniChamberDataAnalysis/TestData/Nafisa_Requested_Data_0.7Torr/LAS_DataFrame_33a310dd_Laser_True_20260922_151050.csv,34299012,33a310dd|Scope_TrialNumber_0_40.00W_0.70Torr_5.00NitrogenFlow_2420.00MHz.csv,9,full 8,1.544941753921096,0.02617488055726363,0.17362781246910244,0.002709476634969271,0.10557837487307473,0.0015251219602505884,0.6560763558901974,0.011115448338609507,0.00754609333676202,-7.426157361967883e-06,1.2466105132241536,1.1165171352129593,8.388487567038684,9.365890107119558,0.004645073511047692,0.02120364959877325,25247
40,0.7,5.0,2420,0,33a310dd,0.705,40.1,0.0,0.4461686708144268,0.0008462382348241,50.06666666666666,0.0471404520791038,9.966666666666669,0.047140452079103,3.999,76.0,Scope_TrialNumber_0_40.00W_0.70Torr_5.00NitrogenFlow_2420.00MHz.csv,/home/user/MiniChamberDataAnalysis/TestData/Nafisa_Requested_Data_0.7Torr/LAS_DataFrame_33a310dd_Laser_True_20260922_151050.csv,34299012,33a310dd|Scope_TrialNumber_0_40.00W_0.70Torr_5.00NitrogenFlow_2420.00MHz.csv,13,full 12,1.501794407173378,0.03008207527520337,0.1670426280668523,0.0030692418417602773,0.10449238004110177,0.0017634869824104224,0.6377533647814858,0.012774681164567717,0.007352177415554348,2.3876559574096542e-05,1.3348892705269337,1.1553740825061525,9.378776659614656,10.835995478132402,0.004656756313218027,0.01963358869303217,25209
40,0.7,5.0,2420,0,33a310dd,0.705,40.1,0.0,0.4461686708144268,0.0008462382348241,50.06666666666666,0.0471404520791038,9.966666666666669,0.047140452079103,3.999,76.0,Scope_TrialNumber_0_40.00W_0.70Torr_5.00NitrogenFlow_2420.00MHz.csv,/home/user/MiniChamberDataAnalysis/TestData/Nafisa_Requested_Data_0.7Torr/LAS_DataFrame_33a310dd_Laser_True_20260922_151050.csv,34299012,33a310dd|Scope_TrialNumber_0_40.00W_0.70Torr_5.00NitrogenFlow_2420.00MHz.csv,17,trailing partial,6.576098463919783,18.56300939371805,0.12302527801143595,1.301682809184336,0.017574939459991223,0.13636408822055188,2.792611893123813,7.882984278518013,-0.009102029350622666,0.0023973952740957575,1.0108897232321543,1.005430118522493,1.0,1.005430118522493,0.005360439506948156,0.022092826429289874,5655
45,0.7,5.0,2420,0,33a310dd,0.705,45.0,0.0816496580927737,0.4448160034341575,0.0003236998991875,56.1,0.0816496580927737,11.1,0.0,4.003,76.0,Scope_TrialNumber_0_45.00W_0.70Torr_5.00NitrogenFlow_2420.00MHz.csv,/home/user/MiniChamberDataAnalysis/TestData/Nafisa_Requested_Data_0.7Torr/LAS_DataFrame_33a310dd_Laser_True_20260922_151050.csv,34299012,33a310dd|Scope_TrialNumber_0_45.00W_0.70Torr_5.00NitrogenFlow_2420.00MHz.csv,0,leading partial,4.010852890585655,1.8620460424193357,0.010766187260018403,0.012815434228551222,0.0025216974886470346,0.0018684753355155714,1.7032523988613066,0.7907381484833856,0.005621605330424956,-0.0002600335856412377,1.008672281548571,1.0043267802605738,1.0,1.0043267802605738,0.004096264526655349,0.030643830861470798,6328
45,0.7,5.0,2420,0,33a310dd,0.705,45.0,0.0816496580927737,0.4448160034341575,0.0003236998991875,56.1,0.0816496580927737,11.1,0.0,4.003,76.0,Scope_TrialNumber_0_45.00W_0.70Torr_5.00NitrogenFlow_2420.00MHz.csv,/home/user/MiniChamberDataAnalysis/TestData/Nafisa_Requested_Data_0.7Torr/LAS_DataFrame_33a310dd_Laser_True_20260922_151050.csv,34299012,33a310dd|Scope_TrialNumber_0_45.00W_0.70Torr_5.00NitrogenFlow_2420.00MHz.csv,4,full 3,1.541310631128424,0.029736173378084,0.17948545170536453,0.003179373840025853,0.10939736670266054,0.0017776096049581282,0.654534360016528,0.012627790153575484,0.006753042681270496,-1.46829494033758e-05,1.363211358424377,1.167566425701072,9.437323865990168,11.018702494397564,0.004626719855740842,0.014160355162246476,25201
45,0.7,5.0,2420,0,33a310dd,0.705,45.0,0.0816496580927737,0.4448160034341575,0.0003236998991875,56.1,0.0816496580927737,11.1,0.0,4.003,76.0,Scope_TrialNumber_0_45.00W_0.70Torr_5.00NitrogenFlow_2420.00MHz.csv,/home/user/MiniChamberDataAnalysis/TestData/Nafisa_Requested_Data_0.7Torr/LAS_DataFrame_33a310dd_Laser_True_20260922_151050.csv,34299012,33a310dd|Scope_TrialNumber_0_45.00W_0.70Torr_5.00NitrogenFlow_2420.00MHz.csv,9,full 8,1.4924351747138307,0.0286791177295979,0.17388522504453735,0.0030642586201641534,0.10945484627380164,0.0017721889844042925,0.6337788647005574,0.012178899950387068,0.007054761348418109,-3.9626943327437e-05,1.3226999263072092,1.1500869211964848,9.520258627817615,10.949124934261032,0.004636992615925724,0.011355702019018293,25139
45,0.7,5.0,2420,0,33a310dd,0.705,45.0,0.0816496580927737,0.4448160034341575,0.0003236998991875,56.1,0.0816496580927737,11.1,0.0,4.003,76.0,Scope_TrialNumber_0_45.00W_0.70Torr_5.00NitrogenFlow_2420.00MHz.csv,/home/user/MiniChamberDataAnalysis/TestData/Nafisa_Requested_Data_0.7Torr/LAS_DataFrame_33a310dd_Laser_True_20260922_151050.csv,34299012,33a310dd|Scope_TrialNumber_0_45.00W_0.70Torr_5.00NitrogenFlow_2420.00MHz.csv,13,full 12,1.5366815053067013,0.025019503195819425,0.17912501608552867,0.002684579148726019,0.10950656793701342,0.0015186262618552679,0.6525685512781954,0.0106248047482926,0.0069574891284130275,-2.8858780136363683e-05,1.275560337469196,1.12940707341029,8.344426855520519,9.424254714179657,0.004607222430225552,0.016895292743384128,25092
45,0.7,5.0,2420,0,33a310dd,0.705,45.0,0.0816496580927737,0.4448160034341575,0.0003236998991875,56.1,0.0816496580927737,11.1,0.0,4.003,76.0,Scope_TrialNumber_0_45.00W_0.70Torr_5.00NitrogenFlow_2420.00MHz.csv,/home/user/MiniChamberDataAnalysis/TestData/Nafisa_Requested_Data_0.7Torr/LAS_DataFrame_33a310dd_Laser_True_20260922_151050.csv,34299012,33a310dd|Scope_TrialNumber_0_45.00W_0.70Torr_5.00NitrogenFlow_2420.00MHz.csv,17,trailing partial,6.627490867136693,24.787765760743923,0.1210900497880499,1.697871064661167,0.01716434003923987,0.17650191611037175,2.8144362373344705,10.526394920516374,-0.009413491337007378,0.0021579160887199187,0.9755381244434543,1.0,1.2852201264056855,1.2852201264056855,0.005347843692881304,0.001957643245511941,5491
50,0.7,5.0,2420,0,33a310dd,0.705,50.03333333333333,0.1247219128924664,0.4417845808308045,0.0003077822983889,62.16666666666666,0.1699673171197586,12.133333333333333,0.047140452079103,3.998,76.0,Scope_TrialNumber_0_50.00W_0.70Torr_5.00NitrogenFlow_2420.00MHz.csv,/home/user/MiniChamberDataAnalysis/TestData/Nafisa_Requested_Data_0.7Torr/LAS_DataFrame_33a310dd_Laser_True_20260922_151050.csv,34299012,33a310dd|Scope_TrialNumber_0_50.00W_0.70Torr_5.00NitrogenFlow_2420.00MHz.csv,0,leading partial,4.0727641082562736,9.063256395246624,0.0031300357209912036,0.01635424871127459,0.0007219844218327736,0.0022167018573007076,1.7295436722863236,3.8488106190413824,0.004370901126311401,0.0001280505093954717,1.0108640824984965,1.0054173673149358,1.2866591458460865,1.2936294510482564,0.004050118200589941,0.013358944954128359,6109
50,0.7,5.0,2420,0,33a310dd,0.705,50.03333333333333,0.1247219128924664,0.4417845808308045,0.0003077822983889,62.16666666666666,0.1699673171197586,12.133333333333333,0.047140452079103,3.998,76.0,Scope_TrialNumber_0_50.00W_0.70Torr_5.00NitrogenFlow_2420.00MHz.csv,/home/user/MiniChamberDataAnalysis/TestData/Nafisa_Requested_Data_0.7Torr/LAS_DataFrame_33a310dd_Laser_True_20260922_151050.csv,34299012,33a310dd|Scope_TrialNumber_0_50.00W_0.70Torr_5.00NitrogenFlow_2420.00MHz.csv,3,full 2,1.5346434400125815,0.027874026554380465,0.18589491864223598,0.0031077287306698837,0.11379621607213436,0.0017554702397484857,0.6517030646358422,0.011837009207221232,0.006071055920947813,-1.848704169135929e-05,1.3402694192720344,1.1577000558314032,9.360856762366796,10.837064396421807,0.004625622006668239,0.016957380202909645,25140
50,0.7,5.0,2420,0,33a310dd,0.705,50.03333333333333,0.1247219128924664,0.4417845808308045,0.0003077822983889,62.16666666666666,0.1699673171197586,12.133333333333333,0.047140452079103,3.998,76.0,Scope_TrialNumber_0_50.00W_0.70Torr_5.00NitrogenFlow_2420.00MHz.csv,/home/user/MiniChamberDataAnalysis/TestData/Nafisa_Requested_Data_0.7Torr/LAS_DataFrame_33a310dd_Laser_True_20260922_151050.csv,34299012,33a310dd|Scope_TrialNumber_0_50.00W_0.70Torr_5.00NitrogenFlow_2420.00MHz.csv,7,full 6,1.5562999532738437,0.02614450379820646,0.18940366371009904,0.0029310153590243007,0.11433069957835473,0.0016362387583154381,0.6608997390513505,0.01110254851676483,0.006566256669836609,-6.569903259442153e-05,1.273682888108698,1.1285756014147648,8.873084551506494,10.0139467341205,0.004657848540183874,0.014854528077692221,25183
50,0.7,5.0,2420,0,33a310dd,0.705,50.03333333333333,0.1247219128924664,0.4417845808308045,0.0003077822983889,62.16666666666666,0.1699673171197586,12.133333333333333,0.047140452079103,3.998,76.0,Scope_TrialNumber_0_50.00W_0.70Torr_5.00NitrogenFlow_2420.00MHz.csv,/home/user/MiniChamberDataAnalysis/TestData/Nafisa_Requested_Data_0.7Torr/LAS_DataFrame_33a310dd_Laser_True_20260922_151050.csv,34299012,33a310dd|Scope_TrialNumber_0_50.00W_0.70Torr_5.00NitrogenFlow_2420.00MHz.csv,11,full 10,1.5719060420673698,0.03850664062801164,0.18888039538053114,0.004258236937997064,0.11288288223806921,0.002305110732333393,0.6675270347661366,0.01635226467061331,0.006223554102371337,-3.06108709531115e-05,1.6011582050247568,1.2653688019801803,11.39182643204395,14.414861764681605,0.004594783184688953,0.017196300565657137,25189
50,0.7,5.0,2420,0,33a310dd,0.705,50.03333333333333,0.1247219128924664,0.4417845808308045,0.0003077822983889,62.16666666666666,0.1699673171197586,12.133333333333333,0.047140452079103,3.998,76.0,Scope_TrialNumber_0_50.00W_0.70Torr_5.00NitrogenFlow_2420.00MHz.csv,/home/user/MiniChamberDataAnalysis/TestData/Nafisa_Requested_Data_0.7Torr/LAS_DataFrame_33a310dd_Laser_True_20260922_151050.csv,34299012,33a310dd|Scope_TrialNumber_0_50.00W_0.70Torr_5.00NitrogenFlow_2420.00MHz.csv,14,trailing partial,6.286252395191037,19.044253830017936,0.12739477137731278,1.4453422203647113,0.01903827428800366,0.15834003374891398,2.669525600674262,8.087349974026418,-0.013270747713570629,0.002991880761302218,0.9643587491717205,1.0,1.1244384609252698,1.1244384609252698,0.005391541197224311,0.011668204867774035,5454
55,0.7,5.0,2420,0,33a310dd,0.705,55.06666666666667,0.1247219128924614,0.4347446349195389,0.0004329510694443,67.9,0.1632993161855417,12.833333333333334,0.047140452079103,4.001,76.0,Scope_TrialNumber_0_55.00W_0.70Torr_5.00NitrogenFlow_2420.00MHz.csv,/home/user/MiniChamberDataAnalysis/TestData/Nafisa_Requested_Data_0.7Torr/LAS_DataFrame_33a310dd_Laser_True_20260922_151050.csv,34299012,33a310dd|Scope_TrialNumber_0_55.00W_0.70Torr_5.00NitrogenFlow_2420.00MHz.csv,0,leading partial,6.131438238583397,4.938931707387255,0.0513995749514275,0.14088481998390961,0.00787526106270361,0.015265262262115342,2.6037820815742254,2.0973711846088614,0.0025837373009348266,-0.0011374482053803552,0.9918595926915776,1.0,1.0078062567074009,1.0078062567074009,0.004089426529402407,0.0039222222222224335,6171
55,0.7,5.0,2420,0,33a310dd,0.705,55.06666666666667,0.1247219128924614,0.4347446349195389,0.0004329510694443,67.9,0.1632993161855417,12.833333333333334,0.047140452079103,4.001,76.0,Scope_TrialNumber_0_55.00W_0.70Torr_5.00NitrogenFlow_2420.00MHz.csv,/home/user/MiniChamberDataAnalysis/TestData/Nafisa_Requested_Data_0.7Torr/LAS_DataFrame_33a310dd_Laser_True_20260922_151050.csv,34299012,33a310dd|Scope_TrialNumber_0_55.00W_0.70Torr_5.00NitrogenFlow_2420.00MHz.csv,6,full 5,1.4907267716536037,0.023738147436689696,0.19329448532636875,0.002825062498952545,0.12181175567218479,0.0016437862776450712,0.6330533727191927,0.01008066305821586,0.005261780803374207,-6.444499276713251e-05,1.3143232025350913,1.1464393584202748,8.896570379830786,10.199378438394026,0.004600521290379469,0.018883836534147963,25141
55,0.7,5.0,2420,0,33a310dd,0.705,55.06666666666667,0.1247219128924614,0.4347446349195389,0.0004329510694443,67.9,0.1632993161855417,12.833333333333334,0.047140452079103,4.001,76.0,Scope_TrialNumber_0_55.00W_0.70Torr_5.00NitrogenFlow_2420.00MHz.csv,/home/user/MiniChamberDataAnalysis/TestData/Nafisa_Requested_Data_0.7Torr/LAS_DataFrame_33a310dd_Laser_True_20260922_151050.csv,34299012,33a310dd|Scope_TrialNumber_0_55.00W_0.70Torr_5.00NitrogenFlow_2420.00MHz.csv,14,full 13,1.5426697603686608,0.031728247762355076,0.1990419748829801,0.003762796411815145,0.12121029142775554,0.0020923193623672725,0.655111529063099,0.013473746254753862,0.005307835158386423,-5.920769112705767e-05,1.460749633197819,1.2086147579761795,10.717827947784636,12.95372503114206,0.0046403191723728195,0.0132727258125474,25150
55,0.7,5.0,2420,0,33a310dd,0.705,55.06666666666667,0.1247219128924614,0.4347446349195389,0.0004329510694443,67.9,0.1632993161855417,12.833333333333334,0.047140452079103,4.001,76.0,Scope_TrialNumber_0_55.00W_0.70Torr_5.00NitrogenFlow_2420.00MHz.csv,/home/user/MiniChamberDataAnalysis/TestData/Nafisa_Requested_Data_0.7Torr/LAS_DataFrame_33a310dd_Laser_True_20260922_151050.csv,34299012,33a310dd|Scope_TrialNumber_0_55.00W_0.70Torr_5.00NitrogenFlow_2420.00MHz.csv,21,full 20,1.5736404474650003,0.027525526745910345,0.2036830984240156,0.003283477702917277,0.1215954356084421,0.0018109921403337492,0.668263568923509,0.011689014964856297,0.005249717326311925,-5.471060569992707e-05,1.3712701562382723,1.1710124492242908,9.626323334445058,11.272544464893448,0.004592744718495613,0.016392764083039503,25092
55,0.7,5.0,2420,0,33a310dd,0.705,55.06666666666667,0.1247219128924614,0.4347446349195389,0.0004329510694443,67.9,0.1632993161855417,12.833333333333334,0.047140452079103,4.001,76.0,Scope_TrialNumber_0_55.00W_0.70Torr_5.00NitrogenFlow_2420.00MHz.csv,/home/user/MiniChamberDataAnalysis/TestData/Nafisa_Requested_Data_0.7Torr/LAS_DataFrame_33a310dd_Laser_True_20260922_151050.csv,34299012,33a310dd|Scope_TrialNumber_0_55.00W_0.70Torr_5.00NitrogenFlow_2420.00MHz.csv,29,trailing partial,1.6302742581320855,0.7858475662563079,0.0010871102785691867,0.0006763623094212069,0.0006264417883378693,0.00020881495876642995,0.6923137339399787,0.3337187348623829,0.006076906950840819,-0.0006198169921443226,0.9850820703287849,1.0,1.0113039606502665,1.0113039606502665,0.005372423756343678,0.009164662838330749,5496
60,0.7,5.0,2420,0,33a310dd,0.705,60.03333333333334,0.0942809041582076,0.4323282062950335,0.0002762162608748,73.83333333333333,0.0942809041582076,13.800000000000002,1.7763568394002505e-15,3.999,76.0,Scope_TrialNumber_0_60.00W_0.70Torr_5.00NitrogenFlow_2420.00MHz.csv,/home/user/MiniChamberDataAnalysis/TestData/Nafisa_Requested_Data_0.7Torr/LAS_DataFrame_33a310dd_Laser_True_20260922_151050.csv,34299012,33a310dd|Scope_TrialNumber_0_60.00W_0.70Torr_5.00NitrogenFlow_2420.00MHz.csv,0,leading partial,1.2223774540139556,0.7252930893599011,0.0023490828914431295,0.002055844985970208,0.0018053474658998802,0.0006081925236535679,0.519095909937309,0.30800361619580513,-0.0001261969006863903,0.00024115960187381255,1.0117073390273517,1.0058366363517246,1.284612522393089,1.2921103385391692,0.004088655098270193,0.0414597315436242,6178
60,0.7,5.0,2420,0,33a310dd,0.705,60.03333333333334,0.0942809041582076,0.4323282062950335,0.0002762162608748,73.83333333333333,0.0942809041582076,13.800000000000002,1.7763568394002505e-15,3.999,76.0,Scope_TrialNumber_0_60.00W_0.70Torr_5.00NitrogenFlow_2420.00MHz.csv,/home/user/MiniChamberDataAnalysis/TestData/Nafisa_Requested_Data_0.7Torr/LAS_DataFrame_33a310dd_Laser_True_20260922_151050.csv,34299012,33a310dd|Scope_TrialNumber_0_60.00W_0.70Torr_5.00NitrogenFlow_2420.00MHz.csv,5,full 4,1.5699848355244046,0.03398120586440554,0.21259276249060316,0.004236268562171244,0.1272098696410046,0.0023103891833617467,0.6667111734662384,0.014430489470357353,0.002849211494185972,-4.609407613342185e-05,1.594664008406386,1.2628000666797519,11.416727162089213,14.417043821550793,0.004614458679827326,0.00936003584077168,25173
60,0.7,5.0,2420,0,33a310dd,0.705,60.03333333333334,0.0942809041582076,0.4323282062950335,0.0002762162608748,73.83333333333333,0.0942809041582076,13.800000000000002,1.7763568394002505e-15,3.999,76.0,Scope_TrialNumber_0_60.00W_0.70Torr_5.00NitrogenFlow_2420.00MHz.csv,/home/user/MiniChamberDataAnalysis/TestData/Nafisa_Requested_Data_0.7Torr/LAS_DataFrame_33a310dd_Laser_True_20260922_151050.csv,34299012,33a310dd|Scope_TrialNumber_0_60.00W_0.70Torr_5.00NitrogenFlow_2420.00MHz.csv,11,full 10,1.6077278835303088,0.025866303246830525,0.22002313409756585,0.0032715930544274653,0.1285652481772666,0.0017762194872404432,0.6827391702066042,0.010984407620196967,0.0034514976850208916,-0.00010222055569010295,1.3174722743577816,1.1478119507819133,9.519111256459475,10.92614966098682,0.004645723836932361,0.016717006842491985,25250
60,0.7,5.0,2420,0,33a310dd,0.705,60.03333333333334,0.0942809041582076,0.4323282062950335,0.0002762162608748,73.83333333333333,0.0942809041582076,13.800000000000002,1.7763568394002505e-15,3.999,76.0,Scope_TrialNumber_0_60.00W_0.70Torr_5.00NitrogenFlow_2420.00MHz.csv,/home/user/MiniChamberDataAnalysis/TestData/Nafisa_Requested_Data_0.7Torr/LAS_DataFrame_33a310dd_Laser_True_20260922_151050.csv,34299012,33a310dd|Scope_TrialNumber_0_60.00W_0.70Torr_5.00NitrogenFlow_2420.00MHz.csv,18,full 17,1.5770748984572156,0.02552886160948189,0.21542037923142887,0.003223571352907309,0.12832233588879904,0.0017823005636939462,0.6697220459733636,0.010841109350734427,0.0032633005578429418,-8.874284531293937e-05,1.3199824050698716,1.1489048720716053,9.525534828676564,10.943933373754268,0.004653587365343107,0.01854178310312145,25123
60,0.7,5.0,2420,0,33a310dd,0.705,60.03333333333334,0.0942809041582076,0.4323282062950335,0.0002762162608748,73.83333333333333,0.0942809041582076,13.800000000000002,1.7763568394002505e-15,3.999,76.0,Scope_TrialNumber_0_60.00W_0.70Torr_5.00NitrogenFlow_2420.00MHz.csv,/home/user/MiniChamberDataAnalysis/TestData/Nafisa_Requested_Data_0.7Torr/LAS_DataFrame_33a310dd_Laser_True_20260922_151050.csv,34299012,33a310dd|Scope_TrialNumber_0_60.00W_0.70Torr_5.00NitrogenFlow_2420.00MHz.csv,23,trailing partial,0.911010285453651,0.2975700610840412,0.0011359848944954495,0.00045732478203483663,0.0011714319530402386,0.0002769215502021075,0.3868704478611985,0.12636636999585685,0.0024531061408429454,3.925896480559158e-05,0.9628270049871203,1.0,1.0,1.0,0.005508768495786393,0.0574136008918623,3589
65,0.7,5.0,2420,0,33a310dd,0.705,64.89999999999999,0.2160246899469273,0.4344548663022848,0.0005858766476185,80.0,0.2160246899469273,15.1,0.0,3.997,75.99,Scope_TrialNumber_0_65.00W_0.70Torr_5.00NitrogenFlow_2420.00MHz.csv,/home/user/MiniChamberDataAnalysis/TestData/Nafisa_Requested_Data_0.7Torr/LAS_DataFrame_33a310dd_Laser_True_20260922_151050.csv,34299012,33a310dd|Scope_TrialNumber_0_65.00W_0.70Torr_5.00NitrogenFlow_2420.00MHz.csv,0,leading partial,1.1016623519206892,0.7808558407462273,0.0014721674158955866,0.0015352012162944953,0.001255383692261105,0.0005066593497320729,0.46783292602140647,0.3315989442140002,-0.0012076330937085033,-2.3289083802939597e-05,1.0039422701176801,1.0019691961920187,1.0,1.0019691961920187,0.004117955721858184,0.020429527559055007,6124
65,0.7,5.0,2420,0,33a310dd,0.705,64.89999999999999,0.2160246899469273,0.4344548663022848,0.0005858766476185,80.0,0.2160246899469273,15.1,0.0,3.997,75.99,Scope_TrialNumber_0_65.00W_0.70Torr_5.00NitrogenFlow_2420.00MHz.csv,/home/user/MiniChamberDataAnalysis/TestData/Nafisa_Requested_Data_0.7Torr/LAS_DataFrame_33a310dd_Laser_True_20260922_151050.csv,34299012,33a310dd|Scope_TrialNumber_0_65.00W_0.70Torr_5.00NitrogenFlow_2420.00MHz.csv,4,full 3,1.4968416296718332,0.02667557187967949,0.20850821882472567,0.0033984824988912226,0.1308624705488425,0.0019614881617489163,0.6356501138294669,0.01132807236628092,0.0026043500807117377,-0.00012232718586746208,1.4250655943932369,1.1937611127831385,10.252969369157597,12.239596123457007,0.004597673948623063,0.019503174649573584,25168
65,0.7,5.0,2420,0,33a310dd,0.705,64.89999999999999,0.2160246899469273,0.4344548663022848,0.0005858766476185,80.0,0.2160246899469273,15.1,0.0,3.997,75.99,Scope_TrialNumber_0_65.00W_0.70Torr_5.00NitrogenFlow_2420.00MHz.csv,/home/user/MiniChamberDataAnalysis/TestData/Nafisa_Requested_Data_0.7Torr/LAS_DataFrame_33a310dd_Laser_True_20260922_151050.csv,34299012,33a310dd|Scope_TrialNumber_0_65.00W_0.70Torr_5.00NitrogenFlow_2420.00MHz.csv,7,full 6,1.5481638319689774,0.027393419039736903,0.21695336541954968,0.0035329630475152696,0.13164890885950944,0.0019865240256744443,0.6574446464543451,0.011632913987436723,0.002069942022663813,-8.359865898398807e-05,1.3630672014185923,1.1675046901056083,10.349300892161498,12.082857330912706,0.004700614284282774,0.013248196625694533,25295
65,0.7,5.0,2420,0,33a310dd,0.705,64.89999999999999,0.2160246899469273,0.4344548663022848,0.0005858766476185,80.0,0.2160246899469273,15.1,0.0,3.997,75.99,Scope_TrialNumber_0_65.00W_0.70Torr_5.00NitrogenFlow_2420.00MHz.csv,/home/user/MiniChamberDataAnalysis/TestData/Nafisa_Requested_Data_0.7Torr/LAS_DataFrame_33a310dd_Laser_True_20260922_151050.csv,34299012,33a310dd|Scope_TrialNumber_0_65.00W_0.70Torr_5.00NitrogenFlow_2420.00MHz.csv,10,full 9,1.5651773527230595,0.026202823201524037,0.21802997343950284,0.003364959207788965,0.1308640740083628,0.0018681939481385262,0.6646696234923923,0.011127314487073535,0.0016655998459266922,-5.974434908749758e-05,1.3758041194873079,1.1729467675420346,9.862758277358529,11.568490440476133,0.0046211175152476875,0.026702019348732564,25088
65,0.7,5.0,2420,0,33a310dd,0.705,64.89999999999999,0.2160246899469273,0.4344548663022848,0.0005858766476185,80.0,0.2160246899469273,15.1,0.0,3.997,75.99,Scope_TrialNumber_0_65.00W_0.70Torr_5.00NitrogenFlow_2420.00MHz.csv,/home/user/MiniChamberDataAnalysis/TestData/Nafisa_Requested_Data_0.7Torr/LAS_DataFrame_33a310dd_Laser_True_20260922_151050.csv,34299012,33a310dd|Scope_TrialNumber_0_65.00W_0.70Torr_5.00NitrogenFlow_2420.00MHz.csv,14,trailing partial,3.51511808969348,35.157818092360124,0.010874733070120192,0.3947365437650423,0.0029063403792700658,0.07645119537383457,1.4927332120817245,14.930150678200993,-0.0014502968908902403,0.00038489721253618904,0.9795842209226415,1.0,1.0,1.0,0.005345055828906942,0.04570596797671357,3436
70,0.7,5.0,2420,0,33a310dd,0.705,69.83333333333333,0.1699673171197628,0.447979448170121,0.0011635037125655,87.36666666666667,0.1699673171197563,17.533333333333335,0.0942809041582076,4.003,76.0,Scope_TrialNumber_0_70.00W_0.70Torr_5.00NitrogenFlow_2420.00MHz.csv,/home/user/MiniChamberDataAnalysis/TestData/Nafisa_Requested_Data_0.7Torr/LAS_DataFrame_33a310dd_Laser_True_20260922_151050.csv,34299012,33a310dd|Scope_TrialNumber_0_70.00W_0.70Torr_5.00NitrogenFlow_2420.00MHz.csv,0,leading partial,1.2836928178313545,0.16041733788184828,0.01749595829126037,0.0032420168700489156,0.012803963079852314,0.0009210647751863186,0.5451341475286631,0.06812297110361142,0.005197412619975782,-0.00014358458292098732,1.0033212538493042,1.001659250368759,1.8782266727261572,1.881343121025491,0.004231334850052298,0.005542429906542003,6327
70,0.7,5.0,2420,0,33a310dd,0.705,69.83333333333333,0.1699673171197628,0.447979448170121,0.0011635037125655,87.36666666666667,0.1699673171197563,17.533333333333335,0.0942809041582076,4.003,76.0,Scope_TrialNumber_0_70.00W_0.70Torr_5.00NitrogenFlow_2420.00MHz.csv,/home/user/MiniChamberDataAnalysis/TestData/Nafisa_Requested_Data_0.7Torr/LAS_DataFrame_33a310dd_Laser_True_20260922_151050.csv,34299012,33a310dd|Scope_TrialNumber_0_70.00W_0.70Torr_5.00NitrogenFlow_2420.00MHz.csv,1,full 0,1.6051911142515238,0.03542249038128598,0.22326672256895086,0.004595036382003378,0.13066673520191155,0.002405675947016644,0.6816619034812178,0.015042546650659426,0.005587686121149539,6.0744177462819945e-05,1.6087016010986306,1.2683460100061934,11.671310927699375,14.803260646689186,0.004686181272048922,0.024040882170723987,23531
70,0.7,5.0,2420,0,33a310dd,0.705,69.83333333333333,0.1699673171197628,0.447979448170121,0.0011635037125655,87.36666666666667,0.1699673171197563,17.533333333333335,0.0942809041582076,4.003,76.0,Scope_TrialNumber_0_70.00W_0.70Torr_5.00NitrogenFlow_2420.00MHz.csv,/home/user/MiniChamberDataAnalysis/TestData/Nafisa_Requested_Data_0.7Torr/LAS_DataFrame_33a310dd_Laser_True_20260922_151050.csv,34299012,33a310dd|Scope_TrialNumber_0_70.00W_0.70Torr_5.00NitrogenFlow_2420.00MHz.csv,2,full 1,1.6059464823023017,0.0303738297990777,0.22478812106382054,0.003977031390043982,0.13149525408434634,0.0021050371758231413,0.6819826787576011,0.012898577903297277,0.0062889226137230305,3.830648249888819e-06,1.4753238667345083,1.2146291066554054,10.784087722440677,13.098666836401645,0.004608944116943915,0.01555062280419441,23491
70,0.7,5.0,2420,0,33a310dd,0.705,69.83333333333333,0.1699673171197628,0.447979448170121,0.0011635037125655,87.36666666666667,0.1699673171197563,17.533333333333335,0.0942809041582076,4.003,76.0,Scope_TrialNumber_0_70.00W_0.70Torr_5.00NitrogenFlow_2420.00MHz.csv,/home/user/MiniChamberDataAnalysis/TestData/Nafisa_Requested_Data_0.7Torr/LAS_DataFrame_33a310dd_Laser_True_20260922_151050.csv,34299012,33a310dd|Scope_TrialNumber_0_70.00W_0.70Torr_5.00NitrogenFlow_2420.00MHz.csv,3,full 2,1.6259474880252422,0.027204203444342392,0.22776582353015007,0.0035702436320097296,0.13159816477088304,0.0018749889651465338,0.6904763238516906,0.011552561522375205,0.0060999176016054936,1.1274221028258122e-05,1.3757990597329455,1.1729446106841301,9.810919160741962,11.507664755449953,0.004659514508883958,0.013564300424515908,23572
70,0.7,5.0,2420,0,33a310dd,0.705,69.83333333333333,0.1699673171197628,0.447979448170121,0.0011635037125655,87.36666666666667,0.1699673171197563,17.533333333333335,0.0942809041582076,4.003,76.0,Scope_TrialNumber_0_70.00W_0.70Torr_5.00NitrogenFlow_2420.00MHz.csv,/home/user/MiniChamberDataAnalysis/TestData/Nafisa_Requested_Data_0.7Torr/LAS_DataFrame_33a310dd_Laser_True_20260922_151050.csv,34299012,33a310dd|Scope_TrialNumber_0_70.00W_0.70Torr_5.00NitrogenFlow_2420.00MHz.csv,4,trailing partial,1.1200027736984906,0.965733277832023,0.000613331603413824,0.0007655584547652129,0.0005144510227853136,0.00031581919041677334,0.47562138604258836,0.41010916306317174,0.005360686347586949,-0.000277986179601368,0.9977665322015817,1.0,1.0,1.0,0.005432852117748631,0.026242322724736332,3583
75,0.7,5.0,2420,0,33a310dd,0.705,75.03333333333335,0.0471404520791071,0.4886202116141693,0.0017178236916626,98.56666666666666,0.1699673171197563,23.53333333333333,0.2054804667656325,4.005,76.01,Scope_TrialNumber_0_75.00W_0.70Torr_5.00NitrogenFlow_2420.00MHz.csv,/home/user/MiniChamberDataAnalysis/TestData/Nafisa_Requested_Data_0.7Torr/LAS_DataFrame_33a310dd_Laser_True_20260922_151050.csv,34299012,33a310dd|Scope_TrialNumber_0_75.00W_0.70Torr_5.00NitrogenFlow_2420.00MHz.csv,0,leading partial,1.386480136010364,0.15929637688749532,0.016730286954469497,0.00286484137881494,0.011335939722582233,0.0007567828828269959,0.58878390258995,0.06764694279872316,-0.0026828622314372954,-0.00012118458740117742,1.038040171755842,1.0188425647546544,1.5690361849278895,1.598600850844789,0.004067492784340758,0.001919844609905938,6222
75,0.7,5.0,2420,0,33a310dd,0.705,75.03333333333335,0.0471404520791071,0.4886202116141693,0.0017178236916626,98.56666666666666,0.1699673171197563,23.53333333333333,0.2054804667656325,4.005,76.01,Scope_TrialNumber_0_75.00W_0.70Torr_5.00NitrogenFlow_2420.00MHz.csv,/home/user/MiniChamberDataAnalysis/TestData/Nafisa_Requested_Data_0.7Torr/LAS_DataFrame_33a310dd_Laser_True_20260922_151050.csv,34299012,33a310dd|Scope_TrialNumber_0_75.00W_0.70Torr_5.00NitrogenFlow_2420.00MHz.csv,9,full 8,1.5875352329690913,0.026639558525198427,0.2147628291785701,0.003380659738309618,0.12708770402028746,0.0018313850880999755,0.6741641410429842,0.011312778902749787,-4.512213721910327e-05,-8.102379965394519e-05,1.3731910499226976,1.1718323471907992,9.611082277079854,11.262577103794376,0.004618812536321186,0.025085122043719016,23934
75,0.7,5.0,2420,0,33a310dd,0.705,75.03333333333335,0.0471404520791071,0.4886202116141693,0.0017178236916626,98.56666666666666,0.1699673171197563,23.53333333333333,0.2054804667656325,4.005,76.01,Scope_TrialNumber_0_75.00W_0.70Torr_5.00NitrogenFlow_2420.00MHz.csv,/home/user/MiniChamberDataAnalysis/TestData/Nafisa_Requested_Data_0.7Torr/LAS_DataFrame_33a310dd_Laser_True_20260922_151050.csv,34299012,33a310dd|Scope_TrialNumber_0_75.00W_0.70Torr_5.00NitrogenFlow_2420.00MHz.csv,19,full 18,1.6161065160211323,0.02901706202059954,0.2174953124608819,0.0036590918520416943,0.12642929314537182,0.001935905013389644,0.6862972478221332,0.012322411677202352,0.000277373044718597,-0.00010620524156580439,1.380509410293105,1.17495081186112,10.112266265175883,11.88141545802422,0.004650412989870356,0.017539474573310846,23893
75,0.7,5.0,2420,0,33a310dd,0.705,75.03333333333335,0.0471404520791071,0.4886202116141693,0.0017178236916626,98.56666666666666,0.1699673171197563,23.53333333333333,0.2054804667656325,4.005,76.01,Scope_TrialNumber_0_75.00W_0.70Torr_5.00NitrogenFlow_2420.00MHz.csv,/home/user/MiniChamberDataAnalysis/TestData/Nafisa_Requested_Data_0.7Torr/LAS_DataFrame_33a310dd_Laser_True_20260922_151050.csv,34299012,33a310dd|Scope_TrialNumber_0_75.00W_0.70Torr_5.00NitrogenFlow_2420.00MHz.csv,30,full 29,1.5421498428225684,0.03363675466604622,0.20513904251173687,0.0041544948817996905,0.12496532989268734,0.0022763196849886723,0.6548907404099747,0.014284214514406403,0.00019569900294052,-8.034962044617835e-05,1.5730062823430675,1.2541954721426272,11.261039401179717,14.123544628579323,0.0046220756165566475,0.01313421751409804,23922
75,0.7,5.0,2420,0,33a310dd,0.705,75.03333333333335,0.0471404520791071,0.4886202116141693,0.0017178236916626,98.56666666666666,0.1699673171197563,23.53333333333333,0.2054804667656325,4.005,76.01,Scope_TrialNumber_0_75.00W_0.70Torr_5.00NitrogenFlow_2420.00MHz.csv,/home/user/MiniChamberDataAnalysis/TestData/Nafisa_Requested_Data_0.7Torr/LAS_DataFrame_33a310dd_Laser_True_20260922_151050.csv,34299012,33a310dd|Scope_TrialNumber_0_75.00W_0.70Torr_5.00NitrogenFlow_2420.00MHz.csv,40,trailing partial,7.004857346063386,134.14613179129466,0.043795869013956386,2.9269466550432197,0.005873563153699271,0.2801539492507758,2.9746890259596555,56.966617077328124,-0.004624548445865924,-0.0010947035080250045,1.0030455551827295,1.0015216199277626,1.0,1.0015216199277626,0.005328911431134308,0.07095506997299188,4074
80,0.7,5.0,2420,0,33a310dd,0.705,79.8,0.1414213562373115,0.5136496215415164,0.0011415240236845,108.4,0.1414213562373081,28.6,0.1414213562373098,3.998,76.01,Scope_TrialNumber_0_80.00W_0.70Torr_5.00NitrogenFlow_2420.00MHz.csv,/home/user/MiniChamberDataAnalysis/TestData/Nafisa_Requested_Data_0.7Torr/LAS_DataFrame_33a310dd_Laser_True_20260922_151050.csv,34299012,33a310dd|Scope_TrialNumber_0_80.00W_0.70Torr_5.00NitrogenFlow_2420.00MHz.csv,0,leading partial,1.3404766716888619,0.24853148719184878,0.015396585707200119,0.004245339186201026,0.010790285935983298,0.001158503798376668,0.569248030021438,0.10554160506501988,-0.0043722027184078215,-0.00021076042672086082,1.0245445555126864,1.0121978835744947,2.3403165233225356,2.3688634318014903,0.004144234152129533,0.006064299738219878,6120
80,0.7,5.0,2420,0,33a310dd,0.705,79.8,0.1414213562373115,0.5136496215415164,0.0011415240236845,108.4,0.1414213562373081,28.6,0.1414213562373098,3.998,76.01,Scope_TrialNumber_0_80.00W_0.70Torr_5.00NitrogenFlow_2420.00MHz.csv,/home/user/MiniChamberDataAnalysis/TestData/Nafisa_Requested_Data_0.7Torr/LAS_DataFrame_33a310dd_Laser_True_20260922_151050.csv,34299012,33a310dd|Scope_TrialNumber_0_80.00W_0.70Torr_5.00NitrogenFlow_2420.00MHz.csv,2,full 1,1.6124683481365625,0.03483229062685138,0.20638478032535726,0.004158306976113993,0.12024146496763265,0.002183435152415888,0.6847522601733967,0.014791911891676453,-0.0017458260601491682,-8.434344251741438e-05,1.5218551783301442,1.233634945326268,10.984535342345032,13.550906656488273,0.004632154459680126,0.016292043176629994,24043
80,0.7,5.0,2420,0,33a310dd,0.705,79.8,0.1414213562373115,0.5136496215415164,0.0011415240236845,108.4,0.1414213562373081,28.6,0.1414213562373098,3.998,76.01,Scope_TrialNumber_0_80.00W_0.70Torr_5.00NitrogenFlow_2420.00MHz.csv,/home/user/MiniChamberDataAnalysis/TestData/Nafisa_Requested_Data_0.7Torr/LAS_DataFrame_33a310dd_Laser_True_20260922_151050.csv,34299012,33a310dd|Scope_TrialNumber_0_80.00W_0.70Torr_5.00NitrogenFlow_2420.00MHz.csv,4,full 3,1.6033206642937725,0.03142112029290165,0.20576333975529026,0.0037667913060121594,0.12056337591145988,0.002001330128628249,0.6808675965184847,0.01334332122711682,-0.0014014252281662112,-0.00010621321286950804,1.4245206591630535,1.193532847961485,10.498090570351804,12.5298159365896,0.004583087985156282,0.014075280138056333,24050
80,0.7,5.0,2420,0,33a310dd,0.705,79.8,0.1414213562373115,0.5136496215415164,0.0011415240236845,108.4,0.1414213562373081,28.6,0.1414213562373098,3.998,76.01,Scope_TrialNumber_0_80.00W_0.70Torr_5.00NitrogenFlow_2420.00MHz.csv,/home/user/MiniChamberDataAnalysis/TestData/Nafisa_Requested_Data_0.7Torr/LAS_DataFrame_33a310dd_Laser_True_20260922_151050.csv,34299012,33a310dd|Scope_TrialNumber_0_80.00W_0.70Torr_5.00NitrogenFlow_2420.00MHz.csv,6,full 5,1.5300074622239217,0.0391940442508698,0.19389096120204236,0.004618345411836017,0.11905065919831988,0.0025264550653961923,0.6497343461350622,0.01664417811185851,-0.0017162690280059017,-6.773161717590116e-05,1.685810080231813,1.2983874923272378,12.100767097414233,15.711484646847614,0.0046314822248200134,0.016965837281647068,23826
80,0.7,5.0,2420,0,33a310dd,0.705,79.8,0.1414213562373115,0.5136496215415164,0.0011415240236845,108.4,0.1414213562373081,28.6,0.1414213562373098,3.998,76.01,Scope_TrialNumber_0_80.00W_0.70Torr_5.00NitrogenFlow_2420.00MHz.csv,/home/user/MiniChamberDataAnalysis/TestData/Nafisa_Requested_Data_0.7Torr/LAS_DataFrame_33a310dd_Laser_True_20260922_151050.csv,34299012,33a310dd|Scope_TrialNumber_0_80.00W_0.70Torr_5.00NitrogenFlow_2420.00MHz.csv,8,trailing partial,0.023045466697769645,0.009435484739649983,9.165183588549619e-05,3.27104100762322e-05,0.003736142661863755,0.0013218429749387618,0.009786508632113652,0.004006881442834827,-0.0038168137057898897,8.051674730323439e-06,1.031899529464417,1.0158245564389636,1.0,1.0158245564389636,0.00518334509962889,0.06246901338621701,4035
85,0.7,5.0,2420,0,33a310dd,0.705,84.96666666666667,0.188561808316412,0.5198595536600298,0.0009294449429141,116.43333333333334,0.2054804667656324,31.46666666666667,0.1247219128924649,3.991,75.99,Scope_TrialNumber_0_85.00W_0.70Torr_5.00NitrogenFlow_2420.00MHz.csv,/home/user/MiniChamberDataAnalysis/TestData/Nafisa_Requested_Data_0.7Torr/LAS_DataFrame_33a310dd_Laser_True_20260922_151050.csv,34299012,33a310dd|Scope_TrialNumber_0_85.00W_0.70Torr_5.00NitrogenFlow_2420.00MHz.csv,0,leading partial,1.441084758494767,0.2505044530639271,0.016841579175426783,0.004381914990012981,0.01097895680063506,0.0011189500238562482,0.6119723507262004,0.10637944652821008,0.009709699851932527,-0.00029779392916407085,1.0072501114094026,1.0036185089013667,2.2953521907128946,2.303657943046761,0.004165571952455886,0.01796945701357461,6180
85,0.7,5.0,2420,0,33a310dd,0.705,84.96666666666667,0.188561808316412,0.5198595536600298,0.0009294449429141,116.43333333333334,0.2054804667656324,31.46666666666667,0.1247219128924649,3.991,75.99,Scope_TrialNumber_0_85.00W_0.70Torr_5.00NitrogenFlow_2420.00MHz.csv,/home/user/MiniChamberDataAnalysis/TestData/Nafisa_Requested_Data_0.7Torr/LAS_DataFrame_33a310dd_Laser_True_20260922_151050.csv,34299012,33a310dd|Scope_TrialNumber_0_85.00W_0.70Torr_5.00NitrogenFlow_2420.00MHz.csv,2,full 1,1.592351175845266,0.03364623138754424,0.20341292833524882,0.0040189749668770106,0.12000725138169055,0.0021320193236760055,0.6762092836798227,0.014288238907488163,0.009842351103456517,4.236143109054093e-05,1.4773678113828899,1.2154702017667443,10.825925014450052,13.158589261625249,0.00468634302657935,0.01617501680980419,23852
85,0.7,5.0,2420,0,33a310dd,0.705,84.96666666666667,0.188561808316412,0.5198595536600298,0.0009294449429141,116.43333333333334,0.2054804667656324,31.46666666666667,0.1247219128924649,3.991,75.99,Scope_TrialNumber_0_85.00W_0.70Torr_5.00NitrogenFlow_2420.00MHz.csv,/home/user/MiniChamberDataAnalysis/TestData/Nafisa_Requested_Data_0.7Torr/LAS_DataFrame_33a310dd_Laser_True_20260922_151050.csv,34299012,33a310dd|Scope_TrialNumber_0_85.00W_0.70Torr_5.00NitrogenFlow_2420.00MHz.csv,4,full 3,1.6098301045724592,0.03564081640022745,0.20509523020577625,0.0042358062770253314,0.11968598698181485,0.002216337526722279,0.6836319012866655,0.015135261174387965,0.01033551703859851,3.7738076823493175e-06,1.4892918894448806,1.2203654737187875,11.249322870036451,13.728285233307624,0.004692951756742437,0.012694408007596945,23999
85,0.7,5.0,2420,0,33a310dd,0.705,84.96666666666667,0.188561808316412,0.5198595536600298,0.0009294449429141,116.43333333333334,0.2054804667656324,31.46666666666667,0.1247219128924649,3.991,75.99,Scope_TrialNumber_0_85.00W_0.70Torr_5.00NitrogenFlow_2420.00MHz.csv,/home/user/MiniChamberDataAnalysis/TestData/Nafisa_Requested_Data_0.7Torr/LAS_DataFrame_33a310dd_Laser_True_20260922_151050.csv,34299012,33a310dd|Scope_TrialNumber_0_85.00W_0.70Torr_5.00NitrogenFlow_2420.00MHz.csv,6,full 5,1.5612892048543563,0.03191455307514443,0.19882542851659601,0.0037895158846082944,0.11963447830240205,0.002049262214115308,0.6630184791185758,0.0135528628365846,0.010132474989528576,1.6124420608099585e-05,1.4445450606334331,1.2018922832905756,10.542980149410187,12.671526484461824,0.004688008162873742,0.016693703571218108,23883
85,0.7,5.0,2420,0,33a310dd,0.705,84.96666666666667,0.188561808316412,0.5198595536600298,0.0009294449429141,116.43333333333334,0.2054804667656324,31.46666666666667,0.1247219128924649,3.991,75.99,Scope_TrialNumber_0_85.00W_0.70Torr_5.00NitrogenFlow_2420.00MHz.csv,/home/user/MiniChamberDataAnalysis/TestData/Nafisa_Requested_Data_0.7Torr/LAS_DataFrame_33a310dd_Laser_True_20260922_151050.csv,34299012,33a310dd|Scope_TrialNumber_0_85.00W_0.70Torr_5.00NitrogenFlow_2420.00MHz.csv,8,trailing partial,0.26659252489305074,0.12398204357250572,0.0003644123483117862,0.00016954809316173803,0.001284141575086968,0.00041047371840721036,0.1132114215927472,0.05265032622519409,0.00971353752614333,-0.0006043355741987259,1.0453494115992688,1.0224233035290562,1.0,1.0224233035290562,0.005293792595632833,0.0845748338299332,4364
90,0.7,5.0,2420,0,33a310dd,0.705,90.03333333333335,0.0471404520791004,0.5246793930203468,9.952501422370924e-05,124.23333333333332,0.0471404520791004,34.2,0.0,3.996,75.99,Scope_TrialNumber_0_90.00W_0.70Torr_5.00NitrogenFlow_2420.00MHz.csv,/home/user/MiniChamberDataAnalysis/TestData/Nafisa_Requested_Data_0.7Torr/LAS_DataFrame_33a310dd_Laser_True_20260922_151050.csv,34299012,33a310dd|Scope_TrialNumber_0_90.00W_0.70Torr_5.00NitrogenFlow_2420.00MHz.csv,0,leading partial,1.391833196726774,0.2398605042349756,0.016187596968848333,0.004161234988567675,0.010926044931867567,0.0010968589392135765,0.5910571381723062,0.10185937763742074,0.013929356981211734,-0.0007141778526091602,1.0293411416917946,1.0145645083935249,2.2220477260343157,2.2544107587909554,0.004118444686798988,0.007101982160555061,6152
90,0.7,5.0,2420,0,33a310dd,0.705,90.03333333333335,0.0471404520791004,0.5246793930203468,9.952501422370924e-05,124.23333333333332,0.0471404520791004,34.2,0.0,3.996,75.99,Scope_TrialNumber_0_90.00W_0.70Torr_5.00NitrogenFlow_2420.00MHz.csv,/home/user/MiniChamberDataAnalysis/TestData/Nafisa_Requested_Data_0.7Torr/LAS_DataFrame_33a310dd_Laser_True_20260922_151050.csv,34299012,33a310dd|Scope_TrialNumber_0_90.00W_0.70Torr_5.00NitrogenFlow_2420.00MHz.csv,5,full 4,1.5526579950287156,0.03863729424119503,0.20322037467553583,0.004720368232568032,0.12295869172269204,0.0025848137152041056,0.6593531417846874,0.016407748151594837,0.011381507285646561,0.00014106101709358682,1.6978139241008894,1.3030018895231463,12.314178843008923,16.04539830036658,0.004665423444771414,0.019915701983695546,24033
90,0.7,5.0,2420,0,33a310dd,0.705,90.03333333333335,0.0471404520791004,0.5246793930203468,9.952501422370924e-05,124.23333333333332,0.0471404520791004,34.2,0.0,3.996,75.99,Scope_TrialNumber_0_90.00W_0.70Torr_5.00NitrogenFlow_2420.00MHz.csv,/home/user/MiniChamberDataAnalysis/TestData/Nafisa_Requested_Data_0.7Torr/LAS_DataFrame_33a310dd_Laser_True_20260922_151050.csv,34299012,33a310dd|Scope_TrialNumber_0_90.00W_0.70Torr_5.00NitrogenFlow_2420.00MHz.csv,12,full 11,1.6483120828346025,0.043574102961136396,0.2146532973405723,0.0053078661587330385,0.12233927762681394,0.002714536323317083,0.6999736928147895,0.018504217786443934,0.011828443150223685,0.00012863822345989914,1.739945916009733,1.3190700951843815,12.761688890626207,16.833562179671773,0.004701802280130712,0.013555641057404831,24092
90,0.7,5.0,2420,0,33a310dd,0.705,90.03333333333335,0.0471404520791004,0.5246793930203468,9.952501422370924e-05,124.23333333333332,0.0471404520791004,34.2,0.0,3.996,75.99,Scope_TrialNumber_0_90.00W_0.70Torr_5.00NitrogenFlow_2420.00MHz.csv,/home/user/MiniChamberDataAnalysis/TestData/Nafisa_Requested_Data_0.7Torr/LAS_DataFrame_33a310dd_Laser_True_20260922_151050.csv,34299012,33a310dd|Scope_TrialNumber_0_90.00W_0.70Torr_5.00NitrogenFlow_2420.00MHz.csv,19,full 18,1.6286003465557037,0.03978625200892507,0.21330809252833569,0.004882036790811992,0.12304404477945327,0.002548873040023799,0.691602889143191,0.01689566559146653,0.011391672544028035,0.00014011811886193172,1.62197634964454,1.273568352953441,12.192423345925228,15.527884519181073,0.004755129511605448,0.015068200129318534,23979
90,0.7,5.0,2420,0,33a310dd,0.705,90.03333333333335,0.0471404520791004,0.5246793930203468,9.952501422370924e-05,124.23333333333332,0.0471404520791004,34.2,0.0,3.996,75.99,Scope_TrialNumber_0_90.00W_0.70Torr_5.00NitrogenFlow_2420.00MHz.csv,/home/user/MiniChamberDataAnalysis/TestData/Nafisa_Requested_Data_0.7Torr/LAS_DataFrame_33a310dd_Laser_True_20260922_151050.csv,34299012,33a310dd|Scope_TrialNumber_0_90.00W_0.70Torr_5.00NitrogenFlow_2420.00MHz.csv,25,trailing partial,0.771123780837341,0.3855246664451502,0.002045165629681674,0.0015383567257708291,0.0024915647544314105,0.0007354949837941575,0.32746611889283717,0.16371725188031652,0.008036822112823873,-0.0003742431470917829,1.0103271118357031,1.0051502931580447,1.0,1.0051502931580447,0.005393975146144324,0.02957746478873238,4261
95,0.7,5.0,2420,0,33a310dd,0.706,95.10000000000002,0.1414213562373148,0.5219001191357636,0.0002825180746245,130.70000000000002,0.1414213562373148,35.6,0.0,4.002,75.99,Scope_TrialNumber_0_95.00W_0.70Torr_5.00NitrogenFlow_2420.00MHz.csv,/home/user/MiniChamberDataAnalysis/TestData/Nafisa_Requested_Data_0.7Torr/LAS_DataFrame_33a310dd_Laser_True_20260922_151050.csv,34299012,33a310dd|Scope_TrialNumber_0_95.00W_0.70Torr_5.00NitrogenFlow_2420.00MHz.csv,0,leading partial,1.3247584207167284,0.23612061581487642,0.017350159633756013,0.0045877418779884825,0.012303667216942015,0.001261986444764786,0.5625731034149224,0.10027119325450327,-0.004149386602696729,-0.0002404377495910401,1.0591393066382149,1.029144939567899,2.617994097138433,2.694295376888649,0.004041725560856155,0.01365366783105735,6328
95,0.7,5.0,2420,0,33a310dd,0.706,95.10000000000002,0.1414213562373148,0.5219001191357636,0.0002825180746245,130.70000000000002,0.1414213562373148,35.6,0.0,4.002,75.99,Scope_TrialNumber_0_95.00W_0.70Torr_5.00NitrogenFlow_2420.00MHz.csv,/home/user/MiniChamberDataAnalysis/TestData/Nafisa_Requested_Data_0.7Torr/LAS_DataFrame_33a310dd_Laser_True_20260922_151050.csv,34299012,33a310dd|Scope_TrialNumber_0_95.00W_0.70Torr_5.00NitrogenFlow_2420.00MHz.csv,6,full 5,1.4969435160657674,0.03900560435901739,0.2068792242242212,0.005002812372300081,0.12983125504660573,0.0027869727719530115,0.6356933809972274,0.016564155057761428,-0.0021328241236752673,-4.393522390797471e-05,1.8227999800236365,1.3501110991409695,12.884163917213947,17.395052707782142,0.004625252347603266,0.028682451123350532,24397
95,0.7,5.0,2420,0,33a310dd,0.706,95.10000000000002,0.1414213562373148,0.5219001191357636,0.0002825180746245,130.70000000000002,0.1414213562373148,35.6,0.0,4.002,75.99,Scope_TrialNumber_0_95.00W_0.70Torr_5.00NitrogenFlow_2420.00MHz.csv,/home/user/MiniChamberDataAnalysis/TestData/Nafisa_Requested_Data_0.7Torr/LAS_DataFrame_33a310dd_Laser_True_20260922_151050.csv,34299012,33a310dd|Scope_TrialNumber_0_95.00W_0.70Torr_5.00NitrogenFlow_2420.00MHz.csv,11,full 10,1.554052559311219,0.03467580171261549,0.21590161582109663,0.004482659797255933,0.13051426428184923,0.0024300480625361392,0.659945358708204,0.01472545716849448,-0.001437896209602285,-9.469922553025397e-05,1.5952383186571775,1.263027441767271,11.89947761169231,15.029366766262656,0.004659772194995667,0.015541527399868551,24381
95,0.7,5.0,2420,0,33a310dd,0.706,95.10000000000002,0.1414213562373148,0.5219001191357636,0.0002825180746245,130.70000000000002,0.1414213562373148,35.6,0.0,4.002,75.99,Scope_TrialNumber_0_95.00W_0.70Torr_5.00NitrogenFlow_2420.00MHz.csv,/home/user/MiniChamberDataAnalysis/TestData/Nafisa_Requested_Data_0.7Torr/LAS_DataFrame_33a310dd_Laser_True_20260922_151050.csv,34299012,33a310dd|Scope_TrialNumber_0_95.00W_0.70Torr_5.00NitrogenFlow_2420.00MHz.csv,15,full 14,1.5730900058633401,0.03639214399120703,0.21885697959077052,0.004706077513895045,0.13069970857664961,0.002522022339560636,0.6680298178974713,0.015454320625476383,-0.0018005664137766598,-8.359851711450968e-05,1.6463212742003797,1.2830905167603646,12.102510711282493,15.5286167226373,0.004674484842807986,0.022587983363807934,24327
95,0.7,5.0,2420,0,33a310dd,0.706,95.10000000000002,0.1414213562373148,0.5219001191357636,0.0002825180746245,130.70000000000002,0.1414213562373148,35.6,0.0,4.002,75.99,Scope_TrialNumber_0_95.00W_0.70Torr_5.00NitrogenFlow_2420.00MHz.csv,/home/user/MiniChamberDataAnalysis/TestData/Nafisa_Requested_Data_0.7Torr/LAS_DataFrame_33a310dd_Laser_True_20260922_151050.csv,34299012,33a310dd|Scope_TrialNumber_0_95.00W_0.70Torr_5.00NitrogenFlow_2420.00MHz.csv,21,trailing partial,2.302307874177336,2.7993237913684696,0.005309477716744914,0.017491845302414037,0.0021664875290918996,0.004557480616040571,0.9777001342567886,1.1887633610370758,-0.006397584506424129,0.0009872272140257561,1.0170414747940961,1.0084847419738665,1.0,1.0084847419738665,0.00525920232177518,0.11684901531729054,4571
100,0.7,5.0,2420,0,33a310dd,0.706,100.66666666666669,3.3309991827611687,0.497304723315446,0.0232767766487855,133.83333333333334,1.307244770075179,33.166666666666664,3.0169889330626023,4.004,76.01,Scope_TrialNumber_0_100.00W_0.70Torr_5.00NitrogenFlow_2420.00MHz.csv,/home/user/MiniChamberDataAnalysis/TestData/Nafisa_Requested_Data_0.7Torr/LAS_DataFrame_33a310dd_Laser_True_20260922_151050.csv,34299012,33a310dd|Scope_TrialNumber_0_100.00W_0.70Torr_5.00NitrogenFlow_2420.00MHz.csv,0,leading partial,1.2781623722511684,0.2179743790007258,0.018994052103336493,0.004793863852322837,0.013960449006185734,0.0013617382439948334,0.5427855835303838,0.0925651959947797,0.022133843528771978,-0.0004429073699361174,1.054405218837886,1.0268423534495867,2.8397486731764765,2.9159742107698743,0.0041276396484279405,0.02360524284335789,6262
100,0.7,5.0,2420,0,33a310dd,0.706,100.66666666666669,3.3309991827611687,0.497304723315446,0.0232767766487855,133.83333333333334,1.307244770075179,33.166666666666664,3.0169889330626023,4.004,76.01,Scope_TrialNumber_0_100.00W_0.70Torr_5.00NitrogenFlow_2420.00MHz.csv,/home/user/MiniChamberDataAnalysis/TestData/Nafisa_Requested_Data_0.7Torr/LAS_DataFrame_33a310dd_Laser_True_20260922_151050.csv,34299012,33a310dd|Scope_TrialNumber_0_100.00W_0.70Torr_5.00NitrogenFlow_2420.00MHz.csv,5,full 4,1.6608048725450058,0.03370135932879421,0.2502160837375963,0.004760898570604338,0.14153518012812893,0.0024352798041774523,0.7052788921385191,0.014311649588642462,0.02511636274413506,-0.0001649435334049497,1.5929417105531625,1.2621179463715595,11.747130188228438,14.826263828926226,0.004728266344207918,0.018145187750519605,24501
100,0.7,5.0,2420,0,33a310dd,0.706,100.66666666666669,3.3309991827611687,0.497304723315446,0.0232767766487855,133.83333333333334,1.307244770075179,33.166666666666664,3.0169889330626023,4.004,76.01,Scope_TrialNumber_0_100.00W_0.70Torr_5.00NitrogenFlow_2420.00MHz.csv,/home/user/MiniChamberDataAnalysis/TestData/Nafisa_Requested_Data_0.7Torr/LAS_DataFrame_33a310dd_Laser_True_20260922_151050.csv,34299012,33a310dd|Scope_TrialNumber_0_100.00W_0.70Torr_5.00NitrogenFlow_2420.00MHz.csv,8,full 7,1.5584444307205654,0.03208092832358157,0.23478358054364362,0.004506535123927385,0.14152859328279058,0.0024492510873112753,0.6618104147742138,0.0136235158993476,0.025172577684465344,-0.00016354106231982317,1.6080452962172052,1.2680872589128893,11.859531856442473,15.038921243826225,0.004698775379090887,0.029873450183119033,24506
100,0.7,5.0,2420,0,33a310dd,0.706,100.66666666666669,3.3309991827611687,0.497304723315446,0.0232767766487855,133.83333333333334,1.307244770075179,33.166666666666664,3.0169889330626023,4.004,76.01,Scope_TrialNumber_0_100.00W_0.70Torr_5.00NitrogenFlow_2420.00MHz.csv,/home/user/MiniChamberDataAnalysis/TestData/Nafisa_Requested_Data_0.7Torr/LAS_DataFrame_33a310dd_Laser_True_20260922_151050.csv,34299012,33a310dd|Scope_TrialNumber_0_100.00W_0.70Torr_5.00NitrogenFlow_2420.00MHz.csv,11,full 10,1.5562885773495403,0.037728857132469,0.2332469588044975,0.00526632747426017,0.14079708058864238,0.0028423071147882627,0.6608949081410957,0.01602197043127902,0.024509087296504042,-0.00012016810406487134,1.8293425054150476,1.3525318870233882,12.891658454571916,17.43637913642317,0.004706690351692471,0.01700359665444609,24506
100,0.7,5.0,2420,0,33a310dd,0.706,100.66666666666669,3.3309991827611687,0.497304723315446,0.0232767766487855,133.83333333333334,1.307244770075179,33.166666666666664,3.0169889330626023,4.004,76.01,Scope_TrialNumber_0_100.00W_0.70Torr_5.00NitrogenFlow_2420.00MHz.csv,/home/user/MiniChamberDataAnalysis/TestData/Nafisa_Requested_Data_0.7Torr/LAS_DataFrame_33a310dd_Laser_True_20260922_151050.csv,34299012,33a310dd|Scope_TrialNumber_0_100.00W_0.70Torr_5.00NitrogenFlow_2420.00MHz.csv,15,trailing partial,1.6083842383622384,0.7202031978161474,0.005214314422487847,0.00435118566684892,0.0030456163611341535,0.001245735215664757,0.6830178984403453,0.3058421382711993,0.022067984283436568,-0.0005493913534635537,1.0117778131104804,1.0058716683108637,1.0,1.0058716683108637,0.005317334816556437,0.13565636642559448,4564
105,0.7,5.0,2420,0,33a310dd,0.706,105.06666666666666,0.0471404520791038,0.4652951036805532,0.0017249398590634,134.1,0.2160246899469295,29.03333333333333,0.2624669291337264,3.989,76.0,Scope_TrialNumber_0_105.00W_0.70Torr_5.00NitrogenFlow_2420.00MHz.csv,/home/user/MiniChamberDataAnalysis/TestData/Nafisa_Requested_Data_0.7Torr/LAS_DataFrame_33a310dd_Laser_True_20260922_151050.csv,34299012,33a310dd|Scope_TrialNumber_0_105.00W_0.70Torr_5.00NitrogenFlow_2420.00MHz.csv,0,leading partial,1.2396976692141792,0.19331524901836228,0.016930537720492977,0.0039026080221201227,0.01282988480017367,0.001144168174934163,0.5264511281149239,0.08209342765970108,-0.004510667141543559,-0.000533856603080186,0.980120060466267,1.0,2.338388661560786,2.338388661560786,0.004190167705269658,0.007456294613887135,6202
105,0.7,5.0,2420,0,33a310dd,0.706,105.06666666666666,0.0471404520791038,0.4652951036805532,0.0017249398590634,134.1,0.2160246899469295,29.03333333333333,0.2624669291337264,3.989,76.0,Scope_TrialNumber_0_105.00W_0.70Torr_5.00NitrogenFlow_2420.00MHz.csv,/home/user/MiniChamberDataAnalysis/TestData/Nafisa_Requested_Data_0.7Torr/LAS_DataFrame_33a310dd_Laser_True_20260922_151050.csv,34299012,33a310dd|Scope_TrialNumber_0_105.00W_0.70Torr_5.00NitrogenFlow_2420.00MHz.csv,1,full 0,1.5515397500352341,0.03220604949412026,0.2370446506970078,0.00457342313759164,0.14352747428871826,0.0024963513072756103,0.658878266859174,0.013676649968255633,-0.001349676691778471,-0.00016706119178364716,1.6697885776859995,1.2922029939935906,12.060633252308849,15.58478639809215,0.004623495577974929,0.012687960327437145,24588
105,0.7,5.0,2420,0,33a310dd,0.706,105.06666666666666,0.0471404520791038,0.4652951036805532,0.0017249398590634,134.1,0.2160246899469295,29.03333333333333,0.2624669291337264,3.989,76.0,Scope_TrialNumber_0_105.00W_0.70Torr_5.00NitrogenFlow_2420.00MHz.csv,/home/user/MiniChamberDataAnalysis/TestData/Nafisa_Requested_Data_0.7Torr/LAS_DataFrame_33a310dd_Laser_True_20260922_151050.csv,34299012,33a310dd|Scope_TrialNumber_0_105.00W_0.70Torr_5.00NitrogenFlow_2420.00MHz.csv,2,full 1,1.6297908386374615,0.03033251254900217,0.24996522197743273,0.004348540031095246,0.1440839169892215,0.0022743196620098544,0.6921084445822446,0.012881032082688726,-0.0008498296142573806,-0.0002254219774287388,1.5217901969508547,1.2336086076835127,11.371012807323666,14.027379277193939,0.004673164168181671,0.01562619244093158,24511
105,0.7,5.0,2420,0,33a310dd,0.706,105.06666666666666,0.0471404520791038,0.4652951036805532,0.0017249398590634,134.1,0.2160246899469295,29.03333333333333,0.2624669291337264,3.989,76.0,Scope_TrialNumber_0_105.00W_0.70Torr_5.00NitrogenFlow_2420.00MHz.csv,/home/user/MiniChamberDataAnalysis/TestData/Nafisa_Requested_Data_0.7Torr/LAS_DataFrame_33a310dd_Laser_True_20260922_151050.csv,34299012,33a310dd|Scope_TrialNumber_0_105.00W_0.70Torr_5.00NitrogenFlow_2420.00MHz.csv,3,full 2,1.6522266897863764,0.038840553239769954,0.2521056503561118,0.005547602635439512,0.14334440157601694,0.002829632382310627,0.7016360733266398,0.016494064300892033,-0.0012863550060220543,-0.00016619343041657093,1.8022532743341293,1.3424802696256393,12.99977513452218,17.451941627666017,0.004692533289773786,0.020954210749095724,24428
105,0.7,5.0,2420,0,33a310dd,0.706,105.06666666666666,0.0471404520791038,0.4652951036805532,0.0017249398590634,134.1,0.2160246899469295,29.03333333333333,0.2624669291337264,3.989,76.0,Scope_TrialNumber_0_105.00W_0.70Torr_5.00NitrogenFlow_2420.00MHz.csv,/home/user/MiniChamberDataAnalysis/TestData/Nafisa_Requested_Data_0.7Torr/LAS_DataFrame_33a310dd_Laser_True_20260922_151050.csv,34299012,33a310dd|Scope_TrialNumber_0_105.00W_0.70Torr_5.00NitrogenFlow_2420.00MHz.csv,4,trailing partial,1.7587541081924214,0.6496840793428696,0.007396908830341511,0.005463788862961897,0.00395105368624116,0.0015222234593527146,0.7468741027169684,0.2758954259429751,-0.0038607485679066824,-0.0006530932498138197,1.0259204841867038,1.0128773292885491,1.0,1.0128773292885491,0.005181656605200449,0.12151567944250934,4593
110,0.7,5.0,2420,0,33a310dd,0.705,110.03333333333336,0.0471404520790971,0.4823715710878122,0.0002323208387175,143.4,0.0816496580927679,33.36666666666667,0.0471404520791038,4.0,75.99,Scope_TrialNumber_0_110.00W_0.70Torr_5.00NitrogenFlow_2420.00MHz.csv,/home/user/MiniChamberDataAnalysis/TestData/Nafisa_Requested_Data_0.7Torr/LAS_DataFrame_33a310dd_Laser_True_20260922_151050.csv,34299012,33a310dd|Scope_TrialNumber_0_110.00W_0.70Torr_5.00NitrogenFlow_2420.00MHz.csv,0,leading partial,1.2559200784861408,0.21364378093311406,0.01928739846757542,0.004850966890127624,0.014427113189730589,0.0014020838450905216,0.5333401510388597,0.0907261603212258,-0.0018585174842099,-0.0005485549828933921,1.0558489925085146,1.0275451291833924,2.9213151626437743,3.0017831661842,0.004091831906960541,0.026102112676056576,6237
110,0.7,5.0,2420,0,33a310dd,0.705,110.03333333333336,0.0471404520790971,0.4823715710878122,0.0002323208387175,143.4,0.0816496580927679,33.36666666666667,0.0471404520791038,4.0,75.99,Scope_TrialNumber_0_110.00W_0.70Torr_5.00NitrogenFlow_2420.00MHz.csv,/home/user/MiniChamberDataAnalysis/TestData/Nafisa_Requested_Data_0.7Torr/LAS_DataFrame_33a310dd_Laser_True_20260922_151050.csv,34299012,33a310dd|Scope_TrialNumber_0_110.00W_0.70Torr_5.00NitrogenFlow_2420.00MHz.csv,1,full 0,1.5834976157820697,0.03242550492048223,0.24088094992274123,0.004596123200695452,0.1429067791644536,0.002460254837825992,0.6724495228939067,0.013769844107155994,0.0007536408008258261,-0.00012892650867552192,1.6438702725516503,1.2821350445844815,11.925693051961602,15.290348992877629,0.004645738267303974,0.014473896271787337,24532
110,0.7,5.0,2420,0,33a310dd,0.705,110.03333333333336,0.0471404520790971,0.4823715710878122,0.0002323208387175,143.4,0.0816496580927679,33.36666666666667,0.0471404520791038,4.0,75.99,Scope_TrialNumber_0_110.00W_0.70Torr_5.00NitrogenFlow_2420.00MHz.csv,/home/user/MiniChamberDataAnalysis/TestData/Nafisa_Requested_Data_0.7Torr/LAS_DataFrame_33a310dd_Laser_True_20260922_151050.csv,34299012,33a310dd|Scope_TrialNumber_0_110.00W_0.70Torr_5.00NitrogenFlow_2420.00MHz.csv,2,full 1,1.6767793055231612,0.03710292950776536,0.2541176321724473,0.005274661790172833,0.14237268795680838,0.0026484179804765274,0.7120626092263128,0.01575616344274737,0.0012791554562250449,-0.00015966857374522103,1.7426779576980582,1.3201052828081774,12.585396700784722,16.61404867094252,0.0046367391224621645,0.016365469354169968,24553
110,0.7,5.0,2420,0,33a310dd,0.705,110.03333333333336,0.0471404520790971,0.4823715710878122,0.0002323208387175,143.4,0.0816496580927679,33.36666666666667,0.0471404520791038,4.0,75.99,Scope_TrialNumber_0_110.00W_0.70Torr_5.00NitrogenFlow_2420.00MHz.csv,/home/user/MiniChamberDataAnalysis/TestData/Nafisa_Requested_Data_0.7Torr/LAS_DataFrame_33a310dd_Laser_True_20260922_151050.csv,34299012,33a310dd|Scope_TrialNumber_0_110.00W_0.70Torr_5.00NitrogenFlow_2420.00MHz.csv,3,full 2,1.5633141537965944,0.03778599042301336,0.23645709414391178,0.0053166818514340086,0.14209339083402578,0.0028557858217114584,0.6638783957591323,0.016046232705869776,0.0007682869390746932,-0.0001302771848549456,1.8077908093556778,1.344541114788119,13.061429400344217,17.561628846665126,0.0047120807446265015,0.022997162007586867,24485
110,0.7,5.0,2420,0,33a310dd,0.705,110.03333333333336,0.0471404520790971,0.4823715710878122,0.0002323208387175,143.4,0.0816496580927679,33.36666666666667,0.0471404520791038,4.0,75.99,Scope_TrialNumber_0_110.00W_0.70Torr_5.00NitrogenFlow_2420.00MHz.csv,/home/user/MiniChamberDataAnalysis/TestData/Nafisa_Requested_Data_0.7Torr/LAS_DataFrame_33a310dd_Laser_True_20260922_151050.csv,34299012,33a310dd|Scope_TrialNumber_0_110.00W_0.70Torr_5.00NitrogenFlow_2420.00MHz.csv,4,trailing partial,1.7756469769662888,0.7749541990211313,0.006427707179620061,0.005876699986704007,0.003400691589843606,0.001689599982537614,0.7540478435764936,0.3290927477266935,-0.005274552936772111,0.0016797376376393054,0.9826911531112819,1.0,1.0,1.0,0.005405947002127319,0.1048492791612061,4579
30,0.7,7.0,2420,0,33a310dd,0.7040000000000001,30.066666666666663,0.0471404520791038,0.491952297746749,0.0002925061543659,39.66666666666666,0.0471404520791038,9.6,0.0,5.603,74.4,Scope_TrialNumber_0_30.00W_0.70Torr_7.00NitrogenFlow_2420.00MHz.csv,/home/user/MiniChamberDataAnalysis/TestData/Nafisa_Requested_Data_0.7Torr/LAS_DataFrame_33a310dd_Laser_True_20260922_151050.csv,34299012,33a310dd|Scope_TrialNumber_0_30.00W_0.70Torr_7.00NitrogenFlow_2420.00MHz.csv,0,leading partial,9.035823371045634,2.2204356193153593e-15,3.0955262194251865e-12,0.018351012058899614,3.2183594214986237e-13,0.001907919635219934,3.8371608862905178,9.429321888102817e-16,-0.007813166612316323,-0.0010111725570475436,1.0723204109128834,1.0355290488020523,2.682699655618709,2.778013422604435,0.004010394316123501,0.01944393442622973,6097
30,0.7,7.0,2420,0,33a310dd,0.7040000000000001,30.066666666666663,0.0471404520791038,0.491952297746749,0.0002925061543659,39.66666666666666,0.0471404520791038,9.6,0.0,5.603,74.4,Scope_TrialNumber_0_30.00W_0.70Torr_7.00NitrogenFlow_2420.00MHz.csv,/home/user/MiniChamberDataAnalysis/TestData/Nafisa_Requested_Data_0.7Torr/LAS_DataFrame_33a310dd_Laser_True_20260922_151050.csv,34299012,33a310dd|Scope_TrialNumber_0_30.00W_0.70Torr_7.00NitrogenFlow_2420.00MHz.csv,1,full 0,1.5913452286458163,0.057858594450538155,0.1031371594120634,0.00348267839637711,0.06088615507606229,0.0018439479226448447,0.675782097236607,0.024570282800432726,-0.012773683150985244,0.00014948786385593897,1.3601281348761889,1.1662453150500494,9.902843120438172,11.54914439488663,0.004593728707504455,0.021128051651550135,25200
30,0.7,7.0,2420,0,33a310dd,0.7040000000000001,30.066666666666663,0.0471404520791038,0.491952297746749,0.0002925061543659,39.66666666666666,0.0471404520791038,9.6,0.0,5.603,74.4,Scope_TrialNumber_0_30.00W_0.70Torr_7.00NitrogenFlow_2420.00MHz.csv,/home/user/MiniChamberDataAnalysis/TestData/Nafisa_Requested_Data_0.7Torr/LAS_DataFrame_33a310dd_Laser_True_20260922_151050.csv,34299012,33a310dd|Scope_TrialNumber_0_30.00W_0.70Torr_7.00NitrogenFlow_2420.00MHz.csv,2,full 1,1.6512948590962995,0.05552168513194936,0.10776509707612758,0.003393031516910458,0.06130858397476369,0.0017604132339113828,0.70124036126701,0.023577888785645887,-0.01329786248675821,0.0001855959011737129,1.3278940116278073,1.1523428359771268,9.49277467933009,10.938930895271097,0.00462184438153818,0.021615620932811414,25218
30,0.7,7.0,2420,0,33a310dd,0.7040000000000001,30.066666666666663,0.0471404520791038,0.491952297746749,0.0002925061543659,39.66666666666666,0.0471404520791038,9.6,0.0,5.603,74.4,Scope_TrialNumber_0_30.00W_0.70Torr_7.00NitrogenFlow_2420.00MHz.csv,/home/user/MiniChamberDataAnalysis/TestData/Nafisa_Requested_Data_0.7Torr/LAS_DataFrame_33a310dd_Laser_True_20260922_151050.csv,34299012,33a310dd|Scope_TrialNumber_0_30.00W_0.70Torr_7.00NitrogenFlow_2420.00MHz.csv,3,full 2,1.6806559295115218,0.05294645867183057,0.11193133463530396,0.0033133028987127086,0.06256632697066809,0.0016982302380668614,0.7137088598587299,0.02248429079901717,-0.012745451403338583,0.00013952310263376605,1.298677903990874,1.1395955001626121,9.131059847188322,10.40571471357132,0.004636295159952897,0.017099717418365207,25118
30,0.7,7.0,2420,0,33a310dd,0.7040000000000001,30.066666666666663,0.0471404520791038,0.491952297746749,0.0002925061543659,39.66666666666666,0.0471404520791038,9.6,0.0,5.603,74.4,Scope_TrialNumber_0_30.00W_0.70Torr_7.00NitrogenFlow_2420.00MHz.csv,/home/user/MiniChamberDataAnalysis/TestData/Nafisa_Requested_Data_0.7Torr/LAS_DataFrame_33a310dd_Laser_True_20260922_151050.csv,34299012,33a310dd|Scope_TrialNumber_0_30.00W_0.70Torr_7.00NitrogenFlow_2420.00MHz.csv,4,trailing partial,3.269965575853609,1.2460403612150344,0.018639342400519374,0.017792621363862216,0.005354947229658195,0.003124530945239571,1.388626524881918,0.5291446214093433,-0.020741239394798428,0.0015365297247375434,0.9876671116314757,1.0,1.0,1.0,0.005343460421140607,0.016729241220202352,5413
35,0.7,7.0,2420,0,33a310dd,0.7040000000000001,35.06666666666666,0.0471404520791004,0.4654881921237426,0.0002452225442055,44.76666666666667,0.0471404520791004,9.7,0.0,5.607,74.41,Scope_TrialNumber_0_35.00W_0.70Torr_7.00NitrogenFlow_2420.00MHz.csv,/home/user/MiniChamberDataAnalysis/TestData/Nafisa_Requested_Data_0.7Torr/LAS_DataFrame_33a310dd_Laser_True_20260922_151050.csv,34299012,33a310dd|Scope_TrialNumber_0_35.00W_0.70Torr_7.00NitrogenFlow_2420.00MHz.csv,0,leading partial,0.8540613070913584,0.1831880016651167,0.004887893882754469,0.001527746097338697,0.005376510666928436,0.0006466344968096728,0.3626864434475856,0.07779278168269077,-0.007937680458669475,-0.0008193341877155063,1.0395352135011806,1.019575996922829,1.229497759929275,1.2535664042942756,0.003980787292672253,0.025417332494495157,6233
35,0.7,7.0,2420,0,33a310dd,0.7040000000000001,35.06666666666666,0.0471404520791004,0.4654881921237426,0.0002452225442055,44.76666666666667,0.0471404520791004,9.7,0.0,5.607,74.41,Scope_TrialNumber_0_35.00W_0.70Torr_7.00NitrogenFlow_2420.00MHz.csv,/home/user/MiniChamberDataAnalysis/TestData/Nafisa_Requested_Data_0.7Torr/LAS_DataFrame_33a310dd_Laser_True_20260922_151050.csv,34299012,33a310dd|Scope_TrialNumber_0_35.00W_0.70Torr_7.00NitrogenFlow_2420.00MHz.csv,3,full 2,1.5562407390747277,0.05150769141234668,0.11374896278712299,0.003507638972643192,0.06866547917205727,0.0019195590994897731,0.6608745930962525,0.02187330259950701,-0.012082162994768915,0.000169839575004022,1.3931242340174448,1.1803068389268296,10.146966398821286,11.976533834889509,0.004583029972272637,0.014314548739359187,25146
35,0.7,7.0,2420,0,33a310dd,0.7040000000000001,35.06666666666666,0.0471404520791004,0.4654881921237426,0.0002452225442055,44.76666666666667,0.0471404520791004,9.7,0.0,5.607,74.41,Scope_TrialNumber_0_35.00W_0.70Torr_7.00NitrogenFlow_2420.00MHz.csv,/home/user/MiniChamberDataAnalysis/TestData/Nafisa_Requested_Data_0.7Torr/LAS_DataFrame_33a310dd_Laser_True_20260922_151050.csv,34299012,33a310dd|Scope_TrialNumber_0_35.00W_0.70Torr_7.00NitrogenFlow_2420.00MHz.csv,6,full 5,1.6297867867661304,0.051777117932164496,0.1188445156045699,0.0035399656232580424,0.06850403330945425,0.00185465630083216,0.6921067239109179,0.021987717507935513,-0.012228926001096182,0.00016811219623626136,1.3364238913597017,1.1560380146689389,9.873305451144736,11.413916431961372,0.004667761300555394,0.02019912496407609,25131
35,0.7,7.0,2420,0,33a310dd,0.7040000000000001,35.06666666666666,0.0471404520791004,0.4654881921237426,0.0002452225442055,44.76666666666667,0.0471404520791004,9.7,0.0,5.607,74.41,Scope_TrialNumber_0_35.00W_0.70Torr_7.00NitrogenFlow_2420.00MHz.csv,/home/user/MiniChamberDataAnalysis/TestData/Nafisa_Requested_Data_0.7Torr/LAS_DataFrame_33a310dd_Laser_True_20260922_151050.csv,34299012,33a310dd|Scope_TrialNumber_0_35.00W_0.70Torr_7.00NitrogenFlow_2420.00MHz.csv,9,full 8,1.590822639304536,0.04828397372935652,0.11726750100082373,0.0033259233893829262,0.06925062499002642,0.0017933766884548163,0.6755601739765332,0.02050431574643825,-0.011527986885153997,0.00012443755746128262,1.3396637272765886,1.1574384334713397,9.5433822389303,11.045877388645694,0.004622727954827584,0.02274543517166667,25180
35,0.7,7.0,2420,0,33a310dd,0.7040000000000001,35.06666666666666,0.0471404520791004,0.4654881921237426,0.0002452225442055,44.76666666666667,0.0471404520791004,9.7,0.0,5.607,74.41,Scope_TrialNumber_0_35.00W_0.70Torr_7.00NitrogenFlow_2420.00MHz.csv,/home/user/MiniChamberDataAnalysis/TestData/Nafisa_Requested_Data_0.7Torr/LAS_DataFrame_33a310dd_Laser_True_20260922_151050.csv,34299012,33a310dd|Scope_TrialNumber_0_35.00W_0.70Torr_7.00NitrogenFlow_2420.00MHz.csv,12,trailing partial,1.1704271375212016,0.57588158795099,0.003000812808581492,0.002224741020052514,0.002408586855522896,0.0007035004515640332,0.49703464177272993,0.24455439351562902,-0.014517689772973033,-0.00013522693629013476,1.0269361847816736,1.0133785989360904,1.0562197964574236,1.0703505375025866,0.00525270251539765,0.0009510883434445508,5336
40,0.7,7.0,2420,0,33a310dd,0.7040000000000001,39.9,0.0816496580927737,0.4564359138081351,0.0003697212805186,50.4,0.0816496580927737,10.5,0.0,5.593,74.41,Scope_TrialNumber_0_40.00W_0.70Torr_7.00NitrogenFlow_2420.00MHz.csv,/home/user/MiniChamberDataAnalysis/TestData/Nafisa_Requested_Data_0.7Torr/LAS_DataFrame_33a310dd_Laser_True_20260922_151050.csv,34299012,33a310dd|Scope_TrialNumber_0_40.00W_0.70Torr_7.00NitrogenFlow_2420.00MHz.csv,0,leading partial,1.060529959981777,0.22751501565702115,0.00529048352861449,0.0016689460833343088,0.004686409282781909,0.0005735411283260132,0.4503656074355518,0.09661673134518903,-0.00795694705107807,-0.0009424900324970153,0.9909372973473294,1.0,1.0913115533771949,1.0913115533771949,0.004126405087422489,0.031960810810810744,6173
40,0.7,7.0,2420,0,33a310dd,0.7040000000000001,39.9,0.0816496580927737,0.4564359138081351,0.0003697212805186,50.4,0.0816496580927737,10.5,0.0,5.593,74.41,Scope_TrialNumber_0_40.00W_0.70Torr_7.00NitrogenFlow_2420.00MHz.csv,/home/user/MiniChamberDataAnalysis/TestData/Nafisa_Requested_Data_0.7Torr/LAS_DataFrame_33a310dd_Laser_True_20260922_151050.csv,34299012,33a310dd|Scope_TrialNumber_0_40.00W_0.70Torr_7.00NitrogenFlow_2420.00MHz.csv,3,full 2,1.605809990895257,0.05455871568912578,0.12809917880942992,0.004065516253769965,0.07494108557470076,0.002149034314063466,0.6819247161938236,0.02316895331524525,-0.01200434525767893,0.00015488620380127923,1.4741910623427104,1.2141627001117727,11.066448615394798,13.436469131515937,0.004607604545874478,0.011560118753067056,25181
40,0.7,7.0,2420,0,33a310dd,0.7040000000000001,39.9,0.0816496580927737,0.4564359138081351,0.0003697212805186,50.4,0.0816496580927737,10.5,0.0,5.593,74.41,Scope_TrialNumber_0_40.00W_0.70Torr_7.00NitrogenFlow_2420.00MHz.csv,/home/user/MiniChamberDataAnalysis/TestData/Nafisa_Requested_Data_0.7Torr/LAS_DataFrame_33a310dd_Laser_True_20260922_151050.csv,34299012,33a310dd|Scope_TrialNumber_0_40.00W_0.70Torr_7.00NitrogenFlow_2420.00MHz.csv,8,full 7,1.580257909571502,0.04865948646948028,0.12756608834340186,0.003665375482126389,0.0758359367555264,0.0019853834055928907,0.6710737463383248,0.020663781324674748,-0.012478886389050689,0.00017941075258302177,1.4169486689733428,1.1903565301930943,10.377615041470463,12.353061832444444,0.004597444980124859,0.01567040770510784,25149
40,0.7,7.0,2420,0,33a310dd,0.7040000000000001,39.9,0.0816496580927737,0.4564359138081351,0.0003697212805186,50.4,0.0816496580927737,10.5,0.0,5.593,74.41,Scope_TrialNumber_0_40.00W_0.70Torr_7.00NitrogenFlow_2420.00MHz.csv,/home/user/MiniChamberDataAnalysis/TestData/Nafisa_Requested_Data_0.7Torr/LAS_DataFrame_33a310dd_Laser_True_20260922_151050.csv,34299012,33a310dd|Scope_TrialNumber_0_40.00W_0.70Torr_7.00NitrogenFlow_2420.00MHz.csv,12,full 11,1.5820295232554964,0.05000179537263168,0.12846404201669614,0.003791302263821848,0.0762842338078367,0.0020450467966576153,0.6718260814000774,0.021233807431758338,-0.01168988688764999,0.00013001789624062171,1.4437295996925508,1.2015529949580046,10.554198829168895,12.681429212570151,0.004606546434488471,0.017629647131823828,25134
40,0.7,7.0,2420,0,33a310dd,0.7040000000000001,39.9,0.0816496580927737,0.4564359138081351,0.0003697212805186,50.4,0.0816496580927737,10.5,0.0,5.593,74.41,Scope_TrialNumber_0_40.00W_0.70Torr_7.00NitrogenFlow_2420.00MHz.csv,/home/user/MiniChamberDataAnalysis/TestData/Nafisa_Requested_Data_0.7Torr/LAS_DataFrame_33a310dd_Laser_True_20260922_151050.csv,34299012,33a310dd|Scope_TrialNumber_0_40.00W_0.70Torr_7.00NitrogenFlow_2420.00MHz.csv,14,trailing partial,1.4012737618560311,0.5640884113158404,0.00412814733153971,0.0025613484866206203,0.0027675787563995924,0.0006888901394559709,0.5950661770579646,0.2395462925101891,-0.014838266810250257,-0.00020236694853303106,1.0150273078432606,1.007485636544393,1.0664791781291663,1.074462453638804,0.005349794869260991,0.058609309292361994,5445
45,0.7,7.0,2420,0,33a310dd,0.7040000000000001,45.0,0.1632993161855475,0.4469490501285081,0.0013516945606186,56.23333333333333,0.1247219128924633,11.233333333333334,0.0471404520791038,5.594,74.4,Scope_TrialNumber_0_45.00W_0.70Torr_7.00NitrogenFlow_2420.00MHz.csv,/home/user/MiniChamberDataAnalysis/TestData/Nafisa_Requested_Data_0.7Torr/LAS_DataFrame_33a310dd_Laser_True_20260922_151050.csv,34299012,33a310dd|Scope_TrialNumber_0_45.00W_0.70Torr_7.00NitrogenFlow_2420.00MHz.csv,0,leading partial,0.9301365976196906,0.14253089774854757,0.006225321673047686,0.0013907716141221456,0.006287570305828457,0.0005388511744944854,0.3949926448020642,0.06052729933623199,-0.009734237972813062,-0.0010204926250178086,1.0349642361818996,1.0173319203592797,1.0611852469388778,1.079577625125265,0.00401149317329151,0.02955042042977284,6372
45,0.7,7.0,2420,0,33a310dd,0.7040000000000001,45.0,0.1632993161855475,0.4469490501285081,0.0013516945606186,56.23333333333333,0.1247219128924633,11.233333333333334,0.0471404520791038,5.594,74.4,Scope_TrialNumber_0_45.00W_0.70Torr_7.00NitrogenFlow_2420.00MHz.csv,/home/user/MiniChamberDataAnalysis/TestData/Nafisa_Requested_Data_0.7Torr/LAS_DataFrame_33a310dd_Laser_True_20260922_151050.csv,34299012,33a310dd|Scope_TrialNumber_0_45.00W_0.70Torr_7.00NitrogenFlow_2420.00MHz.csv,8,full 7,1.5660303108198599,0.048168492845501586,0.13793179793481683,0.003946704907724889,0.08274314488216818,0.002153930848057912,0.6650318414455647,0.020455275530350987,-0.013385966051695355,0.00010452603710033675,1.471685328794051,1.213130384086579,11.024430355036547,13.374071430941227,0.0046044578585610904,0.017118591229029645,25265
45,0.7,7.0,2420,0,33a310dd,0.7040000000000001,45.0,0.1632993161855475,0.4469490501285081,0.0013516945606186,56.23333333333333,0.1247219128924633,11.233333333333334,0.0471404520791038,5.594,74.4,Scope_TrialNumber_0_45.00W_0.70Torr_7.00NitrogenFlow_2420.00MHz.csv,/home/user/MiniChamberDataAnalysis/TestData/Nafisa_Requested_Data_0.7Torr/LAS_DataFrame_33a310dd_Laser_True_20260922_151050.csv,34299012,33a310dd|Scope_TrialNumber_0_45.00W_0.70Torr_7.00NitrogenFlow_2420.00MHz.csv,14,full 13,1.5204119085644592,0.05541631438941441,0.1313021628384577,0.0044286155998163245,0.08112942673594539,0.002406507534631208,0.6456594896806548,0.023533141951272152,-0.014151939304594564,0.00017006933674996143,1.5940023143435302,1.2625380447113388,11.864794506529414,14.97975445717548,0.004658446177241801,0.019122906191771264,25228
45,0.7,7.0,2420,0,33a310dd,0.7040000000000001,45.0,0.1632993161855475,0.4469490501285081,0.0013516945606186,56.23333333333333,0.1247219128924633,11.233333333333334,0.0471404520791038,5.594,74.4,Scope_TrialNumber_0_45.00W_0.70Torr_7.00NitrogenFlow_2420.00MHz.csv,/home/user/MiniChamberDataAnalysis/TestData/Nafisa_Requested_Data_0.7Torr/LAS_DataFrame_33a310dd_Laser_True_20260922_151050.csv,34299012,33a310dd|Scope_TrialNumber_0_45.00W_0.70Torr_7.00NitrogenFlow_2420.00MHz.csv,21,full 20,1.5942632277264754,0.052374711247487216,0.13967832922071272,0.004283627622504984,0.08230700377098162,0.0022658704892743816,0.6770212573528192,0.0222414920231405,-0.013216899068998042,0.00010036983673027059,1.583350288837344,1.2583124766278622,11.45013937062974,14.4078532291913,0.004526864007493943,0.02167516597177878,25228
45,0.7,7.0,2420,0,33a310dd,0.7040000000000001,45.0,0.1632993161855475,0.4469490501285081,0.0013516945606186,56.23333333333333,0.1247219128924633,11.233333333333334,0.0471404520791038,5.594,74.4,Scope_TrialNumber_0_45.00W_0.70Torr_7.00NitrogenFlow_2420.00MHz.csv,/home/user/MiniChamberDataAnalysis/TestData/Nafisa_Requested_Data_0.7Torr/LAS_DataFrame_33a310dd_Laser_True_20260922_151050.csv,34299012,33a310dd|Scope_TrialNumber_0_45.00W_0.70Torr_7.00NitrogenFlow_2420.00MHz.csv,30,trailing partial,0.057203091360769044,0.0,1.9678329943915904e-15,0.00012018606038048705,3.2317408538771117e-14,0.0019737965696537633,0.024291916268284197,0.0,-0.01809542417867937,0.0005117780352335698,1.0765702014880423,1.0375790097568678,2.5659063908018265,2.662330612096978,0.005146634901744055,0.055043913936712305,5447
50,0.7,7.0,2420,0,33a310dd,0.7040000000000001,49.9,0.1414213562373115,0.4427481877472137,0.001193858496051,62.06666666666666,0.0942809041582076,12.166666666666666,0.047140452079103,5.589,74.39,Scope_TrialNumber_0_50.00W_0.70Torr_7.00NitrogenFlow_2420.00MHz.csv,/home/user/MiniChamberDataAnalysis/TestData/Nafisa_Requested_Data_0.7Torr/LAS_DataFrame_33a310dd_Laser_True_20260922_151050.csv,34299012,33a310dd|Scope_TrialNumber_0_50.00W_0.70Torr_7.00NitrogenFlow_2420.00MHz.csv,0,leading partial,0.896551009569644,0.14988561557400457,0.005686610002261502,0.0013808486541576383,0.0059586274160965975,0.0005508145909398813,0.3807301587488655,0.06365056042829575,-0.01083787466755681,-0.0010688883692752467,1.009158429204239,1.004568777737114,1.092965649428539,1.0979591665550783,0.004074148810530602,0.03755537270087109,6233
50,0.7,7.0,2420,0,33a310dd,0.7040000000000001,49.9,0.1414213562373115,0.4427481877472137,0.001193858496051,62.06666666666666,0.0942809041582076,12.166666666666666,0.047140452079103,5.589,74.39,Scope_TrialNumber_0_50.00W_0.70Torr_7.00NitrogenFlow_2420.00MHz.csv,/home/user/MiniChamberDataAnalysis/TestData/Nafisa_Requested_Data_0.7Torr/LAS_DataFrame_33a310dd_Laser_True_20260922_151050.csv,34299012,33a310dd|Scope_TrialNumber_0_50.00W_0.70Torr_7.00NitrogenFlow_2420.00MHz.csv,2,full 1,1.5679488672366624,0.04978350530808827,0.1440397598006421,0.004257550278922445,0.08630148775842851,0.002302001967309461,0.6658465773405011,0.02114110817645684,-0.014865498663307003,0.00013150752591309156,1.5238318620344502,1.2344358476787889,11.612104135349185,14.334397611654142,0.004623410392609495,0.014989601583144363,25192
50,0.7,7.0,2420,0,33a310dd,0.7040000000000001,49.9,0.1414213562373115,0.4427481877472137,0.001193858496051,62.06666666666666,0.0942809041582076,12.166666666666666,0.047140452079103,5.589,74.39,Scope_TrialNumber_0_50.00W_0.70Torr_7.00NitrogenFlow_2420.00MHz.csv,/home/user/MiniChamberDataAnalysis/TestData/Nafisa_Requested_Data_0.7Torr/LAS_DataFrame_33a310dd_Laser_True_20260922_151050.csv,34299012,33a310dd|Scope_TrialNumber_0_50.00W_0.70Torr_7.00NitrogenFlow_2420.00MHz.csv,3,full 2,1.7001499104219548,0.04710302892298303,0.15728982184230242,0.0041098921125567855,0.08691229008270955,0.002077958021463393,0.7219871913395445,0.02000281466194329,-0.015212291500943867,0.00014947675934849343,1.4543022101261327,1.205944530285756,10.731218870236393,12.94125469986087,0.004586732849667705,0.022133709525112604,25036
50,0.7,7.0,2420,0,33a310dd,0.7040000000000001,49.9,0.1414213562373115,0.4427481877472137,0.001193858496051,62.06666666666666,0.0942809041582076,12.166666666666666,0.047140452079103,5.589,74.39,Scope_TrialNumber_0_50.00W_0.70Torr_7.00NitrogenFlow_2420.00MHz.csv,/home/user/MiniChamberDataAnalysis/TestData/Nafisa_Requested_Data_0.7Torr/LAS_DataFrame_33a310dd_Laser_True_20260922_151050.csv,34299012,33a310dd|Scope_TrialNumber_0_50.00W_0.70Torr_7.00NitrogenFlow_2420.00MHz.csv,5,full 4,1.557089532937593,0.04305531305816678,0.14531127580995484,0.0037538286944577923,0.08767050745870612,0.002074308023700146,0.6612350426620935,0.018283907999263233,-0.014428191946517639,0.00010038407201719504,1.4804427846568915,1.2167344758232552,10.628118849077918,12.931598616820079,0.0045551107186926785,0.026399954389530307,25165
50,0.7,7.0,2420,0,33a310dd,0.7040000000000001,49.9,0.1414213562373115,0.4427481877472137,0.001193858496051,62.06666666666666,0.0942809041582076,12.166666666666666,0.047140452079103,5.589,74.39,Scope_TrialNumber_0_50.00W_0.70Torr_7.00NitrogenFlow_2420.00MHz.csv,/home/user/MiniChamberDataAnalysis/TestData/Nafisa_Requested_Data_0.7Torr/LAS_DataFrame_33a310dd_Laser_True_20260922_151050.csv,34299012,33a310dd|Scope_TrialNumber_0_50.00W_0.70Torr_7.00NitrogenFlow_2420.00MHz.csv,7,trailing partial,1.7339107286569704,0.49355428350256275,0.007883508132374263,0.0036358662853563776,0.004271304920190867,0.0008374869362468877,0.7363240908008245,0.20959320630212996,-0.01836783151277359,-0.0001637163139244876,0.977922136655867,1.0,1.1990582681597741,1.1990582681597741,0.0052825058998789195,0.06934043095068325,5475
55,0.7,7.0,2420,0,33a310dd,0.7040000000000001,54.96666666666667,0.0942809041582009,0.4440456301671935,0.0003055099425906,68.46666666666667,0.0942809041582009,13.5,0.0,5.597,74.4,Scope_TrialNumber_0_55.00W_0.70Torr_7.00NitrogenFlow_2420.00MHz.csv,/home/user/MiniChamberDataAnalysis/TestData/Nafisa_Requested_Data_0.7Torr/LAS_DataFrame_33a310dd_Laser_True_20260922_151050.csv,34299012,33a310dd|Scope_TrialNumber_0_55.00W_0.70Torr_7.00NitrogenFlow_2420.00MHz.csv,0,leading partial,0.9324405575506864,0.18749489787951512,0.0057038925012960215,0.001676577090497039,0.005746692597207842,0.000652086744694126,0.3959710465002566,0.07962175210592404,-0.010126801871850171,-0.0012819170768327475,0.9956659381727444,1.0,1.2054354338706852,1.2054354338706852,0.004102818243413909,0.020551369863013546,6154
55,0.7,7.0,2420,0,33a310dd,0.7040000000000001,54.96666666666667,0.0942809041582009,0.4440456301671935,0.0003055099425906,68.46666666666667,0.0942809041582009,13.5,0.0,5.597,74.4,Scope_TrialNumber_0_55.00W_0.70Torr_7.00NitrogenFlow_2420.00MHz.csv,/home/user/MiniChamberDataAnalysis/TestData/Nafisa_Requested_Data_0.7Torr/LAS_DataFrame_33a310dd_Laser_True_20260922_151050.csv,34299012,33a310dd|Scope_TrialNumber_0_55.00W_0.70Torr_7.00NitrogenFlow_2420.00MHz.csv,2,full 1,1.646120639168104,0.05179975700431844,0.15717883239601044,0.004636335938401787,0.08970159966520987,0.002377705949477398,0.6990430723747594,0.02199733143669483,-0.014675650620399052,0.00011593525375972769,1.6418906946673621,1.2813628270975252,11.883889830492995,15.227574670116034,0.004508330740696803,0.015579774827225527,25195
55,0.7,7.0,2420,0,33a310dd,0.7040000000000001,54.96666666666667,0.0942809041582009,0.4440456301671935,0.0003055099425906,68.46666666666667,0.0942809041582009,13.5,0.0,5.597,74.4,Scope_TrialNumber_0_55.00W_0.70Torr_7.00NitrogenFlow_2420.00MHz.csv,/home/user/MiniChamberDataAnalysis/TestData/Nafisa_Requested_Data_0.7Torr/LAS_DataFrame_33a310dd_Laser_True_20260922_151050.csv,34299012,33a310dd|Scope_TrialNumber_0_55.00W_0.70Torr_7.00NitrogenFlow_2420.00MHz.csv,4,full 3,1.637302180907315,0.05043448550522834,0.15608284003466608,0.004487300231838658,0.08955588052330347,0.0023144885833053797,0.6952982179518503,0.021417554012950268,-0.015174755054393814,0.00014919416009432954,1.6245956655326803,1.2745962755055738,11.573555676887576,14.751610960117294,0.0045331033912339325,0.02097099952068955,25154
55,0.7,7.0,2420,0,33a310dd,0.7040000000000001,54.96666666666667,0.0942809041582009,0.4440456301671935,0.0003055099425906,68.46666666666667,0.0942809041582009,13.5,0.0,5.597,74.4,Scope_TrialNumber_0_55.00W_0.70Torr_7.00NitrogenFlow_2420.00MHz.csv,/home/user/MiniChamberDataAnalysis/TestData/Nafisa_Requested_Data_0.7Torr/LAS_DataFrame_33a310dd_Laser_True_20260922_151050.csv,34299012,33a310dd|Scope_TrialNumber_0_55.00W_0.70Torr_7.00NitrogenFlow_2420.00MHz.csv,7,full 6,1.6021287691154067,0.047709769493731846,0.15384370245092674,0.004272576091777301,0.09020904683920995,0.002261084798923146,0.6803614452391626,0.02026047365887137,-0.014535606632646865,0.0001005126920422663,1.5685239514339628,1.252407262608279,11.373851829938511,14.244694635645455,0.004568510916221637,0.019035818837483304,25198
55,0.7,7.0,2420,0,33a310dd,0.7040000000000001,54.96666666666667,0.0942809041582009,0.4440456301671935,0.0003055099425906,68.46666666666667,0.0942809041582009,13.5,0.0,5.597,74.4,Scope_TrialNumber_0_55.00W_0.70Torr_7.00NitrogenFlow_2420.00MHz.csv,/home/user/MiniChamberDataAnalysis/TestData/Nafisa_Requested_Data_0.7Torr/LAS_DataFrame_33a310dd_Laser_True_20260922_151050.csv,34299012,33a310dd|Scope_TrialNumber_0_55.00W_0.70Torr_7.00NitrogenFlow_2420.00MHz.csv,10,trailing partial,2.162012965904693,0.508737802741904,0.011381311315457675,0.004762090170151074,0.004945404259290849,0.0009700751847137224,0.9181223722241066,0.21604105324966255,-0.018629212800285667,-0.0002479135338633227,0.9729137840776968,1.0,1.0,1.0,0.005410921271558037,0.016538245784728928,5297
60,0.7,7.0,2420,0,33a310dd,0.7040000000000001,60.03333333333334,0.0471404520791071,0.4386077286371146,0.0001390306104501,74.33333333333333,0.0471404520791071,14.300000000000002,1.7763568394002505e-15,5.602,74.4,Scope_TrialNumber_0_60.00W_0.70Torr_7.00NitrogenFlow_2420.00MHz.csv,/home/user/MiniChamberDataAnalysis/TestData/Nafisa_Requested_Data_0.7Torr/LAS_DataFrame_33a310dd_Laser_True_20260922_151050.csv,34299012,33a310dd|Scope_TrialNumber_0_60.00W_0.70Torr_7.00NitrogenFlow_2420.00MHz.csv,0,leading partial,0.9588574760734959,0.25671365746425245,0.005413872108214078,0.00212388498342331,0.0053042223766097425,0.0008071271515037989,0.4071892788991839,0.10901625285803038,-0.011436624665801778,-0.0013170630711675905,0.9736216590223342,1.0,1.456143442074901,1.456143442074901,0.004119434318289539,0.03808468677494176,6067
60,0.7,7.0,2420,0,33a310dd,0.7040000000000001,60.03333333333334,0.0471404520791071,0.4386077286371146,0.0001390306104501,74.33333333333333,0.0471404520791071,14.300000000000002,1.7763568394002505e-15,5.602,74.4,Scope_TrialNumber_0_60.00W_0.70Torr_7.00NitrogenFlow_2420.00MHz.csv,/home/user/MiniChamberDataAnalysis/TestData/Nafisa_Requested_Data_0.7Torr/LAS_DataFrame_33a310dd_Laser_True_20260922_151050.csv,34299012,33a310dd|Scope_TrialNumber_0_60.00W_0.70Torr_7.00NitrogenFlow_2420.00MHz.csv,1,full 0,1.6026091465636285,0.04756500761837712,0.16084230311665706,0.004450446944180182,0.09428453335842583,0.002346835338061941,0.6805654427587334,0.0201989989505767,-0.015909008889883103,0.00010693547822086532,1.5949158276030897,1.262899769420792,11.710864984333751,14.789648688433122,0.0045727617900502785,0.012991525156044646,25163
60,0.7,7.0,2420,0,33a310dd,0.7040000000000001,60.03333333333334,0.0471404520791071,0.4386077286371146,0.0001390306104501,74.33333333333333,0.0471404520791071,14.300000000000002,1.7763568394002505e-15,5.602,74.4,Scope_TrialNumber_0_60.00W_0.70Torr_7.00NitrogenFlow_2420.00MHz.csv,/home/user/MiniChamberDataAnalysis/TestData/Nafisa_Requested_Data_0.7Torr/LAS_DataFrame_33a310dd_Laser_True_20260922_151050.csv,34299012,33a310dd|Scope_TrialNumber_0_60.00W_0.70Torr_7.00NitrogenFlow_2420.00MHz.csv,2,full 1,1.58271502285402,0.04634706700333372,0.15827998572872343,0.00431310772950526,0.09394876330767366,0.0023012325445613364,0.6721171862766347,0.01968178719267042,-0.016372577794118166,0.0001316370970341185,1.6058010860851235,1.2672020699498259,11.556159626552654,14.64398939943813,0.004528132785178753,0.01320805057531051,25015
60,0.7,7.0,2420,0,33a310dd,0.7040000000000001,60.03333333333334,0.0471404520791071,0.4386077286371146,0.0001390306104501,74.33333333333333,0.0471404520791071,14.300000000000002,1.7763568394002505e-15,5.602,74.4,Scope_TrialNumber_0_60.00W_0.70Torr_7.00NitrogenFlow_2420.00MHz.csv,/home/user/MiniChamberDataAnalysis/TestData/Nafisa_Requested_Data_0.7Torr/LAS_DataFrame_33a310dd_Laser_True_20260922_151050.csv,34299012,33a310dd|Scope_TrialNumber_0_60.00W_0.70Torr_7.00NitrogenFlow_2420.00MHz.csv,3,full 2,1.6179224351145602,0.04341987741931229,0.16369381592390056,0.004114368908280139,0.09504786486295437,0.002177915609517728,0.687068397658937,0.01843872422902771,-0.01569300962533601,7.783443398967953e-05,1.5196964965785624,1.2327597075580312,11.074818591274797,13.652590127838165,0.004556064004626117,0.019122223496327632,25148
60,0.7,7.0,2420,0,33a310dd,0.7040000000000001,60.03333333333334,0.0471404520791071,0.4386077286371146,0.0001390306104501,74.33333333333333,0.0471404520791071,14.300000000000002,1.7763568394002505e-15,5.602,74.4,Scope_TrialNumber_0_60.00W_0.70Torr_7.00NitrogenFlow_2420.00MHz.csv,/home/user/MiniChamberDataAnalysis/TestData/Nafisa_Requested_Data_0.7Torr/LAS_DataFrame_33a310dd_Laser_True_20260922_151050.csv,34299012,33a310dd|Scope_TrialNumber_0_60.00W_0.70Torr_7.00NitrogenFlow_2420.00MHz.csv,4,trailing partial,2.4586919064963038,2.1956601277156613,0.010838011973551014,0.027045291829919736,0.004141076988151833,0.0066954618723094024,1.0441103181895113,0.9324110062460437,-0.023726707337534136,0.0014987609345577819,1.0045711928628551,1.0022829904088242,1.0,1.0022829904088242,0.005428356064680679,0.12004405286343348,3633
65,0.7,7.0,2420,0,33a310dd,0.7040000000000001,64.93333333333334,0.2054804667656324,0.4272515988089864,0.0005523596880678,79.43333333333334,0.2054804667656324,14.5,0.0,5.602,74.39,Scope_TrialNumber_0_65.00W_0.70Torr_7.00NitrogenFlow_2420.00MHz.csv,/home/user/MiniChamberDataAnalysis/TestData/Nafisa_Requested_Data_0.7Torr/LAS_DataFrame_33a310dd_Laser_True_20260922_151050.csv,34299012,33a310dd|Scope_TrialNumber_0_65.00W_0.70Torr_7.00NitrogenFlow_2420.00MHz.csv,0,leading partial,1.2769138655968149,0.11725783761973417,0.09423487999766234,0.012789729656157047,0.06932946818790729,0.003628006797578685,0.5422553915707102,0.049794818872536416,-0.00551199635903255,-0.002589759997178122,1.2551216634975852,1.120322124880869,6.870713402551513,7.697412238593977,0.004148966505572554,0.01786831588962891,6305
65,0.7,7.0,2420,0,33a310dd,0.7040000000000001,64.93333333333334,0.2054804667656324,0.4272515988089864,0.0005523596880678,79.43333333333334,0.2054804667656324,14.5,0.0,5.602,74.39,Scope_TrialNumber_0_65.00W_0.70Torr_7.00NitrogenFlow_2420.00MHz.csv,/home/user/MiniChamberDataAnalysis/TestData/Nafisa_Requested_Data_0.7Torr/LAS_DataFrame_33a310dd_Laser_True_20260922_151050.csv,34299012,33a310dd|Scope_TrialNumber_0_65.00W_0.70Torr_7.00NitrogenFlow_2420.00MHz.csv,4,full 3,1.643392888945993,0.044858430676387555,0.17478651507060264,0.004551056921010447,0.09991583216392919,0.0023008284741311735,0.6978847035100697,0.01904962155008239,-0.017896321609705185,0.00019533266186608442,1.5433962404284036,1.2423349952522482,11.388690465969844,14.14856871596997,0.004607800148103721,0.01669718188844746,24015
65,0.7,7.0,2420,0,33a310dd,0.7040000000000001,64.93333333333334,0.2054804667656324,0.4272515988089864,0.0005523596880678,79.43333333333334,0.2054804667656324,14.5,0.0,5.602,74.39,Scope_TrialNumber_0_65.00W_0.70Torr_7.00NitrogenFlow_2420.00MHz.csv,/home/user/MiniChamberDataAnalysis/TestData/Nafisa_Requested_Data_0.7Torr/LAS_DataFrame_33a310dd_Laser_True_20260922_151050.csv,34299012,33a310dd|Scope_TrialNumber_0_65.00W_0.70Torr_7.00NitrogenFlow_2420.00MHz.csv,8,full 7,1.5750241002186294,0.040063647477989336,0.16721335305194043,0.004066129003500484,0.09973590710869362,0.002154618771553628,0.6688511521473518,0.01701346460105523,-0.01851204528639225,0.00022655578037013781,1.4730892977704948,1.2137089015783376,10.873996118400074,13.19786588463046,0.0046245435112592945,0.020479851101613038,24051
65,0.7,7.0,2420,0,33a310dd,0.7040000000000001,64.93333333333334,0.2054804667656324,0.4272515988089864,0.0005523596880678,79.43333333333334,0.2054804667656324,14.5,0.0,5.602,74.39,Scope_TrialNumber_0_65.00W_0.70Torr_7.00NitrogenFlow_2420.00MHz.csv,/home/user/MiniChamberDataAnalysis/TestData/Nafisa_Requested_Data_0.7Torr/LAS_DataFrame_33a310dd_Laser_True_20260922_151050.csv,34299012,33a310dd|Scope_TrialNumber_0_65.00W_0.70Torr_7.00NitrogenFlow_2420.00MHz.csv,12,full 11,1.5702544265578866,0.042975941429619746,0.16583463803851697,0.004297800431932375,0.09921401171563769,0.0022556121440512338,0.6668256582371876,0.018250201972038554,-0.017805030842587916,0.00018359654458081857,1.5543086983946142,1.2467191738297019,11.24188290840471,14.015470971856566,0.004591928610114697,0.01771714336990485,24062
65,0.7,7.0,2420,0,33a310dd,0.7040000000000001,64.93333333333334,0.2054804667656324,0.4272515988089864,0.0005523596880678,79.43333333333334,0.2054804667656324,14.5,0.0,5.602,74.39,Scope_TrialNumber_0_65.00W_0.70Torr_7.00NitrogenFlow_2420.00MHz.csv,/home/user/MiniChamberDataAnalysis/TestData/Nafisa_Requested_Data_0.7Torr/LAS_DataFrame_33a310dd_Laser_True_20260922_151050.csv,34299012,33a310dd|Scope_TrialNumber_0_65.00W_0.70Torr_7.00NitrogenFlow_2420.00MHz.csv,16,trailing partial,2.563895679002802,0.0,3.4934207423582753e-16,0.0014517355942765548,1.2800246524969426e-16,0.0005319305879906268,1.0887862469206664,0.0,-0.021704645673996496,0.0001828139976710669,0.9895625284061692,1.0,1.1771168927986182,1.1771168927986182,0.0053740061443160675,0.030415234065065137,3782
70,0.7,7.0,2420,0,33a310dd,0.7040000000000001,70.03333333333335,0.2054804667656385,0.4256890534094523,0.0012224866721943,85.53333333333335,0.3299831645537264,15.5,0.141421356237309,5.607,74.4,Scope_TrialNumber_0_70.00W_0.70Torr_7.00NitrogenFlow_2420.00MHz.csv,/home/user/MiniChamberDataAnalysis/TestData/Nafisa_Requested_Data_0.7Torr/LAS_DataFrame_33a310dd_Laser_True_20260922_151050.csv,34299012,33a310dd|Scope_TrialNumber_0_70.00W_0.70Torr_7.00NitrogenFlow_2420.00MHz.csv,0,leading partial,1.3256087632397062,0.11814617227953537,0.10052977299948854,0.013303709549014482,0.07124380812338943,0.0036597437218955503,0.5629342106361609,0.05017205986879672,-0.0055732752008394535,-0.002560844571520961,1.2527370997068672,1.119257387604329,6.785570100365891,7.5947994639415715,0.00417681588165053,0.012524354478801403,6247
70,0.7,7.0,2420,0,33a310dd,0.7040000000000001,70.03333333333335,0.2054804667656385,0.4256890534094523,0.0012224866721943,85.53333333333335,0.3299831645537264,15.5,0.141421356237309,5.607,74.4,Scope_TrialNumber_0_70.00W_0.70Torr_7.00NitrogenFlow_2420.00MHz.csv,/home/user/MiniChamberDataAnalysis/TestData/Nafisa_Requested_Data_0.7Torr/LAS_DataFrame_33a310dd_Laser_True_20260922_151050.csv,34299012,33a310dd|Scope_TrialNumber_0_70.00W_0.70Torr_7.00NitrogenFlow_2420.00MHz.csv,3,full 2,1.6337519255360697,0.043641028184033176,0.18142547109032636,0.0046091484879524506,0.10432296861224759,0.0023448014488919927,0.6937905633101562,0.01853263831184162,-0.018232142528805777,0.0002019719059187445,1.5909393654451478,1.261324448920716,11.535809708398975,14.550398823300585,0.004568542014621846,0.013045980039054649,24091
70,0.7,7.0,2420,0,33a310dd,0.7040000000000001,70.03333333333335,0.2054804667656385,0.4256890534094523,0.0012224866721943,85.53333333333335,0.3299831645537264,15.5,0.141421356237309,5.607,74.4,Scope_TrialNumber_0_70.00W_0.70Torr_7.00NitrogenFlow_2420.00MHz.csv,/home/user/MiniChamberDataAnalysis/TestData/Nafisa_Requested_Data_0.7Torr/LAS_DataFrame_33a310dd_Laser_True_20260922_151050.csv,34299012,33a310dd|Scope_TrialNumber_0_70.00W_0.70Torr_7.00NitrogenFlow_2420.00MHz.csv,6,full 5,1.5427763168989725,0.03722654096254052,0.17166750477096276,0.003950022274884764,0.10453288124577388,0.002136853129205345,0.6551567794551774,0.0158086563944003,-0.018637189775247417,0.00022649294729918927,1.483751954666998,1.2180935738550622,10.7825377626897,13.134139958581862,0.004604174065508685,0.0202676575033026,24073
70,0.7,7.0,2420,0,33a310dd,0.7040000000000001,70.03333333333335,0.2054804667656385,0.4256890534094523,0.0012224866721943,85.53333333333335,0.3299831645537264,15.5,0.141421356237309,5.607,74.4,Scope_TrialNumber_0_70.00W_0.70Torr_7.00NitrogenFlow_2420.00MHz.csv,/home/user/MiniChamberDataAnalysis/TestData/Nafisa_Requested_Data_0.7Torr/LAS_DataFrame_33a310dd_Laser_True_20260922_151050.csv,34299012,33a310dd|Scope_TrialNumber_0_70.00W_0.70Torr_7.00NitrogenFlow_2420.00MHz.csv,9,full 8,1.612200131880114,0.03833252129196294,0.1793470097570442,0.004072695073125132,0.10450642166403588,0.0021207744718538964,0.6846383592165001,0.016278322996634394,-0.017802819573333392,0.00016766574595238444,1.489763375689259,1.2205586326306734,10.684263121814801,13.040769586628604,0.0045855684603776405,0.026512847371619352,23958
70,0.7,7.0,2420,0,33a310dd,0.7040000000000001,70.03333333333335,0.2054804667656385,0.4256890534094523,0.0012224866721943,85.53333333333335,0.3299831645537264,15.5,0.141421356237309,5.607,74.4,Scope_TrialNumber_0_70.00W_0.70Torr_7.00NitrogenFlow_2420.00MHz.csv,/home/user/MiniChamberDataAnalysis/TestData/Nafisa_Requested_Data_0.7Torr/LAS_DataFrame_33a310dd_Laser_True_20260922_151050.csv,34299012,33a310dd|Scope_TrialNumber_0_70.00W_0.70Torr_7.00NitrogenFlow_2420.00MHz.csv,12,trailing partial,7.064434366131952,0.0,9.601292311222321e-14,0.033510834468326145,1.2767918071540207e-14,0.004456312495563042,2.99998905692987,0.0,-0.022084726783786025,0.0004936808307190873,1.0268558406877466,1.0133389564640978,1.2121045874605225,1.2282727977825916,0.005366478257380835,0.06361983900285573,3852
75,0.7,7.0,2420,0,33a310dd,0.7040000000000001,75.03333333333333,0.2494438257849266,0.4311548073285944,0.0012213224558401,92.16666666666669,0.2494438257849279,17.133333333333333,0.094280904158206,5.604,74.41,Scope_TrialNumber_0_75.00W_0.70Torr_7.00NitrogenFlow_2420.00MHz.csv,/home/user/MiniChamberDataAnalysis/TestData/Nafisa_Requested_Data_0.7Torr/LAS_DataFrame_33a310dd_Laser_True_20260922_151050.csv,34299012,33a310dd|Scope_TrialNumber_0_75.00W_0.70Torr_7.00NitrogenFlow_2420.00MHz.csv,0,leading partial,1.2593079929580209,0.1262626865691393,0.0985675848926937,0.014582307779377404,0.07353091081561633,0.004186949313464792,0.5347788658480992,0.053618826133051634,-0.0062458381228945,-0.002741176350826753,1.3007530214320908,1.140505599035836,7.760356725860849,8.850730296359705,0.004163184354157659,0.029466384976525973,6365
75,0.7,7.0,2420,0,33a310dd,0.7040000000000001,75.03333333333333,0.2494438257849266,0.4311548073285944,0.0012213224558401,92.16666666666669,0.2494438257849279,17.133333333333333,0.094280904158206,5.604,74.41,Scope_TrialNumber_0_75.00W_0.70Torr_7.00NitrogenFlow_2420.00MHz.csv,/home/user/MiniChamberDataAnalysis/TestData/Nafisa_Requested_Data_0.7Torr/LAS_DataFrame_33a310dd_Laser_True_20260922_151050.csv,34299012,33a310dd|Scope_TrialNumber_0_75.00W_0.70Torr_7.00NitrogenFlow_2420.00MHz.csv,7,full 6,1.6645748184855829,0.03628054445916235,0.19112720309739872,0.0039938711197590035,0.10786659606364277,0.002015925219925383,0.7068798407751389,0.015406928667742641,-0.018585884198503978,0.00013992354816125442,1.395965793429092,1.1815099633219739,10.380906217912951,12.265144124775182,0.004637911927130687,0.01739479135873116,24109
75,0.7,7.0,2420,0,33a310dd,0.7040000000000001,75.03333333333333,0.2494438257849266,0.4311548073285944,0.0012213224558401,92.16666666666669,0.2494438257849279,17.133333333333333,0.094280904158206,5.604,74.41,Scope_TrialNumber_0_75.00W_0.70Torr_7.00NitrogenFlow_2420.00MHz.csv,/home/user/MiniChamberDataAnalysis/TestData/Nafisa_Requested_Data_0.7Torr/LAS_DataFrame_33a310dd_Laser_True_20260922_151050.csv,34299012,33a310dd|Scope_TrialNumber_0_75.00W_0.70Torr_7.00NitrogenFlow_2420.00MHz.csv,14,full 13,1.5051097376686648,0.0412103947552566,0.16944252436495622,0.004377426900699152,0.10576014492602792,0.00237199231882555,0.6391612560138893,0.017500443332057237,-0.019131730579878735,0.00020228358889329084,1.6091587944552657,1.268526229313082,11.637591038305949,14.762589478109959,0.004608282011659459,0.026789165079133717,23990
75,0.7,7.0,2420,0,33a310dd,0.7040000000000001,75.03333333333333,0.2494438257849266,0.4311548073285944,0.0012213224558401,92.16666666666669,0.2494438257849279,17.133333333333333,0.094280904158206,5.604,74.41,Scope_TrialNumber_0_75.00W_0.70Torr_7.00NitrogenFlow_2420.00MHz.csv,/home/user/MiniChamberDataAnalysis/TestData/Nafisa_Requested_Data_0.7Torr/LAS_DataFrame_33a310dd_Laser_True_20260922_151050.csv,34299012,33a310dd|Scope_TrialNumber_0_75.00W_0.70Torr_7.00NitrogenFlow_2420.00MHz.csv,20,full 19,1.6256311417405307,0.03685104939711988,0.18599661515489735,0.004023228861895086,0.10748573246534937,0.0020684808240887236,0.6903419839536677,0.01564919980823229,-0.018596943532165906,0.0001506324260745366,1.4585419632478898,1.207701106751124,10.513175067526534,12.696773164520119,0.004615652916928608,0.02438409336980711,23968
75,0.7,7.0,2420,0,33a310dd,0.7040000000000001,75.03333333333333,0.2494438257849266,0.4311548073285944,0.0012213224558401,92.16666666666669,0.2494438257849279,17.133333333333333,0.094280904158206,5.604,74.41,Scope_TrialNumber_0_75.00W_0.70Torr_7.00NitrogenFlow_2420.00MHz.csv,/home/user/MiniChamberDataAnalysis/TestData/Nafisa_Requested_Data_0.7Torr/LAS_DataFrame_33a310dd_Laser_True_20260922_151050.csv,34299012,33a310dd|Scope_TrialNumber_0_75.00W_0.70Torr_7.00NitrogenFlow_2420.00MHz.csv,26,trailing partial,0.09314592457335455,44763980.47462234,2.984510640919005e-14,9.242271398529709e-05,3.0100732453915116e-13,0.0009278241092731666,0.03955543217406676,19009512.24238199,-0.02272721848977161,0.0007197381322080738,0.9311107426626447,1.0,1.0191530259183792,1.0191530259183792,0.005612137506121697,0.06031424227065564,3947
80,0.7,7.0,2420,0,33a310dd,0.7040000000000001,79.93333333333334,0.0471404520791038,0.4410102278964409,0.0007586365131705,99.23333333333332,0.0942809041582076,19.3,0.0816496580927723,5.598,74.41,Scope_TrialNumber_0_80.00W_0.70Torr_7.00NitrogenFlow_2420.00MHz.csv,/home/user/MiniChamberDataAnalysis/TestData/Nafisa_Requested_Data_0.7Torr/LAS_DataFrame_33a310dd_Laser_True_20260922_151050.csv,34299012,33a310dd|Scope_TrialNumber_0_80.00W_0.70Torr_7.00NitrogenFlow_2420.00MHz.csv,0,leading partial,1.315436284820182,0.12381522013983086,0.10306045330557563,0.014368277576686342,0.07360206869174013,0.003968928807838264,0.5586143567938302,0.05257948283610927,-0.0073175043514985185,-0.0028334660735635556,1.2871236902209309,1.134514737771586,7.318465158543515,8.302906580235485,0.004161802023755558,0.019854188726253545,6381
80,0.7,7.0,2420,0,33a310dd,0.7040000000000001,79.93333333333334,0.0471404520791038,0.4410102278964409,0.0007586365131705,99.23333333333332,0.0942809041582076,19.3,0.0816496580927723,5.598,74.41,Scope_TrialNumber_0_80.00W_0.70Torr_7.00NitrogenFlow_2420.00MHz.csv,/home/user/MiniChamberDataAnalysis/TestData/Nafisa_Requested_Data_0.7Torr/LAS_DataFrame_33a310dd_Laser_True_20260922_151050.csv,34299012,33a310dd|Scope_TrialNumber_0_80.00W_0.70Torr_7.00NitrogenFlow_2420.00MHz.csv,2,full 1,1.6961905226859926,0.03966457853574521,0.195939201809414,0.0044035080273769735,0.10852117617479114,0.002168463894042855,0.7203057941795716,0.01684399562482232,-0.019470393148308993,0.00011276237807363229,1.5026236625700082,1.2258155091897018,10.915062474849709,13.379852865445303,0.004592020506111565,0.025205723592007408,24012
80,0.7,7.0,2420,0,33a310dd,0.7040000000000001,79.93333333333334,0.0471404520791038,0.4410102278964409,0.0007586365131705,99.23333333333332,0.0942809041582076,19.3,0.0816496580927723,5.598,74.41,Scope_TrialNumber_0_80.00W_0.70Torr_7.00NitrogenFlow_2420.00MHz.csv,/home/user/MiniChamberDataAnalysis/TestData/Nafisa_Requested_Data_0.7Torr/LAS_DataFrame_33a310dd_Laser_True_20260922_151050.csv,34299012,33a310dd|Scope_TrialNumber_0_80.00W_0.70Torr_7.00NitrogenFlow_2420.00MHz.csv,4,full 3,1.5811261365671183,0.039123553101677394,0.1808724026142766,0.004252341140999049,0.10746661747856748,0.002214233136858193,0.6714424483958126,0.01661424327699028,-0.0199041760986769,0.0001546321425698424,1.5263566982434105,1.2354580924674905,11.107042224434387,13.72228519955558,0.004608632034313121,0.020700521872219504,23887
80,0.7,7.0,2420,0,33a310dd,0.7040000000000001,79.93333333333334,0.0471404520791038,0.4410102278964409,0.0007586365131705,99.23333333333332,0.0942809041582076,19.3,0.0816496580927723,5.598,74.41,Scope_TrialNumber_0_80.00W_0.70Torr_7.00NitrogenFlow_2420.00MHz.csv,/home/user/MiniChamberDataAnalysis/TestData/Nafisa_Requested_Data_0.7Torr/LAS_DataFrame_33a310dd_Laser_True_20260922_151050.csv,34299012,33a310dd|Scope_TrialNumber_0_80.00W_0.70Torr_7.00NitrogenFlow_2420.00MHz.csv,6,full 5,1.578460608548101,0.037908404476094164,0.18117759384083806,0.004133525251704559,0.10782973284062218,0.0021698312687292312,0.6703105028678976,0.016098217167841346,-0.019066988974032674,0.00010147540523709422,1.4692668564139721,1.212133184272245,10.919675869022731,13.236101482339317,0.0046703998844306,0.019016422024357306,24032
80,0.7,7.0,2420,0,33a310dd,0.7040000000000001,79.93333333333334,0.0471404520791038,0.4410102278964409,0.0007586365131705,99.23333333333332,0.0942809041582076,19.3,0.0816496580927723,5.598,74.41,Scope_TrialNumber_0_80.00W_0.70Torr_7.00NitrogenFlow_2420.00MHz.csv,/home/user/MiniChamberDataAnalysis/TestData/Nafisa_Requested_Data_0.7Torr/LAS_DataFrame_33a310dd_Laser_True_20260922_151050.csv,34299012,33a310dd|Scope_TrialNumber_0_80.00W_0.70Torr_7.00NitrogenFlow_2420.00MHz.csv,8,trailing partial,7.06445838283324,8529841.085365001,2.052892022990346e-09,0.03189449210716957,2.729952094032737e-10,0.004219145216348787,2.9999992558838575,3622289.9933964564,-0.024191076775256,0.0008631705048964013,0.9913307442298894,1.0,1.1855841306776296,1.1855841306776296,0.005372153231662864,0.07255676209279614,4053
85,0.7,7.0,2420,0,33a310dd,0.7040000000000001,84.89999999999999,0.1414213562373081,0.4598425760801247,0.0006773428206773,107.66666666666669,0.0942809041582076,22.766666666666666,0.0471404520791038,5.592,74.41,Scope_TrialNumber_0_85.00W_0.70Torr_7.00NitrogenFlow_2420.00MHz.csv,/home/user/MiniChamberDataAnalysis/TestData/Nafisa_Requested_Data_0.7Torr/LAS_DataFrame_33a310dd_Laser_True_20260922_151050.csv,34299012,33a310dd|Scope_TrialNumber_0_85.00W_0.70Torr_7.00NitrogenFlow_2420.00MHz.csv,0,leading partial,1.4095646914170694,0.12307924318129579,0.11965496730882495,0.015602656806996216,0.07974684493443962,0.004065294704802872,0.5985870106683857,0.05226694219841252,-0.00761029692288871,-0.00263943459808139,1.2694575491289353,1.1267020675977013,7.5225850634770435,8.47571214469917,0.004184499171226521,0.020814038876889922,6371
85,0.7,7.0,2420,0,33a310dd,0.7040000000000001,84.89999999999999,0.1414213562373081,0.4598425760801247,0.0006773428206773,107.66666666666669,0.0942809041582076,22.766666666666666,0.0471404520791038,5.592,74.41,Scope_TrialNumber_0_85.00W_0.70Torr_7.00NitrogenFlow_2420.00MHz.csv,/home/user/MiniChamberDataAnalysis/TestData/Nafisa_Requested_Data_0.7Torr/LAS_DataFrame_33a310dd_Laser_True_20260922_151050.csv,34299012,33a310dd|Scope_TrialNumber_0_85.00W_0.70Torr_7.00NitrogenFlow_2420.00MHz.csv,4,full 3,1.6486627502950106,0.03721170345559643,0.1945112420571027,0.004207523693530259,0.11083595591755559,0.0021342515419898525,0.7001226075741777,0.015802355485345528,-0.019182771187199785,0.00013530717852653664,1.4472651921088489,1.203023354764507,10.78475834867031,12.974316168941883,0.004645916741666715,0.026203874122563364,24098
85,0.7,7.0,2420,0,33a310dd,0.7040000000000001,84.89999999999999,0.1414213562373081,0.4598425760801247,0.0006773428206773,107.66666666666669,0.0942809041582076,22.766666666666666,0.0471404520791038,5.592,74.41,Scope_TrialNumber_0_85.00W_0.70Torr_7.00NitrogenFlow_2420.00MHz.csv,/home/user/MiniChamberDataAnalysis/TestData/Nafisa_Requested_Data_0.7Torr/LAS_DataFrame_33a310dd_Laser_True_20260922_151050.csv,34299012,33a310dd|Scope_TrialNumber_0_85.00W_0.70Torr_7.00NitrogenFlow_2420.00MHz.csv,8,full 7,1.5962857245917061,0.03632215744606339,0.18841074344595596,0.004085221027950456,0.11088245254208463,0.0021323709616683805,0.6778801326921464,0.015424600076217716,-0.019471075114016252,0.00014692128908963512,1.466384404380717,1.210943600825702,10.805182689339189,13.084466833407939,0.004623090119464186,0.015435787435794263,23981
85,0.7,7.0,2420,0,33a310dd,0.7040000000000001,84.89999999999999,0.1414213562373081,0.4598425760801247,0.0006773428206773,107.66666666666669,0.0942809041582076,22.766666666666666,0.0471404520791038,5.592,74.41,Scope_TrialNumber_0_85.00W_0.70Torr_7.00NitrogenFlow_2420.00MHz.csv,/home/user/MiniChamberDataAnalysis/TestData/Nafisa_Requested_Data_0.7Torr/LAS_DataFrame_33a310dd_Laser_True_20260922_151050.csv,34299012,33a310dd|Scope_TrialNumber_0_85.00W_0.70Torr_7.00NitrogenFlow_2420.00MHz.csv,11,full 10,1.5633597946983318,0.03522146562499942,0.1837210806934628,0.003935070879680804,0.1103996870533119,0.0020911679519131088,0.6638977776655475,0.014957179296703545,-0.018998077123781633,0.00011903947314536774,1.4329419656559697,1.1970555399211724,10.608970908620611,12.699527399026856,0.004671819710244557,0.013304982014333097,24092
85,0.7,7.0,2420,0,33a310dd,0.7040000000000001,84.89999999999999,0.1414213562373081,0.4598425760801247,0.0006773428206773,107.66666666666669,0.0942809041582076,22.766666666666666,0.0471404520791038,5.592,74.41,Scope_TrialNumber_0_85.00W_0.70Torr_7.00NitrogenFlow_2420.00MHz.csv,/home/user/MiniChamberDataAnalysis/TestData/Nafisa_Requested_Data_0.7Torr/LAS_DataFrame_33a310dd_Laser_True_20260922_151050.csv,34299012,33a310dd|Scope_TrialNumber_0_85.00W_0.70Torr_7.00NitrogenFlow_2420.00MHz.csv,14,trailing partial,0.08131812372749839,0.029972290257064098,0.00020942157322023083,7.153480915043885e-05,0.002419367587799923,0.0007533502841391895,0.03453262762014141,0.012728059759942366,-0.023965080789599885,0.0009740106248664377,0.9968377432720561,1.0,1.0,1.0,0.005326680682410539,0.011954261954258576,3849
90,0.7,7.0,2420,0,33a310dd,0.7040000000000001,90.09999999999998,0.0816496580927679,0.4925899312838983,0.0001794920834065,118.96666666666664,0.1247219128924639,28.866666666666664,0.0471404520791021,5.59,74.41,Scope_TrialNumber_0_90.00W_0.70Torr_7.00NitrogenFlow_2420.00MHz.csv,/home/user/MiniChamberDataAnalysis/TestData/Nafisa_Requested_Data_0.7Torr/LAS_DataFrame_33a310dd_Laser_True_20260922_151050.csv,34299012,33a310dd|Scope_TrialNumber_0_90.00W_0.70Torr_7.00NitrogenFlow_2420.00MHz.csv,0,leading partial,1.413528126951691,0.12941905822258393,0.10938573967459507,0.014975117752712382,0.07269826446966914,0.0038977744151544374,0.6002701267701809,0.054959213760592464,-0.008219032525924947,-0.0025846991792623456,1.2454934816882455,1.1160167927447353,7.215978439021618,8.053153114032067,0.0041748435039093935,0.018279948085658655,6213
90,0.7,7.0,2420,0,33a310dd,0.7040000000000001,90.09999999999998,0.0816496580927679,0.4925899312838983,0.0001794920834065,118.96666666666664,0.1247219128924639,28.866666666666664,0.0471404520791021,5.59,74.41,Scope_TrialNumber_0_90.00W_0.70Torr_7.00NitrogenFlow_2420.00MHz.csv,/home/user/MiniChamberDataAnalysis/TestData/Nafisa_Requested_Data_0.7Torr/LAS_DataFrame_33a310dd_Laser_True_20260922_151050.csv,34299012,33a310dd|Scope_TrialNumber_0_90.00W_0.70Torr_7.00NitrogenFlow_2420.00MHz.csv,4,full 3,1.5714156981235516,0.03800713790892297,0.17448629449700573,0.00400710163199301,0.10431290069737166,0.0021181374941709654,0.6673188048655746,0.016140145396300737,-0.019020997742784162,0.00012190327761624499,1.4972154540498694,1.2236075572052787,10.841441984246712,13.26567034292687,0.00453703408687575,0.026806650027113254,24274
90,0.7,7.0,2420,0,33a310dd,0.7040000000000001,90.09999999999998,0.0816496580927679,0.4925899312838983,0.0001794920834065,118.96666666666664,0.1247219128924639,28.866666666666664,0.0471404520791021,5.59,74.41,Scope_TrialNumber_0_90.00W_0.70Torr_7.00NitrogenFlow_2420.00MHz.csv,/home/user/MiniChamberDataAnalysis/TestData/Nafisa_Requested_Data_0.7Torr/LAS_DataFrame_33a310dd_Laser_True_20260922_151050.csv,34299012,33a310dd|Scope_TrialNumber_0_90.00W_0.70Torr_7.00NitrogenFlow_2420.00MHz.csv,9,full 8,1.5930459529673027,0.041169854187433,0.1760245557112425,0.004331097889617919,0.1038036782891717,0.002244020950577879,0.6765043283578662,0.017483227338032918,-0.019891388260882402,0.00017265687144931325,1.5043462973313928,1.226517956383596,11.232907789719237,13.777363106491814,0.004650954998909964,0.02494361849948409,24318
90,0.7,7.0,2420,0,33a310dd,0.7040000000000001,90.09999999999998,0.0816496580927679,0.4925899312838983,0.0001794920834065,118.96666666666664,0.1247219128924639,28.866666666666664,0.0471404520791021,5.59,74.41,Scope_TrialNumber_0_90.00W_0.70Torr_7.00NitrogenFlow_2420.00MHz.csv,/home/user/MiniChamberDataAnalysis/TestData/Nafisa_Requested_Data_0.7Torr/LAS_DataFrame_33a310dd_Laser_True_20260922_151050.csv,34299012,33a310dd|Scope_TrialNumber_0_90.00W_0.70Torr_7.00NitrogenFlow_2420.00MHz.csv,14,full 13,1.5321313583341352,0.03911923849470162,0.16965584501943454,0.0041017538802656395,0.10402569237525439,0.0022098854305787952,0.6506362817690379,0.016612411032108178,-0.019159520230555133,0.00013688453932413568,1.5260860037012847,1.2353485353135303,11.09846784274513,13.710475993759513,0.004596431528738649,0.019278928695306053,24346
90,0.7,7.0,2420,0,33a310dd,0.7040000000000001,90.09999999999998,0.0816496580927679,0.4925899312838983,0.0001794920834065,118.96666666666664,0.1247219128924639,28.866666666666664,0.0471404520791021,5.59,74.41,Scope_TrialNumber_0_90.00W_0.70Torr_7.00NitrogenFlow_2420.00MHz.csv,/home/user/MiniChamberDataAnalysis/TestData/Nafisa_Requested_Data_0.7Torr/LAS_DataFrame_33a310dd_Laser_True_20260922_151050.csv,34299012,33a310dd|Scope_TrialNumber_0_90.00W_0.70Torr_7.00NitrogenFlow_2420.00MHz.csv,19,trailing partial,2.1186567592021763,1.0559050882963927,0.009443534722132696,0.011725041312113308,0.004187374156825098,0.003170689399408308,0.8997106864589863,0.44840160526258604,-0.028344562729089834,0.002944251828308503,0.9983117945922403,1.0,1.0,1.0,0.005214004886195039,0.11882325902091154,4352
95,0.7,7.0,2420,0,33a310dd,0.7040000000000001,95.03333333333336,0.0471404520791038,0.5095808817470525,0.0003237213627772,128.36666666666667,0.0471404520791004,33.333333333333336,0.0471404520791038,5.603,74.4,Scope_TrialNumber_0_95.00W_0.70Torr_7.00NitrogenFlow_2420.00MHz.csv,/home/user/MiniChamberDataAnalysis/TestData/Nafisa_Requested_Data_0.7Torr/LAS_DataFrame_33a310dd_Laser_True_20260922_151050.csv,34299012,33a310dd|Scope_TrialNumber_0_95.00W_0.70Torr_7.00NitrogenFlow_2420.00MHz.csv,0,leading partial,1.3808722764383285,0.12411750441306726,0.10488513600913264,0.014060552872359822,0.07135562675109075,0.0037337913590636683,0.5864024638962082,0.05270785114768122,-0.007800849868229045,-0.002662432191346078,1.229623114862147,1.1088837246808825,7.058950670112309,7.827555511412749,0.004140903806574081,0.0181796708615684,6232
95,0.7,7.0,2420,0,33a310dd,0.7040000000000001,95.03333333333336,0.0471404520791038,0.5095808817470525,0.0003237213627772,128.36666666666667,0.0471404520791004,33.333333333333336,0.0471404520791038,5.603,74.4,Scope_TrialNumber_0_95.00W_0.70Torr_7.00NitrogenFlow_2420.00MHz.csv,/home/user/MiniChamberDataAnalysis/TestData/Nafisa_Requested_Data_0.7Torr/LAS_DataFrame_33a310dd_Laser_True_20260922_151050.csv,34299012,33a310dd|Scope_TrialNumber_0_95.00W_0.70Torr_7.00NitrogenFlow_2420.00MHz.csv,4,full 3,1.5632695913232162,0.041310038184108,0.16766456935945503,0.004202487058198781,0.10075699524102692,0.0022106597453505844,0.6638594718190749,0.017542758000246707,-0.019318383652793158,0.00012543450242419345,1.508643743906828,1.2282685959947148,11.162756920021037,13.710863769584526,0.004626700904839776,0.019526043055930815,24395
95,0.7,7.0,2420,0,33a310dd,0.7040000000000001,95.03333333333336,0.0471404520791038,0.5095808817470525,0.0003237213627772,128.36666666666667,0.0471404520791004,33.333333333333336,0.0471404520791038,5.603,74.4,Scope_TrialNumber_0_95.00W_0.70Torr_7.00NitrogenFlow_2420.00MHz.csv,/home/user/MiniChamberDataAnalysis/TestData/Nafisa_Requested_Data_0.7Torr/LAS_DataFrame_33a310dd_Laser_True_20260922_151050.csv,34299012,33a310dd|Scope_TrialNumber_0_95.00W_0.70Torr_7.00NitrogenFlow_2420.00MHz.csv,11,full 10,1.6631298802852572,0.04185224311104683,0.17955061956192334,0.004332704323515104,0.10142115022379282,0.0021650816061080146,0.7062662320183362,0.01777301123258307,-0.02009045618831048,0.0001836219650681839,1.5185306825655431,1.2322867696139332,10.937014837793315,13.47753868368398,0.0045921192797019,0.016783911943147798,24418
95,0.7,7.0,2420,0,33a310dd,0.7040000000000001,95.03333333333336,0.0471404520791038,0.5095808817470525,0.0003237213627772,128.36666666666667,0.0471404520791004,33.333333333333336,0.0471404520791038,5.603,74.4,Scope_TrialNumber_0_95.00W_0.70Torr_7.00NitrogenFlow_2420.00MHz.csv,/home/user/MiniChamberDataAnalysis/TestData/Nafisa_Requested_Data_0.7Torr/LAS_DataFrame_33a310dd_Laser_True_20260922_151050.csv,34299012,33a310dd|Scope_TrialNumber_0_95.00W_0.70Torr_7.00NitrogenFlow_2420.00MHz.csv,16,full 15,1.6134704945865253,0.0402261844531268,0.17382079287348223,0.004137049495685437,0.10120651923066386,0.0021284582214215982,0.6851778325869141,0.017082487699223787,-0.018813389776547083,8.092762224029918e-05,1.5296293756211716,1.2367818625857883,10.818985284483102,13.380724771431245,0.004549481033853962,0.011284098990027348,24472
95,0.7,7.0,2420,0,33a310dd,0.7040000000000001,95.03333333333336,0.0471404520791038,0.5095808817470525,0.0003237213627772,128.36666666666667,0.0471404520791004,33.333333333333336,0.0471404520791038,5.603,74.4,Scope_TrialNumber_0_95.00W_0.70Torr_7.00NitrogenFlow_2420.00MHz.csv,/home/user/MiniChamberDataAnalysis/TestData/Nafisa_Requested_Data_0.7Torr/LAS_DataFrame_33a310dd_Laser_True_20260922_151050.csv,34299012,33a310dd|Scope_TrialNumber_0_95.00W_0.70Torr_7.00NitrogenFlow_2420.00MHz.csv,21,trailing partial,0.6839121803977001,0.5426512089828129,0.0012503632031649614,0.0014747849373672438,0.0017175272478469532,0.0007915381779198918,0.29043076214713953,0.23044275087087637,-0.024490697596141225,0.0011384755998154895,1.0203669239905382,1.0101321319463796,1.0,1.0101321319463796,0.005245592581298594,0.12865497076023322,4447
100,0.7,7.0,2420,0,33a310dd,0.7040000000000001,99.76666666666664,0.124721912892469,0.5172024406024754,0.0005837955293648,136.20000000000002,0.1414213562373148,36.43333333333333,0.0942809041582076,5.591,74.42,Scope_TrialNumber_0_100.00W_0.70Torr_7.00NitrogenFlow_2420.00MHz.csv,/home/user/MiniChamberDataAnalysis/TestData/Nafisa_Requested_Data_0.7Torr/LAS_DataFrame_33a310dd_Laser_True_20260922_151050.csv,34299012,33a310dd|Scope_TrialNumber_0_100.00W_0.70Torr_7.00NitrogenFlow_2420.00MHz.csv,0,leading partial,1.3716406491624462,0.12707689566721883,0.10717272796385767,0.014777181917713685,0.07340264811389423,0.003935019331584997,0.582482152747438,0.05396458890154754,-0.008186106006767844,-0.0028593729268720663,1.2392848863993824,1.1132317307727904,7.351668677703722,8.184110846148226,0.0042346790326863,0.0009425301970756426,6340
100,0.7,7.0,2420,0,33a310dd,0.7040000000000001,99.76666666666664,0.124721912892469,0.5172024406024754,0.0005837955293648,136.20000000000002,0.1414213562373148,36.43333333333333,0.0942809041582076,5.591,74.42,Scope_TrialNumber_0_100.00W_0.70Torr_7.00NitrogenFlow_2420.00MHz.csv,/home/user/MiniChamberDataAnalysis/TestData/Nafisa_Requested_Data_0.7Torr/LAS_DataFrame_33a310dd_Laser_True_20260922_151050.csv,34299012,33a310dd|Scope_TrialNumber_0_100.00W_0.70Torr_7.00NitrogenFlow_2420.00MHz.csv,1,full 0,1.5579267823630918,0.04708690580002748,0.16744680437620443,0.004787679356375572,0.10097122150472959,0.00250243777186488,0.661590589756771,0.019995967802035854,-0.019502395409713286,9.762879671770524e-05,1.6532310041847915,1.2857803094560094,12.13912789089669,15.608251616083221,0.0046238846241371985,0.02523870939469603,24438
100,0.7,7.0,2420,0,33a310dd,0.7040000000000001,99.76666666666664,0.124721912892469,0.5172024406024754,0.0005837955293648,136.20000000000002,0.1414213562373148,36.43333333333333,0.0942809041582076,5.591,74.42,Scope_TrialNumber_0_100.00W_0.70Torr_7.00NitrogenFlow_2420.00MHz.csv,/home/user/MiniChamberDataAnalysis/TestData/Nafisa_Requested_Data_0.7Torr/LAS_DataFrame_33a310dd_Laser_True_20260922_151050.csv,34299012,33a310dd|Scope_TrialNumber_0_100.00W_0.70Torr_7.00NitrogenFlow_2420.00MHz.csv,2,full 1,1.7074968329763978,0.044150457400365016,0.18607899495110752,0.004615565426753716,0.10237766844657509,0.0022513572903940684,0.7251071420848025,0.018748972981408756,-0.0204877371542246,0.00015288282303890286,1.5193104872143341,1.2326031345142419,11.253029045721991,13.870518874536735,0.004651024855668799,0.014543983009120697,24516
100,0.7,7.0,2420,0,33a310dd,0.7040000000000001,99.76666666666664,0.124721912892469,0.5172024406024754,0.0005837955293648,136.20000000000002,0.1414213562373148,36.43333333333333,0.0942809041582076,5.591,74.42,Scope_TrialNumber_0_100.00W_0.70Torr_7.00NitrogenFlow_2420.00MHz.csv,/home/user/MiniChamberDataAnalysis/TestData/Nafisa_Requested_Data_0.7Torr/LAS_DataFrame_33a310dd_Laser_True_20260922_151050.csv,34299012,33a310dd|Scope_TrialNumber_0_100.00W_0.70Torr_7.00NitrogenFlow_2420.00MHz.csv,3,full 2,1.5580919972501117,0.043905311999063994,0.167800123035518,0.00448541625050106,0.10117354509757426,0.0023678338112909153,0.66166075005941,0.018644869314626097,-0.019255612193348755,7.478936209381726e-05,1.576518109331977,1.2555947233609963,11.71426672854651,14.708371492406279,0.004632291612445974,0.01950167383118879,24457
100,0.7,7.0,2420,0,33a310dd,0.7040000000000001,99.76666666666664,0.124721912892469,0.5172024406024754,0.0005837955293648,136.20000000000002,0.1414213562373148,36.43333333333333,0.0942809041582076,5.591,74.42,Scope_TrialNumber_0_100.00W_0.70Torr_7.00NitrogenFlow_2420.00MHz.csv,/home/user/MiniChamberDataAnalysis/TestData/Nafisa_Requested_Data_0.7Torr/LAS_DataFrame_33a310dd_Laser_True_20260922_151050.csv,34299012,33a310dd|Scope_TrialNumber_0_100.00W_0.70Torr_7.00NitrogenFlow_2420.00MHz.csv,4,trailing partial,0.9584456167992121,0.44656916498520816,0.0026995546927732813,0.0019393065343035715,0.0026460158717707327,0.0007673913683748541,0.40701437836903387,0.1896404635791772,-0.02523476805306842,0.001012366894563461,1.0696101704517187,1.0342195948886865,1.0,1.0342195948886865,0.005122061529420188,0.1278061791509202,4500
105,0.7,7.0,2420,0,33a310dd,0.7040000000000001,105.1,0.0816496580927737,0.5176199190515188,0.0016381274864738,143.56666666666666,0.2494438257849279,38.46666666666666,0.3091206165165224,5.591,74.39,Scope_TrialNumber_0_105.00W_0.70Torr_7.00NitrogenFlow_2420.00MHz.csv,/home/user/MiniChamberDataAnalysis/TestData/Nafisa_Requested_Data_0.7Torr/LAS_DataFrame_33a310dd_Laser_True_20260922_151050.csv,34299012,33a310dd|Scope_TrialNumber_0_105.00W_0.70Torr_7.00NitrogenFlow_2420.00MHz.csv,0,leading partial,1.3554678835915854,0.13133396583717497,0.10206265115808749,0.014715610226780472,0.07073679902084311,0.003969685442074284,0.5756142115622982,0.055772400151897314,-0.006667459707442124,-0.002917499043867137,1.2178057533523527,1.1035423659073325,7.304137768577226,8.060425474048815,0.004253547555417673,0.00733960396039609,6228
105,0.7,7.0,2420,0,33a310dd,0.7040000000000001,105.1,0.0816496580927737,0.5176199190515188,0.0016381274864738,143.56666666666666,0.2494438257849279,38.46666666666666,0.3091206165165224,5.591,74.39,Scope_TrialNumber_0_105.00W_0.70Torr_7.00NitrogenFlow_2420.00MHz.csv,/home/user/MiniChamberDataAnalysis/TestData/Nafisa_Requested_Data_0.7Torr/LAS_DataFrame_33a310dd_Laser_True_20260922_151050.csv,34299012,33a310dd|Scope_TrialNumber_0_105.00W_0.70Torr_7.00NitrogenFlow_2420.00MHz.csv,6,full 5,1.6481928326329827,0.046944467990469536,0.18103899766886078,0.004887215532516609,0.10318864391422768,0.002415320703167147,0.6999230519168272,0.019935480033614436,-0.017972029361750637,6.542736009986653e-05,1.640494377676741,1.2808178549960727,11.924356375042867,15.27292855449115,0.004584644422938635,0.024867906227691413,24596
105,0.7,7.0,2420,0,33a310dd,0.7040000000000001,105.1,0.0816496580927737,0.5176199190515188,0.0016381274864738,143.56666666666666,0.2494438257849279,38.46666666666666,0.3091206165165224,5.591,74.39,Scope_TrialNumber_0_105.00W_0.70Torr_7.00NitrogenFlow_2420.00MHz.csv,/home/user/MiniChamberDataAnalysis/TestData/Nafisa_Requested_Data_0.7Torr/LAS_DataFrame_33a310dd_Laser_True_20260922_151050.csv,34299012,33a310dd|Scope_TrialNumber_0_105.00W_0.70Torr_7.00NitrogenFlow_2420.00MHz.csv,12,full 11,1.6668589436717582,0.039876647255527524,0.18569976045345044,0.004257080755652738,0.10465989235494684,0.0021275850695492505,0.7078498194327417,0.016934052918257465,-0.01890434077577139,0.00011927201423072308,1.46210691983718,1.2091761326776096,10.873255608894546,13.147681166778234,0.004642223025347294,0.016010848636643267,24493
105,0.7,7.0,2420,0,33a310dd,0.7040000000000001,105.1,0.0816496580927737,0.5176199190515188,0.0016381274864738,143.56666666666666,0.2494438257849279,38.46666666666666,0.3091206165165224,5.591,74.39,Scope_TrialNumber_0_105.00W_0.70Torr_7.00NitrogenFlow_2420.00MHz.csv,/home/user/MiniChamberDataAnalysis/TestData/Nafisa_Requested_Data_0.7Torr/LAS_DataFrame_33a310dd_Laser_True_20260922_151050.csv,34299012,33a310dd|Scope_TrialNumber_0_105.00W_0.70Torr_7.00NitrogenFlow_2420.00MHz.csv,20,full 19,1.6524923488824694,0.043363642833543097,0.18191019381824944,0.004563283866369858,0.10341543642481148,0.002269326769290805,0.7017488883575181,0.01841484359921574,-0.01735592214755539,2.1243534952773698e-05,1.544429481631268,1.2427507721306263,11.377946767964746,14.139952131149352,0.004636145968647879,0.029991024659961844,24446
105,0.7,7.0,2420,0,33a310dd,0.7040000000000001,105.1,0.0816496580927737,0.5176199190515188,0.0016381274864738,143.56666666666666,0.2494438257849279,38.46666666666666,0.3091206165165224,5.591,74.39,Scope_TrialNumber_0_105.00W_0.70Torr_7.00NitrogenFlow_2420.00MHz.csv,/home/user/MiniChamberDataAnalysis/TestData/Nafisa_Requested_Data_0.7Torr/LAS_DataFrame_33a310dd_Laser_True_20260922_151050.csv,34299012,33a310dd|Scope_TrialNumber_0_105.00W_0.70Torr_7.00NitrogenFlow_2420.00MHz.csv,27,trailing partial,1.2461439543361026,0.721129709940831,0.0028076276461363927,0.002668401350014658,0.0021166014298030973,0.0008681430925251403,0.5291886133573849,0.3062355917440618,-0.023280857175737527,0.0008999233741266121,0.9905685946695284,1.0,1.0,1.0,0.005336990057435382,0.12658509454949754,4496
110,0.7,7.0,2420,0,33a310dd,0.7040000000000001,109.96666666666664,0.094280904158211,0.5180271733075902,0.0003337125184136,150.3,0.0816496580927795,40.333333333333336,0.0471404520791038,5.6,74.4,Scope_TrialNumber_0_110.00W_0.70Torr_7.00NitrogenFlow_2420.00MHz.csv,/home/user/MiniChamberDataAnalysis/TestData/Nafisa_Requested_Data_0.7Torr/LAS_DataFrame_33a310dd_Laser_True_20260922_151050.csv,34299012,33a310dd|Scope_TrialNumber_0_110.00W_0.70Torr_7.00NitrogenFlow_2420.00MHz.csv,0,leading partial,1.4903218240629161,0.145715459468102,0.11180230138769036,0.01643980754779753,0.0704755496914578,0.004085960571681411,0.6328814073108202,0.06187965818262213,-0.0076653917005575145,-0.002930420101631585,1.2975585894109292,1.1391042925961297,7.3917866756177375,8.42001593215104,0.004107941418261605,0.008421049114600739,6120
110,0.7,7.0,2420,0,33a310dd,0.7040000000000001,109.96666666666664,0.094280904158211,0.5180271733075902,0.0003337125184136,150.3,0.0816496580927795,40.333333333333336,0.0471404520791038,5.6,74.4,Scope_TrialNumber_0_110.00W_0.70Torr_7.00NitrogenFlow_2420.00MHz.csv,/home/user/MiniChamberDataAnalysis/TestData/Nafisa_Requested_Data_0.7Torr/LAS_DataFrame_33a310dd_Laser_True_20260922_151050.csv,34299012,33a310dd|Scope_TrialNumber_0_110.00W_0.70Torr_7.00NitrogenFlow_2420.00MHz.csv,3,full 2,1.6254416312890974,0.04391989715998426,0.18428336625000313,0.004742105014264095,0.10650807803059335,0.002392638201631022,0.6902615062747753,0.018651063062191244,-0.018021560403398872,3.60132055985236e-05,1.5867518441681263,1.2596633852613668,11.808548170685913,14.874795763708137,0.004656793008081186,0.02000291944672292,24427
110,0.7,7.0,2420,0,33a310dd,0.7040000000000001,109.96666666666664,0.094280904158211,0.5180271733075902,0.0003337125184136,150.3,0.0816496580927795,40.333333333333336,0.0471404520791038,5.6,74.4,Scope_TrialNumber_0_110.00W_0.70Torr_7.00NitrogenFlow_2420.00MHz.csv,/home/user/MiniChamberDataAnalysis/TestData/Nafisa_Requested_Data_0.7Torr/LAS_DataFrame_33a310dd_Laser_True_20260922_151050.csv,34299012,33a310dd|Scope_TrialNumber_0_110.00W_0.70Torr_7.00NitrogenFlow_2420.00MHz.csv,6,full 5,1.681702432398731,0.03830953940285206,0.1936616129102155,0.004240982158769491,0.10818378752146676,0.0021309561154769616,0.7141532687168155,0.016268563486917558,-0.01881077128624399,8.410428548879434e-05,1.4924162510134324,1.2216448956277894,10.827991148810483,13.22796011684721,0.0045972209350979764,0.024715571041307078,24577
110,0.7,7.0,2420,0,33a310dd,0.7040000000000001,109.96666666666664,0.094280904158211,0.5180271733075902,0.0003337125184136,150.3,0.0816496580927795,40.333333333333336,0.0471404520791038,5.6,74.4,Scope_TrialNumber_0_110.00W_0.70Torr_7.00NitrogenFlow_2420.00MHz.csv,/home/user/MiniChamberDataAnalysis/TestData/Nafisa_Requested_Data_0.7Torr/LAS_DataFrame_33a310dd_Laser_True_20260922_151050.csv,34299012,33a310dd|Scope_TrialNumber_0_110.00W_0.70Torr_7.00NitrogenFlow_2420.00MHz.csv,10,full 9,1.5980720426818844,0.042105911812679746,0.1808800671823609,0.004534389789502753,0.10633155048481939,0.0023233775504475427,0.678638712140265,0.017880734411756864,-0.017754801949763952,1.8110090047642534e-05,1.6254563227332706,1.2749338503362715,11.599919888108193,14.78913052653807,0.0045596901388824385,0.012709998771491923,24492
110,0.7,7.0,2420,0,33a310dd,0.7040000000000001,109.96666666666664,0.094280904158211,0.5180271733075902,0.0003337125184136,150.3,0.0816496580927795,40.333333333333336,0.0471404520791038,5.6,74.4,Scope_TrialNumber_0_110.00W_0.70Torr_7.00NitrogenFlow_2420.00MHz.csv,/home/user/MiniChamberDataAnalysis/TestData/Nafisa_Requested_Data_0.7Torr/LAS_DataFrame_33a310dd_Laser_True_20260922_151050.csv,34299012,33a310dd|Scope_TrialNumber_0_110.00W_0.70Torr_7.00NitrogenFlow_2420.00MHz.csv,14,trailing partial,1.6640448179996532,0.8492040000570261,0.004955841274926002,0.004842204405927269,0.002797822504913365,0.0013736361820433094,0.7066547702917072,0.36062373507011025,-0.023826983282652425,0.0006561131921628154,0.9807821703912963,1.0,1.0186015808314342,1.0186015808314342,0.005259817924143073,0.11941989576252346,4414
30,0.7,9.0,2420,0,33a310dd,0.703,30.03333333333333,0.2054804667656324,0.4997967295012678,0.0012815047043711,40.03333333333333,0.2054804667656324,10.0,0.0,7.204,72.81,Scope_TrialNumber_0_30.00W_0.70Torr_9.00NitrogenFlow_2420.00MHz.csv,/home/user/MiniChamberDataAnalysis/TestData/Nafisa_Requested_Data_0.7Torr/LAS_DataFrame_33a310dd_Laser_True_20260922_151050.csv,34299012,33a310dd|Scope_TrialNumber_0_30.00W_0.70Torr_9.00NitrogenFlow_2420.00MHz.csv,0,leading partial,1.2893570892643904,0.14532878073866393,0.04401899442374301,0.007341362922002802,0.032072638896435746,0.002064244285500423,0.5475395421340761,0.06171545084531242,0.008155735649329336,-0.001220680502315264,1.0581950086254832,1.0286860593132792,4.377280309237306,4.5028472318189365,0.0040752923602141245,0.006492085630878992,6283
30,0.7,9.0,2420,0,33a310dd,0.703,30.03333333333333,0.2054804667656324,0.4997967295012678,0.0012815047043711,40.03333333333333,0.2054804667656324,10.0,0.0,7.204,72.81,Scope_TrialNumber_0_30.00W_0.70Torr_9.00NitrogenFlow_2420.00MHz.csv,/home/user/MiniChamberDataAnalysis/TestData/Nafisa_Requested_Data_0.7Torr/LAS_DataFrame_33a310dd_Laser_True_20260922_151050.csv,34299012,33a310dd|Scope_TrialNumber_0_30.00W_0.70Torr_9.00NitrogenFlow_2420.00MHz.csv,1,full 0,1.566257708014841,0.03762369866206405,0.07779422396063218,0.0017725896375574773,0.0466607721591082,0.0009296202964816569,0.6651284081430756,0.015977313740579088,0.002736300561492195,4.132322644259552e-05,1.130872922219361,1.0634250900836226,5.510152421083891,5.859634334765628,0.004551766173593788,0.022442651905130125,24401
30,0.7,9.0,2420,0,33a310dd,0.703,30.03333333333333,0.2054804667656324,0.4997967295012678,0.0012815047043711,40.03333333333333,0.2054804667656324,10.0,0.0,7.204,72.81,Scope_TrialNumber_0_30.00W_0.70Torr_9.00NitrogenFlow_2420.00MHz.csv,/home/user/MiniChamberDataAnalysis/TestData/Nafisa_Requested_Data_0.7Torr/LAS_DataFrame_33a310dd_Laser_True_20260922_151050.csv,34299012,33a310dd|Scope_TrialNumber_0_30.00W_0.70Torr_9.00NitrogenFlow_2420.00MHz.csv,2,full 1,1.6696080350659823,0.037152916240172744,0.08300778402394525,0.0017642237424155586,0.04670593642133601,0.0008732173760785067,0.7090172510587911,0.015777390853526748,0.002532559390877794,4.783814660564304e-05,1.1190538828087266,1.057853431628752,5.197068610708767,5.497736864248339,0.004566997838392745,0.017431239617597724,24405
30,0.7,9.0,2420,0,33a310dd,0.703,30.03333333333333,0.2054804667656324,0.4997967295012678,0.0012815047043711,40.03333333333333,0.2054804667656324,10.0,0.0,7.204,72.81,Scope_TrialNumber_0_30.00W_0.70Torr_9.00NitrogenFlow_2420.00MHz.csv,/home/user/MiniChamberDataAnalysis/TestData/Nafisa_Requested_Data_0.7Torr/LAS_DataFrame_33a310dd_Laser_True_20260922_151050.csv,34299012,33a310dd|Scope_TrialNumber_0_30.00W_0.70Torr_9.00NitrogenFlow_2420.00MHz.csv,3,full 2,1.6447896390131447,0.03363692914382564,0.08306453127425821,0.001621741530870793,0.04744309871964582,0.0008192956105611332,0.6984778486508625,0.014284288608297264,0.0028048488352282923,3.214897170883353e-05,1.0850873539718715,1.0416752632043593,4.891179809795032,5.095021015748088,0.004585830443658251,0.018654597022736676,24479
30,0.7,9.0,2420,0,33a310dd,0.703,30.03333333333333,0.2054804667656324,0.4997967295012678,0.0012815047043711,40.03333333333333,0.2054804667656324,10.0,0.0,7.204,72.81,Scope_TrialNumber_0_30.00W_0.70Torr_9.00NitrogenFlow_2420.00MHz.csv,/home/user/MiniChamberDataAnalysis/TestData/Nafisa_Requested_Data_0.7Torr/LAS_DataFrame_33a310dd_Laser_True_20260922_151050.csv,34299012,33a310dd|Scope_TrialNumber_0_30.00W_0.70Torr_9.00NitrogenFlow_2420.00MHz.csv,4,trailing partial,0.17980176965782485,0.1459760556577278,0.0003070048442364004,0.000251283103717867,0.0016040542646822767,0.0005671869771672965,0.07635478135037777,0.06199032319508273,0.0015444270206393983,0.0005920239903569101,1.0337453121444673,1.0167326650326856,1.0,1.0167326650326856,0.005259929492082075,0.11559795873086211,4508
35,0.7,9.0,2420,0,33a310dd,0.703,35.099999999999994,0.0,0.485071250072666,0.0,45.9,0.0,10.800000000000002,1.7763568394002505e-15,7.203,72.79,Scope_TrialNumber_0_35.00W_0.70Torr_9.00NitrogenFlow_2420.00MHz.csv,/home/user/MiniChamberDataAnalysis/TestData/Nafisa_Requested_Data_0.7Torr/LAS_DataFrame_33a310dd_Laser_True_20260922_151050.csv,34299012,33a310dd|Scope_TrialNumber_0_35.00W_0.70Torr_9.00NitrogenFlow_2420.00MHz.csv,0,leading partial,1.4437985531221966,0.14468246636118898,0.05361561307430398,0.008041495364725232,0.03488610342032571,0.0020492759406223917,0.6131247931954906,0.061440986399997885,0.007931209921589188,-0.0011216991495310246,1.109790371194412,1.0534658851592738,4.1664113138128585,4.389172182643476,0.00403910612787901,0.007139325842696641,6256
35,0.7,9.0,2420,0,33a310dd,0.703,35.099999999999994,0.0,0.485071250072666,0.0,45.9,0.0,10.800000000000002,1.7763568394002505e-15,7.203,72.79,Scope_TrialNumber_0_35.00W_0.70Torr_9.00NitrogenFlow_2420.00MHz.csv,/home/user/MiniChamberDataAnalysis/TestData/Nafisa_Requested_Data_0.7Torr/LAS_DataFrame_33a310dd_Laser_True_20260922_151050.csv,34299012,33a310dd|Scope_TrialNumber_0_35.00W_0.70Torr_9.00NitrogenFlow_2420.00MHz.csv,11,full 10,1.6585057354846933,0.041681360550092056,0.09044698166962156,0.0021638190603092754,0.05123242235968181,0.0010662809518512592,0.7043025385249324,0.0177004440904291,0.0031961472604307714,1.1917966874043566e-05,1.1423605417975595,1.0688126785351864,6.316204496430454,6.750839446005822,0.004563651077239167,0.008301525411535378,24435
35,0.7,9.0,2420,0,33a310dd,0.703,35.099999999999994,0.0,0.485071250072666,0.0,45.9,0.0,10.800000000000002,1.7763568394002505e-15,7.203,72.79,Scope_TrialNumber_0_35.00W_0.70Torr_9.00NitrogenFlow_2420.00MHz.csv,/home/user/MiniChamberDataAnalysis/TestData/Nafisa_Requested_Data_0.7Torr/LAS_DataFrame_33a310dd_Laser_True_20260922_151050.csv,34299012,33a310dd|Scope_TrialNumber_0_35.00W_0.70Torr_9.00NitrogenFlow_2420.00MHz.csv,19,full 18,1.5493586705694251,0.042031417730575275,0.08363072075964614,0.0021400829300383534,0.05070860493345783,0.0011072908885918307,0.657952047689938,0.017849099687794977,0.003018592812298038,2.5671911103965153e-05,1.1401014779839502,1.067755345565617,6.549205796924878,6.992949498875865,0.004608918975354973,0.022094288353169927,24469
35,0.7,9.0,2420,0,33a310dd,0.703,35.099999999999994,0.0,0.485071250072666,0.0,45.9,0.0,10.800000000000002,1.7763568394002505e-15,7.203,72.79,Scope_TrialNumber_0_35.00W_0.70Torr_9.00NitrogenFlow_2420.00MHz.csv,/home/user/MiniChamberDataAnalysis/TestData/Nafisa_Requested_Data_0.7Torr/LAS_DataFrame_33a310dd_Laser_True_20260922_151050.csv,34299012,33a310dd|Scope_TrialNumber_0_35.00W_0.70Torr_9.00NitrogenFlow_2420.00MHz.csv,30,full 29,1.7012684176964943,0.038081883785168864,0.09304782112103761,0.0019883091503782513,0.05138083500147235,0.0009575754637596047,0.7224621776455681,0.01617188704738937,0.0032569815568999332,6.293881605659294e-06,1.1279357967108083,1.0620432179110266,5.69935611127073,6.052962504434841,0.004552949498187218,0.03221816569201023,24424
35,0.7,9.0,2420,0,33a310dd,0.703,35.099999999999994,0.0,0.485071250072666,0.0,45.9,0.0,10.800000000000002,1.7763568394002505e-15,7.203,72.79,Scope_TrialNumber_0_35.00W_0.70Torr_9.00NitrogenFlow_2420.00MHz.csv,/home/user/MiniChamberDataAnalysis/TestData/Nafisa_Requested_Data_0.7Torr/LAS_DataFrame_33a310dd_Laser_True_20260922_151050.csv,34299012,33a310dd|Scope_TrialNumber_0_35.00W_0.70Torr_9.00NitrogenFlow_2420.00MHz.csv,36,trailing partial,0.1459703383718058,0.11615642848939976,0.0001639559158076275,0.00011826826962316941,0.0010551890273810378,0.0006266070522232507,0.06198789528729671,0.049327093479821775,0.0019872690134433183,0.0002733406818397156,1.0502293916041656,1.0248070021248712,1.0,1.0248070021248712,0.005231577694972468,0.1625111308993744,4493
40,0.7,9.0,2420,0,33a310dd,0.703,40.03333333333333,0.0471404520791038,0.4659180925220643,0.0002146629232048,51.13333333333333,0.0471404520791038,11.1,0.0,7.196,72.79,Scope_TrialNumber_0_40.00W_0.70Torr_9.00NitrogenFlow_2420.00MHz.csv,/home/user/MiniChamberDataAnalysis/TestData/Nafisa_Requested_Data_0.7Torr/LAS_DataFrame_33a310dd_Laser_True_20260922_151050.csv,34299012,33a310dd|Scope_TrialNumber_0_40.00W_0.70Torr_9.00NitrogenFlow_2420.00MHz.csv,0,leading partial,1.3989105472685126,0.1333788956564926,0.058913445548277446,0.008379088843950517,0.03956327806146036,0.0021934919431022145,0.5940626122239956,0.056640801889700075,0.006926588589438442,-0.0012382061067440974,1.052978002944608,1.026147164370008,4.515062170315395,4.6331182430234366,0.00414324689308418,0.007073473282442679,6240
40,0.7,9.0,2420,0,33a310dd,0.703,40.03333333333333,0.0471404520791038,0.4659180925220643,0.0002146629232048,51.13333333333333,0.0471404520791038,11.1,0.0,7.196,72.79,Scope_TrialNumber_0_40.00W_0.70Torr_9.00NitrogenFlow_2420.00MHz.csv,/home/user/MiniChamberDataAnalysis/TestData/Nafisa_Requested_Data_0.7Torr/LAS_DataFrame_33a310dd_Laser_True_20260922_151050.csv,34299012,33a310dd|Scope_TrialNumber_0_40.00W_0.70Torr_9.00NitrogenFlow_2420.00MHz.csv,4,full 3,1.6230474398215222,0.034534928626738536,0.0987198882087775,0.002005289960243697,0.05714013087786638,0.0010280774051177263,0.6892447867710377,0.014665633877039909,0.0017335466438689164,4.6011755007971335e-05,1.1441304974233792,1.0696403589166685,6.000141567746879,6.417993580075594,0.004564283174502009,0.013684938860229302,24402
40,0.7,9.0,2420,0,33a310dd,0.703,40.03333333333333,0.0471404520791038,0.4659180925220643,0.0002146629232048,51.13333333333333,0.0471404520791038,11.1,0.0,7.196,72.79,Scope_TrialNumber_0_40.00W_0.70Torr_9.00NitrogenFlow_2420.00MHz.csv,/home/user/MiniChamberDataAnalysis/TestData/Nafisa_Requested_Data_0.7Torr/LAS_DataFrame_33a310dd_Laser_True_20260922_151050.csv,34299012,33a310dd|Scope_TrialNumber_0_40.00W_0.70Torr_9.00NitrogenFlow_2420.00MHz.csv,7,full 6,1.5705796143793693,0.03489574435091182,0.09496340904170002,0.0020072057211629113,0.05680206577839076,0.0010592571895086521,0.6669637527901744,0.014818858207253448,0.0017278998851085936,4.00357564479468e-05,1.148618944599457,1.0717364156356062,6.212757126835088,6.658438054328804,0.0045469935159376945,0.018486816619792235,24457
40,0.7,9.0,2420,0,33a310dd,0.703,40.03333333333333,0.0471404520791038,0.4659180925220643,0.0002146629232048,51.13333333333333,0.0471404520791038,11.1,0.0,7.196,72.79,Scope_TrialNumber_0_40.00W_0.70Torr_9.00NitrogenFlow_2420.00MHz.csv,/home/user/MiniChamberDataAnalysis/TestData/Nafisa_Requested_Data_0.7Torr/LAS_DataFrame_33a310dd_Laser_True_20260922_151050.csv,34299012,33a310dd|Scope_TrialNumber_0_40.00W_0.70Torr_9.00NitrogenFlow_2420.00MHz.csv,11,full 10,1.5633961827995688,0.032889093715544895,0.09437604860987465,0.0018830012785326956,0.05671011561619832,0.0009948090699410704,0.6639132302693733,0.013966712142163983,0.00210719121339066,1.650564286672216e-05,1.111087848028284,1.054081518682632,5.8439115949587,6.1599592090611095,0.004616936011992461,0.02335182862908162,24444
40,0.7,9.0,2420,0,33a310dd,0.703,40.03333333333333,0.0471404520791038,0.4659180925220643,0.0002146629232048,51.13333333333333,0.0471404520791038,11.1,0.0,7.196,72.79,Scope_TrialNumber_0_40.00W_0.70Torr_9.00NitrogenFlow_2420.00MHz.csv,/home/user/MiniChamberDataAnalysis/TestData/Nafisa_Requested_Data_0.7Torr/LAS_DataFrame_33a310dd_Laser_True_20260922_151050.csv,34299012,33a310dd|Scope_TrialNumber_0_40.00W_0.70Torr_9.00NitrogenFlow_2420.00MHz.csv,16,trailing partial,3.4903425938948196,16.74143920632637,0.019142962462313173,0.3329145546686176,0.005152391800535955,0.06491251891901006,1.4822120277343511,7.109434643064768,-0.005601592383961804,0.002384536419230911,1.0505937878556277,1.0249847744506393,1.0,1.0249847744506393,0.0051553793768595296,0.11341134113411058,4445
45,0.7,9.0,2420,0,33a310dd,0.703,45.0,0.0,0.4603356728505559,0.0,57.1,0.0,12.1,0.0,7.2,72.8,Scope_TrialNumber_0_45.00W_0.70Torr_9.00NitrogenFlow_2420.00MHz.csv,/home/user/MiniChamberDataAnalysis/TestData/Nafisa_Requested_Data_0.7Torr/LAS_DataFrame_33a310dd_Laser_True_20260922_151050.csv,34299012,33a310dd|Scope_TrialNumber_0_45.00W_0.70Torr_9.00NitrogenFlow_2420.00MHz.csv,0,leading partial,1.3903217812997837,0.13923315641570716,0.06105829401981514,0.009098532411250401,0.041256950978926066,0.0023887008098050833,0.5904152991365889,0.05912687753338588,0.005860206510335633,-0.0014479322870710942,1.1062295123613182,1.0517744588842792,4.80482483256973,5.053592038309775,0.004101638318862145,0.021497227533460957,6271
45,0.7,9.0,2420,0,33a310dd,0.703,45.0,0.0,0.4603356728505559,0.0,57.1,0.0,12.1,0.0,7.2,72.8,Scope_TrialNumber_0_45.00W_0.70Torr_9.00NitrogenFlow_2420.00MHz.csv,/home/user/MiniChamberDataAnalysis/TestData/Nafisa_Requested_Data_0.7Torr/LAS_DataFrame_33a310dd_Laser_True_20260922_151050.csv,34299012,33a310dd|Scope_TrialNumber_0_45.00W_0.70Torr_9.00NitrogenFlow_2420.00MHz.csv,4,full 3,1.5933565432545371,0.042706729158757506,0.10403313629617213,0.0026443015656161233,0.06133756243724364,0.0013574225849555823,0.6766362239088192,0.01813587804676438,0.00022266672327567663,1.6567085419653107e-05,1.2158650133378544,1.1026626924576048,7.7401371979101965,8.53476052263892,0.004578350754445857,0.012759942992802947,24428
45,0.7,9.0,2420,0,33a310dd,0.703,45.0,0.0,0.4603356728505559,0.0,57.1,0.0,12.1,0.0,7.2,72.8,Scope_TrialNumber_0_45.00W_0.70Torr_9.00NitrogenFlow_2420.00MHz.csv,/home/user/MiniChamberDataAnalysis/TestData/Nafisa_Requested_Data_0.7Torr/LAS_DataFrame_33a310dd_Laser_True_20260922_151050.csv,34299012,33a310dd|Scope_TrialNumber_0_45.00W_0.70Torr_9.00NitrogenFlow_2420.00MHz.csv,7,full 6,1.6897981754713116,0.03651656934292208,0.11133628941411322,0.002311252200681657,0.061897013658769366,0.0011386463691185086,0.7175912142573522,0.015507159207336432,-3.064760440954594e-05,2.4802604328742783e-05,1.1567353431272285,1.0755163146727382,6.611700884514446,7.11099216903146,0.0045675968339357175,0.029553258323532526,24330
45,0.7,9.0,2420,0,33a310dd,0.703,45.0,0.0,0.4603356728505559,0.0,57.1,0.0,12.1,0.0,7.2,72.8,Scope_TrialNumber_0_45.00W_0.70Torr_9.00NitrogenFlow_2420.00MHz.csv,/home/user/MiniChamberDataAnalysis/TestData/Nafisa_Requested_Data_0.7Torr/LAS_DataFrame_33a310dd_Laser_True_20260922_151050.csv,34299012,33a310dd|Scope_TrialNumber_0_45.00W_0.70Torr_9.00NitrogenFlow_2420.00MHz.csv,9,full 8,1.5982552997037576,0.038230462561169465,0.10459994760544215,0.0023787217801229028,0.06148272441129805,0.0012238791704257657,0.6787165342321314,0.01623498264414808,0.00038950460056207125,8.213759255327659e-06,1.1960977754834903,1.093662551010818,7.12750982389508,7.79509057635576,0.004512696963223985,0.011733973791091928,24344
45,0.7,9.0,2420,0,33a310dd,0.703,45.0,0.0,0.4603356728505559,0.0,57.1,0.0,12.1,0.0,7.2,72.8,Scope_TrialNumber_0_45.00W_0.70Torr_9.00NitrogenFlow_2420.00MHz.csv,/home/user/MiniChamberDataAnalysis/TestData/Nafisa_Requested_Data_0.7Torr/LAS_DataFrame_33a310dd_Laser_True_20260922_151050.csv,34299012,33a310dd|Scope_TrialNumber_0_45.00W_0.70Torr_9.00NitrogenFlow_2420.00MHz.csv,12,trailing partial,1.0741388185943788,1.6227693231472655,0.0009144510998681718,0.0021748770214749065,0.0007997750736615583,0.0007846784475134667,0.4561447575839119,0.6891266814938029,-0.002151586351300915,0.0007001956561619592,1.0782308338655942,1.0383789452148933,1.0,1.0383789452148933,0.005030254684600879,0.14074737077646146,4470
50,0.7,9.0,2420,0,33a310dd,0.703,50.03333333333333,0.0471404520791004,0.4508771192335206,0.0008329705903418,62.79999999999999,7.105427357601002e-15,12.766666666666666,0.0471404520791038,7.206,72.79,Scope_TrialNumber_0_50.00W_0.70Torr_9.00NitrogenFlow_2420.00MHz.csv,/home/user/MiniChamberDataAnalysis/TestData/Nafisa_Requested_Data_0.7Torr/LAS_DataFrame_33a310dd_Laser_True_20260922_151050.csv,34299012,33a310dd|Scope_TrialNumber_0_50.00W_0.70Torr_9.00NitrogenFlow_2420.00MHz.csv,0,leading partial,1.326219002845067,0.15370362758436815,0.060324364373416414,0.01036322317549455,0.042731220548548415,0.0028385688162778635,0.5631933555362769,0.06527192084537739,0.005752968877266581,-0.0016748110468859177,1.111417722384068,1.0542379818542245,5.675712194298344,5.983551369302498,0.004134241661692936,0.025035863621743454,6197
50,0.7,9.0,2420,0,33a310dd,0.703,50.03333333333333,0.0471404520791004,0.4508771192335206,0.0008329705903418,62.79999999999999,7.105427357601002e-15,12.766666666666666,0.0471404520791038,7.206,72.79,Scope_TrialNumber_0_50.00W_0.70Torr_9.00NitrogenFlow_2420.00MHz.csv,/home/user/MiniChamberDataAnalysis/TestData/Nafisa_Requested_Data_0.7Torr/LAS_DataFrame_33a310dd_Laser_True_20260922_151050.csv,34299012,33a310dd|Scope_TrialNumber_0_50.00W_0.70Torr_9.00NitrogenFlow_2420.00MHz.csv,5,full 4,1.6479669865316922,0.040932454948834594,0.11771521185306645,0.0027913024638501005,0.067104534974658,0.0013887768987284642,0.6998271439081593,0.017382413163676218,-0.0010739254120709291,3.9720136690869296e-05,1.19518600193356,1.0932456274477205,7.953000320304544,8.694582825263263,0.004601270465243242,0.020311378182046525,24359
50,0.7,9.0,2420,0,33a310dd,0.703,50.03333333333333,0.0471404520791004,0.4508771192335206,0.0008329705903418,62.79999999999999,7.105427357601002e-15,12.766666666666666,0.0471404520791038,7.206,72.79,Scope_TrialNumber_0_50.00W_0.70Torr_9.00NitrogenFlow_2420.00MHz.csv,/home/user/MiniChamberDataAnalysis/TestData/Nafisa_Requested_Data_0.7Torr/LAS_DataFrame_33a310dd_Laser_True_20260922_151050.csv,34299012,33a310dd|Scope_TrialNumber_0_50.00W_0.70Torr_9.00NitrogenFlow_2420.00MHz.csv,12,full 11,1.689595678325946,0.043127226108719365,0.11965528335606063,0.002922044511577183,0.0665299013367671,0.001424899531764779,0.7175052216373247,0.018314446660042994,-0.00134426821366115,4.682675705929859e-05,1.222412667011276,1.1056277253267828,8.066450070203935,8.918490842581644,0.004603569267830641,0.01877834389251797,24453
50,0.7,9.0,2420,0,33a310dd,0.703,50.03333333333333,0.0471404520791004,0.4508771192335206,0.0008329705903418,62.79999999999999,7.105427357601002e-15,12.766666666666666,0.0471404520791038,7.206,72.79,Scope_TrialNumber_0_50.00W_0.70Torr_9.00NitrogenFlow_2420.00MHz.csv,/home/user/MiniChamberDataAnalysis/TestData/Nafisa_Requested_Data_0.7Torr/LAS_DataFrame_33a310dd_Laser_True_20260922_151050.csv,34299012,33a310dd|Scope_TrialNumber_0_50.00W_0.70Torr_9.00NitrogenFlow_2420.00MHz.csv,20,full 19,1.5853559972922435,0.03404607647965362,0.11356177295574624,0.0023242419496160016,0.06729350576909435,0.0012177983295294137,0.6732387048588281,0.014458037484221496,-0.0010098633277952546,2.5582924950639836e-05,1.1845152419968774,1.088354373353127,7.010553173216125,7.62996620569441,0.004551167327196142,0.015461479765751709,24336
50,0.7,9.0,2420,0,33a310dd,0.703,50.03333333333333,0.0471404520791004,0.4508771192335206,0.0008329705903418,62.79999999999999,7.105427357601002e-15,12.766666666666666,0.0471404520791038,7.206,72.79,Scope_TrialNumber_0_50.00W_0.70Torr_9.00NitrogenFlow_2420.00MHz.csv,/home/user/MiniChamberDataAnalysis/TestData/Nafisa_Requested_Data_0.7Torr/LAS_DataFrame_33a310dd_Laser_True_20260922_151050.csv,34299012,33a310dd|Scope_TrialNumber_0_50.00W_0.70Torr_9.00NitrogenFlow_2420.00MHz.csv,26,trailing partial,0.7780454929349544,0.5679801915392594,0.00045081702404278263,0.0004387635619304091,0.0005443310476109055,0.0002760141179514059,0.3304054993827473,0.2411989794030288,-0.003972793075114383,0.0010607366909827659,1.0166397295318514,1.0082855396820145,1.0,1.0082855396820145,0.005221785566323346,0.10684551341350071,4325
55,0.7,9.0,2420,0,33a310dd,0.703,55.06666666666667,0.0471404520791071,0.4476463918469708,0.0001532665977426,68.86666666666666,0.0471404520791071,13.800000000000002,1.7763568394002505e-15,7.202,72.78,Scope_TrialNumber_0_55.00W_0.70Torr_9.00NitrogenFlow_2420.00MHz.csv,/home/user/MiniChamberDataAnalysis/TestData/Nafisa_Requested_Data_0.7Torr/LAS_DataFrame_33a310dd_Laser_True_20260922_151050.csv,34299012,33a310dd|Scope_TrialNumber_0_55.00W_0.70Torr_9.00NitrogenFlow_2420.00MHz.csv,0,leading partial,1.3685439859138406,0.13361969114012676,0.07166311768023272,0.010409663299970045,0.049193160723800915,0.0027762954812257947,0.5811671209448422,0.056743058316530766,0.006174752370105814,-0.0018930475721932408,1.1518061074741601,1.073222301051446,5.591128469528257,6.0005237615413645,0.004051917707229105,0.01630529167994912,6258
55,0.7,9.0,2420,0,33a310dd,0.703,55.06666666666667,0.0471404520791071,0.4476463918469708,0.0001532665977426,68.86666666666666,0.0471404520791071,13.800000000000002,1.7763568394002505e-15,7.202,72.78,Scope_TrialNumber_0_55.00W_0.70Torr_9.00NitrogenFlow_2420.00MHz.csv,/home/user/MiniChamberDataAnalysis/TestData/Nafisa_Requested_Data_0.7Torr/LAS_DataFrame_33a310dd_Laser_True_20260922_151050.csv,34299012,33a310dd|Scope_TrialNumber_0_55.00W_0.70Torr_9.00NitrogenFlow_2420.00MHz.csv,5,full 4,1.55491617379883,0.038238295888827094,0.11699930656826278,0.0027244977995390758,0.07068773997231267,0.0014376301306906912,0.6603121020138903,0.016238309152122293,-0.0012651218422109786,1.796485999450425e-05,1.2264135695054725,1.1074355825534379,8.238905002905431,9.12405656149501,0.004540749005151013,0.01413652446400519,24171
55,0.7,9.0,2420,0,33a310dd,0.703,55.06666666666667,0.0471404520791071,0.4476463918469708,0.0001532665977426,68.86666666666666,0.0471404520791071,13.800000000000002,1.7763568394002505e-15,7.202,72.78,Scope_TrialNumber_0_55.00W_0.70Torr_9.00NitrogenFlow_2420.00MHz.csv,/home/user/MiniChamberDataAnalysis/TestData/Nafisa_Requested_Data_0.7Torr/LAS_DataFrame_33a310dd_Laser_True_20260922_151050.csv,34299012,33a310dd|Scope_TrialNumber_0_55.00W_0.70Torr_9.00NitrogenFlow_2420.00MHz.csv,10,full 9,1.6763101855409583,0.043718286220566276,0.12569919807864824,0.003122706681275527,0.07044430893297132,0.0015198937654220103,0.711863392312395,0.018565446779179123,-0.0014394478785046373,1.9760310405142847e-05,1.2590072192349968,1.1220549091889385,8.55804154786775,9.602592531827911,0.004579538110195781,0.013195044325267335,24233
55,0.7,9.0,2420,0,33a310dd,0.703,55.06666666666667,0.0471404520791071,0.4476463918469708,0.0001532665977426,68.86666666666666,0.0471404520791071,13.800000000000002,1.7763568394002505e-15,7.202,72.78,Scope_TrialNumber_0_55.00W_0.70Torr_9.00NitrogenFlow_2420.00MHz.csv,/home/user/MiniChamberDataAnalysis/TestData/Nafisa_Requested_Data_0.7Torr/LAS_DataFrame_33a310dd_Laser_True_20260922_151050.csv,34299012,33a310dd|Scope_TrialNumber_0_55.00W_0.70Torr_9.00NitrogenFlow_2420.00MHz.csv,16,full 15,1.6282160176320268,0.035790450709882564,0.12309847064873809,0.002580066865860332,0.07102453914347534,0.0013087485932898972,0.691439679676511,0.015198805015018534,-0.0011355895910213308,-8.672316478727567e-07,1.2133243577797683,1.1015100352605818,7.510036187866776,8.272380226105378,0.004551190991066693,0.020810694026422542,24207
55,0.7,9.0,2420,0,33a310dd,0.703,55.06666666666667,0.0471404520791071,0.4476463918469708,0.0001532665977426,68.86666666666666,0.0471404520791071,13.800000000000002,1.7763568394002505e-15,7.202,72.78,Scope_TrialNumber_0_55.00W_0.70Torr_9.00NitrogenFlow_2420.00MHz.csv,/home/user/MiniChamberDataAnalysis/TestData/Nafisa_Requested_Data_0.7Torr/LAS_DataFrame_33a310dd_Laser_True_20260922_151050.csv,34299012,33a310dd|Scope_TrialNumber_0_55.00W_0.70Torr_9.00NitrogenFlow_2420.00MHz.csv,21,trailing partial,1.0088962278272415,1.0752863683460216,0.0008496038151636155,0.0013051527913980072,0.0007911115871738792,0.0005345502769336806,0.42843878026101206,0.45663207709440456,-0.00414341734895147,0.0008131187513904473,1.0054001650146542,1.0026964470938622,1.049773666837023,1.0526043259901787,0.0052981380620259685,0.12500000000000291,4177
60,0.7,9.0,2420,0,33a310dd,0.703,59.93333333333334,0.1247219128924639,0.4462169270581984,0.0003716697362973,74.83333333333333,0.1247219128924639,14.9,0.0,7.197,72.8,Scope_TrialNumber_0_60.00W_0.70Torr_9.00NitrogenFlow_2420.00MHz.csv,/home/user/MiniChamberDataAnalysis/TestData/Nafisa_Requested_Data_0.7Torr/LAS_DataFrame_33a310dd_Laser_True_20260922_151050.csv,34299012,33a310dd|Scope_TrialNumber_0_60.00W_0.70Torr_9.00NitrogenFlow_2420.00MHz.csv,0,leading partial,1.3725376376418184,0.1442457636316639,0.06574770313517257,0.010276541296585073,0.04500120187609578,0.00273282669722523,0.5828630686825069,0.061255535825782415,0.005321334962604626,-0.001836279732817072,1.1363404236528838,1.065992693996016,5.4395955358115105,5.7985690994684145,0.004052126488641369,0.011293711507293448,6153
60,0.7,9.0,2420,0,33a310dd,0.703,59.93333333333334,0.1247219128924639,0.4462169270581984,0.0003716697362973,74.83333333333333,0.1247219128924639,14.9,0.0,7.197,72.8,Scope_TrialNumber_0_60.00W_0.70Torr_9.00NitrogenFlow_2420.00MHz.csv,/home/user/MiniChamberDataAnalysis/TestData/Nafisa_Requested_Data_0.7Torr/LAS_DataFrame_33a310dd_Laser_True_20260922_151050.csv,34299012,33a310dd|Scope_TrialNumber_0_60.00W_0.70Torr_9.00NitrogenFlow_2420.00MHz.csv,5,full 4,1.5848521653452636,0.039973997070033164,0.12439429786687287,0.0029855850690565892,0.07373598827014288,0.0015583194063350128,0.6730247471307023,0.016975393578114284,-0.0018417056698180315,1.0512142318987868e-05,1.2872267339531216,1.1345601499934332,8.70489097946068,9.876222415333393,0.004530151744452173,0.004746651621630009,24204
60,0.7,9.0,2420,0,33a310dd,0.703,59.93333333333334,0.1247219128924639,0.4462169270581984,0.0003716697362973,74.83333333333333,0.1247219128924639,14.9,0.0,7.197,72.8,Scope_TrialNumber_0_60.00W_0.70Torr_9.00NitrogenFlow_2420.00MHz.csv,/home/user/MiniChamberDataAnalysis/TestData/Nafisa_Requested_Data_0.7Torr/LAS_DataFrame_33a310dd_Laser_True_20260922_151050.csv,34299012,33a310dd|Scope_TrialNumber_0_60.00W_0.70Torr_9.00NitrogenFlow_2420.00MHz.csv,11,full 10,1.5851909089827234,0.044345988185899445,0.12290044232738388,0.0032546555536258214,0.07283492255523609,0.0016693194714687007,0.673168598308704,0.01883200726079967,-0.0020518689217172746,1.7470223423890998e-05,1.2994478599817274,1.1399332699687852,9.236301177600222,10.528767003798363,0.004591067692366091,0.026752722644499738,24208
60,0.7,9.0,2420,0,33a310dd,0.703,59.93333333333334,0.1247219128924639,0.4462169270581984,0.0003716697362973,74.83333333333333,0.1247219128924639,14.9,0.0,7.197,72.8,Scope_TrialNumber_0_60.00W_0.70Torr_9.00NitrogenFlow_2420.00MHz.csv,/home/user/MiniChamberDataAnalysis/TestData/Nafisa_Requested_Data_0.7Torr/LAS_DataFrame_33a310dd_Laser_True_20260922_151050.csv,34299012,33a310dd|Scope_TrialNumber_0_60.00W_0.70Torr_9.00NitrogenFlow_2420.00MHz.csv,16,full 15,1.6686655834412676,0.04241945482039346,0.13058570928563937,0.003180484366599972,0.0735180761116733,0.0015677209439996492,0.7086170287034975,0.01801388386764643,-0.0016281129456630753,-7.687091518052281e-06,1.312425650525598,1.1456114745085255,8.794147958261249,10.074676809509809,0.0044944812445264475,0.025653254580595964,24197
60,0.7,9.0,2420,0,33a310dd,0.703,59.93333333333334,0.1247219128924639,0.4462169270581984,0.0003716697362973,74.83333333333333,0.1247219128924639,14.9,0.0,7.197,72.8,Scope_TrialNumber_0_60.00W_0.70Torr_9.00NitrogenFlow_2420.00MHz.csv,/home/user/MiniChamberDataAnalysis/TestData/Nafisa_Requested_Data_0.7Torr/LAS_DataFrame_33a310dd_Laser_True_20260922_151050.csv,34299012,33a310dd|Scope_TrialNumber_0_60.00W_0.70Torr_9.00NitrogenFlow_2420.00MHz.csv,21,trailing partial,0.004106388120670908,0.003038465994354454,2.588168284357112e-05,1.663847791371657e-05,0.005921071507181209,0.003790158632809809,0.0017438224756647755,0.0012903177042195254,-0.004879560478866121,0.0013117261376420508,0.9564337080693586,1.0,1.067114752494392,1.067114752494392,0.005456754848979686,0.11425149700598725,4176
65,0.7,9.0,2420,0,33a310dd,0.703,65.06666666666668,0.205480466765627,0.4401383131529084,0.0003451138489931,80.7,0.2449489742783155,15.633333333333333,0.047140452079103,7.2,72.81,Scope_TrialNumber_0_65.00W_0.70Torr_9.00NitrogenFlow_2420.00MHz.csv,/home/user/MiniChamberDataAnalysis/TestData/Nafisa_Requested_Data_0.7Torr/LAS_DataFrame_33a310dd_Laser_True_20260922_151050.csv,34299012,33a310dd|Scope_TrialNumber_0_65.00W_0.70Torr_9.00NitrogenFlow_2420.00MHz.csv,0,leading partial,1.3950256611770748,0.14057960059959862,0.07464652566472645,0.011217304491853717,0.050268415045272075,0.002946600104336383,0.5924128529994487,0.059698659732510886,0.004293384641910141,-0.0017743349283784546,1.1758430694360436,1.0843629786358642,5.801965151013421,6.2914362130943955,0.004037870198324088,0.003086771300448441,6241
65,0.7,9.0,2420,0,33a310dd,0.703,65.06666666666668,0.205480466765627,0.4401383131529084,0.0003451138489931,80.7,0.2449489742783155,15.633333333333333,0.047140452079103,7.2,72.81,Scope_TrialNumber_0_65.00W_0.70Torr_9.00NitrogenFlow_2420.00MHz.csv,/home/user/MiniChamberDataAnalysis/TestData/Nafisa_Requested_Data_0.7Torr/LAS_DataFrame_33a310dd_Laser_True_20260922_151050.csv,34299012,33a310dd|Scope_TrialNumber_0_65.00W_0.70Torr_9.00NitrogenFlow_2420.00MHz.csv,5,full 4,1.764075988305785,0.0419917832173901,0.1451338703431669,0.003326552890618273,0.07728928294822346,0.001579144566031908,0.7491340971163679,0.01783226845974899,-0.0028951093531904607,2.8106201247947253e-05,1.2631747233988078,1.123910460578959,8.703895020394263,9.782398661202224,0.004608209727066563,0.027776717382834114,25502
65,0.7,9.0,2420,0,33a310dd,0.703,65.06666666666668,0.205480466765627,0.4401383131529084,0.0003451138489931,80.7,0.2449489742783155,15.633333333333333,0.047140452079103,7.2,72.81,Scope_TrialNumber_0_65.00W_0.70Torr_9.00NitrogenFlow_2420.00MHz.csv,/home/user/MiniChamberDataAnalysis/TestData/Nafisa_Requested_Data_0.7Torr/LAS_DataFrame_33a310dd_Laser_True_20260922_151050.csv,34299012,33a310dd|Scope_TrialNumber_0_65.00W_0.70Torr_9.00NitrogenFlow_2420.00MHz.csv,10,full 9,1.620997790204225,0.04195425234326234,0.13156163637868093,0.0032479605931684994,0.07624557319432855,0.001652142755861517,0.6883743807195765,0.017816330564958707,-0.0030147404078554284,3.127926192849606e-05,1.2751325042968387,1.1292176514281198,9.121599069502302,10.300270678532312,0.004618302155328728,0.022317114925249456,25513
65,0.7,9.0,2420,0,33a310dd,0.703,65.06666666666668,0.205480466765627,0.4401383131529084,0.0003451138489931,80.7,0.2449489742783155,15.633333333333333,0.047140452079103,7.2,72.81,Scope_TrialNumber_0_65.00W_0.70Torr_9.00NitrogenFlow_2420.00MHz.csv,/home/user/MiniChamberDataAnalysis/TestData/Nafisa_Requested_Data_0.7Torr/LAS_DataFrame_33a310dd_Laser_True_20260922_151050.csv,34299012,33a310dd|Scope_TrialNumber_0_65.00W_0.70Torr_9.00NitrogenFlow_2420.00MHz.csv,15,full 14,1.586260446629255,0.047570210984389905,0.12794286443786979,0.0036450525910142013,0.07577210706599868,0.0018617473443535968,0.673622789128418,0.020201208616671466,-0.0029271307522178124,4.312512512436975e-05,1.3846403971503705,1.1767074390647705,10.027451061860145,11.799376259348763,0.004562631868370765,0.01723739284742554,25492
65,0.7,9.0,2420,0,33a310dd,0.703,65.06666666666668,0.205480466765627,0.4401383131529084,0.0003451138489931,80.7,0.2449489742783155,15.633333333333333,0.047140452079103,7.2,72.81,Scope_TrialNumber_0_65.00W_0.70Torr_9.00NitrogenFlow_2420.00MHz.csv,/home/user/MiniChamberDataAnalysis/TestData/Nafisa_Requested_Data_0.7Torr/LAS_DataFrame_33a310dd_Laser_True_20260922_151050.csv,34299012,33a310dd|Scope_TrialNumber_0_65.00W_0.70Torr_9.00NitrogenFlow_2420.00MHz.csv,20,trailing partial,3.2475275017775482,1.1055140111480493,0.027180401765548926,0.023542422169874472,0.007862684043357349,0.004198577071892741,1.3790979521472801,0.46946857509594514,-0.0038680367046271726,-0.0014399409828864157,1.0118492664877716,1.0059071858217197,1.3137760516849903,1.3215367709504187,0.005202362516873273,0.08664372849546885,5601
70,0.7,9.0,2420,0,33a310dd,0.703,69.96666666666668,0.188561808316422,0.4295789861640212,0.0009938683078572,85.8,0.1414213562373148,15.833333333333334,0.047140452079103,7.205,72.79,Scope_TrialNumber_0_70.00W_0.70Torr_9.00NitrogenFlow_2420.00MHz.csv,/home/user/MiniChamberDataAnalysis/TestData/Nafisa_Requested_Data_0.7Torr/LAS_DataFrame_33a310dd_Laser_True_20260922_151050.csv,34299012,33a310dd|Scope_TrialNumber_0_70.00W_0.70Torr_9.00NitrogenFlow_2420.00MHz.csv,0,leading partial,1.2447552736964238,0.13803721855503312,0.07135049054768638,0.01165631748130531,0.05384938878383181,0.0033749066205642007,0.5285988949869262,0.058619009484955735,0.004981023269180867,-0.002091252466351597,1.2375682245612845,1.1124604373016078,6.712404626076377,7.467284585670261,0.004011044873224507,0.025643192637258127,6290
70,0.7,9.0,2420,0,33a310dd,0.703,69.96666666666668,0.188561808316422,0.4295789861640212,0.0009938683078572,85.8,0.1414213562373148,15.833333333333334,0.047140452079103,7.205,72.79,Scope_TrialNumber_0_70.00W_0.70Torr_9.00NitrogenFlow_2420.00MHz.csv,/home/user/MiniChamberDataAnalysis/TestData/Nafisa_Requested_Data_0.7Torr/LAS_DataFrame_33a310dd_Laser_True_20260922_151050.csv,34299012,33a310dd|Scope_TrialNumber_0_70.00W_0.70Torr_9.00NitrogenFlow_2420.00MHz.csv,6,full 5,1.649657546353424,0.043900227739772285,0.1402193708108339,0.0035634246779449826,0.07985130273049154,0.0017760209639512156,0.7005450585638031,0.018642710228498716,-0.002904096352299816,-1.693201419862423e-05,1.3335156285749878,1.1547794718365008,9.67282536899269,11.169980170772085,0.004577567784578747,0.014056591876065222,24148
70,0.7,9.0,2420,0,33a310dd,0.703,69.96666666666668,0.188561808316422,0.4295789861640212,0.0009938683078572,85.8,0.1414213562373148,15.833333333333334,0.047140452079103,7.205,72.79,Scope_TrialNumber_0_70.00W_0.70Torr_9.00NitrogenFlow_2420.00MHz.csv,/home/user/MiniChamberDataAnalysis/TestData/Nafisa_Requested_Data_0.7Torr/LAS_DataFrame_33a310dd_Laser_True_20260922_151050.csv,34299012,33a310dd|Scope_TrialNumber_0_70.00W_0.70Torr_9.00NitrogenFlow_2420.00MHz.csv,11,full 10,1.5802600051147466,0.04063112818011248,0.13429240079110905,0.003286075581946436,0.0798345127642977,0.0017121543551157604,0.6710746362336054,0.017254451466833198,-0.0030220951822011468,-2.4609490337717936e-05,1.2779481253271923,1.1304636771374799,9.39097888149115,10.616160518290904,0.004632249512779979,0.01789871052239818,24175
70,0.7,9.0,2420,0,33a310dd,0.703,69.96666666666668,0.188561808316422,0.4295789861640212,0.0009938683078572,85.8,0.1414213562373148,15.833333333333334,0.047140452079103,7.205,72.79,Scope_TrialNumber_0_70.00W_0.70Torr_9.00NitrogenFlow_2420.00MHz.csv,/home/user/MiniChamberDataAnalysis/TestData/Nafisa_Requested_Data_0.7Torr/LAS_DataFrame_33a310dd_Laser_True_20260922_151050.csv,34299012,33a310dd|Scope_TrialNumber_0_70.00W_0.70Torr_9.00NitrogenFlow_2420.00MHz.csv,17,full 16,1.6372065988383078,0.0365946248125476,0.14069949369340726,0.0030066166081175226,0.0807340683598157,0.0015306776922284966,0.6952576279843881,0.015540306313328768,-0.0026323508198814447,-4.180298335847688e-05,1.2562939736693115,1.1208452050436364,8.566467772850999,9.60168432736088,0.004551692200622796,0.028637091005372543,24249
70,0.7,9.0,2420,0,33a310dd,0.703,69.96666666666668,0.188561808316422,0.4295789861640212,0.0009938683078572,85.8,0.1414213562373148,15.833333333333334,0.047140452079103,7.205,72.79,Scope_TrialNumber_0_70.00W_0.70Torr_9.00NitrogenFlow_2420.00MHz.csv,/home/user/MiniChamberDataAnalysis/TestData/Nafisa_Requested_Data_0.7Torr/LAS_DataFrame_33a310dd_Laser_True_20260922_151050.csv,34299012,33a310dd|Scope_TrialNumber_0_70.00W_0.70Torr_9.00NitrogenFlow_2420.00MHz.csv,22,trailing partial,0.9435253504340041,0.48805206086836656,0.001319701398171248,0.0009787263230270865,0.0013139834447732097,0.0004560331547974515,0.4006783246239962,0.20725662748549947,-0.0063425240340813415,0.001279448998099765,1.0289792511376121,1.0143861449850406,1.0,1.0143861449850406,0.005158425074544881,0.07207415990730184,4316
75,0.7,9.0,2420,0,33a310dd,0.703,75.03333333333335,0.0942809041582043,0.4228078587517337,0.0004347001656311,91.36666666666667,0.1247219128924639,16.333333333333332,0.0471404520791021,7.204,72.8,Scope_TrialNumber_0_75.00W_0.70Torr_9.00NitrogenFlow_2420.00MHz.csv,/home/user/MiniChamberDataAnalysis/TestData/Nafisa_Requested_Data_0.7Torr/LAS_DataFrame_33a310dd_Laser_True_20260922_151050.csv,34299012,33a310dd|Scope_TrialNumber_0_75.00W_0.70Torr_9.00NitrogenFlow_2420.00MHz.csv,0,leading partial,1.4206144685415472,0.1553716321186551,0.07616748133126462,0.012437374640572098,0.05036874744821526,0.0032147191212936314,0.6032794189684572,0.06598025715235198,0.0043379942674933916,-0.0019265200260288925,1.1710577415025905,1.0821542133645234,6.13484923445288,6.638852947419306,0.004085559706741625,0.012510357379218982,6153
75,0.7,9.0,2420,0,33a310dd,0.703,75.03333333333335,0.0942809041582043,0.4228078587517337,0.0004347001656311,91.36666666666667,0.1247219128924639,16.333333333333332,0.0471404520791021,7.204,72.8,Scope_TrialNumber_0_75.00W_0.70Torr_9.00NitrogenFlow_2420.00MHz.csv,/home/user/MiniChamberDataAnalysis/TestData/Nafisa_Requested_Data_0.7Torr/LAS_DataFrame_33a310dd_Laser_True_20260922_151050.csv,34299012,33a310dd|Scope_TrialNumber_0_75.00W_0.70Torr_9.00NitrogenFlow_2420.00MHz.csv,3,full 2,1.6740834578121717,0.04497785548327434,0.15016114545126194,0.0038467312017122185,0.08426520027473054,0.0018908455573992673,0.7109177881107128,0.019100336596074456,-0.003922607571543508,5.565438607908248e-05,1.3862333456851197,1.17738411136091,10.031772508019673,11.81124955972955,0.004600889502069859,0.012571420925861707,25625
75,0.7,9.0,2420,0,33a310dd,0.703,75.03333333333335,0.0942809041582043,0.4228078587517337,0.0004347001656311,91.36666666666667,0.1247219128924639,16.333333333333332,0.0471404520791021,7.204,72.8,Scope_TrialNumber_0_75.00W_0.70Torr_9.00NitrogenFlow_2420.00MHz.csv,/home/user/MiniChamberDataAnalysis/TestData/Nafisa_Requested_Data_0.7Torr/LAS_DataFrame_33a310dd_Laser_True_20260922_151050.csv,34299012,33a310dd|Scope_TrialNumber_0_75.00W_0.70Torr_9.00NitrogenFlow_2420.00MHz.csv,6,full 5,1.6084253809191627,0.045242827529251524,0.14384757850509355,0.003847361110369217,0.08401743674371383,0.0019557280412389037,0.683035370075603,0.019212859863632126,-0.004375530354683801,6.80661294082928e-05,1.4162786743478266,1.190075070887474,10.29646270687799,12.253563585778059,0.004596080515086729,0.014838382918804164,25581
75,0.7,9.0,2420,0,33a310dd,0.703,75.03333333333335,0.0942809041582043,0.4228078587517337,0.0004347001656311,91.36666666666667,0.1247219128924639,16.333333333333332,0.0471404520791021,7.204,72.8,Scope_TrialNumber_0_75.00W_0.70Torr_9.00NitrogenFlow_2420.00MHz.csv,/home/user/MiniChamberDataAnalysis/TestData/Nafisa_Requested_Data_0.7Torr/LAS_DataFrame_33a310dd_Laser_True_20260922_151050.csv,34299012,33a310dd|Scope_TrialNumber_0_75.00W_0.70Torr_9.00NitrogenFlow_2420.00MHz.csv,9,full 8,1.6295537136711598,0.04244651485054953,0.14622629018658953,0.003623099805263945,0.08429941705803522,0.0018240891460395807,0.6920077468806083,0.018025375204410433,-0.003854615291375659,4.736038186011635e-05,1.376057339290459,1.1730547043043043,9.829417807017803,11.530444799094731,0.0045526627657701555,0.017367421969812866,25584
75,0.7,9.0,2420,0,33a310dd,0.703,75.03333333333335,0.0942809041582043,0.4228078587517337,0.0004347001656311,91.36666666666667,0.1247219128924639,16.333333333333332,0.0471404520791021,7.204,72.8,Scope_TrialNumber_0_75.00W_0.70Torr_9.00NitrogenFlow_2420.00MHz.csv,/home/user/MiniChamberDataAnalysis/TestData/Nafisa_Requested_Data_0.7Torr/LAS_DataFrame_33a310dd_Laser_True_20260922_151050.csv,34299012,33a310dd|Scope_TrialNumber_0_75.00W_0.70Torr_9.00NitrogenFlow_2420.00MHz.csv,13,trailing partial,0.4137418711433262,0.08264192457196612,0.0015339911530803819,0.00033402663280815686,0.003483061722558799,0.0005601395862785112,0.17569999542699172,0.03509479407836447,-0.008851185489442866,0.0015298768867282504,0.9872253383723075,1.0,1.4731106887276384,1.4731106887276384,0.005231067912801969,0.05391621211167949,5609
80,0.7,9.0,2420,0,33a310dd,0.703,79.93333333333334,0.1885618083164053,0.4244654607830003,0.000441614446084,97.5,0.2160246899469273,17.566666666666666,0.0471404520791038,7.209,72.79,Scope_TrialNumber_0_80.00W_0.70Torr_9.00NitrogenFlow_2420.00MHz.csv,/home/user/MiniChamberDataAnalysis/TestData/Nafisa_Requested_Data_0.7Torr/LAS_DataFrame_33a310dd_Laser_True_20260922_151050.csv,34299012,33a310dd|Scope_TrialNumber_0_80.00W_0.70Torr_9.00NitrogenFlow_2420.00MHz.csv,0,leading partial,1.2721349362975496,0.13827326013442115,0.07934769874045006,0.012734477507816309,0.058596131627952484,0.0036186891809102547,0.5402259671527596,0.058719247114530075,0.003596354947384606,-0.002186299051255023,1.2466332796092303,1.116527330435413,7.086487857317321,7.912257369493479,0.004070663767395743,0.02202584664536748,6315
80,0.7,9.0,2420,0,33a310dd,0.703,79.93333333333334,0.1885618083164053,0.4244654607830003,0.000441614446084,97.5,0.2160246899469273,17.566666666666666,0.0471404520791038,7.209,72.79,Scope_TrialNumber_0_80.00W_0.70Torr_9.00NitrogenFlow_2420.00MHz.csv,/home/user/MiniChamberDataAnalysis/TestData/Nafisa_Requested_Data_0.7Torr/LAS_DataFrame_33a310dd_Laser_True_20260922_151050.csv,34299012,33a310dd|Scope_TrialNumber_0_80.00W_0.70Torr_9.00NitrogenFlow_2420.00MHz.csv,5,full 4,1.5840111126368157,0.043778170272485935,0.14661984763276348,0.003842245976959908,0.08695655577453143,0.0019866983783387096,0.6726675849304642,0.018590877194571597,-0.005131742689352884,4.005686717956715e-05,1.4404586600227414,1.2001910931275659,10.395965497893888,12.477145195033726,0.004596633236998748,0.03256944619494124,25821
80,0.7,9.0,2420,0,33a310dd,0.703,79.93333333333334,0.1885618083164053,0.4244654607830003,0.000441614446084,97.5,0.2160246899469273,17.566666666666666,0.0471404520791038,7.209,72.79,Scope_TrialNumber_0_80.00W_0.70Torr_9.00NitrogenFlow_2420.00MHz.csv,/home/user/MiniChamberDataAnalysis/TestData/Nafisa_Requested_Data_0.7Torr/LAS_DataFrame_33a310dd_Laser_True_20260922_151050.csv,34299012,33a310dd|Scope_TrialNumber_0_80.00W_0.70Torr_9.00NitrogenFlow_2420.00MHz.csv,11,full 10,1.6180898905726888,0.03807879710052282,0.1510104187413241,0.0033897694514167915,0.0876742495359354,0.0017379012885612318,0.68713950944452,0.01617057625310912,-0.005201247201158618,1.5745503459561068e-05,1.3159029615979005,1.1471281365208947,9.403335855721732,10.786831137254184,0.004622029016052797,0.023557041422430397,25786
80,0.7,9.0,2420,0,33a310dd,0.703,79.93333333333334,0.1885618083164053,0.4244654607830003,0.000441614446084,97.5,0.2160246899469273,17.566666666666666,0.0471404520791038,7.209,72.79,Scope_TrialNumber_0_80.00W_0.70Torr_9.00NitrogenFlow_2420.00MHz.csv,/home/user/MiniChamberDataAnalysis/TestData/Nafisa_Requested_Data_0.7Torr/LAS_DataFrame_33a310dd_Laser_True_20260922_151050.csv,34299012,33a310dd|Scope_TrialNumber_0_80.00W_0.70Torr_9.00NitrogenFlow_2420.00MHz.csv,17,full 16,1.6309127011981204,0.04072929592099211,0.15197419654812325,0.0036177946312236572,0.08754007834561059,0.0018369562107234758,0.6925848557470918,0.017296139468040244,-0.005070626237006812,3.771297001300719e-05,1.3689092278917587,1.1700039435368408,9.801549332946234,11.467851372317984,0.004593721915997324,0.02727732196801641,25684
80,0.7,9.0,2420,0,33a310dd,0.703,79.93333333333334,0.1885618083164053,0.4244654607830003,0.000441614446084,97.5,0.2160246899469273,17.566666666666666,0.0471404520791038,7.209,72.79,Scope_TrialNumber_0_80.00W_0.70Torr_9.00NitrogenFlow_2420.00MHz.csv,/home/user/MiniChamberDataAnalysis/TestData/Nafisa_Requested_Data_0.7Torr/LAS_DataFrame_33a310dd_Laser_True_20260922_151050.csv,34299012,33a310dd|Scope_TrialNumber_0_80.00W_0.70Torr_9.00NitrogenFlow_2420.00MHz.csv,23,trailing partial,2.23286846354249,1.2690562329744273,0.00943523531433799,0.009657016889380872,0.00396969724474048,0.0019331564881589415,0.9482119316311253,0.5389185622282862,-0.0075887324910998725,0.00015774377014731887,1.0535230393523454,1.0264127042044762,2.070920146844297,2.1256187481139857,0.005117310491405597,0.033146249959934516,5774
85,0.7,9.0,2420,0,33a310dd,0.703,84.86666666666666,0.0942809041582076,0.4322515229199437,0.0001951464026372,104.36666666666667,0.0942809041582076,19.5,0.0,7.204,72.8,Scope_TrialNumber_0_85.00W_0.70Torr_9.00NitrogenFlow_2420.00MHz.csv,/home/user/MiniChamberDataAnalysis/TestData/Nafisa_Requested_Data_0.7Torr/LAS_DataFrame_33a310dd_Laser_True_20260922_151050.csv,34299012,33a310dd|Scope_TrialNumber_0_85.00W_0.70Torr_9.00NitrogenFlow_2420.00MHz.csv,0,leading partial,1.4300891331708383,0.1409630040565318,0.08846535751958344,0.013061670516978256,0.05811361879459942,0.003367714552914449,0.6073029385784945,0.059861476189650466,0.0036586573800876884,-0.00214988534952425,1.2091637308306349,1.0996198119489458,6.4547802667923975,7.097804263142022,0.004079377168330007,0.02228016987912442,6183
85,0.7,9.0,2420,0,33a310dd,0.703,84.86666666666666,0.0942809041582076,0.4322515229199437,0.0001951464026372,104.36666666666667,0.0942809041582076,19.5,0.0,7.204,72.8,Scope_TrialNumber_0_85.00W_0.70Torr_9.00NitrogenFlow_2420.00MHz.csv,/home/user/MiniChamberDataAnalysis/TestData/Nafisa_Requested_Data_0.7Torr/LAS_DataFrame_33a310dd_Laser_True_20260922_151050.csv,34299012,33a310dd|Scope_TrialNumber_0_85.00W_0.70Torr_9.00NitrogenFlow_2420.00MHz.csv,1,full 0,1.577014215494139,0.042625974837168124,0.1477945828816869,0.0037936013875817876,0.08804216181742976,0.0019751604684463387,0.6696962762916401,0.018101584843867716,-0.005729195624595068,8.677011808707134e-05,1.4352690830788741,1.198027162913627,10.343647213284186,12.391970325110297,0.004594774503578233,0.02209656283210304,25787
85,0.7,9.0,2420,0,33a310dd,0.703,84.86666666666666,0.0942809041582076,0.4322515229199437,0.0001951464026372,104.36666666666667,0.0942809041582076,19.5,0.0,7.204,72.8,Scope_TrialNumber_0_85.00W_0.70Torr_9.00NitrogenFlow_2420.00MHz.csv,/home/user/MiniChamberDataAnalysis/TestData/Nafisa_Requested_Data_0.7Torr/LAS_DataFrame_33a310dd_Laser_True_20260922_151050.csv,34299012,33a310dd|Scope_TrialNumber_0_85.00W_0.70Torr_9.00NitrogenFlow_2420.00MHz.csv,2,full 1,1.6869222964649149,0.04071578404928904,0.160109131901591,0.003712721587079129,0.0891638503348945,0.0018478361429904075,0.7163699408897904,0.01729040150444019,-0.005643190066126725,5.015641162318247e-05,1.3523931551332602,1.1629243978579433,9.757607595003128,11.347359936953106,0.004637759115632809,0.029553354171972912,25792
85,0.7,9.0,2420,0,33a310dd,0.703,84.86666666666666,0.0942809041582076,0.4322515229199437,0.0001951464026372,104.36666666666667,0.0942809041582076,19.5,0.0,7.204,72.8,Scope_TrialNumber_0_85.00W_0.70Torr_9.00NitrogenFlow_2420.00MHz.csv,/home/user/MiniChamberDataAnalysis/TestData/Nafisa_Requested_Data_0.7Torr/LAS_DataFrame_33a310dd_Laser_True_20260922_151050.csv,34299012,33a310dd|Scope_TrialNumber_0_85.00W_0.70Torr_9.00NitrogenFlow_2420.00MHz.csv,3,full 2,1.6477755431470829,0.04274355659936784,0.15531266765280852,0.003843476859421551,0.08854756368617493,0.0019349594118338316,0.6997458453881245,0.018151517220843967,-0.005573240621383627,7.159495405661044e-05,1.4141357376887154,1.1891743933034866,10.06729138508024,11.971765125062213,0.004633258383201319,0.02579386316234119,25886
85,0.7,9.0,2420,0,33a310dd,0.703,84.86666666666666,0.0942809041582076,0.4322515229199437,0.0001951464026372,104.36666666666667,0.0942809041582076,19.5,0.0,7.204,72.8,Scope_TrialNumber_0_85.00W_0.70Torr_9.00NitrogenFlow_2420.00MHz.csv,/home/user/MiniChamberDataAnalysis/TestData/Nafisa_Requested_Data_0.7Torr/LAS_DataFrame_33a310dd_Laser_True_20260922_151050.csv,34299012,33a310dd|Scope_TrialNumber_0_85.00W_0.70Torr_9.00NitrogenFlow_2420.00MHz.csv,4,trailing partial,1.6416512051909435,5.135657337111011,0.0010823433327924437,0.005110093565801941,0.0006193725390400327,0.0012881868995246468,0.6971450785188842,2.180912867608749,-0.010179859437931937,0.001610131406918294,1.074445726571371,1.0365547388205656,2.6594586276713685,2.756674443209995,0.005149276335394173,0.11047747923341564,5856
90,0.7,9.0,2420,0,33a310dd,0.703,90.03333333333335,0.1699673171197563,0.4417824597622807,0.0004500640505589,111.86666666666667,0.2624669291337253,21.83333333333333,0.094280904158206,7.2,72.79,Scope_TrialNumber_0_90.00W_0.70Torr_9.00NitrogenFlow_2420.00MHz.csv,/home/user/MiniChamberDataAnalysis/TestData/Nafisa_Requested_Data_0.7Torr/LAS_DataFrame_33a310dd_Laser_True_20260922_151050.csv,34299012,33a310dd|Scope_TrialNumber_0_90.00W_0.70Torr_9.00NitrogenFlow_2420.00MHz.csv,0,leading partial,1.4167448579155786,0.1370301158349634,0.09316833855522953,0.013468409002938631,0.061779515164125734,0.003493783094036513,0.6016361466368265,0.05819133233731346,0.004161240659125753,-0.002215282074862403,1.213768035851847,1.1017114122363656,6.761338327566846,7.449043597471536,0.004075482635179232,0.013692802547770807,6291
90,0.7,9.0,2420,0,33a310dd,0.703,90.03333333333335,0.1699673171197563,0.4417824597622807,0.0004500640505589,111.86666666666667,0.2624669291337253,21.83333333333333,0.094280904158206,7.2,72.79,Scope_TrialNumber_0_90.00W_0.70Torr_9.00NitrogenFlow_2420.00MHz.csv,/home/user/MiniChamberDataAnalysis/TestData/Nafisa_Requested_Data_0.7Torr/LAS_DataFrame_33a310dd_Laser_True_20260922_151050.csv,34299012,33a310dd|Scope_TrialNumber_0_90.00W_0.70Torr_9.00NitrogenFlow_2420.00MHz.csv,7,full 6,1.5728187943802814,0.04172573749824911,0.14818532555544356,0.0037184175685207946,0.08851039896040876,0.001938790592263392,0.6679146449849461,0.01771928924517912,-0.0054718455085673925,7.31557362445693e-05,1.452411902082923,1.2051605295905283,10.241064315492633,12.342126494029763,0.0045357467584096365,0.028926084677723087,25972
90,0.7,9.0,2420,0,33a310dd,0.703,90.03333333333335,0.1699673171197563,0.4417824597622807,0.0004500640505589,111.86666666666667,0.2624669291337253,21.83333333333333,0.094280904158206,7.2,72.79,Scope_TrialNumber_0_90.00W_0.70Torr_9.00NitrogenFlow_2420.00MHz.csv,/home/user/MiniChamberDataAnalysis/TestData/Nafisa_Requested_Data_0.7Torr/LAS_DataFrame_33a310dd_Laser_True_20260922_151050.csv,34299012,33a310dd|Scope_TrialNumber_0_90.00W_0.70Torr_9.00NitrogenFlow_2420.00MHz.csv,13,full 12,1.6596239194925886,0.04360466812660033,0.15655049239696098,0.003923395125019721,0.08861608152855276,0.0019412562596550558,0.7047773875522518,0.018517197617122897,-0.005520060532344363,5.97265945169233e-05,1.3914410161001798,1.1795935808998708,10.208735788985237,12.042159205789764,0.00464471999803415,0.01848086541401329,25870
90,0.7,9.0,2420,0,33a310dd,0.703,90.03333333333335,0.1699673171197563,0.4417824597622807,0.0004500640505589,111.86666666666667,0.2624669291337253,21.83333333333333,0.094280904158206,7.2,72.79,Scope_TrialNumber_0_90.00W_0.70Torr_9.00NitrogenFlow_2420.00MHz.csv,/home/user/MiniChamberDataAnalysis/TestData/Nafisa_Requested_Data_0.7Torr/LAS_DataFrame_33a310dd_Laser_True_20260922_151050.csv,34299012,33a310dd|Scope_TrialNumber_0_90.00W_0.70Torr_9.00NitrogenFlow_2420.00MHz.csv,22,full 21,1.6376316519250198,0.04157961556505004,0.1551188504728686,0.0037589113859252932,0.08898486457070623,0.0018870597862134704,0.6954381314108002,0.01765723697349602,-0.005373127636422056,6.54987328505102e-05,1.396573123076484,1.18176694956175,10.000217807312584,11.817926893100884,0.004608216839798743,0.014329283326608603,25947
90,0.7,9.0,2420,0,33a310dd,0.703,90.03333333333335,0.1699673171197563,0.4417824597622807,0.0004500640505589,111.86666666666667,0.2624669291337253,21.83333333333333,0.094280904158206,7.2,72.79,Scope_TrialNumber_0_90.00W_0.70Torr_9.00NitrogenFlow_2420.00MHz.csv,/home/user/MiniChamberDataAnalysis/TestData/Nafisa_Requested_Data_0.7Torr/LAS_DataFrame_33a310dd_Laser_True_20260922_151050.csv,34299012,33a310dd|Scope_TrialNumber_0_90.00W_0.70Torr_9.00NitrogenFlow_2420.00MHz.csv,30,trailing partial,2.1305469777866732,1.8534697568449747,0.007764593150135271,0.011687645410585666,0.003423697451980521,0.0023534881488205526,0.9047599973859877,0.7870961353314855,-0.008233096554481952,0.0005021694464594705,1.0608964678186894,1.0299982853474512,2.754166603839153,2.8367868795155404,0.005108255225031529,0.0132032146957483,5884
95,0.7,9.0,2420,0,33a310dd,0.703,94.86666666666667,0.2054804667656385,0.4593244811478674,0.0006927492247176,120.23333333333332,0.1699673171197609,25.366666666666664,0.0471404520791021,7.196,72.81,Scope_TrialNumber_0_95.00W_0.70Torr_9.00NitrogenFlow_2420.00MHz.csv,/home/user/MiniChamberDataAnalysis/TestData/Nafisa_Requested_Data_0.7Torr/LAS_DataFrame_33a310dd_Laser_True_20260922_151050.csv,34299012,33a310dd|Scope_TrialNumber_0_95.00W_0.70Torr_9.00NitrogenFlow_2420.00MHz.csv,0,leading partial,1.46345322768941,0.13723592390445358,0.10184852589748575,0.014318436360853374,0.06537981549281963,0.003605999722979076,0.621471364989241,0.058278730977360055,0.00407731537746651,-0.002215707252713439,1.2327091208131578,1.1102743448414711,7.009045683718855,7.781963604454893,0.004021937322656038,0.018989433237271917,6245
95,0.7,9.0,2420,0,33a310dd,0.703,94.86666666666667,0.2054804667656385,0.4593244811478674,0.0006927492247176,120.23333333333332,0.1699673171197609,25.366666666666664,0.0471404520791021,7.196,72.81,Scope_TrialNumber_0_95.00W_0.70Torr_9.00NitrogenFlow_2420.00MHz.csv,/home/user/MiniChamberDataAnalysis/TestData/Nafisa_Requested_Data_0.7Torr/LAS_DataFrame_33a310dd_Laser_True_20260922_151050.csv,34299012,33a310dd|Scope_TrialNumber_0_95.00W_0.70Torr_9.00NitrogenFlow_2420.00MHz.csv,7,full 6,1.6572606320756216,0.0401858267038827,0.1615809506488218,0.0037536713481335104,0.09159402306993639,0.0018943011004977923,0.7037737917904636,0.017065349341102005,-0.006741031299950951,0.00012014807338074681,1.451298866801719,1.2046986622395324,9.87252052685814,11.893412271638326,0.004542536585504371,0.02992510563182621,26062
95,0.7,9.0,2420,0,33a310dd,0.703,94.86666666666667,0.2054804667656385,0.4593244811478674,0.0006927492247176,120.23333333333332,0.1699673171197609,25.366666666666664,0.0471404520791021,7.196,72.81,Scope_TrialNumber_0_95.00W_0.70Torr_9.00NitrogenFlow_2420.00MHz.csv,/home/user/MiniChamberDataAnalysis/TestData/Nafisa_Requested_Data_0.7Torr/LAS_DataFrame_33a310dd_Laser_True_20260922_151050.csv,34299012,33a310dd|Scope_TrialNumber_0_95.00W_0.70Torr_9.00NitrogenFlow_2420.00MHz.csv,12,full 11,1.5335966539544894,0.04523838468007791,0.147159245173888,0.004108011733201209,0.09014552846419731,0.0021916747230633442,0.6512585355261545,0.019210973159302855,-0.006360285282699648,9.158145225912988e-05,1.5239058741115314,1.2344658254125676,11.032929917983141,13.61977493792207,0.004625755469865149,0.017391816135078897,25993
95,0.7,9.0,2420,0,33a310dd,0.703,94.86666666666667,0.2054804667656385,0.4593244811478674,0.0006927492247176,120.23333333333332,0.1699673171197609,25.366666666666664,0.0471404520791021,7.196,72.81,Scope_TrialNumber_0_95.00W_0.70Torr_9.00NitrogenFlow_2420.00MHz.csv,/home/user/MiniChamberDataAnalysis/TestData/Nafisa_Requested_Data_0.7Torr/LAS_DataFrame_33a310dd_Laser_True_20260922_151050.csv,34299012,33a310dd|Scope_TrialNumber_0_95.00W_0.70Torr_9.00NitrogenFlow_2420.00MHz.csv,19,full 18,1.6475917735423435,0.041950470326910544,0.1599249812849934,0.0038836588911500217,0.09118732663458864,0.0019520019963830324,0.6996678056223568,0.017814724490490392,-0.006217084017305916,9.125932564874877e-05,1.4590457002283805,1.207909640754796,10.149987420161764,12.260267658353296,0.004561301124144589,0.015115735870561581,26004
95,0.7,9.0,2420,0,33a310dd,0.703,94.86666666666667,0.2054804667656385,0.4593244811478674,0.0006927492247176,120.23333333333332,0.1699673171197609,25.366666666666664,0.0471404520791021,7.196,72.81,Scope_TrialNumber_0_95.00W_0.70Torr_9.00NitrogenFlow_2420.00MHz.csv,/home/user/MiniChamberDataAnalysis/TestData/Nafisa_Requested_Data_0.7Torr/LAS_DataFrame_33a310dd_Laser_True_20260922_151050.csv,34299012,33a310dd|Scope_TrialNumber_0_95.00W_0.70Torr_9.00NitrogenFlow_2420.00MHz.csv,24,trailing partial,1.4075126732047674,6.63269403778527,0.0012419849390753381,0.008951879826515827,0.0008289566222478656,0.002374204684233204,0.5977155987672377,2.816645820465698,-0.01054711910793186,0.0018002359953441837,1.1267931062587975,1.0615051136281903,3.762319770826622,3.9937216758369,0.005090904604854347,0.0843917583968397,6226
100,0.7,9.0,2420,0,33a310dd,0.703,100.0,0.1414213562373148,0.4822245296031722,0.0002615412063662,130.29999999999998,0.1414213562373148,30.3,0.0,7.198,72.79,Scope_TrialNumber_0_100.00W_0.70Torr_9.00NitrogenFlow_2420.00MHz.csv,/home/user/MiniChamberDataAnalysis/TestData/Nafisa_Requested_Data_0.7Torr/LAS_DataFrame_33a310dd_Laser_True_20260922_151050.csv,34299012,33a310dd|Scope_TrialNumber_0_100.00W_0.70Torr_9.00NitrogenFlow_2420.00MHz.csv,0,leading partial,1.306479384801495,0.14361686589616626,0.08524089421717546,0.013868072519507207,0.06129333124492829,0.0038500841296340692,0.5548107115693947,0.060988467547327466,0.003535012006799018,-0.0022204280821004553,1.2580778030693534,1.1216406746678516,7.518276381137199,8.432804592478101,0.00401605587739967,0.03455613026819915,6266
100,0.7,9.0,2420,0,33a310dd,0.703,100.0,0.1414213562373148,0.4822245296031722,0.0002615412063662,130.29999999999998,0.1414213562373148,30.3,0.0,7.198,72.79,Scope_TrialNumber_0_100.00W_0.70Torr_9.00NitrogenFlow_2420.00MHz.csv,/home/user/MiniChamberDataAnalysis/TestData/Nafisa_Requested_Data_0.7Torr/LAS_DataFrame_33a310dd_Laser_True_20260922_151050.csv,34299012,33a310dd|Scope_TrialNumber_0_100.00W_0.70Torr_9.00NitrogenFlow_2420.00MHz.csv,10,full 9,1.6089084931680988,0.041036548677963657,0.15444067260476638,0.0037503072261346943,0.09017748728933263,0.0019219487038221713,0.6832405289581068,0.01742661770038751,-0.0060688106756159,4.588517330388746e-05,1.3955924270016948,1.1813519488288386,10.15679695769965,11.9987518798373,0.0046040575501228795,0.009868782131082679,26112
100,0.7,9.0,2420,0,33a310dd,0.703,100.0,0.1414213562373148,0.4822245296031722,0.0002615412063662,130.29999999999998,0.1414213562373148,30.3,0.0,7.198,72.79,Scope_TrialNumber_0_100.00W_0.70Torr_9.00NitrogenFlow_2420.00MHz.csv,/home/user/MiniChamberDataAnalysis/TestData/Nafisa_Requested_Data_0.7Torr/LAS_DataFrame_33a310dd_Laser_True_20260922_151050.csv,34299012,33a310dd|Scope_TrialNumber_0_100.00W_0.70Torr_9.00NitrogenFlow_2420.00MHz.csv,20,full 19,1.6434360158943813,0.04154455573048723,0.15848221307020008,0.0038120775342834834,0.09059318253284249,0.0019161243515627363,0.6979030178387927,0.017642348432591676,-0.006317066712234269,4.493941934258772e-05,1.4201057508370103,1.191681900020727,10.108998582472669,12.046710638067866,0.0045566754859328994,0.01206452583261952,26077
100,0.7,9.0,2420,0,33a310dd,0.703,100.0,0.1414213562373148,0.4822245296031722,0.0002615412063662,130.29999999999998,0.1414213562373148,30.3,0.0,7.198,72.79,Scope_TrialNumber_0_100.00W_0.70Torr_9.00NitrogenFlow_2420.00MHz.csv,/home/user/MiniChamberDataAnalysis/TestData/Nafisa_Requested_Data_0.7Torr/LAS_DataFrame_33a310dd_Laser_True_20260922_151050.csv,34299012,33a310dd|Scope_TrialNumber_0_100.00W_0.70Torr_9.00NitrogenFlow_2420.00MHz.csv,29,full 28,1.6894397385511095,0.04092967544715582,0.16361763785384503,0.0037900522345203675,0.09098194208720585,0.0018728160687820354,0.7174390001121743,0.017381232817991355,-0.006032768395860782,4.309110152688786e-05,1.3981783791008144,1.1824459307303714,9.948910315706575,11.764048518008655,0.004549405008869181,0.022125764698361354,26081
100,0.7,9.0,2420,0,33a310dd,0.703,100.0,0.1414213562373148,0.4822245296031722,0.0002615412063662,130.29999999999998,0.1414213562373148,30.3,0.0,7.198,72.79,Scope_TrialNumber_0_100.00W_0.70Torr_9.00NitrogenFlow_2420.00MHz.csv,/home/user/MiniChamberDataAnalysis/TestData/Nafisa_Requested_Data_0.7Torr/LAS_DataFrame_33a310dd_Laser_True_20260922_151050.csv,34299012,33a310dd|Scope_TrialNumber_0_100.00W_0.70Torr_9.00NitrogenFlow_2420.00MHz.csv,41,trailing partial,2.2166864064467107,1.2863836959403654,0.013070525989675164,0.013378200073779106,0.005539321814399681,0.002648791239144021,0.94134004469865,0.5462768582486134,-0.007957706534953013,-3.0702454529799756e-05,1.0686512989407027,1.0337559184549816,3.048345027891516,3.1512447140756707,0.005081736839786699,0.08965135583840493,6122
105,0.7,9.0,2420,0,33a310dd,0.703,105.16666666666669,0.1247219128924677,0.5101549406983393,0.0002238341734229,142.16666666666666,0.1247219128924677,37.0,0.0,7.206,72.79,Scope_TrialNumber_0_105.00W_0.70Torr_9.00NitrogenFlow_2420.00MHz.csv,/home/user/MiniChamberDataAnalysis/TestData/Nafisa_Requested_Data_0.7Torr/LAS_DataFrame_33a310dd_Laser_True_20260922_151050.csv,34299012,33a310dd|Scope_TrialNumber_0_105.00W_0.70Torr_9.00NitrogenFlow_2420.00MHz.csv,0,leading partial,1.3655447634728837,0.13591356556987486,0.08634195864230247,0.012775135344339586,0.05939963070726036,0.003409774497436922,0.5798934684433333,0.05771717709668492,0.005524565677811945,-0.002133165351571583,1.248417018294967,1.1173258335396024,6.683757450478873,7.467934864532834,0.004014300418951799,0.01079213846651571,6224
105,0.7,9.0,2420,0,33a310dd,0.703,105.16666666666669,0.1247219128924677,0.5101549406983393,0.0002238341734229,142.16666666666666,0.1247219128924677,37.0,0.0,7.206,72.79,Scope_TrialNumber_0_105.00W_0.70Torr_9.00NitrogenFlow_2420.00MHz.csv,/home/user/MiniChamberDataAnalysis/TestData/Nafisa_Requested_Data_0.7Torr/LAS_DataFrame_33a310dd_Laser_True_20260922_151050.csv,34299012,33a310dd|Scope_TrialNumber_0_105.00W_0.70Torr_9.00NitrogenFlow_2420.00MHz.csv,5,full 4,1.6158951788575124,0.05176036861848448,0.14406953660861405,0.004375742625743296,0.08375808974862389,0.0021605483607920473,0.6862075011919965,0.021980604729311362,-0.003504532281678262,5.131304543154502e-05,1.5891717878669231,1.2606235710420948,11.128631834607646,14.029015604155829,0.004507953919954696,0.021231345129797095,26071
105,0.7,9.0,2420,0,33a310dd,0.703,105.16666666666669,0.1247219128924677,0.5101549406983393,0.0002238341734229,142.16666666666666,0.1247219128924677,37.0,0.0,7.206,72.79,Scope_TrialNumber_0_105.00W_0.70Torr_9.00NitrogenFlow_2420.00MHz.csv,/home/user/MiniChamberDataAnalysis/TestData/Nafisa_Requested_Data_0.7Torr/LAS_DataFrame_33a310dd_Laser_True_20260922_151050.csv,34299012,33a310dd|Scope_TrialNumber_0_105.00W_0.70Torr_9.00NitrogenFlow_2420.00MHz.csv,11,full 10,1.6429087956505908,0.04430394385522222,0.14825886881778824,0.0038156325764386973,0.08477640915551665,0.0018914917012231274,0.6976791280154905,0.018814152677488327,-0.003280332838428012,4.649768261867577e-06,1.3901943702876356,1.1790650407367846,10.116229104852895,11.927692081616025,0.004616843517012969,0.015275977212646506,26051
105,0.7,9.0,2420,0,33a310dd,0.703,105.16666666666669,0.1247219128924677,0.5101549406983393,0.0002238341734229,142.16666666666666,0.1247219128924677,37.0,0.0,7.206,72.79,Scope_TrialNumber_0_105.00W_0.70Torr_9.00NitrogenFlow_2420.00MHz.csv,/home/user/MiniChamberDataAnalysis/TestData/Nafisa_Requested_Data_0.7Torr/LAS_DataFrame_33a310dd_Laser_True_20260922_151050.csv,34299012,33a310dd|Scope_TrialNumber_0_105.00W_0.70Torr_9.00NitrogenFlow_2420.00MHz.csv,16,full 15,1.7077726275032254,0.040476210420818885,0.15549742621962023,0.003523657048956711,0.08553836534207124,0.0017072430334740887,0.72522426123682,0.017188663951723287,-0.003000436052843272,4.089242245911719e-06,1.3386484062361221,1.1569997434036543,9.299268307345237,10.759251045440173,0.004587967193864605,0.023885642043089284,26086
105,0.7,9.0,2420,0,33a310dd,0.703,105.16666666666669,0.1247219128924677,0.5101549406983393,0.0002238341734229,142.16666666666666,0.1247219128924677,37.0,0.0,7.206,72.79,Scope_TrialNumber_0_105.00W_0.70Torr_9.00NitrogenFlow_2420.00MHz.csv,/home/user/MiniChamberDataAnalysis/TestData/Nafisa_Requested_Data_0.7Torr/LAS_DataFrame_33a310dd_Laser_True_20260922_151050.csv,34299012,33a310dd|Scope_TrialNumber_0_105.00W_0.70Torr_9.00NitrogenFlow_2420.00MHz.csv,21,trailing partial,2.5723756189629796,1.7197558963455362,0.012424201224551009,0.014199324383878931,0.004537345830199712,0.0023374642299851455,1.0923873458573226,0.7303130869700634,-0.005674031033771779,0.0002409712115406178,1.1094864422637711,1.053321623372354,3.1116651475629693,3.277584184622202,0.005020761368257881,0.0064214827787505415,6088
110,0.7,9.0,2420,0,33a310dd,0.703,110.06666666666666,0.0942809041582009,0.5106839256054986,0.001367525286314,148.9,0.1632993161855475,38.833333333333336,0.2494438257849298,7.198,72.81,Scope_TrialNumber_0_110.00W_0.70Torr_9.00NitrogenFlow_2420.00MHz.csv,/home/user/MiniChamberDataAnalysis/TestData/Nafisa_Requested_Data_0.7Torr/LAS_DataFrame_33a310dd_Laser_True_20260922_151050.csv,34299012,33a310dd|Scope_TrialNumber_0_110.00W_0.70Torr_9.00NitrogenFlow_2420.00MHz.csv,0,leading partial,1.500666422679282,0.14133510486386996,0.09781531881296261,0.01384023653068424,0.06123369959642734,0.0034072291240170895,0.6372743538708746,0.060019492853438994,0.004214715027948337,-0.001846926494371227,1.225697546286661,1.1071122555037773,6.700447300395402,7.41814732362495,0.003989445471955854,0.028966083150984596,6366
110,0.7,9.0,2420,0,33a310dd,0.703,110.06666666666666,0.0942809041582009,0.5106839256054986,0.001367525286314,148.9,0.1632993161855475,38.833333333333336,0.2494438257849298,7.198,72.81,Scope_TrialNumber_0_110.00W_0.70Torr_9.00NitrogenFlow_2420.00MHz.csv,/home/user/MiniChamberDataAnalysis/TestData/Nafisa_Requested_Data_0.7Torr/LAS_DataFrame_33a310dd_Laser_True_20260922_151050.csv,34299012,33a310dd|Scope_TrialNumber_0_110.00W_0.70Torr_9.00NitrogenFlow_2420.00MHz.csv,4,full 3,1.681540707831823,0.043285027921779066,0.1540309797524116,0.0037764685990330027,0.08605348879161293,0.0018338665803854669,0.7140845906166569,0.018381458920021285,-0.0032207921888885442,3.750263353416645e-05,1.4295061602080965,1.1956195716899656,9.886199890969932,11.820134079282855,0.004518846038795968,0.03220294640726894,26112
110,0.7,9.0,2420,0,33a310dd,0.703,110.06666666666666,0.0942809041582009,0.5106839256054986,0.001367525286314,148.9,0.1632993161855475,38.833333333333336,0.2494438257849298,7.198,72.81,Scope_TrialNumber_0_110.00W_0.70Torr_9.00NitrogenFlow_2420.00MHz.csv,/home/user/MiniChamberDataAnalysis/TestData/Nafisa_Requested_Data_0.7Torr/LAS_DataFrame_33a310dd_Laser_True_20260922_151050.csv,34299012,33a310dd|Scope_TrialNumber_0_110.00W_0.70Torr_9.00NitrogenFlow_2420.00MHz.csv,8,full 7,1.6891444864095324,0.03731589948094895,0.1570748366770599,0.0033210298597230884,0.08735899048739695,0.0016454669208759896,0.7173136180719627,0.015846603463263158,-0.003177326003836252,-9.41405552245038e-07,1.2824960914083172,1.132473439603913,9.016305477154013,10.210726476232205,0.004629176833873021,0.023938828698803302,26210
110,0.7,9.0,2420,0,33a310dd,0.703,110.06666666666666,0.0942809041582009,0.5106839256054986,0.001367525286314,148.9,0.1632993161855475,38.833333333333336,0.2494438257849298,7.198,72.81,Scope_TrialNumber_0_110.00W_0.70Torr_9.00NitrogenFlow_2420.00MHz.csv,/home/user/MiniChamberDataAnalysis/TestData/Nafisa_Requested_Data_0.7Torr/LAS_DataFrame_33a310dd_Laser_True_20260922_151050.csv,34299012,33a310dd|Scope_TrialNumber_0_110.00W_0.70Torr_9.00NitrogenFlow_2420.00MHz.csv,12,full 11,1.6528122533329979,0.04055626358852852,0.1524210692351628,0.0035578421580749935,0.08663418014358314,0.001769352052434761,0.7018847392694396,0.01722265940198224,-0.0030677151270087103,2.0712568531569226e-05,1.39908023618379,1.1828272216109121,9.623836242478541,11.383335483929294,0.00451839959234997,0.013483387006679897,26191
110,0.7,9.0,2420,0,33a310dd,0.703,110.06666666666666,0.0942809041582009,0.5106839256054986,0.001367525286314,148.9,0.1632993161855475,38.833333333333336,0.2494438257849298,7.198,72.81,Scope_TrialNumber_0_110.00W_0.70Torr_9.00NitrogenFlow_2420.00MHz.csv,/home/user/MiniChamberDataAnalysis/TestData/Nafisa_Requested_Data_0.7Torr/LAS_DataFrame_33a310dd_Laser_True_20260922_151050.csv,34299012,33a310dd|Scope_TrialNumber_0_110.00W_0.70Torr_9.00NitrogenFlow_2420.00MHz.csv,16,trailing partial,2.2036468978742496,1.5743032955664038,0.011229258944844186,0.0129906410551982,0.00478714828366306,0.0023501150177574113,0.935802675250833,0.6685450545949098,-0.0057152240705735735,0.0003619790092586349,1.1028745399250681,1.0501783372004339,3.6196664010054604,3.801295242228193,0.005073053612454293,0.009335219236206015,6237
30,0.7,11.0,2420,0,33a310dd,0.701,30.03333333333333,0.0942809041582076,0.4997928377332011,0.0005892579527799,40.03333333333333,0.0942809041582076,10.0,0.0,8.796,71.21,Scope_TrialNumber_0_30.00W_0.70Torr_11.00NitrogenFlow_2420.00MHz.csv,/home/user/MiniChamberDataAnalysis/TestData/Nafisa_Requested_Data_0.7Torr/LAS_DataFrame_33a310dd_Laser_True_20260922_151050.csv,34299012,33a310dd|Scope_TrialNumber_0_30.00W_0.70Torr_11.00NitrogenFlow_2420.00MHz.csv,0,leading partial,1.2976730019798093,0.14622437067210994,0.03373147516367591,0.005631020707707832,0.024419561157504627,0.0015777053373574035,0.5510709851133249,0.06209577287260951,0.006599130721271749,-0.0007090050569564937,1.0587227180578338,1.0289425241760755,3.309794547195934,3.405588355895995,0.004021597803192785,0.021635118665811488,6253
30,0.7,11.0,2420,0,33a310dd,0.701,30.03333333333333,0.0942809041582076,0.4997928377332011,0.0005892579527799,40.03333333333333,0.0942809041582076,10.0,0.0,8.796,71.21,Scope_TrialNumber_0_30.00W_0.70Torr_11.00NitrogenFlow_2420.00MHz.csv,/home/user/MiniChamberDataAnalysis/TestData/Nafisa_Requested_Data_0.7Torr/LAS_DataFrame_33a310dd_Laser_True_20260922_151050.csv,34299012,33a310dd|Scope_TrialNumber_0_30.00W_0.70Torr_11.00NitrogenFlow_2420.00MHz.csv,3,full 2,1.523748297025059,0.03309408708964974,0.061177470991736295,0.0012557267098363193,0.037717775946599426,0.0006811195164376973,0.6470763234075632,0.014053764812934903,0.002745123462015543,5.872431081048085e-05,1.0913432792149929,1.0446737668837065,4.120570026401878,4.304651411189344,0.004487435030955939,0.01390404495612772,26193
30,0.7,11.0,2420,0,33a310dd,0.701,30.03333333333333,0.0942809041582076,0.4997928377332011,0.0005892579527799,40.03333333333333,0.0942809041582076,10.0,0.0,8.796,71.21,Scope_TrialNumber_0_30.00W_0.70Torr_11.00NitrogenFlow_2420.00MHz.csv,/home/user/MiniChamberDataAnalysis/TestData/Nafisa_Requested_Data_0.7Torr/LAS_DataFrame_33a310dd_Laser_True_20260922_151050.csv,34299012,33a310dd|Scope_TrialNumber_0_30.00W_0.70Torr_11.00NitrogenFlow_2420.00MHz.csv,5,full 4,1.5560944510556296,0.03660864832344998,0.06180761565416473,0.001374278226994969,0.03731417345115044,0.0007271292840406099,0.6608124702943821,0.015546261550091754,0.0028965778258309887,4.637194129195119e-05,1.0642923534609967,1.0316454591869229,4.364694574649119,4.502817338674561,0.004591338128708164,0.016676221220430425,26228
30,0.7,11.0,2420,0,33a310dd,0.701,30.03333333333333,0.0942809041582076,0.4997928377332011,0.0005892579527799,40.03333333333333,0.0942809041582076,10.0,0.0,8.796,71.21,Scope_TrialNumber_0_30.00W_0.70Torr_11.00NitrogenFlow_2420.00MHz.csv,/home/user/MiniChamberDataAnalysis/TestData/Nafisa_Requested_Data_0.7Torr/LAS_DataFrame_33a310dd_Laser_True_20260922_151050.csv,34299012,33a310dd|Scope_TrialNumber_0_30.00W_0.70Torr_11.00NitrogenFlow_2420.00MHz.csv,8,full 7,1.5989458862940846,0.03188186464059924,0.06297341356731063,0.0011937867522681658,0.03699910846214913,0.0006226769217641549,0.6790097993552071,0.013538981336546345,0.003073564345985652,4.0364326942174e-05,1.0621179185721923,1.0305910530235514,3.7455199595994055,3.860099359284281,0.004569342444204929,0.010381261991339123,26215
30,0.7,11.0,2420,0,33a310dd,0.701,30.03333333333333,0.0942809041582076,0.4997928377332011,0.0005892579527799,40.03333333333333,0.0942809041582076,10.0,0.0,8.796,71.21,Scope_TrialNumber_0_30.00W_0.70Torr_11.00NitrogenFlow_2420.00MHz.csv,/home/user/MiniChamberDataAnalysis/TestData/Nafisa_Requested_Data_0.7Torr/LAS_DataFrame_33a310dd_Laser_True_20260922_151050.csv,34299012,33a310dd|Scope_TrialNumber_0_30.00W_0.70Torr_11.00NitrogenFlow_2420.00MHz.csv,11,trailing partial,3.005845143494116,2.3335505909367678,0.011502540430357488,0.01989352359053319,0.003594967393252509,0.003522817207918849,1.2764649043297107,0.9909676944787931,0.0034249642568191475,-0.0008453021832195803,1.017990725942296,1.0089552645892166,1.8464389162451453,1.8629742652879469,0.005186667894727059,0.0038546255506588024,6336
35,0.7,11.0,2420,0,33a310dd,0.701,34.96666666666667,0.0942809041582076,0.4974836709326944,0.0005041554766371,46.46666666666667,0.0942809041582076,11.5,0.0,8.801,71.19,Scope_TrialNumber_0_35.00W_0.70Torr_11.00NitrogenFlow_2420.00MHz.csv,/home/user/MiniChamberDataAnalysis/TestData/Nafisa_Requested_Data_0.7Torr/LAS_DataFrame_33a310dd_Laser_True_20260922_151050.csv,34299012,33a310dd|Scope_TrialNumber_0_35.00W_0.70Torr_11.00NitrogenFlow_2420.00MHz.csv,0,leading partial,1.3240149737904778,0.147390466354442,0.04028498597675942,0.006646604532286839,0.0285836779399214,0.0018235798963269626,0.5622573905740115,0.06259096811472269,0.0066586527705373546,-0.0008043185689036073,1.0914090473544265,1.0447052442456803,3.8953699693600115,4.069513435267539,0.0039349540693696585,0.01843913727959692,6307
35,0.7,11.0,2420,0,33a310dd,0.701,34.96666666666667,0.0942809041582076,0.4974836709326944,0.0005041554766371,46.46666666666667,0.0942809041582076,11.5,0.0,8.801,71.19,Scope_TrialNumber_0_35.00W_0.70Torr_11.00NitrogenFlow_2420.00MHz.csv,/home/user/MiniChamberDataAnalysis/TestData/Nafisa_Requested_Data_0.7Torr/LAS_DataFrame_33a310dd_Laser_True_20260922_151050.csv,34299012,33a310dd|Scope_TrialNumber_0_35.00W_0.70Torr_11.00NitrogenFlow_2420.00MHz.csv,4,full 3,1.5204096025406035,0.0380391529105229,0.06544741239662318,0.0015480454524664723,0.040438930994041486,0.0008334697912760981,0.6456585104024885,0.016153740915698274,0.0026766279145372936,6.479236162283454e-05,1.0894776015437306,1.0437804374214583,4.9624181178832245,5.179674953752322,0.004572529479208609,0.01723320602516068,25307
35,0.7,11.0,2420,0,33a310dd,0.701,34.96666666666667,0.0942809041582076,0.4974836709326944,0.0005041554766371,46.46666666666667,0.0942809041582076,11.5,0.0,8.801,71.19,Scope_TrialNumber_0_35.00W_0.70Torr_11.00NitrogenFlow_2420.00MHz.csv,/home/user/MiniChamberDataAnalysis/TestData/Nafisa_Requested_Data_0.7Torr/LAS_DataFrame_33a310dd_Laser_True_20260922_151050.csv,34299012,33a310dd|Scope_TrialNumber_0_35.00W_0.70Torr_11.00NitrogenFlow_2420.00MHz.csv,8,full 7,1.5871625472485598,0.03606173591397124,0.06918031429591297,0.0014908575250230968,0.040947643525487715,0.0007767640177514716,0.6740058759894324,0.015314009233982585,0.0028990413889015687,4.026683780646195e-05,1.103601409207596,1.0505243496500194,4.617929766311193,4.851247664483532,0.0045363449163702075,0.022183642011736338,25279
35,0.7,11.0,2420,0,33a310dd,0.701,34.96666666666667,0.0942809041582076,0.4974836709326944,0.0005041554766371,46.46666666666667,0.0942809041582076,11.5,0.0,8.801,71.19,Scope_TrialNumber_0_35.00W_0.70Torr_11.00NitrogenFlow_2420.00MHz.csv,/home/user/MiniChamberDataAnalysis/TestData/Nafisa_Requested_Data_0.7Torr/LAS_DataFrame_33a310dd_Laser_True_20260922_151050.csv,34299012,33a310dd|Scope_TrialNumber_0_35.00W_0.70Torr_11.00NitrogenFlow_2420.00MHz.csv,12,full 11,1.562581232833626,0.03827727180984791,0.06648268224028758,0.001542699380199851,0.039969960455245895,0.0008133505011417062,0.6635671528832637,0.016254860701826936,0.002709054110373546,6.12425006458838e-05,1.1212101952920808,1.0588721335893587,4.847739126166949,5.13313587160901,0.004508865404830272,0.010259070657035504,25477
35,0.7,11.0,2420,0,33a310dd,0.701,34.96666666666667,0.0942809041582076,0.4974836709326944,0.0005041554766371,46.46666666666667,0.0942809041582076,11.5,0.0,8.801,71.19,Scope_TrialNumber_0_35.00W_0.70Torr_11.00NitrogenFlow_2420.00MHz.csv,/home/user/MiniChamberDataAnalysis/TestData/Nafisa_Requested_Data_0.7Torr/LAS_DataFrame_33a310dd_Laser_True_20260922_151050.csv,34299012,33a310dd|Scope_TrialNumber_0_35.00W_0.70Torr_11.00NitrogenFlow_2420.00MHz.csv,16,trailing partial,10.596689670116394,16291676.668156242,1.8944460277299816e-11,0.05352588410945024,1.679499236401126e-12,0.004745316498661514,4.499999773858355,6918438.078754388,0.001702273748638953,0.00025506158068893677,1.0638272679606435,1.0314200249949792,1.6002573474426611,1.6505374732977087,0.005119759315593159,0.02303294670287096,5462
40,0.7,11.0,2420,0,33a310dd,0.701,40.0,0.0816496580927737,0.4793548089024406,0.0008197339869788,51.93333333333334,0.0942809041582076,11.933333333333332,0.047140452079103,8.807,71.18,Scope_TrialNumber_0_40.00W_0.70Torr_11.00NitrogenFlow_2420.00MHz.csv,/home/user/MiniChamberDataAnalysis/TestData/Nafisa_Requested_Data_0.7Torr/LAS_DataFrame_33a310dd_Laser_True_20260922_151050.csv,34299012,33a310dd|Scope_TrialNumber_0_40.00W_0.70Torr_11.00NitrogenFlow_2420.00MHz.csv,0,leading partial,1.2694857833113797,0.12205153652496374,0.041222677287830224,0.005860429671603697,0.03050535916280868,0.001675010678851194,0.5391009754610335,0.05183051536465056,0.006940158575402046,-0.0009604513528998042,1.0052230255613017,1.0026081116574421,3.5059037068175143,3.5150474951451347,0.0041728648005642235,0.009506893235011133,6300
40,0.7,11.0,2420,0,33a310dd,0.701,40.0,0.0816496580927737,0.4793548089024406,0.0008197339869788,51.93333333333334,0.0942809041582076,11.933333333333332,0.047140452079103,8.807,71.18,Scope_TrialNumber_0_40.00W_0.70Torr_11.00NitrogenFlow_2420.00MHz.csv,/home/user/MiniChamberDataAnalysis/TestData/Nafisa_Requested_Data_0.7Torr/LAS_DataFrame_33a310dd_Laser_True_20260922_151050.csv,34299012,33a310dd|Scope_TrialNumber_0_40.00W_0.70Torr_11.00NitrogenFlow_2420.00MHz.csv,4,full 3,1.6557817363590972,0.038601135577957815,0.07917584713741425,0.001765714827027027,0.04492182800437698,0.0008886395826407583,0.7031457626042653,0.016392392981116517,0.0020845033193147484,6.088384760788709e-05,1.1135286986393749,1.0552386927323008,5.272804257942611,5.56406707218467,0.004513931824259388,0.017624428294894894,25258
40,0.7,11.0,2420,0,33a310dd,0.701,40.0,0.0816496580927737,0.4793548089024406,0.0008197339869788,51.93333333333334,0.0942809041582076,11.933333333333332,0.047140452079103,8.807,71.18,Scope_TrialNumber_0_40.00W_0.70Torr_11.00NitrogenFlow_2420.00MHz.csv,/home/user/MiniChamberDataAnalysis/TestData/Nafisa_Requested_Data_0.7Torr/LAS_DataFrame_33a310dd_Laser_True_20260922_151050.csv,34299012,33a310dd|Scope_TrialNumber_0_40.00W_0.70Torr_11.00NitrogenFlow_2420.00MHz.csv,7,full 6,1.5320074744023813,0.037326174810035646,0.07195460077178173,0.0016527926684109042,0.04412304474254032,0.0008895467340728135,0.6505836731070659,0.015850966993762393,0.0023342191333701055,4.635656240406378e-05,1.0993612808708817,1.0485043065581,5.276553603368112,5.532489176916125,0.004563130925404512,0.022409263954192012,25419
40,0.7,11.0,2420,0,33a310dd,0.701,40.0,0.0816496580927737,0.4793548089024406,0.0008197339869788,51.93333333333334,0.0942809041582076,11.933333333333332,0.047140452079103,8.807,71.18,Scope_TrialNumber_0_40.00W_0.70Torr_11.00NitrogenFlow_2420.00MHz.csv,/home/user/MiniChamberDataAnalysis/TestData/Nafisa_Requested_Data_0.7Torr/LAS_DataFrame_33a310dd_Laser_True_20260922_151050.csv,34299012,33a310dd|Scope_TrialNumber_0_40.00W_0.70Torr_11.00NitrogenFlow_2420.00MHz.csv,11,full 10,1.5344093076423488,0.04194141892891066,0.07158443314333812,0.0018443804910674732,0.04382734433015418,0.0009833379941326802,0.6516036377727463,0.0178108807156682,0.0023122293816514833,6.140962618290626e-05,1.1276163755228414,1.0618928267592929,5.772123224995686,6.129376247793634,0.004570540837838661,0.029191420543018723,25392
40,0.7,11.0,2420,0,33a310dd,0.701,40.0,0.0816496580927737,0.4793548089024406,0.0008197339869788,51.93333333333334,0.0942809041582076,11.933333333333332,0.047140452079103,8.807,71.18,Scope_TrialNumber_0_40.00W_0.70Torr_11.00NitrogenFlow_2420.00MHz.csv,/home/user/MiniChamberDataAnalysis/TestData/Nafisa_Requested_Data_0.7Torr/LAS_DataFrame_33a310dd_Laser_True_20260922_151050.csv,34299012,33a310dd|Scope_TrialNumber_0_40.00W_0.70Torr_11.00NitrogenFlow_2420.00MHz.csv,15,trailing partial,0.5242177933849034,0.30227120232163895,0.000740563805107024,0.00043761800894201615,0.0013271454241965779,0.0004706224411565623,0.22261480001033948,0.12836276086551923,0.0012184910057257072,0.00022413690896168765,0.9991103278113767,1.0,1.3414144598389308,1.3414144598389308,0.005329016548613333,0.015623519801060368,5412
45,0.7,11.0,2420,0,33a310dd,0.701,45.03333333333333,0.0942809041582076,0.4661177870721702,0.0003822502723853,57.53333333333333,0.0942809041582076,12.5,0.0,8.8,71.21,Scope_TrialNumber_0_45.00W_0.70Torr_11.00NitrogenFlow_2420.00MHz.csv,/home/user/MiniChamberDataAnalysis/TestData/Nafisa_Requested_Data_0.7Torr/LAS_DataFrame_33a310dd_Laser_True_20260922_151050.csv,34299012,33a310dd|Scope_TrialNumber_0_45.00W_0.70Torr_11.00NitrogenFlow_2420.00MHz.csv,0,leading partial,1.4167944141682514,0.1390086619211382,0.04476773451398894,0.006560643877869147,0.029684249362360776,0.0017015962219342556,0.6016571912396943,0.059031543499244846,0.00571194599156432,-0.0010771459341074772,0.9864572121818596,1.0,3.44570970310177,3.44570970310177,0.0041578254298324695,0.020491219512195045,6146
45,0.7,11.0,2420,0,33a310dd,0.701,45.03333333333333,0.0942809041582076,0.4661177870721702,0.0003822502723853,57.53333333333333,0.0942809041582076,12.5,0.0,8.8,71.21,Scope_TrialNumber_0_45.00W_0.70Torr_11.00NitrogenFlow_2420.00MHz.csv,/home/user/MiniChamberDataAnalysis/TestData/Nafisa_Requested_Data_0.7Torr/LAS_DataFrame_33a310dd_Laser_True_20260922_151050.csv,34299012,33a310dd|Scope_TrialNumber_0_45.00W_0.70Torr_11.00NitrogenFlow_2420.00MHz.csv,5,full 4,1.5832695918460993,0.04185130131881653,0.08149867755843554,0.0020356456882213827,0.04835745994075738,0.0010523189706795801,0.6723526900440031,0.0177726112902468,0.0009486403922264712,5.2263073533482354e-05,1.144485865094663,1.0698064615128584,6.222584535683154,6.656961143583828,0.0045250854916928426,0.023681071721160282,25322
45,0.7,11.0,2420,0,33a310dd,0.701,45.03333333333333,0.0942809041582076,0.4661177870721702,0.0003822502723853,57.53333333333333,0.0942809041582076,12.5,0.0,8.8,71.21,Scope_TrialNumber_0_45.00W_0.70Torr_11.00NitrogenFlow_2420.00MHz.csv,/home/user/MiniChamberDataAnalysis/TestData/Nafisa_Requested_Data_0.7Torr/LAS_DataFrame_33a310dd_Laser_True_20260922_151050.csv,34299012,33a310dd|Scope_TrialNumber_0_45.00W_0.70Torr_11.00NitrogenFlow_2420.00MHz.csv,13,full 12,1.591244073523348,0.04089689338925348,0.08187574040113547,0.002001863129984687,0.04833772771492633,0.0010354115684126583,0.6757391406112454,0.017367311559773977,0.001067309961935515,4.096890565837314e-05,1.1077613504435828,1.0525024230107896,6.081244626161696,6.400524703956528,0.004603629517465917,0.01640374266483101,25312
45,0.7,11.0,2420,0,33a310dd,0.701,45.03333333333333,0.0942809041582076,0.4661177870721702,0.0003822502723853,57.53333333333333,0.0942809041582076,12.5,0.0,8.8,71.21,Scope_TrialNumber_0_45.00W_0.70Torr_11.00NitrogenFlow_2420.00MHz.csv,/home/user/MiniChamberDataAnalysis/TestData/Nafisa_Requested_Data_0.7Torr/LAS_DataFrame_33a310dd_Laser_True_20260922_151050.csv,34299012,33a310dd|Scope_TrialNumber_0_45.00W_0.70Torr_11.00NitrogenFlow_2420.00MHz.csv,21,full 20,1.6415543383095728,0.03963186021437299,0.08447086982600209,0.0019470398154572933,0.048341429964754976,0.0009927586438201446,0.6971039429418471,0.01683010143301719,0.001063016822570464,4.080479629151969e-05,1.1223505226579877,1.0594104599530758,5.805808465108285,6.1507342164198295,0.004583621074948084,0.0173115225987088,25342
45,0.7,11.0,2420,0,33a310dd,0.701,45.03333333333333,0.0942809041582076,0.4661177870721702,0.0003822502723853,57.53333333333333,0.0942809041582076,12.5,0.0,8.8,71.21,Scope_TrialNumber_0_45.00W_0.70Torr_11.00NitrogenFlow_2420.00MHz.csv,/home/user/MiniChamberDataAnalysis/TestData/Nafisa_Requested_Data_0.7Torr/LAS_DataFrame_33a310dd_Laser_True_20260922_151050.csv,34299012,33a310dd|Scope_TrialNumber_0_45.00W_0.70Torr_11.00NitrogenFlow_2420.00MHz.csv,31,trailing partial,1.529471707913253,0.6619677403504597,0.004340093777737431,0.002919551532398601,0.0026657870601750227,0.0007299284731550678,0.6495068322272376,0.2811118164835222,-0.002447548401585411,0.0009935187276738984,0.9942992342137759,1.0,1.1424247898555915,1.1424247898555915,0.00516883851435945,0.025391291770235944,5352
50,0.7,11.0,2420,0,33a310dd,0.701,49.93333333333334,0.1247219128924633,0.4590729499993462,0.0008501103757041,63.26666666666666,0.1247219128924633,13.333333333333334,0.047140452079103,8.8,71.2,Scope_TrialNumber_0_50.00W_0.70Torr_11.00NitrogenFlow_2420.00MHz.csv,/home/user/MiniChamberDataAnalysis/TestData/Nafisa_Requested_Data_0.7Torr/LAS_DataFrame_33a310dd_Laser_True_20260922_151050.csv,34299012,33a310dd|Scope_TrialNumber_0_50.00W_0.70Torr_11.00NitrogenFlow_2420.00MHz.csv,0,leading partial,1.3772947110253833,0.1363594745276949,0.05060181531706582,0.007462250291559796,0.03451493082648638,0.0019837880207131545,0.5848832117476227,0.05790653719609506,0.0032112622660184225,-0.00112484341741512,1.0573766579168176,1.0282882173383188,4.082278236497963,4.197758610487506,0.004077058673829404,0.021510937499999834,6242
50,0.7,11.0,2420,0,33a310dd,0.701,49.93333333333334,0.1247219128924633,0.4590729499993462,0.0008501103757041,63.26666666666666,0.1247219128924633,13.333333333333334,0.047140452079103,8.8,71.2,Scope_TrialNumber_0_50.00W_0.70Torr_11.00NitrogenFlow_2420.00MHz.csv,/home/user/MiniChamberDataAnalysis/TestData/Nafisa_Requested_Data_0.7Torr/LAS_DataFrame_33a310dd_Laser_True_20260922_151050.csv,34299012,33a310dd|Scope_TrialNumber_0_50.00W_0.70Torr_11.00NitrogenFlow_2420.00MHz.csv,1,full 0,1.5425036804851915,0.043249519799496636,0.08626789658928968,0.002290428369671704,0.05254008728555722,0.0012247813964336074,0.6550410014302891,0.018366380008850405,-0.0017055366873308336,4.605984674151309e-05,1.1855953850921124,1.0888504879422667,7.082029316439068,7.711271076826117,0.004526629120658903,0.01828992123395771,25343
50,0.7,11.0,2420,0,33a310dd,0.701,49.93333333333334,0.1247219128924633,0.4590729499993462,0.0008501103757041,63.26666666666666,0.1247219128924633,13.333333333333334,0.047140452079103,8.8,71.2,Scope_TrialNumber_0_50.00W_0.70Torr_11.00NitrogenFlow_2420.00MHz.csv,/home/user/MiniChamberDataAnalysis/TestData/Nafisa_Requested_Data_0.7Torr/LAS_DataFrame_33a310dd_Laser_True_20260922_151050.csv,34299012,33a310dd|Scope_TrialNumber_0_50.00W_0.70Torr_11.00NitrogenFlow_2420.00MHz.csv,2,full 1,1.5550758338756938,0.04360103103358219,0.0867897209207178,0.002307971998940396,0.052430561561526236,0.0012192362951640868,0.6603799034058484,0.018515653085927907,-0.001279450797218843,1.9675952537074157e-05,1.1876160883895464,1.0897779995896166,7.029935919654365,7.661069503764126,0.004538142125552469,0.022382248566664296,25228
50,0.7,11.0,2420,0,33a310dd,0.701,49.93333333333334,0.1247219128924633,0.4590729499993462,0.0008501103757041,63.26666666666666,0.1247219128924633,13.333333333333334,0.047140452079103,8.8,71.2,Scope_TrialNumber_0_50.00W_0.70Torr_11.00NitrogenFlow_2420.00MHz.csv,/home/user/MiniChamberDataAnalysis/TestData/Nafisa_Requested_Data_0.7Torr/LAS_DataFrame_33a310dd_Laser_True_20260922_151050.csv,34299012,33a310dd|Scope_TrialNumber_0_50.00W_0.70Torr_11.00NitrogenFlow_2420.00MHz.csv,3,full 2,1.5663322361697387,0.04213015497342358,0.08674005358573673,0.002222936413602313,0.05202398189423203,0.0011801806420866652,0.6651600573364206,0.017891029534220677,-0.0013517865158815029,3.4421384685350355e-05,1.1945755767729112,1.0929664115483655,6.7804590843685615,7.410814034092823,0.004518492801510022,0.028031914566694988,25309
50,0.7,11.0,2420,0,33a310dd,0.701,49.93333333333334,0.1247219128924633,0.4590729499993462,0.0008501103757041,63.26666666666666,0.1247219128924633,13.333333333333334,0.047140452079103,8.8,71.2,Scope_TrialNumber_0_50.00W_0.70Torr_11.00NitrogenFlow_2420.00MHz.csv,/home/user/MiniChamberDataAnalysis/TestData/Nafisa_Requested_Data_0.7Torr/LAS_DataFrame_33a310dd_Laser_True_20260922_151050.csv,34299012,33a310dd|Scope_TrialNumber_0_50.00W_0.70Torr_11.00NitrogenFlow_2420.00MHz.csv,4,trailing partial,2.666656424127114,1.2532331968117516,0.012633136163284767,0.012179144714683631,0.0044505317412846706,0.002287184630714955,1.1324247174446258,0.5321991374484331,-0.003093228586622549,-0.0002968711376108953,1.0290646562952634,1.0144282410773389,1.5609310087273816,1.583452497626394,0.005166424848780484,0.0027188338033883363,5504
55,0.7,11.0,2420,0,33a310dd,0.701,54.96666666666667,0.1699673171197619,0.4501236594359448,0.0006995689763359,68.93333333333334,0.1885618083164153,13.966666666666669,0.047140452079103,8.797,71.2,Scope_TrialNumber_0_55.00W_0.70Torr_11.00NitrogenFlow_2420.00MHz.csv,/home/user/MiniChamberDataAnalysis/TestData/Nafisa_Requested_Data_0.7Torr/LAS_DataFrame_33a310dd_Laser_True_20260922_151050.csv,34299012,33a310dd|Scope_TrialNumber_0_55.00W_0.70Torr_11.00NitrogenFlow_2420.00MHz.csv,0,leading partial,1.4027527110536242,0.15055266129493408,0.05412592897111738,0.008675569733040641,0.03624866665310143,0.0022736097311698623,0.5956942289554817,0.06393382866458289,0.0033135959482615152,-0.001264484297480812,1.0954830831143665,1.0466532774106077,4.618129824420532,4.8335807162374245,0.003980247952379402,0.005735396518375186,6170
55,0.7,11.0,2420,0,33a310dd,0.701,54.96666666666667,0.1699673171197619,0.4501236594359448,0.0006995689763359,68.93333333333334,0.1885618083164153,13.966666666666669,0.047140452079103,8.797,71.2,Scope_TrialNumber_0_55.00W_0.70Torr_11.00NitrogenFlow_2420.00MHz.csv,/home/user/MiniChamberDataAnalysis/TestData/Nafisa_Requested_Data_0.7Torr/LAS_DataFrame_33a310dd_Laser_True_20260922_151050.csv,34299012,33a310dd|Scope_TrialNumber_0_55.00W_0.70Torr_11.00NitrogenFlow_2420.00MHz.csv,3,full 2,1.5907217020162858,0.041403012533989224,0.09629998161310144,0.002384570081593337,0.056872168494820886,0.001238027717381417,0.6755173098568469,0.01758224057135757,-0.002135250520784038,5.118566274461799e-05,1.1972832912381892,1.0942044101712392,7.1805389115088545,7.856977344379177,0.004497000184522842,0.022292801011750026,25218
55,0.7,11.0,2420,0,33a310dd,0.701,54.96666666666667,0.1699673171197619,0.4501236594359448,0.0006995689763359,68.93333333333334,0.1885618083164153,13.966666666666669,0.047140452079103,8.797,71.2,Scope_TrialNumber_0_55.00W_0.70Torr_11.00NitrogenFlow_2420.00MHz.csv,/home/user/MiniChamberDataAnalysis/TestData/Nafisa_Requested_Data_0.7Torr/LAS_DataFrame_33a310dd_Laser_True_20260922_151050.csv,34299012,33a310dd|Scope_TrialNumber_0_55.00W_0.70Torr_11.00NitrogenFlow_2420.00MHz.csv,8,full 7,1.5896765359485707,0.039084784639124834,0.09673580345641829,0.0022662355421087794,0.05716711412469511,0.0011890341464668136,0.675073468693731,0.016597779826785508,-0.0018585857911871356,2.7534170981316932e-05,1.1425211880788344,1.0688878276408775,6.835089930848728,7.305944427914932,0.0046098157811156806,0.024113743240263347,25229
55,0.7,11.0,2420,0,33a310dd,0.701,54.96666666666667,0.1699673171197619,0.4501236594359448,0.0006995689763359,68.93333333333334,0.1885618083164153,13.966666666666669,0.047140452079103,8.797,71.2,Scope_TrialNumber_0_55.00W_0.70Torr_11.00NitrogenFlow_2420.00MHz.csv,/home/user/MiniChamberDataAnalysis/TestData/Nafisa_Requested_Data_0.7Torr/LAS_DataFrame_33a310dd_Laser_True_20260922_151050.csv,34299012,33a310dd|Scope_TrialNumber_0_55.00W_0.70Torr_11.00NitrogenFlow_2420.00MHz.csv,13,full 12,1.6136752435563329,0.043628235271924456,0.09621914791850032,0.0024717337990846655,0.056016137596647475,0.0012590774470287887,0.6852647814687362,0.018527205662270067,-0.0020412381471804405,5.395501646077896e-05,1.208329153341531,1.099240261881601,7.250356511858425,7.9698837908302265,0.004530300217638973,0.019174937197918566,25365
55,0.7,11.0,2420,0,33a310dd,0.701,54.96666666666667,0.1699673171197619,0.4501236594359448,0.0006995689763359,68.93333333333334,0.1885618083164153,13.966666666666669,0.047140452079103,8.797,71.2,Scope_TrialNumber_0_55.00W_0.70Torr_11.00NitrogenFlow_2420.00MHz.csv,/home/user/MiniChamberDataAnalysis/TestData/Nafisa_Requested_Data_0.7Torr/LAS_DataFrame_33a310dd_Laser_True_20260922_151050.csv,34299012,33a310dd|Scope_TrialNumber_0_55.00W_0.70Torr_11.00NitrogenFlow_2420.00MHz.csv,17,trailing partial,2.3874104602345905,0.9680620237516047,0.010949884958339318,0.00843453241542357,0.004308739656910838,0.0016602144567164098,1.0138398750564452,0.41109809040158796,-0.003121038073297786,-0.0002908203913267585,1.020640656128549,1.0102676160941462,1.4871502542762405,1.5024197421614607,0.0051295524471244415,0.018577184671634394,5311
60,0.7,11.0,2420,0,33a310dd,0.701,60.13333333333333,0.0471404520791004,0.4456214406419239,0.0001399364838373,75.03333333333333,0.0471404520791004,14.9,0.0,8.8,71.21,Scope_TrialNumber_0_60.00W_0.70Torr_11.00NitrogenFlow_2420.00MHz.csv,/home/user/MiniChamberDataAnalysis/TestData/Nafisa_Requested_Data_0.7Torr/LAS_DataFrame_33a310dd_Laser_True_20260922_151050.csv,34299012,33a310dd|Scope_TrialNumber_0_60.00W_0.70Torr_11.00NitrogenFlow_2420.00MHz.csv,0,leading partial,1.3161469431646997,0.13653476054108435,0.05737567044970475,0.008833611215955018,0.040953515100094415,0.002445740185380467,0.5589161456061079,0.05798097431232368,0.0014687339067276078,-0.0014914558604803656,1.0787080094745403,1.0386086892928155,5.060358153293449,5.255731948944321,0.004048881287808193,0.015936742671009703,6174
60,0.7,11.0,2420,0,33a310dd,0.701,60.13333333333333,0.0471404520791004,0.4456214406419239,0.0001399364838373,75.03333333333333,0.0471404520791004,14.9,0.0,8.8,71.21,Scope_TrialNumber_0_60.00W_0.70Torr_11.00NitrogenFlow_2420.00MHz.csv,/home/user/MiniChamberDataAnalysis/TestData/Nafisa_Requested_Data_0.7Torr/LAS_DataFrame_33a310dd_Laser_True_20260922_151050.csv,34299012,33a310dd|Scope_TrialNumber_0_60.00W_0.70Torr_11.00NitrogenFlow_2420.00MHz.csv,6,full 5,1.6464137070128924,0.04178989961430814,0.10556157940379222,0.0025563434989547378,0.06023302798557131,0.0012912654895874667,0.6991675268295304,0.01774653638713989,-0.00434687537396886,2.4603638902167084e-05,1.1686048579456054,1.081020285630943,7.4512328331495015,8.054933845593935,0.004569310157036357,0.02985287199285456,25233
60,0.7,11.0,2420,0,33a310dd,0.701,60.13333333333333,0.0471404520791004,0.4456214406419239,0.0001399364838373,75.03333333333333,0.0471404520791004,14.9,0.0,8.8,71.21,Scope_TrialNumber_0_60.00W_0.70Torr_11.00NitrogenFlow_2420.00MHz.csv,/home/user/MiniChamberDataAnalysis/TestData/Nafisa_Requested_Data_0.7Torr/LAS_DataFrame_33a310dd_Laser_True_20260922_151050.csv,34299012,33a310dd|Scope_TrialNumber_0_60.00W_0.70Torr_11.00NitrogenFlow_2420.00MHz.csv,11,full 10,1.5513604809116184,0.04072832666192218,0.09825239411571647,0.002442529341797262,0.059497430087657885,0.001296933937279421,0.6588021382717714,0.017295727861611137,-0.004040495170414393,5.49638384879739e-06,1.1952818253046364,1.093289451748546,7.498362684793322,8.197880828669447,0.004533997852068119,0.01889171048058018,25255
60,0.7,11.0,2420,0,33a310dd,0.701,60.13333333333333,0.0471404520791004,0.4456214406419239,0.0001399364838373,75.03333333333333,0.0471404520791004,14.9,0.0,8.8,71.21,Scope_TrialNumber_0_60.00W_0.70Torr_11.00NitrogenFlow_2420.00MHz.csv,/home/user/MiniChamberDataAnalysis/TestData/Nafisa_Requested_Data_0.7Torr/LAS_DataFrame_33a310dd_Laser_True_20260922_151050.csv,34299012,33a310dd|Scope_TrialNumber_0_60.00W_0.70Torr_11.00NitrogenFlow_2420.00MHz.csv,16,full 15,1.6027039783488628,0.04695380732482247,0.10040753701988506,0.002797029027135901,0.05885465102299954,0.0014282714621155256,0.6806057141100132,0.019939446083747498,-0.004329344456701357,4.1206405804041525e-05,1.2772428135820548,1.1301516772460478,8.138013484920505,9.197189589433863,0.0044594930242610785,0.024960516216629904,25140
60,0.7,11.0,2420,0,33a310dd,0.701,60.13333333333333,0.0471404520791004,0.4456214406419239,0.0001399364838373,75.03333333333333,0.0471404520791004,14.9,0.0,8.8,71.21,Scope_TrialNumber_0_60.00W_0.70Torr_11.00NitrogenFlow_2420.00MHz.csv,/home/user/MiniChamberDataAnalysis/TestData/Nafisa_Requested_Data_0.7Torr/LAS_DataFrame_33a310dd_Laser_True_20260922_151050.csv,34299012,33a310dd|Scope_TrialNumber_0_60.00W_0.70Torr_11.00NitrogenFlow_2420.00MHz.csv,21,trailing partial,3.080487711383273,1.069325568039854,0.024447379476436507,0.019958513496266612,0.00745556606566307,0.003578042451861587,1.3081626843985805,0.4541007582708087,-0.005700240030599413,-0.000980698707864807,1.0268921289390185,1.0133568615936928,1.5044693112350516,1.5245642995971764,0.005119138977785646,0.01988499129731351,5465
65,0.7,11.0,2420,0,33a310dd,0.701,65.0,0.0,0.4455562200808944,5.551115123125783e-17,81.1,0.0,16.1,0.0,8.807,71.21,Scope_TrialNumber_0_65.00W_0.70Torr_11.00NitrogenFlow_2420.00MHz.csv,/home/user/MiniChamberDataAnalysis/TestData/Nafisa_Requested_Data_0.7Torr/LAS_DataFrame_33a310dd_Laser_True_20260922_151050.csv,34299012,33a310dd|Scope_TrialNumber_0_65.00W_0.70Torr_11.00NitrogenFlow_2420.00MHz.csv,0,leading partial,1.491154695770461,0.12768797034318127,0.07175604635939951,0.009241422445930467,0.04520678177342979,0.00229508528904417,0.6332350953598506,0.05422408842349695,0.0007895771931155755,-0.0015112552246801737,1.1273311636991907,1.0617585241942684,4.722485100749386,5.014138811101089,0.003943701733614955,0.004357740039190276,6281
65,0.7,11.0,2420,0,33a310dd,0.701,65.0,0.0,0.4455562200808944,5.551115123125783e-17,81.1,0.0,16.1,0.0,8.807,71.21,Scope_TrialNumber_0_65.00W_0.70Torr_11.00NitrogenFlow_2420.00MHz.csv,/home/user/MiniChamberDataAnalysis/TestData/Nafisa_Requested_Data_0.7Torr/LAS_DataFrame_33a310dd_Laser_True_20260922_151050.csv,34299012,33a310dd|Scope_TrialNumber_0_65.00W_0.70Torr_11.00NitrogenFlow_2420.00MHz.csv,6,full 5,1.5830692668457,0.04188451606749131,0.10488455684576688,0.002640196881509744,0.06224140959866791,0.0013834699566829744,0.6722676198490122,0.017786716295317088,-0.005190424903735558,4.095006977344904e-05,1.2711598135167579,1.1274572335644302,7.9101753318090156,8.91838439661099,0.00443508965403341,0.014911000957940205,25311
65,0.7,11.0,2420,0,33a310dd,0.701,65.0,0.0,0.4455562200808944,5.551115123125783e-17,81.1,0.0,16.1,0.0,8.807,71.21,Scope_TrialNumber_0_65.00W_0.70Torr_11.00NitrogenFlow_2420.00MHz.csv,/home/user/MiniChamberDataAnalysis/TestData/Nafisa_Requested_Data_0.7Torr/LAS_DataFrame_33a310dd_Laser_True_20260922_151050.csv,34299012,33a310dd|Scope_TrialNumber_0_65.00W_0.70Torr_11.00NitrogenFlow_2420.00MHz.csv,13,full 12,1.6408073288912328,0.040998131528349524,0.10799145385594311,0.0025671620401052065,0.061830048992895036,0.001291833121562329,0.6967867172498389,0.017410303439051405,-0.004819261321362741,8.170019963647124e-06,1.2021039578738966,1.0964050154363107,7.449710277278126,8.167899711555167,0.004539224822210715,0.023350588052455788,25324
65,0.7,11.0,2420,0,33a310dd,0.701,65.0,0.0,0.4455562200808944,5.551115123125783e-17,81.1,0.0,16.1,0.0,8.807,71.21,Scope_TrialNumber_0_65.00W_0.70Torr_11.00NitrogenFlow_2420.00MHz.csv,/home/user/MiniChamberDataAnalysis/TestData/Nafisa_Requested_Data_0.7Torr/LAS_DataFrame_33a310dd_Laser_True_20260922_151050.csv,34299012,33a310dd|Scope_TrialNumber_0_65.00W_0.70Torr_11.00NitrogenFlow_2420.00MHz.csv,20,full 19,1.5651984385226667,0.04654772883013103,0.10097205148899817,0.002843142716737121,0.06060375920453734,0.001480185519306607,0.6646785778070338,0.019767000424662708,-0.005033844025015928,3.918090942108529e-05,1.2775333713023742,1.1302802180443459,8.427533535234106,9.525474441780442,0.00449182582079289,0.02760182755352956,25372
65,0.7,11.0,2420,0,33a310dd,0.701,65.0,0.0,0.4455562200808944,5.551115123125783e-17,81.1,0.0,16.1,0.0,8.807,71.21,Scope_TrialNumber_0_65.00W_0.70Torr_11.00NitrogenFlow_2420.00MHz.csv,/home/user/MiniChamberDataAnalysis/TestData/Nafisa_Requested_Data_0.7Torr/LAS_DataFrame_33a310dd_Laser_True_20260922_151050.csv,34299012,33a310dd|Scope_TrialNumber_0_65.00W_0.70Torr_11.00NitrogenFlow_2420.00MHz.csv,28,trailing partial,2.9781530395983653,1.3248493026794623,0.02192247120882625,0.022279826238313087,0.006915288241053123,0.004055580189669928,1.2647051505624598,0.5626116974310238,-0.006243911961962884,-0.0007725329070742938,1.0403905387779995,1.0199953621355342,1.8906224477957796,1.9284261283010262,0.005138251718675349,0.0023883356838756333,5364
70,0.7,11.0,2420,0,33a310dd,0.701,70.10000000000001,0.2828427124746163,0.4396898914943571,0.0007167922372791,86.89999999999999,0.2828427124746163,16.8,0.0,8.8,71.2,Scope_TrialNumber_0_70.00W_0.70Torr_11.00NitrogenFlow_2420.00MHz.csv,/home/user/MiniChamberDataAnalysis/TestData/Nafisa_Requested_Data_0.7Torr/LAS_DataFrame_33a310dd_Laser_True_20260922_151050.csv,34299012,33a310dd|Scope_TrialNumber_0_70.00W_0.70Torr_11.00NitrogenFlow_2420.00MHz.csv,0,leading partial,1.462084347985252,0.15921839370372232,0.06360596134665786,0.010388866219686287,0.0408689220419602,0.002623161965158358,0.6208900553018845,0.06761382638970602,0.000641468551410151,-0.0016520679359837013,1.137721828833584,1.0666404402766585,5.194003822638467,5.540134524177741,0.004001428825118612,0.027941494591937253,6125
70,0.7,11.0,2420,0,33a310dd,0.701,70.10000000000001,0.2828427124746163,0.4396898914943571,0.0007167922372791,86.89999999999999,0.2828427124746163,16.8,0.0,8.8,71.2,Scope_TrialNumber_0_70.00W_0.70Torr_11.00NitrogenFlow_2420.00MHz.csv,/home/user/MiniChamberDataAnalysis/TestData/Nafisa_Requested_Data_0.7Torr/LAS_DataFrame_33a310dd_Laser_True_20260922_151050.csv,34299012,33a310dd|Scope_TrialNumber_0_70.00W_0.70Torr_11.00NitrogenFlow_2420.00MHz.csv,6,full 5,1.5712842745763573,0.04744717529188187,0.10613337508294594,0.0030385028724789166,0.06345487616746774,0.001584325817443129,0.6672629944237229,0.02014896016874116,-0.005335244264512098,3.085126532684632e-05,1.3127120277037578,1.1457364564784338,8.95812829586241,10.263654170380589,0.0044587041391344635,0.023325076906686323,25302
70,0.7,11.0,2420,0,33a310dd,0.701,70.10000000000001,0.2828427124746163,0.4396898914943571,0.0007167922372791,86.89999999999999,0.2828427124746163,16.8,0.0,8.8,71.2,Scope_TrialNumber_0_70.00W_0.70Torr_11.00NitrogenFlow_2420.00MHz.csv,/home/user/MiniChamberDataAnalysis/TestData/Nafisa_Requested_Data_0.7Torr/LAS_DataFrame_33a310dd_Laser_True_20260922_151050.csv,34299012,33a310dd|Scope_TrialNumber_0_70.00W_0.70Torr_11.00NitrogenFlow_2420.00MHz.csv,11,full 10,1.6405435397341956,0.04162138839240063,0.11208036930119027,0.0027203909222537864,0.06418145851162343,0.0013752107020537658,0.6966746963089632,0.01767497625996028,-0.004872390059559387,-1.0255352367873506e-05,1.245036653265649,1.1158121048212593,7.8726887264468655,8.784441378459276,0.004488642256161597,0.027019208482830483,25318
70,0.7,11.0,2420,0,33a310dd,0.701,70.10000000000001,0.2828427124746163,0.4396898914943571,0.0007167922372791,86.89999999999999,0.2828427124746163,16.8,0.0,8.8,71.2,Scope_TrialNumber_0_70.00W_0.70Torr_11.00NitrogenFlow_2420.00MHz.csv,/home/user/MiniChamberDataAnalysis/TestData/Nafisa_Requested_Data_0.7Torr/LAS_DataFrame_33a310dd_Laser_True_20260922_151050.csv,34299012,33a310dd|Scope_TrialNumber_0_70.00W_0.70Torr_11.00NitrogenFlow_2420.00MHz.csv,16,full 15,1.62589566372228,0.050695291265093,0.10892303856940366,0.0032217311010311767,0.0629353809254123,0.0016086416502244477,0.6904543160965452,0.021528308021697137,-0.005293441710724793,3.6230990709039197e-05,1.315583419693599,1.1469888489839817,8.979947462592742,10.299899604055875,0.0045326891781225205,0.015617218370442686,25278
70,0.7,11.0,2420,0,33a310dd,0.701,70.10000000000001,0.2828427124746163,0.4396898914943571,0.0007167922372791,86.89999999999999,0.2828427124746163,16.8,0.0,8.8,71.2,Scope_TrialNumber_0_70.00W_0.70Torr_11.00NitrogenFlow_2420.00MHz.csv,/home/user/MiniChamberDataAnalysis/TestData/Nafisa_Requested_Data_0.7Torr/LAS_DataFrame_33a310dd_Laser_True_20260922_151050.csv,34299012,33a310dd|Scope_TrialNumber_0_70.00W_0.70Torr_11.00NitrogenFlow_2420.00MHz.csv,21,trailing partial,2.5671486434934683,0.9344631694259398,0.012843388232840144,0.009389201868098223,0.004699984054808461,0.0018031442639878342,1.0901676537494092,0.39682997067984366,-0.008130552323626077,0.00025518690131519334,1.012251090177162,1.0061068979870686,1.3581677765350695,1.366461968595693,0.005156797129796955,0.021083239140404043,5404
75,0.7,11.0,2420,0,33a310dd,0.701,74.93333333333334,0.1247219128924576,0.4341058755661534,0.0002930774642266,92.33333333333331,0.1247219128924639,17.4,0.0,8.793,71.2,Scope_TrialNumber_0_75.00W_0.70Torr_11.00NitrogenFlow_2420.00MHz.csv,/home/user/MiniChamberDataAnalysis/TestData/Nafisa_Requested_Data_0.7Torr/LAS_DataFrame_33a310dd_Laser_True_20260922_151050.csv,34299012,33a310dd|Scope_TrialNumber_0_75.00W_0.70Torr_11.00NitrogenFlow_2420.00MHz.csv,0,leading partial,1.3897059698162948,0.13846683691820338,0.06963119111575237,0.01033159030830045,0.047070486934041776,0.002715998581974307,0.5901537880776915,0.058801451605778016,0.0015792440431710271,-0.0018098227682355214,1.1304474240319335,1.0632250110075165,5.563951586355495,5.9157324866481105,0.0040248598743111005,0.012772878111040003,6270
75,0.7,11.0,2420,0,33a310dd,0.701,74.93333333333334,0.1247219128924576,0.4341058755661534,0.0002930774642266,92.33333333333331,0.1247219128924639,17.4,0.0,8.793,71.2,Scope_TrialNumber_0_75.00W_0.70Torr_11.00NitrogenFlow_2420.00MHz.csv,/home/user/MiniChamberDataAnalysis/TestData/Nafisa_Requested_Data_0.7Torr/LAS_DataFrame_33a310dd_Laser_True_20260922_151050.csv,34299012,33a310dd|Scope_TrialNumber_0_75.00W_0.70Torr_11.00NitrogenFlow_2420.00MHz.csv,5,full 4,1.6500067417419497,0.045181313272882495,0.11741968862184503,0.0030740191727420107,0.06685332244655642,0.0015368518590177854,0.7006933481918206,0.019186737164150765,-0.00535402616398396,2.5731952915269978e-05,1.2916121249404702,1.1364911460017937,8.717846989121474,9.90775591533495,0.004465155992953659,0.020418629261622554,25251
75,0.7,11.0,2420,0,33a310dd,0.701,74.93333333333334,0.1247219128924576,0.4341058755661534,0.0002930774642266,92.33333333333331,0.1247219128924639,17.4,0.0,8.793,71.2,Scope_TrialNumber_0_75.00W_0.70Torr_11.00NitrogenFlow_2420.00MHz.csv,/home/user/MiniChamberDataAnalysis/TestData/Nafisa_Requested_Data_0.7Torr/LAS_DataFrame_33a310dd_Laser_True_20260922_151050.csv,34299012,33a310dd|Scope_TrialNumber_0_75.00W_0.70Torr_11.00NitrogenFlow_2420.00MHz.csv,11,full 10,1.6303045043811095,0.042919029782919255,0.11534684240641147,0.0029008852005345132,0.06646680018712971,0.0014638816320955725,0.6923265783393153,0.018226033820922045,-0.004786040611018082,-2.1057327689480905e-05,1.263643536601032,1.1241190046436507,8.36848877332601,9.4071772702428,0.004490685813651306,0.010870991071541922,25133
75,0.7,11.0,2420,0,33a310dd,0.701,74.93333333333334,0.1247219128924576,0.4341058755661534,0.0002930774642266,92.33333333333331,0.1247219128924639,17.4,0.0,8.793,71.2,Scope_TrialNumber_0_75.00W_0.70Torr_11.00NitrogenFlow_2420.00MHz.csv,/home/user/MiniChamberDataAnalysis/TestData/Nafisa_Requested_Data_0.7Torr/LAS_DataFrame_33a310dd_Laser_True_20260922_151050.csv,34299012,33a310dd|Scope_TrialNumber_0_75.00W_0.70Torr_11.00NitrogenFlow_2420.00MHz.csv,15,full 14,1.7263218080551581,0.04705693222933147,0.1213357889196683,0.0031673744292249795,0.06602903515421875,0.0015094739927404262,0.7331013729469374,0.019983239198523555,-0.00510375798105527,4.0495875622268224e-06,1.2837546804735414,1.1330289848338133,8.555741481029138,9.69390308475099,0.004505235759887851,0.02067866741655077,25377
75,0.7,11.0,2420,0,33a310dd,0.701,74.93333333333334,0.1247219128924576,0.4341058755661534,0.0002930774642266,92.33333333333331,0.1247219128924639,17.4,0.0,8.793,71.2,Scope_TrialNumber_0_75.00W_0.70Torr_11.00NitrogenFlow_2420.00MHz.csv,/home/user/MiniChamberDataAnalysis/TestData/Nafisa_Requested_Data_0.7Torr/LAS_DataFrame_33a310dd_Laser_True_20260922_151050.csv,34299012,33a310dd|Scope_TrialNumber_0_75.00W_0.70Torr_11.00NitrogenFlow_2420.00MHz.csv,19,trailing partial,2.5725920794187216,0.8729950376403026,0.013317125075514498,0.008974377762415818,0.004863034385098086,0.0017054722104161194,1.0924792681493036,0.3707268585055844,-0.00789614742429442,0.00024277058802632523,1.0157625709370552,1.0078504705247973,1.3099054974593851,1.32018887195746,0.005154670980330922,0.033604430019217146,5375
80,0.7,11.0,2420,0,33a310dd,0.701,80.03333333333335,0.2054804667656331,0.424578498158151,0.0004466196596519,97.63333333333333,0.2054804667656331,17.6,0.0,8.798,71.2,Scope_TrialNumber_0_80.00W_0.70Torr_11.00NitrogenFlow_2420.00MHz.csv,/home/user/MiniChamberDataAnalysis/TestData/Nafisa_Requested_Data_0.7Torr/LAS_DataFrame_33a310dd_Laser_True_20260922_151050.csv,34299012,33a310dd|Scope_TrialNumber_0_80.00W_0.70Torr_11.00NitrogenFlow_2420.00MHz.csv,0,leading partial,1.3651628708407488,0.13818905027874961,0.07121519452336086,0.010728027596748346,0.04900675954063274,0.002870889198054284,0.5797312935744127,0.058683486481419606,0.0011079418416839431,-0.0019895316137370877,1.1097101579910849,1.0534278133745496,5.899976864217763,6.21519972703335,0.0040631690188541476,0.013684086569064242,6298
80,0.7,11.0,2420,0,33a310dd,0.701,80.03333333333335,0.2054804667656331,0.424578498158151,0.0004466196596519,97.63333333333333,0.2054804667656331,17.6,0.0,8.798,71.2,Scope_TrialNumber_0_80.00W_0.70Torr_11.00NitrogenFlow_2420.00MHz.csv,/home/user/MiniChamberDataAnalysis/TestData/Nafisa_Requested_Data_0.7Torr/LAS_DataFrame_33a310dd_Laser_True_20260922_151050.csv,34299012,33a310dd|Scope_TrialNumber_0_80.00W_0.70Torr_11.00NitrogenFlow_2420.00MHz.csv,2,full 1,1.6069248194402614,0.04085716359951569,0.12003747566711291,0.0029069148285934612,0.0701760767637956,0.001497588056047994,0.6823981402872514,0.017350439871501394,-0.0057198000183525935,-1.098765376686821e-05,1.2671106737267677,1.125660105772061,8.518292333171162,9.588701848754788,0.0044827861710851295,0.01814024457305716,25247
80,0.7,11.0,2420,0,33a310dd,0.701,80.03333333333335,0.2054804667656331,0.424578498158151,0.0004466196596519,97.63333333333333,0.2054804667656331,17.6,0.0,8.798,71.2,Scope_TrialNumber_0_80.00W_0.70Torr_11.00NitrogenFlow_2420.00MHz.csv,/home/user/MiniChamberDataAnalysis/TestData/Nafisa_Requested_Data_0.7Torr/LAS_DataFrame_33a310dd_Laser_True_20260922_151050.csv,34299012,33a310dd|Scope_TrialNumber_0_80.00W_0.70Torr_11.00NitrogenFlow_2420.00MHz.csv,5,full 4,1.6421466230751895,0.04401918468225998,0.12105592814602649,0.0030821930650519,0.06925353078094569,0.0015313371366784594,0.6973554631235556,0.01869322659077392,-0.005171349730661979,-4.273151567135386e-05,1.2840550733031224,1.1331615389268745,8.670047700048727,9.824564594356625,0.004521812722359497,0.026908711798900545,25228
80,0.7,11.0,2420,0,33a310dd,0.701,80.03333333333335,0.2054804667656331,0.424578498158151,0.0004466196596519,97.63333333333333,0.2054804667656331,17.6,0.0,8.798,71.2,Scope_TrialNumber_0_80.00W_0.70Torr_11.00NitrogenFlow_2420.00MHz.csv,/home/user/MiniChamberDataAnalysis/TestData/Nafisa_Requested_Data_0.7Torr/LAS_DataFrame_33a310dd_Laser_True_20260922_151050.csv,34299012,33a310dd|Scope_TrialNumber_0_80.00W_0.70Torr_11.00NitrogenFlow_2420.00MHz.csv,7,full 6,1.5961024003345674,0.043020976076465864,0.11764384654432589,0.0030155206959254738,0.06924306048922327,0.0015494131856547478,0.6778022820480917,0.018269326425705893,-0.005608630292313573,-1.8516153398802378e-07,1.3015435142089473,1.1408521000589635,8.715024706219646,9.942554238156434,0.004497721293802503,0.019528500883187968,25105
80,0.7,11.0,2420,0,33a310dd,0.701,80.03333333333335,0.2054804667656331,0.424578498158151,0.0004466196596519,97.63333333333333,0.2054804667656331,17.6,0.0,8.798,71.2,Scope_TrialNumber_0_80.00W_0.70Torr_11.00NitrogenFlow_2420.00MHz.csv,/home/user/MiniChamberDataAnalysis/TestData/Nafisa_Requested_Data_0.7Torr/LAS_DataFrame_33a310dd_Laser_True_20260922_151050.csv,34299012,33a310dd|Scope_TrialNumber_0_80.00W_0.70Torr_11.00NitrogenFlow_2420.00MHz.csv,9,trailing partial,2.713786386257897,1.3687475456642917,0.016673694442833547,0.0175763997719896,0.00577196871963248,0.0032950925299019026,1.1524389695868373,0.5812535648117019,-0.008190673433274218,-1.2051338575854997e-05,1.0304800270452883,1.015125621312598,2.1092809360046014,2.1411851206844896,0.005132786923743906,0.006293966978674529,5282
85,0.7,11.0,2420,0,33a310dd,0.7019999999999998,85.1,0.0816496580927679,0.4222639428126087,0.0005931080038811,103.56666666666666,0.0471404520791004,18.466666666666665,0.0471404520791038,8.797,71.2,Scope_TrialNumber_0_85.00W_0.70Torr_11.00NitrogenFlow_2420.00MHz.csv,/home/user/MiniChamberDataAnalysis/TestData/Nafisa_Requested_Data_0.7Torr/LAS_DataFrame_33a310dd_Laser_True_20260922_151050.csv,34299012,33a310dd|Scope_TrialNumber_0_85.00W_0.70Torr_11.00NitrogenFlow_2420.00MHz.csv,0,leading partial,1.3324559156939257,0.13866137609719725,0.0697180751545248,0.010762045223103294,0.04915416564850119,0.002937387182344178,0.565841928560793,0.05888406478864284,0.0012480783338144963,-0.002162715415460798,1.1309922103028653,1.0634811753401492,5.9297863026957405,6.306216106706784,0.004101256843999112,0.02298053691275182,6240
85,0.7,11.0,2420,0,33a310dd,0.7019999999999998,85.1,0.0816496580927679,0.4222639428126087,0.0005931080038811,103.56666666666666,0.0471404520791004,18.466666666666665,0.0471404520791038,8.797,71.2,Scope_TrialNumber_0_85.00W_0.70Torr_11.00NitrogenFlow_2420.00MHz.csv,/home/user/MiniChamberDataAnalysis/TestData/Nafisa_Requested_Data_0.7Torr/LAS_DataFrame_33a310dd_Laser_True_20260922_151050.csv,34299012,33a310dd|Scope_TrialNumber_0_85.00W_0.70Torr_11.00NitrogenFlow_2420.00MHz.csv,5,full 4,1.6773386143851543,0.039935360141667174,0.13137905254729776,0.002994244299657848,0.07358226809105783,0.0014818957991396173,0.7123001258311054,0.016958985985335583,-0.006299701464474117,-3.651061348648067e-05,1.2776725994437526,1.1303418064655277,8.471544959702632,9.57574143330421,0.004443684812849335,0.024419560002193058,25247
85,0.7,11.0,2420,0,33a310dd,0.7019999999999998,85.1,0.0816496580927679,0.4222639428126087,0.0005931080038811,103.56666666666666,0.0471404520791004,18.466666666666665,0.0471404520791038,8.797,71.2,Scope_TrialNumber_0_85.00W_0.70Torr_11.00NitrogenFlow_2420.00MHz.csv,/home/user/MiniChamberDataAnalysis/TestData/Nafisa_Requested_Data_0.7Torr/LAS_DataFrame_33a310dd_Laser_True_20260922_151050.csv,34299012,33a310dd|Scope_TrialNumber_0_85.00W_0.70Torr_11.00NitrogenFlow_2420.00MHz.csv,9,full 8,1.677064794985099,0.044168470677841645,0.1301968653493637,0.003276985377246867,0.0729320591814808,0.0016090323549024562,0.7121838454382009,0.018756622516036523,-0.005695266210553858,-5.098983371731189e-05,1.3148617239642824,1.1466742013162599,9.003443271654076,10.324016122620192,0.004502490084472133,0.02091834283820496,25064
85,0.7,11.0,2420,0,33a310dd,0.7019999999999998,85.1,0.0816496580927679,0.4222639428126087,0.0005931080038811,103.56666666666666,0.0471404520791004,18.466666666666665,0.0471404520791038,8.797,71.2,Scope_TrialNumber_0_85.00W_0.70Torr_11.00NitrogenFlow_2420.00MHz.csv,/home/user/MiniChamberDataAnalysis/TestData/Nafisa_Requested_Data_0.7Torr/LAS_DataFrame_33a310dd_Laser_True_20260922_151050.csv,34299012,33a310dd|Scope_TrialNumber_0_85.00W_0.70Torr_11.00NitrogenFlow_2420.00MHz.csv,14,full 13,1.6281701843616503,0.04275148318060461,0.12493057200721161,0.003121426744251019,0.07208364194364626,0.0015707817913989644,0.6914202160786563,0.018154883329967036,-0.005958528318660143,-4.540188684603124e-05,1.3118133810200217,1.1453442194467223,8.847646057082319,10.133600267189818,0.004496079276239823,0.015305466331905323,25150
85,0.7,11.0,2420,0,33a310dd,0.7019999999999998,85.1,0.0816496580927679,0.4222639428126087,0.0005931080038811,103.56666666666666,0.0471404520791004,18.466666666666665,0.0471404520791038,8.797,71.2,Scope_TrialNumber_0_85.00W_0.70Torr_11.00NitrogenFlow_2420.00MHz.csv,/home/user/MiniChamberDataAnalysis/TestData/Nafisa_Requested_Data_0.7Torr/LAS_DataFrame_33a310dd_Laser_True_20260922_151050.csv,34299012,33a310dd|Scope_TrialNumber_0_85.00W_0.70Torr_11.00NitrogenFlow_2420.00MHz.csv,18,trailing partial,3.150432477288626,1.0839634320714193,0.02427691464386176,0.02023398583190721,0.007239208836458356,0.0036152632820705853,1.3378654916483097,0.4603168867866389,-0.009305993576974288,-0.00015310815873387514,1.0329482506801393,1.0163406174507341,1.3683695981899417,1.3907296023251783,0.005113165235512579,0.008626893148825171,5388
90,0.7,11.0,2420,0,33a310dd,0.701,89.96666666666665,0.1247219128924576,0.4255923118505615,0.0002416473944076,109.86666666666667,0.1247219128924639,19.9,0.0,8.801,71.19,Scope_TrialNumber_0_90.00W_0.70Torr_11.00NitrogenFlow_2420.00MHz.csv,/home/user/MiniChamberDataAnalysis/TestData/Nafisa_Requested_Data_0.7Torr/LAS_DataFrame_33a310dd_Laser_True_20260922_151050.csv,34299012,33a310dd|Scope_TrialNumber_0_90.00W_0.70Torr_11.00NitrogenFlow_2420.00MHz.csv,0,leading partial,1.3379192635613233,0.14479587300570795,0.06747659810492092,0.010843194246789728,0.047379564242810146,0.0029522883350196713,0.5681619987839619,0.061489145767741636,0.0018929056576904024,-0.002278178112423797,1.1657565132582177,1.07970204837178,5.906706901506071,6.377483540687836,0.0040094855175000724,0.004668445475637964,6089
90,0.7,11.0,2420,0,33a310dd,0.701,89.96666666666665,0.1247219128924576,0.4255923118505615,0.0002416473944076,109.86666666666667,0.1247219128924639,19.9,0.0,8.801,71.19,Scope_TrialNumber_0_90.00W_0.70Torr_11.00NitrogenFlow_2420.00MHz.csv,/home/user/MiniChamberDataAnalysis/TestData/Nafisa_Requested_Data_0.7Torr/LAS_DataFrame_33a310dd_Laser_True_20260922_151050.csv,34299012,33a310dd|Scope_TrialNumber_0_90.00W_0.70Torr_11.00NitrogenFlow_2420.00MHz.csv,7,full 6,1.599325394421109,0.042921545063196884,0.12709467347246747,0.00324250202006232,0.07465489799679736,0.0016594256148664865,0.6791709616180412,0.018227101962108857,-0.005983278255522752,-1.7488200931008888e-05,1.30893615999,1.144087479168442,9.295963856102865,10.635395854569676,0.004508756095914178,0.0311776819558514,25191
90,0.7,11.0,2420,0,33a310dd,0.701,89.96666666666665,0.1247219128924576,0.4255923118505615,0.0002416473944076,109.86666666666667,0.1247219128924639,19.9,0.0,8.801,71.19,Scope_TrialNumber_0_90.00W_0.70Torr_11.00NitrogenFlow_2420.00MHz.csv,/home/user/MiniChamberDataAnalysis/TestData/Nafisa_Requested_Data_0.7Torr/LAS_DataFrame_33a310dd_Laser_True_20260922_151050.csv,34299012,33a310dd|Scope_TrialNumber_0_90.00W_0.70Torr_11.00NitrogenFlow_2420.00MHz.csv,13,full 12,1.6335969333698956,0.04609497344527221,0.1286416968983683,0.0034468484140896126,0.07397834997903013,0.0017206072519202946,0.6937247441973534,0.019574732915383513,-0.005452746254901165,-3.821535438065922e-05,1.3451806165902083,1.1598192172016328,9.504539393860252,11.02354743964908,0.004537435411589219,0.025181544030997795,25273
90,0.7,11.0,2420,0,33a310dd,0.701,89.96666666666665,0.1247219128924576,0.4255923118505615,0.0002416473944076,109.86666666666667,0.1247219128924639,19.9,0.0,8.801,71.19,Scope_TrialNumber_0_90.00W_0.70Torr_11.00NitrogenFlow_2420.00MHz.csv,/home/user/MiniChamberDataAnalysis/TestData/Nafisa_Requested_Data_0.7Torr/LAS_DataFrame_33a310dd_Laser_True_20260922_151050.csv,34299012,33a310dd|Scope_TrialNumber_0_90.00W_0.70Torr_11.00NitrogenFlow_2420.00MHz.csv,19,full 18,1.6287028073294154,0.04531913730206859,0.12798290645991678,0.00338564884223275,0.07382065827093438,0.001700957141013223,0.6916464002275848,0.019245265640446405,-0.005784582524878812,-2.465793112346976e-05,1.3121849771674745,1.145506428252358,9.383671648901748,10.749056194426355,0.004590070348739915,0.021384479022994715,25260
90,0.7,11.0,2420,0,33a310dd,0.701,89.96666666666665,0.1247219128924576,0.4255923118505615,0.0002416473944076,109.86666666666667,0.1247219128924639,19.9,0.0,8.801,71.19,Scope_TrialNumber_0_90.00W_0.70Torr_11.00NitrogenFlow_2420.00MHz.csv,/home/user/MiniChamberDataAnalysis/TestData/Nafisa_Requested_Data_0.7Torr/LAS_DataFrame_33a310dd_Laser_True_20260922_151050.csv,34299012,33a310dd|Scope_TrialNumber_0_90.00W_0.70Torr_11.00NitrogenFlow_2420.00MHz.csv,25,trailing partial,3.2862311175136045,1.507594711055384,0.018330034335398662,0.02124959565418354,0.005240020241652041,0.0037308953918267214,1.3955338644445816,0.6402165270491273,-0.009556057181560947,0.0004923404124711539,1.0138657676666067,1.006909016578264,1.1833284249678717,1.1915040606735057,0.005129759938929608,0.022488002754454117,5376
95,0.7,11.0,2420,0,33a310dd,0.701,95.0,0.2160246899469273,0.4322917391098892,0.0006342123881142,116.83333333333331,0.2054804667656324,21.83333333333333,0.0471404520791021,8.793,71.21,Scope_TrialNumber_0_95.00W_0.70Torr_11.00NitrogenFlow_2420.00MHz.csv,/home/user/MiniChamberDataAnalysis/TestData/Nafisa_Requested_Data_0.7Torr/LAS_DataFrame_33a310dd_Laser_True_20260922_151050.csv,34299012,33a310dd|Scope_TrialNumber_0_95.00W_0.70Torr_11.00NitrogenFlow_2420.00MHz.csv,0,leading partial,1.4423292275620576,0.13600147027503898,0.08108575697650273,0.011447168740017591,0.052813866223916275,0.002920734677795235,0.6125008280805173,0.05775450678790681,0.0012065587317743902,-0.0022283556914050305,1.1477408811306555,1.0713266920648694,5.896611432667337,6.317197220551388,0.004043930563478525,0.022599174341060433,6291
95,0.7,11.0,2420,0,33a310dd,0.701,95.0,0.2160246899469273,0.4322917391098892,0.0006342123881142,116.83333333333331,0.2054804667656324,21.83333333333333,0.0471404520791021,8.793,71.21,Scope_TrialNumber_0_95.00W_0.70Torr_11.00NitrogenFlow_2420.00MHz.csv,/home/user/MiniChamberDataAnalysis/TestData/Nafisa_Requested_Data_0.7Torr/LAS_DataFrame_33a310dd_Laser_True_20260922_151050.csv,34299012,33a310dd|Scope_TrialNumber_0_95.00W_0.70Torr_11.00NitrogenFlow_2420.00MHz.csv,1,full 0,1.7174221914906163,0.04460398004474597,0.13846431409069845,0.0034486796174538255,0.07574057157924542,0.0016556899833920908,0.7293220537657026,0.018941566315807262,-0.005834800317269121,-5.921085742802294e-05,1.3127685290913313,1.1457611134487553,9.206210197444427,10.548117646467214,0.004533806751692939,0.016861341159972988,25202
95,0.7,11.0,2420,0,33a310dd,0.701,95.0,0.2160246899469273,0.4322917391098892,0.0006342123881142,116.83333333333331,0.2054804667656324,21.83333333333333,0.0471404520791021,8.793,71.21,Scope_TrialNumber_0_95.00W_0.70Torr_11.00NitrogenFlow_2420.00MHz.csv,/home/user/MiniChamberDataAnalysis/TestData/Nafisa_Requested_Data_0.7Torr/LAS_DataFrame_33a310dd_Laser_True_20260922_151050.csv,34299012,33a310dd|Scope_TrialNumber_0_95.00W_0.70Torr_11.00NitrogenFlow_2420.00MHz.csv,2,full 1,1.6896302092832387,0.04162409202069364,0.13635614256464834,0.0032184706111723395,0.07581424787572641,0.0015786980751353657,0.7175198855847313,0.017676124385184847,-0.005205256847810702,-9.170117694155159e-05,1.3066334912161823,1.14308070196998,8.882290239617054,10.153174562202565,0.004488710432652256,0.021040448890691423,25258
95,0.7,11.0,2420,0,33a310dd,0.701,95.0,0.2160246899469273,0.4322917391098892,0.0006342123881142,116.83333333333331,0.2054804667656324,21.83333333333333,0.0471404520791021,8.793,71.21,Scope_TrialNumber_0_95.00W_0.70Torr_11.00NitrogenFlow_2420.00MHz.csv,/home/user/MiniChamberDataAnalysis/TestData/Nafisa_Requested_Data_0.7Torr/LAS_DataFrame_33a310dd_Laser_True_20260922_151050.csv,34299012,33a310dd|Scope_TrialNumber_0_95.00W_0.70Torr_11.00NitrogenFlow_2420.00MHz.csv,3,full 2,1.6363318480063307,0.04536252640137864,0.1304230231307553,0.003441799551798341,0.07487738509705058,0.0017257985289507313,0.6948861555086789,0.01926369129441585,-0.005751017507275282,-5.41394526848354e-05,1.3433732889602323,1.159039813362868,9.539508995422496,11.05667072562789,0.0045229749379172585,0.02023000103402968,25309
95,0.7,11.0,2420,0,33a310dd,0.701,95.0,0.2160246899469273,0.4322917391098892,0.0006342123881142,116.83333333333331,0.2054804667656324,21.83333333333333,0.0471404520791021,8.793,71.21,Scope_TrialNumber_0_95.00W_0.70Torr_11.00NitrogenFlow_2420.00MHz.csv,/home/user/MiniChamberDataAnalysis/TestData/Nafisa_Requested_Data_0.7Torr/LAS_DataFrame_33a310dd_Laser_True_20260922_151050.csv,34299012,33a310dd|Scope_TrialNumber_0_95.00W_0.70Torr_11.00NitrogenFlow_2420.00MHz.csv,4,trailing partial,3.376826388178162,1.5208792946952026,0.02941899169427657,0.03451691861799851,0.008184399883900895,0.006000080412306764,1.4340061336337828,0.6458579702956511,-0.00945592708799484,-0.0001939716090152237,1.0434042217360142,1.0214715961474476,1.6506788381991035,1.6861215475820528,0.005163123166628515,0.0076640582795756045,5424
100,0.7,11.0,2420,0,33a310dd,0.701,100.0,0.1414213562373081,0.442391744665517,0.000518171562063,124.33333333333331,0.1247219128924639,24.33333333333333,0.0471404520791021,8.797,71.2,Scope_TrialNumber_0_100.00W_0.70Torr_11.00NitrogenFlow_2420.00MHz.csv,/home/user/MiniChamberDataAnalysis/TestData/Nafisa_Requested_Data_0.7Torr/LAS_DataFrame_33a310dd_Laser_True_20260922_151050.csv,34299012,33a310dd|Scope_TrialNumber_0_100.00W_0.70Torr_11.00NitrogenFlow_2420.00MHz.csv,0,leading partial,1.2873936711873288,0.14309272425668557,0.06897108571044872,0.01132731129823839,0.050329600431410056,0.003180996462430746,0.5467057552461121,0.06076588508690264,0.0018769511395584297,-0.0024671094482702407,1.188367478946287,1.090122689859397,6.4528696616866945,7.034419632909996,0.003987970357683089,0.032314313597918275,6168
100,0.7,11.0,2420,0,33a310dd,0.701,100.0,0.1414213562373081,0.442391744665517,0.000518171562063,124.33333333333331,0.1247219128924639,24.33333333333333,0.0471404520791021,8.797,71.2,Scope_TrialNumber_0_100.00W_0.70Torr_11.00NitrogenFlow_2420.00MHz.csv,/home/user/MiniChamberDataAnalysis/TestData/Nafisa_Requested_Data_0.7Torr/LAS_DataFrame_33a310dd_Laser_True_20260922_151050.csv,34299012,33a310dd|Scope_TrialNumber_0_100.00W_0.70Torr_11.00NitrogenFlow_2420.00MHz.csv,1,full 0,1.6455566864934656,0.042396977648023575,0.1335112623481043,0.003279180187112301,0.07622068446838423,0.0016441485368829415,0.6988035837243088,0.018004338691395144,-0.0066487704527519904,-3.65873790570021e-05,1.3040337763010261,1.1419429829466208,9.253171572248931,10.566594346930817,0.004513180203848395,0.019128619904332657,25303
100,0.7,11.0,2420,0,33a310dd,0.701,100.0,0.1414213562373081,0.442391744665517,0.000518171562063,124.33333333333331,0.1247219128924639,24.33333333333333,0.0471404520791021,8.797,71.2,Scope_TrialNumber_0_100.00W_0.70Torr_11.00NitrogenFlow_2420.00MHz.csv,/home/user/MiniChamberDataAnalysis/TestData/Nafisa_Requested_Data_0.7Torr/LAS_DataFrame_33a310dd_Laser_True_20260922_151050.csv,34299012,33a310dd|Scope_TrialNumber_0_100.00W_0.70Torr_11.00NitrogenFlow_2420.00MHz.csv,2,full 1,1.6649929919415507,0.040679641070763536,0.13584674856525894,0.0031797631853075986,0.07664867084126603,0.0015940124106773989,0.7070574226913665,0.017275052994645664,-0.005973151110761116,-6.667260227062857e-05,1.317908377869263,1.1480019067359004,8.946368571576274,10.270448178531696,0.00447107054125774,0.012958393453726845,25260
100,0.7,11.0,2420,0,33a310dd,0.701,100.0,0.1414213562373081,0.442391744665517,0.000518171562063,124.33333333333331,0.1247219128924639,24.33333333333333,0.0471404520791021,8.797,71.2,Scope_TrialNumber_0_100.00W_0.70Torr_11.00NitrogenFlow_2420.00MHz.csv,/home/user/MiniChamberDataAnalysis/TestData/Nafisa_Requested_Data_0.7Torr/LAS_DataFrame_33a310dd_Laser_True_20260922_151050.csv,34299012,33a310dd|Scope_TrialNumber_0_100.00W_0.70Torr_11.00NitrogenFlow_2420.00MHz.csv,3,full 2,1.7169856072351117,0.04648440829368017,0.13822033340584183,0.003599773501229235,0.07562633800107442,0.0017214843862403493,0.7291366535027713,0.019740110668655882,-0.006258942836901858,-4.7195091603195066e-05,1.3888804487457498,1.1785077211226704,9.56090255051121,11.267597476678894,0.004426520915288244,0.024549098512909612,25168
100,0.7,11.0,2420,0,33a310dd,0.701,100.0,0.1414213562373081,0.442391744665517,0.000518171562063,124.33333333333331,0.1247219128924639,24.33333333333333,0.0471404520791021,8.797,71.2,Scope_TrialNumber_0_100.00W_0.70Torr_11.00NitrogenFlow_2420.00MHz.csv,/home/user/MiniChamberDataAnalysis/TestData/Nafisa_Requested_Data_0.7Torr/LAS_DataFrame_33a310dd_Laser_True_20260922_151050.csv,34299012,33a310dd|Scope_TrialNumber_0_100.00W_0.70Torr_11.00NitrogenFlow_2420.00MHz.csv,4,trailing partial,3.3227096921427495,1.493431241194978,0.025034469628799655,0.028704637196691456,0.007078052613920095,0.005012469379034666,1.4110248887825647,0.6342018551890447,-0.010259025538938388,0.00017839351024541338,1.013004291712153,1.0064811432471812,1.5245551838353324,1.5344360443700018,0.005162687727251716,0.011312504525562199,5382
105,0.7,11.0,2420,0,33a310dd,0.701,105.0,0.0,0.4588308395333431,0.0005281514638046,133.0,0.0816496580927679,28.0,0.0816496580927737,8.799,71.21,Scope_TrialNumber_0_105.00W_0.70Torr_11.00NitrogenFlow_2420.00MHz.csv,/home/user/MiniChamberDataAnalysis/TestData/Nafisa_Requested_Data_0.7Torr/LAS_DataFrame_33a310dd_Laser_True_20260922_151050.csv,34299012,33a310dd|Scope_TrialNumber_0_105.00W_0.70Torr_11.00NitrogenFlow_2420.00MHz.csv,0,leading partial,1.4213859688774564,0.14009004852870943,0.08020902891039304,0.011819076180720202,0.05301259017368115,0.003056122320396819,0.6036070449955657,0.059490766109419724,0.002222824841657294,-0.002314079393075841,1.157309952439902,1.0757834133504298,6.088470710023897,6.549875802513623,0.004048690072356681,0.020247589974293066,6208
105,0.7,11.0,2420,0,33a310dd,0.701,105.0,0.0,0.4588308395333431,0.0005281514638046,133.0,0.0816496580927679,28.0,0.0816496580927737,8.799,71.21,Scope_TrialNumber_0_105.00W_0.70Torr_11.00NitrogenFlow_2420.00MHz.csv,/home/user/MiniChamberDataAnalysis/TestData/Nafisa_Requested_Data_0.7Torr/LAS_DataFrame_33a310dd_Laser_True_20260922_151050.csv,34299012,33a310dd|Scope_TrialNumber_0_105.00W_0.70Torr_11.00NitrogenFlow_2420.00MHz.csv,2,full 1,1.6888629165980211,0.043446291202803564,0.13992356343840154,0.003446904894695948,0.07783308542727464,0.0016895908355564551,0.717194046382353,0.018449941130101323,-0.005519388797383412,-3.575244104312884e-05,1.346039643648364,1.1601894860962858,9.400186818102346,10.905997913703242,0.00446803428104205,0.023618431929048823,25252
105,0.7,11.0,2420,0,33a310dd,0.701,105.0,0.0,0.4588308395333431,0.0005281514638046,133.0,0.0816496580927679,28.0,0.0816496580927737,8.799,71.21,Scope_TrialNumber_0_105.00W_0.70Torr_11.00NitrogenFlow_2420.00MHz.csv,/home/user/MiniChamberDataAnalysis/TestData/Nafisa_Requested_Data_0.7Torr/LAS_DataFrame_33a310dd_Laser_True_20260922_151050.csv,34299012,33a310dd|Scope_TrialNumber_0_105.00W_0.70Torr_11.00NitrogenFlow_2420.00MHz.csv,4,full 3,1.7080282126695767,0.04343250021759526,0.14131478447451032,0.0034388808775199665,0.07772493193146328,0.0016581137207053107,0.7253327982636262,0.018444084637908892,-0.004926994175422287,-6.53870174035765e-05,1.3507761788928325,1.1622289700798343,9.223779342052635,10.720143564957485,0.004481904070450582,0.021279973322212827,25211
105,0.7,11.0,2420,0,33a310dd,0.701,105.0,0.0,0.4588308395333431,0.0005281514638046,133.0,0.0816496580927679,28.0,0.0816496580927737,8.799,71.21,Scope_TrialNumber_0_105.00W_0.70Torr_11.00NitrogenFlow_2420.00MHz.csv,/home/user/MiniChamberDataAnalysis/TestData/Nafisa_Requested_Data_0.7Torr/LAS_DataFrame_33a310dd_Laser_True_20260922_151050.csv,34299012,33a310dd|Scope_TrialNumber_0_105.00W_0.70Torr_11.00NitrogenFlow_2420.00MHz.csv,6,full 5,1.7184829947162705,0.04180455893782494,0.1414587937732674,0.003296818848612206,0.07733079971061019,0.0015974528743165008,0.7297725354183846,0.01775276162866004,-0.005442252895045295,-3.9379397249048994e-05,1.3078937501355987,1.1436318245552626,8.926754984300667,10.208921090053556,0.004505224520846688,0.022848339108079766,25206
105,0.7,11.0,2420,0,33a310dd,0.701,105.0,0.0,0.4588308395333431,0.0005281514638046,133.0,0.0816496580927679,28.0,0.0816496580927737,8.799,71.21,Scope_TrialNumber_0_105.00W_0.70Torr_11.00NitrogenFlow_2420.00MHz.csv,/home/user/MiniChamberDataAnalysis/TestData/Nafisa_Requested_Data_0.7Torr/LAS_DataFrame_33a310dd_Laser_True_20260922_151050.csv,34299012,33a310dd|Scope_TrialNumber_0_105.00W_0.70Torr_11.00NitrogenFlow_2420.00MHz.csv,8,trailing partial,3.2781823556661407,1.6771393908620793,0.024625940996286802,0.03157616641589916,0.007057120222425461,0.005532593966087386,1.3921158699933929,0.7122155233904665,-0.008891300368804325,2.0069495825894526e-05,1.0017779831700688,1.000888596782913,1.8233566455971868,1.8249768744465678,0.005196713240277356,0.03346893634939996,5491
110,0.7,11.0,2420,0,33a310dd,0.701,109.96666666666664,0.0471404520791071,0.476295230799864,0.0003160631506587,142.23333333333332,0.0471404520791138,32.266666666666666,0.0471404520791004,8.796,71.21,Scope_TrialNumber_0_110.00W_0.70Torr_11.00NitrogenFlow_2420.00MHz.csv,/home/user/MiniChamberDataAnalysis/TestData/Nafisa_Requested_Data_0.7Torr/LAS_DataFrame_33a310dd_Laser_True_20260922_151050.csv,34299012,33a310dd|Scope_TrialNumber_0_110.00W_0.70Torr_11.00NitrogenFlow_2420.00MHz.csv,0,leading partial,1.4049008154297409,0.13899786733523173,0.07866027680809441,0.011620981635330598,0.05259901309385572,0.003035371421633322,0.5966064448934467,0.059026959460677125,0.002653133638828014,-0.0024156892507649634,1.1780137378121185,1.0853634127849152,6.039528112005347,6.555082843256559,0.00401268709334377,0.010223187940987997,6205
110,0.7,11.0,2420,0,33a310dd,0.701,109.96666666666664,0.0471404520791071,0.476295230799864,0.0003160631506587,142.23333333333332,0.0471404520791138,32.266666666666666,0.0471404520791004,8.796,71.21,Scope_TrialNumber_0_110.00W_0.70Torr_11.00NitrogenFlow_2420.00MHz.csv,/home/user/MiniChamberDataAnalysis/TestData/Nafisa_Requested_Data_0.7Torr/LAS_DataFrame_33a310dd_Laser_True_20260922_151050.csv,34299012,33a310dd|Scope_TrialNumber_0_110.00W_0.70Torr_11.00NitrogenFlow_2420.00MHz.csv,1,full 0,1.6761687206855065,0.044678741924392945,0.1425613133853225,0.0036257439800510484,0.07990091369786625,0.0017781533714828729,0.7118033177195401,0.018973314762914605,-0.004930101523115322,-6.606354242740625e-05,1.39582213867317,1.1814491688909727,9.855154496717637,11.643364089439185,0.004427508087662425,0.013179310645555048,25243
110,0.7,11.0,2420,0,33a310dd,0.701,109.96666666666664,0.0471404520791071,0.476295230799864,0.0003160631506587,142.23333333333332,0.0471404520791138,32.266666666666666,0.0471404520791004,8.796,71.21,Scope_TrialNumber_0_110.00W_0.70Torr_11.00NitrogenFlow_2420.00MHz.csv,/home/user/MiniChamberDataAnalysis/TestData/Nafisa_Requested_Data_0.7Torr/LAS_DataFrame_33a310dd_Laser_True_20260922_151050.csv,34299012,33a310dd|Scope_TrialNumber_0_110.00W_0.70Torr_11.00NitrogenFlow_2420.00MHz.csv,2,full 1,1.700940891585208,0.04405901016134321,0.1437480606014281,0.0035793418684827603,0.07939269820475905,0.0017254294433516996,0.7223230901123285,0.01871013891457007,-0.004233647133331964,-9.40766691985411e-05,1.3577720608070318,1.165234766391319,9.564035197455299,11.144346319065177,0.004511205333032675,0.02310305840078846,25234
110,0.7,11.0,2420,0,33a310dd,0.701,109.96666666666664,0.0471404520791071,0.476295230799864,0.0003160631506587,142.23333333333332,0.0471404520791138,32.266666666666666,0.0471404520791004,8.796,71.21,Scope_TrialNumber_0_110.00W_0.70Torr_11.00NitrogenFlow_2420.00MHz.csv,/home/user/MiniChamberDataAnalysis/TestData/Nafisa_Requested_Data_0.7Torr/LAS_DataFrame_33a310dd_Laser_True_20260922_151050.csv,34299012,33a310dd|Scope_TrialNumber_0_110.00W_0.70Torr_11.00NitrogenFlow_2420.00MHz.csv,3,full 2,1.6327401178270817,0.041627840968235186,0.13762903256081283,0.0033462241225991427,0.07918825684951339,0.0016860130339872732,0.6933608881376847,0.01767771641662243,-0.004515849138063186,-8.503760851178343e-05,1.3529616696557591,1.1631688053140692,9.311345996560128,10.830667198684784,0.004518355368892589,0.01633231722939311,25323
110,0.7,11.0,2420,0,33a310dd,0.701,109.96666666666664,0.0471404520791071,0.476295230799864,0.0003160631506587,142.23333333333332,0.0471404520791138,32.266666666666666,0.0471404520791004,8.796,71.21,Scope_TrialNumber_0_110.00W_0.70Torr_11.00NitrogenFlow_2420.00MHz.csv,/home/user/MiniChamberDataAnalysis/TestData/Nafisa_Requested_Data_0.7Torr/LAS_DataFrame_33a310dd_Laser_True_20260922_151050.csv,34299012,33a310dd|Scope_TrialNumber_0_110.00W_0.70Torr_11.00NitrogenFlow_2420.00MHz.csv,4,trailing partial,3.793900456333618,1.2861266253402288,0.04073481189308253,0.040570432188487604,0.01008666444299944,0.006672298602292964,1.6111211828434027,0.5461676904161589,-0.008680161694083317,-0.0004640187491691373,0.9485313904638124,1.0,1.0,1.0,0.005307856818008466,0.029615362480035923,5295
