row_uid,area_mean,area_err,area_err_int,area_err_ext,area_birge,area_method,area_std,fwhm_mean,fwhm_err,fwhm_err_int,fwhm_err_ext,fwhm_birge,fwhm_method,fwhm_std,rel_axis,inflate_mean,n_fits,chi2_median,power,pressure,n2_flow,freq,trial,run_id,Measured Pressure,delivered_power,delivered_power_error,gamma,gamma_error,forward_power,forward_power_error,reverse_power,reverse_power_error,Nitrogen_Gas_Flow,Argon_Gas_Flow,basename,df_source,run_id_off,fwhm_wavelength_m,T_gas_K,T_gas_K_stat,T_gas_K_sys,T_gas_K_err,N_s_m3,N_s_cm3,N_s_cm3_stat,N_s_cm3_sys,N_s_cm3_err,N_s_m3_err
33a310dd|Scope_TrialNumber_0_100.00W_0.70Torr_1.00NitrogenFlow_2420.00MHz.csv,0.3037859202798798,0.003936579534470757,0.0038923978961617855,0.003936579534470757,1.011350750742245,birge,0.0066432083578359296,1.5207721868048925,0.021336554988112322,0.021336554988112322,0.017535415821359146,0.8218485051185168,birge,0.02951102401675345,0.015055614468126801,23.52119798275599,3,2.454269162634601,100,0.7,1.0,2420,0,33a310dd,0.708,100.13333333333333,0.0942809041582043,0.5903502039393614,0.0005012387209895,153.70000000000002,0.2449489742783155,53.56666666666666,0.1699673171197586,0.805,79.2,Scope_TrialNumber_0_100.00W_0.70Torr_1.00NitrogenFlow_2420.00MHz.csv,/home/user/MiniChamberDataAnalysis/TestData/Nafisa_Requested_Data_0.7Torr/LAS_DataFrame_33a310dd_Laser_True_20260922_151050.csv,34299012,2.461177906801849e-12,974.1458252393811,40.09481326218095,9.74145825239381,41.26124161258714,1.0245196598799704e+17,102451965987.99704,2035139807.9560826,12516343300.739843,12680719366.814434,1.2680719366814434e+16
33a310dd|Scope_TrialNumber_0_100.00W_0.70Torr_11.00NitrogenFlow_2420.00MHz.csv,0.13572030055159376,0.0019278219885130905,0.0019278219885130905,0.0013200441604235317,0.6847334288585786,birge,0.0023545612150598846,1.6731540881635791,0.024819098965009362,0.024819098965009362,0.02041415622797938,0.8225180235898093,birge,0.036930323432223584,0.01946348973627771,10.70154666738047,3,1.317908377869263,100,0.7,11.0,2420,0,33a310dd,0.701,100.0,0.1414213562373081,0.442391744665517,0.000518171562063,124.33333333333331,0.1247219128924639,24.33333333333333,0.0471404520791021,8.797,71.2,Scope_TrialNumber_0_100.00W_0.70Torr_11.00NitrogenFlow_2420.00MHz.csv,/home/user/MiniChamberDataAnalysis/TestData/Nafisa_Requested_Data_0.7Torr/LAS_DataFrame_33a310dd_Laser_True_20260922_151050.csv,34299012,2.7077887879545396e-12,1179.1458562179405,57.71153140291322,11.791458562179406,58.90381440868691,4.577174479706642e+16,45771744797.066414,1102891718.5063992,5591838729.781472,5699564064.26264,5699564064262640.0
33a310dd|Scope_TrialNumber_0_100.00W_0.70Torr_3.00NitrogenFlow_2420.00MHz.csv,0.28439152386458955,0.0067599664200634485,0.003521121172696995,0.0067599664200634485,1.9198335099855899,birge,0.011800873286330608,1.573058382582804,0.03412426904273742,0.021123140095256083,0.03412426904273742,1.6154922463635597,birge,0.05908764941826454,0.01731788091535972,20.70851754462644,3,2.0381807396817093,100,0.7,3.0,2420,0,33a310dd,0.7070000000000001,100.1,0.1414213562373048,0.531125491059189,0.0004314206125623,139.43333333333337,0.1247219128924576,39.33333333333333,0.0471404520791038,2.401,77.62,Scope_TrialNumber_0_100.00W_0.70Torr_3.00NitrogenFlow_2420.00MHz.csv,/home/user/MiniChamberDataAnalysis/TestData/Nafisa_Requested_Data_0.7Torr/LAS_DataFrame_33a310dd_Laser_True_20260922_151050.csv,34299012,2.5457965176601117e-12,1042.2822312851893,57.86282593121123,10.422822312851892,58.79406304815933,9.591119530294877e+16,95911195302.94876,2820700051.6991158,11717270969.076918,12052003474.29539,1.205200347429539e+16
33a310dd|Scope_TrialNumber_0_100.00W_0.70Torr_5.00NitrogenFlow_2420.00MHz.csv,0.23961653483508988,0.005407956508059375,0.00277976467523617,0.005407956508059375,1.945472779130094,birge,0.009385046281147572,1.593130383904259,0.03470819180067435,0.01978510206999291,0.03470819180067435,1.7542589205700667,birge,0.059729897197910414,0.02244098307065291,15.767188069725208,3,1.6080452962172052,100,0.7,5.0,2420,0,33a310dd,0.706,100.66666666666669,3.3309991827611687,0.497304723315446,0.0232767766487855,133.83333333333334,1.307244770075179,33.166666666666664,3.0169889330626023,4.004,76.01,Scope_TrialNumber_0_100.00W_0.70Torr_5.00NitrogenFlow_2420.00MHz.csv,/home/user/MiniChamberDataAnalysis/TestData/Nafisa_Requested_Data_0.7Torr/LAS_DataFrame_33a310dd_Laser_True_20260922_151050.csv,34299012,2.5782805192918436e-12,1069.0506755768038,66.87283932679222,10.690506755768038,67.72195784472042,8.08108060257336e+16,80810806025.7336,2571977136.8395605,9872487861.736853,10202013672.435797,1.0202013672435796e+16
33a310dd|Scope_TrialNumber_0_100.00W_0.70Torr_7.00NitrogenFlow_2420.00MHz.csv,0.17380711480513464,0.006154856648221479,0.0026700239532781093,0.006154856648221479,2.3051690756050647,birge,0.010656770290923467,1.6097324330049039,0.050279780456353236,0.025969228157876192,0.050279780456353236,1.9361291814560115,birge,0.08630665508795206,0.02023886669997098,14.729047327675412,3,1.576518109331977,100,0.7,7.0,2420,0,33a310dd,0.7040000000000001,99.76666666666664,0.124721912892469,0.5172024406024754,0.0005837955293648,136.20000000000002,0.1414213562373148,36.43333333333333,0.0942809041582076,5.591,74.42,Scope_TrialNumber_0_100.00W_0.70Torr_7.00NitrogenFlow_2420.00MHz.csv,/home/user/MiniChamberDataAnalysis/TestData/Nafisa_Requested_Data_0.7Torr/LAS_DataFrame_33a310dd_Laser_True_20260922_151050.csv,34299012,2.605148841061979e-12,1091.4479763870156,81.2444642597719,10.914479763870157,81.97431818181403,5.8616543512227176e+16,58616543512.22717,2390822948.1183667,7161061036.034623,7549624462.916196,7549624462916196.0
33a310dd|Scope_TrialNumber_0_100.00W_0.70Torr_9.00NitrogenFlow_2420.00MHz.csv,0.1588170433866081,0.00266390575481298,0.0021846275381336403,0.00266390575481298,1.2193866955869257,birge,0.004599335608270144,1.647366597019091,0.023768155319515743,0.023768155319515743,0.023432367537346385,0.985872366716922,birge,0.04040167860957802,0.01562578113038379,11.93650367863794,3,1.3981783791008144,100,0.7,9.0,2420,0,33a310dd,0.703,100.0,0.1414213562373148,0.4822245296031722,0.0002615412063662,130.29999999999998,0.1414213562373148,30.3,0.0,7.198,72.79,Scope_TrialNumber_0_100.00W_0.70Torr_9.00NitrogenFlow_2420.00MHz.csv,/home/user/MiniChamberDataAnalysis/TestData/Nafisa_Requested_Data_0.7Torr/LAS_DataFrame_33a310dd_Laser_True_20260922_151050.csv,34299012,2.666054987174025e-12,1143.0787803677574,48.62218824918543,11.430787803677575,49.947773723679916,5.35611338154459e+16,53561133815.4459,1227838987.4576628,6543452162.64105,6657653849.810225,6657653849810225.0
33a310dd|Scope_TrialNumber_0_105.00W_0.70Torr_1.00NitrogenFlow_2420.00MHz.csv,0.31357391173777377,0.005364166075879572,0.0038882886413844427,0.005364166075879572,1.3795699266733543,birge,0.009322896499662277,1.5758574959132083,0.024418579803179713,0.02130913529800086,0.024418579803179713,1.1459207265660643,birge,0.042527203488616126,0.01541431129707776,22.567651880121403,3,2.308317993950658,105,0.7,1.0,2420,0,33a310dd,0.708,105.0,0.0816496580927737,0.6075467393885016,0.0011706568131684,166.43333333333334,0.2867441755680944,61.43333333333334,0.3399346342395182,0.802,79.2,Scope_TrialNumber_0_105.00W_0.70Torr_1.00NitrogenFlow_2420.00MHz.csv,/home/user/MiniChamberDataAnalysis/TestData/Nafisa_Requested_Data_0.7Torr/LAS_DataFrame_33a310dd_Laser_True_20260922_151050.csv,34299012,2.5503265294180853e-12,1045.9948230132845,45.723694229772526,10.459948230132845,46.90486894763477,1.0575297140329435e+17,105752971403.29434,2435155597.4132614,12919620257.087395,13147112624.867716,1.3147112624867716e+16
33a310dd|Scope_TrialNumber_0_105.00W_0.70Torr_11.00NitrogenFlow_2420.00MHz.csv,0.14091650055235697,0.0019584074974181827,0.0019584074974181827,0.0004865625518171289,0.2484480642862001,birge,0.0008478567912224742,1.7054725645683768,0.024752926389487107,0.024752926389487107,0.008689582956221903,0.35105275309639683,birge,0.015021984272422495,0.02260320177452013,10.611687522904761,3,1.346039643648364,105,0.7,11.0,2420,0,33a310dd,0.701,105.0,0.0,0.4588308395333431,0.0005281514638046,133.0,0.0816496580927679,28.0,0.0816496580927737,8.799,71.21,Scope_TrialNumber_0_105.00W_0.70Torr_11.00NitrogenFlow_2420.00MHz.csv,/home/user/MiniChamberDataAnalysis/TestData/Nafisa_Requested_Data_0.7Torr/LAS_DataFrame_33a310dd_Laser_True_20260922_151050.csv,34299012,2.760092164357089e-12,1225.13832620403,65.81881766662865,12.2513832620403,66.94933271412276,4.752416605890289e+16,47524166058.902885,1261002739.1421013,5805928385.447335,5941290459.57753,5941290459577530.0
33a310dd|Scope_TrialNumber_0_105.00W_0.70Torr_3.00NitrogenFlow_2420.00MHz.csv,0.30122095402347043,0.007004571030002089,0.0039098012108122115,0.007004571030002089,1.7915414754672343,birge,0.012063710434237162,1.6422856979263856,0.03195553901565062,0.023041514949225232,0.03195553901565062,1.3868679679295617,birge,0.05494427326637296,0.019446360167125292,22.30388227938772,3,2.351897901835065,105,0.7,3.0,2420,0,33a310dd,0.7070000000000001,104.96666666666664,0.1699673171197498,0.5499025784054309,0.0003104466022062,150.46666666666667,0.1699673171197498,45.5,0.0,2.395,77.6,Scope_TrialNumber_0_105.00W_0.70Torr_3.00NitrogenFlow_2420.00MHz.csv,/home/user/MiniChamberDataAnalysis/TestData/Nafisa_Requested_Data_0.7Torr/LAS_DataFrame_33a310dd_Laser_True_20260922_151050.csv,34299012,2.6578321930552503e-12,1136.0385605709807,62.5037372906769,11.360385605709807,63.52775406397091,1.0158692973016157e+17,101586929730.16156,3079451891.9525757,12410663622.792768,12787008857.155064,1.2787008857155064e+16
33a310dd|Scope_TrialNumber_0_105.00W_0.70Torr_5.00NitrogenFlow_2420.00MHz.csv,0.24584929492515462,0.004695959050260399,0.0027401330201417854,0.004695959050260399,1.7137704687115558,birge,0.008148172664145087,1.6074719750973692,0.03000093722244344,0.01919579571894387,0.03000093722244344,1.5628910445653594,birge,0.052859026540191575,0.01677539046330631,15.688035767650703,3,1.6697885776859995,105,0.7,5.0,2420,0,33a310dd,0.706,105.06666666666666,0.0471404520791038,0.4652951036805532,0.0017249398590634,134.1,0.2160246899469295,29.03333333333333,0.2624669291337264,3.989,76.0,Scope_TrialNumber_0_105.00W_0.70Torr_5.00NitrogenFlow_2420.00MHz.csv,/home/user/MiniChamberDataAnalysis/TestData/Nafisa_Requested_Data_0.7Torr/LAS_DataFrame_33a310dd_Laser_True_20260922_151050.csv,34299012,2.6014905751431576e-12,1088.3848089911917,54.625089775491475,10.883848089911917,55.698820294731405,8.291280773855278e+16,82912807738.55278,2107780937.8145318,10129285033.003145,10346262888.678009,1.034626288867801e+16
33a310dd|Scope_TrialNumber_0_105.00W_0.70Torr_7.00NitrogenFlow_2420.00MHz.csv,0.183100182391588,0.0026255010349234545,0.0026255010349234545,0.0014603637326379005,0.556222874496211,birge,0.002477986674283317,1.6568801222663494,0.024887960582427596,0.024887960582427596,0.005759422908125405,0.2314140159877907,birge,0.009775041237177474,0.024318865066508856,14.186853950806245,3,1.544429481631268,105,0.7,7.0,2420,0,33a310dd,0.7040000000000001,105.1,0.0816496580927737,0.5176199190515188,0.0016381274864738,143.56666666666666,0.2494438257849279,38.46666666666666,0.3091206165165224,5.591,74.39,Scope_TrialNumber_0_105.00W_0.70Torr_7.00NitrogenFlow_2420.00MHz.csv,/home/user/MiniChamberDataAnalysis/TestData/Nafisa_Requested_Data_0.7Torr/LAS_DataFrame_33a310dd_Laser_True_20260922_151050.csv,34299012,2.6814514274545034e-12,1156.319439153139,66.10414344843966,11.56319439153139,67.10786277023156,6.17506355840859e+16,61750635584.0859,1743313984.0333543,7543946536.856605,7742756162.883925,7742756162883925.0
33a310dd|Scope_TrialNumber_0_105.00W_0.70Torr_9.00NitrogenFlow_2420.00MHz.csv,0.15006672305179503,0.0033338922531182917,0.002227988551736887,0.0033338922531182917,1.4963686642461733,birge,0.005781347573299616,1.6626721157314566,0.02749352049226097,0.025879474001191203,0.027493520492260965,1.0623678244386061,birge,0.047220260031219256,0.020450341412247445,12.238652910404008,3,1.3901943702876356,105,0.7,9.0,2420,0,33a310dd,0.703,105.16666666666669,0.1247219128924677,0.5101549406983393,0.0002238341734229,142.16666666666666,0.1247219128924677,37.0,0.0,7.206,72.79,Scope_TrialNumber_0_105.00W_0.70Torr_9.00NitrogenFlow_2420.00MHz.csv,/home/user/MiniChamberDataAnalysis/TestData/Nafisa_Requested_Data_0.7Torr/LAS_DataFrame_33a310dd_Laser_True_20260922_151050.csv,34299012,2.690825038095432e-12,1164.4179137044835,61.24649145249245,11.644179137044835,62.343561199339746,5.061008354787455e+16,50610083547.87455,1528198320.473165,6182928497.814642,6368986961.502232,6368986961502232.0
33a310dd|Scope_TrialNumber_0_110.00W_0.70Torr_1.00NitrogenFlow_2420.00MHz.csv,0.3058710557242449,0.0039066224374586,0.0039066224374586,0.002417759777679302,0.618887495883053,birge,0.004260730269678453,1.5516223157492954,0.021665910472775784,0.021665910472775784,0.009706601834539006,0.44801264395215695,birge,0.01721582619447431,0.013115814901907863,23.267307172334913,3,2.4404989287709116,110,0.7,1.0,2420,0,33a310dd,0.708,109.96666666666668,0.0942809041582076,0.6203590269663435,0.0018477139098228,178.76666666666665,0.8178562764256883,68.8,0.7257180352359085,0.793,79.2,Scope_TrialNumber_0_110.00W_0.70Torr_1.00NitrogenFlow_2420.00MHz.csv,/home/user/MiniChamberDataAnalysis/TestData/Nafisa_Requested_Data_0.7Torr/LAS_DataFrame_33a310dd_Laser_True_20260922_151050.csv,34299012,2.511104948102805e-12,1014.0694177550608,38.853599034135634,10.140694177550609,40.15514707117873,1.0315517904484197e+17,103155179044.84196,1888477222.2046614,12602253375.262619,12742964190.215082,1.2742964190215082e+16
33a310dd|Scope_TrialNumber_0_110.00W_0.70Torr_11.00NitrogenFlow_2420.00MHz.csv,0.1411323142797381,0.0020268083640835426,0.0020268083640835426,0.001915019274440019,0.9448447659756569,birge,0.003244951649578063,1.6684481221370804,0.025053487488526118,0.025053487488526118,0.02027280720057799,0.8091810455475484,birge,0.03452305881225359,0.018020267503044213,11.20612586906305,3,1.3577720608070318,110,0.7,11.0,2420,0,33a310dd,0.701,109.96666666666664,0.0471404520791071,0.476295230799864,0.0003160631506587,142.23333333333332,0.0471404520791138,32.266666666666666,0.0471404520791004,8.796,71.21,Scope_TrialNumber_0_110.00W_0.70Torr_11.00NitrogenFlow_2420.00MHz.csv,/home/user/MiniChamberDataAnalysis/TestData/Nafisa_Requested_Data_0.7Torr/LAS_DataFrame_33a310dd_Laser_True_20260922_151050.csv,34299012,2.700172775697692e-12,1172.5221785735127,55.00674157852265,11.725221785735128,56.242532348846545,4.7596949355235464e+16,47596949355.23546,1096766153.2671509,5814820169.169326,5917349879.357381,5917349879357381.0
33a310dd|Scope_TrialNumber_0_110.00W_0.70Torr_3.00NitrogenFlow_2420.00MHz.csv,0.3021624471325245,0.00412100499140134,0.00412100499140134,0.0003185849510298347,0.07730758678879943,birge,0.0005540050273110818,1.6290616006725702,0.024034233583798074,0.024034233583798074,0.001388851721748284,0.05778639526431726,birge,0.0024212939746183536,0.01643201555975917,23.504401936830224,3,2.451680954748585,110,0.7,3.0,2420,0,33a310dd,0.7070000000000001,110.06666666666666,0.0942809041581976,0.5618247997869789,0.0003644751071813,160.83333333333334,0.2054804667656316,50.76666666666667,0.1247219128924633,2.405,77.6,Scope_TrialNumber_0_110.00W_0.70Torr_3.00NitrogenFlow_2420.00MHz.csv,/home/user/MiniChamberDataAnalysis/TestData/Nafisa_Requested_Data_0.7Torr/LAS_DataFrame_33a310dd_Laser_True_20260922_151050.csv,34299012,2.636430660149214e-12,1117.8168837920948,49.370295855417474,11.178168837920948,50.61993255053308,1.0190444879061662e+17,101904448790.61662,2176122746.774335,12449454265.08898,12638212757.64777,1.263821275764777e+16
33a310dd|Scope_TrialNumber_0_110.00W_0.70Torr_5.00NitrogenFlow_2420.00MHz.csv,0.24357153625133363,0.005082725186014526,0.0029030266738514464,0.005082725186014526,1.7508365430453563,birge,0.009189440138812564,1.6060489256041777,0.033686755478774956,0.020507045679572455,0.033686755478774956,1.6426917853082619,birge,0.06052986375198776,0.0183138537804211,16.48867550349509,3,1.7426779576980582,110,0.7,5.0,2420,0,33a310dd,0.705,110.03333333333336,0.0471404520790971,0.4823715710878122,0.0002323208387175,143.4,0.0816496580927679,33.36666666666667,0.0471404520791038,4.0,75.99,Scope_TrialNumber_0_110.00W_0.70Torr_5.00NitrogenFlow_2420.00MHz.csv,/home/user/MiniChamberDataAnalysis/TestData/Nafisa_Requested_Data_0.7Torr/LAS_DataFrame_33a310dd_Laser_True_20260922_151050.csv,34299012,2.5991875490861865e-12,1086.458629363647,60.50490786210801,10.86458629363647,61.47262082207048,8.214463239334858e+16,82144632393.34857,2280677540.7732515,10035438651.013105,10291332224.898546,1.0291332224898546e+16
33a310dd|Scope_TrialNumber_0_110.00W_0.70Torr_7.00NitrogenFlow_2420.00MHz.csv,0.18667668072382584,0.003933472285445346,0.0025932111353426574,0.003933472285445346,1.5168345653912947,birge,0.00661943937904156,1.6384230144574747,0.025434114479274513,0.023810638720097175,0.02543411447927451,1.0681827891415216,birge,0.042638820743186395,0.019769676334067024,14.297295469031141,3,1.5867518441681263,110,0.7,7.0,2420,0,33a310dd,0.7040000000000001,109.96666666666664,0.094280904158211,0.5180271733075902,0.0003337125184136,150.3,0.0816496580927795,40.333333333333336,0.0471404520791038,5.6,74.4,Scope_TrialNumber_0_110.00W_0.70Torr_7.00NitrogenFlow_2420.00MHz.csv,/home/user/MiniChamberDataAnalysis/TestData/Nafisa_Requested_Data_0.7Torr/LAS_DataFrame_33a310dd_Laser_True_20260922_151050.csv,34299012,2.6515809272199472e-12,1130.7008816717703,56.84267107352259,11.307008816717703,57.956343079545775,6.295681158181805e+16,62956811581.81805,1819036746.7551277,7691302546.310798,7903482115.177616,7903482115177616.0
33a310dd|Scope_TrialNumber_0_110.00W_0.70Torr_9.00NitrogenFlow_2420.00MHz.csv,0.15465152474344393,0.0020421529783676263,0.0020421529783676263,0.0014092800221685475,0.690095226506998,birge,0.002363416603653113,1.675085621419678,0.02318787057507239,0.02318787057507239,0.011190392065253602,0.48259679684789974,birge,0.019162344615058325,0.024439714959821633,11.138065346481449,3,1.39908023618379,110,0.7,9.0,2420,0,33a310dd,0.703,110.06666666666666,0.0942809041582009,0.5106839256054986,0.001367525286314,148.9,0.1632993161855475,38.833333333333336,0.2494438257849298,7.198,72.81,Scope_TrialNumber_0_110.00W_0.70Torr_9.00NitrogenFlow_2420.00MHz.csv,/home/user/MiniChamberDataAnalysis/TestData/Nafisa_Requested_Data_0.7Torr/LAS_DataFrame_33a310dd_Laser_True_20260922_151050.csv,34299012,2.710914730825807e-12,1181.869901885427,66.39217483487364,11.81869901885427,67.4359142134419,5.215631039914458e+16,52156310399.14458,1448845796.8670127,6371827811.797402,6534473491.131024,6534473491131024.0
33a310dd|Scope_TrialNumber_0_30.00W_0.70Torr_1.00NitrogenFlow_2420.00MHz.csv,0.3250754812115921,0.0038711407190399117,0.0038711407190399117,0.0020683417618715294,0.5342977463202377,birge,0.0036551865988592135,1.4701510640042927,0.019148544001033867,0.019148544001033867,0.0068768159617179575,0.35912996629648003,birge,0.012872585823483681,0.014703206405686156,23.981694286272518,3,2.614624496734365,30,0.7,1.0,2420,0,33a310dd,0.708,30.0,0.0816496580927737,0.437464693743467,0.0004813876592501,37.1,0.0816496580927737,7.099999999999999,8.881784197001252e-16,0.804,79.2,Scope_TrialNumber_0_30.00W_0.70Torr_1.00NitrogenFlow_2420.00MHz.csv,/home/user/MiniChamberDataAnalysis/TestData/Nafisa_Requested_Data_0.7Torr/LAS_DataFrame_33a310dd_Laser_True_20260922_151050.csv,34299012,2.3792540064732306e-12,910.3734351489466,35.76420676912061,9.103734351489466,36.90469434864489,1.0963188193165125e+17,109631881931.65125,2074318465.5839038,13393498677.453259,13553176893.983364,1.3553176893983364e+16
33a310dd|Scope_TrialNumber_0_30.00W_0.70Torr_11.00NitrogenFlow_2420.00MHz.csv,0.06203192134607303,0.0007321834832791427,0.0007321834832791427,0.0005458641390215556,0.745529162412759,birge,0.0009111875771617119,1.5608707159414925,0.022606803898832094,0.019451300125379416,0.022606803898832094,1.1622258539590102,birge,0.037720897423130416,0.013894716272353039,4.222522703049395,3,1.0642923534609967,30,0.7,11.0,2420,0,33a310dd,0.701,30.03333333333333,0.0942809041582076,0.4997928377332011,0.0005892579527799,40.03333333333333,0.0942809041582076,10.0,0.0,8.796,71.21,Scope_TrialNumber_0_30.00W_0.70Torr_11.00NitrogenFlow_2420.00MHz.csv,/home/user/MiniChamberDataAnalysis/TestData/Nafisa_Requested_Data_0.7Torr/LAS_DataFrame_33a310dd_Laser_True_20260922_151050.csv,34299012,2.526072316932794e-12,1026.1941080245501,41.19290234785887,10.261941080245501,42.45188616038947,2.0920299038424204e+16,20920299038.424202,381405127.38995075,2555789361.3259892,2584091548.4298253,2584091548429825.5
33a310dd|Scope_TrialNumber_0_30.00W_0.70Torr_3.00NitrogenFlow_2420.00MHz.csv,0.20813406556737357,0.002474044504560337,0.002246529358395329,0.002474044504560337,1.1012740587229715,birge,0.004463635096721478,1.5669653225299505,0.018354652049695185,0.018354652049695185,0.016980559348930047,0.9251365432019749,birge,0.030604924840745746,0.015240367174862383,13.164154399705572,3,1.4225807413198608,30,0.7,3.0,2420,0,33a310dd,0.7070000000000001,29.96666666666667,0.0471404520791038,0.4521338508456555,0.0002831145033697,37.66666666666667,0.0471404520791038,7.7,0.0,2.404,77.61,Scope_TrialNumber_0_30.00W_0.70Torr_3.00NitrogenFlow_2420.00MHz.csv,/home/user/MiniChamberDataAnalysis/TestData/Nafisa_Requested_Data_0.7Torr/LAS_DataFrame_33a310dd_Laser_True_20260922_151050.csv,34299012,2.5359356687328262e-12,1034.223548952026,39.75913301584015,10.342235489520261,41.08224060457222,7.019332623054554e+16,70193326230.54553,1356683574.0882869,8575372468.940857,8682027603.116095,8682027603116095.0
33a310dd|Scope_TrialNumber_0_30.00W_0.70Torr_5.00NitrogenFlow_2420.00MHz.csv,0.14150810879948017,0.002120955357594865,0.0013242527591445744,0.002120955357594865,1.6016242691953577,birge,0.0036310519529170085,1.5548412991845026,0.016042666994954557,0.015789327834941625,0.016042666994954557,1.016044961676728,birge,0.026508518111192526,0.017645703976527725,8.090490692697294,3,1.1991297446904032,30,0.7,5.0,2420,0,33a310dd,0.705,30.03333333333333,0.0942809041582076,0.4682263943151044,0.0008854175894009,38.46666666666667,0.1247219128924665,8.433333333333332,0.047140452079103,3.997,76.0,Scope_TrialNumber_0_30.00W_0.70Torr_5.00NitrogenFlow_2420.00MHz.csv,/home/user/MiniChamberDataAnalysis/TestData/Nafisa_Requested_Data_0.7Torr/LAS_DataFrame_33a310dd_Laser_True_20260922_151050.csv,34299012,2.5163144666499174e-12,1018.2813430952795,41.62913125388072,10.182813430952795,42.85643776986628,4.772368626035477e+16,47723686260.35477,1104901515.5460212,5830303352.903764,5934074868.582024,5934074868582024.0
33a310dd|Scope_TrialNumber_0_30.00W_0.70Torr_7.00NitrogenFlow_2420.00MHz.csv,0.10775722662270595,0.002535064015026543,0.0019596580965371337,0.002535064015026543,1.29362566842971,birge,0.004399107111657503,1.6437073504868323,0.03194652878582424,0.03194652878582424,0.025999600282842747,0.813847427905208,birge,0.04552001745789184,0.020050186787903896,10.964596667909683,3,1.3278940116278073,30,0.7,7.0,2420,0,33a310dd,0.7040000000000001,30.066666666666663,0.0471404520791038,0.491952297746749,0.0002925061543659,39.66666666666666,0.0471404520791038,9.6,0.0,5.603,74.4,Scope_TrialNumber_0_30.00W_0.70Torr_7.00NitrogenFlow_2420.00MHz.csv,/home/user/MiniChamberDataAnalysis/TestData/Nafisa_Requested_Data_0.7Torr/LAS_DataFrame_33a310dd_Laser_True_20260922_151050.csv,34299012,2.6601329583528258e-12,1138.0062464240407,63.55557233109427,11.380062464240407,64.5663735703266,3.63411829841857e+16,36341182984.18569,1123329700.9620264,4439726634.8052635,4579633414.244279,4579633414244279.0
33a310dd|Scope_TrialNumber_0_30.00W_0.70Torr_9.00NitrogenFlow_2420.00MHz.csv,0.08140183557906469,0.0017183056644150645,0.0009902595299657003,0.0017183056644150645,1.735207400099024,birge,0.0030265648284331383,1.6285897360746713,0.030104470184892818,0.020784992424674232,0.030104470184892818,1.4483753262837502,birge,0.053951377910324214,0.019625788555041938,5.484130738254019,3,1.1190538828087266,30,0.7,9.0,2420,0,33a310dd,0.703,30.03333333333333,0.2054804667656324,0.4997967295012678,0.0012815047043711,40.03333333333333,0.2054804667656324,10.0,0.0,7.204,72.81,Scope_TrialNumber_0_30.00W_0.70Torr_9.00NitrogenFlow_2420.00MHz.csv,/home/user/MiniChamberDataAnalysis/TestData/Nafisa_Requested_Data_0.7Torr/LAS_DataFrame_33a310dd_Laser_True_20260922_151050.csv,34299012,2.6356670068332026e-12,1117.169416779277,60.238808811977066,11.17169416779277,61.26598434420703,2.745281309424537e+16,27452813094.245365,791269184.4322768,3353852997.792909,3445930477.1043487,3445930477104348.5
33a310dd|Scope_TrialNumber_0_35.00W_0.70Torr_1.00NitrogenFlow_2420.00MHz.csv,0.3573068985868469,0.0083614079320136,0.004154685756769055,0.0083614079320136,2.012524754342903,birge,0.01400553083881745,1.426517957725998,0.03177174252165841,0.018166881156716053,0.03177174252165841,1.748882609380247,birge,0.053298954596089874,0.017967442732008156,26.080181632533197,3,2.8043560078415397,35,0.7,1.0,2420,0,33a310dd,0.708,34.96666666666667,0.0471404520791038,0.4422129801957014,0.000239932400202,43.46666666666667,0.0471404520791038,8.5,0.0,0.805,79.19,Scope_TrialNumber_0_35.00W_0.70Torr_1.00NitrogenFlow_2420.00MHz.csv,/home/user/MiniChamberDataAnalysis/TestData/Nafisa_Requested_Data_0.7Torr/LAS_DataFrame_33a310dd_Laser_True_20260922_151050.csv,34299012,2.308639329200037e-12,857.1367926235241,49.05583183888729,8.571367926235242,49.79902594963161,1.2050194488135027e+17,120501944881.35027,3555205341.7063403,14721471628.162914,15144676025.603947,1.5144676025603946e+16
33a310dd|Scope_TrialNumber_0_35.00W_0.70Torr_11.00NitrogenFlow_2420.00MHz.csv,0.0670898811226749,0.0011229311767031798,0.0008813467448193778,0.0011229311767031798,1.2741082704439013,birge,0.0019271550251800322,1.5578008102801273,0.021603838843046508,0.021603838843046508,0.019591442863131164,0.9068500744457709,birge,0.0337605367431677,0.017266015691299045,5.054686163281621,3,1.103601409207596,35,0.7,11.0,2420,0,33a310dd,0.701,34.96666666666667,0.0942809041582076,0.4974836709326944,0.0005041554766371,46.46666666666667,0.0942809041582076,11.5,0.0,8.801,71.19,Scope_TrialNumber_0_35.00W_0.70Torr_11.00NitrogenFlow_2420.00MHz.csv,/home/user/MiniChamberDataAnalysis/TestData/Nafisa_Requested_Data_0.7Torr/LAS_DataFrame_33a310dd_Laser_True_20260922_151050.csv,34299012,2.5211040619533335e-12,1022.1614600147758,45.27339008705993,10.221614600147758,46.41294275317016,2.2626098709862744e+16,22626098709.862743,544093618.5649205,2764183354.395047,2817223363.966323,2817223363966323.0
33a310dd|Scope_TrialNumber_0_35.00W_0.70Torr_3.00NitrogenFlow_2420.00MHz.csv,0.22926801101127406,0.0037170212101521423,0.0023874210080323584,0.0037170212101521423,1.556919034240886,birge,0.00637537631554535,1.5688659473694373,0.024877692907208974,0.017743697328649093,0.024877692907208974,1.4020580066501294,birge,0.04274417581719261,0.016964242664210365,14.0270728639768,3,1.5685023673010836,35,0.7,3.0,2420,0,33a310dd,0.7070000000000001,34.9,0.0,0.4446359740566292,5.551115123125783e-17,43.5,0.0,8.6,0.0,2.402,77.61,Scope_TrialNumber_0_35.00W_0.70Torr_3.00NitrogenFlow_2420.00MHz.csv,/home/user/MiniChamberDataAnalysis/TestData/Nafisa_Requested_Data_0.7Torr/LAS_DataFrame_33a310dd_Laser_True_20260922_151050.csv,34299012,2.5390115902315566e-12,1036.733959428366,48.14884184453967,10.36733959428366,49.25233701291438,7.732076076673422e+16,77320760766.73422,1814375115.9987004,9446116301.410978,9618787358.151625,9618787358151624.0
33a310dd|Scope_TrialNumber_0_35.00W_0.70Torr_5.00NitrogenFlow_2420.00MHz.csv,0.16285901691148563,0.0025016199269512324,0.0014941336364430733,0.0025016199269512324,1.6742946319758758,birge,0.004525881643698765,1.5857169016738946,0.02225612162668712,0.015742636905153748,0.02225612162668712,1.413748011897614,birge,0.040480507312419096,0.021224594091834484,8.772552080156414,3,1.2348234492564996,35,0.7,5.0,2420,0,33a310dd,0.705,35.099999999999994,0.0,0.4557136640112861,0.0,44.29999999999999,7.105427357601002e-15,9.2,0.0,3.998,76.0,Scope_TrialNumber_0_35.00W_0.70Torr_5.00NitrogenFlow_2420.00MHz.csv,/home/user/MiniChamberDataAnalysis/TestData/Nafisa_Requested_Data_0.7Torr/LAS_DataFrame_33a310dd_Laser_True_20260922_151050.csv,34299012,2.5662827336694124e-12,1059.124371687553,53.89996096853925,10.591243716875532,54.93068574012443,5.492429157375682e+16,54924291573.75681,1439008977.7384565,6709986306.828047,6862555141.9155655,6862555141915565.0
33a310dd|Scope_TrialNumber_0_35.00W_0.70Torr_7.00NitrogenFlow_2420.00MHz.csv,0.11663073777431503,0.0019941110151353407,0.0019941110151353407,0.0014806982244004088,0.7425355023676621,birge,0.002608695227410705,1.5920944721109798,0.02912499414052663,0.02912499414052663,0.02075012318760898,0.7124507248822327,birge,0.036794777124702936,0.019410184406425602,11.478775885165525,3,1.3396637272765886,35,0.7,7.0,2420,0,33a310dd,0.7040000000000001,35.06666666666666,0.0471404520791004,0.4654881921237426,0.0002452225442055,44.76666666666667,0.0471404520791004,9.7,0.0,5.607,74.41,Scope_TrialNumber_0_35.00W_0.70Torr_7.00NitrogenFlow_2420.00MHz.csv,/home/user/MiniChamberDataAnalysis/TestData/Nafisa_Requested_Data_0.7Torr/LAS_DataFrame_33a310dd_Laser_True_20260922_151050.csv,34299012,2.5766040267565803e-12,1067.6608556802476,56.95378650718244,10.676608556802476,57.9458692900616,3.933377942137804e+16,39333779421.37804,1017433987.4008876,4805325908.643099,4911855963.583938,4911855963583938.0
33a310dd|Scope_TrialNumber_0_35.00W_0.70Torr_9.00NitrogenFlow_2420.00MHz.csv,0.08923448504081492,0.002814294454061123,0.001208358777446459,0.002814294454061123,2.3290222296463776,birge,0.004863256074233606,1.640869375331911,0.04505582894979047,0.023368657420485352,0.04505582894979047,1.9280452504855405,birge,0.07833507094715553,0.0230584988131579,6.598917149772177,3,1.1401014779839502,35,0.7,9.0,2420,0,33a310dd,0.703,35.099999999999994,0.0,0.485071250072666,0.0,45.9,0.0,10.800000000000002,1.7763568394002505e-15,7.203,72.79,Scope_TrialNumber_0_35.00W_0.70Torr_9.00NitrogenFlow_2420.00MHz.csv,/home/user/MiniChamberDataAnalysis/TestData/Nafisa_Requested_Data_0.7Torr/LAS_DataFrame_33a310dd_Laser_True_20260922_151050.csv,34299012,2.6555400536351117e-12,1134.0799448727837,81.32750251168467,11.340799448727838,82.11441040964942,3.009437836333953e+16,30094378363.339527,1175743886.1147172,3676567524.9418297,3859989954.804679,3859989954804679.0
33a310dd|Scope_TrialNumber_0_40.00W_0.70Torr_1.00NitrogenFlow_2420.00MHz.csv,0.3759781879710133,0.006511276313821415,0.004460801687859307,0.006511276313821415,1.4596650488953051,birge,0.011872109572995159,1.4838549461070087,0.02177092971655193,0.01921163324762369,0.02177092971655193,1.13321597575494,birge,0.04016215989264182,0.02219280813562187,27.254870179172723,3,3.283257374761083,40,0.7,1.0,2420,0,33a310dd,0.708,40.0,0.1414213562373115,0.4542581015982319,0.0006363738357312,50.4,0.1414213562373115,10.4,0.0,0.8,79.21,Scope_TrialNumber_0_40.00W_0.70Torr_1.00NitrogenFlow_2420.00MHz.csv,/home/user/MiniChamberDataAnalysis/TestData/Nafisa_Requested_Data_0.7Torr/LAS_DataFrame_33a310dd_Laser_True_20260922_151050.csv,34299012,2.4014320106222166e-12,927.4244659748122,49.34681033385601,9.274244659748122,50.210748890396225,1.2679884732889061e+17,126798847328.89061,3569430984.691106,15490751085.171259,15896672819.71946,1.589667281971946e+16
33a310dd|Scope_TrialNumber_0_40.00W_0.70Torr_11.00NitrogenFlow_2420.00MHz.csv,0.07420521188286507,0.0024524712784713527,0.0010097503999506913,0.0024524712784713527,2.428789608393434,birge,0.004280050419791871,1.575143767093812,0.04119318571757235,0.02260299832433766,0.04119318571757235,1.8224655475560427,birge,0.07077794286645676,0.02355797541534442,5.74197749896481,3,1.1135286986393749,40,0.7,11.0,2420,0,33a310dd,0.701,40.0,0.0816496580927737,0.4793548089024406,0.0008197339869788,51.93333333333334,0.0942809041582076,11.933333333333332,0.047140452079103,8.807,71.18,Scope_TrialNumber_0_40.00W_0.70Torr_11.00NitrogenFlow_2420.00MHz.csv,/home/user/MiniChamberDataAnalysis/TestData/Nafisa_Requested_Data_0.7Torr/LAS_DataFrame_33a310dd_Laser_True_20260922_151050.csv,34299012,2.5491714493758625e-12,1045.0475449899002,73.56737381250015,10.450475449899002,74.30592793846986,2.502574785872632e+16,25025747858.72632,1015709657.503716,3057343492.991348,3221647923.4210014,3221647923421001.5
33a310dd|Scope_TrialNumber_0_40.00W_0.70Torr_3.00NitrogenFlow_2420.00MHz.csv,0.23439123298357967,0.0023835320563678365,0.0023835320563678365,0.00043827346527782574,0.18387563284787203,birge,0.0008105408460536904,1.5271644230599775,0.016855757551911862,0.016855757551911862,0.00508406242416118,0.3016217104750964,birge,0.009351675686705894,0.01882636058553481,14.381232367832581,3,1.5853115357006031,40,0.7,3.0,2420,0,33a310dd,0.7070000000000001,39.9,0.0816496580927737,0.4446570099982539,0.000567954884338,49.73333333333334,0.1247219128924633,9.833333333333334,0.047140452079103,2.399,77.59,Scope_TrialNumber_0_40.00W_0.70Torr_3.00NitrogenFlow_2420.00MHz.csv,/home/user/MiniChamberDataAnalysis/TestData/Nafisa_Requested_Data_0.7Torr/LAS_DataFrame_33a310dd_Laser_True_20260922_151050.csv,34299012,2.471522934665047e-12,982.3522577029246,42.8762106463012,9.823522577029246,43.98716898377749,7.904857014898616e+16,79048570148.98616,1691419739.121991,9657199175.008915,9804203008.89799,9804203008897990.0
33a310dd|Scope_TrialNumber_0_40.00W_0.70Torr_5.00NitrogenFlow_2420.00MHz.csv,0.17406235807768894,0.0039826947879051154,0.0016857328458403083,0.0039826947879051154,2.3625895394592087,birge,0.007189955923726654,1.5571821726627826,0.034710479488804395,0.01637798657265643,0.034710479488804395,2.1193374005297234,birge,0.06259884522791635,0.01977184953600125,10.03411458385291,3,1.2786248152289938,40,0.7,5.0,2420,0,33a310dd,0.705,40.1,0.0,0.4461686708144268,0.0008462382348241,50.06666666666666,0.0471404520791038,9.966666666666669,0.047140452079103,3.999,76.0,Scope_TrialNumber_0_40.00W_0.70Torr_5.00NitrogenFlow_2420.00MHz.csv,/home/user/MiniChamberDataAnalysis/TestData/Nafisa_Requested_Data_0.7Torr/LAS_DataFrame_33a310dd_Laser_True_20260922_151050.csv,34299012,2.5201028750238672e-12,1021.3497747642557,60.864068917835255,10.213497747642558,61.71507450757958,5.870262444400409e+16,58702624444.00408,1775169064.0641153,7171577364.182915,7388013745.010971,7388013745010971.0
33a310dd|Scope_TrialNumber_0_40.00W_0.70Torr_7.00NitrogenFlow_2420.00MHz.csv,0.12802927478353532,0.0022113039970362187,0.0022113039970362187,0.00026817415886359674,0.12127421612904737,birge,0.0004515955794678316,1.588280931218113,0.02938303521161141,0.02938303521161141,0.007940017293849416,0.2702245440835781,birge,0.014268602572237707,0.01516577815590021,12.823653392176844,3,1.4437295996925508,40,0.7,7.0,2420,0,33a310dd,0.7040000000000001,39.9,0.0816496580927737,0.4564359138081351,0.0003697212805186,50.4,0.0816496580927737,10.5,0.0,5.593,74.41,Scope_TrialNumber_0_40.00W_0.70Torr_7.00NitrogenFlow_2420.00MHz.csv,/home/user/MiniChamberDataAnalysis/TestData/Nafisa_Requested_Data_0.7Torr/LAS_DataFrame_33a310dd_Laser_True_20260922_151050.csv,34299012,2.5704322919802304e-12,1062.552249257571,50.83608216374236,10.62552249257571,51.93466066124815,4.317794219530008e+16,43177942195.30008,992452353.3125579,5274959268.22128,5367509380.987537,5367509380987537.0
33a310dd|Scope_TrialNumber_0_40.00W_0.70Torr_9.00NitrogenFlow_2420.00MHz.csv,0.09595004918485849,0.0013521546112672765,0.0011330593724718707,0.0013521546112672765,1.1933660707624085,birge,0.0023567304495337627,1.585033617113915,0.01967166683411544,0.01967166683411544,0.01874496773585147,0.9528916839595489,birge,0.03256467119489321,0.018923951672100946,6.412130281155169,3,1.1441304974233792,40,0.7,9.0,2420,0,33a310dd,0.703,40.03333333333333,0.0471404520791038,0.4659180925220643,0.0002146629232048,51.13333333333333,0.0471404520791038,11.1,0.0,7.196,72.79,Scope_TrialNumber_0_40.00W_0.70Torr_9.00NitrogenFlow_2420.00MHz.csv,/home/user/MiniChamberDataAnalysis/TestData/Nafisa_Requested_Data_0.7Torr/LAS_DataFrame_33a310dd_Laser_True_20260922_151050.csv,34299012,2.565176923819869e-12,1058.2118160956568,47.896025884220826,10.582118160956568,49.05110111174262,3.2359206004600464e+16,32359206004.600464,763504614.265343,3953256800.7566814,4026310796.3411646,4026310796341164.5
33a310dd|Scope_TrialNumber_0_45.00W_0.70Torr_1.00NitrogenFlow_2420.00MHz.csv,0.2952600103041039,0.003792503154962908,0.003792503154962908,0.0024013426223440703,0.6331814435544105,birge,0.004264103590773143,1.4846551893275453,0.020927613219734322,0.020927613219734322,0.011867836428392054,0.5670898206968448,birge,0.021074486681245425,0.015623753828145329,22.86116014931099,3,2.465293998889321,45,0.7,1.0,2420,0,33a310dd,0.708,45.03333333333334,0.1247219128924639,0.5096340311142991,0.0005221265050064,60.833333333333336,0.1247219128924639,15.800000000000002,1.7763568394002505e-15,0.803,79.21,Scope_TrialNumber_0_45.00W_0.70Torr_1.00NitrogenFlow_2420.00MHz.csv,/home/user/MiniChamberDataAnalysis/TestData/Nafisa_Requested_Data_0.7Torr/LAS_DataFrame_33a310dd_Laser_True_20260922_151050.csv,34299012,2.4027271033070654e-12,928.4250560504072,39.07322973273365,9.284250560504072,40.16110793064854,9.957659823543578e+16,99576598235.43578,2014023761.08376,12165065611.142847,12330657445.311676,1.2330657445311676e+16
33a310dd|Scope_TrialNumber_0_45.00W_0.70Torr_11.00NitrogenFlow_2420.00MHz.csv,0.08266229065944575,0.001151144167124819,0.001151144167124819,0.0009436418815300159,0.8197425730670418,birge,0.0016181676877740391,1.6064632441281794,0.023534419131296832,0.023534419131296832,0.018453093841102476,0.7840896237189451,birge,0.03160123091271449,0.019404164037325766,6.402740021320061,3,1.1223505226579877,45,0.7,11.0,2420,0,33a310dd,0.701,45.03333333333333,0.0942809041582076,0.4661177870721702,0.0003822502723853,57.53333333333333,0.0942809041582076,12.5,0.0,8.8,71.21,Scope_TrialNumber_0_45.00W_0.70Torr_11.00NitrogenFlow_2420.00MHz.csv,/home/user/MiniChamberDataAnalysis/TestData/Nafisa_Requested_Data_0.7Torr/LAS_DataFrame_33a310dd_Laser_True_20260922_151050.csv,34299012,2.5998580713422476e-12,1087.019257362809,52.858169015710736,10.87019257362809,53.96431337727926,2.787790225211557e+16,27877902252.115566,665839279.2893556,3405785254.846416,3470261538.843122,3470261538843122.0
33a310dd|Scope_TrialNumber_0_45.00W_0.70Torr_3.00NitrogenFlow_2420.00MHz.csv,0.25468321283498996,0.005307783423827137,0.002613831705417039,0.005307783423827138,2.0306523227287414,birge,0.010979221806692354,1.5438596635535657,0.021616091997356805,0.017181429469781184,0.021616091997356805,1.2581078911609385,birge,0.0469684935790701,0.017315274978261852,16.692283860872767,3,1.6434619854387682,45,0.7,3.0,2420,0,33a310dd,0.7070000000000001,45.06666666666666,0.1699673171197619,0.4423997525080076,0.001424842552687,56.03333333333333,0.1247219128924665,10.966666666666669,0.047140452079103,2.392,77.6,Scope_TrialNumber_0_45.00W_0.70Torr_3.00NitrogenFlow_2420.00MHz.csv,/home/user/MiniChamberDataAnalysis/TestData/Nafisa_Requested_Data_0.7Torr/LAS_DataFrame_33a310dd_Laser_True_20260922_151050.csv,34299012,2.4985420749465983e-12,1003.9481699176367,44.71148522943484,10.039481699176367,45.824754273318995,8.589205133353368e+16,85892051333.53368,2327269925.262435,10493253017.918924,10748234469.116108,1.0748234469116108e+16
33a310dd|Scope_TrialNumber_0_45.00W_0.70Torr_5.00NitrogenFlow_2420.00MHz.csv,0.17760727197177664,0.0017648362186732536,0.0017045350012640063,0.0017648362186732534,1.0353769311657024,birge,0.0031344287794838285,1.52436979603649,0.01592276187620863,0.01592276187620863,0.015133433987259087,0.9504277024874098,birge,0.026981403523358274,0.01431687283767356,10.464027380946085,3,1.3226999263072092,45,0.7,5.0,2420,0,33a310dd,0.705,45.0,0.0816496580927737,0.4448160034341575,0.0003236998991875,56.1,0.0816496580927737,11.1,0.0,4.003,76.0,Scope_TrialNumber_0_45.00W_0.70Torr_5.00NitrogenFlow_2420.00MHz.csv,/home/user/MiniChamberDataAnalysis/TestData/Nafisa_Requested_Data_0.7Torr/LAS_DataFrame_33a310dd_Laser_True_20260922_151050.csv,34299012,2.4670001834287758e-12,978.7602459418362,34.69181036098222,9.787602459418363,36.04606591607419,5.989814857288027e+16,59898148572.88027,1043864285.2893547,7317632057.004382,7391711004.077529,7391711004077529.0
33a310dd|Scope_TrialNumber_0_45.00W_0.70Torr_7.00NitrogenFlow_2420.00MHz.csv,0.13650062818653927,0.002463570078984986,0.002427610727784949,0.002463570078984986,1.0148126512988547,birge,0.00441894776892096,1.5619609870906515,0.02986503285731847,0.02986503285731847,0.020579421424792847,0.6890808231523452,birge,0.0372651614857662,0.01939539916913331,14.25389303910267,3,1.583350288837344,45,0.7,7.0,2420,0,33a310dd,0.7040000000000001,45.0,0.1632993161855475,0.4469490501285081,0.0013516945606186,56.23333333333333,0.1247219128924633,11.233333333333334,0.0471404520791038,5.594,74.4,Scope_TrialNumber_0_45.00W_0.70Torr_7.00NitrogenFlow_2420.00MHz.csv,/home/user/MiniChamberDataAnalysis/TestData/Nafisa_Requested_Data_0.7Torr/LAS_DataFrame_33a310dd_Laser_True_20260922_151050.csv,34299012,2.527836783226967e-12,1027.628205762898,55.975624443256606,10.27628205762898,56.91109298493971,4.6034910714174344e+16,46034910714.17434,1219632903.7387047,5623989161.76013,5754716197.300916,5754716197300916.0
33a310dd|Scope_TrialNumber_0_45.00W_0.70Torr_9.00NitrogenFlow_2420.00MHz.csv,0.10692757835680462,0.0023905695982908,0.0014044935620310215,0.0023905695982908,1.7020865477188987,birge,0.0040627499202645755,1.6315302861368588,0.032167760468466026,0.022459654631777473,0.032167760468466026,1.4322464434939641,birge,0.05432170275801101,0.01978128209231358,7.813614422675379,3,1.1960977754834903,45,0.7,9.0,2420,0,33a310dd,0.703,45.0,0.0,0.4603356728505559,0.0,57.1,0.0,12.1,0.0,7.2,72.8,Scope_TrialNumber_0_45.00W_0.70Torr_9.00NitrogenFlow_2420.00MHz.csv,/home/user/MiniChamberDataAnalysis/TestData/Nafisa_Requested_Data_0.7Torr/LAS_DataFrame_33a310dd_Laser_True_20260922_151050.csv,34299012,2.6404259160963357e-12,1121.2073377791617,62.628521778180364,11.212073377791617,63.62422753597088,3.606138365760133e+16,36061383657.601326,1076497401.0828147,4405544133.834456,4535158847.24022,4535158847240220.0
33a310dd|Scope_TrialNumber_0_50.00W_0.70Torr_1.00NitrogenFlow_2420.00MHz.csv,0.2950255402003434,0.003311258544155773,0.003311258544155773,0.002064429378190907,0.6234576221281587,birge,0.0035488648497239727,1.515045875779748,0.018587050823094704,0.018587050823094704,0.00820631086264512,0.44150688243928665,birge,0.014517812185266342,0.01735381858496566,20.02726994820775,3,2.1086367913507615,50,0.7,1.0,2420,0,33a310dd,0.708,49.86666666666667,0.1247219128924633,0.5128868092892197,0.0006610855048712,67.66666666666667,0.1885618083164086,17.8,0.0816496580927723,0.803,79.19,Scope_TrialNumber_0_50.00W_0.70Torr_1.00NitrogenFlow_2420.00MHz.csv,/home/user/MiniChamberDataAnalysis/TestData/Nafisa_Requested_Data_0.7Torr/LAS_DataFrame_33a310dd_Laser_True_20260922_151050.csv,34299012,2.4519105949027727e-12,966.823545358116,41.09472865473969,9.66823545358116,42.216720621011845,9.949752306607458e+16,99497523066.07457,2056315501.818463,12155405162.397482,12328110483.97354,1.232811048397354e+16
33a310dd|Scope_TrialNumber_0_50.00W_0.70Torr_11.00NitrogenFlow_2420.00MHz.csv,0.08660112634595998,0.0013122485682956972,0.0013122485682956972,0.0001653378228499383,0.12599581119350986,birge,0.0002880103315069377,1.5548422236991708,0.024814341138071655,0.024814341138071655,0.006925766393560211,0.2791033763509555,birge,0.011920330668590716,0.023247039266100174,7.594384871561022,3,1.1876160883895464,50,0.7,11.0,2420,0,33a310dd,0.701,49.93333333333334,0.1247219128924633,0.4590729499993462,0.0008501103757041,63.26666666666666,0.1247219128924633,13.333333333333334,0.047140452079103,8.8,71.2,Scope_TrialNumber_0_50.00W_0.70Torr_11.00NitrogenFlow_2420.00MHz.csv,/home/user/MiniChamberDataAnalysis/TestData/Nafisa_Requested_Data_0.7Torr/LAS_DataFrame_33a310dd_Laser_True_20260922_151050.csv,34299012,2.516315962860261e-12,1018.2825540437134,57.42705995359907,10.182825540437134,58.322869878815474,2.9206276718632252e+16,29206276718.63225,810458044.2259876,3568069996.7205534,3658956920.0727167,3658956920072716.5
33a310dd|Scope_TrialNumber_0_50.00W_0.70Torr_3.00NitrogenFlow_2420.00MHz.csv,0.2787505223273321,0.0033131490539515377,0.0028494457655308214,0.0033131490539515373,1.1627345549194312,birge,0.005717070838580492,1.5889362104268563,0.017597988705231254,0.017597988705231254,0.016540067243274437,0.9398839560771889,birge,0.028515782369561146,0.018765504675846388,16.549704208528187,3,1.749841887458744,50,0.7,3.0,2420,0,33a310dd,0.7070000000000001,49.96666666666667,0.1699673171197596,0.4454170072646118,0.0012780505508673,62.333333333333336,0.1247219128924639,12.366666666666667,0.047140452079103,2.399,77.62,Scope_TrialNumber_0_50.00W_0.70Torr_3.00NitrogenFlow_2420.00MHz.csv,/home/user/MiniChamberDataAnalysis/TestData/Nafisa_Requested_Data_0.7Torr/LAS_DataFrame_33a310dd_Laser_True_20260922_151050.csv,34299012,2.571492778702265e-12,1063.4291873529044,46.34438757232506,10.634291873529044,47.54882146915193,9.400876448225475e+16,94008764482.25475,2088210336.883866,11484854958.04103,11673153636.370434,1.1673153636370434e+16
33a310dd|Scope_TrialNumber_0_50.00W_0.70Torr_5.00NitrogenFlow_2420.00MHz.csv,0.18797811947423765,0.0019066007699087885,0.0019066007699087885,0.0011524999025021789,0.6044788823605239,birge,0.0018928890199411946,1.55123395674814,0.017088486960299427,0.017088486960299427,0.009964267853100315,0.5830983091861586,birge,0.018712990523342195,0.01636991652291278,11.755290965074638,3,1.3402694192720344,50,0.7,5.0,2420,0,33a310dd,0.705,50.03333333333333,0.1247219128924664,0.4417845808308045,0.0003077822983889,62.16666666666666,0.1699673171197586,12.133333333333333,0.047140452079103,3.998,76.0,Scope_TrialNumber_0_50.00W_0.70Torr_5.00NitrogenFlow_2420.00MHz.csv,/home/user/MiniChamberDataAnalysis/TestData/Nafisa_Requested_Data_0.7Torr/LAS_DataFrame_33a310dd_Laser_True_20260922_151050.csv,34299012,2.510476438059128e-12,1013.5618539017066,39.997968577442734,10.135618539017067,41.26218915048695,6.3395722504581704e+16,63395722504.5817,1220837686.026427,7744923379.593763,7840553731.172336,7840553731172336.0
33a310dd|Scope_TrialNumber_0_50.00W_0.70Torr_7.00NitrogenFlow_2420.00MHz.csv,0.1487591421989105,0.004148947549728183,0.0023228465938796975,0.004148947549728183,1.7861478931324817,birge,0.007310568401509057,1.6065002863100228,0.04588932907018888,0.026786980293500583,0.04588932907018888,1.7131206491880373,birge,0.07964641921922443,0.02169137190015687,13.402416976111697,3,1.4804427846568915,50,0.7,7.0,2420,0,33a310dd,0.7040000000000001,49.9,0.1414213562373115,0.4427481877472137,0.001193858496051,62.06666666666666,0.0942809041582076,12.166666666666666,0.047140452079103,5.589,74.39,Scope_TrialNumber_0_50.00W_0.70Torr_7.00NitrogenFlow_2420.00MHz.csv,/home/user/MiniChamberDataAnalysis/TestData/Nafisa_Requested_Data_0.7Torr/LAS_DataFrame_33a310dd_Laser_True_20260922_151050.csv,34299012,2.5999180194399078e-12,1087.0693873976818,77.98046121386959,10.870693873976817,78.73451794752754,5.016910119772858e+16,50169101197.72858,1772601762.8626335,6129054602.562689,6380237247.226673,6380237247226673.0
33a310dd|Scope_TrialNumber_0_50.00W_0.70Torr_9.00NitrogenFlow_2420.00MHz.csv,0.11645728357762232,0.001851745185730093,0.0015239599551143304,0.0018517451857300933,1.2150878240046483,birge,0.0031130317781128377,1.6321280086259502,0.030894768413925265,0.02237630602232837,0.030894768413925265,1.3806911821413543,birge,0.052470618851650955,0.018296043648345875,8.414346624513106,3,1.19518600193356,50,0.7,9.0,2420,0,33a310dd,0.703,50.03333333333333,0.0471404520791004,0.4508771192335206,0.0008329705903418,62.79999999999999,7.105427357601002e-15,12.766666666666666,0.0471404520791038,7.206,72.79,Scope_TrialNumber_0_50.00W_0.70Torr_9.00NitrogenFlow_2420.00MHz.csv,/home/user/MiniChamberDataAnalysis/TestData/Nafisa_Requested_Data_0.7Torr/LAS_DataFrame_33a310dd_Laser_True_20260922_151050.csv,34299012,2.6413932545296093e-12,1122.029012506623,59.07702977595729,11.220290125066231,60.133105338407425,3.9275281899690184e+16,39275281899.690186,952031150.6339995,4798179388.255452,4891716340.269227,4891716340269227.0
33a310dd|Scope_TrialNumber_0_55.00W_0.70Torr_1.00NitrogenFlow_2420.00MHz.csv,0.3112651448495727,0.0054197449916684095,0.0038428237915353347,0.0054197449916684095,1.4103548030504525,birge,0.009507843445453386,1.4864128615010488,0.020752789968103855,0.02013813685545412,0.02075278996810385,1.0305218460407504,birge,0.036547356583908126,0.021030848414671847,23.835411707615005,3,2.485900000916988,55,0.7,1.0,2420,0,33a310dd,0.708,54.63333333333333,2.7824849006278933,0.4587444383732402,0.0375648060633276,69.3,0.4320493798938569,14.666666666666666,2.357022603955158,0.791,79.21,Scope_TrialNumber_0_55.00W_0.70Torr_1.00NitrogenFlow_2420.00MHz.csv,/home/user/MiniChamberDataAnalysis/TestData/Nafisa_Requested_Data_0.7Torr/LAS_DataFrame_33a310dd_Laser_True_20260922_151050.csv,34299012,2.4055716739524008e-12,930.6246682909347,46.98408720753043,9.306246682909347,47.89687545182865,1.0497433852101242e+17,104974338521.0124,2866153013.9894795,12824496299.573227,13140872818.704561,1.3140872818704562e+16
33a310dd|Scope_TrialNumber_0_55.00W_0.70Torr_11.00NitrogenFlow_2420.00MHz.csv,0.09643405267118454,0.0013681231245542555,0.0013681231245542555,0.00016317330207230255,0.11926799506840118,birge,0.0002779111699075398,1.597172470249514,0.02381396911522217,0.02381396911522217,0.00760812397503391,0.31948155883727536,birge,0.013564017400108196,0.02195540788773881,7.710935187708112,3,1.1972832912381892,55,0.7,11.0,2420,0,33a310dd,0.701,54.96666666666667,0.1699673171197619,0.4501236594359448,0.0006995689763359,68.93333333333334,0.1885618083164153,13.966666666666669,0.047140452079103,8.797,71.2,Scope_TrialNumber_0_55.00W_0.70Torr_11.00NitrogenFlow_2420.00MHz.csv,/home/user/MiniChamberDataAnalysis/TestData/Nafisa_Requested_Data_0.7Torr/LAS_DataFrame_33a310dd_Laser_True_20260922_151050.csv,34299012,2.584822126047046e-12,1074.4823427454016,57.0326651677101,10.744823427454017,58.03598992538421,3.2522436442250324e+16,32522436442.250324,850145940.5093819,3973198323.352695,4063133401.312003,4063133401312003.0
33a310dd|Scope_TrialNumber_0_55.00W_0.70Torr_3.00NitrogenFlow_2420.00MHz.csv,0.27044064511824817,0.003116630008745862,0.003055986627313897,0.003116630008745862,1.0198441252621804,birge,0.005196155699925234,1.5396811502758085,0.01891920270198937,0.01891920270198937,0.015128267161140513,0.7996249841728142,birge,0.025140709099868364,0.018225510482703905,18.34286218476527,3,1.8537978928011494,55,0.7,3.0,2420,0,33a310dd,0.7070000000000001,54.86666666666667,0.1699673171197595,0.4504509695085936,0.0011532936087322,68.83333333333333,0.1247219128924639,13.966666666666669,0.047140452079103,2.401,77.59,Scope_TrialNumber_0_55.00W_0.70Torr_3.00NitrogenFlow_2420.00MHz.csv,/home/user/MiniChamberDataAnalysis/TestData/Nafisa_Requested_Data_0.7Torr/LAS_DataFrame_33a310dd_Laser_True_20260922_151050.csv,34299012,2.4917796784142812e-12,998.5210784776607,43.89668575887652,9.985210784776607,45.018034775298354,9.120625389715216e+16,91206253897.15216,1966712126.5849414,11142478076.847645,11314714944.791435,1.1314714944791436e+16
33a310dd|Scope_TrialNumber_0_55.00W_0.70Torr_5.00NitrogenFlow_2420.00MHz.csv,0.19803855759528505,0.0031821272813198046,0.001861193954469286,0.0031821272813198046,1.7097236285764632,birge,0.005204116095603398,1.5301198299899967,0.02572438211336818,0.015640569548579956,0.02572438211336818,1.644721570622328,birge,0.041896569414908144,0.016345103721764034,11.475215978143178,3,1.3712701562382723,55,0.7,5.0,2420,0,33a310dd,0.705,55.06666666666667,0.1247219128924614,0.4347446349195389,0.0004329510694443,67.9,0.1632993161855417,12.833333333333334,0.047140452079103,4.001,76.0,Scope_TrialNumber_0_55.00W_0.70Torr_5.00NitrogenFlow_2420.00MHz.csv,/home/user/MiniChamberDataAnalysis/TestData/Nafisa_Requested_Data_0.7Torr/LAS_DataFrame_33a310dd_Laser_True_20260922_151050.csv,34299012,2.476305887894258e-12,986.1580822075359,46.24675255355651,9.861580822075359,47.286498052406145,6.678861070444395e+16,66788610704.44395,1530829541.817272,8159425464.360787,8301786735.068525,8301786735068525.0
33a310dd|Scope_TrialNumber_0_55.00W_0.70Torr_7.00NitrogenFlow_2420.00MHz.csv,0.15560807181703537,0.0025737357083064467,0.0025737357083064467,0.000990979669015965,0.3850355208647446,birge,0.001699903336743652,1.6272071576960427,0.028805773083900595,0.028805773083900595,0.013658986507664835,0.4741753143677569,birge,0.023274516586150033,0.018662570414042613,14.741293421959595,3,1.6245956655326803,55,0.7,7.0,2420,0,33a310dd,0.7040000000000001,54.96666666666667,0.0942809041582009,0.4440456301671935,0.0003055099425906,68.46666666666667,0.0942809041582009,13.5,0.0,5.597,74.4,Scope_TrialNumber_0_55.00W_0.70Torr_7.00NitrogenFlow_2420.00MHz.csv,/home/user/MiniChamberDataAnalysis/TestData/Nafisa_Requested_Data_0.7Torr/LAS_DataFrame_33a310dd_Laser_True_20260922_151050.csv,34299012,2.6334294781688656e-12,1115.2733976411926,57.376369197444575,11.152733976411925,58.45024565756828,5.247890641728531e+16,52478906417.28531,1308671257.1971366,6411238695.439929,6543439620.667422,6543439620667422.0
33a310dd|Scope_TrialNumber_0_55.00W_0.70Torr_9.00NitrogenFlow_2420.00MHz.csv,0.12166627734544593,0.0025171433326558047,0.001606454245827014,0.0025171433326558047,1.5668938839649067,birge,0.004465641012921591,1.615655467059573,0.03390893931006053,0.0224292485563093,0.03390893931006053,1.511817893717265,birge,0.061131582371787105,0.016401580254440586,8.999676439809432,3,1.2264135695054725,55,0.7,9.0,2420,0,33a310dd,0.703,55.06666666666667,0.0471404520791071,0.4476463918469708,0.0001532665977426,68.86666666666666,0.0471404520791071,13.800000000000002,1.7763568394002505e-15,7.202,72.78,Scope_TrialNumber_0_55.00W_0.70Torr_9.00NitrogenFlow_2420.00MHz.csv,/home/user/MiniChamberDataAnalysis/TestData/Nafisa_Requested_Data_0.7Torr/LAS_DataFrame_33a310dd_Laser_True_20260922_151050.csv,34299012,2.614734524363575e-12,1099.4947509305384,58.57311459556854,10.994947509305385,59.596129271606095,4.103201786639028e+16,41032017866.39028,1083309817.3913043,5012796162.427961,5128516893.460416,5128516893460416.0
33a310dd|Scope_TrialNumber_0_60.00W_0.70Torr_1.00NitrogenFlow_2420.00MHz.csv,0.32702016447753923,0.003631584193394176,0.003631584193394176,0.001831497303144358,0.5043246158180327,birge,0.0032313513004272026,1.5080817065489547,0.018332642134446322,0.018332642134446322,0.0088800359732273,0.48438386066250966,birge,0.015655209972590286,0.014835106666018224,21.687324317141815,3,2.2851194509863695,60,0.7,1.0,2420,0,33a310dd,0.708,60.1,0.1414213562373132,0.4600337227985305,0.0008292739972203,76.23333333333333,0.124721912892469,16.133333333333333,0.0471404520791021,0.801,79.19,Scope_TrialNumber_0_60.00W_0.70Torr_1.00NitrogenFlow_2420.00MHz.csv,/home/user/MiniChamberDataAnalysis/TestData/Nafisa_Requested_Data_0.7Torr/LAS_DataFrame_33a310dd_Laser_True_20260922_151050.csv,34299012,2.4406399656798196e-12,957.9556319642335,36.74631841845736,9.579556319642334,37.97446268996914,1.1028772741532834e+17,110287727415.32834,2043757260.865852,13473621954.217941,13627744945.75407,1.362774494575407e+16
33a310dd|Scope_TrialNumber_0_60.00W_0.70Torr_11.00NitrogenFlow_2420.00MHz.csv,0.10136068955440254,0.002223923697063644,0.0014932614065708034,0.002223923697063644,1.4893063513713705,birge,0.0037557285890561618,1.599067651029123,0.028582121410586067,0.02477617301746123,0.028582121410586067,1.153613247309928,birge,0.04757767491382088,0.024974106997077777,8.483334754565748,3,1.1952818253046364,60,0.7,11.0,2420,0,33a310dd,0.701,60.13333333333333,0.0471404520791004,0.4456214406419239,0.0001399364838373,75.03333333333333,0.0471404520791004,14.9,0.0,8.8,71.21,Scope_TrialNumber_0_60.00W_0.70Torr_11.00NitrogenFlow_2420.00MHz.csv,/home/user/MiniChamberDataAnalysis/TestData/Nafisa_Requested_Data_0.7Torr/LAS_DataFrame_33a310dd_Laser_True_20260922_151050.csv,34299012,2.587889237021747e-12,1077.0337847043775,66.15458647586111,10.770337847043775,67.02558831619196,3.418394739683847e+16,34183947396.83847,1136378479.1750731,4176181656.1274085,4328030646.022197,4328030646022197.0
33a310dd|Scope_TrialNumber_0_60.00W_0.70Torr_3.00NitrogenFlow_2420.00MHz.csv,0.2756378245669603,0.004473749818900325,0.003098258742267496,0.004473749818900325,1.4439561673361598,birge,0.00816567118047649,1.529972220413992,0.02127620959678436,0.018703544875443984,0.02127620959678436,1.1375495788885477,birge,0.03926878212650063,0.016546597124739913,18.74114671721576,3,1.9440925624065517,60,0.7,3.0,2420,0,33a310dd,0.7070000000000001,59.93333333333334,0.0942809041582043,0.4697152606123023,0.0002209472334579,76.89999999999999,0.1414213562373081,16.966666666666665,0.0471404520791038,2.4,77.61,Scope_TrialNumber_0_60.00W_0.70Torr_3.00NitrogenFlow_2420.00MHz.csv,/home/user/MiniChamberDataAnalysis/TestData/Nafisa_Requested_Data_0.7Torr/LAS_DataFrame_33a310dd_Laser_True_20260922_151050.csv,34299012,2.4760670004195614e-12,985.9678234419248,42.62184024809818,9.859678234419247,43.74739444836324,9.295900547833936e+16,92959005478.33936,2154604857.631524,11356608086.940607,11559189821.648148,1.1559189821648148e+16
33a310dd|Scope_TrialNumber_0_60.00W_0.70Torr_5.00NitrogenFlow_2420.00MHz.csv,0.21653074741919326,0.0020795320553845527,0.0020187192953684966,0.0020795320553845527,1.0301244259940336,birge,0.003750359782925341,1.5872608541748718,0.01602303755428028,0.01602303755428028,0.011575271468508147,0.7224143006153045,birge,0.020059960780364147,0.015393356893539654,12.095708952097292,3,1.3199824050698716,60,0.7,5.0,2420,0,33a310dd,0.705,60.03333333333334,0.0942809041582076,0.4323282062950335,0.0002762162608748,73.83333333333333,0.0942809041582076,13.800000000000002,1.7763568394002505e-15,3.999,76.0,Scope_TrialNumber_0_60.00W_0.70Torr_5.00NitrogenFlow_2420.00MHz.csv,/home/user/MiniChamberDataAnalysis/TestData/Nafisa_Requested_Data_0.7Torr/LAS_DataFrame_33a310dd_Laser_True_20260922_151050.csv,34299012,2.568781425990016e-12,1061.18783434638,39.06900309926728,10.6118783434638,40.48455217915881,7.302511172837936e+16,73025111728.37936,1324937285.044151,8921325805.249672,9019174736.787943,9019174736787942.0
33a310dd|Scope_TrialNumber_0_60.00W_0.70Torr_7.00NitrogenFlow_2420.00MHz.csv,0.1610303520676192,0.0024744804270690848,0.0024744804270690848,0.001591657435913873,0.6432289455605524,birge,0.002708202142522859,1.6018170902720503,0.026370957895721713,0.026370957895721713,0.010344166003069297,0.39225598265990486,birge,0.017653303951861873,0.01537196319411421,14.362076071903138,3,1.5949158276030897,60,0.7,7.0,2420,0,33a310dd,0.7040000000000001,60.03333333333334,0.0471404520791071,0.4386077286371146,0.0001390306104501,74.33333333333333,0.0471404520791071,14.300000000000002,1.7763568394002505e-15,5.602,74.4,Scope_TrialNumber_0_60.00W_0.70Torr_7.00NitrogenFlow_2420.00MHz.csv,/home/user/MiniChamberDataAnalysis/TestData/Nafisa_Requested_Data_0.7Torr/LAS_DataFrame_33a310dd_Laser_True_20260922_151050.csv,34299012,2.592338857536575e-12,1080.7406756930075,48.68530399846532,10.807406756930074,49.87042075451862,5.4307573365702136e+16,54307573365.70213,1180397326.260217,6634643127.832987,6738829815.445984,6738829815445984.0
33a310dd|Scope_TrialNumber_0_60.00W_0.70Torr_9.00NitrogenFlow_2420.00MHz.csv,0.1259364447863025,0.002314966242856612,0.0018093838691495172,0.002314966242856612,1.2794223947319363,birge,0.0040748927991819135,1.6125143550872334,0.027791708592470127,0.024324842251333103,0.027791708592470127,1.1425236926643183,birge,0.04829220964805023,0.021574122933795167,10.15988874288052,3,1.2994478599817274,60,0.7,9.0,2420,0,33a310dd,0.703,59.93333333333334,0.1247219128924639,0.4462169270581984,0.0003716697362973,74.83333333333333,0.1247219128924639,14.9,0.0,7.197,72.8,Scope_TrialNumber_0_60.00W_0.70Torr_9.00NitrogenFlow_2420.00MHz.csv,/home/user/MiniChamberDataAnalysis/TestData/Nafisa_Requested_Data_0.7Torr/LAS_DataFrame_33a310dd_Laser_True_20260922_151050.csv,34299012,2.6096510309539827e-12,1095.2236931897642,60.48524976649832,10.952236931897643,61.46882895523639,4.247213414633713e+16,42472134146.33713,1203799528.3716185,5188732168.91622,5326544360.582548,5326544360582548.0
33a310dd|Scope_TrialNumber_0_65.00W_0.70Torr_1.00NitrogenFlow_2420.00MHz.csv,0.32764831033894815,0.0062449585912287145,0.004037219222799435,0.0062449585912287145,1.5468465412929493,birge,0.010911186894082605,1.5095336978268703,0.023825466809135186,0.020383292013216658,0.023825466809135182,1.1688723682949054,birge,0.04107657194361913,0.01426087795218032,24.136480470279043,3,2.517456157156115,65,0.7,1.0,2420,0,33a310dd,0.708,64.93333333333334,0.0942809041582009,0.4889310186278788,0.001710863048269,85.33333333333333,0.3091206165165192,20.4,0.2160246899469284,0.803,79.21,Scope_TrialNumber_0_65.00W_0.70Torr_1.00NitrogenFlow_2420.00MHz.csv,/home/user/MiniChamberDataAnalysis/TestData/Nafisa_Requested_Data_0.7Torr/LAS_DataFrame_33a310dd_Laser_True_20260922_151050.csv,34299012,2.4429898303637487e-12,959.8011723231876,40.83324533561681,9.598011723231876,41.946105345764444,1.1049956994696797e+17,110499569946.96796,2630386784.9026165,13499502315.08881,13753381307.637714,1.3753381307637714e+16
33a310dd|Scope_TrialNumber_0_65.00W_0.70Torr_11.00NitrogenFlow_2420.00MHz.csv,0.10485452545754716,0.0020020208051417577,0.0015450471779653923,0.0020020208051417577,1.2957667789653742,birge,0.003517397636218622,1.5991176367812665,0.024795541327666506,0.024795541327666506,0.022939762477268377,0.9251567519388061,birge,0.03951741096548662,0.022579111262831467,8.870586183315533,3,1.2711598135167579,65,0.7,11.0,2420,0,33a310dd,0.701,65.0,0.0,0.4455562200808944,5.551115123125783e-17,81.1,0.0,16.1,0.0,8.807,71.21,Scope_TrialNumber_0_65.00W_0.70Torr_11.00NitrogenFlow_2420.00MHz.csv,/home/user/MiniChamberDataAnalysis/TestData/Nafisa_Requested_Data_0.7Torr/LAS_DataFrame_33a310dd_Laser_True_20260922_151050.csv,34299012,2.5879701326548324e-12,1077.10112042369,59.00489295054904,10.771011204236899,59.97993059738857,3.5362245445631624e+16,35362245445.63162,1045653322.3834351,4320131874.6231165,4444876858.220727,4444876858220727.0
33a310dd|Scope_TrialNumber_0_65.00W_0.70Torr_3.00NitrogenFlow_2420.00MHz.csv,0.24177498423159025,0.005655478806520092,0.0026602939616235293,0.005655478806520093,2.1258849165182694,birge,0.009924534930473456,1.5775798969249715,0.03283055550111752,0.01880907798269827,0.03283055550111752,1.745463309329519,birge,0.057229255840633625,0.01504673327366128,15.58229525524041,3,1.611078032345373,65,0.7,3.0,2420,0,33a310dd,0.7070000000000001,65.06666666666666,0.2054804667656324,0.5175104562055601,0.0010438164902816,88.86666666666667,0.1885618083164153,23.8,0.0816496580927723,2.398,77.61,Scope_TrialNumber_0_65.00W_0.70Torr_3.00NitrogenFlow_2420.00MHz.csv,/home/user/MiniChamberDataAnalysis/TestData/Nafisa_Requested_Data_0.7Torr/LAS_DataFrame_33a310dd_Laser_True_20260922_151050.csv,34299012,2.5531140181383463e-12,1048.2826023669772,53.84091187645928,10.482826023669773,54.85192278426694,8.15387442526051e+16,81538744252.6051,2267841993.9344893,9961418558.784903,10216308874.185287,1.0216308874185288e+16
33a310dd|Scope_TrialNumber_0_65.00W_0.70Torr_5.00NitrogenFlow_2420.00MHz.csv,0.21445892665012564,0.0030326428522676053,0.001980236319723894,0.0030326428522676053,1.5314550198182657,birge,0.0052144574147384585,1.536876469401366,0.02068335745756561,0.015440609064350795,0.02068335745756561,1.3395428490783596,birge,0.03557433387057883,0.020566042987936222,11.963647964948615,3,1.3758041194873079,65,0.7,5.0,2420,0,33a310dd,0.705,64.89999999999999,0.2160246899469273,0.4344548663022848,0.0005858766476185,80.0,0.2160246899469273,15.1,0.0,3.997,75.99,Scope_TrialNumber_0_65.00W_0.70Torr_5.00NitrogenFlow_2420.00MHz.csv,/home/user/MiniChamberDataAnalysis/TestData/Nafisa_Requested_Data_0.7Torr/LAS_DataFrame_33a310dd_Laser_True_20260922_151050.csv,34299012,2.4872406562887446e-12,994.8865827930155,48.904770307008604,9.948865827930154,49.906477435734,7.232638905298286e+16,72326389052.98286,1805158957.8496783,8835964311.27601,9018473494.624702,9018473494624702.0
33a310dd|Scope_TrialNumber_0_65.00W_0.70Torr_7.00NitrogenFlow_2420.00MHz.csv,0.16899967411651776,0.0026869016589081717,0.0024776229600529057,0.002686901658908172,1.0844675328851479,birge,0.004819919439968713,1.5939197630698079,0.024533666459289363,0.024533666459289363,0.022896658390789085,0.9332750336678501,birge,0.0409191799758445,0.018367701301922185,13.787301857485666,3,1.5433962404284036,65,0.7,7.0,2420,0,33a310dd,0.7040000000000001,64.93333333333334,0.2054804667656324,0.4272515988089864,0.0005523596880678,79.43333333333334,0.2054804667656324,14.5,0.0,5.602,74.39,Scope_TrialNumber_0_65.00W_0.70Torr_7.00NitrogenFlow_2420.00MHz.csv,/home/user/MiniChamberDataAnalysis/TestData/Nafisa_Requested_Data_0.7Torr/LAS_DataFrame_33a310dd_Laser_True_20260922_151050.csv,34299012,2.5795580298744247e-12,1070.1103445243002,51.28886713643274,10.701103445243003,52.39333456733254,5.699523153876338e+16,56995231538.763374,1384580769.3457015,6962988729.058588,7099315174.567112,7099315174567112.0
33a310dd|Scope_TrialNumber_0_65.00W_0.70Torr_9.00NitrogenFlow_2420.00MHz.csv,0.13522532791464636,0.005209658172725097,0.001959558049790267,0.005209658172725097,2.6585883348965806,birge,0.00906303599961872,1.66271299042268,0.05458516929286473,0.02518043760330133,0.05458516929286473,2.167760948114271,birge,0.0942482720198383,0.022852624643784413,10.627348533027765,3,1.2751325042968387,65,0.7,9.0,2420,0,33a310dd,0.703,65.06666666666668,0.205480466765627,0.4401383131529084,0.0003451138489931,80.7,0.2449489742783155,15.633333333333333,0.047140452079103,7.2,72.81,Scope_TrialNumber_0_65.00W_0.70Torr_9.00NitrogenFlow_2420.00MHz.csv,/home/user/MiniChamberDataAnalysis/TestData/Nafisa_Requested_Data_0.7Torr/LAS_DataFrame_33a310dd_Laser_True_20260922_151050.csv,34299012,2.6908911886259713e-12,1164.4751658918044,93.1575560234722,11.644751658918045,93.8825355721938,4.560481500743428e+16,45604815007.43428,2042808846.8605652,5571445265.058688,5934144447.715835,5934144447715835.0
33a310dd|Scope_TrialNumber_0_70.00W_0.70Torr_1.00NitrogenFlow_2420.00MHz.csv,0.32404819723044553,0.0038005548063496336,0.0038005548063496336,0.002413492192808811,0.6350368079882863,birge,0.003976406318398294,1.5007643868892693,0.019283953938280897,0.019283953938280897,0.010862080035981903,0.5632703786135584,birge,0.017954685218879433,0.015686097334322493,23.10277950189469,3,2.2699141102795135,70,0.7,1.0,2420,0,33a310dd,0.708,69.86666666666667,0.0471404520791071,0.513346059995394,0.0013466935511271,94.86666666666667,0.1247219128924639,25.0,0.1632993161855446,0.797,79.21,Scope_TrialNumber_0_70.00W_0.70Torr_1.00NitrogenFlow_2420.00MHz.csv,/home/user/MiniChamberDataAnalysis/TestData/Nafisa_Requested_Data_0.7Torr/LAS_DataFrame_33a310dd_Laser_True_20260922_151050.csv,34299012,2.4287978070450923e-12,948.6820470572832,38.47306458166036,9.486820470572832,39.62545218600651,1.0928542985316298e+17,109285429853.16296,2140455351.9983947,13351173348.604788,13521663318.482431,1.3521663318482432e+16
33a310dd|Scope_TrialNumber_0_70.00W_0.70Torr_11.00NitrogenFlow_2420.00MHz.csv,0.10928938849476078,0.0017763647882949357,0.0017155363676768193,0.0017763647882949357,1.035457377508406,birge,0.0029753907292261903,1.6146923823601995,0.026625916016435533,0.026625916016435533,0.02123070526374328,0.7973699477846351,birge,0.03650070754179888,0.022494401891519463,9.782665050965248,3,1.3127120277037578,70,0.7,11.0,2420,0,33a310dd,0.701,70.10000000000001,0.2828427124746163,0.4396898914943571,0.0007167922372791,86.89999999999999,0.2828427124746163,16.8,0.0,8.8,71.2,Scope_TrialNumber_0_70.00W_0.70Torr_11.00NitrogenFlow_2420.00MHz.csv,/home/user/MiniChamberDataAnalysis/TestData/Nafisa_Requested_Data_0.7Torr/LAS_DataFrame_33a310dd_Laser_True_20260922_151050.csv,34299012,2.613175893291121e-12,1098.184334212856,61.2590348647221,10.98184334212856,62.2356026382672,3.685790540456398e+16,36857905404.56398,1022887040.3867686,4502853536.688254,4617573807.775803,4617573807775803.0
33a310dd|Scope_TrialNumber_0_70.00W_0.70Torr_3.00NitrogenFlow_2420.00MHz.csv,0.24021570082455287,0.0027860343304968805,0.0027860343304968805,0.0013048358246862935,0.46834879613761976,birge,0.0023080717220130514,1.5676665560519112,0.019731418549537538,0.019731418549537538,0.006163213685544181,0.3123553266112554,birge,0.010903713385025462,0.015466794981975245,16.461369671333575,3,1.7264137420917631,70,0.7,3.0,2420,0,33a310dd,0.7070000000000001,69.96666666666667,0.1247219128924576,0.5209929220804339,0.0006388214086296,96.03333333333336,0.0942809041582009,26.066666666666663,0.0471404520791038,2.407,77.6,Scope_TrialNumber_0_70.00W_0.70Torr_3.00NitrogenFlow_2420.00MHz.csv,/home/user/MiniChamberDataAnalysis/TestData/Nafisa_Requested_Data_0.7Torr/LAS_DataFrame_33a310dd_Laser_True_20260922_151050.csv,34299012,2.5370705267126957e-12,1035.1494079813667,41.28372395305293,10.351494079813667,42.56171158584078,8.101287507987894e+16,81012875079.87894,1566162580.6719682,9897174217.218164,10020325479.497414,1.0020325479497414e+16
33a310dd|Scope_TrialNumber_0_70.00W_0.70Torr_5.00NitrogenFlow_2420.00MHz.csv,0.22564272385349948,0.0022999923008770063,0.0022999923008770063,0.001328406144275292,0.5775698221984307,birge,0.002288495678287389,1.6141218696864819,0.01758959906666248,0.01758959906666248,0.007090311286459085,0.40309681076798015,birge,0.011771702390730212,0.01829185730638534,13.136530746180261,3,1.4753238667345083,70,0.7,5.0,2420,0,33a310dd,0.705,69.83333333333333,0.1699673171197628,0.447979448170121,0.0011635037125655,87.36666666666667,0.1699673171197563,17.533333333333335,0.0942809041582076,4.003,76.0,Scope_TrialNumber_0_70.00W_0.70Torr_5.00NitrogenFlow_2420.00MHz.csv,/home/user/MiniChamberDataAnalysis/TestData/Nafisa_Requested_Data_0.7Torr/LAS_DataFrame_33a310dd_Laser_True_20260922_151050.csv,34299012,2.612252590510937e-12,1097.4084373258895,46.731747940738295,10.974084373258895,48.00298733858241,7.609813071119098e+16,76098130711.19098,1593507830.3667023,9296750133.984043,9432328994.430397,9432328994430398.0
33a310dd|Scope_TrialNumber_0_70.00W_0.70Torr_7.00NitrogenFlow_2420.00MHz.csv,0.17704691755533916,0.0029951111345470436,0.002415065339967595,0.002995111134547044,1.2401780957972888,birge,0.0051399206387361205,1.5920778488445724,0.02762462496712058,0.022779005810050313,0.02762462496712058,1.21272303091175,birge,0.04754069706264821,0.02068740850212494,13.575102789503683,3,1.489763375689259,70,0.7,7.0,2420,0,33a310dd,0.7040000000000001,70.03333333333335,0.2054804667656385,0.4256890534094523,0.0012224866721943,85.53333333333335,0.3299831645537264,15.5,0.141421356237309,5.607,74.4,Scope_TrialNumber_0_70.00W_0.70Torr_7.00NitrogenFlow_2420.00MHz.csv,/home/user/MiniChamberDataAnalysis/TestData/Nafisa_Requested_Data_0.7Torr/LAS_DataFrame_33a310dd_Laser_True_20260922_151050.csv,34299012,2.576577124097276e-12,1067.6385606236502,57.6539287965949,10.676385606236503,58.63412585939939,5.970916874273809e+16,59709168742.73808,1595649051.2734294,7294544784.757676,7467026149.121564,7467026149121564.0
33a310dd|Scope_TrialNumber_0_70.00W_0.70Torr_9.00NitrogenFlow_2420.00MHz.csv,0.1384612192672311,0.002065939806304841,0.0018831676142884858,0.002065939806304841,1.0970557217687773,birge,0.0035686209067315256,1.6222259612200691,0.02311654078581849,0.02311654078581849,0.02083580131526916,0.9013373371179948,birge,0.03699990846996435,0.02111898509860152,10.462608338807955,3,1.2779481253271923,70,0.7,9.0,2420,0,33a310dd,0.703,69.96666666666668,0.188561808316422,0.4295789861640212,0.0009938683078572,85.8,0.1414213562373148,15.833333333333334,0.047140452079103,7.205,72.79,Scope_TrialNumber_0_70.00W_0.70Torr_9.00NitrogenFlow_2420.00MHz.csv,/home/user/MiniChamberDataAnalysis/TestData/Nafisa_Requested_Data_0.7Torr/LAS_DataFrame_33a310dd_Laser_True_20260922_151050.csv,34299012,2.6253680401556793e-12,1108.455712726215,56.47996327490669,11.084557127262151,57.55739447058342,4.669612111698152e+16,46696121116.98152,1207470988.451601,5704767859.521037,5831154475.65716,5831154475657160.0
33a310dd|Scope_TrialNumber_0_75.00W_0.70Torr_1.00NitrogenFlow_2420.00MHz.csv,0.3342988278187772,0.006044479376555582,0.003705347501410866,0.006044479376555582,1.6312854257944922,birge,0.010471782030723966,1.5390648981102095,0.026921839631544042,0.01861312406261096,0.026921839631544042,1.4463901675497441,birge,0.046643092146687506,0.019320172550076228,21.864730008820832,3,2.253032967355698,75,0.7,1.0,2420,0,33a310dd,0.708,74.86666666666666,0.0471404520791038,0.5365521541607116,0.0003727220626885,105.13333333333333,0.0471404520791071,30.266666666666666,0.0471404520791038,0.807,79.2,Scope_TrialNumber_0_75.00W_0.70Torr_1.00NitrogenFlow_2420.00MHz.csv,/home/user/MiniChamberDataAnalysis/TestData/Nafisa_Requested_Data_0.7Torr/LAS_DataFrame_33a310dd_Laser_True_20260922_151050.csv,34299012,2.4907823520374894e-12,997.7219290786215,52.006139333908635,9.977219290786216,52.95454119520209,1.1274246056552688e+17,112742460565.52687,2983298522.354557,13773511590.529957,14092895075.460752,1.4092895075460752e+16
33a310dd|Scope_TrialNumber_0_75.00W_0.70Torr_11.00NitrogenFlow_2420.00MHz.csv,0.11786375551519966,0.0017559090870104563,0.0017559090870104563,0.0017450264038409654,0.993802251352307,birge,0.0030413816299531796,1.6660191356139606,0.028787750307473384,0.025955681817661207,0.02878775030747338,1.1091116969959591,birge,0.05071405148517642,0.017913739177192568,9.669612090109581,3,1.2837546804735414,75,0.7,11.0,2420,0,33a310dd,0.701,74.93333333333334,0.1247219128924576,0.4341058755661534,0.0002930774642266,92.33333333333331,0.1247219128924639,17.4,0.0,8.793,71.2,Scope_TrialNumber_0_75.00W_0.70Torr_11.00NitrogenFlow_2420.00MHz.csv,/home/user/MiniChamberDataAnalysis/TestData/Nafisa_Requested_Data_0.7Torr/LAS_DataFrame_33a310dd_Laser_True_20260922_151050.csv,34299012,2.696241767477992e-12,1169.1106641340425,58.19674852594724,11.691106641340426,59.35944333879435,3.9749615321657176e+16,39749615321.65717,926128589.0988299,4856127714.489124,4943651539.396316,4943651539396316.0
33a310dd|Scope_TrialNumber_0_75.00W_0.70Torr_3.00NitrogenFlow_2420.00MHz.csv,0.25473486094687403,0.0033783623991481744,0.0033783623991481744,0.0016868231869703722,0.49930202496798165,birge,0.002912976015801319,1.5678497186412275,0.02258012497229056,0.02258012497229056,0.0072474997411506445,0.32096809694563205,birge,0.012434899930456997,0.014907260664327644,19.948823919433057,3,2.0801909000593897,75,0.7,3.0,2420,0,33a310dd,0.7070000000000001,74.96666666666667,0.1247219128924639,0.5182835939635858,0.0002237751891394,102.5,0.1632993161855475,27.53333333333333,0.0471404520791038,2.402,77.59,Scope_TrialNumber_0_75.00W_0.70Torr_3.00NitrogenFlow_2420.00MHz.csv,/home/user/MiniChamberDataAnalysis/TestData/Nafisa_Requested_Data_0.7Torr/LAS_DataFrame_33a310dd_Laser_True_20260922_151050.csv,34299012,2.5373669522536733e-12,1035.3913111098304,42.92284167411755,10.353913111098304,44.153978915761776,8.590946968721253e+16,85909469687.21252,1714134439.3892732,10495380981.909422,10634438341.150244,1.0634438341150244e+16
33a310dd|Scope_TrialNumber_0_75.00W_0.70Torr_5.00NitrogenFlow_2420.00MHz.csv,0.21315692647514503,0.0034879702866569247,0.002131405453197248,0.0034879702866569247,1.6364649351087757,birge,0.0064905205460601715,1.5857596239867473,0.019980607660308614,0.016950096178477234,0.019980607660308618,1.178790223366369,birge,0.03729553450613787,0.019230220885919254,12.422512396799306,3,1.380509410293105,75,0.7,5.0,2420,0,33a310dd,0.705,75.03333333333335,0.0471404520791071,0.4886202116141693,0.0017178236916626,98.56666666666666,0.1699673171197563,23.53333333333333,0.2054804667656325,4.005,76.01,Scope_TrialNumber_0_75.00W_0.70Torr_5.00NitrogenFlow_2420.00MHz.csv,/home/user/MiniChamberDataAnalysis/TestData/Nafisa_Requested_Data_0.7Torr/LAS_DataFrame_33a310dd_Laser_True_20260922_151050.csv,34299012,2.566351874342442e-12,1059.1814422179195,48.702170456514736,10.591814422179196,49.84062539665107,7.18872887894796e+16,71887288789.4796,1815153307.4647267,8782320346.629242,8967939127.827425,8967939127827425.0
33a310dd|Scope_TrialNumber_0_75.00W_0.70Torr_7.00NitrogenFlow_2420.00MHz.csv,0.182927083409536,0.006358967998169742,0.0023792041946988636,0.006358967998169742,2.6727289790166995,birge,0.01133274125595538,1.605783938577985,0.04615735013835587,0.021900562148706844,0.04615735013835586,2.1075874593968495,birge,0.08313756751896549,0.023200733763671762,13.241502255801754,3,1.4585419632478898,75,0.7,7.0,2420,0,33a310dd,0.7040000000000001,75.03333333333333,0.2494438257849266,0.4311548073285944,0.0012213224558401,92.16666666666669,0.2494438257849279,17.133333333333333,0.094280904158206,5.604,74.41,Scope_TrialNumber_0_75.00W_0.70Torr_7.00NitrogenFlow_2420.00MHz.csv,/home/user/MiniChamberDataAnalysis/TestData/Nafisa_Requested_Data_0.7Torr/LAS_DataFrame_33a310dd_Laser_True_20260922_151050.csv,34299012,2.598758701018006e-12,1086.1001425378251,80.23969435346346,10.861001425378252,80.97141410336926,6.169225785872783e+16,61692257858.72783,2578332137.278028,7536814651.73706,7965636930.262331,7965636930262331.0
33a310dd|Scope_TrialNumber_0_75.00W_0.70Torr_9.00NitrogenFlow_2420.00MHz.csv,0.14672419786352944,0.002175368141540574,0.002175368141540574,0.0018045156704948663,0.8295219719531822,birge,0.003188585966677486,1.6371548174570243,0.025499890095159416,0.025499890095159416,0.01899191562506954,0.744784214919998,birge,0.033516880372511285,0.01505374347261384,11.865085981534113,3,1.3862333456851197,75,0.7,9.0,2420,0,33a310dd,0.703,75.03333333333335,0.0942809041582043,0.4228078587517337,0.0004347001656311,91.36666666666667,0.1247219128924639,16.333333333333332,0.0471404520791021,7.204,72.8,Scope_TrialNumber_0_75.00W_0.70Torr_9.00NitrogenFlow_2420.00MHz.csv,/home/user/MiniChamberDataAnalysis/TestData/Nafisa_Requested_Data_0.7Torr/LAS_DataFrame_33a310dd_Laser_True_20260922_151050.csv,34299012,2.649528510384564e-12,1128.95115466052,48.909453969395564,11.2895115466052,50.195495400935684,4.948281511954611e+16,49482815119.54611,1045519986.1853433,6045212461.76808,6134957681.144108,6134957681144108.0
33a310dd|Scope_TrialNumber_0_80.00W_0.70Torr_1.00NitrogenFlow_2420.00MHz.csv,0.3266604848471125,0.005865970447002335,0.003891870298186213,0.005865970447002335,1.50723688035959,birge,0.010468636313396907,1.532160999652461,0.024841508938598232,0.019958652020083845,0.024841508938598232,1.2446486322623844,birge,0.04420380978735092,0.018969943718806278,23.211521697333964,3,2.278000385391266,80,0.7,1.0,2420,0,33a310dd,0.708,80.0,0.0816496580927679,0.5151516237489328,0.0001931219952734,108.9,0.0816496580927737,28.899999999999995,3.552713678800501e-15,0.804,79.2,Scope_TrialNumber_0_80.00W_0.70Torr_1.00NitrogenFlow_2420.00MHz.csv,/home/user/MiniChamberDataAnalysis/TestData/Nafisa_Requested_Data_0.7Torr/LAS_DataFrame_33a310dd_Laser_True_20260922_151050.csv,34299012,2.4796092634562783e-12,988.7908937410632,49.34977846838779,9.887908937410632,50.33062067999436,1.1016642526535014e+17,110166425265.35014,2877699493.4624763,13458802723.199741,13763012937.459696,1.3763012937459696e+16
33a310dd|Scope_TrialNumber_0_80.00W_0.70Torr_11.00NitrogenFlow_2420.00MHz.csv,0.11956975059665116,0.0017314221344152483,0.0017314221344152483,0.0009993470461385793,0.5771827830282925,birge,0.001751618617447072,1.6143728988311072,0.02457785178542572,0.02457785178542572,0.01359229005212225,0.5530300276357865,birge,0.02407547387690341,0.02186709545253852,9.785273560422615,3,1.2840550733031224,80,0.7,11.0,2420,0,33a310dd,0.701,80.03333333333335,0.2054804667656331,0.424578498158151,0.0004466196596519,97.63333333333333,0.2054804667656331,17.6,0.0,8.798,71.2,Scope_TrialNumber_0_80.00W_0.70Torr_11.00NitrogenFlow_2420.00MHz.csv,/home/user/MiniChamberDataAnalysis/TestData/Nafisa_Requested_Data_0.7Torr/LAS_DataFrame_33a310dd_Laser_True_20260922_151050.csv,34299012,2.6126588495088826e-12,1097.7498030282195,58.49892477448713,10.977498030282195,59.51999380692133,4.032496308596281e+16,40324963085.96281,1057600780.7786918,4926416752.536536,5038660678.312872,5038660678312872.0
33a310dd|Scope_TrialNumber_0_80.00W_0.70Torr_3.00NitrogenFlow_2420.00MHz.csv,0.27943075899279757,0.0031300376279384903,0.0031300376279384903,0.002738641881960303,0.8749549390446245,birge,0.004859547208217406,1.5641197842797872,0.01901604110694714,0.01901604110694714,0.012173974919623565,0.6401950254081036,birge,0.021522657178158336,0.019393222209634423,18.59150867577777,3,1.9285513309902695,80,0.7,3.0,2420,0,33a310dd,0.7070000000000001,80.50000000000001,0.2943920288775958,0.4499255705288225,0.0016479390599473,100.93333333333334,0.5557777333511014,20.433333333333334,0.2624669291337274,2.401,77.6,Scope_TrialNumber_0_80.00W_0.70Torr_3.00NitrogenFlow_2420.00MHz.csv,/home/user/MiniChamberDataAnalysis/TestData/Nafisa_Requested_Data_0.7Torr/LAS_DataFrame_33a310dd_Laser_True_20260922_151050.csv,34299012,2.531330524099707e-12,1030.4707529990242,47.17286826880795,10.304707529990242,48.28526170566901,9.423817466574795e+16,94238174665.74796,2110535798.0397623,11512881522.349451,11704734183.33209,1.170473418333209e+16
33a310dd|Scope_TrialNumber_0_80.00W_0.70Torr_5.00NitrogenFlow_2420.00MHz.csv,0.20279128081009734,0.003808886263875928,0.0023891289905929865,0.003808886263875928,1.5942572706928457,birge,0.0070407750186544955,1.5871694745014948,0.0242189691170349,0.020047965968862488,0.0242189691170349,1.2080511885669902,birge,0.045200116930010956,0.015825968285292633,13.93073574664183,3,1.5218551783301442,80,0.7,5.0,2420,0,33a310dd,0.705,79.8,0.1414213562373115,0.5136496215415164,0.0011415240236845,108.4,0.1414213562373081,28.6,0.1414213562373098,3.998,76.01,Scope_TrialNumber_0_80.00W_0.70Torr_5.00NitrogenFlow_2420.00MHz.csv,/home/user/MiniChamberDataAnalysis/TestData/Nafisa_Requested_Data_0.7Torr/LAS_DataFrame_33a310dd_Laser_True_20260922_151050.csv,34299012,2.5686335395181314e-12,1061.0656512709304,46.653360689226886,10.610656512709305,47.84477082430013,6.839146918026042e+16,68391469180.260414,1679753502.487343,8355243345.963664,8522421205.232031,8522421205232031.0
33a310dd|Scope_TrialNumber_0_80.00W_0.70Torr_7.00NitrogenFlow_2420.00MHz.csv,0.18567811389577527,0.004884551152146306,0.002458848609551865,0.004884551152146306,1.9865196796465376,birge,0.008612071464803413,1.6170399375463942,0.03842278561478495,0.022446121678702986,0.03842278561478495,1.7117783715500714,birge,0.06721514050104196,0.02179804589244472,13.446079849113401,3,1.5026236625700082,80,0.7,7.0,2420,0,33a310dd,0.7040000000000001,79.93333333333334,0.0471404520791038,0.4410102278964409,0.0007586365131705,99.23333333333332,0.0942809041582076,19.3,0.0816496580927723,5.598,74.41,Scope_TrialNumber_0_80.00W_0.70Torr_7.00NitrogenFlow_2420.00MHz.csv,/home/user/MiniChamberDataAnalysis/TestData/Nafisa_Requested_Data_0.7Torr/LAS_DataFrame_33a310dd_Laser_True_20260922_151050.csv,34299012,2.616975115166292e-12,1101.3798932342766,71.02828672298367,11.013798932342766,71.87712627619757,6.262004437874976e+16,62620044378.749756,2139360948.8879974,7650160398.521008,7943665362.584583,7943665362584583.0
33a310dd|Scope_TrialNumber_0_80.00W_0.70Torr_9.00NitrogenFlow_2420.00MHz.csv,0.15004242209139046,0.002079865155581903,0.002079865155581903,0.0015840765731073782,0.7616246509328084,birge,0.002854091642642778,1.6125494841900263,0.023477461675590814,0.023477461675590814,0.013378032684063904,0.5698244924822029,birge,0.024240278420816237,0.028046124626943288,11.5772759015353,3,1.3689092278917587,80,0.7,9.0,2420,0,33a310dd,0.703,79.93333333333334,0.1885618083164053,0.4244654607830003,0.000441614446084,97.5,0.2160246899469273,17.566666666666666,0.0471404520791038,7.209,72.79,Scope_TrialNumber_0_80.00W_0.70Torr_9.00NitrogenFlow_2420.00MHz.csv,/home/user/MiniChamberDataAnalysis/TestData/Nafisa_Requested_Data_0.7Torr/LAS_DataFrame_33a310dd_Laser_True_20260922_151050.csv,34299012,2.6097078829745746e-12,1095.2714132545989,69.22101381180569,10.952714132545989,70.08217105657805,5.060188803582926e+16,50601888035.82926,1583067689.1245446,6181927269.177446,6381404866.465522,6381404866465522.0
33a310dd|Scope_TrialNumber_0_85.00W_0.70Torr_1.00NitrogenFlow_2420.00MHz.csv,0.3234359310075371,0.003738267035290218,0.003738267035290218,0.0025323291423894937,0.6774072366911311,birge,0.004323309613510183,1.5743408591841355,0.01985583342816946,0.01985583342816946,0.012958362822968843,0.6526224582738904,birge,0.022118334682509143,0.021023472596884148,21.598377977148917,3,2.2459018697150532,85,0.7,1.0,2420,0,33a310dd,0.708,85.06666666666668,0.1247219128924626,0.5389990093521607,0.0003435734312485,119.9,0.1414213562373081,34.83333333333333,0.0471404520791038,0.802,79.2,Scope_TrialNumber_0_85.00W_0.70Torr_1.00NitrogenFlow_2420.00MHz.csv,/home/user/MiniChamberDataAnalysis/TestData/Nafisa_Requested_Data_0.7Torr/LAS_DataFrame_33a310dd_Laser_True_20260922_151050.csv,34299012,2.5478720442278474e-12,1043.9824192491137,51.18933963531796,10.439824192491137,52.24307055935799,1.0907894273819982e+17,109078942738.19981,2616924948.264862,13325947247.835176,13580470030.044504,1.3580470030044504e+16
33a310dd|Scope_TrialNumber_0_85.00W_0.70Torr_11.00NitrogenFlow_2420.00MHz.csv,0.1288670545673868,0.002000225725589852,0.0018039407141742455,0.002000225725589852,1.1088090145498246,birge,0.0034330334839716794,1.661306503783239,0.024348564589196237,0.024348564589196237,0.01623540139882283,0.6667909042172728,birge,0.02830869252855831,0.02056006872098174,10.011119274371408,3,1.3118133810200217,85,0.7,11.0,2420,0,33a310dd,0.7019999999999998,85.1,0.0816496580927679,0.4222639428126087,0.0005931080038811,103.56666666666666,0.0471404520791004,18.466666666666665,0.0471404520791038,8.797,71.2,Scope_TrialNumber_0_85.00W_0.70Torr_11.00NitrogenFlow_2420.00MHz.csv,/home/user/MiniChamberDataAnalysis/TestData/Nafisa_Requested_Data_0.7Torr/LAS_DataFrame_33a310dd_Laser_True_20260922_151050.csv,34299012,2.6886149674580417e-12,1162.5059432323385,58.70472305125285,11.625059432323384,59.84468660899937,4.346048388071297e+16,43460483880.71297,1119592322.6340976,5309476797.458461,5426235419.851499,5426235419851499.0
33a310dd|Scope_TrialNumber_0_85.00W_0.70Torr_3.00NitrogenFlow_2420.00MHz.csv,0.28147074953663037,0.003319894395580145,0.003319894395580145,0.0019830071272675144,0.5973103029745583,birge,0.0033438108968466616,1.5880825234969198,0.020299048100891545,0.020299048100891545,0.012236205189559504,0.602796994654251,birge,0.020879481692469604,0.016234890983098195,19.38165169257247,3,2.00489607121099,85,0.7,3.0,2420,0,33a310dd,0.7070000000000001,84.86666666666667,0.1885618083164086,0.47180071899351,0.0004078407923428,109.16666666666669,0.1885618083164086,24.3,0.0,2.404,77.61,Scope_TrialNumber_0_85.00W_0.70Torr_3.00NitrogenFlow_2420.00MHz.csv,/home/user/MiniChamberDataAnalysis/TestData/Nafisa_Requested_Data_0.7Torr/LAS_DataFrame_33a310dd_Laser_True_20260922_151050.csv,34299012,2.5701111941168057e-12,1062.2867982298912,43.899781162970385,10.622867982298912,45.16675890880417,9.492616258046117e+16,94926162580.46117,1904894589.8624415,11596931572.968485,11752337865.573832,1.1752337865573832e+16
33a310dd|Scope_TrialNumber_0_85.00W_0.70Torr_5.00NitrogenFlow_2420.00MHz.csv,0.20220784111154644,0.0023107448044840584,0.0023107448044840584,0.0018993537388518591,0.8219660324091675,birge,0.00324514271364057,1.586041139318478,0.019417026303632484,0.019417026303632484,0.0142829810883704,0.7355905515613572,birge,0.02458515113075825,0.015291161961347582,13.186133659798232,3,1.4773678113828899,85,0.7,5.0,2420,0,33a310dd,0.705,84.96666666666667,0.188561808316412,0.5198595536600298,0.0009294449429141,116.43333333333334,0.2054804667656324,31.46666666666667,0.1247219128924649,3.991,75.99,Scope_TrialNumber_0_85.00W_0.70Torr_5.00NitrogenFlow_2420.00MHz.csv,/home/user/MiniChamberDataAnalysis/TestData/Nafisa_Requested_Data_0.7Torr/LAS_DataFrame_33a310dd_Laser_True_20260922_151050.csv,34299012,2.566807471387741e-12,1059.5575424511508,41.50962792432529,10.595575424511507,42.84058156692598,6.819470382623443e+16,68194703826.23443,1301802873.0941176,8331204932.47954,8432298995.372941,8432298995372941.0
33a310dd|Scope_TrialNumber_0_85.00W_0.70Torr_7.00NitrogenFlow_2420.00MHz.csv,0.1886413765238518,0.003115261370558919,0.0023505939516645295,0.003115261370558919,1.325308170878643,birge,0.005410431318143881,1.6012212797137888,0.024743134515742823,0.02091407901757643,0.02474313451574282,1.1830850641306467,birge,0.043019499288882546,0.01916532545332757,12.919436800458891,3,1.4472651921088489,85,0.7,7.0,2420,0,33a310dd,0.7040000000000001,84.89999999999999,0.1414213562373081,0.4598425760801247,0.0006773428206773,107.66666666666669,0.0942809041582076,22.766666666666666,0.0471404520791038,5.592,74.41,Scope_TrialNumber_0_85.00W_0.70Torr_7.00NitrogenFlow_2420.00MHz.csv,/home/user/MiniChamberDataAnalysis/TestData/Nafisa_Requested_Data_0.7Torr/LAS_DataFrame_33a310dd_Laser_True_20260922_151050.csv,34299012,2.5913746133221185e-12,1079.9368424040902,53.17390239923281,10.799368424040901,54.25947156691915,6.361940630344165e+16,63619406303.44164,1609493644.436624,7772250363.418287,7937149709.003704,7937149709003704.0
33a310dd|Scope_TrialNumber_0_85.00W_0.70Torr_9.00NitrogenFlow_2420.00MHz.csv,0.1544809406938746,0.003605052097769703,0.002183601922146038,0.003605052097769703,1.6509658015993443,birge,0.006207197240290779,1.6387624658442046,0.03226763714134616,0.02424696164532414,0.03226763714134616,1.3307909507733622,birge,0.055706702243705435,0.02599347487764784,11.903698462375203,3,1.4141357376887154,85,0.7,9.0,2420,0,33a310dd,0.703,84.86666666666666,0.0942809041582076,0.4322515229199437,0.0001951464026372,104.36666666666667,0.0942809041582076,19.5,0.0,7.204,72.8,Scope_TrialNumber_0_85.00W_0.70Torr_9.00NitrogenFlow_2420.00MHz.csv,/home/user/MiniChamberDataAnalysis/TestData/Nafisa_Requested_Data_0.7Torr/LAS_DataFrame_33a310dd_Laser_True_20260922_151050.csv,34299012,2.6521302864604053e-12,1131.1694514354003,73.77329154363454,11.311694514354004,74.6354672924888,5.209878083612708e+16,52098780836.127075,1819922552.7498655,6364799544.904476,6619878499.249349,6619878499249349.0
33a310dd|Scope_TrialNumber_0_90.00W_0.70Torr_1.00NitrogenFlow_2420.00MHz.csv,0.304185572371365,0.0037323054534241923,0.0037323054534241923,0.0012626339614464264,0.33829866745982073,birge,0.002407017269333819,1.5009651271290012,0.02016349449607711,0.02016349449607711,0.0005777607564901381,0.028653800887665764,birge,0.001109921991600037,0.022004028402470045,22.9307027922475,3,2.2232232573458655,90,0.7,1.0,2420,0,33a310dd,0.708,90.0,0.1414213562373014,0.5614644499729522,8.327370293360114e-05,131.43333333333334,0.1885618083164019,41.43333333333333,0.0471404520791038,0.806,79.2,Scope_TrialNumber_0_90.00W_0.70Torr_1.00NitrogenFlow_2420.00MHz.csv,/home/user/MiniChamberDataAnalysis/TestData/Nafisa_Requested_Data_0.7Torr/LAS_DataFrame_33a310dd_Laser_True_20260922_151050.csv,34299012,2.429122679795476e-12,948.9358529173237,48.928339547500535,9.489358529173238,49.84004751372833,1.0258674887209566e+17,102586748872.09566,2584546880.475172,12532809444.96825,12796530590.799185,1.2796530590799184e+16
33a310dd|Scope_TrialNumber_0_90.00W_0.70Torr_11.00NitrogenFlow_2420.00MHz.csv,0.12787397669707906,0.0019370146518918941,0.0019370146518918941,0.00045097022502884715,0.23281714704036016,birge,0.0007763422958629117,1.6196096029610092,0.025816853224036984,0.025816853224036984,0.010887223951302281,0.421709952674079,birge,0.0185361054917308,0.02622628423935425,10.802666496215037,3,1.3121849771674745,90,0.7,11.0,2420,0,33a310dd,0.701,89.96666666666665,0.1247219128924576,0.4255923118505615,0.0002416473944076,109.86666666666667,0.1247219128924639,19.9,0.0,8.801,71.19,Scope_TrialNumber_0_90.00W_0.70Torr_11.00NitrogenFlow_2420.00MHz.csv,/home/user/MiniChamberDataAnalysis/TestData/Nafisa_Requested_Data_0.7Torr/LAS_DataFrame_33a310dd_Laser_True_20260922_151050.csv,34299012,2.6211337944222633e-12,1104.883117237424,67.81883891760933,11.04883117237424,68.71296516966991,4.312556783161344e+16,43125567831.61344,1306124636.1324422,5268560801.293505,5428047022.828612,5428047022828612.0
33a310dd|Scope_TrialNumber_0_90.00W_0.70Torr_3.00NitrogenFlow_2420.00MHz.csv,0.28035791957455736,0.00861564038996018,0.0036588667769893355,0.00861564038996018,2.354729186682626,birge,0.015050021490043749,1.5948628959082725,0.04488701735963779,0.022573222562060166,0.04488701735963779,1.9885072783130853,birge,0.07817628582882587,0.01959655119973929,21.19978495830569,3,2.202064972717316,90,0.7,3.0,2420,0,33a310dd,0.706,89.90000000000002,0.2449489742783212,0.4904041105803167,0.0005942328465643,118.36666666666667,0.2494438257849329,28.46666666666667,0.0471404520791038,2.387,77.58,Scope_TrialNumber_0_90.00W_0.70Torr_3.00NitrogenFlow_2420.00MHz.csv,/home/user/MiniChamberDataAnalysis/TestData/Nafisa_Requested_Data_0.7Torr/LAS_DataFrame_33a310dd_Laser_True_20260922_151050.csv,34299012,2.581084371377346e-12,1071.3771018879643,73.48590355545333,10.713771018879642,74.26279627650965,9.45508600736179e+16,94550860073.6179,3446130033.0840416,11551081647.376732,12054181823.304615,1.2054181823304616e+16
33a310dd|Scope_TrialNumber_0_90.00W_0.70Torr_5.00NitrogenFlow_2420.00MHz.csv,0.20999750905581854,0.0036673356555904967,0.0028591237737086365,0.0036673356555904967,1.2826781720028544,birge,0.006248777855565924,1.6064541162096473,0.029449487763576376,0.023387267556602996,0.029449487763576376,1.2592102815047248,birge,0.05050659662617319,0.01640570271905239,16.135614999739808,3,1.6978139241008894,90,0.7,5.0,2420,0,33a310dd,0.705,90.03333333333335,0.0471404520791004,0.5246793930203468,9.952501422370924e-05,124.23333333333332,0.0471404520791004,34.2,0.0,3.996,75.99,Scope_TrialNumber_0_90.00W_0.70Torr_5.00NitrogenFlow_2420.00MHz.csv,/home/user/MiniChamberDataAnalysis/TestData/Nafisa_Requested_Data_0.7Torr/LAS_DataFrame_33a310dd_Laser_True_20260922_151050.csv,34299012,2.599843298957783e-12,1087.00690451867,53.48288900221134,10.8700690451867,54.576348513527215,7.082177355530249e+16,70821773555.30249,1696958649.7793825,8652148569.694366,8816991750.655397,8816991750655397.0
33a310dd|Scope_TrialNumber_0_90.00W_0.70Torr_7.00NitrogenFlow_2420.00MHz.csv,0.1733144306788096,0.0023902822157045576,0.0023902822157045576,0.0019067330897194798,0.7977020776843511,birge,0.003323150252259197,1.5647467015117273,0.022728995660266815,0.022728995660266815,0.017594081472611826,0.7740809024557352,birge,0.03088072515507331,0.02389182343510454,13.584503147726066,3,1.5043462973313928,90,0.7,7.0,2420,0,33a310dd,0.7040000000000001,90.09999999999998,0.0816496580927679,0.4925899312838983,0.0001794920834065,118.96666666666664,0.1247219128924639,28.866666666666664,0.0471404520791021,5.59,74.41,Scope_TrialNumber_0_90.00W_0.70Torr_7.00NitrogenFlow_2420.00MHz.csv,/home/user/MiniChamberDataAnalysis/TestData/Nafisa_Requested_Data_0.7Torr/LAS_DataFrame_33a310dd_Laser_True_20260922_151050.csv,34299012,2.5323451105407482e-12,1031.296967646603,57.67207179985005,10.31296967646603,58.586903052088076,5.845038552404071e+16,58450385524.04071,1612454593.4516623,7140761860.686972,7320552558.8568125,7320552558856812.0
33a310dd|Scope_TrialNumber_0_90.00W_0.70Torr_9.00NitrogenFlow_2420.00MHz.csv,0.1531557152660771,0.0025977725642677358,0.0021923129719817096,0.0025977725642677358,1.184946035291447,birge,0.004473987458367823,1.6223462004940192,0.02603021692278814,0.024406786906464552,0.02603021692278814,1.066515515645101,birge,0.04512851294108378,0.021475483090320324,12.067404197640137,3,1.396573123076484,90,0.7,9.0,2420,0,33a310dd,0.703,90.03333333333335,0.1699673171197563,0.4417824597622807,0.0004500640505589,111.86666666666667,0.2624669291337253,21.83333333333333,0.094280904158206,7.2,72.79,Scope_TrialNumber_0_90.00W_0.70Torr_9.00NitrogenFlow_2420.00MHz.csv,/home/user/MiniChamberDataAnalysis/TestData/Nafisa_Requested_Data_0.7Torr/LAS_DataFrame_33a310dd_Laser_True_20260922_151050.csv,34299012,2.625562632249843e-12,1108.6200361344688,59.438243798578206,11.08620036134469,60.46328360510285,5.16518478435445e+16,51651847843.544495,1413500458.1008277,6310198672.05987,6466574891.387047,6466574891387047.0
33a310dd|Scope_TrialNumber_0_95.00W_0.70Torr_1.00NitrogenFlow_2420.00MHz.csv,0.31072085185360676,0.004124091679801179,0.004124091679801179,0.0022080427464626832,0.535400984725231,birge,0.0038359698471764577,1.551376384817223,0.022525163458976934,0.022525163458976934,0.008758644723506995,0.38883823149422786,birge,0.014964878668284394,0.01785791389698899,24.484162531213936,3,2.5225816705292003,95,0.7,1.0,2420,0,33a310dd,0.708,94.96666666666668,0.1247219128924626,0.5816910867088168,0.0005224342783363,143.53333333333333,0.1885618083164153,48.56666666666666,0.1247219128924664,0.806,79.2,Scope_TrialNumber_0_95.00W_0.70Torr_1.00NitrogenFlow_2420.00MHz.csv,/home/user/MiniChamberDataAnalysis/TestData/Nafisa_Requested_Data_0.7Torr/LAS_DataFrame_33a310dd_Laser_True_20260922_151050.csv,34299012,2.5107069399186286e-12,1013.7479848001199,46.66413601757371,10.137479848001199,47.7525924734485,1.0479077541361483e+17,104790775413.61482,2331608990.1948366,12802070777.062435,13012663703.64167,1.301266370364167e+16
33a310dd|Scope_TrialNumber_0_95.00W_0.70Torr_11.00NitrogenFlow_2420.00MHz.csv,0.13513517789043408,0.0023591720284357317,0.0019424409541856594,0.0023591720284357317,1.2145398928868758,birge,0.004169505440348039,1.6820097586952443,0.0252717134686159,0.0252717134686159,0.023146706925928857,0.9159136342169272,birge,0.04120831913626667,0.019461571168772913,10.585987644765888,3,1.3127685290913313,95,0.7,11.0,2420,0,33a310dd,0.701,95.0,0.2160246899469273,0.4322917391098892,0.0006342123881142,116.83333333333331,0.2054804667656324,21.83333333333333,0.0471404520791021,8.793,71.21,Scope_TrialNumber_0_95.00W_0.70Torr_11.00NitrogenFlow_2420.00MHz.csv,/home/user/MiniChamberDataAnalysis/TestData/Nafisa_Requested_Data_0.7Torr/LAS_DataFrame_33a310dd_Laser_True_20260922_151050.csv,34299012,2.7221205733801013e-12,1191.660855682429,58.597479318584796,11.91660855682429,59.79690746174547,4.557441186298998e+16,45574411862.98998,1191515861.1138687,5567730976.224725,5693798228.853764,5693798228853764.0
33a310dd|Scope_TrialNumber_0_95.00W_0.70Torr_3.00NitrogenFlow_2420.00MHz.csv,0.2882033692389586,0.004119013226886928,0.003607141077654164,0.004119013226886928,1.1419052202875444,birge,0.007289428649710234,1.6086365553205226,0.022445123378981136,0.021809498502063186,0.022445123378981136,1.0291444059045107,birge,0.04016188357526274,0.019698737600414896,20.930205959101915,3,2.1934811740507154,95,0.7,3.0,2420,0,33a310dd,0.7070000000000001,95.06666666666666,0.0471404520791004,0.5108309859505556,0.0003223855987623,128.63333333333333,0.0471404520791004,33.56666666666667,0.0471404520791038,2.402,77.62,Scope_TrialNumber_0_95.00W_0.70Torr_3.00NitrogenFlow_2420.00MHz.csv,/home/user/MiniChamberDataAnalysis/TestData/Nafisa_Requested_Data_0.7Torr/LAS_DataFrame_33a310dd_Laser_True_20260922_151050.csv,34299012,2.603375301297931e-12,1089.9624048513867,52.62264922233089,10.899624048513868,53.73960379064423,9.719674221798211e+16,97196742217.9821,2365503108.1078563,11874323558.186329,12107649025.263607,1.2107649025263608e+16
33a310dd|Scope_TrialNumber_0_95.00W_0.70Torr_5.00NitrogenFlow_2420.00MHz.csv,0.21421819622178098,0.003478882227999808,0.002722935829052166,0.003478882227999808,1.2776218193914548,birge,0.006239716189584408,1.5437309398210153,0.022030634973547458,0.021110011073041578,0.022030634973547455,1.0436107729797242,birge,0.03962775773816378,0.02290879793738584,15.984345398894034,3,1.6463212742003797,95,0.7,5.0,2420,0,33a310dd,0.706,95.10000000000002,0.1414213562373148,0.5219001191357636,0.0002825180746245,130.70000000000002,0.1414213562373148,35.6,0.0,4.002,75.99,Scope_TrialNumber_0_95.00W_0.70Torr_5.00NitrogenFlow_2420.00MHz.csv,/home/user/MiniChamberDataAnalysis/TestData/Nafisa_Requested_Data_0.7Torr/LAS_DataFrame_33a310dd_Laser_True_20260922_151050.csv,34299012,2.498333751826684e-12,1003.7807627740638,54.184654662356685,10.037807627740637,55.1065729550512,7.224520258576832e+16,72245202585.76831,2028723754.2502396,8826045929.669252,9056202671.301607,9056202671301608.0
33a310dd|Scope_TrialNumber_0_95.00W_0.70Torr_7.00NitrogenFlow_2420.00MHz.csv,0.17356323553327116,0.003396552209721857,0.0024374311158838462,0.003396552209721857,1.3934966972349576,birge,0.005944299667886735,1.6128696505896112,0.028503497268859965,0.023736418073884446,0.02850349726885996,1.2008339750394104,birge,0.04993038919003447,0.01623059813597083,13.52304240823325,3,1.5185306825655431,95,0.7,7.0,2420,0,33a310dd,0.7040000000000001,95.03333333333336,0.0471404520791038,0.5095808817470525,0.0003237213627772,128.36666666666667,0.0471404520791004,33.333333333333336,0.0471404520791038,5.603,74.4,Scope_TrialNumber_0_95.00W_0.70Torr_7.00NitrogenFlow_2420.00MHz.csv,/home/user/MiniChamberDataAnalysis/TestData/Nafisa_Requested_Data_0.7Torr/LAS_DataFrame_33a310dd_Laser_True_20260922_151050.csv,34299012,2.6102260318965473e-12,1095.706381508891,52.58253033584415,10.95706381508891,53.712007446826085,5.853429509583213e+16,58534295095.83212,1488198169.7932706,7151012918.308281,7304226143.157669,7304226143157669.0
33a310dd|Scope_TrialNumber_0_95.00W_0.70Torr_9.00NitrogenFlow_2420.00MHz.csv,0.1566739326225562,0.004447309042385004,0.0022557258676537337,0.004447309042385004,1.9715644999943276,birge,0.007891892905571452,1.6179307644300405,0.03836131023337079,0.02442585239522286,0.03836131023337079,1.5705208404875726,birge,0.06877639323674169,0.021805753724349373,12.591151622637897,3,1.4590457002283805,95,0.7,9.0,2420,0,33a310dd,0.703,94.86666666666667,0.2054804667656385,0.4593244811478674,0.0006927492247176,120.23333333333332,0.1699673171197609,25.366666666666664,0.0471404520791021,7.196,72.81,Scope_TrialNumber_0_95.00W_0.70Torr_9.00NitrogenFlow_2420.00MHz.csv,/home/user/MiniChamberDataAnalysis/TestData/Nafisa_Requested_Data_0.7Torr/LAS_DataFrame_33a310dd_Laser_True_20260922_151050.csv,34299012,2.6184168060808408e-12,1102.5937272896683,71.03511002459476,11.025937272896684,71.88572980051141,5.283836855066711e+16,52838368550.66711,1891320162.3761964,6455153435.597771,6726521971.548181,6726521971548181.0
